ISO-10303-21;
HEADER;
FILE_DESCRIPTION (( 'STEP AP214' ),
    '1' );
FILE_NAME ('Back, Bottom Mesh Piece.STEP',
    '2026-03-03T06:31:23',
    ( '' ),
    ( '' ),
    'SwSTEP 2.0',
    'SolidWorks 2025',
    '' );
FILE_SCHEMA (( 'AUTOMOTIVE_DESIGN' ));
ENDSEC;

DATA;
#1 = DIRECTION ( 'NONE',  ( 0.000000000000000000, 1.000000000000000000, -0.000000000000000000 ) ) ;
#2 = EDGE_CURVE ( 'NONE', #4772, #2191, #909, .T. ) ;
#3 = CARTESIAN_POINT ( 'NONE',  ( -6.270892268051830420, -3.000000000000000000, -15.28057537724613901 ) ) ;
#4 = EDGE_CURVE ( 'NONE', #4452, #728, #25, .T. ) ;
#5 = EDGE_CURVE ( 'NONE', #3212, #3416, #3033, .T. ) ;
#6 = ORIENTED_EDGE ( 'NONE', *, *, #185, .F. ) ;
#7 = CARTESIAN_POINT ( 'NONE',  ( -0.3983431104218729812, -2.500000000000000000, -0.3342495570370107028 ) ) ;
#8 = CARTESIAN_POINT ( 'NONE',  ( 11.60809380826084514, -2.500000000000000000, -28.91069513294267423 ) ) ;
#9 = CARTESIAN_POINT ( 'NONE',  ( 30.48720104788194618, -3.000000000000000000, 6.411451255148618245 ) ) ;
#10 = VERTEX_POINT ( 'NONE', #248 ) ;
#11 = VECTOR ( 'NONE', #2064, 1000.000000000000114 ) ;
#12 = FACE_OUTER_BOUND ( 'NONE', #3826, .T. ) ;
#13 = B_SPLINE_CURVE_WITH_KNOTS ( 'NONE', 3,
 ( #4480, #1175, #1556, #4141, #2644, #1951, #3422, #2313 ),
 .UNSPECIFIED., .F., .F.,
 ( 4, 2, 2, 4 ),
 ( 0.000000000000000000, 0.0002402254661766081917, 0.0004804509323532163835, 0.0009609018647064361280 ),
 .UNSPECIFIED. ) ;
#14 = ORIENTED_EDGE ( 'NONE', *, *, #2090, .T. ) ;
#15 = ORIENTED_EDGE ( 'NONE', *, *, #3754, .T. ) ;
#17 = LINE ( 'NONE', #1875, #2612 ) ;
#16 = DIRECTION ( 'NONE',  ( -0.08715574274706019975, 0.000000000000000000, 0.9961946980917978367 ) ) ;
#18 = PLANE ( 'NONE',  #3607 ) ;
#19 = PLANE ( 'NONE',  #4002 ) ;
#20 = ORIENTED_EDGE ( 'NONE', *, *, #3057, .F. ) ;
#22 = ORIENTED_EDGE ( 'NONE', *, *, #4157, .F. ) ;
#21 = CARTESIAN_POINT ( 'NONE',  ( 19.12613749183848810, -2.500000000000000000, 25.73369080688133081 ) ) ;
#23 = FACE_OUTER_BOUND ( 'NONE', #2737, .T. ) ;
#24 = CARTESIAN_POINT ( 'NONE',  ( -24.80391930942172607, -2.500000000000000000, 3.337865057442499950 ) ) ;
#25 =( BOUNDED_CURVE ( )  B_SPLINE_CURVE ( 3, ( #4339, #1397, #3517, #2871 ),
 .UNSPECIFIED., .F., .T. ) 
 B_SPLINE_CURVE_WITH_KNOTS ( ( 4, 4 ),
 ( 3.100826193555326515, 3.182359113624150915 ),
 .UNSPECIFIED. ) 
 CURVE ( )  GEOMETRIC_REPRESENTATION_ITEM ( )  RATIONAL_B_SPLINE_CURVE ( ( 1.000000000000000000, 0.9994461086279982087, 0.9994461086279982087, 1.000000000000000000 ) ) 
 REPRESENTATION_ITEM ( '' )  );
#26 = PLANE ( 'NONE',  #827 ) ;
#27 = VERTEX_POINT ( 'NONE', #3206 ) ;
#28 = EDGE_CURVE ( 'NONE', #2099, #961, #4671, .T. ) ;
#29 = EDGE_CURVE ( 'NONE', #2158, #961, #3367, .T. ) ;
#30 = ORIENTED_EDGE ( 'NONE', *, *, #4569, .F. ) ;
#31 = VECTOR ( 'NONE', #4313, 1000.000000000000000 ) ;
#32 = CYLINDRICAL_SURFACE ( 'NONE', #4526, 23.52999999999999758 ) ;
#33 = VECTOR ( 'NONE', #2263, 1000.000000000000227 ) ;
#34 = CARTESIAN_POINT ( 'NONE',  ( -9.691120861856122204, -2.500000000000000000, -29.60841622532391781 ) ) ;
#35 = EDGE_CURVE ( 'NONE', #1633, #4506, #2621, .T. ) ;
#36 =( BOUNDED_CURVE ( )  B_SPLINE_CURVE ( 3, ( #4199, #4609, #4177, #4221 ),
 .UNSPECIFIED., .F., .T. ) 
 B_SPLINE_CURVE_WITH_KNOTS ( ( 4, 4 ),
 ( 4.712388980384689674, 6.283185307179586232 ),
 .UNSPECIFIED. ) 
 CURVE ( )  GEOMETRIC_REPRESENTATION_ITEM ( )  RATIONAL_B_SPLINE_CURVE ( ( 1.000000000000000000, 0.8047378541243649375, 0.8047378541243649375, 1.000000000000000000 ) ) 
 REPRESENTATION_ITEM ( '' )  );
#37 = FACE_OUTER_BOUND ( 'NONE', #3241, .T. ) ;
#38 = ORIENTED_EDGE ( 'NONE', *, *, #3506, .F. ) ;
#39 = CARTESIAN_POINT ( 'NONE',  ( -7.594310774156573629, -2.500000000000000000, -23.84747785648472274 ) ) ;
#40 = B_SPLINE_CURVE_WITH_KNOTS ( 'NONE', 3,
 ( #1842, #4065, #2544, #1816, #3223, #2519, #3994, #2162 ),
 .UNSPECIFIED., .F., .F.,
 ( 4, 2, 2, 4 ),
 ( 0.000000000000000000, 0.0002402254661766081104, 0.0004804509323532162209, 0.0009609018647064317912 ),
 .UNSPECIFIED. ) ;
#41 = VECTOR ( 'NONE', #2019, 1000.000000000000000 ) ;
#42 = VECTOR ( 'NONE', #640, 999.9999999999998863 ) ;
#43 = VECTOR ( 'NONE', #2883, 1000.000000000000000 ) ;
#44 = ORIENTED_EDGE ( 'NONE', *, *, #1946, .T. ) ;
#46 = FACE_OUTER_BOUND ( 'NONE', #1676, .T. ) ;
#45 = CARTESIAN_POINT ( 'NONE',  ( -24.36764470067013733, -3.000000000000000444, 3.654496544138004399 ) ) ;
#47 = CARTESIAN_POINT ( 'NONE',  ( -0.4886401628094285132, -2.500000000000000000, -0.1778504745296228262 ) ) ;
#48 = VECTOR ( 'NONE', #923, 999.9999999999998863 ) ;
#49 = VECTOR ( 'NONE', #326, 1000.000000000000227 ) ;
#50 = AXIS2_PLACEMENT_3D ( 'NONE', #709, #4076, #2529 ) ;
#51 = CARTESIAN_POINT ( 'NONE',  ( 20.86842270412794775, 3.265000000000000124, -10.87059491664726174 ) ) ;
#52 = ORIENTED_EDGE ( 'NONE', *, *, #1083, .F. ) ;
#54 = ORIENTED_EDGE ( 'NONE', *, *, #1673, .T. ) ;
#53 = DIRECTION ( 'NONE',  ( -0.000000000000000000, 1.000000000000000000, -0.000000000000000000 ) ) ;
#55 = CARTESIAN_POINT ( 'NONE',  ( -9.691120861856122204, -2.500000000000000000, -29.60841622532391781 ) ) ;
#56 = DIRECTION ( 'NONE',  ( 0.4226182617402020059, 0.000000000000000000, -0.9063077870368820843 ) ) ;
#57 = DIRECTION ( 'NONE',  ( -0.6427876096865400291, -0.000000000000000000, -0.7660444431189773473 ) ) ;
#58 = VERTEX_POINT ( 'NONE', #1485 ) ;
#59 = VERTEX_POINT ( 'NONE', #1464 ) ;
#60 = CYLINDRICAL_SURFACE ( 'NONE', #1447, 0.5000000000000002220 ) ;
#61 =( BOUNDED_CURVE ( )  B_SPLINE_CURVE ( 3, ( #1636, #542, #3187, #3868 ),
 .UNSPECIFIED., .F., .T. ) 
 B_SPLINE_CURVE_WITH_KNOTS ( ( 4, 4 ),
 ( 4.712388980384691450, 6.283185307179586232 ),
 .UNSPECIFIED. ) 
 CURVE ( )  GEOMETRIC_REPRESENTATION_ITEM ( )  RATIONAL_B_SPLINE_CURVE ( ( 1.000000000000000000, 0.8047378541243654926, 0.8047378541243654926, 1.000000000000000000 ) ) 
 REPRESENTATION_ITEM ( '' )  );
#62 = EDGE_CURVE ( 'NONE', #1368, #937, #4763, .T. ) ;
#63 = AXIS2_PLACEMENT_3D ( 'NONE', #2077, #3278, #3205 ) ;
#64 = DIRECTION ( 'NONE',  ( 0.9961946980917285588, 0.000000000000000000, -0.08715574274785162223 ) ) ;
#65 = LINE ( 'NONE', #2503, #78 ) ;
#66 = CARTESIAN_POINT ( 'NONE',  ( 16.07282071980216287, 3.265000000000000124, 0.9150920754745583974 ) ) ;
#67 = ORIENTED_EDGE ( 'NONE', *, *, #2923, .F. ) ;
#68 = CARTESIAN_POINT ( 'NONE',  ( -5.979726014076907958, 3.265000000000000124, -16.42916219820119750 ) ) ;
#69 = ADVANCED_FACE ( 'NONE', ( #1897 ), #3346, .F. ) ;
#70 = EDGE_CURVE ( 'NONE', #4720, #2798, #4178, .T. ) ;
#71 = EDGE_CURVE ( 'NONE', #3001, #3675, #3232, .T. ) ;
#72 = ADVANCED_FACE ( 'NONE', ( #4384 ), #1080, .T. ) ;
#73 = ORIENTED_EDGE ( 'NONE', *, *, #388, .T. ) ;
#74 = EDGE_LOOP ( 'NONE', ( #2008, #2973, #3742, #3983 ) ) ;
#76 = CARTESIAN_POINT ( 'NONE',  ( 0.4886401628093650085, -2.500000000000000000, -0.1778504745295992062 ) ) ;
#75 = CARTESIAN_POINT ( 'NONE',  ( -7.898373414055727793, -3.000000000000000000, -23.22098089362586748 ) ) ;
#77 = DIRECTION ( 'NONE',  ( -0.4226182617411930464, 0.000000000000000000, -0.9063077870364198985 ) ) ;
#78 = VECTOR ( 'NONE', #422, 1000.000000000000000 ) ;
#79 = LINE ( 'NONE', #485, #4110 ) ;
#80 = VERTEX_POINT ( 'NONE', #1826 ) ;
#82 = ORIENTED_EDGE ( 'NONE', *, *, #4386, .T. ) ;
#81 = CARTESIAN_POINT ( 'NONE',  ( -19.41145675952304117, -2.961413309392026960, 25.54723629813866381 ) ) ;
#83 = CARTESIAN_POINT ( 'NONE',  ( -16.07282071980270644, -2.586846802861105132, 0.9150920754742641883 ) ) ;
#84 = CARTESIAN_POINT ( 'NONE',  ( -21.14644285628553888, 3.265000000000000124, -13.38669902462328487 ) ) ;
#85 = AXIS2_PLACEMENT_3D ( 'NONE', #2528, #652, #2818 ) ;
#86 = DIRECTION ( 'NONE',  ( 0.3420201433256673806, -0.000000000000000000, -0.9396926207859089830 ) ) ;
#87 = VERTEX_POINT ( 'NONE', #4782 ) ;
#88 = ORIENTED_EDGE ( 'NONE', *, *, #2803, .T. ) ;
#89 = CARTESIAN_POINT ( 'NONE',  ( 14.32920972712218166, -2.500000000000000000, 18.66372547473164900 ) ) ;
#90 = LINE ( 'NONE', #2324, #1922 ) ;
#91 = CARTESIAN_POINT ( 'NONE',  ( 31.22231432244318583, -2.778643711280970763, 7.323943766794003274 ) ) ;
#92 = EDGE_CURVE ( 'NONE', #787, #4449, #135, .T. ) ;
#93 = VERTEX_POINT ( 'NONE', #2553 ) ;
#94 = ADVANCED_FACE ( 'NONE', ( #46 ), #2573, .F. ) ;
#95 = VECTOR ( 'NONE', #774, 1000.000000000000000 ) ;
#96 = ORIENTED_EDGE ( 'NONE', *, *, #1855, .T. ) ;
#97 = LINE ( 'NONE', #430, #4761 ) ;
#98 = CARTESIAN_POINT ( 'NONE',  ( -23.40149556248472962, -2.790188110906357100, 3.178216723219466022 ) ) ;
#99 = AXIS2_PLACEMENT_3D ( 'NONE', #2605, #2292, #391 ) ;
#100 = CYLINDRICAL_SURFACE ( 'NONE', #2181, 0.4999999999999998890 ) ;
#101 = EDGE_CURVE ( 'NONE', #3667, #1653, #4362, .T. ) ;
#102 = ORIENTED_EDGE ( 'NONE', *, *, #4525, .T. ) ;
#103 =( LENGTH_UNIT ( ) NAMED_UNIT ( * ) SI_UNIT ( .MILLI., .METRE. ) );
#105 = ORIENTED_EDGE ( 'NONE', *, *, #3396, .T. ) ;
#104 = DIRECTION ( 'NONE',  ( -0.9396926207859083169, 0.000000000000000000, 0.3420201433256689905 ) ) ;
#106 = CARTESIAN_POINT ( 'NONE',  ( 0.000000000000000000, 3.265000000000000124, 0.000000000000000000 ) ) ;
#107 = PLANE ( 'NONE',  #4668 ) ;
#108 = DIRECTION ( 'NONE',  ( 0.000000000000000000, 0.000000000000000000, 1.000000000000000000 ) ) ;
#109 = ORIENTED_EDGE ( 'NONE', *, *, #2498, .T. ) ;
#110 = ORIENTED_EDGE ( 'NONE', *, *, #3245, .F. ) ;
#111 = CARTESIAN_POINT ( 'NONE',  ( -23.07722683461663493, -2.790188110906357988, 5.017236064248334237 ) ) ;
#112 = DIRECTION ( 'NONE',  ( 0.000000000000000000, 0.000000000000000000, -1.000000000000000000 ) ) ;
#113 = AXIS2_PLACEMENT_3D ( 'NONE', #3974, #1362, #644 ) ;
#114 = LINE ( 'NONE', #2063, #901 ) ;
#115 = LINE ( 'NONE', #3052, #95 ) ;
#116 = ORIENTED_EDGE ( 'NONE', *, *, #2533, .F. ) ;
#117 = DIRECTION ( 'NONE',  ( -0.7256903291925905775, 0.5457393103138246104, 0.4189775069076390190 ) ) ;
#118 =( GEOMETRIC_REPRESENTATION_CONTEXT ( 3 ) GLOBAL_UNCERTAINTY_ASSIGNED_CONTEXT ( ( #4406 ) ) GLOBAL_UNIT_ASSIGNED_CONTEXT ( ( #3420, #4164, #1647 ) ) REPRESENTATION_CONTEXT ( 'NONE', 'WORKASPACE' ) );
#119 = ORIENTED_EDGE ( 'NONE', *, *, #2670, .F. ) ;
#120 = APPLICATION_CONTEXT ( 'automotive_design' ) ;
#121 = DIRECTION ( 'NONE',  ( 0.000000000000000000, 0.000000000000000000, 1.000000000000000000 ) ) ;
#122 = VECTOR ( 'NONE', #397, 1000.000000000000114 ) ;
#123 = EDGE_CURVE ( 'NONE', #1047, #2083, #682, .T. ) ;
#124 = VECTOR ( 'NONE', #2496, 1000.000000000000000 ) ;
#125 = LINE ( 'NONE', #2723, #314 ) ;
#126 = ORIENTED_EDGE ( 'NONE', *, *, #1349, .F. ) ;
#127 = LINE ( 'NONE', #2000, #4308 ) ;
#128 = VECTOR ( 'NONE', #4722, 1000.000000000000000 ) ;
#130 = ORIENTED_EDGE ( 'NONE', *, *, #2970, .F. ) ;
#129 = FACE_OUTER_BOUND ( 'NONE', #199, .T. ) ;
#131 = CARTESIAN_POINT ( 'NONE',  ( -15.29263558886043306, 3.265000000000000124, 19.81189170665737009 ) ) ;
#132 = CIRCLE ( 'NONE', #2844, 14.57731163100802796 ) ;
#133 = CARTESIAN_POINT ( 'NONE',  ( 11.40327766165615664, -3.000000000000000000, 12.32525977142529605 ) ) ;
#134 = EDGE_CURVE ( 'NONE', #1738, #382, #731, .T. ) ;
#135 = CIRCLE ( 'NONE', #2847, 24.03000000000000114 ) ;
#136 = EDGE_CURVE ( 'NONE', #1378, #1729, #1439, .T. ) ;
#137 = CARTESIAN_POINT ( 'NONE',  ( -8.771562925628606067, -3.000000000000000000, -22.25180371258479894 ) ) ;
#138 = ORIENTED_EDGE ( 'NONE', *, *, #648, .F. ) ;
#139 = ORIENTED_EDGE ( 'NONE', *, *, #4035, .F. ) ;
#140 = CARTESIAN_POINT ( 'NONE',  ( 17.21793483357267363, 3.265000000000000124, 3.035986463248324885 ) ) ;
#141 = CARTESIAN_POINT ( 'NONE',  ( 10.05434245573841068, 3.265000000000000124, 13.56913704619687699 ) ) ;
#142 = ORIENTED_EDGE ( 'NONE', *, *, #2097, .T. ) ;
#143 = LINE ( 'NONE', #2785, #1523 ) ;
#144 = CARTESIAN_POINT ( 'NONE',  ( 11.17258253940787860, -3.000000000000000000, 11.60154428044662289 ) ) ;
#145 = ORIENTED_EDGE ( 'NONE', *, *, #2300, .F. ) ;
#146 = VECTOR ( 'NONE', #4750, 1000.000000000000000 ) ;
#147 = LINE ( 'NONE', #3512, #48 ) ;
#148 = ORIENTED_EDGE ( 'NONE', *, *, #1173, .T. ) ;
#149 = DIRECTION ( 'NONE',  ( 0.6427876096865312583, -0.000000000000000000, 0.7660444431189847858 ) ) ;
#150 = FACE_OUTER_BOUND ( 'NONE', #3355, .T. ) ;
#151 = ORIENTED_EDGE ( 'NONE', *, *, #1944, .F. ) ;
#152 = PLANE ( 'NONE',  #3780 ) ;
#154 = ORIENTED_EDGE ( 'NONE', *, *, #4392, .F. ) ;
#153 = DIRECTION ( 'NONE',  ( -0.9961946980918062744, 0.000000000000000000, 0.08715574274696420709 ) ) ;
#155 = PLANE ( 'NONE',  #2262 ) ;
#156 = CARTESIAN_POINT ( 'NONE',  ( 20.79608018602494823, -2.792893218813453426, 23.19696497017266879 ) ) ;
#157 = FACE_OUTER_BOUND ( 'NONE', #2537, .T. ) ;
#158 = ORIENTED_EDGE ( 'NONE', *, *, #4568, .T. ) ;
#159 = VECTOR ( 'NONE', #1178, 1000.000000000000114 ) ;
#160 = EDGE_CURVE ( 'NONE', #1216, #3108, #4288, .T. ) ;
#161 = EDGE_CURVE ( 'NONE', #494, #1615, #17, .T. ) ;
#162 = DIRECTION ( 'NONE',  ( 0.9848077530122086864, 0.000000000000000000, -0.1736481776669272503 ) ) ;
#163 = EDGE_CURVE ( 'NONE', #2428, #4625, #2282, .T. ) ;
#164 = CYLINDRICAL_SURFACE ( 'NONE', #4312, 0.5000000000000000000 ) ;
#165 = VERTEX_POINT ( 'NONE', #3762 ) ;
#166 = CARTESIAN_POINT ( 'NONE',  ( 16.85536625282482959, 3.265000000000000124, 18.50060498289537847 ) ) ;
#167 = DIRECTION ( 'NONE',  ( 0.000000000000000000, 0.000000000000000000, 1.000000000000000000 ) ) ;
#168 = ORIENTED_EDGE ( 'NONE', *, *, #3839, .T. ) ;
#169 = EDGE_CURVE ( 'NONE', #2265, #2025, #97, .T. ) ;
#170 = CARTESIAN_POINT ( 'NONE',  ( -1.899663625341974971, -2.500000000000000000, 21.71325459514593348 ) ) ;
#171 = CARTESIAN_POINT ( 'NONE',  ( -11.60809380826081316, -2.500000000000000000, -28.91069513293903270 ) ) ;
#172 = DIRECTION ( 'NONE',  ( -0.000000000000000000, -1.000000000000000000, -0.000000000000000000 ) ) ;
#173 = ORIENTED_EDGE ( 'NONE', *, *, #3831, .T. ) ;
#174 = CARTESIAN_POINT ( 'NONE',  ( 15.89194039108607015, -2.500000000000000000, 17.35243875097005528 ) ) ;
#175 = CARTESIAN_POINT ( 'NONE',  ( 21.78835228228921039, -2.961413309392002535, 23.55278414163576173 ) ) ;
#176 = ORIENTED_EDGE ( 'NONE', *, *, #5, .T. ) ;
#178 = ORIENTED_EDGE ( 'NONE', *, *, #4263, .F. ) ;
#177 = CARTESIAN_POINT ( 'NONE',  ( -9.511283720561266364, -2.579909940079748054, -23.14975676409983407 ) ) ;
#179 = CARTESIAN_POINT ( 'NONE',  ( 6.724046161570117697, 3.265000000000000124, -15.49188450811890938 ) ) ;
#180 = LINE ( 'NONE', #3135, #673 ) ;
#181 = CARTESIAN_POINT ( 'NONE',  ( 24.80391930942181489, -2.500000000000000000, 3.337865057441843586 ) ) ;
#182 = VERTEX_POINT ( 'NONE', #2668 ) ;
#183 = EDGE_LOOP ( 'NONE', ( #765, #1013, #1572, #3201 ) ) ;
#184 = CARTESIAN_POINT ( 'NONE',  ( 22.02151929896932359, -2.500000000000000000, 23.30417700039738449 ) ) ;
#185 = EDGE_CURVE ( 'NONE', #1738, #3967, #13, .T. ) ;
#186 = CARTESIAN_POINT ( 'NONE',  ( 5.979726014091932385, 3.265000000000000124, -16.42916219819833756 ) ) ;
#187 = DIRECTION ( 'NONE',  ( 0.000000000000000000, 1.000000000000000000, -0.000000000000000000 ) ) ;
#188 = CARTESIAN_POINT ( 'NONE',  ( 15.89194039108607015, 3.265000000000000124, 17.35243875097005528 ) ) ;
#189 = ORIENTED_EDGE ( 'NONE', *, *, #2447, .T. ) ;
#190 = FACE_OUTER_BOUND ( 'NONE', #2151, .T. ) ;
#191 = LINE ( 'NONE', #2134, #733 ) ;
#192 =( BOUNDED_CURVE ( )  B_SPLINE_CURVE ( 3, ( #968, #1667, #1335, #597 ),
 .UNSPECIFIED., .F., .T. ) 
 B_SPLINE_CURVE_WITH_KNOTS ( ( 4, 4 ),
 ( 1.570796326794897890, 3.141592653589793116 ),
 .UNSPECIFIED. ) 
 CURVE ( )  GEOMETRIC_REPRESENTATION_ITEM ( )  RATIONAL_B_SPLINE_CURVE ( ( 1.000000000000000000, 0.8047378541243652705, 0.8047378541243652705, 1.000000000000000000 ) ) 
 REPRESENTATION_ITEM ( '' )  );
#193 = ADVANCED_FACE ( 'NONE', ( #3400 ), #831, .T. ) ;
#194 = CARTESIAN_POINT ( 'NONE',  ( 19.44714498010817749, -2.999999999999999112, 24.44084224494610069 ) ) ;
#195 = EDGE_LOOP ( 'NONE', ( #1273, #2611, #4139, #3951 ) ) ;
#196 = VECTOR ( 'NONE', #792, 1000.000000000000114 ) ;
#197 = CARTESIAN_POINT ( 'NONE',  ( 9.691120861856093782, 3.265000000000000124, -29.60841622532396400 ) ) ;
#198 = CARTESIAN_POINT ( 'NONE',  ( 16.77838861730841558, -3.000000000000000000, 1.922747461918894674 ) ) ;
#199 = EDGE_LOOP ( 'NONE', ( #522, #4748, #343, #2378 ) ) ;
#201 = VERTEX_POINT ( 'NONE', #458 ) ;
#200 = CARTESIAN_POINT ( 'NONE',  ( -8.875653739674500997, -3.000000000000000000, -22.86527994456664814 ) ) ;
#202 = DIRECTION ( 'NONE',  ( -0.000000000000000000, -1.000000000000000000, -0.000000000000000000 ) ) ;
#203 = AXIS2_PLACEMENT_3D ( 'NONE', #4726, #1789, #349 ) ;
#204 = DIRECTION ( 'NONE',  ( -0.000000000000000000, 1.000000000000000000, -0.000000000000000000 ) ) ;
#205 = ORIENTED_EDGE ( 'NONE', *, *, #3208, .T. ) ;
#206 = VERTEX_POINT ( 'NONE', #4501 ) ;
#207 = CARTESIAN_POINT ( 'NONE',  ( -7.109761111858007077, -2.798953584472833711, -14.44594514399474150 ) ) ;
#208 = VECTOR ( 'NONE', #1567, 1000.000000000000000 ) ;
#209 = B_SPLINE_CURVE_WITH_KNOTS ( 'NONE', 3,
 ( #3142, #3099, #2809, #2013, #1988, #870, #1644, #3122 ),
 .UNSPECIFIED., .F., .F.,
 ( 4, 2, 2, 4 ),
 ( -4.472670360132222290E-06, 0.0004765361799138392038, 0.0007170406050508269921, 0.0009575450301878149972 ),
 .UNSPECIFIED. ) ;
#210 = CARTESIAN_POINT ( 'NONE',  ( 4.460940800293260011, -3.000000000000000000, -15.47651244522894309 ) ) ;
#211 = VECTOR ( 'NONE', #2172, 1000.000000000000000 ) ;
#212 = CARTESIAN_POINT ( 'NONE',  ( -19.84842270413053456, 3.265000000000000124, -12.63728674036303268 ) ) ;
#213 = CARTESIAN_POINT ( 'NONE',  ( 11.72428514981459813, -2.500000000000000000, 11.03241121076136366 ) ) ;
#214 = CARTESIAN_POINT ( 'NONE',  ( -8.861337735707213170, -2.668231137178802559, 13.44128968319090589 ) ) ;
#215 = EDGE_CURVE ( 'NONE', #1205, #2127, #1579, .T. ) ;
#216 = EDGE_CURVE ( 'NONE', #3416, #3264, #3317, .T. ) ;
#217 = CARTESIAN_POINT ( 'NONE',  ( 19.23334952206225523, 3.265000000000000124, 24.50825169393582570 ) ) ;
#218 = CARTESIAN_POINT ( 'NONE',  ( -30.48720104788181828, 3.265000000000000124, 6.411451255149191120 ) ) ;
#219 = ORIENTED_EDGE ( 'NONE', *, *, #3695, .F. ) ;
#220 = EDGE_CURVE ( 'NONE', #3477, #582, #3360, .T. ) ;
#221 = DIRECTION ( 'NONE',  ( 0.000000000000000000, 0.000000000000000000, 1.000000000000000000 ) ) ;
#222 = ADVANCED_FACE ( 'NONE', ( #1818 ), #3539, .T. ) ;
#223 = VECTOR ( 'NONE', #2409, 1000.000000000000000 ) ;
#224 = CARTESIAN_POINT ( 'NONE',  ( -24.80391930942172607, -2.500000000000000000, 3.337865057442499950 ) ) ;
#225 = EDGE_LOOP ( 'NONE', ( #2876, #2948, #4628, #918 ) ) ;
#227 = EDGE_LOOP ( 'NONE', ( #646, #2721, #1692, #3811 ) ) ;
#226 = CARTESIAN_POINT ( 'NONE',  ( 15.89194039108607015, -3.000000000000000000, 17.35243875097005528 ) ) ;
#228 = LINE ( 'NONE', #1732, #467 ) ;
#229 = DIRECTION ( 'NONE',  ( 0.6427876096865970945, 0.000000000000000000, 0.7660444431189294967 ) ) ;
#230 = VERTEX_POINT ( 'NONE', #34 ) ;
#231 = ORIENTED_EDGE ( 'NONE', *, *, #813, .F. ) ;
#232 = LINE ( 'NONE', #2057, #1066 ) ;
#233 = CARTESIAN_POINT ( 'NONE',  ( 11.61707311970207712, -2.500000000000000000, 12.25785032243555506 ) ) ;
#234 = VECTOR ( 'NONE', #1272, 1000.000000000000000 ) ;
#235 = VERTEX_POINT ( 'NONE', #3290 ) ;
#236 = CARTESIAN_POINT ( 'NONE',  ( -31.19951267229360781, -2.650251510363370588, 7.397720104716650980 ) ) ;
#237 = FACE_OUTER_BOUND ( 'NONE', #3258, .T. ) ;
#238 = CARTESIAN_POINT ( 'NONE',  ( -9.485192156496715654, -3.000000000000000000, 13.01743292839939414 ) ) ;
#239 = CARTESIAN_POINT ( 'NONE',  ( 0.000000000000000000, -2.500000000000000000, 0.000000000000000000 ) ) ;
#240 = VECTOR ( 'NONE', #2727, 1000.000000000000000 ) ;
#241 = CARTESIAN_POINT ( 'NONE',  ( 9.268876903125670808, -2.779248922266227773, -30.70118818081474998 ) ) ;
#242 = EDGE_LOOP ( 'NONE', ( #2616, #1857, #2796, #357 ) ) ;
#243 = CARTESIAN_POINT ( 'NONE',  ( -9.915078265544369884, -3.000000000000001332, -29.61819441674022357 ) ) ;
#244 = EDGE_CURVE ( 'NONE', #235, #582, #4774, .T. ) ;
#245 = CARTESIAN_POINT ( 'NONE',  ( -0.4886401628093761662, -3.000000000000000000, 0.1778504745296040357 ) ) ;
#246 = ORIENTED_EDGE ( 'NONE', *, *, #1088, .F. ) ;
#248 = CARTESIAN_POINT ( 'NONE',  ( -14.32920972712166652, -2.500000000000000000, 18.66372547473203625 ) ) ;
#247 = LINE ( 'NONE', #1396, #1931 ) ;
#249 = CARTESIAN_POINT ( 'NONE',  ( 0.000000000000000000, 3.265000000000000124, 0.000000000000000000 ) ) ;
#250 = CARTESIAN_POINT ( 'NONE',  ( -11.10092522531329173, -3.000000000000000000, 12.42059112841879376 ) ) ;
#251 = EDGE_CURVE ( 'NONE', #10, #235, #2590, .T. ) ;
#252 = PLANE ( 'NONE',  #748 ) ;
#253 = VERTEX_POINT ( 'NONE', #723 ) ;
#254 = ORIENTED_EDGE ( 'NONE', *, *, #3181, .F. ) ;
#255 = CIRCLE ( 'NONE', #3741, 24.52749999999999275 ) ;
#256 = DIRECTION ( 'NONE',  ( -0.08715574274824935963, 0.000000000000000000, -0.9961946980916938088 ) ) ;
#257 = LINE ( 'NONE', #1742, #4679 ) ;
#258 = CARTESIAN_POINT ( 'NONE',  ( 30.84144333032081420, -2.500000000000000000, 4.402443439001797465 ) ) ;
#259 = CARTESIAN_POINT ( 'NONE',  ( 12.72296122597525603, -2.500000000000000000, -29.43056634765067159 ) ) ;
#260 = PLANE ( 'NONE',  #3011 ) ;
#261 = FACE_OUTER_BOUND ( 'NONE', #1668, .T. ) ;
#262 = AXIS2_PLACEMENT_3D ( 'NONE', #1286, #3399, #4140 ) ;
#263 = DIRECTION ( 'NONE',  ( -0.9396926207859087610, 0.000000000000000000, 0.3420201433256677137 ) ) ;
#264 = VERTEX_POINT ( 'NONE', #1891 ) ;
#265 = DIRECTION ( 'NONE',  ( -0.000000000000000000, 1.000000000000000000, -0.000000000000000000 ) ) ;
#266 = LINE ( 'NONE', #245, #939 ) ;
#267 = ORIENTED_EDGE ( 'NONE', *, *, #3239, .T. ) ;
#269 = DIRECTION ( 'NONE',  ( -7.273801074561665284E-16, -0.5457393103138269419, 0.8379550138152933592 ) ) ;
#268 = CARTESIAN_POINT ( 'NONE',  ( -19.12613749183868350, -2.500000000000000000, 25.73369080688125976 ) ) ;
#270 = FACE_OUTER_BOUND ( 'NONE', #4727, .T. ) ;
#271 = EDGE_CURVE ( 'NONE', #3133, #4258, #378, .T. ) ;
#272 = CARTESIAN_POINT ( 'NONE',  ( 3.692205798609079270, -3.000000000000000000, -15.66973438633268856 ) ) ;
#273 = CARTESIAN_POINT ( 'NONE',  ( 16.30701005988695584, -3.000000000000000000, 3.403387686423335445 ) ) ;
#274 = ORIENTED_EDGE ( 'NONE', *, *, #695, .F. ) ;
#275 = ORIENTED_EDGE ( 'NONE', *, *, #4711, .F. ) ;
#276 = DIRECTION ( 'NONE',  ( 0.9063077870368977385, 0.000000000000000000, 0.4226182617401681441 ) ) ;
#277 = EDGE_CURVE ( 'NONE', #3416, #2348, #3006, .T. ) ;
#278 = ADVANCED_FACE ( 'NONE', ( #1477 ), #1096, .T. ) ;
#279 = AXIS2_PLACEMENT_3D ( 'NONE', #2698, #4622, #2380 ) ;
#280 = CARTESIAN_POINT ( 'NONE',  ( -11.23403485582593575, -3.000000000000000000, 11.54150629285300411 ) ) ;
#281 = VECTOR ( 'NONE', #3242, 1000.000000000000000 ) ;
#282 = ORIENTED_EDGE ( 'NONE', *, *, #3012, .F. ) ;
#283 = DIRECTION ( 'NONE',  ( -0.08715574274831970614, 0.000000000000000000, 0.9961946980916877026 ) ) ;
#284 = CARTESIAN_POINT ( 'NONE',  ( 7.594310774156528332, 3.265000000000000124, -23.84747785648474050 ) ) ;
#285 = PLANE ( 'NONE',  #1774 ) ;
#286 = AXIS2_PLACEMENT_3D ( 'NONE', #3271, #263, #2546 ) ;
#287 = FACE_OUTER_BOUND ( 'NONE', #2657, .T. ) ;
#288 = TOROIDAL_SURFACE ( 'NONE', #3075, 24.02999999999999758, 0.5000000000000000000 ) ;
#289 = TOROIDAL_SURFACE ( 'NONE', #3003, 24.52749999999999275, 0.5000000000000000000 ) ;
#290 = B_SPLINE_CURVE_WITH_KNOTS ( 'NONE', 3,
 ( #200, #1654, #3086, #4579, #4556, #2024, #177, #3888 ),
 .UNSPECIFIED., .F., .F.,
 ( 4, 2, 2, 4 ),
 ( -4.472650285587411783E-06, 0.0004674945079885374586, 0.0007034780871255961283, 0.0009394616662626547980 ),
 .UNSPECIFIED. ) ;
#291 = CARTESIAN_POINT ( 'NONE',  ( -15.42807299760151807, -2.668231137178780354, 4.600667168400171647 ) ) ;
#292 = EDGE_LOOP ( 'NONE', ( #1660, #3992, #2790, #2745 ) ) ;
#293 = CARTESIAN_POINT ( 'NONE',  ( -16.77838861730829123, 3.265000000000000124, 1.922747461919029899 ) ) ;
#294 = CARTESIAN_POINT ( 'NONE',  ( -31.81950682292148613, -2.999999999999999556, 4.186918993889551466 ) ) ;
#295 = ORIENTED_EDGE ( 'NONE', *, *, #3660, .T. ) ;
#297 = ORIENTED_EDGE ( 'NONE', *, *, #4742, .F. ) ;
#296 = DIRECTION ( 'NONE',  ( -0.9848077530122080203, 0.000000000000000000, 0.1736481776669309696 ) ) ;
#298 = DIRECTION ( 'NONE',  ( 0.000000000000000000, 1.000000000000000000, 0.000000000000000000 ) ) ;
#299 = VECTOR ( 'NONE', #1408, 1000.000000000000227 ) ;
#300 = DIRECTION ( 'NONE',  ( 0.1736481776669306920, 0.000000000000000000, -0.9848077530122080203 ) ) ;
#301 = EDGE_CURVE ( 'NONE', #1039, #3185, #685, .T. ) ;
#302 = VERTEX_POINT ( 'NONE', #4022 ) ;
#303 = ORIENTED_EDGE ( 'NONE', *, *, #388, .F. ) ;
#304 = DIRECTION ( 'NONE',  ( -0.000000000000000000, -1.000000000000000000, -0.000000000000000000 ) ) ;
#305 = CARTESIAN_POINT ( 'NONE',  ( -19.23334952206178272, 3.265000000000000124, 24.50825169393615610 ) ) ;
#306 = EDGE_CURVE ( 'NONE', #1270, #1060, #2209, .T. ) ;
#307 = EDGE_CURVE ( 'NONE', #4599, #3602, #1117, .T. ) ;
#308 = CARTESIAN_POINT ( 'NONE',  ( -30.84144333032262608, 3.265000000000000124, 4.402443439002778014 ) ) ;
#309 = DIRECTION ( 'NONE',  ( 0.000000000000000000, -1.000000000000000000, 0.000000000000000000 ) ) ;
#310 = CARTESIAN_POINT ( 'NONE',  ( -0.09029705238680615920, -2.500000000000000000, 0.5121000315663439828 ) ) ;
#311 = EDGE_CURVE ( 'NONE', #2702, #1039, #1499, .T. ) ;
#312 = EDGE_CURVE ( 'NONE', #3967, #302, #3928, .T. ) ;
#313 = ORIENTED_EDGE ( 'NONE', *, *, #4597, .F. ) ;
#314 = VECTOR ( 'NONE', #1155, 1000.000000000000000 ) ;
#315 = CARTESIAN_POINT ( 'NONE',  ( 1.020000000004281038, 0.000000000000000000, 23.50788165701008126 ) ) ;
#316 = DIRECTION ( 'NONE',  ( 0.8191520442892409326, 0.000000000000000000, 0.5735764363506902219 ) ) ;
#317 = ORIENTED_EDGE ( 'NONE', *, *, #4563, .T. ) ;
#319 = DIRECTION ( 'NONE',  ( -1.000000000000000000, 0.000000000000000000, 0.000000000000000000 ) ) ;
#318 = CARTESIAN_POINT ( 'NONE',  ( 16.77838861730841558, 3.265000000000000124, 1.922747461918894674 ) ) ;
#320 = CYLINDRICAL_SURFACE ( 'NONE', #621, 14.57731163100814342 ) ;
#321 = LINE ( 'NONE', #1783, #3847 ) ;
#322 = ORIENTED_EDGE ( 'NONE', *, *, #2792, .F. ) ;
#323 = VERTEX_POINT ( 'NONE', #400 ) ;
#324 = FACE_OUTER_BOUND ( 'NONE', #1776, .T. ) ;
#325 = DIRECTION ( 'NONE',  ( 0.6427876096865400291, 0.000000000000000000, 0.7660444431189773473 ) ) ;
#326 = DIRECTION ( 'NONE',  ( -0.3420201433255952717, -0.000000000000000000, -0.9396926207859350733 ) ) ;
#327 = CARTESIAN_POINT ( 'NONE',  ( 12.63437458880169650, -2.778643711281010287, -29.47618772329111536 ) ) ;
#329 = CIRCLE ( 'NONE', #2812, 14.57731163100815586 ) ;
#328 = FACE_OUTER_BOUND ( 'NONE', #2579, .T. ) ;
#330 = ADVANCED_FACE ( 'NONE', ( #699 ), #289, .T. ) ;
#331 = FACE_OUTER_BOUND ( 'NONE', #687, .T. ) ;
#332 = CARTESIAN_POINT ( 'NONE',  ( -11.72428514981518255, -2.500000000000000000, 11.03241121076153597 ) ) ;
#333 = VERTEX_POINT ( 'NONE', #2188 ) ;
#334 = CARTESIAN_POINT ( 'NONE',  ( -7.243917375737628284, -3.000000000000000000, -14.37701709155922813 ) ) ;
#335 = EDGE_CURVE ( 'NONE', #4518, #4720, #421, .T. ) ;
#336 = ADVANCED_FACE ( 'NONE', ( #331 ), #4045, .F. ) ;
#337 = DIRECTION ( 'NONE',  ( -3.515670519371495285E-15, 0.5457393103138269419, -0.8379550138152933592 ) ) ;
#338 = ORIENTED_EDGE ( 'NONE', *, *, #895, .T. ) ;
#339 = VERTEX_POINT ( 'NONE', #3414 ) ;
#340 = DIRECTION ( 'NONE',  ( 0.000000000000000000, 0.000000000000000000, 1.000000000000000000 ) ) ;
#341 = CARTESIAN_POINT ( 'NONE',  ( -4.460940800293284880, -3.000000000000000000, -15.47651244522915626 ) ) ;
#342 = CARTESIAN_POINT ( 'NONE',  ( 1.020000000000000018, -0.9761472547092382435, 25.00670622553059985 ) ) ;
#343 = ORIENTED_EDGE ( 'NONE', *, *, #169, .F. ) ;
#345 = ORIENTED_EDGE ( 'NONE', *, *, #814, .T. ) ;
#344 = CARTESIAN_POINT ( 'NONE',  ( -19.74949741644991619, -3.000000000000000000, 24.34551088795294760 ) ) ;
#346 = AXIS2_PLACEMENT_3D ( 'NONE', #4378, #3735, #2284 ) ;
#347 = CARTESIAN_POINT ( 'NONE',  ( -19.75406189090918829, -2.500000000000000000, -9.211470339384602468 ) ) ;
#348 = CIRCLE ( 'NONE', #1601, 14.64608244481071075 ) ;
#349 = DIRECTION ( 'NONE',  ( 0.000000000000000000, 0.000000000000000000, 1.000000000000000000 ) ) ;
#350 = VERTEX_POINT ( 'NONE', #1964 ) ;
#351 = DIRECTION ( 'NONE',  ( -0.5735764363512142472, 0.000000000000000000, -0.8191520442888740039 ) ) ;
#352 = DIRECTION ( 'NONE',  ( -0.08715574274696420709, -0.000000000000000000, -0.9961946980918062744 ) ) ;
#353 = DIRECTION ( 'NONE',  ( 0.000000000000000000, 0.000000000000000000, 1.000000000000000000 ) ) ;
#354 = AXIS2_PLACEMENT_3D ( 'NONE', #3594, #935, #3871 ) ;
#355 = DIRECTION ( 'NONE',  ( 0.6427876096865468014, 0.000000000000000000, -0.7660444431189717962 ) ) ;
#356 = ADVANCED_FACE ( 'NONE', ( #2037 ), #164, .T. ) ;
#357 = ORIENTED_EDGE ( 'NONE', *, *, #2582, .F. ) ;
#358 = CIRCLE ( 'NONE', #2765, 14.57731163100803862 ) ;
#359 = AXIS2_PLACEMENT_3D ( 'NONE', #3805, #1262, #527 ) ;
#360 = PLANE ( 'NONE',  #3683 ) ;
#361 = ORIENTED_EDGE ( 'NONE', *, *, #1114, .T. ) ;
#362 = EDGE_CURVE ( 'NONE', #1158, #1226, #90, .T. ) ;
#363 = ORIENTED_EDGE ( 'NONE', *, *, #161, .F. ) ;
#364 = VECTOR ( 'NONE', #2396, 1000.000000000000000 ) ;
#365 = EDGE_CURVE ( 'NONE', #3922, #1156, #2010, .T. ) ;
#367 = CARTESIAN_POINT ( 'NONE',  ( 24.43447562070664603, -2.656872957827537629, 5.324177082352417045 ) ) ;
#366 = CARTESIAN_POINT ( 'NONE',  ( 1.020000000004275487, 3.265000000000000124, 23.50788165701008481 ) ) ;
#368 = CARTESIAN_POINT ( 'NONE',  ( -4.136640442660056927, -2.954357122083210552, -15.56369436041065768 ) ) ;
#369 = EDGE_CURVE ( 'NONE', #3702, #775, #3314, .T. ) ;
#370 = CARTESIAN_POINT ( 'NONE',  ( -23.32786525393755639, 3.265000000000000124, 3.077596902476492868 ) ) ;
#371 = VERTEX_POINT ( 'NONE', #1283 ) ;
#372 = ORIENTED_EDGE ( 'NONE', *, *, #2581, .T. ) ;
#373 = FACE_OUTER_BOUND ( 'NONE', #2261, .T. ) ;
#374 = DIRECTION ( 'NONE',  ( -0.08715574274786329345, 0.000000000000000000, -0.9961946980917275596 ) ) ;
#375 = VERTEX_POINT ( 'NONE', #3076 ) ;
#376 = CARTESIAN_POINT ( 'NONE',  ( -10.23180186323415874, -3.000000000000000000, -29.63202286765664084 ) ) ;
#377 = B_SPLINE_CURVE_WITH_KNOTS ( 'NONE', 3,
 ( #1399, #2873, #2124, #655, #3939, #3591, #1758, #4341 ),
 .UNSPECIFIED., .F., .F.,
 ( 4, 2, 2, 4 ),
 ( 0.000000000000000000, 0.0002402254661766098452, 0.0004804509323532196903, 0.0009609018647064318996 ),
 .UNSPECIFIED. ) ;
#378 = LINE ( 'NONE', #1549, #1604 ) ;
#379 = PLANE ( 'NONE',  #3502 ) ;
#380 = ORIENTED_EDGE ( 'NONE', *, *, #3657, .T. ) ;
#381 = CARTESIAN_POINT ( 'NONE',  ( -22.02151929897088678, -2.500000000000000000, 23.30417700039917506 ) ) ;
#382 = VERTEX_POINT ( 'NONE', #3803 ) ;
#383 = ORIENTED_EDGE ( 'NONE', *, *, #3155, .T. ) ;
#385 = CARTESIAN_POINT ( 'NONE',  ( 0.000000000000000000, -3.000000000000000000, 0.000000000000000000 ) ) ;
#384 = FACE_OUTER_BOUND ( 'NONE', #1655, .T. ) ;
#386 = FACE_OUTER_BOUND ( 'NONE', #183, .T. ) ;
#387 = AXIS2_PLACEMENT_3D ( 'NONE', #3451, #907, #2431 ) ;
#388 = EDGE_CURVE ( 'NONE', #2918, #3212, #3436, .T. ) ;
#389 = CARTESIAN_POINT ( 'NONE',  ( 0.09029705238705150461, -2.500000000000000000, -0.5121000315677521897 ) ) ;
#390 = ORIENTED_EDGE ( 'NONE', *, *, #2889, .T. ) ;
#392 = EDGE_LOOP ( 'NONE', ( #1813, #4184, #1346, #4551 ) ) ;
#391 = DIRECTION ( 'NONE',  ( -0.3420201433255953272, 0.000000000000000000, -0.9396926207859350733 ) ) ;
#393 = CARTESIAN_POINT ( 'NONE',  ( 8.998655526814697936, -2.500000000000000000, -21.74132237720895944 ) ) ;
#394 = LINE ( 'NONE', #3045, #1665 ) ;
#395 = B_SPLINE_CURVE_WITH_KNOTS ( 'NONE', 3,
 ( #3036, #3532, #214, #970, #2446, #598, #3557, #238 ),
 .UNSPECIFIED., .F., .F.,
 ( 4, 2, 2, 4 ),
 ( 8.673617379884035472E-19, 0.0002554680715913111274, 0.0005109361431826213874, 0.001021872286365238655 ),
 .UNSPECIFIED. ) ;
#396 = EDGE_CURVE ( 'NONE', #2901, #1323, #1224, .T. ) ;
#397 = DIRECTION ( 'NONE',  ( 0.3420201433256689905, -0.000000000000000000, 0.9396926207859083169 ) ) ;
#398 = ORIENTED_EDGE ( 'NONE', *, *, #35, .T. ) ;
#399 = CARTESIAN_POINT ( 'NONE',  ( 23.32786525393764876, -2.581508752381809213, 3.077596902475849827 ) ) ;
#400 = CARTESIAN_POINT ( 'NONE',  ( 30.95857960530109665, -3.000000000000000000, 4.930811030643379667 ) ) ;
#401 = DIRECTION ( 'NONE',  ( 0.5000000000000034417, 0.000000000000000000, -0.8660254037844367092 ) ) ;
#402 = ORIENTED_EDGE ( 'NONE', *, *, #4263, .T. ) ;
#403 = CARTESIAN_POINT ( 'NONE',  ( -19.12613749183868350, 3.265000000000000124, 25.73369080688125976 ) ) ;
#404 = ORIENTED_EDGE ( 'NONE', *, *, #3304, .T. ) ;
#406 = CARTESIAN_POINT ( 'NONE',  ( 16.07282071980216287, -2.500000000000000000, 0.9150920754745598407 ) ) ;
#405 = CARTESIAN_POINT ( 'NONE',  ( -24.70948960679413275, -2.787165718555740135, 3.406795810701864102 ) ) ;
#407 = DIRECTION ( 'NONE',  ( -0.3420201433256689905, 0.000000000000000000, -0.9396926207859083169 ) ) ;
#408 = FACE_OUTER_BOUND ( 'NONE', #439, .T. ) ;
#409 = EDGE_LOOP ( 'NONE', ( #794, #3678, #2032, #743 ) ) ;
#411 = EDGE_LOOP ( 'NONE', ( #3025, #2441, #834, #851, #3234, #2215 ) ) ;
#410 = CARTESIAN_POINT ( 'NONE',  ( -19.65932503706203960, -3.000000000000000000, 25.37618590062913171 ) ) ;
#412 = DIRECTION ( 'NONE',  ( 0.6427876096865391409, -0.000000000000000000, -0.7660444431189782355 ) ) ;
#413 = CARTESIAN_POINT ( 'NONE',  ( 23.32786525393763810, 3.265000000000000124, 3.077596902475849383 ) ) ;
#414 = CARTESIAN_POINT ( 'NONE',  ( 16.85536625282482959, -2.500000000000000000, 18.50060498289537847 ) ) ;
#415 = VERTEX_POINT ( 'NONE', #450 ) ;
#416 = ORIENTED_EDGE ( 'NONE', *, *, #4476, .T. ) ;
#417 = CIRCLE ( 'NONE', #1132, 14.57731163100803684 ) ;
#418 = EDGE_CURVE ( 'NONE', #2487, #4485, #549, .T. ) ;
#419 = DIRECTION ( 'NONE',  ( -0.7660444431189774583, 0.000000000000000000, 0.6427876096865401401 ) ) ;
#420 = EDGE_CURVE ( 'NONE', #3081, #3421, #3080, .T. ) ;
#421 = LINE ( 'NONE', #3659, #3617 ) ;
#422 = DIRECTION ( 'NONE',  ( -0.000000000000000000, 1.000000000000000000, -0.000000000000000000 ) ) ;
#423 = CARTESIAN_POINT ( 'NONE',  ( 31.29149895317024388, -2.961507457126741016, 7.092834778709486088 ) ) ;
#424 = VERTEX_POINT ( 'NONE', #4493 ) ;
#425 = LINE ( 'NONE', #3689, #577 ) ;
#426 = AXIS2_PLACEMENT_3D ( 'NONE', #4715, #3540, #602 ) ;
#427 = VECTOR ( 'NONE', #2712, 1000.000000000000114 ) ;
#428 = EDGE_LOOP ( 'NONE', ( #2665, #735, #2031, #1458 ) ) ;
#430 = CARTESIAN_POINT ( 'NONE',  ( -19.23334952206178272, 3.265000000000000124, 24.50825169393615610 ) ) ;
#429 = CARTESIAN_POINT ( 'NONE',  ( 0.5244024014076339446, 3.265000000000000124, -1.440783756570812146 ) ) ;
#431 = AXIS2_PLACEMENT_3D ( 'NONE', #3916, #204, #588 ) ;
#432 = CARTESIAN_POINT ( 'NONE',  ( 9.485192156497154414, -3.000000000000000000, 13.01743292839957888 ) ) ;
#433 = B_SPLINE_CURVE_WITH_KNOTS ( 'NONE', 3,
 ( #2887, #3318, #291, #1431, #1798, #1074, #645, #1457 ),
 .UNSPECIFIED., .F., .F.,
 ( 4, 2, 2, 4 ),
 ( 8.673617379884035472E-19, 0.0002554680715912736682, 0.0005109361431825464690, 0.001021872286365092071 ),
 .UNSPECIFIED. ) ;
#434 = AXIS2_PLACEMENT_3D ( 'NONE', #2403, #2767, #2789 ) ;
#435 = CARTESIAN_POINT ( 'NONE',  ( -12.50178425574864960, -3.000000000000000000, 17.85439826558410559 ) ) ;
#436 = ORIENTED_EDGE ( 'NONE', *, *, #3299, .T. ) ;
#437 = LINE ( 'NONE', #1181, #2768 ) ;
#439 = EDGE_LOOP ( 'NONE', ( #2110, #4004, #2416, #856 ) ) ;
#438 = CARTESIAN_POINT ( 'NONE',  ( 0.3983431104224915975, -2.500000000000000000, 0.3342495570375230707 ) ) ;
#440 = DIRECTION ( 'NONE',  ( -0.7660444431189739056, 0.000000000000000000, -0.6427876096865442479 ) ) ;
#441 = CARTESIAN_POINT ( 'NONE',  ( -9.171249647149551265, -2.500000000000000000, -30.72328364303758264 ) ) ;
#442 = ADVANCED_FACE ( 'NONE', ( #2757 ), #2368, .F. ) ;
#443 = CARTESIAN_POINT ( 'NONE',  ( -21.14644285628553888, -0.9761472547094224295, -13.38669902462328309 ) ) ;
#444 = VERTEX_POINT ( 'NONE', #4544 ) ;
#445 = EDGE_LOOP ( 'NONE', ( #2467, #4068, #4394, #3794 ) ) ;
#446 = VECTOR ( 'NONE', #3146, 1000.000000000000000 ) ;
#447 = CARTESIAN_POINT ( 'NONE',  ( 0.000000000000000000, -3.000000000000000000, 0.000000000000000000 ) ) ;
#448 = EDGE_CURVE ( 'NONE', #1763, #2819, #4134, .T. ) ;
#449 = EDGE_CURVE ( 'NONE', #3850, #2606, #2530, .T. ) ;
#450 = CARTESIAN_POINT ( 'NONE',  ( 15.04422621064451349, -3.000000000000000000, 18.73798702430324070 ) ) ;
#451 = FACE_OUTER_BOUND ( 'NONE', #428, .T. ) ;
#452 = CARTESIAN_POINT ( 'NONE',  ( 9.915078265544348568, -2.999999999999999112, -29.61819441674029108 ) ) ;
#453 = ORIENTED_EDGE ( 'NONE', *, *, #3066, .T. ) ;
#454 = CARTESIAN_POINT ( 'NONE',  ( -19.65932503706203960, -3.000000000000000000, 25.37618590062913171 ) ) ;
#455 = EDGE_CURVE ( 'NONE', #2853, #3889, #1240, .T. ) ;
#456 = EDGE_CURVE ( 'NONE', #1151, #1032, #3397, .T. ) ;
#457 = VERTEX_POINT ( 'NONE', #4200 ) ;
#458 = CARTESIAN_POINT ( 'NONE',  ( 6.183365160192089149, -3.000000000000000000, -15.46827786578618458 ) ) ;
#459 = CARTESIAN_POINT ( 'NONE',  ( -23.56145394839872509, -2.963980324420348644, 3.398043870170387226 ) ) ;
#460 = CIRCLE ( 'NONE', #1095, 14.64608244481093280 ) ;
#461 = CARTESIAN_POINT ( 'NONE',  ( -16.42414633486748698, 3.265000000000000124, 3.931755278065442560 ) ) ;
#462 = ORIENTED_EDGE ( 'NONE', *, *, #3836, .T. ) ;
#463 = CARTESIAN_POINT ( 'NONE',  ( 19.23334952206225523, -2.500000000000000000, 24.50825169393582570 ) ) ;
#465 = VERTEX_POINT ( 'NONE', #1985 ) ;
#464 = DIRECTION ( 'NONE',  ( 0.5735764363515727382, 0.000000000000000000, 0.8191520442886230935 ) ) ;
#466 = DIRECTION ( 'NONE',  ( 0.000000000000000000, 0.000000000000000000, -1.000000000000000000 ) ) ;
#467 = VECTOR ( 'NONE', #4672, 1000.000000000000000 ) ;
#468 = DIRECTION ( 'NONE',  ( -0.3420201433256716550, 0.000000000000000000, 0.9396926207859073177 ) ) ;
#469 = CARTESIAN_POINT ( 'NONE',  ( 9.691120861856093782, 3.265000000000000124, -29.60841622532396400 ) ) ;
#470 = ORIENTED_EDGE ( 'NONE', *, *, #1255, .F. ) ;
#471 = ORIENTED_EDGE ( 'NONE', *, *, #4360, .T. ) ;
#472 = CARTESIAN_POINT ( 'NONE',  ( 19.23334952206225523, -3.000000000000000000, 24.50825169393582570 ) ) ;
#473 = DIRECTION ( 'NONE',  ( -0.000000000000000000, 1.000000000000000000, -0.000000000000000000 ) ) ;
#474 = ORIENTED_EDGE ( 'NONE', *, *, #448, .F. ) ;
#475 = LINE ( 'NONE', #890, #2997 ) ;
#476 = CARTESIAN_POINT ( 'NONE',  ( 15.42824042424783570, -2.669027361112080055, 4.600126581111984692 ) ) ;
#477 = ORIENTED_EDGE ( 'NONE', *, *, #2351, .T. ) ;
#478 = EDGE_CURVE ( 'NONE', #692, #1850, #2699, .T. ) ;
#479 = ADVANCED_FACE ( 'NONE', ( #2878 ), #1694, .T. ) ;
#480 = DIRECTION ( 'NONE',  ( 0.9848077530122083534, 0.000000000000000000, -0.1736481776669289434 ) ) ;
#481 = ORIENTED_EDGE ( 'NONE', *, *, #1795, .T. ) ;
#482 = EDGE_CURVE ( 'NONE', #2231, #2265, #4680, .T. ) ;
#483 = EDGE_CURVE ( 'NONE', #3114, #182, #2086, .T. ) ;
#484 = CARTESIAN_POINT ( 'NONE',  ( -11.11897577065581899, -2.500000000000000000, 12.21427245106175263 ) ) ;
#485 = CARTESIAN_POINT ( 'NONE',  ( -11.60809380826081316, -3.000000000000000000, -28.91069513293903270 ) ) ;
#486 = EDGE_LOOP ( 'NONE', ( #1756, #3509, #4347, #816 ) ) ;
#487 = CARTESIAN_POINT ( 'NONE',  ( -11.61707311970166501, -2.500000000000000000, 12.25785032243587658 ) ) ;
#489 = ORIENTED_EDGE ( 'NONE', *, *, #4354, .T. ) ;
#488 = CARTESIAN_POINT ( 'NONE',  ( 9.511283720560113508, -2.500000000000000000, -23.14975676410030303 ) ) ;
#490 = LINE ( 'NONE', #1253, #240 ) ;
#491 = FACE_OUTER_BOUND ( 'NONE', #744, .T. ) ;
#492 = CARTESIAN_POINT ( 'NONE',  ( 0.000000000000000000, -3.000000000000000000, 0.000000000000000000 ) ) ;
#493 = ORIENTED_EDGE ( 'NONE', *, *, #3304, .F. ) ;
#494 = VERTEX_POINT ( 'NONE', #3600 ) ;
#495 = CARTESIAN_POINT ( 'NONE',  ( -6.687283929631141710, -3.000000000000000444, -14.65238428445593222 ) ) ;
#496 = CARTESIAN_POINT ( 'NONE',  ( 7.243917375738558206, -2.500000000000000000, -14.37701709155918550 ) ) ;
#497 = VECTOR ( 'NONE', #468, 1000.000000000000227 ) ;
#498 = ORIENTED_EDGE ( 'NONE', *, *, #1673, .F. ) ;
#499 = DIRECTION ( 'NONE',  ( 0.000000000000000000, 0.000000000000000000, -1.000000000000000000 ) ) ;
#500 = CARTESIAN_POINT ( 'NONE',  ( 11.62179428098779077, -2.798953584472874567, 11.14306653760040788 ) ) ;
#501 = ORIENTED_EDGE ( 'NONE', *, *, #478, .T. ) ;
#502 = DIRECTION ( 'NONE',  ( 0.6427876096865573485, 0.000000000000000000, 0.7660444431189629144 ) ) ;
#503 = VECTOR ( 'NONE', #2163, 1000.000000000000000 ) ;
#504 = CYLINDRICAL_SURFACE ( 'NONE', #4458, 0.5000000000000002220 ) ;
#505 = ORIENTED_EDGE ( 'NONE', *, *, #1492, .F. ) ;
#506 = B_SPLINE_CURVE_WITH_KNOTS ( 'NONE', 3,
 ( #745, #399, #3004, #1889, #2234, #796, #4470, #1213 ),
 .UNSPECIFIED., .F., .F.,
 ( 4, 2, 2, 4 ),
 ( 0.000000000000000000, 0.0002402254661766061318, 0.0004804509323532122635, 0.0009609018647064183471 ),
 .UNSPECIFIED. ) ;
#507 = CARTESIAN_POINT ( 'NONE',  ( 19.12613749183849521, -3.000000000000000000, 25.73369080688134147 ) ) ;
#508 = VECTOR ( 'NONE', #1425, 1000.000000000000000 ) ;
#509 = EDGE_CURVE ( 'NONE', #3128, #3020, #4253, .T. ) ;
#510 = AXIS2_PLACEMENT_3D ( 'NONE', #1308, #3098, #3141 ) ;
#511 = EDGE_CURVE ( 'NONE', #4390, #2798, #2157, .T. ) ;
#512 = CARTESIAN_POINT ( 'NONE',  ( -9.211470339405375185, -2.500000000000000000, -19.75406189091275877 ) ) ;
#513 = VERTEX_POINT ( 'NONE', #2438 ) ;
#514 = CARTESIAN_POINT ( 'NONE',  ( 21.71325459516049960, -3.000000000000000000, 1.899663625324518490 ) ) ;
#515 = VECTOR ( 'NONE', #4011, 1000.000000000000114 ) ;
#516 = EDGE_CURVE ( 'NONE', #465, #4367, #3628, .T. ) ;
#518 = ORIENTED_EDGE ( 'NONE', *, *, #574, .F. ) ;
#517 = DIRECTION ( 'NONE',  ( 0.08715574274696420709, 0.000000000000000000, 0.9961946980918062744 ) ) ;
#519 = CIRCLE ( 'NONE', #751, 14.57731163100814697 ) ;
#520 = DIRECTION ( 'NONE',  ( -0.000000000000000000, 1.000000000000000000, -0.000000000000000000 ) ) ;
#521 = CARTESIAN_POINT ( 'NONE',  ( 7.551528890804066307, -3.000000000000000000, -22.26803339793055514 ) ) ;
#522 = ORIENTED_EDGE ( 'NONE', *, *, #4092, .T. ) ;
#523 = EDGE_LOOP ( 'NONE', ( #4643, #398, #88, #3961, #3221, #892, #3362, #3047, #2731, #4499, #4087, #2987, #3340, #1824, #205, #416, #2007, #158, #3814, #2663, #2900, #3645, #4148, #2317, #2724, #3629, #2642, #3091 ) ) ;
#524 = DIRECTION ( 'NONE',  ( 0.000000000000000000, 1.000000000000000000, -0.000000000000000000 ) ) ;
#525 = DIRECTION ( 'NONE',  ( 0.000000000000000000, 0.000000000000000000, 1.000000000000000000 ) ) ;
#526 = ORIENTED_EDGE ( 'NONE', *, *, #3660, .F. ) ;
#527 = DIRECTION ( 'NONE',  ( 0.5735764363506853369, 0.000000000000000000, -0.8191520442892443743 ) ) ;
#528 = CARTESIAN_POINT ( 'NONE',  ( -7.243917375737632725, -2.500000000000000000, -14.37701709155922636 ) ) ;
#529 = ORIENTED_EDGE ( 'NONE', *, *, #1177, .T. ) ;
#530 = DIRECTION ( 'NONE',  ( 0.000000000000000000, -1.000000000000000000, 0.000000000000000000 ) ) ;
#531 = CARTESIAN_POINT ( 'NONE',  ( -20.21386016967401034, -0.01920984833664341959, -12.06332197743127743 ) ) ;
#532 = AXIS2_PLACEMENT_3D ( 'NONE', #3404, #1108, #1204 ) ;
#533 =( BOUNDED_CURVE ( )  B_SPLINE_CURVE ( 3, ( #4084, #2295, #3407, #2655 ),
 .UNSPECIFIED., .F., .T. ) 
 B_SPLINE_CURVE_WITH_KNOTS ( ( 4, 4 ),
 ( 3.141592653589793116, 4.712388980384688786 ),
 .UNSPECIFIED. ) 
 CURVE ( )  GEOMETRIC_REPRESENTATION_ITEM ( )  RATIONAL_B_SPLINE_CURVE ( ( 1.000000000000000000, 0.8047378541243652705, 0.8047378541243652705, 1.000000000000000000 ) ) 
 REPRESENTATION_ITEM ( '' )  );
#534 = ORIENTED_EDGE ( 'NONE', *, *, #2713, .T. ) ;
#535 = DIRECTION ( 'NONE',  ( 0.8660254037844438146, 0.000000000000000000, -0.4999999999999910627 ) ) ;
#536 = DIRECTION ( 'NONE',  ( 0.000000000000000000, 0.000000000000000000, -1.000000000000000000 ) ) ;
#537 = ORIENTED_EDGE ( 'NONE', *, *, #1088, .T. ) ;
#539 = ORIENTED_EDGE ( 'NONE', *, *, #4103, .F. ) ;
#538 = DIRECTION ( 'NONE',  ( -0.3420201433256690460, -0.000000000000000000, -0.9396926207859084279 ) ) ;
#540 = LINE ( 'NONE', #1230, #702 ) ;
#541 = EDGE_CURVE ( 'NONE', #1754, #2730, #3218, .T. ) ;
#542 = CARTESIAN_POINT ( 'NONE',  ( -6.500088757882004131, -2.999999999999999112, -15.48210631669995507 ) ) ;
#543 = FACE_OUTER_BOUND ( 'NONE', #610, .T. ) ;
#544 = ORIENTED_EDGE ( 'NONE', *, *, #592, .F. ) ;
#545 = ORIENTED_EDGE ( 'NONE', *, *, #2125, .T. ) ;
#546 = AXIS2_PLACEMENT_3D ( 'NONE', #2457, #2744, #536 ) ;
#547 = CARTESIAN_POINT ( 'NONE',  ( -16.77838861730829123, 3.265000000000000124, 1.922747461919029899 ) ) ;
#548 = EDGE_CURVE ( 'NONE', #3070, #2824, #3068, .T. ) ;
#549 = LINE ( 'NONE', #3875, #3931 ) ;
#550 = DIRECTION ( 'NONE',  ( -0.8191520442892442633, -0.000000000000000000, -0.5735764363506855590 ) ) ;
#551 = CARTESIAN_POINT ( 'NONE',  ( 23.56909177937838962, -3.000000000000000000, 4.683888629679213267 ) ) ;
#552 = VERTEX_POINT ( 'NONE', #233 ) ;
#553 = FACE_OUTER_BOUND ( 'NONE', #616, .T. ) ;
#554 = CARTESIAN_POINT ( 'NONE',  ( -15.36408642680025771, -3.000000000000000000, 19.11918158603583251 ) ) ;
#555 = CARTESIAN_POINT ( 'NONE',  ( 9.794555928166385428, -3.000000000000000000, -30.56969980137531806 ) ) ;
#556 = ORIENTED_EDGE ( 'NONE', *, *, #2, .F. ) ;
#557 = CARTESIAN_POINT ( 'NONE',  ( 11.61707311970207712, -2.500000000000000000, 12.25785032243555506 ) ) ;
#558 =( BOUNDED_CURVE ( )  B_SPLINE_CURVE ( 3, ( #4574, #194, #3152, #2813 ),
 .UNSPECIFIED., .F., .T. ) 
 B_SPLINE_CURVE_WITH_KNOTS ( ( 4, 4 ),
 ( 4.712388980384691450, 6.283185307179586232 ),
 .UNSPECIFIED. ) 
 CURVE ( )  GEOMETRIC_REPRESENTATION_ITEM ( )  RATIONAL_B_SPLINE_CURVE ( ( 1.000000000000000000, 0.8047378541243654926, 0.8047378541243654926, 1.000000000000000000 ) ) 
 REPRESENTATION_ITEM ( '' )  );
#559 = ORIENTED_EDGE ( 'NONE', *, *, #1817, .T. ) ;
#560 = AXIS2_PLACEMENT_3D ( 'NONE', #3516, #4191, #881 ) ;
#562 = CARTESIAN_POINT ( 'NONE',  ( -12.72296122597416002, -2.500000000000000000, -29.43056634764681334 ) ) ;
#561 = CYLINDRICAL_SURFACE ( 'NONE', #3627, 0.5000000000000000000 ) ;
#563 = DIRECTION ( 'NONE',  ( -0.000000000000000000, 1.000000000000000000, -0.000000000000000000 ) ) ;
#564 = CARTESIAN_POINT ( 'NONE',  ( 4.807073215165557301, -3.000000000000000000, -16.18960560050119213 ) ) ;
#565 = ORIENTED_EDGE ( 'NONE', *, *, #3208, .F. ) ;
#566 = EDGE_CURVE ( 'NONE', #1172, #858, #2784, .T. ) ;
#567 = EDGE_LOOP ( 'NONE', ( #3008, #3692, #1086, #1005, #529, #2297 ) ) ;
#568 = DIRECTION ( 'NONE',  ( 0.08715574274745555017, 0.000000000000000000, -0.9961946980917633088 ) ) ;
#569 = CARTESIAN_POINT ( 'NONE',  ( 9.691120861856093782, -3.000000000000000000, -29.60841622532396400 ) ) ;
#570 = EDGE_CURVE ( 'NONE', #2140, #2315, #2701, .T. ) ;
#571 = DIRECTION ( 'NONE',  ( -0.5735764363506832275, 0.000000000000000000, 0.8191520442892458176 ) ) ;
#572 = CARTESIAN_POINT ( 'NONE',  ( -12.72296122597416002, 3.265000000000000124, -29.43056634764681334 ) ) ;
#573 = LINE ( 'NONE', #1646, #2349 ) ;
#574 = EDGE_CURVE ( 'NONE', #1060, #424, #1718, .T. ) ;
#575 = CARTESIAN_POINT ( 'NONE',  ( -15.41649094842271239, -2.500000000000000000, 4.637323175571033573 ) ) ;
#576 = EDGE_LOOP ( 'NONE', ( #3965, #2687, #3034, #1391 ) ) ;
#577 = VECTOR ( 'NONE', #2239, 1000.000000000000000 ) ;
#578 = AXIS2_PLACEMENT_3D ( 'NONE', #1350, #1709, #2079 ) ;
#579 = FACE_OUTER_BOUND ( 'NONE', #1712, .T. ) ;
#580 = CIRCLE ( 'NONE', #1056, 23.53000000000000114 ) ;
#581 = DIRECTION ( 'NONE',  ( -0.3420201433256418455, -0.000000000000000000, 0.9396926207859181979 ) ) ;
#582 = VERTEX_POINT ( 'NONE', #613 ) ;
#583 = ORIENTED_EDGE ( 'NONE', *, *, #3239, .F. ) ;
#584 = CARTESIAN_POINT ( 'NONE',  ( 23.74968588415223536, -3.000000000000000000, 3.659688566544963884 ) ) ;
#585 = CARTESIAN_POINT ( 'NONE',  ( -15.50891816952571745, -2.500000000000000000, 17.67383255581410140 ) ) ;
#586 = AXIS2_PLACEMENT_3D ( 'NONE', #347, #4770, #276 ) ;
#587 = CIRCLE ( 'NONE', #1683, 14.64608244481071075 ) ;
#588 = DIRECTION ( 'NONE',  ( 0.000000000000000000, 0.000000000000000000, 1.000000000000000000 ) ) ;
#589 = ORIENTED_EDGE ( 'NONE', *, *, #1848, .T. ) ;
#590 = ORIENTED_EDGE ( 'NONE', *, *, #1083, .T. ) ;
#591 = LINE ( 'NONE', #3552, #1677 ) ;
#592 = EDGE_CURVE ( 'NONE', #1568, #494, #980, .T. ) ;
#593 = DIRECTION ( 'NONE',  ( 0.000000000000000000, 0.000000000000000000, 1.000000000000000000 ) ) ;
#594 = ORIENTED_EDGE ( 'NONE', *, *, #630, .F. ) ;
#595 = VECTOR ( 'NONE', #4456, 1000.000000000000000 ) ;
#596 = CARTESIAN_POINT ( 'NONE',  ( 20.79608018602494823, -2.500000000000000000, 23.19696497017266879 ) ) ;
#597 = CARTESIAN_POINT ( 'NONE',  ( -30.84144333032262608, -2.500000000000000000, 4.402443439002778014 ) ) ;
#598 = CARTESIAN_POINT ( 'NONE',  ( -9.204691530768590368, -2.964921559809626128, 13.21475458868973796 ) ) ;
#599 = FACE_OUTER_BOUND ( 'NONE', #3991, .T. ) ;
#600 = DIRECTION ( 'NONE',  ( 0.000000000000000000, 0.000000000000000000, 1.000000000000000000 ) ) ;
#601 = EDGE_LOOP ( 'NONE', ( #1574, #4578, #2434, #173, #3478, #2782, #1608, #2216, #3409, #1859, #3804, #4337, #3051, #4146, #489, #2136, #4585, #1129, #2251, #2854, #1432, #4113, #2888, #545, #1603, #372, #1138, #1252 ) ) ;
#602 = DIRECTION ( 'NONE',  ( 0.000000000000000000, 0.000000000000000000, 1.000000000000000000 ) ) ;
#603 = EDGE_CURVE ( 'NONE', #2606, #1820, #257, .T. ) ;
#604 = FACE_OUTER_BOUND ( 'NONE', #1352, .T. ) ;
#605 = ORIENTED_EDGE ( 'NONE', *, *, #1411, .F. ) ;
#607 = ORIENTED_EDGE ( 'NONE', *, *, #4703, .T. ) ;
#606 = CARTESIAN_POINT ( 'NONE',  ( 6.724046161570117697, -2.500000000000000000, -15.49188450811890938 ) ) ;
#608 = FACE_OUTER_BOUND ( 'NONE', #3561, .T. ) ;
#609 = DIRECTION ( 'NONE',  ( -0.5735764363516123732, 0.000000000000000000, 0.8191520442885952269 ) ) ;
#610 = EDGE_LOOP ( 'NONE', ( #3343, #3772, #2585, #842 ) ) ;
#611 = EDGE_LOOP ( 'NONE', ( #3465, #2115, #404, #4175, #4675, #1370, #3844, #1623 ) ) ;
#612 = DIRECTION ( 'NONE',  ( 0.9063077870369106170, 0.000000000000000000, -0.4226182617401404995 ) ) ;
#613 = CARTESIAN_POINT ( 'NONE',  ( -8.828903344063828484, -2.500000000000000000, 13.46192501608416947 ) ) ;
#614 = VECTOR ( 'NONE', #1801, 1000.000000000000114 ) ;
#615 = ORIENTED_EDGE ( 'NONE', *, *, #365, .F. ) ;
#616 = EDGE_LOOP ( 'NONE', ( #3917, #1895, #3405, #4042 ) ) ;
#617 = DIRECTION ( 'NONE',  ( -0.000000000000000000, 1.000000000000000000, -0.000000000000000000 ) ) ;
#618 = CARTESIAN_POINT ( 'NONE',  ( -10.05434245573797369, 3.265000000000000124, 13.56913704619718430 ) ) ;
#619 = DIRECTION ( 'NONE',  ( 0.000000000000000000, 0.000000000000000000, 1.000000000000000000 ) ) ;
#620 = DIRECTION ( 'NONE',  ( -0.3420201433256716550, 0.000000000000000000, 0.9396926207859073177 ) ) ;
#621 = AXIS2_PLACEMENT_3D ( 'NONE', #3590, #2509, #4743 ) ;
#622 = EDGE_CURVE ( 'NONE', #2204, #3427, #4325, .T. ) ;
#623 = LINE ( 'NONE', #676, #1268 ) ;
#624 = EDGE_CURVE ( 'NONE', #3922, #949, #3196, .T. ) ;
#625 = ORIENTED_EDGE ( 'NONE', *, *, #1349, .T. ) ;
#626 = DIRECTION ( 'NONE',  ( -0.9063077870368988487, 0.000000000000000000, -0.4226182617401657016 ) ) ;
#627 = DIRECTION ( 'NONE',  ( 0.000000000000000000, 0.000000000000000000, 1.000000000000000000 ) ) ;
#628 = ADVANCED_FACE ( 'NONE', ( #1516 ), #716, .T. ) ;
#629 = VERTEX_POINT ( 'NONE', #2254 ) ;
#630 = EDGE_CURVE ( 'NONE', #1220, #1168, #4371, .T. ) ;
#631 = EDGE_CURVE ( 'NONE', #949, #333, #2275, .T. ) ;
#633 = ORIENTED_EDGE ( 'NONE', *, *, #2, .T. ) ;
#632 = LINE ( 'NONE', #318, #2781 ) ;
#634 = LINE ( 'NONE', #1757, #1670 ) ;
#635 = DIRECTION ( 'NONE',  ( -0.000000000000000000, 1.000000000000000000, -0.000000000000000000 ) ) ;
#636 = DIRECTION ( 'NONE',  ( -0.9396926207859089830, 0.000000000000000000, -0.3420201433256673806 ) ) ;
#637 = EDGE_LOOP ( 'NONE', ( #1488, #2869, #3293, #2760 ) ) ;
#638 = ORIENTED_EDGE ( 'NONE', *, *, #1260, .T. ) ;
#639 = CARTESIAN_POINT ( 'NONE',  ( -7.728179347889287065, -3.000000000000000000, -22.75337653990847642 ) ) ;
#640 = DIRECTION ( 'NONE',  ( -0.4226182617402906017, -0.000000000000000000, -0.9063077870368406730 ) ) ;
#641 = DIRECTION ( 'NONE',  ( 0.7660444431189296077, 0.000000000000000000, -0.6427876096865972055 ) ) ;
#642 = CARTESIAN_POINT ( 'NONE',  ( 8.828903344064006120, -2.586846802861124228, 13.46192501608482850 ) ) ;
#643 = CARTESIAN_POINT ( 'NONE',  ( 19.65932503706210355, -3.000000000000000000, 25.37618590062854196 ) ) ;
#644 = DIRECTION ( 'NONE',  ( -0.9848077530122080203, 0.000000000000000000, 0.1736481776669309696 ) ) ;
#645 = CARTESIAN_POINT ( 'NONE',  ( -15.59101631136786992, -3.000000000000000000, 4.041329231023568447 ) ) ;
#646 = ORIENTED_EDGE ( 'NONE', *, *, #2641, .T. ) ;
#647 = CARTESIAN_POINT ( 'NONE',  ( 16.85536625282482603, -3.000000000000000000, 18.50060498289538202 ) ) ;
#648 = EDGE_CURVE ( 'NONE', #1092, #2639, #1162, .T. ) ;
#649 = LINE ( 'NONE', #1778, #2020 ) ;
#650 = VECTOR ( 'NONE', #3519, 1000.000000000000114 ) ;
#651 = ORIENTED_EDGE ( 'NONE', *, *, #3506, .T. ) ;
#653 = ORIENTED_EDGE ( 'NONE', *, *, #277, .F. ) ;
#652 = DIRECTION ( 'NONE',  ( -0.000000000000000000, -1.000000000000000000, -0.000000000000000000 ) ) ;
#654 = CARTESIAN_POINT ( 'NONE',  ( -0.3402132016499035960, -0.01920984833667933184, 23.53737740419981961 ) ) ;
#655 = CARTESIAN_POINT ( 'NONE',  ( 8.948331360200624474, -2.790188110906355323, -21.85539800527076437 ) ) ;
#656 = VECTOR ( 'NONE', #2309, 1000.000000000000114 ) ;
#657 = EDGE_CURVE ( 'NONE', #3981, #1754, #3751, .T. ) ;
#658 = B_SPLINE_CURVE_WITH_KNOTS ( 'NONE', 3,
 ( #4003, #705, #4472, #2193, #1918, #3390, #294, #4026 ),
 .UNSPECIFIED., .F., .F.,
 ( 4, 2, 2, 4 ),
 ( 8.673617379884035472E-19, 0.0002243944063327149455, 0.0004487888126654290236, 0.0008975776253308579387 ),
 .UNSPECIFIED. ) ;
#659 = DIRECTION ( 'NONE',  ( -0.9848077530122086864, -0.000000000000000000, 0.1736481776669272503 ) ) ;
#660 = ADVANCED_FACE ( 'NONE', ( #769 ), #3727, .F. ) ;
#661 = VERTEX_POINT ( 'NONE', #4112 ) ;
#662 = ORIENTED_EDGE ( 'NONE', *, *, #2558, .F. ) ;
#663 = CARTESIAN_POINT ( 'NONE',  ( 12.50178425574276631, -2.500000000000000000, 17.85439826558163645 ) ) ;
#664 = EDGE_CURVE ( 'NONE', #2348, #2195, #3677, .T. ) ;
#665 = VECTOR ( 'NONE', #3944, 1000.000000000000114 ) ;
#666 = CARTESIAN_POINT ( 'NONE',  ( -11.72428514981518255, -2.500000000000000000, 11.03241121076153597 ) ) ;
#667 = ORIENTED_EDGE ( 'NONE', *, *, #3836, .F. ) ;
#668 = VECTOR ( 'NONE', #550, 1000.000000000000114 ) ;
#669 = CARTESIAN_POINT ( 'NONE',  ( 23.07722683461676638, -2.790188110906357100, 5.017236064247724059 ) ) ;
#670 = CARTESIAN_POINT ( 'NONE',  ( 9.485192156497154414, -3.000000000000000000, 13.01743292839957888 ) ) ;
#671 = AXIS2_PLACEMENT_3D ( 'NONE', #389, #1128, #300 ) ;
#672 = CARTESIAN_POINT ( 'NONE',  ( 12.72296122597525603, -3.000000000000000000, -29.43056634765067159 ) ) ;
#673 = VECTOR ( 'NONE', #2053, 1000.000000000000000 ) ;
#674 = CARTESIAN_POINT ( 'NONE',  ( 11.60809380826084514, 3.265000000000000124, -28.91069513294267423 ) ) ;
#675 = VECTOR ( 'NONE', #1125, 1000.000000000000000 ) ;
#676 = CARTESIAN_POINT ( 'NONE',  ( 10.43736467729789297, -3.000000000000000000, 13.24774324135359649 ) ) ;
#677 = EDGE_LOOP ( 'NONE', ( #1250, #4105, #275, #3538 ) ) ;
#678 = DIRECTION ( 'NONE',  ( 0.3420201433256698786, 0.000000000000000000, 0.9396926207859079838 ) ) ;
#679 = DIRECTION ( 'NONE',  ( 0.000000000000000000, 0.000000000000000000, 1.000000000000000000 ) ) ;
#680 = ORIENTED_EDGE ( 'NONE', *, *, #4015, .F. ) ;
#682 = LINE ( 'NONE', #4030, #2540 ) ;
#681 = CARTESIAN_POINT ( 'NONE',  ( -22.00638717967836300, -2.650060844301305618, 23.32069090788819921 ) ) ;
#683 = CARTESIAN_POINT ( 'NONE',  ( 16.77838861730841558, 3.265000000000000124, 1.922747461918894674 ) ) ;
#684 = AXIS2_PLACEMENT_3D ( 'NONE', #978, #3936, #1755 ) ;
#685 =( BOUNDED_CURVE ( )  B_SPLINE_CURVE ( 3, ( #2960, #2545, #1073, #8 ),
 .UNSPECIFIED., .F., .T. ) 
 B_SPLINE_CURVE_WITH_KNOTS ( ( 4, 4 ),
 ( 4.712388980384687898, 6.283185307179586232 ),
 .UNSPECIFIED. ) 
 CURVE ( )  GEOMETRIC_REPRESENTATION_ITEM ( )  RATIONAL_B_SPLINE_CURVE ( ( 1.000000000000000000, 0.8047378541243646044, 0.8047378541243646044, 1.000000000000000000 ) ) 
 REPRESENTATION_ITEM ( '' )  );
#686 = CARTESIAN_POINT ( 'NONE',  ( 0.09029705238705149073, -3.000000000000000000, -0.5121000315677520787 ) ) ;
#687 = EDGE_LOOP ( 'NONE', ( #3551, #4718, #3816, #795, #1353, #3283, #1490, #3690 ) ) ;
#688 = VERTEX_POINT ( 'NONE', #1887 ) ;
#689 = DIRECTION ( 'NONE',  ( -0.9848077530122211209, 0.000000000000000000, -0.1736481776668561960 ) ) ;
#690 = CARTESIAN_POINT ( 'NONE',  ( 22.97362297149689070, -3.000000000000000000, 5.086604718622285581 ) ) ;
#691 = VERTEX_POINT ( 'NONE', #3285 ) ;
#692 = VERTEX_POINT ( 'NONE', #4040 ) ;
#693 = LINE ( 'NONE', #596, #988 ) ;
#694 = DIRECTION ( 'NONE',  ( 0.9848077530122083534, 0.000000000000000000, -0.1736481776669289434 ) ) ;
#695 = EDGE_CURVE ( 'NONE', #688, #4787, #3453, .T. ) ;
#696 = ADVANCED_FACE ( 'NONE', ( #3354 ), #26, .T. ) ;
#697 = DIRECTION ( 'NONE',  ( -0.5735764363512209085, 0.000000000000000000, -0.8191520442888693410 ) ) ;
#698 = AXIS2_PLACEMENT_3D ( 'NONE', #4083, #1185, #3773 ) ;
#699 = FACE_OUTER_BOUND ( 'NONE', #4454, .T. ) ;
#700 = DIRECTION ( 'NONE',  ( -0.08715574274706107405, 0.000000000000000000, 0.9961946980917978367 ) ) ;
#701 = EDGE_LOOP ( 'NONE', ( #3941, #607, #4527, #4156 ) ) ;
#702 = VECTOR ( 'NONE', #1634, 1000.000000000000000 ) ;
#703 = DIRECTION ( 'NONE',  ( -0.5000000000000038858, 0.000000000000000000, 0.8660254037844363761 ) ) ;
#704 = VECTOR ( 'NONE', #1322, 1000.000000000000114 ) ;
#705 = CARTESIAN_POINT ( 'NONE',  ( -31.84909871781261259, -2.576007553701626041, 3.696875540765331092 ) ) ;
#706 = ORIENTED_EDGE ( 'NONE', *, *, #4098, .F. ) ;
#707 = ORIENTED_EDGE ( 'NONE', *, *, #4504, .T. ) ;
#709 = CARTESIAN_POINT ( 'NONE',  ( 0.000000000000000000, -2.500000000000000000, 0.000000000000000000 ) ) ;
#708 = CARTESIAN_POINT ( 'NONE',  ( -21.68385673245186496, -2.999999999999999556, 23.66055076116873934 ) ) ;
#710 = CARTESIAN_POINT ( 'NONE',  ( 1.020000000004281038, 0.000000000000000000, 23.50788165701008126 ) ) ;
#711 = DIRECTION ( 'NONE',  ( 0.4226182617402011732, 0.000000000000000000, -0.9063077870368824174 ) ) ;
#712 = EDGE_LOOP ( 'NONE', ( #3398, #4434, #2817, #706 ) ) ;
#714 = ORIENTED_EDGE ( 'NONE', *, *, #244, .F. ) ;
#713 = PLANE ( 'NONE',  #4271 ) ;
#715 = DIRECTION ( 'NONE',  ( -0.4226182617401404995, 0.000000000000000000, -0.9063077870369106170 ) ) ;
#716 = CYLINDRICAL_SURFACE ( 'NONE', #4295, 0.5000000000000001110 ) ;
#717 = VECTOR ( 'NONE', #3555, 1000.000000000000114 ) ;
#718 = CARTESIAN_POINT ( 'NONE',  ( 16.36881259516397691, -3.000000000000000000, 2.209535680094501853 ) ) ;
#720 = AXIS2_PLACEMENT_3D ( 'NONE', #3161, #3062, #857 ) ;
#719 = CARTESIAN_POINT ( 'NONE',  ( 8.998655526814697936, -3.000000000000000000, -21.74132237720895944 ) ) ;
#721 = ADVANCED_FACE ( 'NONE', ( #1812 ), #1495, .F. ) ;
#722 = EDGE_CURVE ( 'NONE', #3108, #1864, #2976, .T. ) ;
#723 = CARTESIAN_POINT ( 'NONE',  ( -30.77798550052900239, -3.000000000000000000, 5.955011093778559861 ) ) ;
#724 = ADVANCED_FACE ( 'NONE', ( #1111 ), #2583, .T. ) ;
#725 = CARTESIAN_POINT ( 'NONE',  ( 24.80391930942181489, -2.500000000000000000, 3.337865057441846250 ) ) ;
#726 = ORIENTED_EDGE ( 'NONE', *, *, #4358, .F. ) ;
#727 = DIRECTION ( 'NONE',  ( -0.000000000000000000, 1.000000000000000000, -0.000000000000000000 ) ) ;
#728 = VERTEX_POINT ( 'NONE', #443 ) ;
#729 = VERTEX_POINT ( 'NONE', #1637 ) ;
#731 = LINE ( 'NONE', #3640, #755 ) ;
#730 = CARTESIAN_POINT ( 'NONE',  ( -24.78187224234873298, -2.656872957827537185, 3.353992937837029675 ) ) ;
#732 = DIRECTION ( 'NONE',  ( -0.1736481776669306643, 0.000000000000000000, 0.9848077530122080203 ) ) ;
#733 = VECTOR ( 'NONE', #1748, 1000.000000000000114 ) ;
#734 = CARTESIAN_POINT ( 'NONE',  ( 0.000000000000000000, -2.500000000000000000, 0.000000000000000000 ) ) ;
#735 = ORIENTED_EDGE ( 'NONE', *, *, #92, .F. ) ;
#737 = EDGE_LOOP ( 'NONE', ( #4344, #1831, #2211, #4483 ) ) ;
#736 = CARTESIAN_POINT ( 'NONE',  ( -12.72296122597416002, -2.500000000000000000, -29.43056634764681334 ) ) ;
#738 = AXIS2_PLACEMENT_3D ( 'NONE', #1503, #1894, #3711 ) ;
#739 = CARTESIAN_POINT ( 'NONE',  ( -14.71223194868115236, -2.500000000000000000, 18.34233166988876462 ) ) ;
#740 = AXIS2_PLACEMENT_3D ( 'NONE', #2346, #2664, #502 ) ;
#741 = AXIS2_PLACEMENT_3D ( 'NONE', #3016, #4429, #77 ) ;
#742 = CARTESIAN_POINT ( 'NONE',  ( 0.3983431104224928743, -3.000000000000000000, 0.3342495570375241809 ) ) ;
#743 = ORIENTED_EDGE ( 'NONE', *, *, #3010, .F. ) ;
#744 = EDGE_LOOP ( 'NONE', ( #2977, #3866, #2950, #176, #1395, #2271 ) ) ;
#745 = CARTESIAN_POINT ( 'NONE',  ( 23.32786525393763810, -2.500000000000000000, 3.077596902475849383 ) ) ;
#746 = VECTOR ( 'NONE', #1570, 1000.000000000000000 ) ;
#747 = CARTESIAN_POINT ( 'NONE',  ( 0.000000000000000000, -2.500000000000000000, 0.000000000000000000 ) ) ;
#748 = AXIS2_PLACEMENT_3D ( 'NONE', #564, #636, #3166 ) ;
#749 = CARTESIAN_POINT ( 'NONE',  ( 12.72296122597525603, 3.265000000000000124, -29.43056634765067159 ) ) ;
#750 = ORIENTED_EDGE ( 'NONE', *, *, #2328, .F. ) ;
#751 = AXIS2_PLACEMENT_3D ( 'NONE', #3236, #1373, #2484 ) ;
#752 = ADVANCED_FACE ( 'NONE', ( #3381 ), #4538, .T. ) ;
#753 = VECTOR ( 'NONE', #3195, 1000.000000000000000 ) ;
#754 = CARTESIAN_POINT ( 'NONE',  ( -24.44967702698092893, 3.265000000000000124, 5.346872873588896624 ) ) ;
#755 = VECTOR ( 'NONE', #2920, 1000.000000000000000 ) ;
#756 = EDGE_LOOP ( 'NONE', ( #2337, #1879, #2523, #667 ) ) ;
#757 = ORIENTED_EDGE ( 'NONE', *, *, #4476, .F. ) ;
#759 = CARTESIAN_POINT ( 'NONE',  ( 6.724046161570117697, -3.000000000000000000, -15.49188450811890938 ) ) ;
#758 = CARTESIAN_POINT ( 'NONE',  ( -24.66046712532139296, -2.840063043677878873, 3.442501356748217667 ) ) ;
#760 = EDGE_CURVE ( 'NONE', #3185, #1115, #4196, .T. ) ;
#761 = FACE_OUTER_BOUND ( 'NONE', #242, .T. ) ;
#762 = CARTESIAN_POINT ( 'NONE',  ( 0.09029705238694772651, -3.000000000000000000, 0.5121000315671739855 ) ) ;
#763 = ORIENTED_EDGE ( 'NONE', *, *, #1147, .T. ) ;
#765 = ORIENTED_EDGE ( 'NONE', *, *, #3956, .T. ) ;
#764 = CARTESIAN_POINT ( 'NONE',  ( 9.171249647149318562, 3.265000000000000124, -30.72328364303766790 ) ) ;
#766 = CARTESIAN_POINT ( 'NONE',  ( -20.79608018602539232, -2.792893218813451650, 23.19696497017492831 ) ) ;
#767 = AXIS2_PLACEMENT_3D ( 'NONE', #438, #1157, #1538 ) ;
#768 = LINE ( 'NONE', #3796, #497 ) ;
#769 = FACE_OUTER_BOUND ( 'NONE', #2047, .T. ) ;
#770 = ORIENTED_EDGE ( 'NONE', *, *, #1114, .F. ) ;
#771 = EDGE_LOOP ( 'NONE', ( #973, #3183, #3666, #3456 ) ) ;
#772 = FACE_OUTER_BOUND ( 'NONE', #4491, .T. ) ;
#773 = DIRECTION ( 'NONE',  ( -0.8191520442888685638, 0.000000000000000000, 0.5735764363512223518 ) ) ;
#774 = DIRECTION ( 'NONE',  ( -0.8191520442892409326, -0.000000000000000000, -0.5735764363506903329 ) ) ;
#775 = VERTEX_POINT ( 'NONE', #4130 ) ;
#776 = CARTESIAN_POINT ( 'NONE',  ( 9.511283720560113508, -2.500000000000000000, -23.14975676410030303 ) ) ;
#777 = ORIENTED_EDGE ( 'NONE', *, *, #4358, .T. ) ;
#778 = AXIS2_PLACEMENT_3D ( 'NONE', #2580, #1860, #4414 ) ;
#779 = ORIENTED_EDGE ( 'NONE', *, *, #456, .T. ) ;
#781 = CARTESIAN_POINT ( 'NONE',  ( 24.44967702698105683, -2.500000000000000000, 5.346872873588295327 ) ) ;
#780 = CARTESIAN_POINT ( 'NONE',  ( -24.80391930942171896, -2.579909940079745390, 3.337865057442499506 ) ) ;
#782 = CARTESIAN_POINT ( 'NONE',  ( -9.511283720561253929, -3.000000000000000000, -23.14975676409983407 ) ) ;
#783 = EDGE_CURVE ( 'NONE', #661, #2971, #3820, .T. ) ;
#784 = EDGE_CURVE ( 'NONE', #2311, #4656, #1219, .T. ) ;
#785 = EDGE_CURVE ( 'NONE', #3108, #4599, #4490, .T. ) ;
#786 = DIRECTION ( 'NONE',  ( 0.4226182617408856257, 0.000000000000000000, 0.9063077870365632283 ) ) ;
#787 = VERTEX_POINT ( 'NONE', #1187 ) ;
#788 = DIRECTION ( 'NONE',  ( 0.000000000000000000, 0.000000000000000000, 1.000000000000000000 ) ) ;
#790 = ORIENTED_EDGE ( 'NONE', *, *, #2474, .F. ) ;
#789 = CARTESIAN_POINT ( 'NONE',  ( 31.81950566235579458, -3.000000000000000888, 4.186932003366884203 ) ) ;
#791 = CARTESIAN_POINT ( 'NONE',  ( -16.06542898214510018, -2.798945815778256296, 1.065851284156505763 ) ) ;
#792 = DIRECTION ( 'NONE',  ( -0.9063077870368824174, 0.000000000000000000, -0.4226182617402011732 ) ) ;
#793 = DIRECTION ( 'NONE',  ( 0.1736481776668588328, 0.000000000000000000, -0.9848077530122207879 ) ) ;
#794 = ORIENTED_EDGE ( 'NONE', *, *, #1552, .T. ) ;
#795 = ORIENTED_EDGE ( 'NONE', *, *, #449, .F. ) ;
#796 = CARTESIAN_POINT ( 'NONE',  ( 23.56145394839881391, -2.963980324420345980, 3.398043870169718428 ) ) ;
#797 = DIRECTION ( 'NONE',  ( 0.000000000000000000, 0.000000000000000000, 1.000000000000000000 ) ) ;
#798 = CARTESIAN_POINT ( 'NONE',  ( 31.19950434987518761, -2.650060844301351359, 7.397744889173384131 ) ) ;
#799 = ORIENTED_EDGE ( 'NONE', *, *, #1703, .T. ) ;
#800 = DIRECTION ( 'NONE',  ( 0.000000000000000000, 1.000000000000000000, -0.000000000000000000 ) ) ;
#801 = ORIENTED_EDGE ( 'NONE', *, *, #1318, .T. ) ;
#803 = DIRECTION ( 'NONE',  ( -0.000000000000000000, -1.000000000000000000, -0.000000000000000000 ) ) ;
#802 = DIRECTION ( 'NONE',  ( -0.000000000000000000, -1.000000000000000000, -0.000000000000000000 ) ) ;
#804 = DIRECTION ( 'NONE',  ( 0.5735764363506903329, 0.000000000000000000, -0.8191520442892409326 ) ) ;
#805 = EDGE_CURVE ( 'NONE', #1109, #1650, #2362, .T. ) ;
#806 = CARTESIAN_POINT ( 'NONE',  ( -22.16644285628605715, 3.265000000000000124, -11.62000720090157735 ) ) ;
#807 = EDGE_LOOP ( 'NONE', ( #1551, #2093, #4038, #2619 ) ) ;
#808 = CARTESIAN_POINT ( 'NONE',  ( 15.89194039108607015, 3.265000000000000124, 17.35243875097005528 ) ) ;
#810 = ORIENTED_EDGE ( 'NONE', *, *, #3511, .F. ) ;
#809 = CARTESIAN_POINT ( 'NONE',  ( -19.12613749183868350, -2.500000000000000000, 25.73369080688125976 ) ) ;
#811 = CARTESIAN_POINT ( 'NONE',  ( -19.75406189090918829, -3.000000000000000000, -9.211470339384604245 ) ) ;
#812 = CARTESIAN_POINT ( 'NONE',  ( -4.807073215166054680, 3.265000000000000124, -16.18960560050088304 ) ) ;
#813 = EDGE_CURVE ( 'NONE', #2140, #3967, #4583, .T. ) ;
#814 = EDGE_CURVE ( 'NONE', #350, #4772, #1717, .T. ) ;
#815 = DIRECTION ( 'NONE',  ( 0.000000000000000000, 0.000000000000000000, 1.000000000000000000 ) ) ;
#816 = ORIENTED_EDGE ( 'NONE', *, *, #3066, .F. ) ;
#817 = ORIENTED_EDGE ( 'NONE', *, *, #3209, .F. ) ;
#818 = CIRCLE ( 'NONE', #4138, 14.64608244481071431 ) ;
#819 = AXIS2_PLACEMENT_3D ( 'NONE', #861, #4535, #374 ) ;
#820 = EDGE_CURVE ( 'NONE', #3966, #253, #3408, .T. ) ;
#821 = CARTESIAN_POINT ( 'NONE',  ( 6.609112019196367704, -3.000000000000000000, -14.68773450766287603 ) ) ;
#822 = B_SPLINE_CURVE_WITH_KNOTS ( 'NONE', 3,
 ( #341, #2574, #3696, #368, #2968, #1126, #2601, #1829, #1508, #3303 ),
 .UNSPECIFIED., .F., .F.,
 ( 4, 2, 2, 2, 4 ),
 ( 0.000000000000000000, 0.0002540264268554403410, 0.0005080528537108806820, 0.0007620792805663209688, 0.001016105707421761364 ),
 .UNSPECIFIED. ) ;
#823 = DIRECTION ( 'NONE',  ( -0.000000000000000000, -1.000000000000000000, -0.000000000000000000 ) ) ;
#824 = DIRECTION ( 'NONE',  ( 0.5735764363512209085, -0.000000000000000000, 0.8191520442888693410 ) ) ;
#825 = ORIENTED_EDGE ( 'NONE', *, *, #2670, .T. ) ;
#826 = CYLINDRICAL_SURFACE ( 'NONE', #4443, 0.5000000000000001110 ) ;
#827 = AXIS2_PLACEMENT_3D ( 'NONE', #690, #2903, #2180 ) ;
#828 = AXIS2_PLACEMENT_3D ( 'NONE', #2735, #187, #1666 ) ;
#829 = ORIENTED_EDGE ( 'NONE', *, *, #3126, .F. ) ;
#831 = CYLINDRICAL_SURFACE ( 'NONE', #1222, 0.5000000000000001110 ) ;
#830 = CARTESIAN_POINT ( 'NONE',  ( -11.20908218885295682, -3.000000000000000000, -29.27632191859747124 ) ) ;
#832 = CARTESIAN_POINT ( 'NONE',  ( 9.171249647149318562, -3.000000000000000000, -30.72328364303766790 ) ) ;
#833 = DIRECTION ( 'NONE',  ( -0.000000000000000000, -1.000000000000000000, -0.000000000000000000 ) ) ;
#834 = ORIENTED_EDGE ( 'NONE', *, *, #1491, .F. ) ;
#836 = ORIENTED_EDGE ( 'NONE', *, *, #1770, .F. ) ;
#835 = CARTESIAN_POINT ( 'NONE',  ( 9.018935505067913638, -3.000000000000000444, -22.93024761324314653 ) ) ;
#837 = CARTESIAN_POINT ( 'NONE',  ( -16.02450721727552008, -3.000000000000000000, 1.620208348750909577 ) ) ;
#838 = FACE_OUTER_BOUND ( 'NONE', #771, .T. ) ;
#839 = CARTESIAN_POINT ( 'NONE',  ( 23.06044706033034686, -2.500000000000000000, 4.594200842116179295 ) ) ;
#840 = ORIENTED_EDGE ( 'NONE', *, *, #814, .F. ) ;
#841 = ADVANCED_FACE ( 'NONE', ( #157 ), #3113, .F. ) ;
#842 = ORIENTED_EDGE ( 'NONE', *, *, #369, .F. ) ;
#843 = CARTESIAN_POINT ( 'NONE',  ( -22.99829044659396260, -2.659497393407476817, 5.070130268428332698 ) ) ;
#844 = VECTOR ( 'NONE', #2141, 1000.000000000000114 ) ;
#845 = DIRECTION ( 'NONE',  ( -1.000000000000000000, 0.000000000000000000, 0.000000000000000000 ) ) ;
#846 = EDGE_CURVE ( 'NONE', #87, #375, #2685, .T. ) ;
#847 = EDGE_CURVE ( 'NONE', #1368, #787, #4056, .T. ) ;
#848 = DIRECTION ( 'NONE',  ( 0.3420201433256698231, 0.000000000000000000, 0.9396926207859079838 ) ) ;
#849 = ORIENTED_EDGE ( 'NONE', *, *, #4498, .T. ) ;
#850 = CARTESIAN_POINT ( 'NONE',  ( 22.16644285628431987, -0.9761472547094184327, -11.62000720090513184 ) ) ;
#851 = ORIENTED_EDGE ( 'NONE', *, *, #3443, .T. ) ;
#852 = DIRECTION ( 'NONE',  ( 0.9961946980917623096, 0.000000000000000000, 0.08715574274746687444 ) ) ;
#853 = VECTOR ( 'NONE', #2407, 1000.000000000000114 ) ;
#854 = B_SPLINE_CURVE_WITH_KNOTS ( 'NONE', 3,
 ( #3993, #2881, #2159, #669, #3630, #3286, #4660, #4749 ),
 .UNSPECIFIED., .F., .F.,
 ( 4, 2, 2, 4 ),
 ( 0.000000000000000000, 0.0002402254661766077310, 0.0004804509323532154619, 0.0009609018647064309238 ),
 .UNSPECIFIED. ) ;
#855 = LINE ( 'NONE', #435, #159 ) ;
#856 = ORIENTED_EDGE ( 'NONE', *, *, #311, .F. ) ;
#858 = VERTEX_POINT ( 'NONE', #469 ) ;
#857 = DIRECTION ( 'NONE',  ( 0.000000000000000000, 0.000000000000000000, 1.000000000000000000 ) ) ;
#859 = CARTESIAN_POINT ( 'NONE',  ( 22.16644285628295208, 3.265000000000000124, -11.62000720090749972 ) ) ;
#860 = AXIS2_PLACEMENT_3D ( 'NONE', #2554, #4031, #1440 ) ;
#861 = CARTESIAN_POINT ( 'NONE',  ( 1.899663625333126493, -2.500000000000000000, 21.71325459515938050 ) ) ;
#862 = DIRECTION ( 'NONE',  ( 0.000000000000000000, 0.000000000000000000, 1.000000000000000000 ) ) ;
#863 = ORIENTED_EDGE ( 'NONE', *, *, #2478, .T. ) ;
#864 = ORIENTED_EDGE ( 'NONE', *, *, #2766, .F. ) ;
#865 = LINE ( 'NONE', #1661, #1679 ) ;
#866 = EDGE_CURVE ( 'NONE', #1724, #2853, #983, .T. ) ;
#867 = CARTESIAN_POINT ( 'NONE',  ( 6.530831529806402358, -3.000000000000000000, -14.72313383150276422 ) ) ;
#868 = ORIENTED_EDGE ( 'NONE', *, *, #2915, .F. ) ;
#869 = DIRECTION ( 'NONE',  ( 0.3420201433256684909, 0.000000000000000000, -0.9396926207859085389 ) ) ;
#870 = CARTESIAN_POINT ( 'NONE',  ( -14.35869536567855498, -2.659496569424237400, 18.66696122629651811 ) ) ;
#871 = VERTEX_POINT ( 'NONE', #3069 ) ;
#872 = PLANE ( 'NONE',  #740 ) ;
#873 = EDGE_CURVE ( 'NONE', #2083, #4756, #4754, .T. ) ;
#874 =( BOUNDED_CURVE ( )  B_SPLINE_CURVE ( 3, ( #4435, #1133, #766, #3724 ),
 .UNSPECIFIED., .F., .T. ) 
 B_SPLINE_CURVE_WITH_KNOTS ( ( 4, 4 ),
 ( 1.570796326794902331, 3.141592653589793116 ),
 .UNSPECIFIED. ) 
 CURVE ( )  GEOMETRIC_REPRESENTATION_ITEM ( )  RATIONAL_B_SPLINE_CURVE ( ( 1.000000000000000000, 0.8047378541243663808, 0.8047378541243663808, 1.000000000000000000 ) ) 
 REPRESENTATION_ITEM ( '' )  );
#875 = EDGE_CURVE ( 'NONE', #3667, #1568, #2852, .T. ) ;
#876 = VECTOR ( 'NONE', #3579, 1000.000000000000000 ) ;
#877 = ORIENTED_EDGE ( 'NONE', *, *, #2923, .T. ) ;
#878 = CARTESIAN_POINT ( 'NONE',  ( 19.12613749183849521, -2.500000000000000000, 25.73369080688134147 ) ) ;
#879 = ORIENTED_EDGE ( 'NONE', *, *, #2350, .F. ) ;
#880 = DIRECTION ( 'NONE',  ( 0.3420201433256419010, -0.000000000000000000, -0.9396926207859180868 ) ) ;
#882 = VERTEX_POINT ( 'NONE', #3940 ) ;
#881 = DIRECTION ( 'NONE',  ( 0.000000000000000000, 0.000000000000000000, -1.000000000000000000 ) ) ;
#883 = FACE_OUTER_BOUND ( 'NONE', #4606, .T. ) ;
#884 = AXIS2_PLACEMENT_3D ( 'NONE', #3301, #2919, #2552 ) ;
#885 = DIRECTION ( 'NONE',  ( -0.000000000000000000, 1.000000000000000000, -0.000000000000000000 ) ) ;
#886 = ORIENTED_EDGE ( 'NONE', *, *, #418, .T. ) ;
#887 = ORIENTED_EDGE ( 'NONE', *, *, #4710, .T. ) ;
#888 = DIRECTION ( 'NONE',  ( 0.000000000000000000, 0.000000000000000000, -1.000000000000000000 ) ) ;
#889 = DIRECTION ( 'NONE',  ( 0.000000000000000000, 0.000000000000000000, 1.000000000000000000 ) ) ;
#890 = CARTESIAN_POINT ( 'NONE',  ( -23.32786525393755994, 3.265000000000000124, 3.077596902476485319 ) ) ;
#891 = CARTESIAN_POINT ( 'NONE',  ( -12.14675912257043677, -3.000000000000000000, -29.71356785366570463 ) ) ;
#892 = ORIENTED_EDGE ( 'NONE', *, *, #1436, .T. ) ;
#893 = CARTESIAN_POINT ( 'NONE',  ( -11.61707311970166501, -2.500000000000000000, 12.25785032243587658 ) ) ;
#894 = VECTOR ( 'NONE', #1773, 999.9999999999998863 ) ;
#895 = EDGE_CURVE ( 'NONE', #1032, #1427, #1037, .T. ) ;
#896 = DIRECTION ( 'NONE',  ( 0.000000000000000000, -1.000000000000000000, 0.000000000000000000 ) ) ;
#897 = EDGE_CURVE ( 'NONE', #93, #2965, #3572, .T. ) ;
#898 = ORIENTED_EDGE ( 'NONE', *, *, #2381, .F. ) ;
#899 = LINE ( 'NONE', #3860, #4604 ) ;
#900 = VECTOR ( 'NONE', #4173, 999.9999999999998863 ) ;
#901 = VECTOR ( 'NONE', #869, 1000.000000000000000 ) ;
#902 = ADVANCED_FACE ( 'NONE', ( #2465 ), #252, .T. ) ;
#903 = EDGE_LOOP ( 'NONE', ( #168, #1402, #3714, #4061 ) ) ;
#905 = ORIENTED_EDGE ( 'NONE', *, *, #1314, .F. ) ;
#904 = CARTESIAN_POINT ( 'NONE',  ( 8.875653739673348142, -3.000000000000000000, -22.86527994456709223 ) ) ;
#906 = AXIS2_PLACEMENT_3D ( 'NONE', #4690, #1775, #2135 ) ;
#907 = DIRECTION ( 'NONE',  ( -0.4226182617402906017, -0.000000000000000000, -0.9063077870368406730 ) ) ;
#908 = DIRECTION ( 'NONE',  ( 0.000000000000000000, 0.000000000000000000, 1.000000000000000000 ) ) ;
#909 = CIRCLE ( 'NONE', #2770, 25.02749999999999631 ) ;
#910 = CARTESIAN_POINT ( 'NONE',  ( 12.72296122597525603, -2.500000000000000000, -29.43056634765067159 ) ) ;
#911 = ORIENTED_EDGE ( 'NONE', *, *, #866, .T. ) ;
#912 = EDGE_LOOP ( 'NONE', ( #1150, #3589, #4789, #282 ) ) ;
#913 = CYLINDRICAL_SURFACE ( 'NONE', #4298, 25.02749999999999275 ) ;
#914 = CARTESIAN_POINT ( 'NONE',  ( 9.211470339406080399, -3.000000000000000000, -19.75406189090361408 ) ) ;
#915 = VECTOR ( 'NONE', #619, 1000.000000000000000 ) ;
#916 = CARTESIAN_POINT ( 'NONE',  ( -30.84144333032262608, -2.500000000000000000, 4.402443439002778014 ) ) ;
#917 = CARTESIAN_POINT ( 'NONE',  ( -6.724046161570257141, 3.265000000000000124, -15.49188450811626794 ) ) ;
#918 = ORIENTED_EDGE ( 'NONE', *, *, #1293, .F. ) ;
#919 = FACE_OUTER_BOUND ( 'NONE', #737, .T. ) ;
#920 = VECTOR ( 'NONE', #929, 1000.000000000000227 ) ;
#921 = DIRECTION ( 'NONE',  ( -0.1736481776669289434, 0.000000000000000000, -0.9848077530122084644 ) ) ;
#922 = AXIS2_PLACEMENT_3D ( 'NONE', #2200, #4768, #3310 ) ;
#923 = DIRECTION ( 'NONE',  ( 0.9848077530122083534, -0.000000000000000000, -0.1736481776669292765 ) ) ;
#924 = VERTEX_POINT ( 'NONE', #2081 ) ;
#925 = DIRECTION ( 'NONE',  ( 0.08715574274746686056, 0.000000000000000000, -0.9961946980917621985 ) ) ;
#926 = EDGE_CURVE ( 'NONE', #1971, #3031, #1760, .T. ) ;
#927 = CARTESIAN_POINT ( 'NONE',  ( 22.02151929896932359, -2.500000000000000000, 23.30417700039738449 ) ) ;
#928 = ORIENTED_EDGE ( 'NONE', *, *, #624, .T. ) ;
#929 = DIRECTION ( 'NONE',  ( 0.3420201433256716550, -0.000000000000000000, -0.9396926207859073177 ) ) ;
#930 = FACE_OUTER_BOUND ( 'NONE', #3623, .T. ) ;
#931 = CARTESIAN_POINT ( 'NONE',  ( 12.14675912257063040, -3.000000000000000000, -29.71356785366922892 ) ) ;
#932 = ADVANCED_FACE ( 'NONE', ( #543 ), #2691, .T. ) ;
#933 = ADVANCED_FACE ( 'NONE', ( #2030 ), #3497, .T. ) ;
#934 = EDGE_CURVE ( 'NONE', #444, #2603, #2823, .T. ) ;
#935 = DIRECTION ( 'NONE',  ( -0.000000000000000000, 1.000000000000000000, -0.000000000000000000 ) ) ;
#936 = EDGE_CURVE ( 'NONE', #2705, #2231, #587, .T. ) ;
#937 = VERTEX_POINT ( 'NONE', #3238 ) ;
#938 = ORIENTED_EDGE ( 'NONE', *, *, #3810, .T. ) ;
#939 = VECTOR ( 'NONE', #3491, 1000.000000000000114 ) ;
#940 = CARTESIAN_POINT ( 'NONE',  ( -30.48720104788181828, -2.792893218813453871, 6.411451255149193784 ) ) ;
#941 = VECTOR ( 'NONE', #1031, 1000.000000000000000 ) ;
#942 = CARTESIAN_POINT ( 'NONE',  ( -1.899663625341975193, -3.000000000000000000, 21.71325459514593703 ) ) ;
#943 = ORIENTED_EDGE ( 'NONE', *, *, #4270, .T. ) ;
#944 = DIRECTION ( 'NONE',  ( -0.9063077870368544398, 0.000000000000000000, -0.4226182617402610697 ) ) ;
#945 = DIRECTION ( 'NONE',  ( -0.9396926207859082059, 0.000000000000000000, 0.3420201433256693790 ) ) ;
#946 = LINE ( 'NONE', #4250, #3859 ) ;
#947 = DIRECTION ( 'NONE',  ( -0.9396926207859073177, 0.000000000000000000, -0.3420201433256716550 ) ) ;
#948 = CARTESIAN_POINT ( 'NONE',  ( 9.193142795375001342, -2.650251510363310192, -30.71843061225920835 ) ) ;
#949 = VERTEX_POINT ( 'NONE', #273 ) ;
#950 = PLANE ( 'NONE',  #4368 ) ;
#951 = VECTOR ( 'NONE', #3530, 1000.000000000000000 ) ;
#952 = LINE ( 'NONE', #4257, #234 ) ;
#953 = EDGE_LOOP ( 'NONE', ( #1102, #3213, #154, #1961 ) ) ;
#954 = CIRCLE ( 'NONE', #2045, 25.02749999999999275 ) ;
#956 = ORIENTED_EDGE ( 'NONE', *, *, #1492, .T. ) ;
#955 = FACE_OUTER_BOUND ( 'NONE', #2805, .T. ) ;
#957 = EDGE_CURVE ( 'NONE', #253, #371, #2414, .T. ) ;
#958 = DIRECTION ( 'NONE',  ( -0.000000000000000000, 1.000000000000000000, -0.000000000000000000 ) ) ;
#959 = FACE_OUTER_BOUND ( 'NONE', #1188, .T. ) ;
#960 = CARTESIAN_POINT ( 'NONE',  ( 8.828903344064009673, -3.000000000000000000, 13.46192501608482672 ) ) ;
#961 = VERTEX_POINT ( 'NONE', #3549 ) ;
#962 = ORIENTED_EDGE ( 'NONE', *, *, #3096, .F. ) ;
#963 = EDGE_CURVE ( 'NONE', #1482, #1835, #4654, .T. ) ;
#964 = CARTESIAN_POINT ( 'NONE',  ( 0.000000000000000000, -3.000000000000000000, 0.000000000000000000 ) ) ;
#965 = DIRECTION ( 'NONE',  ( 0.6427876096865237088, -0.000000000000000000, -0.7660444431189911141 ) ) ;
#966 = ORIENTED_EDGE ( 'NONE', *, *, #820, .F. ) ;
#967 = LINE ( 'NONE', #2494, #3460 ) ;
#968 = CARTESIAN_POINT ( 'NONE',  ( -30.95857960530295472, -3.000000000000000000, 4.930811030644368209 ) ) ;
#969 = ADVANCED_FACE ( 'NONE', ( #2486 ), #3189, .T. ) ;
#970 = CARTESIAN_POINT ( 'NONE',  ( -8.955674920446281106, -2.798953584472875455, 13.38020630970532210 ) ) ;
#971 = DIRECTION ( 'NONE',  ( -0.000000000000000000, 1.000000000000000000, -0.000000000000000000 ) ) ;
#972 = DIRECTION ( 'NONE',  ( -0.5735764363516123732, 0.000000000000000000, 0.8191520442885952269 ) ) ;
#973 = ORIENTED_EDGE ( 'NONE', *, *, #3749, .F. ) ;
#974 = AXIS2_PLACEMENT_3D ( 'NONE', #2549, #3663, #2617 ) ;
#975 = STYLED_ITEM ( 'NONE', ( #1575 ), #2367 ) ;
#976 = DIRECTION ( 'NONE',  ( -0.000000000000000000, 1.000000000000000000, -0.000000000000000000 ) ) ;
#977 = VERTEX_POINT ( 'NONE', #1010 ) ;
#979 = CARTESIAN_POINT ( 'NONE',  ( -12.14675912257043677, -3.000000000000000000, -29.71356785366570463 ) ) ;
#978 = CARTESIAN_POINT ( 'NONE',  ( 0.000000000000000000, -2.500000000000000000, 0.000000000000000000 ) ) ;
#980 = CIRCLE ( 'NONE', #2921, 23.52999999999999403 ) ;
#981 = FACE_OUTER_BOUND ( 'NONE', #4278, .T. ) ;
#982 = CARTESIAN_POINT ( 'NONE',  ( 8.828903344064009673, 3.265000000000000124, 13.46192501608482672 ) ) ;
#983 = CIRCLE ( 'NONE', #4758, 14.57731163100814342 ) ;
#984 = DIRECTION ( 'NONE',  ( -0.000000000000000000, 1.000000000000000000, -0.000000000000000000 ) ) ;
#985 = ORIENTED_EDGE ( 'NONE', *, *, #4092, .F. ) ;
#986 = VERTEX_POINT ( 'NONE', #3137 ) ;
#987 = AXIS2_PLACEMENT_3D ( 'NONE', #3488, #172, #1649 ) ;
#988 = VECTOR ( 'NONE', #4728, 1000.000000000000114 ) ;
#989 = CARTESIAN_POINT ( 'NONE',  ( 9.211470339406080399, -2.500000000000000000, -19.75406189090361408 ) ) ;
#990 = VECTOR ( 'NONE', #3732, 999.9999999999998863 ) ;
#991 = EDGE_CURVE ( 'NONE', #1246, #2853, #2802, .T. ) ;
#992 = CARTESIAN_POINT ( 'NONE',  ( 4.807073215165557301, -2.500000000000000000, -16.18960560050119213 ) ) ;
#993 = EDGE_LOOP ( 'NONE', ( #3321, #905, #2931, #1630 ) ) ;
#994 = LINE ( 'NONE', #2832, #1688 ) ;
#995 = CARTESIAN_POINT ( 'NONE',  ( 9.346433687949730285, -2.990860970744409375, 13.11608534626037681 ) ) ;
#996 = CARTESIAN_POINT ( 'NONE',  ( -20.35842270412916832, 0.000000000000000000, -11.75394082850527333 ) ) ;
#997 = LINE ( 'NONE', #2885, #3220 ) ;
#998 = ADVANCED_FACE ( 'NONE', ( #1303 ), #3522, .T. ) ;
#999 = EDGE_CURVE ( 'NONE', #3610, #3889, #2126, .T. ) ;
#1000 = ADVANCED_FACE ( 'NONE', ( #2220 ), #2149, .T. ) ;
#1001 = DIRECTION ( 'NONE',  ( -0.9848077530122083534, 0.000000000000000000, 0.1736481776669292765 ) ) ;
#1002 = VERTEX_POINT ( 'NONE', #4786 ) ;
#1003 = CARTESIAN_POINT ( 'NONE',  ( 16.85536625282482959, 3.265000000000000124, 18.50060498289537847 ) ) ;
#1004 = CARTESIAN_POINT ( 'NONE',  ( 19.12613749183849521, -2.576007553701658015, 25.73369080688133437 ) ) ;
#1005 = ORIENTED_EDGE ( 'NONE', *, *, #1287, .T. ) ;
#1007 = ORIENTED_EDGE ( 'NONE', *, *, #161, .T. ) ;
#1006 = PLANE ( 'NONE',  #2795 ) ;
#1008 = DIRECTION ( 'NONE',  ( -0.000000000000000000, 0.8379550138152933592, 0.5457393103138269419 ) ) ;
#1009 = CARTESIAN_POINT ( 'NONE',  ( 0.000000000000000000, 3.265000000000000124, 0.000000000000000000 ) ) ;
#1010 = CARTESIAN_POINT ( 'NONE',  ( -4.807073215166054680, -2.500000000000000000, -16.18960560050088304 ) ) ;
#1011 = VERTEX_POINT ( 'NONE', #2534 ) ;
#1012 = ORIENTED_EDGE ( 'NONE', *, *, #136, .T. ) ;
#1013 = ORIENTED_EDGE ( 'NONE', *, *, #2623, .T. ) ;
#1014 = CARTESIAN_POINT ( 'NONE',  ( 8.528809216421738171, -2.500000000000000000, -21.91233244887177989 ) ) ;
#1015 = CARTESIAN_POINT ( 'NONE',  ( -11.62171659887044228, -2.798945815778278945, 11.14314814744128412 ) ) ;
#1016 = AXIS2_PLACEMENT_3D ( 'NONE', #1629, #3766, #3835 ) ;
#1017 = VERTEX_POINT ( 'NONE', #2899 ) ;
#1018 = FACE_OUTER_BOUND ( 'NONE', #2050, .T. ) ;
#1019 = CARTESIAN_POINT ( 'NONE',  ( 9.691120861856093782, -3.000000000000000000, -29.60841622532396400 ) ) ;
#1020 = CARTESIAN_POINT ( 'NONE',  ( -16.13735811669214470, -2.500000000000000000, 3.522179255920822261 ) ) ;
#1021 = CARTESIAN_POINT ( 'NONE',  ( 15.34873061025439078, -3.000000000000000000, 19.27553302717775452 ) ) ;
#1022 = VECTOR ( 'NONE', #1324, 1000.000000000000114 ) ;
#1023 = DIRECTION ( 'NONE',  ( 0.8191520442888743370, 0.000000000000000000, -0.5735764363512141362 ) ) ;
#1024 = EDGE_LOOP ( 'NONE', ( #2536, #3296, #102, #116 ) ) ;
#1025 = EDGE_CURVE ( 'NONE', #3255, #2547, #1442, .T. ) ;
#1026 = EDGE_CURVE ( 'NONE', #4607, #323, #1806, .T. ) ;
#1027 = CARTESIAN_POINT ( 'NONE',  ( -9.691120861856122204, -2.500000000000000000, -29.60841622532391781 ) ) ;
#1028 = ADVANCED_FACE ( 'NONE', ( #3263 ), #1878, .T. ) ;
#1029 = CARTESIAN_POINT ( 'NONE',  ( 0.000000000000000000, -2.500000000000000000, 0.000000000000000000 ) ) ;
#1030 = ORIENTED_EDGE ( 'NONE', *, *, #2591, .T. ) ;
#1032 = VERTEX_POINT ( 'NONE', #1084 ) ;
#1031 = DIRECTION ( 'NONE',  ( -0.000000000000000000, 1.000000000000000000, -0.000000000000000000 ) ) ;
#1033 = EDGE_CURVE ( 'NONE', #3282, #1038, #321, .T. ) ;
#1034 = CARTESIAN_POINT ( 'NONE',  ( 30.77798550052926529, -3.000000000000000000, 5.955011093778010967 ) ) ;
#1035 = CARTESIAN_POINT ( 'NONE',  ( 15.41649094842345136, 3.265000000000000124, 4.637323175571752110 ) ) ;
#1036 =( BOUNDED_CURVE ( )  B_SPLINE_CURVE ( 3, ( #4651, #133, #1657, #3819 ),
 .UNSPECIFIED., .F., .T. ) 
 B_SPLINE_CURVE_WITH_KNOTS ( ( 4, 4 ),
 ( 4.712388980384690562, 6.283185307179586232 ),
 .UNSPECIFIED. ) 
 CURVE ( )  GEOMETRIC_REPRESENTATION_ITEM ( )  RATIONAL_B_SPLINE_CURVE ( ( 1.000000000000000000, 0.8047378541243652705, 0.8047378541243652705, 1.000000000000000000 ) ) 
 REPRESENTATION_ITEM ( '' )  );
#1037 = LINE ( 'NONE', #2874, #2764 ) ;
#1038 = VERTEX_POINT ( 'NONE', #2947 ) ;
#1039 = VERTEX_POINT ( 'NONE', #3621 ) ;
#1040 = FACE_OUTER_BOUND ( 'NONE', #1197, .T. ) ;
#1041 = DIRECTION ( 'NONE',  ( 0.3420201433256716550, 0.000000000000000000, -0.9396926207859073177 ) ) ;
#1042 = DIRECTION ( 'NONE',  ( -0.08715574274745541139, -0.000000000000000000, 0.9961946980917633088 ) ) ;
#1043 = CARTESIAN_POINT ( 'NONE',  ( -24.44967702698092182, -2.500000000000000000, 5.346872873588901065 ) ) ;
#1044 = CARTESIAN_POINT ( 'NONE',  ( -19.23334952206178272, -2.500000000000000000, 24.50825169393615610 ) ) ;
#1045 = CARTESIAN_POINT ( 'NONE',  ( 15.30511667196284442, -2.787167313796303336, 19.69564639308215703 ) ) ;
#1046 = LINE ( 'NONE', #3583, #3848 ) ;
#1047 = VERTEX_POINT ( 'NONE', #3308 ) ;
#1048 = CARTESIAN_POINT ( 'NONE',  ( 15.89000683625279464, -2.659497393407475929, 17.38203863614873157 ) ) ;
#1049 = ADVANCED_FACE ( 'NONE', ( #1510 ), #3720, .T. ) ;
#1050 = VECTOR ( 'NONE', #265, 1000.000000000000000 ) ;
#1051 = DIRECTION ( 'NONE',  ( 1.000000000000000000, 0.000000000000000000, 0.000000000000000000 ) ) ;
#1052 = VECTOR ( 'NONE', #1515, 1000.000000000000000 ) ;
#1053 = ORIENTED_EDGE ( 'NONE', *, *, #62, .T. ) ;
#1055 = CARTESIAN_POINT ( 'NONE',  ( -11.40327766165568413, -3.000000000000000000, 12.32525977142552343 ) ) ;
#1054 = CARTESIAN_POINT ( 'NONE',  ( 0.000000000000000000, -2.500000000000000000, 0.000000000000000000 ) ) ;
#1056 = AXIS2_PLACEMENT_3D ( 'NONE', #2244, #802, #2196 ) ;
#1057 = LINE ( 'NONE', #2531, #1136 ) ;
#1058 = ADVANCED_FACE ( 'NONE', ( #2602 ), #2925, .T. ) ;
#1059 = LINE ( 'NONE', #762, #4610 ) ;
#1060 = VERTEX_POINT ( 'NONE', #2175 ) ;
#1061 = ORIENTED_EDGE ( 'NONE', *, *, #3682, .F. ) ;
#1062 = DIRECTION ( 'NONE',  ( 0.9396926207859183089, 0.000000000000000000, 0.3420201433256415124 ) ) ;
#1063 =( BOUNDED_CURVE ( )  B_SPLINE_CURVE ( 3, ( #3733, #452, #3029, #3007 ),
 .UNSPECIFIED., .F., .T. ) 
 B_SPLINE_CURVE_WITH_KNOTS ( ( 4, 4 ),
 ( 4.712388980384693227, 6.283185307179586232 ),
 .UNSPECIFIED. ) 
 CURVE ( )  GEOMETRIC_REPRESENTATION_ITEM ( )  RATIONAL_B_SPLINE_CURVE ( ( 1.000000000000000000, 0.8047378541243658256, 0.8047378541243658256, 1.000000000000000000 ) ) 
 REPRESENTATION_ITEM ( '' )  );
#1064 = VECTOR ( 'NONE', #3469, 1000.000000000000000 ) ;
#1065 = AXIS2_PLACEMENT_3D ( 'NONE', #1382, #3139, #1307 ) ;
#1066 = VECTOR ( 'NONE', #3525, 1000.000000000000114 ) ;
#1067 = CARTESIAN_POINT ( 'NONE',  ( 19.84842270412693566, 3.265000000000000124, -12.63728674036868860 ) ) ;
#1068 = LINE ( 'NONE', #618, #876 ) ;
#1069 = CIRCLE ( 'NONE', #4379, 14.64608244481071431 ) ;
#1070 = LINE ( 'NONE', #719, #3275 ) ;
#1071 = AXIS2_PLACEMENT_3D ( 'NONE', #272, #2463, #1733 ) ;
#1072 = VECTOR ( 'NONE', #1745, 1000.000000000000114 ) ;
#1073 = CARTESIAN_POINT ( 'NONE',  ( 11.60809380826084158, -2.792893218813452982, -28.91069513294266713 ) ) ;
#1074 = CARTESIAN_POINT ( 'NONE',  ( -15.54548331242757087, -2.964921559809623464, 4.206427652881921553 ) ) ;
#1075 = ORIENTED_EDGE ( 'NONE', *, *, #62, .F. ) ;
#1076 = DIRECTION ( 'NONE',  ( 0.000000000000000000, 0.000000000000000000, -1.000000000000000000 ) ) ;
#1077 = LINE ( 'NONE', #1416, #3952 ) ;
#1078 = ORIENTED_EDGE ( 'NONE', *, *, #3810, .F. ) ;
#1080 = CYLINDRICAL_SURFACE ( 'NONE', #3307, 0.5000000000000009992 ) ;
#1079 = DIRECTION ( 'NONE',  ( -0.000000000000000000, -1.000000000000000000, -0.000000000000000000 ) ) ;
#1081 = UNCERTAINTY_MEASURE_WITH_UNIT (LENGTH_MEASURE( 1.000000000000000082E-05 ), #103, 'distance_accuracy_value', 'NONE');
#1082 = CARTESIAN_POINT ( 'NONE',  ( 20.54618363729410646, -3.000000000000000000, 23.67701177387600708 ) ) ;
#1083 = EDGE_CURVE ( 'NONE', #2191, #661, #4431, .T. ) ;
#1084 = CARTESIAN_POINT ( 'NONE',  ( 7.243917375738558206, -2.500000000000000000, -14.37701709155918550 ) ) ;
#1085 = ORIENTED_EDGE ( 'NONE', *, *, #2739, .F. ) ;
#1086 = ORIENTED_EDGE ( 'NONE', *, *, #1239, .F. ) ;
#1087 = LINE ( 'NONE', #1403, #1991 ) ;
#1088 = EDGE_CURVE ( 'NONE', #4720, #2127, #1487, .T. ) ;
#1089 = ADVANCED_FACE ( 'NONE', ( #3348 ), #19, .F. ) ;
#1090 = EDGE_CURVE ( 'NONE', #3864, #4255, #1059, .T. ) ;
#1091 = CARTESIAN_POINT ( 'NONE',  ( 15.12970273024766499, -3.000000000000000000, 4.227747153427441340 ) ) ;
#1092 = VERTEX_POINT ( 'NONE', #4388 ) ;
#1093 = LINE ( 'NONE', #2833, #3862 ) ;
#1094 = CARTESIAN_POINT ( 'NONE',  ( -7.594310774156574517, -2.579909940079745390, -23.84747785648471208 ) ) ;
#1095 = AXIS2_PLACEMENT_3D ( 'NONE', #4150, #1, #466 ) ;
#1096 = CYLINDRICAL_SURFACE ( 'NONE', #4536, 0.4999999999999995559 ) ;
#1097 = CARTESIAN_POINT ( 'NONE',  ( 24.49641643738690888, -2.963709313982507254, 3.561570976937512345 ) ) ;
#1098 = ORIENTED_EDGE ( 'NONE', *, *, #722, .F. ) ;
#1099 = AXIS2_PLACEMENT_3D ( 'NONE', #3406, #4510, #1957 ) ;
#1100 = CARTESIAN_POINT ( 'NONE',  ( -22.16644285628606070, 3.265000000000000124, -11.62000720090157557 ) ) ;
#1101 = ORIENTED_EDGE ( 'NONE', *, *, #2709, .T. ) ;
#1102 = ORIENTED_EDGE ( 'NONE', *, *, #1662, .T. ) ;
#1104 = DIRECTION ( 'NONE',  ( -0.000000000000000000, 1.000000000000000000, -0.000000000000000000 ) ) ;
#1103 = DIRECTION ( 'NONE',  ( 0.7660444431189717962, -0.000000000000000000, 0.6427876096865468014 ) ) ;
#1105 = PLANE ( 'NONE',  #1140 ) ;
#1106 = CARTESIAN_POINT ( 'NONE',  ( -17.21793483357565790, -3.000000000000000000, 3.035986463239486621 ) ) ;
#1107 = VERTEX_POINT ( 'NONE', #2991 ) ;
#1109 = VERTEX_POINT ( 'NONE', #4034 ) ;
#1108 = DIRECTION ( 'NONE',  ( 0.000000000000000000, -1.000000000000000000, 0.000000000000000000 ) ) ;
#1110 = CARTESIAN_POINT ( 'NONE',  ( 0.000000000000000000, 3.265000000000000124, 0.000000000000000000 ) ) ;
#1111 = FACE_OUTER_BOUND ( 'NONE', #3895, .T. ) ;
#1112 = VECTOR ( 'NONE', #3254, 1000.000000000000114 ) ;
#1113 = ORIENTED_EDGE ( 'NONE', *, *, #1526, .T. ) ;
#1114 = EDGE_CURVE ( 'NONE', #961, #1011, #4309, .T. ) ;
#1115 = VERTEX_POINT ( 'NONE', #3672 ) ;
#1116 = CARTESIAN_POINT ( 'NONE',  ( 20.79608018602494823, 3.265000000000000124, 23.19696497017266879 ) ) ;
#1117 = LINE ( 'NONE', #2935, #4005 ) ;
#1118 = EDGE_CURVE ( 'NONE', #371, #513, #1069, .T. ) ;
#1119 = CARTESIAN_POINT ( 'NONE',  ( 16.42414633486759712, -2.500000000000000000, 3.931755278064975823 ) ) ;
#1120 = EDGE_LOOP ( 'NONE', ( #2753, #3450, #4403, #4355 ) ) ;
#1121 = LINE ( 'NONE', #2594, #3601 ) ;
#1122 = ORIENTED_EDGE ( 'NONE', *, *, #657, .T. ) ;
#1123 = EDGE_LOOP ( 'NONE', ( #142, #3240, #2408, #2995, #2714, #2119 ) ) ;
#1125 = DIRECTION ( 'NONE',  ( -0.000000000000000000, 1.000000000000000000, -0.000000000000000000 ) ) ;
#1124 = CARTESIAN_POINT ( 'NONE',  ( -16.48760416466078027, -3.000000000000000000, 2.379187623289604758 ) ) ;
#1126 = CARTESIAN_POINT ( 'NONE',  ( -3.909195156315918407, -2.849145032862546945, -15.61988703267549461 ) ) ;
#1127 = AXIS2_PLACEMENT_3D ( 'NONE', #1566, #4172, #1933 ) ;
#1128 = DIRECTION ( 'NONE',  ( 0.9848077530122081313, 0.000000000000000000, 0.1736481776669306920 ) ) ;
#1129 = ORIENTED_EDGE ( 'NONE', *, *, #2213, .T. ) ;
#1131 = ORIENTED_EDGE ( 'NONE', *, *, #4417, .T. ) ;
#1130 = PLANE ( 'NONE',  #99 ) ;
#1132 = AXIS2_PLACEMENT_3D ( 'NONE', #2502, #1800, #3273 ) ;
#1133 = CARTESIAN_POINT ( 'NONE',  ( -20.69256964635088991, -2.999999999999998224, 23.39580686684274369 ) ) ;
#1134 = CIRCLE ( 'NONE', #3834, 23.52999999999999758 ) ;
#1135 = LINE ( 'NONE', #1186, #1509 ) ;
#1136 = VECTOR ( 'NONE', #3641, 1000.000000000000114 ) ;
#1137 = DIRECTION ( 'NONE',  ( -0.9063077870364758537, 0.000000000000000000, -0.4226182617410730868 ) ) ;
#1138 = ORIENTED_EDGE ( 'NONE', *, *, #2651, .T. ) ;
#1139 = DIRECTION ( 'NONE',  ( -0.08715574274785124753, 0.000000000000000000, -0.9961946980917286698 ) ) ;
#1140 = AXIS2_PLACEMENT_3D ( 'NONE', #4055, #732, #3717 ) ;
#1141 = AXIS2_PLACEMENT_3D ( 'NONE', #140, #524, #888 ) ;
#1142 = DIRECTION ( 'NONE',  ( -0.000000000000000000, -1.000000000000000000, -0.000000000000000000 ) ) ;
#1143 = CARTESIAN_POINT ( 'NONE',  ( -6.724046161570257141, -3.000000000000000000, -15.49188450811626794 ) ) ;
#1144 = ORIENTED_EDGE ( 'NONE', *, *, #2857, .F. ) ;
#1145 = AXIS2_PLACEMENT_3D ( 'NONE', #2716, #4202, #3852 ) ;
#1146 = FACE_OUTER_BOUND ( 'NONE', #1592, .T. ) ;
#1147 = EDGE_CURVE ( 'NONE', #4713, #3434, #4402, .T. ) ;
#1148 = EDGE_CURVE ( 'NONE', #513, #1983, #855, .T. ) ;
#1149 = VECTOR ( 'NONE', #1142, 1000.000000000000000 ) ;
#1150 = ORIENTED_EDGE ( 'NONE', *, *, #3118, .F. ) ;
#1151 = VERTEX_POINT ( 'NONE', #2648 ) ;
#1153 = CARTESIAN_POINT ( 'NONE',  ( 11.23405089814261082, -2.500000000000000000, 12.57924412727885333 ) ) ;
#1152 = CARTESIAN_POINT ( 'NONE',  ( -16.16077264764482280, -3.000000000000000000, 18.45068247196115863 ) ) ;
#1154 = FACE_OUTER_BOUND ( 'NONE', #74, .T. ) ;
#1155 = DIRECTION ( 'NONE',  ( 0.8191520442886223163, -0.000000000000000000, -0.5735764363515737374 ) ) ;
#1156 = VERTEX_POINT ( 'NONE', #2354 ) ;
#1158 = VERTEX_POINT ( 'NONE', #1225 ) ;
#1157 = DIRECTION ( 'NONE',  ( -0.6427876096865392519, 0.000000000000000000, 0.7660444431189782355 ) ) ;
#1159 = CARTESIAN_POINT ( 'NONE',  ( -16.03207995204115122, -2.990860970744406711, 1.536206335420642111 ) ) ;
#1160 = VECTOR ( 'NONE', #2933, 1000.000000000000000 ) ;
#1161 = DIRECTION ( 'NONE',  ( 0.8191520442892409326, 0.000000000000000000, 0.5735764363506903329 ) ) ;
#1162 = LINE ( 'NONE', #2560, #508 ) ;
#1163 = EDGE_LOOP ( 'NONE', ( #3911, #943, #2568, #2298, #2493, #3935 ) ) ;
#1164 = FACE_OUTER_BOUND ( 'NONE', #4266, .T. ) ;
#1165 = DIRECTION ( 'NONE',  ( 0.000000000000000000, 0.000000000000000000, 1.000000000000000000 ) ) ;
#1166 = CARTESIAN_POINT ( 'NONE',  ( -4.460940800293284880, -3.000000000000000000, -15.47651244522915626 ) ) ;
#1167 = EDGE_CURVE ( 'NONE', #2824, #1156, #125, .T. ) ;
#1168 = VERTEX_POINT ( 'NONE', #806 ) ;
#1169 = EDGE_CURVE ( 'NONE', #2649, #1368, #1553, .T. ) ;
#1170 = CARTESIAN_POINT ( 'NONE',  ( 9.171249647149318562, -2.500000000000000000, -30.72328364303766790 ) ) ;
#1171 = ADVANCED_FACE ( 'NONE', ( #408 ), #100, .T. ) ;
#1172 = VERTEX_POINT ( 'NONE', #1584 ) ;
#1173 = EDGE_CURVE ( 'NONE', #3185, #182, #2700, .T. ) ;
#1175 = CARTESIAN_POINT ( 'NONE',  ( 7.081682580411110983, -2.581508752381810989, -22.43904346959339691 ) ) ;
#1174 = CARTESIAN_POINT ( 'NONE',  ( -7.081682580411170491, -2.500000000000000000, -22.43904346959336848 ) ) ;
#1176 = CARTESIAN_POINT ( 'NONE',  ( 0.4886401628093650085, -3.000000000000000000, -0.1778504745295992062 ) ) ;
#1177 = EDGE_CURVE ( 'NONE', #4292, #3730, #4104, .T. ) ;
#1178 = DIRECTION ( 'NONE',  ( 0.8191520442892442633, 0.000000000000000000, 0.5735764363506855590 ) ) ;
#1179 = ADVANCED_FACE ( 'NONE', ( #1536 ), #1927, .F. ) ;
#1180 = ORIENTED_EDGE ( 'NONE', *, *, #1466, .T. ) ;
#1181 = CARTESIAN_POINT ( 'NONE',  ( 8.998655526814697936, 3.265000000000000124, -21.74132237720895944 ) ) ;
#1182 = EDGE_CURVE ( 'NONE', #2348, #1047, #79, .T. ) ;
#1184 = ORIENTED_EDGE ( 'NONE', *, *, #1582, .F. ) ;
#1183 = DIRECTION ( 'NONE',  ( 0.9848077530122083534, 0.000000000000000000, -0.1736481776669289434 ) ) ;
#1185 = DIRECTION ( 'NONE',  ( 0.000000000000000000, -1.000000000000000000, 0.000000000000000000 ) ) ;
#1186 = CARTESIAN_POINT ( 'NONE',  ( -16.42414633486748698, -2.500000000000000000, 3.931755278065442560 ) ) ;
#1187 = CARTESIAN_POINT ( 'NONE',  ( -8.705459673508087803, -3.000000000000000000, -22.39767559084925708 ) ) ;
#1188 = EDGE_LOOP ( 'NONE', ( #2023, #556, #840, #2911 ) ) ;
#1189 = CARTESIAN_POINT ( 'NONE',  ( 14.32920972712217633, -2.581508310268893602, 18.66372547473164545 ) ) ;
#1190 = DIRECTION ( 'NONE',  ( -0.000000000000000000, 1.000000000000000000, -0.000000000000000000 ) ) ;
#1191 =( BOUNDED_CURVE ( )  B_SPLINE_CURVE ( 3, ( #2759, #4226, #4183, #3508 ),
 .UNSPECIFIED., .F., .T. ) 
 B_SPLINE_CURVE_WITH_KNOTS ( ( 4, 4 ),
 ( 0.000000000000000000, 1.570796326794890563 ),
 .UNSPECIFIED. ) 
 CURVE ( )  GEOMETRIC_REPRESENTATION_ITEM ( )  RATIONAL_B_SPLINE_CURVE ( ( 1.000000000000000000, 0.8047378541243663808, 0.8047378541243663808, 1.000000000000000000 ) ) 
 REPRESENTATION_ITEM ( '' )  );
#1192 = CARTESIAN_POINT ( 'NONE',  ( 7.243917375738558206, 3.265000000000000124, -14.37701709155918550 ) ) ;
#1193 = CARTESIAN_POINT ( 'NONE',  ( 15.41649094842345136, -2.586846802861127781, 4.637323175571753886 ) ) ;
#1194 = ORIENTED_EDGE ( 'NONE', *, *, #1388, .F. ) ;
#1195 = FACE_OUTER_BOUND ( 'NONE', #4575, .T. ) ;
#1196 = B_SPLINE_CURVE_WITH_KNOTS ( 'NONE', 3,
 ( #1390, #2865, #1097, #4330, #2567, #1819, #2936, #725 ),
 .UNSPECIFIED., .F., .F.,
 ( 4, 2, 2, 4 ),
 ( -4.472650285583924549E-06, 0.0004674945079885373502, 0.0007034780871255947188, 0.0009394616662626521959 ),
 .UNSPECIFIED. ) ;
#1197 = EDGE_LOOP ( 'NONE', ( #1422, #3060, #3002, #1304 ) ) ;
#1199 = CARTESIAN_POINT ( 'NONE',  ( 16.07282071980215932, -2.586862816039485757, 0.9150920754745593966 ) ) ;
#1198 = DIRECTION ( 'NONE',  ( -0.000000000000000000, 1.000000000000000000, -0.000000000000000000 ) ) ;
#1200 = CARTESIAN_POINT ( 'NONE',  ( 19.23334952206225523, -2.500000000000000000, 24.50825169393582570 ) ) ;
#1201 = ADVANCED_FACE ( 'NONE', ( #1559 ), #3039, .F. ) ;
#1202 = DIRECTION ( 'NONE',  ( 0.000000000000000000, 0.000000000000000000, 1.000000000000000000 ) ) ;
#1203 = ORIENTED_EDGE ( 'NONE', *, *, #4269, .T. ) ;
#1205 = VERTEX_POINT ( 'NONE', #2673 ) ;
#1204 = DIRECTION ( 'NONE',  ( -1.776356839400250465E-15, 0.000000000000000000, 1.000000000000000000 ) ) ;
#1206 = DIRECTION ( 'NONE',  ( 0.6427876096865401401, 0.000000000000000000, 0.7660444431189774583 ) ) ;
#1207 = FACE_OUTER_BOUND ( 'NONE', #1569, .T. ) ;
#1208 = EDGE_CURVE ( 'NONE', #1220, #2308, #3107, .T. ) ;
#1209 = DIRECTION ( 'NONE',  ( -0.9848077530122080203, 0.000000000000000000, 0.1736481776669309696 ) ) ;
#1210 = ORIENTED_EDGE ( 'NONE', *, *, #4568, .F. ) ;
#1211 = ORIENTED_EDGE ( 'NONE', *, *, #483, .F. ) ;
#1212 = TOROIDAL_SURFACE ( 'NONE', #578, 24.52749999999999275, 0.5000000000000000000 ) ;
#1213 = CARTESIAN_POINT ( 'NONE',  ( 23.74968588415223536, -3.000000000000000000, 3.659688566544963884 ) ) ;
#1214 = DIRECTION ( 'NONE',  ( -0.000000000000000000, 1.000000000000000000, -0.000000000000000000 ) ) ;
#1215 = CARTESIAN_POINT ( 'NONE',  ( 15.41649094842345136, -2.500000000000000000, 4.637323175571752110 ) ) ;
#1216 = VERTEX_POINT ( 'NONE', #3790 ) ;
#1217 = CARTESIAN_POINT ( 'NONE',  ( -0.09029705238692785352, -2.500000000000000000, -0.5121000315670560799 ) ) ;
#1218 = VECTOR ( 'NONE', #1332, 1000.000000000000114 ) ;
#1219 = CIRCLE ( 'NONE', #2306, 23.52999999999999403 ) ;
#1220 = VERTEX_POINT ( 'NONE', #1998 ) ;
#1221 = CARTESIAN_POINT ( 'NONE',  ( -15.89194039108521039, 3.265000000000000124, 17.35243875097084398 ) ) ;
#1222 = AXIS2_PLACEMENT_3D ( 'NONE', #76, #3037, #3788 ) ;
#1223 = CARTESIAN_POINT ( 'NONE',  ( 16.73872106974010876, -2.787165718555740579, 18.49271076055432417 ) ) ;
#1224 = CIRCLE ( 'NONE', #4541, 0.5000000000000004441 ) ;
#1225 = CARTESIAN_POINT ( 'NONE',  ( -22.97362297149675214, 3.265000000000000124, 5.086604718622892207 ) ) ;
#1226 = VERTEX_POINT ( 'NONE', #461 ) ;
#1228 = VERTEX_POINT ( 'NONE', #1953 ) ;
#1227 = DIRECTION ( 'NONE',  ( 0.6427876096865237088, 0.000000000000000000, -0.7660444431189911141 ) ) ;
#1229 = ADVANCED_FACE ( 'NONE', ( #150 ), #3445, .F. ) ;
#1230 = CARTESIAN_POINT ( 'NONE',  ( -11.72428514981518255, 3.265000000000000124, 11.03241121076153597 ) ) ;
#1231 = CARTESIAN_POINT ( 'NONE',  ( -9.268435803289293062, -2.778643711280875284, -30.70128925157557731 ) ) ;
#1232 = CARTESIAN_POINT ( 'NONE',  ( 24.44967702698105683, -3.000000000000000000, 5.346872873588295327 ) ) ;
#1233 = VERTEX_POINT ( 'NONE', #1607 ) ;
#1234 = EDGE_LOOP ( 'NONE', ( #1902, #4095, #1291, #3829 ) ) ;
#1235 = EDGE_CURVE ( 'NONE', #3638, #1626, #3083, .T. ) ;
#1236 = EDGE_CURVE ( 'NONE', #4734, #3498, #4189, .T. ) ;
#1237 = EDGE_CURVE ( 'NONE', #1615, #1820, #2049, .T. ) ;
#1238 = CARTESIAN_POINT ( 'NONE',  ( -23.12979363360715723, -2.842366286027167011, 4.981943058282484849 ) ) ;
#1239 = EDGE_CURVE ( 'NONE', #2730, #4064, #3562, .T. ) ;
#1240 = LINE ( 'NONE', #141, #427 ) ;
#1241 = ORIENTED_EDGE ( 'NONE', *, *, #123, .F. ) ;
#1242 = FACE_OUTER_BOUND ( 'NONE', #1707, .T. ) ;
#1243 = LINE ( 'NONE', #3878, #1963 ) ;
#1244 = ORIENTED_EDGE ( 'NONE', *, *, #1266, .F. ) ;
#1245 = SURFACE_SIDE_STYLE ('',( #3466 ) ) ;
#1246 = VERTEX_POINT ( 'NONE', #3863 ) ;
#1247 = LINE ( 'NONE', #2722, #1064 ) ;
#1248 = AXIS2_PLACEMENT_3D ( 'NONE', #4381, #4494, #679 ) ;
#1249 = DIRECTION ( 'NONE',  ( 0.9848077530122211209, 0.000000000000000000, 0.1736481776668561960 ) ) ;
#1250 = ORIENTED_EDGE ( 'NONE', *, *, #4238, .T. ) ;
#1252 = ORIENTED_EDGE ( 'NONE', *, *, #4655, .T. ) ;
#1251 = LINE ( 'NONE', #2001, #223 ) ;
#1253 = CARTESIAN_POINT ( 'NONE',  ( -30.48720104788181828, 3.265000000000000124, 6.411451255149191120 ) ) ;
#1254 = DIRECTION ( 'NONE',  ( 0.7660444431189912251, 0.000000000000000000, 0.6427876096865234867 ) ) ;
#1255 = EDGE_CURVE ( 'NONE', #165, #3087, #3027, .T. ) ;
#1256 = CARTESIAN_POINT ( 'NONE',  ( 0.000000000000000000, 3.265000000000000124, 0.000000000000000000 ) ) ;
#1257 = VERTEX_POINT ( 'NONE', #4213 ) ;
#1258 = ORIENTED_EDGE ( 'NONE', *, *, #2351, .F. ) ;
#1259 = CARTESIAN_POINT ( 'NONE',  ( -16.48760416466078027, -3.000000000000000000, 2.379187623289604758 ) ) ;
#1260 = EDGE_CURVE ( 'NONE', #3427, #2338, #952, .T. ) ;
#1261 = CARTESIAN_POINT ( 'NONE',  ( 0.000000000000000000, -2.500000000000000000, 24.02999999999999758 ) ) ;
#1262 = DIRECTION ( 'NONE',  ( 0.8191520442892441523, 0.000000000000000000, 0.5735764363506855590 ) ) ;
#1263 = DIRECTION ( 'NONE',  ( -0.000000000000000000, -1.000000000000000000, -0.000000000000000000 ) ) ;
#1264 = ORIENTED_EDGE ( 'NONE', *, *, #820, .T. ) ;
#1265 = FACE_OUTER_BOUND ( 'NONE', #3384, .T. ) ;
#1266 = EDGE_CURVE ( 'NONE', #4468, #2918, #266, .T. ) ;
#1267 = ADVANCED_FACE ( 'NONE', ( #4236 ), #1728, .F. ) ;
#1268 = VECTOR ( 'NONE', #1845, 1000.000000000000114 ) ;
#1269 = PLANE ( 'NONE',  #3697 ) ;
#1270 = VERTEX_POINT ( 'NONE', #3586 ) ;
#1271 = LINE ( 'NONE', #832, #3067 ) ;
#1272 = DIRECTION ( 'NONE',  ( 0.08715574274696420709, 0.000000000000000000, 0.9961946980918062744 ) ) ;
#1273 = ORIENTED_EDGE ( 'NONE', *, *, #4270, .F. ) ;
#1275 = ORIENTED_EDGE ( 'NONE', *, *, #185, .T. ) ;
#1274 = DIRECTION ( 'NONE',  ( -0.000000000000000000, -1.000000000000000000, -0.000000000000000000 ) ) ;
#1276 = CARTESIAN_POINT ( 'NONE',  ( 0.000000000000000000, -3.000000000000000000, 0.000000000000000000 ) ) ;
#1277 = DIRECTION ( 'NONE',  ( -0.000000000000000000, -1.000000000000000000, -0.000000000000000000 ) ) ;
#1278 = CARTESIAN_POINT ( 'NONE',  ( 0.09029705238693430669, -3.000000000000000000, 0.5121000315670865000 ) ) ;
#1279 = ORIENTED_EDGE ( 'NONE', *, *, #2800, .T. ) ;
#1280 = ORIENTED_EDGE ( 'NONE', *, *, #3682, .T. ) ;
#1281 = CARTESIAN_POINT ( 'NONE',  ( 0.000000000000000000, 3.265000000000000124, 0.000000000000000000 ) ) ;
#1282 = CIRCLE ( 'NONE', #4442, 23.52999999999999403 ) ;
#1283 = CARTESIAN_POINT ( 'NONE',  ( -31.37141457813785195, -3.000000000000000000, 6.802515648107203994 ) ) ;
#1284 = CYLINDRICAL_SURFACE ( 'NONE', #4534, 23.52999999999999758 ) ;
#1285 = ORIENTED_EDGE ( 'NONE', *, *, #1237, .F. ) ;
#1286 = CARTESIAN_POINT ( 'NONE',  ( 0.000000000000000000, -2.500000000000000000, 0.000000000000000000 ) ) ;
#1287 = EDGE_CURVE ( 'NONE', #2730, #4292, #2174, .T. ) ;
#1288 = AXIS2_PLACEMENT_3D ( 'NONE', #249, #298, #1782 ) ;
#1289 = LINE ( 'NONE', #3032, #2830 ) ;
#1290 = CYLINDRICAL_SURFACE ( 'NONE', #434, 0.4999999999999997780 ) ;
#1291 = ORIENTED_EDGE ( 'NONE', *, *, #2154, .T. ) ;
#1292 = EDGE_CURVE ( 'NONE', #2241, #4713, #3958, .T. ) ;
#1293 = EDGE_CURVE ( 'NONE', #1323, #415, #3725, .T. ) ;
#1294 = CYLINDRICAL_SURFACE ( 'NONE', #2222, 0.5000000000000003331 ) ;
#1295 = VECTOR ( 'NONE', #4588, 1000.000000000000000 ) ;
#1296 = EDGE_LOOP ( 'NONE', ( #4036, #2937, #836, #110 ) ) ;
#1297 = AXIS2_PLACEMENT_3D ( 'NONE', #1256, #1351, #4699 ) ;
#1299 = ORIENTED_EDGE ( 'NONE', *, *, #1531, .F. ) ;
#1298 = DIRECTION ( 'NONE',  ( 0.000000000000000000, 0.000000000000000000, 1.000000000000000000 ) ) ;
#1300 = DIRECTION ( 'NONE',  ( -0.000000000000000000, -1.000000000000000000, -0.000000000000000000 ) ) ;
#1301 = CARTESIAN_POINT ( 'NONE',  ( 11.72428514981459813, -2.500000000000000000, 11.03241121076136366 ) ) ;
#1302 = AXIS2_PLACEMENT_3D ( 'NONE', #2197, #319, #4741 ) ;
#1303 = FACE_OUTER_BOUND ( 'NONE', #3482, .T. ) ;
#1304 = ORIENTED_EDGE ( 'NONE', *, *, #1890, .F. ) ;
#1305 = ORIENTED_EDGE ( 'NONE', *, *, #2884, .T. ) ;
#1306 = CARTESIAN_POINT ( 'NONE',  ( 11.61707311970207712, 3.265000000000000124, 12.25785032243555506 ) ) ;
#1307 = DIRECTION ( 'NONE',  ( 0.000000000000000000, 0.000000000000000000, 1.000000000000000000 ) ) ;
#1308 = CARTESIAN_POINT ( 'NONE',  ( 0.000000000000000000, -2.500000000000000000, 0.000000000000000000 ) ) ;
#1309 = CARTESIAN_POINT ( 'NONE',  ( 11.72428514981459635, -2.586862816039486646, 11.03241121076136544 ) ) ;
#1310 = VERTEX_POINT ( 'NONE', #2074 ) ;
#1311 = PLANE ( 'NONE',  #3626 ) ;
#1312 = DIRECTION ( 'NONE',  ( -0.08715574274745420402, 0.000000000000000000, 0.9961946980917635308 ) ) ;
#1313 = B_SPLINE_CURVE_WITH_KNOTS ( 'NONE', 3,
 ( #3352, #837, #1159, #4062, #1471, #4109, #791, #2318, #83, #3746 ),
 .UNSPECIFIED., .F., .F.,
 ( 4, 2, 2, 2, 4 ),
 ( 0.000000000000000000, 0.0002540264268553961056, 0.0005080528537107922111, 0.0007620792805661882625, 0.001016105707421584422 ),
 .UNSPECIFIED. ) ;
#1314 = EDGE_CURVE ( 'NONE', #2269, #201, #2427, .T. ) ;
#1315 = CARTESIAN_POINT ( 'NONE',  ( 9.171249647149318562, -2.500000000000000000, -30.72328364303766790 ) ) ;
#1316 = ORIENTED_EDGE ( 'NONE', *, *, #455, .T. ) ;
#1317 = LINE ( 'NONE', #197, #1832 ) ;
#1318 = EDGE_CURVE ( 'NONE', #2639, #80, #3543, .T. ) ;
#1319 = ADVANCED_FACE ( 'NONE', ( #604 ), #1342, .F. ) ;
#1320 = DIRECTION ( 'NONE',  ( -0.000000000000000000, 1.000000000000000000, -0.000000000000000000 ) ) ;
#1321 = ORIENTED_EDGE ( 'NONE', *, *, #3750, .T. ) ;
#1323 = VERTEX_POINT ( 'NONE', #1367 ) ;
#1322 = DIRECTION ( 'NONE',  ( 0.5735764363506832275, -0.000000000000000000, -0.8191520442892458176 ) ) ;
#1324 = DIRECTION ( 'NONE',  ( -0.9848077530122070211, -0.000000000000000000, -0.1736481776669361876 ) ) ;
#1325 = CARTESIAN_POINT ( 'NONE',  ( -9.691120861856122204, 3.265000000000000124, -29.60841622532391781 ) ) ;
#1326 = CIRCLE ( 'NONE', #778, 25.02749999999999275 ) ;
#1327 = EDGE_CURVE ( 'NONE', #3498, #4064, #3671, .T. ) ;
#1328 = DIRECTION ( 'NONE',  ( -0.5735764363512209085, -0.000000000000000000, -0.8191520442888693410 ) ) ;
#1329 = ORIENTED_EDGE ( 'NONE', *, *, #1033, .T. ) ;
#1330 = ORIENTED_EDGE ( 'NONE', *, *, #2792, .T. ) ;
#1331 = AXIS2_PLACEMENT_3D ( 'NONE', #3495, #4602, #2360 ) ;
#1332 = DIRECTION ( 'NONE',  ( 0.9063077870364757427, -0.000000000000000000, 0.4226182617410730868 ) ) ;
#1333 = CARTESIAN_POINT ( 'NONE',  ( 4.129868449637073446, -2.964921559809616358, -15.56599728911051983 ) ) ;
#1334 = LINE ( 'NONE', #916, #668 ) ;
#1335 = CARTESIAN_POINT ( 'NONE',  ( -30.84144333032263674, -2.792893218813452094, 4.402443439002778014 ) ) ;
#1336 = CARTESIAN_POINT ( 'NONE',  ( 8.998655526814697936, -3.000000000000000000, -21.74132237720895944 ) ) ;
#1337 = CARTESIAN_POINT ( 'NONE',  ( -1.019999999997242446, 3.265000000000000124, 23.50788165701039034 ) ) ;
#1338 = CARTESIAN_POINT ( 'NONE',  ( 0.000000000000000000, -2.500000000000000000, 0.000000000000000000 ) ) ;
#1339 = ORIENTED_EDGE ( 'NONE', *, *, #2647, .T. ) ;
#1340 = CARTESIAN_POINT ( 'NONE',  ( 19.84842270412693566, 3.265000000000000124, -12.63728674036868860 ) ) ;
#1341 = AXIS2_PLACEMENT_3D ( 'NONE', #2040, #3197, #167 ) ;
#1342 = CYLINDRICAL_SURFACE ( 'NONE', #1790, 23.53000000000000114 ) ;
#1343 =( BOUNDED_CURVE ( )  B_SPLINE_CURVE ( 3, ( #2778, #2003, #156, #4241 ),
 .UNSPECIFIED., .F., .T. ) 
 B_SPLINE_CURVE_WITH_KNOTS ( ( 4, 4 ),
 ( 4.712388980384686121, 6.283185307179586232 ),
 .UNSPECIFIED. ) 
 CURVE ( )  GEOMETRIC_REPRESENTATION_ITEM ( )  RATIONAL_B_SPLINE_CURVE ( ( 1.000000000000000000, 0.8047378541243641603, 0.8047378541243641603, 1.000000000000000000 ) ) 
 REPRESENTATION_ITEM ( '' )  );
#1344 = ORIENTED_EDGE ( 'NONE', *, *, #2319, .T. ) ;
#1346 = ORIENTED_EDGE ( 'NONE', *, *, #1705, .F. ) ;
#1345 = FACE_OUTER_BOUND ( 'NONE', #3272, .T. ) ;
#1347 = CARTESIAN_POINT ( 'NONE',  ( 0.000000000000000000, -2.500000000000000000, 0.000000000000000000 ) ) ;
#1348 = EDGE_CURVE ( 'NONE', #1228, #513, #658, .T. ) ;
#1349 = EDGE_CURVE ( 'NONE', #977, #264, #65, .T. ) ;
#1350 = CARTESIAN_POINT ( 'NONE',  ( 0.000000000000000000, -2.500000000000000000, 0.000000000000000000 ) ) ;
#1351 = DIRECTION ( 'NONE',  ( 0.000000000000000000, 1.000000000000000000, 0.000000000000000000 ) ) ;
#1352 = EDGE_LOOP ( 'NONE', ( #4691, #1593, #1923, #3351 ) ) ;
#1353 = ORIENTED_EDGE ( 'NONE', *, *, #4392, .T. ) ;
#1354 = FACE_OUTER_BOUND ( 'NONE', #3710, .T. ) ;
#1355 = ADVANCED_FACE ( 'NONE', ( #1822 ), #4357, .F. ) ;
#1356 = ADVANCED_FACE ( 'NONE', ( #451 ), #3642, .T. ) ;
#1357 = CARTESIAN_POINT ( 'NONE',  ( 5.206084834573427855, -3.000000000000000000, -15.82397881484278912 ) ) ;
#1358 = ORIENTED_EDGE ( 'NONE', *, *, #2435, .F. ) ;
#1359 = CARTESIAN_POINT ( 'NONE',  ( -31.19276894612027107, -2.576037802762248141, 7.419106642638175764 ) ) ;
#1360 = DIRECTION ( 'NONE',  ( 0.5735764363512142472, 0.000000000000000000, 0.8191520442888740039 ) ) ;
#1361 = CARTESIAN_POINT ( 'NONE',  ( 7.728179347889266637, -3.000000000000000000, -22.75337653990848352 ) ) ;
#1362 = DIRECTION ( 'NONE',  ( -0.1736481776669309696, 0.000000000000000000, -0.9848077530122080203 ) ) ;
#1363 = FACE_OUTER_BOUND ( 'NONE', #756, .T. ) ;
#1364 = ORIENTED_EDGE ( 'NONE', *, *, #1950, .F. ) ;
#1365 = VECTOR ( 'NONE', #2963, 1000.000000000000000 ) ;
#1366 = CARTESIAN_POINT ( 'NONE',  ( -9.691120861856122204, -2.792893218813453426, -29.60841622532391426 ) ) ;
#1367 = CARTESIAN_POINT ( 'NONE',  ( 0.000000000000000000, -3.000000000000000000, 24.02999999999999758 ) ) ;
#1368 = VERTEX_POINT ( 'NONE', #1394 ) ;
#1370 = ORIENTED_EDGE ( 'NONE', *, *, #2381, .T. ) ;
#1369 = CARTESIAN_POINT ( 'NONE',  ( 3.692205798609079270, -2.500000000000000000, -15.66973438633268856 ) ) ;
#1371 = AXIS2_PLACEMENT_3D ( 'NONE', #2230, #3705, #2336 ) ;
#1372 = PLANE ( 'NONE',  #3564 ) ;
#1373 = DIRECTION ( 'NONE',  ( 0.000000000000000000, -1.000000000000000000, 0.000000000000000000 ) ) ;
#1374 = AXIS2_PLACEMENT_3D ( 'NONE', #1014, #2928, #1062 ) ;
#1375 = AXIS2_PLACEMENT_3D ( 'NONE', #492, #1981, #862 ) ;
#1376 = CARTESIAN_POINT ( 'NONE',  ( 15.50891816952660385, -3.000000000000000000, 17.67383255581335533 ) ) ;
#1377 = ORIENTED_EDGE ( 'NONE', *, *, #3395, .T. ) ;
#1378 = VERTEX_POINT ( 'NONE', #4135 ) ;
#1379 = AXIS2_PLACEMENT_3D ( 'NONE', #1009, #2510, #4319 ) ;
#1380 = CARTESIAN_POINT ( 'NONE',  ( -23.74968588415213588, -3.000000000000000000, 3.659688566545644228 ) ) ;
#1381 = VECTOR ( 'NONE', #4523, 1000.000000000000000 ) ;
#1382 = CARTESIAN_POINT ( 'NONE',  ( 1.509956535253397014, 3.265000000000000124, 0.2662460768645632525 ) ) ;
#1383 = EDGE_CURVE ( 'NONE', #2308, #4452, #2526, .T. ) ;
#1384 = LINE ( 'NONE', #258, #2152 ) ;
#1385 = DIRECTION ( 'NONE',  ( 0.6427876096865392519, -0.000000000000000000, -0.7660444431189781245 ) ) ;
#1386 =( BOUNDED_CURVE ( )  B_SPLINE_CURVE ( 3, ( #2417, #1984, #3479, #1259 ),
 .UNSPECIFIED., .F., .T. ) 
 B_SPLINE_CURVE_WITH_KNOTS ( ( 4, 4 ),
 ( 0.000000000000000000, 1.570796326794897224 ),
 .UNSPECIFIED. ) 
 CURVE ( )  GEOMETRIC_REPRESENTATION_ITEM ( )  RATIONAL_B_SPLINE_CURVE ( ( 1.000000000000000000, 0.8047378541243649375, 0.8047378541243649375, 1.000000000000000000 ) ) 
 REPRESENTATION_ITEM ( '' )  );
#1387 = FACE_OUTER_BOUND ( 'NONE', #1928, .T. ) ;
#1388 = EDGE_CURVE ( 'NONE', #323, #444, #4785, .T. ) ;
#1389 = DIRECTION ( 'NONE',  ( 0.8191520442886223163, 0.000000000000000000, -0.5735764363515737374 ) ) ;
#1390 = CARTESIAN_POINT ( 'NONE',  ( 24.23974016647490970, -3.000000000000000000, 3.746098358530197903 ) ) ;
#1391 = ORIENTED_EDGE ( 'NONE', *, *, #455, .F. ) ;
#1392 = VECTOR ( 'NONE', #2906, 1000.000000000000114 ) ;
#1393 = LINE ( 'NONE', #1003, #31 ) ;
#1394 = CARTESIAN_POINT ( 'NONE',  ( -8.998655526815836581, -2.500000000000000000, -21.74132237720848693 ) ) ;
#1395 = ORIENTED_EDGE ( 'NONE', *, *, #216, .T. ) ;
#1397 = CARTESIAN_POINT ( 'NONE',  ( -21.85055097923268264, -0.9942063823211366724, -12.22260572949132928 ) ) ;
#1396 = CARTESIAN_POINT ( 'NONE',  ( -12.09500773390940331, -3.000000000000000000, 1.058176061982680993 ) ) ;
#1398 = CARTESIAN_POINT ( 'NONE',  ( 22.16644285628431987, -0.9761472547094184327, -11.62000720090513184 ) ) ;
#1399 = CARTESIAN_POINT ( 'NONE',  ( 8.998655526814697936, -2.500000000000000000, -21.74132237720895944 ) ) ;
#1400 = DIRECTION ( 'NONE',  ( -0.8710089201476182152, 0.4912671992137068178, 0.000000000000000000 ) ) ;
#1401 = ORIENTED_EDGE ( 'NONE', *, *, #1491, .T. ) ;
#1402 = ORIENTED_EDGE ( 'NONE', *, *, #28, .T. ) ;
#1403 = CARTESIAN_POINT ( 'NONE',  ( 30.84144333032081420, 3.265000000000000124, 4.402443439001797465 ) ) ;
#1404 = DIRECTION ( 'NONE',  ( -0.9848077530122211209, 0.000000000000000000, -0.1736481776668561960 ) ) ;
#1405 = VECTOR ( 'NONE', #581, 1000.000000000000114 ) ;
#1406 = ORIENTED_EDGE ( 'NONE', *, *, #1441, .T. ) ;
#1407 = CARTESIAN_POINT ( 'NONE',  ( -7.081682580411170491, 3.265000000000000124, -22.43904346959336848 ) ) ;
#1408 = DIRECTION ( 'NONE',  ( -0.3420201433256687684, -0.000000000000000000, 0.9396926207859083169 ) ) ;
#1409 = LINE ( 'NONE', #2207, #43 ) ;
#1410 = LINE ( 'NONE', #4329, #503 ) ;
#1411 = EDGE_CURVE ( 'NONE', #1011, #4485, #3755, .T. ) ;
#1412 = CARTESIAN_POINT ( 'NONE',  ( -31.84909871781260904, 3.265000000000000124, 3.696875540765334645 ) ) ;
#1413 = ORIENTED_EDGE ( 'NONE', *, *, #4569, .T. ) ;
#1414 = LINE ( 'NONE', #2454, #1914 ) ;
#1415 = EDGE_CURVE ( 'NONE', #1233, #3702, #3331, .T. ) ;
#1416 = CARTESIAN_POINT ( 'NONE',  ( -15.89194039108521395, 3.265000000000000124, 17.35243875097084043 ) ) ;
#1417 = ORIENTED_EDGE ( 'NONE', *, *, #2303, .T. ) ;
#1419 = ORIENTED_EDGE ( 'NONE', *, *, #3749, .T. ) ;
#1418 = FACE_BOUND ( 'NONE', #4412, .T. ) ;
#1420 = CARTESIAN_POINT ( 'NONE',  ( 21.71325459516049960, -2.500000000000000000, 1.899663625324518490 ) ) ;
#1421 = DIRECTION ( 'NONE',  ( 0.9848077530122086864, 0.000000000000000000, -0.1736481776669272503 ) ) ;
#1422 = ORIENTED_EDGE ( 'NONE', *, *, #1388, .T. ) ;
#1423 = EDGE_LOOP ( 'NONE', ( #4086, #2369, #2825, #1364 ) ) ;
#1424 = CARTESIAN_POINT ( 'NONE',  ( 16.77838861730841558, -3.000000000000000000, 1.922747461918894674 ) ) ;
#1425 = DIRECTION ( 'NONE',  ( -0.000000000000000000, -1.000000000000000000, -0.000000000000000000 ) ) ;
#1426 = ORIENTED_EDGE ( 'NONE', *, *, #3325, .T. ) ;
#1427 = VERTEX_POINT ( 'NONE', #1192 ) ;
#1428 = PLANE ( 'NONE',  #3698 ) ;
#1429 = CARTESIAN_POINT ( 'NONE',  ( 6.790763482220103064, -3.000000000000000000, -14.16570796068911697 ) ) ;
#1430 = LINE ( 'NONE', #4021, #3999 ) ;
#1431 = CARTESIAN_POINT ( 'NONE',  ( -15.46107583811597586, -2.798953584472855027, 4.493235816091629253 ) ) ;
#1432 = ORIENTED_EDGE ( 'NONE', *, *, #873, .T. ) ;
#1433 = CARTESIAN_POINT ( 'NONE',  ( -9.511283720561253929, 3.265000000000000124, -23.14975676409983407 ) ) ;
#1434 = VECTOR ( 'NONE', #3775, 1000.000000000000227 ) ;
#1435 = ORIENTED_EDGE ( 'NONE', *, *, #783, .F. ) ;
#1436 = EDGE_CURVE ( 'NONE', #4518, #1205, #1077, .T. ) ;
#1437 = EDGE_CURVE ( 'NONE', #1585, #382, #2258, .T. ) ;
#1439 = LINE ( 'NONE', #2218, #4689 ) ;
#1438 = CARTESIAN_POINT ( 'NONE',  ( -16.85536625282397338, -2.500000000000000000, 18.50060498289616362 ) ) ;
#1440 = DIRECTION ( 'NONE',  ( 0.9396926207859073177, 0.000000000000000000, 0.3420201433256716550 ) ) ;
#1441 = EDGE_CURVE ( 'NONE', #1468, #3494, #2169, .T. ) ;
#1442 = LINE ( 'NONE', #3644, #128 ) ;
#1443 = EDGE_LOOP ( 'NONE', ( #1659, #436, #810, #3959, #1700, #2543 ) ) ;
#1444 = AXIS2_PLACEMENT_3D ( 'NONE', #4272, #2515, #593 ) ;
#1445 = ORIENTED_EDGE ( 'NONE', *, *, #3442, .T. ) ;
#1446 = CARTESIAN_POINT ( 'NONE',  ( -7.081682580411170491, -2.500000000000000000, -22.43904346959336848 ) ) ;
#1447 = AXIS2_PLACEMENT_3D ( 'NONE', #1548, #4441, #1139 ) ;
#1448 = VECTOR ( 'NONE', #4415, 1000.000000000000114 ) ;
#1449 = CARTESIAN_POINT ( 'NONE',  ( 16.42414633486759712, -2.500000000000000000, 3.931755278064975823 ) ) ;
#1450 = ORIENTED_EDGE ( 'NONE', *, *, #895, .F. ) ;
#1451 = CARTESIAN_POINT ( 'NONE',  ( -30.84144333032262608, 3.265000000000000124, 4.402443439002778014 ) ) ;
#1452 = LINE ( 'NONE', #284, #299 ) ;
#1453 = AXIS2_PLACEMENT_3D ( 'NONE', #2511, #1421, #4744 ) ;
#1454 = CARTESIAN_POINT ( 'NONE',  ( -7.594310774156573629, -2.500000000000000000, -23.84747785648472274 ) ) ;
#1455 = AXIS2_PLACEMENT_3D ( 'NONE', #2636, #4420, #353 ) ;
#1456 = CARTESIAN_POINT ( 'NONE',  ( 20.55407337132391987, -0.01920984833667554667, -11.47405542676808032 ) ) ;
#1457 = CARTESIAN_POINT ( 'NONE',  ( -15.63352333970059327, -3.000000000000000000, 3.874968164782187863 ) ) ;
#1458 = ORIENTED_EDGE ( 'NONE', *, *, #1169, .F. ) ;
#1459 = FACE_OUTER_BOUND ( 'NONE', #411, .T. ) ;
#1460 = EDGE_CURVE ( 'NONE', #1226, #1936, #649, .T. ) ;
#1461 = ORIENTED_EDGE ( 'NONE', *, *, #3300, .F. ) ;
#1462 = ORIENTED_EDGE ( 'NONE', *, *, #2435, .T. ) ;
#1464 = CARTESIAN_POINT ( 'NONE',  ( -3.692205798608258149, -2.500000000000000000, -15.66973438633325166 ) ) ;
#1463 = CARTESIAN_POINT ( 'NONE',  ( -24.80391930942172607, -2.500000000000000000, 3.337865057442499950 ) ) ;
#1465 = CARTESIAN_POINT ( 'NONE',  ( 4.460940800293260011, -3.000000000000000000, -15.47651244522894309 ) ) ;
#1466 = EDGE_CURVE ( 'NONE', #2025, #924, #4738, .T. ) ;
#1467 = CARTESIAN_POINT ( 'NONE',  ( -0.3401884274348059289, -0.9942063823211610973, 25.03443509944814949 ) ) ;
#1468 = VERTEX_POINT ( 'NONE', #4465 ) ;
#1470 = ORIENTED_EDGE ( 'NONE', *, *, #2641, .F. ) ;
#1469 = DIRECTION ( 'NONE',  ( 0.8191520442893337473, 0.000000000000000000, -0.5735764363505576613 ) ) ;
#1471 = CARTESIAN_POINT ( 'NONE',  ( -16.05153436766386577, -2.926524577312462405, 1.289137005593462115 ) ) ;
#1472 = ADVANCED_FACE ( 'NONE', ( #373 ), #1565, .T. ) ;
#1473 = DIRECTION ( 'NONE',  ( 0.9961946980917275596, 0.000000000000000000, -0.08715574274786325182 ) ) ;
#1474 = ORIENTED_EDGE ( 'NONE', *, *, #963, .F. ) ;
#1475 = CARTESIAN_POINT ( 'NONE',  ( 31.19276894612020712, -3.000000000000000000, 7.419106642638352511 ) ) ;
#1476 = VECTOR ( 'NONE', #1900, 1000.000000000000000 ) ;
#1477 = FACE_OUTER_BOUND ( 'NONE', #4647, .T. ) ;
#1478 = CYLINDRICAL_SURFACE ( 'NONE', #1529, 0.5000000000000011102 ) ;
#1479 = ORIENTED_EDGE ( 'NONE', *, *, #1794, .T. ) ;
#1480 = AXIS2_PLACEMENT_3D ( 'NONE', #1420, #3984, #2483 ) ;
#1481 = DIRECTION ( 'NONE',  ( 0.8660254037844363761, 0.000000000000000000, 0.5000000000000038858 ) ) ;
#1482 = VERTEX_POINT ( 'NONE', #1541 ) ;
#1483 = ORIENTED_EDGE ( 'NONE', *, *, #1348, .T. ) ;
#1485 = CARTESIAN_POINT ( 'NONE',  ( -11.72428514981518255, 3.265000000000000124, 11.03241121076153597 ) ) ;
#1484 = CARTESIAN_POINT ( 'NONE',  ( -21.95387851915410948, -2.778643711280908590, 23.37734548478139729 ) ) ;
#1486 = DIRECTION ( 'NONE',  ( -0.000000000000000000, 1.000000000000000000, -0.000000000000000000 ) ) ;
#1487 = LINE ( 'NONE', #1830, #3378 ) ;
#1488 = ORIENTED_EDGE ( 'NONE', *, *, #4677, .T. ) ;
#1490 = ORIENTED_EDGE ( 'NONE', *, *, #3566, .F. ) ;
#1489 = CARTESIAN_POINT ( 'NONE',  ( 31.84812112076676627, -2.650251510363329732, 3.719278802826327279 ) ) ;
#1491 = EDGE_CURVE ( 'NONE', #339, #1482, #4332, .T. ) ;
#1492 = EDGE_CURVE ( 'NONE', #2158, #93, #1326, .T. ) ;
#1493 = DIRECTION ( 'NONE',  ( -0.000000000000000000, -1.000000000000000000, -0.000000000000000000 ) ) ;
#1494 = CARTESIAN_POINT ( 'NONE',  ( -9.321568203199646518, -2.833366653769067156, -30.68902528796870044 ) ) ;
#1495 = PLANE ( 'NONE',  #3531 ) ;
#1496 = EDGE_LOOP ( 'NONE', ( #3277, #1180, #4170, #1461 ) ) ;
#1497 = EDGE_CURVE ( 'NONE', #1257, #1220, #1943, .T. ) ;
#1498 = CARTESIAN_POINT ( 'NONE',  ( -22.97362297149675214, -2.500000000000000000, 5.086604718622892207 ) ) ;
#1499 = LINE ( 'NONE', #4471, #4459 ) ;
#1500 = B_SPLINE_CURVE_WITH_KNOTS ( 'NONE', 3,
 ( #3668, #45, #4029, #758, #405, #730, #780, #1463 ),
 .UNSPECIFIED., .F., .F.,
 ( 4, 2, 2, 4 ),
 ( -4.472650285583080904E-06, 0.0004674945079885325797, 0.0007034780871255933094, 0.0009394616662626540391 ),
 .UNSPECIFIED. ) ;
#1501 = DIRECTION ( 'NONE',  ( -0.9848077530122070211, 0.000000000000000000, -0.1736481776669361876 ) ) ;
#1502 = ORIENTED_EDGE ( 'NONE', *, *, #3592, .T. ) ;
#1503 = CARTESIAN_POINT ( 'NONE',  ( 0.000000000000000000, 3.265000000000000124, 0.000000000000000000 ) ) ;
#1504 = EDGE_LOOP ( 'NONE', ( #4059, #67, #4649, #4478 ) ) ;
#1505 = ORIENTED_EDGE ( 'NONE', *, *, #3126, .T. ) ;
#1507 = CARTESIAN_POINT ( 'NONE',  ( 24.23723077790808489, -2.963709313982509475, 5.031485895445645617 ) ) ;
#1506 = DIRECTION ( 'NONE',  ( -0.3420201433255953272, 0.000000000000000000, -0.9396926207859350733 ) ) ;
#1508 = CARTESIAN_POINT ( 'NONE',  ( -3.692205798608259926, -2.586846802861122452, -15.66973438633325166 ) ) ;
#1509 = VECTOR ( 'NONE', #1161, 1000.000000000000000 ) ;
#1510 = FACE_OUTER_BOUND ( 'NONE', #4051, .T. ) ;
#1511 = ORIENTED_EDGE ( 'NONE', *, *, #4300, .T. ) ;
#1513 = ORIENTED_EDGE ( 'NONE', *, *, #4393, .T. ) ;
#1512 = FACE_OUTER_BOUND ( 'NONE', #912, .T. ) ;
#1514 = CYLINDRICAL_SURFACE ( 'NONE', #3178, 14.57731163100815763 ) ;
#1515 = DIRECTION ( 'NONE',  ( -0.000000000000000000, 1.000000000000000000, -0.000000000000000000 ) ) ;
#1516 = FACE_OUTER_BOUND ( 'NONE', #1809, .T. ) ;
#1517 = EDGE_LOOP ( 'NONE', ( #2593, #2527, #2964, #4513 ) ) ;
#1518 = ORIENTED_EDGE ( 'NONE', *, *, #2243, .T. ) ;
#1519 = CARTESIAN_POINT ( 'NONE',  ( 14.88466075374410025, -3.000000000000000000, 18.72227996229768365 ) ) ;
#1520 = TOROIDAL_SURFACE ( 'NONE', #279, 24.02999999999999758, 0.5000000000000000000 ) ;
#1521 = VECTOR ( 'NONE', #3170, 1000.000000000000114 ) ;
#1522 = ADVANCED_FACE ( 'NONE', ( #2226 ), #2252, .T. ) ;
#1523 = VECTOR ( 'NONE', #3077, 1000.000000000000000 ) ;
#1524 = ADVANCED_FACE ( 'NONE', ( #23 ), #1514, .F. ) ;
#1525 = CARTESIAN_POINT ( 'NONE',  ( 20.86842270412931200, 0.000000000000000000, -10.87059491664489386 ) ) ;
#1526 = EDGE_CURVE ( 'NONE', #1849, #3730, #460, .T. ) ;
#1527 = CARTESIAN_POINT ( 'NONE',  ( 31.23825961836370624, -2.833366653769156418, 7.271797776904089794 ) ) ;
#1528 = ORIENTED_EDGE ( 'NONE', *, *, #1411, .T. ) ;
#1529 = AXIS2_PLACEMENT_3D ( 'NONE', #3686, #2164, #4755 ) ;
#1530 = LINE ( 'NONE', #4049, #3058 ) ;
#1531 = EDGE_CURVE ( 'NONE', #2191, #230, #3021, .T. ) ;
#1532 = EDGE_LOOP ( 'NONE', ( #651, #1577, #20, #30 ) ) ;
#1534 = CARTESIAN_POINT ( 'NONE',  ( 16.01602368630241102, -3.000000000000000000, 1.705700903103352095 ) ) ;
#1533 = LINE ( 'NONE', #1174, #1827 ) ;
#1535 = DIRECTION ( 'NONE',  ( 0.3420201433256684909, 0.000000000000000000, -0.9396926207859085389 ) ) ;
#1536 = FACE_OUTER_BOUND ( 'NONE', #953, .T. ) ;
#1537 = ORIENTED_EDGE ( 'NONE', *, *, #71, .F. ) ;
#1539 = ORIENTED_EDGE ( 'NONE', *, *, #934, .F. ) ;
#1538 = DIRECTION ( 'NONE',  ( 0.7660444431189781245, 0.000000000000000000, 0.6427876096865392519 ) ) ;
#1540 = TOROIDAL_SURFACE ( 'NONE', #684, 24.02999999999999403, 0.5000000000000000000 ) ;
#1541 = CARTESIAN_POINT ( 'NONE',  ( 31.37141457813755352, -3.000000000000000000, 6.802515648106708390 ) ) ;
#1542 = VECTOR ( 'NONE', #1841, 1000.000000000000000 ) ;
#1543 = CARTESIAN_POINT ( 'NONE',  ( -23.32786525393755994, -2.500000000000000000, 3.077596902476485319 ) ) ;
#1544 = B_SPLINE_CURVE_WITH_KNOTS ( 'NONE', 3,
 ( #4473, #4136, #4091, #1892, #4162, #4115, #4495, #476, #1193, #1215 ),
 .UNSPECIFIED., .F., .F.,
 ( 4, 2, 2, 2, 4 ),
 ( 0.000000000000000000, 0.0002540264268554478220, 0.0005080528537108956440, 0.0007620792805663435202, 0.001016105707421791288 ),
 .UNSPECIFIED. ) ;
#1545 = CARTESIAN_POINT ( 'NONE',  ( 7.830373626329996561, -3.000000000000001332, -23.36284875868716071 ) ) ;
#1546 = ORIENTED_EDGE ( 'NONE', *, *, #3333, .T. ) ;
#1547 = ORIENTED_EDGE ( 'NONE', *, *, #312, .F. ) ;
#1548 = CARTESIAN_POINT ( 'NONE',  ( -10.09792032711190046, -2.500000000000000000, 13.07103969715132052 ) ) ;
#1549 = CARTESIAN_POINT ( 'NONE',  ( -16.77838861730829123, 3.265000000000000124, 1.922747461919029899 ) ) ;
#1550 = CARTESIAN_POINT ( 'NONE',  ( -21.14644285628553888, 3.265000000000000124, -13.38669902462328487 ) ) ;
#1551 = ORIENTED_EDGE ( 'NONE', *, *, #2154, .F. ) ;
#1552 = EDGE_CURVE ( 'NONE', #3872, #2330, #874, .T. ) ;
#1553 = CIRCLE ( 'NONE', #1016, 23.53000000000000114 ) ;
#1554 = ORIENTED_EDGE ( 'NONE', *, *, #1737, .T. ) ;
#1556 = CARTESIAN_POINT ( 'NONE',  ( 7.108283610341580072, -2.659497393407476817, -22.45216890457750836 ) ) ;
#1555 = DIRECTION ( 'NONE',  ( -0.5735764363506832275, 0.000000000000000000, 0.8191520442892459286 ) ) ;
#1557 = EDGE_CURVE ( 'NONE', #691, #2128, #4641, .T. ) ;
#1558 = DIRECTION ( 'NONE',  ( 0.000000000000000000, 0.000000000000000000, 1.000000000000000000 ) ) ;
#1559 = FACE_OUTER_BOUND ( 'NONE', #637, .T. ) ;
#1560 = ORIENTED_EDGE ( 'NONE', *, *, #2068, .F. ) ;
#1561 =( NAMED_UNIT ( * ) SI_UNIT ( $, .STERADIAN. ) SOLID_ANGLE_UNIT ( ) );
#1562 =( BOUNDED_CURVE ( )  B_SPLINE_CURVE ( 3, ( #3782, #3192, #940, #3846 ),
 .UNSPECIFIED., .F., .T. ) 
 B_SPLINE_CURVE_WITH_KNOTS ( ( 4, 4 ),
 ( 4.712388980384685233, 6.283185307179586232 ),
 .UNSPECIFIED. ) 
 CURVE ( )  GEOMETRIC_REPRESENTATION_ITEM ( )  RATIONAL_B_SPLINE_CURVE ( ( 1.000000000000000000, 0.8047378541243640493, 0.8047378541243640493, 1.000000000000000000 ) ) 
 REPRESENTATION_ITEM ( '' )  );
#1564 = ORIENTED_EDGE ( 'NONE', *, *, #1795, .F. ) ;
#1563 = CARTESIAN_POINT ( 'NONE',  ( 31.84429173039757899, -2.779248922266253086, 3.796856456105555555 ) ) ;
#1565 = CYLINDRICAL_SURFACE ( 'NONE', #3799, 0.4999999999999991118 ) ;
#1566 = CARTESIAN_POINT ( 'NONE',  ( -0.5244024014048652704, 3.265000000000000124, -1.440783756571787144 ) ) ;
#1567 = DIRECTION ( 'NONE',  ( -0.000000000000000000, 1.000000000000000000, -0.000000000000000000 ) ) ;
#1568 = VERTEX_POINT ( 'NONE', #393 ) ;
#1569 = EDGE_LOOP ( 'NONE', ( #4745, #2940, #879, #3757 ) ) ;
#1570 = DIRECTION ( 'NONE',  ( -0.000000000000000000, -0.000000000000000000, -1.000000000000000000 ) ) ;
#1571 = CARTESIAN_POINT ( 'NONE',  ( 6.685646264092174107, -2.990860970744401381, -14.65229168168091789 ) ) ;
#1572 = ORIENTED_EDGE ( 'NONE', *, *, #3253, .F. ) ;
#1573 = CARTESIAN_POINT ( 'NONE',  ( 31.37141457813755352, -3.000000000000000000, 6.802515648106708390 ) ) ;
#1574 = ORIENTED_EDGE ( 'NONE', *, *, #1437, .T. ) ;
#1575 = PRESENTATION_STYLE_ASSIGNMENT (( #1942 ) ) ;
#1576 = EDGE_CURVE ( 'NONE', #871, #787, #4486, .T. ) ;
#1577 = ORIENTED_EDGE ( 'NONE', *, *, #3542, .F. ) ;
#1578 = CIRCLE ( 'NONE', #2205, 14.57731163100814342 ) ;
#1579 = LINE ( 'NONE', #1221, #1381 ) ;
#1580 = DIRECTION ( 'NONE',  ( -0.000000000000000000, 1.000000000000000000, -0.000000000000000000 ) ) ;
#1581 = EDGE_CURVE ( 'NONE', #4198, #4174, #4127, .T. ) ;
#1582 = EDGE_CURVE ( 'NONE', #2718, #4132, #1313, .T. ) ;
#1583 = ADVANCED_FACE ( 'NONE', ( #2294 ), #1932, .T. ) ;
#1584 = CARTESIAN_POINT ( 'NONE',  ( 9.691120861856093782, -2.500000000000000000, -29.60841622532396400 ) ) ;
#1585 = VERTEX_POINT ( 'NONE', #3430 ) ;
#1586 = EDGE_CURVE ( 'NONE', #1626, #2269, #4408, .T. ) ;
#1588 = ORIENTED_EDGE ( 'NONE', *, *, #1705, .T. ) ;
#1587 = CARTESIAN_POINT ( 'NONE',  ( 11.60809380826084514, -2.500000000000000000, -28.91069513294267423 ) ) ;
#1589 = DIRECTION ( 'NONE',  ( 0.000000000000000000, 1.000000000000000000, 0.000000000000000000 ) ) ;
#1590 = LINE ( 'NONE', #3, #4440 ) ;
#1591 = CARTESIAN_POINT ( 'NONE',  ( -8.705459673508087803, -3.000000000000000000, -22.39767559084925708 ) ) ;
#1592 = EDGE_LOOP ( 'NONE', ( #4322, #3053, #2957, #594 ) ) ;
#1593 = ORIENTED_EDGE ( 'NONE', *, *, #2892, .T. ) ;
#1594 = CARTESIAN_POINT ( 'NONE',  ( 14.35869536567906657, -2.659496569424237844, 18.66696122629612731 ) ) ;
#1595 = DIRECTION ( 'NONE',  ( 0.000000000000000000, 0.000000000000000000, 1.000000000000000000 ) ) ;
#1596 = CARTESIAN_POINT ( 'NONE',  ( 31.19276894612020712, -2.500000000000000000, 7.419106642638352511 ) ) ;
#1597 = ORIENTED_EDGE ( 'NONE', *, *, #4186, .T. ) ;
#1598 = VECTOR ( 'NONE', #2203, 999.9999999999998863 ) ;
#1599 = CARTESIAN_POINT ( 'NONE',  ( -15.29263558886043306, -2.500000000000000000, 19.81189170665737009 ) ) ;
#1600 = VECTOR ( 'NONE', #229, 1000.000000000000114 ) ;
#1601 = AXIS2_PLACEMENT_3D ( 'NONE', #4285, #4218, #4582 ) ;
#1602 = AXIS2_PLACEMENT_3D ( 'NONE', #3471, #2703, #2627 ) ;
#1603 = ORIENTED_EDGE ( 'NONE', *, *, #3217, .T. ) ;
#1604 = VECTOR ( 'NONE', #2614, 1000.000000000000114 ) ;
#1605 = DIRECTION ( 'NONE',  ( -0.6427876096865970945, 0.000000000000000000, -0.7660444431189294967 ) ) ;
#1606 = VECTOR ( 'NONE', #4566, 999.9999999999998863 ) ;
#1607 = CARTESIAN_POINT ( 'NONE',  ( 0.000000000000000000, -3.000000000000000000, 24.52749999999999275 ) ) ;
#1608 = ORIENTED_EDGE ( 'NONE', *, *, #784, .T. ) ;
#1609 = DIRECTION ( 'NONE',  ( -0.9961946980916877026, -0.000000000000000000, -0.08715574274831972001 ) ) ;
#1611 = ORIENTED_EDGE ( 'NONE', *, *, #4354, .F. ) ;
#1610 = CYLINDRICAL_SURFACE ( 'NONE', #1697, 0.5000000000000001110 ) ;
#1612 = PLANE ( 'NONE',  #1331 ) ;
#1613 = DIRECTION ( 'NONE',  ( -0.000000000000000000, 1.000000000000000000, -0.000000000000000000 ) ) ;
#1614 = CARTESIAN_POINT ( 'NONE',  ( 7.898373414055682495, -3.000000000000000000, -23.22098089362588169 ) ) ;
#1615 = VERTEX_POINT ( 'NONE', #3518 ) ;
#1616 = ORIENTED_EDGE ( 'NONE', *, *, #2447, .F. ) ;
#1617 = DIRECTION ( 'NONE',  ( 0.000000000000000000, 0.000000000000000000, -1.000000000000000000 ) ) ;
#1618 = EDGE_CURVE ( 'NONE', #1107, #1323, #4032, .T. ) ;
#1619 = EDGE_CURVE ( 'NONE', #2241, #3255, #3802, .T. ) ;
#1620 = CARTESIAN_POINT ( 'NONE',  ( 7.243917375738559983, -2.586846802861041184, -14.37701709155918550 ) ) ;
#1621 = DIRECTION ( 'NONE',  ( -0.000000000000000000, 1.000000000000000000, -0.000000000000000000 ) ) ;
#1622 = LINE ( 'NONE', #4638, #717 ) ;
#1623 = ORIENTED_EDGE ( 'NONE', *, *, #3475, .F. ) ;
#1624 = CARTESIAN_POINT ( 'NONE',  ( 21.14644285628408937, -0.9761472547092341356, -13.38669902462525485 ) ) ;
#1625 = CARTESIAN_POINT ( 'NONE',  ( -24.43447562070652879, -2.656872957827535409, 5.324177082353028112 ) ) ;
#1626 = VERTEX_POINT ( 'NONE', #584 ) ;
#1627 = DIRECTION ( 'NONE',  ( 0.000000000000000000, -1.000000000000000000, 0.000000000000000000 ) ) ;
#1628 = AXIS2_PLACEMENT_3D ( 'NONE', #4623, #1320, #627 ) ;
#1629 = CARTESIAN_POINT ( 'NONE',  ( 0.000000000000000000, -2.500000000000000000, 0.000000000000000000 ) ) ;
#1630 = ORIENTED_EDGE ( 'NONE', *, *, #875, .F. ) ;
#1631 = LINE ( 'NONE', #514, #2232 ) ;
#1633 = VERTEX_POINT ( 'NONE', #2388 ) ;
#1632 = CARTESIAN_POINT ( 'NONE',  ( -22.97362297149675214, -2.500000000000000000, 5.086604718622892207 ) ) ;
#1634 = DIRECTION ( 'NONE',  ( -0.000000000000000000, -1.000000000000000000, -0.000000000000000000 ) ) ;
#1635 = AXIS2_PLACEMENT_3D ( 'NONE', #1276, #958, #3891 ) ;
#1636 = CARTESIAN_POINT ( 'NONE',  ( -6.183365160192210830, -3.000000000000000000, -15.46827786578351471 ) ) ;
#1637 = CARTESIAN_POINT ( 'NONE',  ( 31.19276894612020712, -2.500000000000000000, 7.419106642638352511 ) ) ;
#1638 = ORIENTED_EDGE ( 'NONE', *, *, #1026, .T. ) ;
#1639 = ORIENTED_EDGE ( 'NONE', *, *, #306, .F. ) ;
#1640 = CARTESIAN_POINT ( 'NONE',  ( -7.046071276609506384, -2.848831634978273186, -14.47809968294343008 ) ) ;
#1641 = DIRECTION ( 'NONE',  ( -0.6427876096865312583, -0.000000000000000000, -0.7660444431189847858 ) ) ;
#1642 = ADVANCED_FACE ( 'NONE', ( #930 ), #1656, .T. ) ;
#1643 = FACE_OUTER_BOUND ( 'NONE', #195, .T. ) ;
#1644 = CARTESIAN_POINT ( 'NONE',  ( -14.32920972712166652, -2.581508310268894490, 18.66372547473203269 ) ) ;
#1645 = ORIENTED_EDGE ( 'NONE', *, *, #4290, .T. ) ;
#1646 = CARTESIAN_POINT ( 'NONE',  ( -20.79608018602539588, -2.500000000000000000, 23.19696497017492476 ) ) ;
#1647 =( NAMED_UNIT ( * ) SI_UNIT ( $, .STERADIAN. ) SOLID_ANGLE_UNIT ( ) );
#1648 = AXIS2_PLACEMENT_3D ( 'NONE', #2638, #3756, #3417 ) ;
#1649 = DIRECTION ( 'NONE',  ( 0.000000000000000000, 0.000000000000000000, 1.000000000000000000 ) ) ;
#1650 = VERTEX_POINT ( 'NONE', #3163 ) ;
#1651 = CARTESIAN_POINT ( 'NONE',  ( -30.95857960530295472, -3.000000000000000000, 4.930811030644368209 ) ) ;
#1652 = CARTESIAN_POINT ( 'NONE',  ( 21.91649183265698042, -2.833599059608989279, 23.41743943069514344 ) ) ;
#1653 = VERTEX_POINT ( 'NONE', #179 ) ;
#1655 = EDGE_LOOP ( 'NONE', ( #3787, #3327, #2804, #2399 ) ) ;
#1654 = CARTESIAN_POINT ( 'NONE',  ( -9.018935505068846226, -3.000000000000000000, -22.93024761324317140 ) ) ;
#1656 = CYLINDRICAL_SURFACE ( 'NONE', #387, 0.5000000000000003331 ) ;
#1657 = CARTESIAN_POINT ( 'NONE',  ( 11.61707311970207535, -2.792893218813452538, 12.25785032243555861 ) ) ;
#1658 = CARTESIAN_POINT ( 'NONE',  ( -17.85439826556527265, -3.000000000000000000, -12.50178425576556585 ) ) ;
#1659 = ORIENTED_EDGE ( 'NONE', *, *, #2319, .F. ) ;
#1660 = ORIENTED_EDGE ( 'NONE', *, *, #1674, .T. ) ;
#1661 = CARTESIAN_POINT ( 'NONE',  ( 31.19276894612020712, -3.000000000000000000, 7.419106642638352511 ) ) ;
#1662 = EDGE_CURVE ( 'NONE', #3439, #1823, #4629, .T. ) ;
#1663 = VECTOR ( 'NONE', #1777, 1000.000000000000000 ) ;
#1664 = CARTESIAN_POINT ( 'NONE',  ( -0.5244024014048652704, -3.000000000000000000, -1.440783756571787144 ) ) ;
#1665 = VECTOR ( 'NONE', #4466, 1000.000000000000000 ) ;
#1666 = DIRECTION ( 'NONE',  ( 0.000000000000000000, 0.000000000000000000, -1.000000000000000000 ) ) ;
#1667 = CARTESIAN_POINT ( 'NONE',  ( -30.88996276406535202, -3.000000000000000000, 4.621300461379132862 ) ) ;
#1668 = EDGE_LOOP ( 'NONE', ( #1904, #559, #3687, #3584 ) ) ;
#1669 = LINE ( 'NONE', #4662, #446 ) ;
#1670 = VECTOR ( 'NONE', #3235, 1000.000000000000227 ) ;
#1671 = DIRECTION ( 'NONE',  ( -0.000000000000000000, 1.000000000000000000, -0.000000000000000000 ) ) ;
#1672 = EDGE_CURVE ( 'NONE', #1835, #1216, #4171, .T. ) ;
#1673 = EDGE_CURVE ( 'NONE', #552, #4163, #4217, .T. ) ;
#1674 = EDGE_CURVE ( 'NONE', #58, #3020, #540, .T. ) ;
#1675 = DIRECTION ( 'NONE',  ( -0.8191520442885953379, 0.000000000000000000, -0.5735764363516124842 ) ) ;
#1676 = EDGE_LOOP ( 'NONE', ( #15, #1528, #1781, #3791 ) ) ;
#1677 = VECTOR ( 'NONE', #2129, 1000.000000000000000 ) ;
#1678 = EDGE_CURVE ( 'NONE', #1650, #3108, #3413, .T. ) ;
#1679 = VECTOR ( 'NONE', #2732, 1000.000000000000000 ) ;
#1680 = CARTESIAN_POINT ( 'NONE',  ( 22.00636987691699531, -2.650251510363326179, 23.32071050754042219 ) ) ;
#1681 =( BOUNDED_CURVE ( )  B_SPLINE_CURVE ( 3, ( #2386, #2316, #3449, #3793 ),
 .UNSPECIFIED., .F., .T. ) 
 B_SPLINE_CURVE_WITH_KNOTS ( ( 4, 4 ),
 ( 4.712388980384692339, 6.283185307179586232 ),
 .UNSPECIFIED. ) 
 CURVE ( )  GEOMETRIC_REPRESENTATION_ITEM ( )  RATIONAL_B_SPLINE_CURVE ( ( 1.000000000000000000, 0.8047378541243654926, 0.8047378541243654926, 1.000000000000000000 ) ) 
 REPRESENTATION_ITEM ( '' )  );
#1682 = ORIENTED_EDGE ( 'NONE', *, *, #1090, .F. ) ;
#1683 = AXIS2_PLACEMENT_3D ( 'NONE', #2433, #1711, #4674 ) ;
#1685 = ORIENTED_EDGE ( 'NONE', *, *, #2117, .T. ) ;
#1684 = CARTESIAN_POINT ( 'NONE',  ( 10.05434245573841068, -2.500000000000000000, 13.56913704619687699 ) ) ;
#1686 = VECTOR ( 'NONE', #4264, 999.9999999999998863 ) ;
#1687 = DIRECTION ( 'NONE',  ( 0.000000000000000000, 0.000000000000000000, 1.000000000000000000 ) ) ;
#1688 = VECTOR ( 'NONE', #1042, 999.9999999999998863 ) ;
#1689 = DIRECTION ( 'NONE',  ( 0.000000000000000000, 0.000000000000000000, -1.000000000000000000 ) ) ;
#1690 = CARTESIAN_POINT ( 'NONE',  ( 8.998655526814697936, -2.500000000000000000, -21.74132237720895944 ) ) ;
#1691 = ORIENTED_EDGE ( 'NONE', *, *, #4593, .F. ) ;
#1692 = ORIENTED_EDGE ( 'NONE', *, *, #163, .F. ) ;
#1693 = CARTESIAN_POINT ( 'NONE',  ( -15.29263558886043306, 3.265000000000000124, 19.81189170665737009 ) ) ;
#1694 = CYLINDRICAL_SURFACE ( 'NONE', #1444, 25.02749999999999275 ) ;
#1695 = CARTESIAN_POINT ( 'NONE',  ( -24.80391930942172607, 3.265000000000000124, 3.337865057442499950 ) ) ;
#1696 = CARTESIAN_POINT ( 'NONE',  ( 11.69833114099270510, -2.668231137178802115, 11.06076956316354831 ) ) ;
#1697 = AXIS2_PLACEMENT_3D ( 'NONE', #4239, #538, #104 ) ;
#1698 = LINE ( 'NONE', #3906, #894 ) ;
#1699 = LINE ( 'NONE', #2838, #2843 ) ;
#1700 = ORIENTED_EDGE ( 'NONE', *, *, #1997, .T. ) ;
#1701 = CARTESIAN_POINT ( 'NONE',  ( 15.86490037205822290, -2.963980324420346868, 17.74806328844876546 ) ) ;
#1702 = DIRECTION ( 'NONE',  ( -0.9848077530122083534, -0.000000000000000000, 0.1736481776669289434 ) ) ;
#1703 = EDGE_CURVE ( 'NONE', #4331, #924, #3134, .T. ) ;
#1704 = ORIENTED_EDGE ( 'NONE', *, *, #2189, .T. ) ;
#1705 = EDGE_CURVE ( 'NONE', #4545, #1982, #490, .T. ) ;
#1707 = EDGE_LOOP ( 'NONE', ( #4237, #4227, #4289, #3120 ) ) ;
#1706 = CYLINDRICAL_SURFACE ( 'NONE', #85, 14.64608244481071075 ) ;
#1708 = DIRECTION ( 'NONE',  ( 0.000000000000000000, 0.000000000000000000, 1.000000000000000000 ) ) ;
#1709 = DIRECTION ( 'NONE',  ( -0.000000000000000000, 1.000000000000000000, -0.000000000000000000 ) ) ;
#1710 = AXIS2_PLACEMENT_3D ( 'NONE', #51, #3017, #4482 ) ;
#1711 = DIRECTION ( 'NONE',  ( 0.000000000000000000, 1.000000000000000000, -0.000000000000000000 ) ) ;
#1712 = EDGE_LOOP ( 'NONE', ( #3365, #2062, #3123, #2855 ) ) ;
#1713 = ORIENTED_EDGE ( 'NONE', *, *, #4742, .T. ) ;
#1714 = AXIS2_PLACEMENT_3D ( 'NONE', #106, #1589, #1687 ) ;
#1715 = CARTESIAN_POINT ( 'NONE',  ( -11.60809380826081316, 3.265000000000000124, -28.91069513293903270 ) ) ;
#1716 = B_SPLINE_CURVE_WITH_KNOTS ( 'NONE', 3,
 ( #555, #3559, #4620, #4254, #241, #948, #4277, #1315 ),
 .UNSPECIFIED., .F., .F.,
 ( 4, 2, 2, 4 ),
 ( 0.000000000000000000, 0.0004478229640552622249, 0.0006717344460828924158, 0.0008956459281105224983 ),
 .UNSPECIFIED. ) ;
#1717 = B_SPLINE_CURVE_WITH_KNOTS ( 'NONE', 3,
 ( #1614, #1545, #2656, #2296, #3046, #1909, #3778, #2006 ),
 .UNSPECIFIED., .F., .F.,
 ( 4, 2, 2, 4 ),
 ( -4.472650285583973677E-06, 0.0004674945079885376754, 0.0007034780871255978630, 0.0009394616662626582675 ),
 .UNSPECIFIED. ) ;
#1718 = LINE ( 'NONE', #2469, #665 ) ;
#1719 = CARTESIAN_POINT ( 'NONE',  ( -31.22244734251497178, -2.779248922266303712, 7.323511227749280650 ) ) ;
#1720 = CARTESIAN_POINT ( 'NONE',  ( 11.57294291280548038, -2.848831634978306937, 11.19506512715537738 ) ) ;
#1721 = FACE_OUTER_BOUND ( 'NONE', #2769, .T. ) ;
#1722 = LINE ( 'NONE', #2067, #1751 ) ;
#1723 = CARTESIAN_POINT ( 'NONE',  ( 6.500088757881872681, -2.999999999999999556, -15.48210631670260007 ) ) ;
#1724 = VERTEX_POINT ( 'NONE', #2027 ) ;
#1725 = DIRECTION ( 'NONE',  ( -0.000000000000000000, 1.000000000000000000, -0.000000000000000000 ) ) ;
#1726 = ADVANCED_FACE ( 'NONE', ( #883 ), #1612, .T. ) ;
#1727 = VECTOR ( 'NONE', #3292, 1000.000000000000000 ) ;
#1728 = PLANE ( 'NONE',  #2793 ) ;
#1729 = VERTEX_POINT ( 'NONE', #3474 ) ;
#1731 = CARTESIAN_POINT ( 'NONE',  ( -12.58552965825654013, -2.833599059609058557, -29.50107670852860409 ) ) ;
#1730 = CARTESIAN_POINT ( 'NONE',  ( -31.19276894612026751, 3.265000000000000124, 7.419106642638173099 ) ) ;
#1732 = CARTESIAN_POINT ( 'NONE',  ( -22.02151929897088678, 3.265000000000000124, 23.30417700039917506 ) ) ;
#1733 = DIRECTION ( 'NONE',  ( -0.9063077870364197874, 0.000000000000000000, 0.4226182617411931020 ) ) ;
#1734 = ADVANCED_FACE ( 'NONE', ( #2777 ), #155, .F. ) ;
#1735 = EDGE_CURVE ( 'NONE', #3133, #4132, #2123, .T. ) ;
#1736 = DIRECTION ( 'NONE',  ( -0.9848077530122080203, -0.000000000000000000, -0.1736481776669306643 ) ) ;
#1737 = EDGE_CURVE ( 'NONE', #444, #1378, #3570, .T. ) ;
#1738 = VERTEX_POINT ( 'NONE', #2144 ) ;
#1739 = ORIENTED_EDGE ( 'NONE', *, *, #28, .F. ) ;
#1740 = FACE_OUTER_BOUND ( 'NONE', #1967, .T. ) ;
#1741 = AXIS2_PLACEMENT_3D ( 'NONE', #170, #4590, #2761 ) ;
#1742 = CARTESIAN_POINT ( 'NONE',  ( 23.32786525393763810, 3.265000000000000124, 3.077596902475849383 ) ) ;
#1743 = ORIENTED_EDGE ( 'NONE', *, *, #1586, .T. ) ;
#1744 = ORIENTED_EDGE ( 'NONE', *, *, #1327, .F. ) ;
#1745 = DIRECTION ( 'NONE',  ( -0.9848077530122082424, -0.000000000000000000, 0.1736481776669292765 ) ) ;
#1746 = DIRECTION ( 'NONE',  ( 0.000000000000000000, 0.000000000000000000, 1.000000000000000000 ) ) ;
#1747 = LINE ( 'NONE', #4419, #124 ) ;
#1748 = DIRECTION ( 'NONE',  ( -0.4226182617402615138, 0.000000000000000000, 0.9063077870368541067 ) ) ;
#1749 = CARTESIAN_POINT ( 'NONE',  ( 10.05434245573841068, -3.000000000000000000, 13.56913704619687699 ) ) ;
#1750 = VERTEX_POINT ( 'NONE', #3620 ) ;
#1751 = VECTOR ( 'NONE', #2449, 1000.000000000000227 ) ;
#1752 = DIRECTION ( 'NONE',  ( 0.000000000000000000, 0.000000000000000000, 1.000000000000000000 ) ) ;
#1753 = DIRECTION ( 'NONE',  ( -0.9848077530122086864, 0.000000000000000000, 0.1736481776669272503 ) ) ;
#1754 = VERTEX_POINT ( 'NONE', #1082 ) ;
#1756 = ORIENTED_EDGE ( 'NONE', *, *, #2954, .F. ) ;
#1755 = DIRECTION ( 'NONE',  ( 0.000000000000000000, 0.000000000000000000, 1.000000000000000000 ) ) ;
#1757 = CARTESIAN_POINT ( 'NONE',  ( 8.872481215437538538, -3.000000000000000000, 12.96382766703892742 ) ) ;
#1758 = CARTESIAN_POINT ( 'NONE',  ( 8.771562925627232943, -2.999999999999999556, -22.25180371258515066 ) ) ;
#1759 = CIRCLE ( 'NONE', #2453, 24.52749999999998920 ) ;
#1760 = LINE ( 'NONE', #1376, #1600 ) ;
#1761 = ORIENTED_EDGE ( 'NONE', *, *, #312, .T. ) ;
#1762 = VECTOR ( 'NONE', #2851, 1000.000000000000227 ) ;
#1763 = VERTEX_POINT ( 'NONE', #4385 ) ;
#1764 = ADVANCED_FACE ( 'NONE', ( #4284 ), #320, .F. ) ;
#1765 = CARTESIAN_POINT ( 'NONE',  ( -15.84091243148855099, -3.000000000000000000, 18.06948791022898959 ) ) ;
#1766 = CARTESIAN_POINT ( 'NONE',  ( -11.41023447152234560, -2.954357122083207887, 11.36428288987097623 ) ) ;
#1767 = ORIENTED_EDGE ( 'NONE', *, *, #3656, .F. ) ;
#1768 = LINE ( 'NONE', #3653, #1072 ) ;
#1769 = CARTESIAN_POINT ( 'NONE',  ( 12.41879045059344122, -2.961507457126754783, -29.58445293864368253 ) ) ;
#1770 = EDGE_CURVE ( 'NONE', #2705, #2264, #228, .T. ) ;
#1771 = ADVANCED_FACE ( 'NONE', ( #981 ), #2922, .T. ) ;
#1772 = PLANE ( 'NONE',  #3165 ) ;
#1773 = DIRECTION ( 'NONE',  ( -0.3420201433256673806, 0.000000000000000000, 0.9396926207859089830 ) ) ;
#1774 = AXIS2_PLACEMENT_3D ( 'NONE', #4686, #3605, #4773 ) ;
#1775 = DIRECTION ( 'NONE',  ( 0.000000000000000000, -1.000000000000000000, 0.000000000000000000 ) ) ;
#1776 = EDGE_LOOP ( 'NONE', ( #887, #2106, #4299, #1537 ) ) ;
#1777 = DIRECTION ( 'NONE',  ( -0.000000000000000000, -1.000000000000000000, -0.000000000000000000 ) ) ;
#1778 = CARTESIAN_POINT ( 'NONE',  ( -16.42414633486748698, 3.265000000000000124, 3.931755278065442560 ) ) ;
#1779 = EDGE_LOOP ( 'NONE', ( #119, #3492, #1564, #3190 ) ) ;
#1781 = ORIENTED_EDGE ( 'NONE', *, *, #418, .F. ) ;
#1780 = DIRECTION ( 'NONE',  ( -0.08715574274824935963, -0.000000000000000000, -0.9961946980916938088 ) ) ;
#1782 = DIRECTION ( 'NONE',  ( 0.000000000000000000, -0.000000000000000000, 1.000000000000000000 ) ) ;
#1783 = CARTESIAN_POINT ( 'NONE',  ( -6.724046161570257141, -3.000000000000000000, -15.49188450811626794 ) ) ;
#1784 = ORIENTED_EDGE ( 'NONE', *, *, #2418, .T. ) ;
#1785 = EDGE_LOOP ( 'NONE', ( #390, #1954, #4082, #966 ) ) ;
#1786 = DIRECTION ( 'NONE',  ( -0.8191520442893337473, -0.000000000000000000, 0.5735764363505576613 ) ) ;
#1787 = ADVANCED_FACE ( 'NONE', ( #3261 ), #3207, .T. ) ;
#1788 = ADVANCED_FACE ( 'NONE', ( #270 ), #1372, .T. ) ;
#1789 = DIRECTION ( 'NONE',  ( -0.000000000000000000, -1.000000000000000000, -0.000000000000000000 ) ) ;
#1790 = AXIS2_PLACEMENT_3D ( 'NONE', #3182, #4646, #2479 ) ;
#1791 = DIRECTION ( 'NONE',  ( 0.000000000000000000, -1.000000000000000000, 0.000000000000000000 ) ) ;
#1792 = CARTESIAN_POINT ( 'NONE',  ( -0.09029705238692785352, -3.000000000000000000, -0.5121000315670560799 ) ) ;
#1793 = CARTESIAN_POINT ( 'NONE',  ( -7.761220784714425669, -2.963709313982508142, -23.50580051877749455 ) ) ;
#1794 = EDGE_CURVE ( 'NONE', #4485, #2099, #1867, .T. ) ;
#1795 = EDGE_CURVE ( 'NONE', #924, #3702, #2756, .T. ) ;
#1796 = ADVANCED_FACE ( 'NONE', ( #2898 ), #3962, .T. ) ;
#1797 = EDGE_CURVE ( 'NONE', #4572, #1912, #634, .T. ) ;
#1798 = CARTESIAN_POINT ( 'NONE',  ( -15.48168225354038263, -2.848831634978290506, 4.424929995458654730 ) ) ;
#1799 = EDGE_LOOP ( 'NONE', ( #3798, #3908, #3162, #2831, #2480, #2880 ) ) ;
#1800 = DIRECTION ( 'NONE',  ( 0.000000000000000000, -1.000000000000000000, 0.000000000000000000 ) ) ;
#1801 = DIRECTION ( 'NONE',  ( -0.7256903291925818067, -0.5457393103138248325, -0.4189775069076535075 ) ) ;
#1802 = EDGE_LOOP ( 'NONE', ( #4389, #1767, #2071, #3930 ) ) ;
#1804 = CARTESIAN_POINT ( 'NONE',  ( -11.61707311970166323, -2.792893218813452094, 12.25785032243587303 ) ) ;
#1803 = LINE ( 'NONE', #2429, #2548 ) ;
#1805 = CARTESIAN_POINT ( 'NONE',  ( 19.12613749183849521, 3.265000000000000124, 25.73369080688134147 ) ) ;
#1806 = LINE ( 'NONE', #686, #515 ) ;
#1807 = AXIS2_PLACEMENT_3D ( 'NONE', #3815, #153, #517 ) ;
#1808 = ORIENTED_EDGE ( 'NONE', *, *, #3175, .F. ) ;
#1809 = EDGE_LOOP ( 'NONE', ( #4382, #4366, #1470, #363 ) ) ;
#1810 = DIRECTION ( 'NONE',  ( -0.5735764363505591046, 0.000000000000000000, -0.8191520442893327481 ) ) ;
#1811 = B_SPLINE_CURVE_WITH_KNOTS ( 'NONE', 3,
 ( #3490, #3789, #3056, #98, #3441, #459, #1952, #3885 ),
 .UNSPECIFIED., .F., .F.,
 ( 4, 2, 2, 4 ),
 ( 0.000000000000000000, 0.0002402254661766108480, 0.0004804509323532216961, 0.0009609018647064431753 ),
 .UNSPECIFIED. ) ;
#1812 = FACE_OUTER_BOUND ( 'NONE', #1296, .T. ) ;
#1813 = ORIENTED_EDGE ( 'NONE', *, *, #3712, .T. ) ;
#1814 = DIRECTION ( 'NONE',  ( 0.9961946980916877026, 0.000000000000000000, 0.08715574274831970614 ) ) ;
#1815 = CARTESIAN_POINT ( 'NONE',  ( 16.07282071980216287, -3.000000000000000000, 0.9150920754745598407 ) ) ;
#1816 = CARTESIAN_POINT ( 'NONE',  ( -15.88366730573043384, -2.790188110906357100, 17.47684665555012984 ) ) ;
#1817 = EDGE_CURVE ( 'NONE', #1172, #4772, #3186, .T. ) ;
#1818 = FACE_OUTER_BOUND ( 'NONE', #225, .T. ) ;
#1819 = CARTESIAN_POINT ( 'NONE',  ( 24.78187224234881825, -2.656872957827536297, 3.353992937836369759 ) ) ;
#1820 = VERTEX_POINT ( 'NONE', #683 ) ;
#1821 = DIRECTION ( 'NONE',  ( -0.8660254037844427044, -0.000000000000000000, 0.4999999999999928391 ) ) ;
#1822 = FACE_OUTER_BOUND ( 'NONE', #903, .T. ) ;
#1823 = VERTEX_POINT ( 'NONE', #1398 ) ;
#1824 = ORIENTED_EDGE ( 'NONE', *, *, #630, .T. ) ;
#1826 = CARTESIAN_POINT ( 'NONE',  ( -30.84144333032262608, -2.500000000000000000, 4.402443439002778014 ) ) ;
#1825 = FACE_OUTER_BOUND ( 'NONE', #3884, .T. ) ;
#1827 = VECTOR ( 'NONE', #1506, 1000.000000000000114 ) ;
#1828 = EDGE_CURVE ( 'NONE', #2547, #2330, #2872, .T. ) ;
#1829 = CARTESIAN_POINT ( 'NONE',  ( -3.730293732256875217, -2.669027361112075170, -15.66131143364843759 ) ) ;
#1830 = CARTESIAN_POINT ( 'NONE',  ( -15.89194039108521395, -2.500000000000000000, 17.35243875097084043 ) ) ;
#1831 = ORIENTED_EDGE ( 'NONE', *, *, #875, .T. ) ;
#1832 = VECTOR ( 'NONE', #3833, 1000.000000000000227 ) ;
#1833 = AXIS2_PLACEMENT_3D ( 'NONE', #3461, #4516, #1595 ) ;
#1835 = VERTEX_POINT ( 'NONE', #1034 ) ;
#1834 = CARTESIAN_POINT ( 'NONE',  ( 0.000000000000000000, 3.265000000000000124, 0.000000000000000000 ) ) ;
#1836 = CYLINDRICAL_SURFACE ( 'NONE', #586, 0.4999999999999990563 ) ;
#1837 = VECTOR ( 'NONE', #304, 1000.000000000000000 ) ;
#1838 = VECTOR ( 'NONE', #4320, 1000.000000000000000 ) ;
#1839 = CARTESIAN_POINT ( 'NONE',  ( 16.42414633486760067, -2.792893218813452982, 3.931755278064975823 ) ) ;
#1840 = AXIS2_PLACEMENT_3D ( 'NONE', #3267, #641, #4348 ) ;
#1841 = DIRECTION ( 'NONE',  ( -0.000000000000000000, 1.000000000000000000, -0.000000000000000000 ) ) ;
#1842 = CARTESIAN_POINT ( 'NONE',  ( -15.89194039108521039, -2.500000000000000000, 17.35243875097084398 ) ) ;
#1843 = AXIS2_PLACEMENT_3D ( 'NONE', #3097, #1214, #4587 ) ;
#1844 = DIRECTION ( 'NONE',  ( 0.6427876096865444699, 0.000000000000000000, -0.7660444431189736836 ) ) ;
#1845 = DIRECTION ( 'NONE',  ( -0.6427876096865573485, -0.000000000000000000, -0.7660444431189629144 ) ) ;
#1846 = ORIENTED_EDGE ( 'NONE', *, *, #1118, .F. ) ;
#1847 = PLANE ( 'NONE',  #738 ) ;
#1848 = EDGE_CURVE ( 'NONE', #1032, #3667, #1057, .T. ) ;
#1849 = VERTEX_POINT ( 'NONE', #1805 ) ;
#1850 = VERTEX_POINT ( 'NONE', #1465 ) ;
#1852 = CARTESIAN_POINT ( 'NONE',  ( -1.509956535254285193, 3.265000000000000124, 0.2662460768590320659 ) ) ;
#1851 = LINE ( 'NONE', #3366, #2185 ) ;
#1853 = LINE ( 'NONE', #1176, #2143 ) ;
#1854 = EDGE_CURVE ( 'NONE', #629, #424, #4764, .T. ) ;
#1855 = EDGE_CURVE ( 'NONE', #3864, #1750, #2355, .T. ) ;
#1856 = DIRECTION ( 'NONE',  ( 0.1736481776669292765, -0.000000000000000000, 0.9848077530122083534 ) ) ;
#1857 = ORIENTED_EDGE ( 'NONE', *, *, #3631, .F. ) ;
#1859 = ORIENTED_EDGE ( 'NONE', *, *, #483, .T. ) ;
#1858 = CARTESIAN_POINT ( 'NONE',  ( -19.21032001071094797, -2.779248922266302824, 25.67953737599585651 ) ) ;
#1860 = DIRECTION ( 'NONE',  ( 0.000000000000000000, 1.000000000000000000, 0.000000000000000000 ) ) ;
#1861 = CARTESIAN_POINT ( 'NONE',  ( -5.018382346036155184, -2.500000000000000000, -15.73645170698244300 ) ) ;
#1862 = ADVANCED_FACE ( 'NONE', ( #761 ), #3347, .T. ) ;
#1863 = CARTESIAN_POINT ( 'NONE',  ( 16.30701005988695584, -3.000000000000000000, 3.403387686423335445 ) ) ;
#1864 = VERTEX_POINT ( 'NONE', #2645 ) ;
#1865 = PLANE ( 'NONE',  #3376 ) ;
#1866 = VECTOR ( 'NONE', #3276, 1000.000000000000000 ) ;
#1867 =( BOUNDED_CURVE ( )  B_SPLINE_CURVE ( 3, ( #2102, #654, #3547, #710 ),
 .UNSPECIFIED., .F., .T. ) 
 B_SPLINE_CURVE_WITH_KNOTS ( ( 4, 4 ),
 ( 3.098230149455253102, 3.184955157724515207 ),
 .UNSPECIFIED. ) 
 CURVE ( )  GEOMETRIC_REPRESENTATION_ITEM ( )  RATIONAL_B_SPLINE_CURVE ( ( 1.000000000000000000, 0.9993733292820563552, 0.9993733292820563552, 1.000000000000000000 ) ) 
 REPRESENTATION_ITEM ( '' )  );
#1868 = CARTESIAN_POINT ( 'NONE',  ( 30.77798550052926529, -3.000000000000000000, 5.955011093778010967 ) ) ;
#1869 = ORIENTED_EDGE ( 'NONE', *, *, #3839, .F. ) ;
#1870 = VECTOR ( 'NONE', #2607, 1000.000000000000114 ) ;
#1871 = DIRECTION ( 'NONE',  ( 0.000000000000000000, 0.000000000000000000, 1.000000000000000000 ) ) ;
#1872 = EDGE_LOOP ( 'NONE', ( #1184, #526, #2846, #1691 ) ) ;
#1873 = VERTEX_POINT ( 'NONE', #4783 ) ;
#1875 = CARTESIAN_POINT ( 'NONE',  ( 16.77838861730841558, -2.500000000000000000, 1.922747461918894674 ) ) ;
#1874 = DIRECTION ( 'NONE',  ( -0.000000000000000000, 1.000000000000000000, -0.000000000000000000 ) ) ;
#1876 = DIRECTION ( 'NONE',  ( -0.8191520442892409326, 0.000000000000000000, -0.5735764363506903329 ) ) ;
#1877 = EDGE_CURVE ( 'NONE', #494, #2606, #2219, .T. ) ;
#1878 = PLANE ( 'NONE',  #2610 ) ;
#1879 = ORIENTED_EDGE ( 'NONE', *, *, #2680, .F. ) ;
#1881 = ORIENTED_EDGE ( 'NONE', *, *, #4360, .F. ) ;
#1880 = CARTESIAN_POINT ( 'NONE',  ( 31.19276894612020712, 3.265000000000000124, 7.419106642638352511 ) ) ;
#1882 = CARTESIAN_POINT ( 'NONE',  ( -8.528809216422883921, -3.000000000000000000, -21.91233244887132159 ) ) ;
#1883 = ADVANCED_FACE ( 'NONE', ( #2288 ), #3401, .T. ) ;
#1884 = CARTESIAN_POINT ( 'NONE',  ( 15.41649094842345136, -2.500000000000000000, 4.637323175571752110 ) ) ;
#1885 = EDGE_CURVE ( 'NONE', #3087, #59, #822, .T. ) ;
#1886 = ADVANCED_FACE ( 'NONE', ( #4121 ), #2678, .T. ) ;
#1887 = CARTESIAN_POINT ( 'NONE',  ( 22.97362297149689070, 3.265000000000000124, 5.086604718622285581 ) ) ;
#1888 = ORIENTED_EDGE ( 'NONE', *, *, #1148, .T. ) ;
#1889 = CARTESIAN_POINT ( 'NONE',  ( 23.40149556248480422, -2.790188110906354879, 3.178216723218814543 ) ) ;
#1890 = EDGE_CURVE ( 'NONE', #323, #339, #4077, .T. ) ;
#1891 = CARTESIAN_POINT ( 'NONE',  ( -4.807073215166054680, 3.265000000000000124, -16.18960560050088304 ) ) ;
#1892 = CARTESIAN_POINT ( 'NONE',  ( 15.54687491418240519, -2.954357122083210552, 4.199411470539671676 ) ) ;
#1893 = ORIENTED_EDGE ( 'NONE', *, *, #3042, .F. ) ;
#1894 = DIRECTION ( 'NONE',  ( 0.000000000000000000, 1.000000000000000000, 0.000000000000000000 ) ) ;
#1895 = ORIENTED_EDGE ( 'NONE', *, *, #4703, .F. ) ;
#1897 = FACE_OUTER_BOUND ( 'NONE', #1123, .T. ) ;
#1896 = LINE ( 'NONE', #2988, #3291 ) ;
#1898 = LINE ( 'NONE', #1200, #2683 ) ;
#1899 = AXIS2_PLACEMENT_3D ( 'NONE', #239, #1671, #3606 ) ;
#1900 = DIRECTION ( 'NONE',  ( -0.000000000000000000, 1.000000000000000000, -0.000000000000000000 ) ) ;
#1901 = ADVANCED_FACE ( 'NONE', ( #1154 ), #1105, .F. ) ;
#1902 = ORIENTED_EDGE ( 'NONE', *, *, #3954, .F. ) ;
#1904 = ORIENTED_EDGE ( 'NONE', *, *, #566, .F. ) ;
#1903 = FACE_OUTER_BOUND ( 'NONE', #4584, .T. ) ;
#1905 = VECTOR ( 'NONE', #4340, 1000.000000000000000 ) ;
#1906 = CARTESIAN_POINT ( 'NONE',  ( -0.9855541338493460923, 3.265000000000000124, 1.174537679707344129 ) ) ;
#1907 = CARTESIAN_POINT ( 'NONE',  ( 0.000000000000000000, 3.265000000000000124, 0.000000000000000000 ) ) ;
#1908 = AXIS2_PLACEMENT_3D ( 'NONE', #2405, #4188, #121 ) ;
#1909 = CARTESIAN_POINT ( 'NONE',  ( 7.606365202788586188, -2.656872957827536297, -23.82296515685992233 ) ) ;
#1910 = ORIENTED_EDGE ( 'NONE', *, *, #3648, .T. ) ;
#1911 = EDGE_CURVE ( 'NONE', #4174, #4012, #1853, .T. ) ;
#1912 = VERTEX_POINT ( 'NONE', #432 ) ;
#1913 = DIRECTION ( 'NONE',  ( 0.6427876096865400291, 0.000000000000000000, 0.7660444431189773473 ) ) ;
#1914 = VECTOR ( 'NONE', #4000, 1000.000000000000000 ) ;
#1915 = AXIS2_PLACEMENT_3D ( 'NONE', #1664, #1190, #2660 ) ;
#1916 = AXIS2_PLACEMENT_3D ( 'NONE', #3800, #2279, #4158 ) ;
#1917 = ADVANCED_FACE ( 'NONE', ( #386 ), #18, .F. ) ;
#1918 = CARTESIAN_POINT ( 'NONE',  ( -31.84146336746294992, -2.833366653769082255, 3.850859321112677147 ) ) ;
#1919 = LINE ( 'NONE', #1596, #3431 ) ;
#1920 = ORIENTED_EDGE ( 'NONE', *, *, #160, .F. ) ;
#1921 = DIRECTION ( 'NONE',  ( -0.9063077870368542177, 0.000000000000000000, -0.4226182617402615693 ) ) ;
#1922 = VECTOR ( 'NONE', #4161, 1000.000000000000000 ) ;
#1923 = ORIENTED_EDGE ( 'NONE', *, *, #4122, .F. ) ;
#1925 = CARTESIAN_POINT ( 'NONE',  ( 16.04665894396671533, -2.964921559809628349, 1.364119405300193488 ) ) ;
#1924 = CARTESIAN_POINT ( 'NONE',  ( -16.31763371663136653, -3.000000000000000444, 18.46272686086967951 ) ) ;
#1926 = CARTESIAN_POINT ( 'NONE',  ( 21.14644285628196485, 3.265000000000000124, -13.38669902462893191 ) ) ;
#1927 = PLANE ( 'NONE',  #1710 ) ;
#1928 = EDGE_LOOP ( 'NONE', ( #4509, #1505, #2041, #2584 ) ) ;
#1930 = ORIENTED_EDGE ( 'NONE', *, *, #1173, .F. ) ;
#1929 = CARTESIAN_POINT ( 'NONE',  ( -19.14505048738973159, -2.650251510363368812, 25.72164255197626304 ) ) ;
#1931 = VECTOR ( 'NONE', #1780, 1000.000000000000114 ) ;
#1932 = CYLINDRICAL_SURFACE ( 'NONE', #1099, 0.4999999999999996114 ) ;
#1933 = DIRECTION ( 'NONE',  ( 0.000000000000000000, 0.000000000000000000, 1.000000000000000000 ) ) ;
#1934 = DIRECTION ( 'NONE',  ( -0.1736481776669074051, 0.000000000000000000, 0.9848077530122121281 ) ) ;
#1935 = ORIENTED_EDGE ( 'NONE', *, *, #2582, .T. ) ;
#1936 = VERTEX_POINT ( 'NONE', #2990 ) ;
#1937 = DIRECTION ( 'NONE',  ( 0.7660444431189847858, 0.000000000000000000, -0.6427876096865312583 ) ) ;
#1938 = ADVANCED_FACE ( 'NONE', ( #2624 ), #4102, .F. ) ;
#1939 = CARTESIAN_POINT ( 'NONE',  ( 4.807073215165557301, 3.265000000000000124, -16.18960560050119213 ) ) ;
#1940 = CARTESIAN_POINT ( 'NONE',  ( 24.44967702698105683, -2.500000000000000000, 5.346872873588295327 ) ) ;
#1941 = EDGE_LOOP ( 'NONE', ( #4695, #4052, #539, #246 ) ) ;
#1942 = SURFACE_STYLE_USAGE ( .BOTH. , #1245 ) ;
#1943 = CIRCLE ( 'NONE', #4636, 23.53000000000000114 ) ;
#1944 = EDGE_CURVE ( 'NONE', #775, #4734, #1898, .T. ) ;
#1945 = ADVANCED_FACE ( 'NONE', ( #3812 ), #1520, .T. ) ;
#1946 = EDGE_CURVE ( 'NONE', #4012, #350, #2993, .T. ) ;
#1947 = EDGE_CURVE ( 'NONE', #4545, #2241, #3157, .T. ) ;
#1948 = AXIS2_PLACEMENT_3D ( 'NONE', #2335, #1978, #3817 ) ;
#1949 = ORIENTED_EDGE ( 'NONE', *, *, #511, .T. ) ;
#1950 = EDGE_CURVE ( 'NONE', #3421, #858, #1317, .T. ) ;
#1951 = CARTESIAN_POINT ( 'NONE',  ( 7.437823489742084959, -2.963980324420346868, -22.61343839493580177 ) ) ;
#1952 = CARTESIAN_POINT ( 'NONE',  ( -23.65640875793762987, -3.000000000000000888, 3.529505531804283613 ) ) ;
#1953 = CARTESIAN_POINT ( 'NONE',  ( -31.84909871781260904, -2.500000000000000000, 3.696875540765334645 ) ) ;
#1954 = ORIENTED_EDGE ( 'NONE', *, *, #3294, .F. ) ;
#1956 = EDGE_LOOP ( 'NONE', ( #1122, #3078, #4776, #1713, #3131, #1445, #825, #4657, #638, #1101, #849, #4561, #3115, #1264, #4137, #4399, #1888, #1546, #3988, #3071, #73, #3429, #3918, #4632, #44, #707, #4769, #3876, #2476, #2505, #1413, #1638, #4432, #1401, #3418, #2238, #1645 ) ) ;
#1955 = CYLINDRICAL_SURFACE ( 'NONE', #4050, 0.4999999999999995559 ) ;
#1957 = DIRECTION ( 'NONE',  ( -0.7660444431189626924, 0.000000000000000000, 0.6427876096865574596 ) ) ;
#1958 = CARTESIAN_POINT ( 'NONE',  ( 0.000000000000000000, -3.000000000000000000, 0.000000000000000000 ) ) ;
#1959 = CARTESIAN_POINT ( 'NONE',  ( -8.986714822635898159, -2.659497393407475929, -21.76847585618580538 ) ) ;
#1960 = ORIENTED_EDGE ( 'NONE', *, *, #3953, .T. ) ;
#1961 = ORIENTED_EDGE ( 'NONE', *, *, #2189, .F. ) ;
#1962 = DIRECTION ( 'NONE',  ( 0.000000000000000000, 0.000000000000000000, 1.000000000000000000 ) ) ;
#1963 = VECTOR ( 'NONE', #4571, 1000.000000000000000 ) ;
#1964 = CARTESIAN_POINT ( 'NONE',  ( 7.898373414055682495, -3.000000000000000000, -23.22098089362588169 ) ) ;
#1965 = DIRECTION ( 'NONE',  ( -0.9848077530122083534, 0.000000000000000000, 0.1736481776669289434 ) ) ;
#1966 = CARTESIAN_POINT ( 'NONE',  ( 31.19276894612020712, -2.500000000000000000, 7.419106642638352511 ) ) ;
#1967 = EDGE_LOOP ( 'NONE', ( #2551, #1881, #3873, #2410 ) ) ;
#1968 = CARTESIAN_POINT ( 'NONE',  ( -4.807073215166054680, -2.500000000000000000, -16.18960560050088304 ) ) ;
#1969 = B_SPLINE_CURVE_WITH_KNOTS ( 'NONE', 3,
 ( #1152, #1924, #2286, #4740, #2966, #4119, #4100, #1438 ),
 .UNSPECIFIED., .F., .F.,
 ( 4, 2, 2, 4 ),
 ( -4.472650285592148392E-06, 0.0004674945079885329592, 0.0007034780871255954778, 0.0009394616662626580506 ),
 .UNSPECIFIED. ) ;
#1970 = ADVANCED_FACE ( 'NONE', ( #3106 ), #1294, .T. ) ;
#1971 = VERTEX_POINT ( 'NONE', #2331 ) ;
#1972 = FACE_OUTER_BOUND ( 'NONE', #1532, .T. ) ;
#1973 = DIRECTION ( 'NONE',  ( 0.8191520442892442633, 0.000000000000000000, 0.5735764363506855590 ) ) ;
#1974 = ADVANCED_FACE ( 'NONE', ( #1972 ), #3371, .T. ) ;
#1975 = ORIENTED_EDGE ( 'NONE', *, *, #5, .F. ) ;
#1977 = ORIENTED_EDGE ( 'NONE', *, *, #3155, .F. ) ;
#1976 = LINE ( 'NONE', #2704, #2423 ) ;
#1978 = DIRECTION ( 'NONE',  ( -0.000000000000000000, 1.000000000000000000, -0.000000000000000000 ) ) ;
#1979 = CYLINDRICAL_SURFACE ( 'NONE', #1993, 14.64608244481071431 ) ;
#1980 = AXIS2_PLACEMENT_3D ( 'NONE', #2113, #4687, #1389 ) ;
#1981 = DIRECTION ( 'NONE',  ( -0.000000000000000000, 1.000000000000000000, -0.000000000000000000 ) ) ;
#1982 = VERTEX_POINT ( 'NONE', #4576 ) ;
#1983 = VERTEX_POINT ( 'NONE', #1651 ) ;
#1984 = CARTESIAN_POINT ( 'NONE',  ( -16.77838861730829123, -2.792893218813452982, 1.922747461919030787 ) ) ;
#1985 = CARTESIAN_POINT ( 'NONE',  ( 10.23180186323414453, -3.000000000000000000, -29.63202286765672966 ) ) ;
#1986 = ORIENTED_EDGE ( 'NONE', *, *, #2474, .T. ) ;
#1987 = CARTESIAN_POINT ( 'NONE',  ( -30.48720104788181828, 3.265000000000000124, 6.411451255149191120 ) ) ;
#1988 = CARTESIAN_POINT ( 'NONE',  ( -14.45316298119005971, -2.790186808242953287, 18.67718115051275518 ) ) ;
#1989 = ORIENTED_EDGE ( 'NONE', *, *, #2834, .T. ) ;
#1990 = CARTESIAN_POINT ( 'NONE',  ( -1.019999999997242446, 3.265000000000000124, 25.00670622553088762 ) ) ;
#1991 = VECTOR ( 'NONE', #1786, 1000.000000000000114 ) ;
#1992 = VECTOR ( 'NONE', #609, 1000.000000000000227 ) ;
#1993 = AXIS2_PLACEMENT_3D ( 'NONE', #2413, #563, #2028 ) ;
#1994 = CYLINDRICAL_SURFACE ( 'NONE', #3380, 0.5000000000000005551 ) ;
#1995 = EDGE_LOOP ( 'NONE', ( #1275, #231, #4700, #1616 ) ) ;
#1996 = CARTESIAN_POINT ( 'NONE',  ( -24.44967702698092182, 3.265000000000000124, 5.346872873588901065 ) ) ;
#1997 = EDGE_CURVE ( 'NONE', #2334, #3421, #1271, .T. ) ;
#1998 = CARTESIAN_POINT ( 'NONE',  ( -20.86842270413104927, 3.265000000000000124, -10.87059491664131272 ) ) ;
#1999 = ORIENTED_EDGE ( 'NONE', *, *, #1090, .T. ) ;
#2000 = CARTESIAN_POINT ( 'NONE',  ( 20.79608018602494823, 3.265000000000000124, 23.19696497017266879 ) ) ;
#2002 = ORIENTED_EDGE ( 'NONE', *, *, #335, .T. ) ;
#2001 = CARTESIAN_POINT ( 'NONE',  ( 19.84842270412693566, 3.265000000000000124, -12.63728674036868860 ) ) ;
#2003 = CARTESIAN_POINT ( 'NONE',  ( 20.69256964635040319, -3.000000000000001332, 23.39580686684044508 ) ) ;
#2004 = ADVANCED_FACE ( 'NONE', ( #2771 ), #4232, .F. ) ;
#2005 = EDGE_CURVE ( 'NONE', #2649, #4449, #1811, .T. ) ;
#2006 = CARTESIAN_POINT ( 'NONE',  ( 7.594310774156538102, -2.500000000000000000, -23.84747785648473695 ) ) ;
#2007 = ORIENTED_EDGE ( 'NONE', *, *, #4653, .T. ) ;
#2008 = ORIENTED_EDGE ( 'NONE', *, *, #1737, .F. ) ;
#2009 = VECTOR ( 'NONE', #694, 1000.000000000000000 ) ;
#2010 = LINE ( 'NONE', #4224, #364 ) ;
#2011 = ORIENTED_EDGE ( 'NONE', *, *, #2826, .T. ) ;
#2012 = CARTESIAN_POINT ( 'NONE',  ( -7.081682580411170491, -2.500000000000000000, -22.43904346959336848 ) ) ;
#2013 = CARTESIAN_POINT ( 'NONE',  ( -14.51611685248683514, -2.842364916963000532, 18.68393437000293034 ) ) ;
#2014 = ORIENTED_EDGE ( 'NONE', *, *, #4335, .F. ) ;
#2015 = CARTESIAN_POINT ( 'NONE',  ( -11.60809380826080961, -2.792893218813451650, -28.91069513293903270 ) ) ;
#2016 = FILL_AREA_STYLE ('',( #2374 ) ) ;
#2017 = CARTESIAN_POINT ( 'NONE',  ( 0.000000000000000000, -2.500000000000000000, 23.52999999999999758 ) ) ;
#2018 = ORIENTED_EDGE ( 'NONE', *, *, #4504, .F. ) ;
#2019 = DIRECTION ( 'NONE',  ( 0.9848077530122080203, -0.000000000000000000, -0.1736481776669309696 ) ) ;
#2020 = VECTOR ( 'NONE', #316, 1000.000000000000114 ) ;
#2021 = CARTESIAN_POINT ( 'NONE',  ( -0.5244024014048652704, -3.000000000000000000, -1.440783756571787144 ) ) ;
#2022 = AXIS2_PLACEMENT_3D ( 'NONE', #3639, #3545, #3912 ) ;
#2023 = ORIENTED_EDGE ( 'NONE', *, *, #4035, .T. ) ;
#2025 = VERTEX_POINT ( 'NONE', #3425 ) ;
#2024 = CARTESIAN_POINT ( 'NONE',  ( -9.486293032893897248, -2.656872957827535853, -23.13872738413293462 ) ) ;
#2026 = EDGE_CURVE ( 'NONE', #3675, #552, #4524, .T. ) ;
#2027 = CARTESIAN_POINT ( 'NONE',  ( 11.72428514981459635, 3.265000000000000124, 11.03241121076136544 ) ) ;
#2028 = DIRECTION ( 'NONE',  ( 0.000000000000000000, 0.000000000000000000, 1.000000000000000000 ) ) ;
#2029 = B_SPLINE_CURVE_WITH_KNOTS ( 'NONE', 3,
 ( #670, #4302, #995, #2472, #4729, #2495, #2132, #3972, #642, #3604 ),
 .UNSPECIFIED., .F., .F.,
 ( 4, 2, 2, 2, 4 ),
 ( 0.000000000000000000, 0.0002540264268554390400, 0.0005080528537108780799, 0.0007620792805663170657, 0.001016105707421756160 ),
 .UNSPECIFIED. ) ;
#2030 = FACE_OUTER_BOUND ( 'NONE', #2814, .T. ) ;
#2031 = ORIENTED_EDGE ( 'NONE', *, *, #847, .F. ) ;
#2032 = ORIENTED_EDGE ( 'NONE', *, *, #3869, .F. ) ;
#2033 = EDGE_CURVE ( 'NONE', #3981, #1650, #2443, .T. ) ;
#2034 = EDGE_CURVE ( 'NONE', #4772, #1017, #1247, .T. ) ;
#2035 = CARTESIAN_POINT ( 'NONE',  ( -7.209829457414850040, -2.668231137178755041, -14.39478843223204052 ) ) ;
#2036 = EDGE_CURVE ( 'NONE', #4656, #629, #899, .T. ) ;
#2037 = FACE_OUTER_BOUND ( 'NONE', #2926, .T. ) ;
#2038 = EDGE_LOOP ( 'NONE', ( #2674, #2570, #4131, #1241 ) ) ;
#2039 = CARTESIAN_POINT ( 'NONE',  ( 0.000000000000000000, 3.265000000000000124, 0.000000000000000000 ) ) ;
#2040 = CARTESIAN_POINT ( 'NONE',  ( 0.000000000000000000, 3.265000000000000124, 0.000000000000000000 ) ) ;
#2041 = ORIENTED_EDGE ( 'NONE', *, *, #4305, .T. ) ;
#2042 = EDGE_CURVE ( 'NONE', #3675, #3031, #2160, .T. ) ;
#2043 = DIRECTION ( 'NONE',  ( 0.8191520442892448184, 0.000000000000000000, 0.5735764363506847818 ) ) ;
#2044 = CARTESIAN_POINT ( 'NONE',  ( -20.86842270412917344, 0.000000000000000000, -10.87059491664514965 ) ) ;
#2045 = AXIS2_PLACEMENT_3D ( 'NONE', #1834, #2652, #3701 ) ;
#2046 = CARTESIAN_POINT ( 'NONE',  ( -24.14800734296195728, -3.000000000000000444, 4.900121897817984795 ) ) ;
#2047 = EDGE_LOOP ( 'NONE', ( #3574, #4377, #2598, #2839 ) ) ;
#2048 = CARTESIAN_POINT ( 'NONE',  ( 16.31763371663224760, -2.999999999999999556, 18.46272686086878778 ) ) ;
#2049 = LINE ( 'NONE', #198, #2720 ) ;
#2050 = EDGE_LOOP ( 'NONE', ( #2747, #3779, #54, #254 ) ) ;
#2052 = DIRECTION ( 'NONE',  ( 0.000000000000000000, 0.000000000000000000, 1.000000000000000000 ) ) ;
#2051 = PLANE ( 'NONE',  #1807 ) ;
#2053 = DIRECTION ( 'NONE',  ( -0.000000000000000000, 1.000000000000000000, -0.000000000000000000 ) ) ;
#2054 = DIRECTION ( 'NONE',  ( 0.9961946980917633088, 0.000000000000000000, 0.08715574274745573058 ) ) ;
#2055 = ORIENTED_EDGE ( 'NONE', *, *, #2069, .F. ) ;
#2056 = ORIENTED_EDGE ( 'NONE', *, *, #516, .F. ) ;
#2057 = CARTESIAN_POINT ( 'NONE',  ( -9.171249647149551265, -2.500000000000000000, -30.72328364303758264 ) ) ;
#2058 = ADVANCED_FACE ( 'NONE', ( #579 ), #3179, .F. ) ;
#2059 = ADVANCED_FACE ( 'NONE', ( #2815 ), #4333, .T. ) ;
#2060 = CARTESIAN_POINT ( 'NONE',  ( 19.75406189091075504, -3.000000000000000000, -9.211470339388647233 ) ) ;
#2061 = TOROIDAL_SURFACE ( 'NONE', #1899, 24.52749999999999275, 0.5000000000000000000 ) ;
#2062 = ORIENTED_EDGE ( 'NONE', *, *, #574, .T. ) ;
#2063 = CARTESIAN_POINT ( 'NONE',  ( -0.4886401628094300120, -3.000000000000000000, -0.1778504745296233813 ) ) ;
#2064 = DIRECTION ( 'NONE',  ( -0.9961946980917275596, 0.000000000000000000, 0.08715574274786325182 ) ) ;
#2065 = DIRECTION ( 'NONE',  ( 0.5735764363512184660, 0.000000000000000000, 0.8191520442888711173 ) ) ;
#2066 = VECTOR ( 'NONE', #2669, 1000.000000000000000 ) ;
#2067 = CARTESIAN_POINT ( 'NONE',  ( 14.32920972712218344, 3.265000000000000124, 18.66372547473165255 ) ) ;
#2068 = EDGE_CURVE ( 'NONE', #4331, #2393, #3768, .T. ) ;
#2069 = EDGE_CURVE ( 'NONE', #775, #93, #1414, .T. ) ;
#2070 = CARTESIAN_POINT ( 'NONE',  ( 11.72428514981459635, -2.500000000000000000, 11.03241121076136366 ) ) ;
#2071 = ORIENTED_EDGE ( 'NONE', *, *, #70, .F. ) ;
#2072 = VECTOR ( 'NONE', #3655, 1000.000000000000000 ) ;
#2073 = AXIS2_PLACEMENT_3D ( 'NONE', #3792, #788, #4528 ) ;
#2074 = CARTESIAN_POINT ( 'NONE',  ( -16.77838861730829123, -2.500000000000000000, 1.922747461919029899 ) ) ;
#2075 = ORIENTED_EDGE ( 'NONE', *, *, #509, .T. ) ;
#2076 = VECTOR ( 'NONE', #1209, 1000.000000000000000 ) ;
#2078 = EDGE_LOOP ( 'NONE', ( #680, #714, #2014, #2194 ) ) ;
#2077 = CARTESIAN_POINT ( 'NONE',  ( 0.000000000000000000, -3.000000000000000000, 0.000000000000000000 ) ) ;
#2079 = DIRECTION ( 'NONE',  ( 0.000000000000000000, 0.000000000000000000, 1.000000000000000000 ) ) ;
#2080 = VECTOR ( 'NONE', #64, 1000.000000000000000 ) ;
#2081 = CARTESIAN_POINT ( 'NONE',  ( -15.29263558886043306, -2.500000000000000000, 19.81189170665737009 ) ) ;
#2082 = ORIENTED_EDGE ( 'NONE', *, *, #244, .T. ) ;
#2083 = VERTEX_POINT ( 'NONE', #1433 ) ;
#2084 = CARTESIAN_POINT ( 'NONE',  ( -6.841967413197618697, -2.964921559809618579, -14.57887399399027295 ) ) ;
#2085 = B_SPLINE_CURVE_WITH_KNOTS ( 'NONE', 3,
 ( #4114, #1519, #3412, #3707, #2323, #1594, #1189, #89 ),
 .UNSPECIFIED., .F., .F.,
 ( 4, 2, 2, 4 ),
 ( -4.472670360132222290E-06, 0.0004765361799138421854, 0.0007170406050508271005, 0.0009575450301878120699 ),
 .UNSPECIFIED. ) ;
#2086 = LINE ( 'NONE', #2807, #3145 ) ;
#2087 = FACE_OUTER_BOUND ( 'NONE', #701, .T. ) ;
#2088 = CARTESIAN_POINT ( 'NONE',  ( 11.29540193480724319, -3.000000000000000000, 11.48155158095040029 ) ) ;
#2089 = DIRECTION ( 'NONE',  ( -0.4726241065755702464, 0.8379550138152946914, -0.2728696551569143036 ) ) ;
#2090 = EDGE_CURVE ( 'NONE', #4174, #230, #3344, .T. ) ;
#2091 = CARTESIAN_POINT ( 'NONE',  ( 7.594310774156530108, -3.000000000000000000, -23.84747785648474050 ) ) ;
#2092 = CARTESIAN_POINT ( 'NONE',  ( -24.05914606170093606, -3.000000000000000000, 4.770298421665045474 ) ) ;
#2093 = ORIENTED_EDGE ( 'NONE', *, *, #1678, .T. ) ;
#2094 = ADVANCED_FACE ( 'NONE', ( #2096 ), #3228, .T. ) ;
#2095 = EDGE_CURVE ( 'NONE', #1864, #3602, #3202, .T. ) ;
#2096 = FACE_OUTER_BOUND ( 'NONE', #807, .T. ) ;
#2097 = EDGE_CURVE ( 'NONE', #3140, #2718, #417, .T. ) ;
#2098 = CARTESIAN_POINT ( 'NONE',  ( 19.20994008068545611, -2.778643711280969431, 25.67978321647348139 ) ) ;
#2099 = VERTEX_POINT ( 'NONE', #315 ) ;
#2101 = ORIENTED_EDGE ( 'NONE', *, *, #1466, .F. ) ;
#2100 = DIRECTION ( 'NONE',  ( -0.6427876096865468014, -0.000000000000000000, 0.7660444431189717962 ) ) ;
#2102 = CARTESIAN_POINT ( 'NONE',  ( -1.020000000000000018, 0.000000000000000000, 23.50788165701038679 ) ) ;
#2103 = LINE ( 'NONE', #3963, #4611 ) ;
#2104 = AXIS2_PLACEMENT_3D ( 'NONE', #1029, #2550, #3637 ) ;
#2105 = DIRECTION ( 'NONE',  ( 0.4726241065755732995, 0.8379550138152949135, -0.2728696551569084194 ) ) ;
#2106 = ORIENTED_EDGE ( 'NONE', *, *, #2243, .F. ) ;
#2107 = ORIENTED_EDGE ( 'NONE', *, *, #4, .F. ) ;
#2108 = PLANE ( 'NONE',  #2763 ) ;
#2109 = CARTESIAN_POINT ( 'NONE',  ( 0.000000000000000000, -2.500000000000000000, 0.000000000000000000 ) ) ;
#2110 = ORIENTED_EDGE ( 'NONE', *, *, #3299, .F. ) ;
#2111 = LINE ( 'NONE', #1451, #2692 ) ;
#2112 = CYLINDRICAL_SURFACE ( 'NONE', #4073, 0.4999999999999999445 ) ;
#2113 = CARTESIAN_POINT ( 'NONE',  ( 16.42414633486759712, -3.000000000000000000, 3.931755278064975823 ) ) ;
#2114 = PLANE ( 'NONE',  #286 ) ;
#2115 = ORIENTED_EDGE ( 'NONE', *, *, #3542, .T. ) ;
#2116 = DIRECTION ( 'NONE',  ( -0.4226182617401657016, 0.000000000000000000, 0.9063077870368988487 ) ) ;
#2117 = EDGE_CURVE ( 'NONE', #4080, #4589, #1393, .T. ) ;
#2118 = CARTESIAN_POINT ( 'NONE',  ( 19.53573162375691652, -3.000000000000000444, 25.46304174759692529 ) ) ;
#2119 = ORIENTED_EDGE ( 'NONE', *, *, #2954, .T. ) ;
#2121 = CARTESIAN_POINT ( 'NONE',  ( -12.70307063337962461, -2.650251510363388352, -29.44092135480318362 ) ) ;
#2120 = DIRECTION ( 'NONE',  ( -0.000000000000000000, 1.000000000000000000, 0.000000000000000000 ) ) ;
#2122 = B_SPLINE_CURVE_WITH_KNOTS ( 'NONE', 3,
 ( #2092, #2046, #3176, #4310, #3537, #1625, #3127, #2377 ),
 .UNSPECIFIED., .F., .F.,
 ( 4, 2, 2, 4 ),
 ( -4.472650285587320304E-06, 0.0004674945079885326339, 0.0007034780871255932010, 0.0009394616662626538222 ),
 .UNSPECIFIED. ) ;
#2123 = LINE ( 'NONE', #4696, #3728 ) ;
#2124 = CARTESIAN_POINT ( 'NONE',  ( 8.986714822634754185, -2.659497393407475929, -21.76847585618626013 ) ) ;
#2125 = EDGE_CURVE ( 'NONE', #937, #1038, #3978, .T. ) ;
#2126 = LINE ( 'NONE', #4287, #2228 ) ;
#2127 = VERTEX_POINT ( 'NONE', #3955 ) ;
#2128 = VERTEX_POINT ( 'NONE', #4256 ) ;
#2129 = DIRECTION ( 'NONE',  ( -0.6427876096865312583, -0.000000000000000000, -0.7660444431189847858 ) ) ;
#2130 = ORIENTED_EDGE ( 'NONE', *, *, #1147, .F. ) ;
#2131 = FACE_OUTER_BOUND ( 'NONE', #3567, .T. ) ;
#2132 = CARTESIAN_POINT ( 'NONE',  ( 8.955768779808524371, -2.798945815778282498, 13.38014397915407017 ) ) ;
#2133 = CARTESIAN_POINT ( 'NONE',  ( -7.606365202788629709, -2.656872957827535853, -23.82296515685990812 ) ) ;
#2134 = CARTESIAN_POINT ( 'NONE',  ( -7.243917375737630060, -2.500000000000000000, -14.37701709155922458 ) ) ;
#2135 = DIRECTION ( 'NONE',  ( 0.000000000000000000, 0.000000000000000000, -1.000000000000000000 ) ) ;
#2136 = ORIENTED_EDGE ( 'NONE', *, *, #783, .T. ) ;
#2137 = VECTOR ( 'NONE', #976, 1000.000000000000000 ) ;
#2138 = LINE ( 'NONE', #647, #1050 ) ;
#2139 = DIRECTION ( 'NONE',  ( 0.000000000000000000, 0.000000000000000000, -1.000000000000000000 ) ) ;
#2140 = VERTEX_POINT ( 'NONE', #3636 ) ;
#2142 = CARTESIAN_POINT ( 'NONE',  ( -12.72296122597416357, -2.576037802762259243, -29.43056634764681334 ) ) ;
#2141 = DIRECTION ( 'NONE',  ( -0.9063077870364197874, 0.000000000000000000, 0.4226182617411931020 ) ) ;
#2143 = VECTOR ( 'NONE', #4457, 1000.000000000000114 ) ;
#2144 = CARTESIAN_POINT ( 'NONE',  ( 7.081682580411110095, -2.500000000000000000, -22.43904346959338980 ) ) ;
#2145 = ADVANCED_FACE ( 'NONE', ( #2891 ), #950, .F. ) ;
#2146 = EDGE_CURVE ( 'NONE', #27, #937, #1282, .T. ) ;
#2147 = CIRCLE ( 'NONE', #3149, 23.52999999999999758 ) ;
#2148 = VECTOR ( 'NONE', #4079, 1000.000000000000000 ) ;
#2149 = CYLINDRICAL_SURFACE ( 'NONE', #1453, 0.5000000000000002220 ) ;
#2150 = ORIENTED_EDGE ( 'NONE', *, *, #4010, .T. ) ;
#2151 = EDGE_LOOP ( 'NONE', ( #2930, #4580, #3736, #3887 ) ) ;
#2152 = VECTOR ( 'NONE', #2184, 1000.000000000000114 ) ;
#2153 = FACE_OUTER_BOUND ( 'NONE', #3110, .T. ) ;
#2154 = EDGE_CURVE ( 'NONE', #1650, #4589, #2138, .T. ) ;
#2155 = AXIS2_PLACEMENT_3D ( 'NONE', #3481, #473, #525 ) ;
#2156 = EDGE_CURVE ( 'NONE', #4258, #1310, #4692, .T. ) ;
#2157 = LINE ( 'NONE', #4659, #3608 ) ;
#2158 = VERTEX_POINT ( 'NONE', #4069 ) ;
#2159 = CARTESIAN_POINT ( 'NONE',  ( 22.99829044659409405, -2.659497393407476373, 5.070130268427726961 ) ) ;
#2160 = B_SPLINE_CURVE_WITH_KNOTS ( 'NONE', 3,
 ( #174, #3612, #1048, #2841, #3563, #1701, #4644, #2426 ),
 .UNSPECIFIED., .F., .F.,
 ( 4, 2, 2, 4 ),
 ( 0.000000000000000000, 0.0002402254661766086525, 0.0004804509323532173051, 0.0009609018647064244186 ),
 .UNSPECIFIED. ) ;
#2161 = LINE ( 'NONE', #3679, #2167 ) ;
#2162 = CARTESIAN_POINT ( 'NONE',  ( -15.84091243148855099, -3.000000000000000000, 18.06948791022898959 ) ) ;
#2163 = DIRECTION ( 'NONE',  ( -0.000000000000000000, -1.000000000000000000, -0.000000000000000000 ) ) ;
#2164 = DIRECTION ( 'NONE',  ( -0.5735764363516123732, 0.000000000000000000, 0.8191520442885952269 ) ) ;
#2165 = ORIENTED_EDGE ( 'NONE', *, *, #220, .F. ) ;
#2166 = CIRCLE ( 'NONE', #63, 24.03000000000000114 ) ;
#2167 = VECTOR ( 'NONE', #1385, 1000.000000000000000 ) ;
#2168 = CARTESIAN_POINT ( 'NONE',  ( -8.998655526815836581, 3.265000000000000124, -21.74132237720848693 ) ) ;
#2169 = LINE ( 'NONE', #4336, #1866 ) ;
#2170 = ORIENTED_EDGE ( 'NONE', *, *, #4205, .F. ) ;
#2172 = DIRECTION ( 'NONE',  ( -0.000000000000000000, -1.000000000000000000, -0.000000000000000000 ) ) ;
#2171 = CARTESIAN_POINT ( 'NONE',  ( 8.875653739673348142, -3.000000000000000000, -22.86527994456709223 ) ) ;
#2173 = DIRECTION ( 'NONE',  ( -0.000000000000000000, 1.000000000000000000, -0.000000000000000000 ) ) ;
#2174 = B_SPLINE_CURVE_WITH_KNOTS ( 'NONE', 3,
 ( #3886, #3934, #175, #1652, #3130, #1680, #4577, #927 ),
 .UNSPECIFIED., .F., .F.,
 ( 4, 2, 2, 4 ),
 ( 0.000000000000000000, 0.0004478229640553196876, 0.0006717344460829731889, 0.0008956459281106266901 ),
 .UNSPECIFIED. ) ;
#2175 = CARTESIAN_POINT ( 'NONE',  ( 19.84842270412693566, 0.000000000000000000, -12.63728674036868505 ) ) ;
#2176 = ADVANCED_FACE ( 'NONE', ( #12 ), #4117, .T. ) ;
#2177 = ORIENTED_EDGE ( 'NONE', *, *, #2034, .F. ) ;
#2178 = VERTEX_POINT ( 'NONE', #2192 ) ;
#2179 = CARTESIAN_POINT ( 'NONE',  ( -22.16644285628408184, -0.9761472547093537067, -11.62000720090535388 ) ) ;
#2180 = DIRECTION ( 'NONE',  ( 0.9848077530122122392, 0.000000000000000000, 0.1736481776669060451 ) ) ;
#2181 = AXIS2_PLACEMENT_3D ( 'NONE', #512, #3402, #786 ) ;
#2182 = ORIENTED_EDGE ( 'NONE', *, *, #3209, .T. ) ;
#2183 = ADVANCED_FACE ( 'NONE', ( #1459 ), #4450, .T. ) ;
#2184 = DIRECTION ( 'NONE',  ( -0.8191520442893337473, -0.000000000000000000, 0.5735764363505576613 ) ) ;
#2185 = VECTOR ( 'NONE', #4404, 999.9999999999998863 ) ;
#2186 = DIRECTION ( 'NONE',  ( 0.9063077870368406730, 0.000000000000000000, -0.4226182617402906572 ) ) ;
#2187 = CARTESIAN_POINT ( 'NONE',  ( -16.07282071980270644, -2.500000000000000000, 0.9150920754742549734 ) ) ;
#2188 = CARTESIAN_POINT ( 'NONE',  ( 15.63352333970124342, -3.000000000000000000, 3.874968164782151892 ) ) ;
#2189 = EDGE_CURVE ( 'NONE', #3439, #3850, #2640, .T. ) ;
#2190 = LINE ( 'NONE', #3661, #3117 ) ;
#2191 = VERTEX_POINT ( 'NONE', #39 ) ;
#2192 = CARTESIAN_POINT ( 'NONE',  ( 19.74949741645048107, -3.000000000000000000, 24.34551088795272733 ) ) ;
#2193 = CARTESIAN_POINT ( 'NONE',  ( -31.84431466948615252, -2.778643711280890827, 3.796404506813498614 ) ) ;
#2194 = ORIENTED_EDGE ( 'NONE', *, *, #1441, .F. ) ;
#2195 = VERTEX_POINT ( 'NONE', #3394 ) ;
#2197 = CARTESIAN_POINT ( 'NONE',  ( -1.019999999997242446, 3.265000000000000124, 23.50788165701039034 ) ) ;
#2196 = DIRECTION ( 'NONE',  ( 0.000000000000000000, 0.000000000000000000, 1.000000000000000000 ) ) ;
#2198 = CARTESIAN_POINT ( 'NONE',  ( -16.42414633486748343, -2.792893218813452538, 3.931755278065442560 ) ) ;
#2199 = ORIENTED_EDGE ( 'NONE', *, *, #4364, .F. ) ;
#2201 = ORIENTED_EDGE ( 'NONE', *, *, #2146, .F. ) ;
#2200 = CARTESIAN_POINT ( 'NONE',  ( 6.270892268051662555, -2.500000000000000000, -15.28057537724883908 ) ) ;
#2202 = LINE ( 'NONE', #3943, #1837 ) ;
#2203 = DIRECTION ( 'NONE',  ( -0.8660254037844363761, -0.000000000000000000, -0.5000000000000038858 ) ) ;
#2204 = VERTEX_POINT ( 'NONE', #3759 ) ;
#2205 = AXIS2_PLACEMENT_3D ( 'NONE', #3124, #530, #4639 ) ;
#2206 = LINE ( 'NONE', #1043, #3975 ) ;
#2207 = CARTESIAN_POINT ( 'NONE',  ( -3.692205798608258149, -3.000000000000000000, -15.66973438633325166 ) ) ;
#2208 = CARTESIAN_POINT ( 'NONE',  ( -11.60809380826081316, -2.500000000000000000, -28.91069513293903270 ) ) ;
#2209 =( BOUNDED_CURVE ( )  B_SPLINE_CURVE ( 3, ( #1525, #1456, #2259, #2235 ),
 .UNSPECIFIED., .F., .T. ) 
 B_SPLINE_CURVE_WITH_KNOTS ( ( 4, 4 ),
 ( 3.098230149455253102, 3.184955157724514319 ),
 .UNSPECIFIED. ) 
 CURVE ( )  GEOMETRIC_REPRESENTATION_ITEM ( )  RATIONAL_B_SPLINE_CURVE ( ( 1.000000000000000000, 0.9993733292820563552, 0.9993733292820563552, 1.000000000000000000 ) ) 
 REPRESENTATION_ITEM ( '' )  );
#2210 = CARTESIAN_POINT ( 'NONE',  ( 31.84909871781022872, 3.265000000000000124, 3.696875540764980705 ) ) ;
#2211 = ORIENTED_EDGE ( 'NONE', *, *, #4046, .T. ) ;
#2212 = CARTESIAN_POINT ( 'NONE',  ( 8.998655526814697936, 3.265000000000000124, -21.74132237720895944 ) ) ;
#2213 = EDGE_CURVE ( 'NONE', #375, #3264, #818, .T. ) ;
#2214 = AXIS2_PLACEMENT_3D ( 'NONE', #4279, #1725, #1752 ) ;
#2215 = ORIENTED_EDGE ( 'NONE', *, *, #4243, .F. ) ;
#2216 = ORIENTED_EDGE ( 'NONE', *, *, #2036, .T. ) ;
#2218 = CARTESIAN_POINT ( 'NONE',  ( 24.80391930942181133, 3.265000000000000124, 3.337865057441845362 ) ) ;
#2217 = CYLINDRICAL_SURFACE ( 'NONE', #2909, 0.5000000000000003331 ) ;
#2219 = LINE ( 'NONE', #3368, #4293 ) ;
#2220 = FACE_OUTER_BOUND ( 'NONE', #4410, .T. ) ;
#2221 = ORIENTED_EDGE ( 'NONE', *, *, #1167, .F. ) ;
#2222 = AXIS2_PLACEMENT_3D ( 'NONE', #484, #2791, #4596 ) ;
#2223 = AXIS2_PLACEMENT_3D ( 'NONE', #2632, #4438, #1137 ) ;
#2225 = ORIENTED_EDGE ( 'NONE', *, *, #2892, .F. ) ;
#2224 = DIRECTION ( 'NONE',  ( 0.1736481776669289434, -0.000000000000000000, 0.9848077530122083534 ) ) ;
#2226 = FACE_OUTER_BOUND ( 'NONE', #445, .T. ) ;
#2227 = AXIS2_PLACEMENT_3D ( 'NONE', #4294, #3625, #3266 ) ;
#2228 = VECTOR ( 'NONE', #984, 1000.000000000000000 ) ;
#2229 = AXIS2_PLACEMENT_3D ( 'NONE', #1338, #896, #600 ) ;
#2230 = CARTESIAN_POINT ( 'NONE',  ( -17.21793483357565790, 3.265000000000000124, 3.035986463239486621 ) ) ;
#2231 = VERTEX_POINT ( 'NONE', #403 ) ;
#2232 = VECTOR ( 'NONE', #3743, 1000.000000000000114 ) ;
#2233 = VECTOR ( 'NONE', #4054, 1000.000000000000114 ) ;
#2234 = CARTESIAN_POINT ( 'NONE',  ( 23.43882127663571069, -2.842366286027162570, 3.229360204615182361 ) ) ;
#2235 = CARTESIAN_POINT ( 'NONE',  ( 19.84842270412693566, 0.000000000000000000, -12.63728674036868505 ) ) ;
#2236 = CYLINDRICAL_SURFACE ( 'NONE', #1648, 0.4999999999999996114 ) ;
#2237 = EDGE_CURVE ( 'NONE', #629, #3114, #2672, .T. ) ;
#2238 = ORIENTED_EDGE ( 'NONE', *, *, #1672, .T. ) ;
#2239 = DIRECTION ( 'NONE',  ( 0.08715574274824934575, -0.000000000000000000, 0.9961946980916938088 ) ) ;
#2240 = ORIENTED_EDGE ( 'NONE', *, *, #4269, .F. ) ;
#2241 = VERTEX_POINT ( 'NONE', #754 ) ;
#2242 = EDGE_CURVE ( 'NONE', #58, #4518, #425, .T. ) ;
#2243 = EDGE_CURVE ( 'NONE', #3031, #3194, #3289, .T. ) ;
#2245 = CARTESIAN_POINT ( 'NONE',  ( 24.14800734296241203, -3.000000000000002665, 4.900121897817146355 ) ) ;
#2244 = CARTESIAN_POINT ( 'NONE',  ( 0.000000000000000000, 3.265000000000000124, 0.000000000000000000 ) ) ;
#2246 = DIRECTION ( 'NONE',  ( -0.000000000000000000, 1.000000000000000000, -0.000000000000000000 ) ) ;
#2247 = ADVANCED_FACE ( 'NONE', ( #4025 ), #1847, .T. ) ;
#2248 = CARTESIAN_POINT ( 'NONE',  ( -4.807073215166054680, -3.000000000000000000, -16.18960560050088304 ) ) ;
#2249 = ORIENTED_EDGE ( 'NONE', *, *, #1436, .F. ) ;
#2251 = ORIENTED_EDGE ( 'NONE', *, *, #4242, .T. ) ;
#2250 = CARTESIAN_POINT ( 'NONE',  ( 1.509956535253397014, -3.000000000000000000, 0.2662460768645632525 ) ) ;
#2252 = CYLINDRICAL_SURFACE ( 'NONE', #3487, 0.5000000000000001110 ) ;
#2253 = CARTESIAN_POINT ( 'NONE',  ( -9.171249647149551265, -2.576007553701618935, -30.72328364303758264 ) ) ;
#2254 = CARTESIAN_POINT ( 'NONE',  ( 21.14644285628196485, 3.265000000000000124, -13.38669902462893191 ) ) ;
#2255 = ORIENTED_EDGE ( 'NONE', *, *, #2533, .T. ) ;
#2256 = VERTEX_POINT ( 'NONE', #4400 ) ;
#2257 = DIRECTION ( 'NONE',  ( -0.3420201433256672696, 0.000000000000000000, 0.9396926207859088720 ) ) ;
#2258 = CIRCLE ( 'NONE', #4027, 23.52999999999999758 ) ;
#2259 = CARTESIAN_POINT ( 'NONE',  ( 20.21386016967183252, -0.01920984833663422556, -12.06332197743505752 ) ) ;
#2260 = DIRECTION ( 'NONE',  ( -0.8660254037844367092, 0.000000000000000000, -0.5000000000000034417 ) ) ;
#2261 = EDGE_LOOP ( 'NONE', ( #4778, #3446, #817, #1808 ) ) ;
#2262 = AXIS2_PLACEMENT_3D ( 'NONE', #2411, #2462, #4009 ) ;
#2263 = DIRECTION ( 'NONE',  ( 0.9961946980917977257, 0.000000000000000000, 0.08715574274706106017 ) ) ;
#2264 = VERTEX_POINT ( 'NONE', #381 ) ;
#2265 = VERTEX_POINT ( 'NONE', #3363 ) ;
#2267 = DIRECTION ( 'NONE',  ( -0.9848077530122211209, 0.000000000000000000, -0.1736481776668561960 ) ) ;
#2266 = DIRECTION ( 'NONE',  ( -0.9961946980917979477, -0.000000000000000000, -0.08715574274706108793 ) ) ;
#2268 = DIRECTION ( 'NONE',  ( 0.8191520442893337473, 0.000000000000000000, -0.5735764363505576613 ) ) ;
#2269 = VERTEX_POINT ( 'NONE', #2984 ) ;
#2271 = ORIENTED_EDGE ( 'NONE', *, *, #2213, .F. ) ;
#2270 = CARTESIAN_POINT ( 'NONE',  ( 30.84144333032081420, -3.000000000000000000, 4.402443439001797465 ) ) ;
#2272 = DIRECTION ( 'NONE',  ( 0.6427876096865444699, 0.000000000000000000, -0.7660444431189736836 ) ) ;
#2273 = DIRECTION ( 'NONE',  ( 0.9063077870368824174, 0.000000000000000000, 0.4226182617402012287 ) ) ;
#2274 = ADVANCED_FACE ( 'NONE', ( #1146 ), #360, .F. ) ;
#2275 = LINE ( 'NONE', #1091, #3770 ) ;
#2276 = AXIS2_PLACEMENT_3D ( 'NONE', #1749, #700, #3225 ) ;
#2277 = ORIENTED_EDGE ( 'NONE', *, *, #1817, .F. ) ;
#2278 = ORIENTED_EDGE ( 'NONE', *, *, #4096, .T. ) ;
#2279 = DIRECTION ( 'NONE',  ( -0.08715574274785162223, 0.000000000000000000, -0.9961946980917286698 ) ) ;
#2280 = CARTESIAN_POINT ( 'NONE',  ( -8.828903344063828484, 3.265000000000000124, 13.46192501608416947 ) ) ;
#2281 = CARTESIAN_POINT ( 'NONE',  ( 30.84144333032081775, -2.792893218813452982, 4.402443439001797465 ) ) ;
#2282 = B_SPLINE_CURVE_WITH_KNOTS ( 'NONE', 3,
 ( #406, #1199, #4120, #2287, #3055, #1925, #3015, #1534 ),
 .UNSPECIFIED., .F., .F.,
 ( 4, 2, 2, 4 ),
 ( 0.000000000000000000, 0.0002554680715913120489, 0.0005109361431826238810, 0.001021872286365246895 ),
 .UNSPECIFIED. ) ;
#2283 = ORIENTED_EDGE ( 'NONE', *, *, #1944, .T. ) ;
#2284 = DIRECTION ( 'NONE',  ( 0.000000000000000000, 0.000000000000000000, 1.000000000000000000 ) ) ;
#2285 = ORIENTED_EDGE ( 'NONE', *, *, #71, .T. ) ;
#2287 = CARTESIAN_POINT ( 'NONE',  ( 16.06543603230490547, -2.798953584472875011, 1.065738834288999515 ) ) ;
#2286 = CARTESIAN_POINT ( 'NONE',  ( -16.47600999319314141, -2.963709313982507698, 18.47431462333156560 ) ) ;
#2288 = FACE_OUTER_BOUND ( 'NONE', #4190, .T. ) ;
#2289 = CARTESIAN_POINT ( 'NONE',  ( 11.60809380826084514, -3.000000000000000000, -28.91069513294267423 ) ) ;
#2290 = ORIENTED_EDGE ( 'NONE', *, *, #2945, .F. ) ;
#2291 = APPLICATION_PROTOCOL_DEFINITION ( 'draft international standard', 'automotive_design', 1998, #120 ) ;
#2293 = VERTEX_POINT ( 'NONE', #776 ) ;
#2292 = DIRECTION ( 'NONE',  ( 0.9396926207859351843, 0.000000000000000000, -0.3420201433255953827 ) ) ;
#2294 = FACE_OUTER_BOUND ( 'NONE', #4216, .T. ) ;
#2295 = CARTESIAN_POINT ( 'NONE',  ( 16.77838861730841558, -2.792893218813452538, 1.922747461918895340 ) ) ;
#2296 = CARTESIAN_POINT ( 'NONE',  ( 7.672447202607938443, -2.840063043677877097, -23.68803513070394473 ) ) ;
#2297 = ORIENTED_EDGE ( 'NONE', *, *, #1526, .F. ) ;
#2298 = ORIENTED_EDGE ( 'NONE', *, *, #1885, .T. ) ;
#2299 = AXIS2_PLACEMENT_3D ( 'NONE', #663, #2827, #1810 ) ;
#2300 = EDGE_CURVE ( 'NONE', #1246, #3610, #3295, .T. ) ;
#2301 = LINE ( 'NONE', #1715, #1218 ) ;
#2302 = VECTOR ( 'NONE', #325, 1000.000000000000114 ) ;
#2303 = EDGE_CURVE ( 'NONE', #4734, #2965, #1530, .T. ) ;
#2304 = CARTESIAN_POINT ( 'NONE',  ( 6.835299471539944882, -2.954357122083175025, -14.58146280146458729 ) ) ;
#2305 = CARTESIAN_POINT ( 'NONE',  ( 19.65932503706210355, -3.000000000000000000, 25.37618590062854196 ) ) ;
#2306 = AXIS2_PLACEMENT_3D ( 'NONE', #3842, #2391, #815 ) ;
#2307 = CARTESIAN_POINT ( 'NONE',  ( -11.17258253940795854, -3.000000000000000000, 11.60154428044696218 ) ) ;
#2308 = VERTEX_POINT ( 'NONE', #4424 ) ;
#2309 = DIRECTION ( 'NONE',  ( 0.08715574274824935963, 0.000000000000000000, 0.9961946980916938088 ) ) ;
#2310 = VECTOR ( 'NONE', #269, 1000.000000000000000 ) ;
#2311 = VERTEX_POINT ( 'NONE', #2212 ) ;
#2313 = CARTESIAN_POINT ( 'NONE',  ( 7.728179347889266637, -3.000000000000000000, -22.75337653990848352 ) ) ;
#2312 = CARTESIAN_POINT ( 'NONE',  ( -16.36881259516366427, -2.500000000000000000, 2.209535680094371735 ) ) ;
#2314 = DIRECTION ( 'NONE',  ( -0.5735764363506855590, 0.000000000000000000, 0.8191520442892442633 ) ) ;
#2315 = VERTEX_POINT ( 'NONE', #3341 ) ;
#2317 = ORIENTED_EDGE ( 'NONE', *, *, #936, .T. ) ;
#2316 = CARTESIAN_POINT ( 'NONE',  ( 10.15785299541284914, -2.999999999999999112, 13.37029514952898346 ) ) ;
#2318 = CARTESIAN_POINT ( 'NONE',  ( -16.07113963096463038, -2.669027361112047636, 0.9540639982119017981 ) ) ;
#2319 = EDGE_CURVE ( 'NONE', #1115, #3081, #3320, .T. ) ;
#2320 = CARTESIAN_POINT ( 'NONE',  ( -8.998655526815836581, -2.500000000000000000, -21.74132237720848693 ) ) ;
#2321 = ORIENTED_EDGE ( 'NONE', *, *, #396, .T. ) ;
#2322 = ORIENTED_EDGE ( 'NONE', *, *, #3870, .F. ) ;
#2323 = CARTESIAN_POINT ( 'NONE',  ( 14.45316298119057308, -2.790186808242953731, 18.67718115051236083 ) ) ;
#2324 = CARTESIAN_POINT ( 'NONE',  ( -22.97362297149675214, 3.265000000000000124, 5.086604718622892207 ) ) ;
#2325 = CYLINDRICAL_SURFACE ( 'NONE', #359, 0.4999999999999988343 ) ;
#2326 = CARTESIAN_POINT ( 'NONE',  ( 31.19276894612021778, -2.576007553701658459, 7.419106642638354288 ) ) ;
#2327 = ORIENTED_EDGE ( 'NONE', *, *, #251, .T. ) ;
#2328 = EDGE_CURVE ( 'NONE', #1633, #10, #1121, .T. ) ;
#2329 = VECTOR ( 'NONE', #1300, 1000.000000000000000 ) ;
#2330 = VERTEX_POINT ( 'NONE', #4477 ) ;
#2331 = CARTESIAN_POINT ( 'NONE',  ( 11.10092522531384951, -3.000000000000000000, 12.42059112841867830 ) ) ;
#2332 = ORIENTED_EDGE ( 'NONE', *, *, #3118, .T. ) ;
#2334 = VERTEX_POINT ( 'NONE', #1170 ) ;
#2333 = CARTESIAN_POINT ( 'NONE',  ( 9.163797275282441035, -2.963709313982508586, -22.99530442492921978 ) ) ;
#2335 = CARTESIAN_POINT ( 'NONE',  ( 0.000000000000000000, -2.500000000000000000, 0.000000000000000000 ) ) ;
#2336 = DIRECTION ( 'NONE',  ( 0.000000000000000000, 0.000000000000000000, -1.000000000000000000 ) ) ;
#2337 = ORIENTED_EDGE ( 'NONE', *, *, #2350, .T. ) ;
#2338 = VERTEX_POINT ( 'NONE', #454 ) ;
#2339 = CARTESIAN_POINT ( 'NONE',  ( -7.243917375737632725, -2.500000000000000000, -14.37701709155922636 ) ) ;
#2340 = CARTESIAN_POINT ( 'NONE',  ( 7.109660202336772095, -2.798945815778154156, -14.44599526331058570 ) ) ;
#2341 = ORIENTED_EDGE ( 'NONE', *, *, #3391, .F. ) ;
#2342 = CARTESIAN_POINT ( 'NONE',  ( -11.61707311970166501, 3.265000000000000124, 12.25785032243587658 ) ) ;
#2343 = CARTESIAN_POINT ( 'NONE',  ( -20.79608018602539588, 3.265000000000000124, 23.19696497017492476 ) ) ;
#2344 = ORIENTED_EDGE ( 'NONE', *, *, #1236, .F. ) ;
#2345 = EDGE_CURVE ( 'NONE', #3020, #4720, #3856, .T. ) ;
#2346 = CARTESIAN_POINT ( 'NONE',  ( 14.32920972712218166, -3.000000000000000000, 18.66372547473164900 ) ) ;
#2347 = ADVANCED_FACE ( 'NONE', ( #2762 ), #826, .T. ) ;
#2348 = VERTEX_POINT ( 'NONE', #171 ) ;
#2349 = VECTOR ( 'NONE', #2400, 1000.000000000000000 ) ;
#2350 = EDGE_CURVE ( 'NONE', #977, #206, #4153, .T. ) ;
#2351 = EDGE_CURVE ( 'NONE', #3231, #2308, #4489, .T. ) ;
#2352 = CARTESIAN_POINT ( 'NONE',  ( 16.47600999319401183, -2.963709313982508586, 18.47431462333079821 ) ) ;
#2353 = ADVANCED_BREP_SHAPE_REPRESENTATION ( 'Back, Bottom Mesh Piece', ( #2367, #2073 ), #4688 ) ;
#2354 = CARTESIAN_POINT ( 'NONE',  ( 16.42414633486759712, 3.265000000000000124, 3.931755278064975823 ) ) ;
#2355 =( BOUNDED_CURVE ( )  B_SPLINE_CURVE ( 3, ( #2944, #4142, #2198, #4407 ),
 .UNSPECIFIED., .F., .T. ) 
 B_SPLINE_CURVE_WITH_KNOTS ( ( 4, 4 ),
 ( 1.570796326794897446, 3.141592653589793116 ),
 .UNSPECIFIED. ) 
 CURVE ( )  GEOMETRIC_REPRESENTATION_ITEM ( )  RATIONAL_B_SPLINE_CURVE ( ( 1.000000000000000000, 0.8047378541243652705, 0.8047378541243652705, 1.000000000000000000 ) ) 
 REPRESENTATION_ITEM ( '' )  );
#2356 = ORIENTED_EDGE ( 'NONE', *, *, #2955, .F. ) ;
#2357 = PRODUCT_CONTEXT ( 'NONE', #3688, 'mechanical' ) ;
#2359 = ORIENTED_EDGE ( 'NONE', *, *, #2042, .T. ) ;
#2358 = FACE_OUTER_BOUND ( 'NONE', #4439, .T. ) ;
#2360 = DIRECTION ( 'NONE',  ( -0.5735764363512142472, 0.000000000000000000, -0.8191520442888740039 ) ) ;
#2361 = CARTESIAN_POINT ( 'NONE',  ( -5.276919525559021551, -3.000000000000000000, -16.01859552883808746 ) ) ;
#2362 = LINE ( 'NONE', #414, #4529 ) ;
#2363 = ORIENTED_EDGE ( 'NONE', *, *, #1437, .F. ) ;
#2364 = EDGE_LOOP ( 'NONE', ( #1085, #4522, #1554, #4461 ) ) ;
#2365 = CARTESIAN_POINT ( 'NONE',  ( 0.000000000000000000, -2.500000000000000000, 0.000000000000000000 ) ) ;
#2366 = B_SPLINE_CURVE_WITH_KNOTS ( 'NONE', 3,
 ( #4107, #789, #2578, #3328, #1563, #1489, #3674, #4037 ),
 .UNSPECIFIED., .F., .F.,
 ( 4, 2, 2, 4 ),
 ( 0.000000000000000000, 0.0004478229640553248376, 0.0006717344460829866330, 0.0008956459281106484826 ),
 .UNSPECIFIED. ) ;
#2367 = MANIFOLD_SOLID_BREP ( 'Fillet1', #2379 ) ;
#2368 = CYLINDRICAL_SURFACE ( 'NONE', #1915, 14.57731163100804928 ) ;
#2369 = ORIENTED_EDGE ( 'NONE', *, *, #3801, .T. ) ;
#2370 = DIRECTION ( 'NONE',  ( 0.9063077870368824174, 0.000000000000000000, 0.4226182617402011732 ) ) ;
#2371 = LINE ( 'NONE', #188, #3582 ) ;
#2372 = ORIENTED_EDGE ( 'NONE', *, *, #2945, .T. ) ;
#2373 = VECTOR ( 'NONE', #2268, 1000.000000000000114 ) ;
#2374 = FILL_AREA_STYLE_COLOUR ( '', #3364 ) ;
#2375 = AXIS2_PLACEMENT_3D ( 'NONE', #1020, #4707, #2959 ) ;
#2376 = TOROIDAL_SURFACE ( 'NONE', #3229, 24.52749999999999631, 0.5000000000000000000 ) ;
#2377 = CARTESIAN_POINT ( 'NONE',  ( -24.44967702698092893, -2.500000000000000000, 5.346872873588896624 ) ) ;
#2378 = ORIENTED_EDGE ( 'NONE', *, *, #482, .F. ) ;
#2379 = CLOSED_SHELL ( 'NONE', ( #2682, #1945, #3718, #336, #4543, #1229, #4211, #1524, #4445, #3595, #1319, #1267, #1917, #69, #4016, #1089, #2274, #2412, #3448, #1201, #724, #2897, #2500, #2740, #3784, #721, #3740, #3505, #1734, #4262, #94, #2563, #3747, #1938, #660, #2733, #2145, #2978, #998, #2525, #3357, #2059, #4041, #2506, #479, #1901, #3444, #2183, #4017, #3156, #2094, #4229, #4709, #4562, #2004, #4160, #4180, #902, #2820, #4444, #4418, #3904, #4447, #1726, #3419, #2532, #696, #841, #4624, #4737, #1764, #3035, #2390, #3147, #2176, #442, #1028, #3480, #1179, #1355, #1796, #2058, #3094, #2247, #1788, #933, #3979, #3504, #752, #4475, #969, #72, #4235, #1472, #222, #1583, #3808, #3088, #3423, #1787, #932, #356, #278, #4129, #3897, #1522, #3896, #1171, #1771, #1974, #1058, #4437, #3424, #4413, #3649, #628, #2953, #2564, #2863, #4645, #1862, #2890, #4387, #193, #2772, #1883, #1642, #3890, #1049, #1356, #4592, #3251, #4567, #2347, #330, #3560, #4380, #2589, #4234, #2504, #3624, #2981, #1970, #2774, #1886, #4070, #1000 ) ) ;
#2380 = DIRECTION ( 'NONE',  ( 0.000000000000000000, 0.000000000000000000, 1.000000000000000000 ) ) ;
#2381 = EDGE_CURVE ( 'NONE', #424, #1823, #4334, .T. ) ;
#2382 = EDGE_CURVE ( 'NONE', #1823, #1270, #1289, .T. ) ;
#2383 = CARTESIAN_POINT ( 'NONE',  ( -22.97362297149675214, 3.265000000000000124, 5.086604718622892207 ) ) ;
#2384 = VERTEX_POINT ( 'NONE', #3125 ) ;
#2385 = EDGE_CURVE ( 'NONE', #924, #2204, #4006, .T. ) ;
#2387 = ORIENTED_EDGE ( 'NONE', *, *, #1797, .T. ) ;
#2386 = CARTESIAN_POINT ( 'NONE',  ( 10.30423900446900731, -3.000000000000000000, 13.08909024249325981 ) ) ;
#2388 = CARTESIAN_POINT ( 'NONE',  ( -14.32920972712166652, 3.265000000000000124, 18.66372547473203625 ) ) ;
#2389 = CARTESIAN_POINT ( 'NONE',  ( -16.01602368630264550, -3.000000000000000000, 1.705700903103305466 ) ) ;
#2390 = ADVANCED_FACE ( 'NONE', ( #1195 ), #872, .T. ) ;
#2391 = DIRECTION ( 'NONE',  ( -0.000000000000000000, -1.000000000000000000, -0.000000000000000000 ) ) ;
#2392 = EDGE_LOOP ( 'NONE', ( #498, #877, #2278, #726 ) ) ;
#2393 = VERTEX_POINT ( 'NONE', #1990 ) ;
#2394 = AXIS2_PLACEMENT_3D ( 'NONE', #1019, #2186, #3287 ) ;
#2395 = DIRECTION ( 'NONE',  ( 0.000000000000000000, 1.000000000000000000, 0.000000000000000000 ) ) ;
#2396 = DIRECTION ( 'NONE',  ( -0.000000000000000000, 1.000000000000000000, -0.000000000000000000 ) ) ;
#2397 = DIRECTION ( 'NONE',  ( -0.000000000000000000, -1.000000000000000000, -0.000000000000000000 ) ) ;
#2398 = CARTESIAN_POINT ( 'NONE',  ( -19.84842270413053100, 0.000000000000000000, -12.63728674036303268 ) ) ;
#2399 = ORIENTED_EDGE ( 'NONE', *, *, #1025, .F. ) ;
#2400 = DIRECTION ( 'NONE',  ( -0.9961946980917275596, -0.000000000000000000, 0.08715574274786325182 ) ) ;
#2401 = PRODUCT_DEFINITION_CONTEXT ( 'detailed design', #120, 'design' ) ;
#2402 = CARTESIAN_POINT ( 'NONE',  ( -4.807073215166054680, -2.792893218813452982, -16.18960560050088304 ) ) ;
#2403 = CARTESIAN_POINT ( 'NONE',  ( -7.551528890804138250, -2.500000000000000000, -22.26803339793057290 ) ) ;
#2404 = ORIENTED_EDGE ( 'NONE', *, *, #369, .T. ) ;
#2405 = CARTESIAN_POINT ( 'NONE',  ( 0.000000000000000000, -2.500000000000000000, 0.000000000000000000 ) ) ;
#2406 = AXIS2_PLACEMENT_3D ( 'NONE', #2021, #4280, #4598 ) ;
#2407 = DIRECTION ( 'NONE',  ( -0.08715574274746686056, -0.000000000000000000, 0.9961946980917621985 ) ) ;
#2408 = ORIENTED_EDGE ( 'NONE', *, *, #1735, .F. ) ;
#2410 = ORIENTED_EDGE ( 'NONE', *, *, #1581, .F. ) ;
#2409 = DIRECTION ( 'NONE',  ( -0.000000000000000000, -1.000000000000000000, -0.000000000000000000 ) ) ;
#2411 = CARTESIAN_POINT ( 'NONE',  ( -15.29263558886042063, 3.265000000000000124, 19.81189170665737365 ) ) ;
#2412 = ADVANCED_FACE ( 'NONE', ( #1265 ), #2738, .T. ) ;
#2413 = CARTESIAN_POINT ( 'NONE',  ( -5.979726014076907958, -3.000000000000000000, -16.42916219820119750 ) ) ;
#2414 = LINE ( 'NONE', #1658, #1992 ) ;
#2415 = ORIENTED_EDGE ( 'NONE', *, *, #4481, .T. ) ;
#2416 = ORIENTED_EDGE ( 'NONE', *, *, #301, .F. ) ;
#2417 = CARTESIAN_POINT ( 'NONE',  ( -16.77838861730829123, -2.500000000000000000, 1.922747461919029899 ) ) ;
#2418 = EDGE_CURVE ( 'NONE', #1168, #4452, #1410, .T. ) ;
#2419 = CARTESIAN_POINT ( 'NONE',  ( -11.29383136056979176, -2.990860970744408043, 11.48202467740932953 ) ) ;
#2420 = LINE ( 'NONE', #3902, #4612 ) ;
#2421 = CARTESIAN_POINT ( 'NONE',  ( -6.254199851177303593, -2.500000000000000000, -15.66289457977910260 ) ) ;
#2422 = PLANE ( 'NONE',  #2908 ) ;
#2423 = VECTOR ( 'NONE', #3109, 1000.000000000000114 ) ;
#2424 = CARTESIAN_POINT ( 'NONE',  ( -11.20908218885295682, -3.000000000000000000, -29.27632191859747124 ) ) ;
#2425 = EDGE_LOOP ( 'NONE', ( #2708, #653, #1975, #303 ) ) ;
#2426 = CARTESIAN_POINT ( 'NONE',  ( 15.84091243148946049, -3.000000000000000000, 18.06948791022819023 ) ) ;
#2427 = LINE ( 'NONE', #3910, #1405 ) ;
#2428 = VERTEX_POINT ( 'NONE', #3558 ) ;
#2430 = EDGE_LOOP ( 'NONE', ( #2055, #2283, #1417, #4601 ) ) ;
#2429 = CARTESIAN_POINT ( 'NONE',  ( -16.85536625282397338, -2.500000000000000000, 18.50060498289616362 ) ) ;
#2431 = DIRECTION ( 'NONE',  ( -0.9063077870368400069, 0.000000000000000000, 0.4226182617402919894 ) ) ;
#2432 = CYLINDRICAL_SURFACE ( 'NONE', #3074, 0.4999999999999991118 ) ;
#2433 = CARTESIAN_POINT ( 'NONE',  ( -11.23820881949889028, 3.265000000000000124, 13.39317573496176550 ) ) ;
#2434 = ORIENTED_EDGE ( 'NONE', *, *, #448, .T. ) ;
#2435 = EDGE_CURVE ( 'NONE', #230, #2971, #997, .T. ) ;
#2436 = EDGE_LOOP ( 'NONE', ( #2653, #2372, #3544, #313 ) ) ;
#2437 = DIRECTION ( 'NONE',  ( 0.000000000000000000, 0.000000000000000000, 1.000000000000000000 ) ) ;
#2438 = CARTESIAN_POINT ( 'NONE',  ( -31.80608415963236979, -3.000000000000000000, 4.337381953036411275 ) ) ;
#2439 = VECTOR ( 'NONE', #4618, 1000.000000000000227 ) ;
#2440 = EDGE_CURVE ( 'NONE', #986, #2901, #1134, .T. ) ;
#2441 = ORIENTED_EDGE ( 'NONE', *, *, #3093, .T. ) ;
#2442 = CARTESIAN_POINT ( 'NONE',  ( -24.44967702698092893, -2.500000000000000000, 5.346872873588896624 ) ) ;
#2443 = B_SPLINE_CURVE_WITH_KNOTS ( 'NONE', 3,
 ( #3082, #2048, #2352, #2743, #1223, #4212, #3129, #4552 ),
 .UNSPECIFIED., .F., .F.,
 ( 4, 2, 2, 4 ),
 ( -4.472650285591883270E-06, 0.0004674945079885303571, 0.0007034780871255866957, 0.0009394616662626430886 ),
 .UNSPECIFIED. ) ;
#2444 = LINE ( 'NONE', #3484, #951 ) ;
#2445 = CIRCLE ( 'NONE', #884, 24.52749999999999275 ) ;
#2446 = CARTESIAN_POINT ( 'NONE',  ( -9.015366485647115624, -2.848831634978306493, 13.34112656389160101 ) ) ;
#2447 = EDGE_CURVE ( 'NONE', #1738, #2315, #1698, .T. ) ;
#2448 = VECTOR ( 'NONE', #2821, 1000.000000000000000 ) ;
#2449 = DIRECTION ( 'NONE',  ( 0.6427876096865571265, -0.000000000000000000, 0.7660444431189631365 ) ) ;
#2450 = VECTOR ( 'NONE', #3553, 1000.000000000000114 ) ;
#2451 = CARTESIAN_POINT ( 'NONE',  ( 5.276919525558512625, -2.500000000000000000, -16.01859552883835747 ) ) ;
#2452 = EDGE_LOOP ( 'NONE', ( #1258, #3374, #2107, #4665 ) ) ;
#2453 = AXIS2_PLACEMENT_3D ( 'NONE', #964, #3095, #3823 ) ;
#2454 = CARTESIAN_POINT ( 'NONE',  ( 15.29263558886092866, -3.000000000000000000, 19.81189170665698640 ) ) ;
#2455 = VECTOR ( 'NONE', #4342, 1000.000000000000114 ) ;
#2456 = VECTOR ( 'NONE', #2370, 1000.000000000000114 ) ;
#2457 = CARTESIAN_POINT ( 'NONE',  ( 11.23820881949115780, -3.000000000000000000, 13.39317573496640357 ) ) ;
#2458 = ORIENTED_EDGE ( 'NONE', *, *, #1292, .T. ) ;
#2459 = AXIS2_PLACEMENT_3D ( 'NONE', #1852, #3279, #2967 ) ;
#2461 = EDGE_LOOP ( 'NONE', ( #4676, #1539, #1194, #2927 ) ) ;
#2460 = CARTESIAN_POINT ( 'NONE',  ( 16.48760416466110712, -3.000000000000000000, 2.379187623289519937 ) ) ;
#2462 = DIRECTION ( 'NONE',  ( -0.7660444431189782355, 0.000000000000000000, -0.6427876096865391409 ) ) ;
#2463 = DIRECTION ( 'NONE',  ( -0.4226182617411931020, 0.000000000000000000, -0.9063077870364197874 ) ) ;
#2464 = AXIS2_PLACEMENT_3D ( 'NONE', #186, #2734, #112 ) ;
#2465 = FACE_OUTER_BOUND ( 'NONE', #4780, .T. ) ;
#2466 = ORIENTED_EDGE ( 'NONE', *, *, #3005, .T. ) ;
#2467 = ORIENTED_EDGE ( 'NONE', *, *, #2033, .T. ) ;
#2468 = FACE_OUTER_BOUND ( 'NONE', #292, .T. ) ;
#2469 = CARTESIAN_POINT ( 'NONE',  ( 22.43904137795963294, -1.948217292514337728, -14.13298112907362736 ) ) ;
#2470 = VERTEX_POINT ( 'NONE', #575 ) ;
#2471 = PLANE ( 'NONE',  #1840 ) ;
#2472 = CARTESIAN_POINT ( 'NONE',  ( 9.210267474636774310, -2.954357122083209664, 13.21027438555991118 ) ) ;
#2473 = DIRECTION ( 'NONE',  ( 0.9396926207859181979, 0.000000000000000000, 0.3420201433256418455 ) ) ;
#2474 = EDGE_CURVE ( 'NONE', #3889, #691, #1722, .T. ) ;
#2475 = FACE_OUTER_BOUND ( 'NONE', #227, .T. ) ;
#2476 = ORIENTED_EDGE ( 'NONE', *, *, #311, .T. ) ;
#2477 = CARTESIAN_POINT ( 'NONE',  ( -10.23180186323415874, -3.000000000000000000, -29.63202286765664084 ) ) ;
#2478 = EDGE_CURVE ( 'NONE', #775, #2256, #3541, .T. ) ;
#2479 = DIRECTION ( 'NONE',  ( 0.000000000000000000, 0.000000000000000000, -1.000000000000000000 ) ) ;
#2480 = ORIENTED_EDGE ( 'NONE', *, *, #991, .T. ) ;
#2482 = CARTESIAN_POINT ( 'NONE',  ( 1.020000000004273266, -1.663673931621374669, 26.06236854481450393 ) ) ;
#2481 = DIRECTION ( 'NONE',  ( 0.1736481776669309418, 0.000000000000000000, 0.9848077530122080203 ) ) ;
#2483 = DIRECTION ( 'NONE',  ( -0.9961946980917621985, 0.000000000000000000, -0.08715574274746690220 ) ) ;
#2484 = DIRECTION ( 'NONE',  ( 0.000000000000000000, 0.000000000000000000, -1.000000000000000000 ) ) ;
#2485 = AXIS2_PLACEMENT_3D ( 'NONE', #4717, #1051, #2139 ) ;
#2486 = FACE_OUTER_BOUND ( 'NONE', #1504, .T. ) ;
#2487 = VERTEX_POINT ( 'NONE', #1337 ) ;
#2488 = EDGE_LOOP ( 'NONE', ( #2359, #3403, #534, #4469 ) ) ;
#2489 = VECTOR ( 'NONE', #4533, 1000.000000000000000 ) ;
#2490 = ORIENTED_EDGE ( 'NONE', *, *, #3294, .T. ) ;
#2491 = FACE_OUTER_BOUND ( 'NONE', #3913, .T. ) ;
#2492 = CARTESIAN_POINT ( 'NONE',  ( -11.69794669199094983, -2.669027361112072061, 11.06118485253649553 ) ) ;
#2493 = ORIENTED_EDGE ( 'NONE', *, *, #4071, .T. ) ;
#2494 = CARTESIAN_POINT ( 'NONE',  ( -30.48720104788181828, -2.500000000000000000, 6.411451255149191120 ) ) ;
#2495 = CARTESIAN_POINT ( 'NONE',  ( 9.015757843248527692, -2.849145032862545612, 13.34086909446359925 ) ) ;
#2496 = DIRECTION ( 'NONE',  ( -0.000000000000000000, -1.000000000000000000, -0.000000000000000000 ) ) ;
#2497 = FACE_OUTER_BOUND ( 'NONE', #4539, .T. ) ;
#2498 = EDGE_CURVE ( 'NONE', #3282, #3204, #191, .T. ) ;
#2499 = CARTESIAN_POINT ( 'NONE',  ( -21.52761237823121476, -1.262797336226601175, -13.60676735072549981 ) ) ;
#2500 = ADVANCED_FACE ( 'NONE', ( #2497 ), #3581, .F. ) ;
#2501 = ORIENTED_EDGE ( 'NONE', *, *, #1794, .F. ) ;
#2502 = CARTESIAN_POINT ( 'NONE',  ( -1.509956535254285193, -3.000000000000000000, 0.2662460768590320659 ) ) ;
#2503 = CARTESIAN_POINT ( 'NONE',  ( -4.807073215166054680, -3.000000000000000000, -16.18960560050088304 ) ) ;
#2504 = ADVANCED_FACE ( 'NONE', ( #599 ), #2061, .T. ) ;
#2505 = ORIENTED_EDGE ( 'NONE', *, *, #2646, .T. ) ;
#2506 = ADVANCED_FACE ( 'NONE', ( #287 ), #3533, .F. ) ;
#2508 = CARTESIAN_POINT ( 'NONE',  ( -12.28376335234446870, -3.000000000000000444, -29.64996624114849766 ) ) ;
#2507 = FACE_OUTER_BOUND ( 'NONE', #4540, .T. ) ;
#2509 = DIRECTION ( 'NONE',  ( -0.000000000000000000, 1.000000000000000000, -0.000000000000000000 ) ) ;
#2510 = DIRECTION ( 'NONE',  ( 0.000000000000000000, 1.000000000000000000, 0.000000000000000000 ) ) ;
#2511 = CARTESIAN_POINT ( 'NONE',  ( -23.06044706033021896, -2.500000000000000000, 4.594200842116787697 ) ) ;
#2512 = VERTEX_POINT ( 'NONE', #3224 ) ;
#2513 = ORIENTED_EDGE ( 'NONE', *, *, #271, .F. ) ;
#2514 = CARTESIAN_POINT ( 'NONE',  ( 9.794555928166385428, -3.000000000000000000, -30.56969980137531806 ) ) ;
#2515 = DIRECTION ( 'NONE',  ( -0.000000000000000000, 1.000000000000000000, -0.000000000000000000 ) ) ;
#2516 = EDGE_LOOP ( 'NONE', ( #267, #3894, #3515, #662 ) ) ;
#2517 = DIRECTION ( 'NONE',  ( -0.8191520442892442633, 0.000000000000000000, -0.5735764363506854480 ) ) ;
#2518 = CARTESIAN_POINT ( 'NONE',  ( 12.70309359613290390, -2.650060844301381557, -29.44090885504920507 ) ) ;
#2519 = CARTESIAN_POINT ( 'NONE',  ( -15.86490037205734183, -2.963980324420347312, 17.74806328844956482 ) ) ;
#2520 = CARTESIAN_POINT ( 'NONE',  ( 15.31152741115069915, -2.840064749884388284, 19.63533823352668861 ) ) ;
#2521 = VECTOR ( 'NONE', #2998, 1000.000000000000114 ) ;
#2522 = DIRECTION ( 'NONE',  ( -0.000000000000000000, -1.000000000000000000, -0.000000000000000000 ) ) ;
#2523 = ORIENTED_EDGE ( 'NONE', *, *, #4386, .F. ) ;
#2524 = CARTESIAN_POINT ( 'NONE',  ( 0.000000000000000000, 3.265000000000000124, 0.000000000000000000 ) ) ;
#2525 = ADVANCED_FACE ( 'NONE', ( #261 ), #2422, .F. ) ;
#2526 = LINE ( 'NONE', #2868, #614 ) ;
#2527 = ORIENTED_EDGE ( 'NONE', *, *, #3395, .F. ) ;
#2529 = DIRECTION ( 'NONE',  ( 8.881784197001252323E-16, 0.000000000000000000, 1.000000000000000000 ) ) ;
#2528 = CARTESIAN_POINT ( 'NONE',  ( -11.23820881949889028, 3.265000000000000124, 13.39317573496176550 ) ) ;
#2530 = CIRCLE ( 'NONE', #1833, 23.52999999999999758 ) ;
#2531 = CARTESIAN_POINT ( 'NONE',  ( 6.724046161570117697, -2.500000000000000000, -15.49188450811890938 ) ) ;
#2532 = ADVANCED_FACE ( 'NONE', ( #2836 ), #4307, .T. ) ;
#2533 = EDGE_CURVE ( 'NONE', #2965, #1849, #3148, .T. ) ;
#2534 = CARTESIAN_POINT ( 'NONE',  ( -1.020000000000000018, -0.9761472547094258712, 25.00670622553088762 ) ) ;
#2535 = EDGE_CURVE ( 'NONE', #182, #3081, #4640, .T. ) ;
#2536 = ORIENTED_EDGE ( 'NONE', *, *, #2303, .F. ) ;
#2537 = EDGE_LOOP ( 'NONE', ( #322, #2285, #3942, #274 ) ) ;
#2538 = VECTOR ( 'NONE', #4462, 1000.000000000000000 ) ;
#2539 = DIRECTION ( 'NONE',  ( 0.9961946980916938088, 0.000000000000000000, -0.08715574274824935963 ) ) ;
#2540 = VECTOR ( 'NONE', #3302, 1000.000000000000227 ) ;
#2541 = EDGE_CURVE ( 'NONE', #2603, #1729, #2788, .T. ) ;
#2542 = CARTESIAN_POINT ( 'NONE',  ( 0.3983431104229284703, -3.000000000000000000, -0.3342495570378904435 ) ) ;
#2543 = ORIENTED_EDGE ( 'NONE', *, *, #420, .F. ) ;
#2544 = CARTESIAN_POINT ( 'NONE',  ( -15.89000683625194021, -2.659497393407476373, 17.38203863614951317 ) ) ;
#2545 = CARTESIAN_POINT ( 'NONE',  ( 11.44281778395766658, -3.000000000000000888, -29.06214270632930052 ) ) ;
#2546 = DIRECTION ( 'NONE',  ( 0.3420201433256677137, 0.000000000000000000, 0.9396926207859087610 ) ) ;
#2547 = VERTEX_POINT ( 'NONE', #3633 ) ;
#2548 = VECTOR ( 'NONE', #2100, 1000.000000000000114 ) ;
#2549 = CARTESIAN_POINT ( 'NONE',  ( 0.000000000000000000, -3.000000000000000000, 0.000000000000000000 ) ) ;
#2550 = DIRECTION ( 'NONE',  ( -0.000000000000000000, 1.000000000000000000, -0.000000000000000000 ) ) ;
#2551 = ORIENTED_EDGE ( 'NONE', *, *, #2622, .F. ) ;
#2553 = CARTESIAN_POINT ( 'NONE',  ( 15.29263558886092866, 3.265000000000000124, 19.81189170665698640 ) ) ;
#2552 = DIRECTION ( 'NONE',  ( 0.000000000000000000, 0.000000000000000000, 1.000000000000000000 ) ) ;
#2554 = CARTESIAN_POINT ( 'NONE',  ( 0.4886401628081499249, -2.500000000000000000, 0.1778504745291593081 ) ) ;
#2555 = CARTESIAN_POINT ( 'NONE',  ( -23.24104116510408957, -2.500000000000000000, 3.570000778982597378 ) ) ;
#2556 = VERTEX_POINT ( 'NONE', #1884 ) ;
#2557 = ORIENTED_EDGE ( 'NONE', *, *, #3861, .T. ) ;
#2558 = EDGE_CURVE ( 'NONE', #4756, #27, #3726, .T. ) ;
#2559 = CARTESIAN_POINT ( 'NONE',  ( 6.724046161570117697, -3.000000000000000000, -15.49188450811890938 ) ) ;
#2560 = CARTESIAN_POINT ( 'NONE',  ( -24.80391930942172607, 3.265000000000000124, 3.337865057442499950 ) ) ;
#2561 = ORIENTED_EDGE ( 'NONE', *, *, #92, .T. ) ;
#2562 = FACE_OUTER_BOUND ( 'NONE', #1423, .T. ) ;
#2563 = ADVANCED_FACE ( 'NONE', ( #3432 ), #107, .T. ) ;
#2564 = ADVANCED_FACE ( 'NONE', ( #1207 ), #2609, .T. ) ;
#2565 = CARTESIAN_POINT ( 'NONE',  ( -7.672447202607982852, -2.840063043677877985, -23.68803513070393407 ) ) ;
#2566 = DIRECTION ( 'NONE',  ( -0.000000000000000000, 1.000000000000000000, -0.000000000000000000 ) ) ;
#2567 = CARTESIAN_POINT ( 'NONE',  ( 24.70948960679422157, -2.787165718555739691, 3.406795810701205518 ) ) ;
#2568 = ORIENTED_EDGE ( 'NONE', *, *, #1255, .T. ) ;
#2569 = CARTESIAN_POINT ( 'NONE',  ( 17.21793483357267363, -3.000000000000000000, 3.035986463248324885 ) ) ;
#2570 = ORIENTED_EDGE ( 'NONE', *, *, #664, .T. ) ;
#2571 = ORIENTED_EDGE ( 'NONE', *, *, #4765, .T. ) ;
#2573 = PLANE ( 'NONE',  #1302 ) ;
#2572 = LINE ( 'NONE', #2620, #4716 ) ;
#2574 = CARTESIAN_POINT ( 'NONE',  ( -4.378220219635831967, -3.000000000000000000, -15.49971271857153887 ) ) ;
#2575 = CIRCLE ( 'NONE', #1341, 25.02749999999999275 ) ;
#2576 = DIRECTION ( 'NONE',  ( 0.000000000000000000, -1.000000000000000000, 0.000000000000000000 ) ) ;
#2577 = ORIENTED_EDGE ( 'NONE', *, *, #813, .T. ) ;
#2579 = EDGE_LOOP ( 'NONE', ( #1930, #3577, #1344, #2633 ) ) ;
#2578 = CARTESIAN_POINT ( 'NONE',  ( 31.83028401043139866, -2.961413309392003868, 4.037196529139913892 ) ) ;
#2580 = CARTESIAN_POINT ( 'NONE',  ( 0.000000000000000000, 3.265000000000000124, 0.000000000000000000 ) ) ;
#2581 = EDGE_CURVE ( 'NONE', #4633, #1873, #3599, .T. ) ;
#2582 = EDGE_CURVE ( 'NONE', #1850, #2140, #3353, .T. ) ;
#2583 = CYLINDRICAL_SURFACE ( 'NONE', #1371, 14.64608244481071431 ) ;
#2584 = ORIENTED_EDGE ( 'NONE', *, *, #3986, .F. ) ;
#2585 = ORIENTED_EDGE ( 'NONE', *, *, #2478, .F. ) ;
#2586 = AXIS2_PLACEMENT_3D ( 'NONE', #2312, #1555, #2043 ) ;
#2587 = CARTESIAN_POINT ( 'NONE',  ( 11.72428514981459813, -3.000000000000000000, 11.03241121076136366 ) ) ;
#2588 = EDGE_CURVE ( 'NONE', #692, #2819, #394, .T. ) ;
#2589 = ADVANCED_FACE ( 'NONE', ( #838 ), #2681, .T. ) ;
#2590 = LINE ( 'NONE', #4753, #3851 ) ;
#2591 = EDGE_CURVE ( 'NONE', #165, #871, #1590, .T. ) ;
#2592 = PLANE ( 'NONE',  #3818 ) ;
#2593 = ORIENTED_EDGE ( 'NONE', *, *, #456, .F. ) ;
#2594 = CARTESIAN_POINT ( 'NONE',  ( -14.32920972712166652, 3.265000000000000124, 18.66372547473203625 ) ) ;
#2595 = VECTOR ( 'NONE', #678, 1000.000000000000000 ) ;
#2596 = ORIENTED_EDGE ( 'NONE', *, *, #926, .T. ) ;
#2597 = AXIS2_PLACEMENT_3D ( 'NONE', #4206, #4251, #2811 ) ;
#2598 = ORIENTED_EDGE ( 'NONE', *, *, #1182, .T. ) ;
#2600 = CARTESIAN_POINT ( 'NONE',  ( 24.05914606170105330, -3.000000000000000000, 4.770298421664434407 ) ) ;
#2599 = CARTESIAN_POINT ( 'NONE',  ( 10.05434245573841068, 3.265000000000000124, 13.56913704619687699 ) ) ;
#2601 = CARTESIAN_POINT ( 'NONE',  ( -3.839391074382553892, -2.798945815778281165, -15.63627588392562195 ) ) ;
#2602 = FACE_OUTER_BOUND ( 'NONE', #2461, .T. ) ;
#2603 = VERTEX_POINT ( 'NONE', #3065 ) ;
#2604 = VECTOR ( 'NONE', #2707, 1000.000000000000114 ) ;
#2606 = VERTEX_POINT ( 'NONE', #413 ) ;
#2605 = CARTESIAN_POINT ( 'NONE',  ( -7.081682580411170491, -3.000000000000000000, -22.43904346959336848 ) ) ;
#2607 = DIRECTION ( 'NONE',  ( -0.3420201433256677137, -0.000000000000000000, -0.9396926207859087610 ) ) ;
#2608 = TOROIDAL_SURFACE ( 'NONE', #510, 24.03000000000000114, 0.5000000000000000000 ) ;
#2609 = CYLINDRICAL_SURFACE ( 'NONE', #3215, 0.5000000000000000000 ) ;
#2610 = AXIS2_PLACEMENT_3D ( 'NONE', #2248, #711, #3326 ) ;
#2611 = ORIENTED_EDGE ( 'NONE', *, *, #2498, .F. ) ;
#2612 = VECTOR ( 'NONE', #2267, 1000.000000000000000 ) ;
#2613 = LINE ( 'NONE', #4133, #3297 ) ;
#2614 = DIRECTION ( 'NONE',  ( -0.5735764363506832275, -0.000000000000000000, 0.8191520442892460396 ) ) ;
#2615 = DIRECTION ( 'NONE',  ( 0.1736481776669362154, 0.000000000000000000, -0.9848077530122071321 ) ) ;
#2616 = ORIENTED_EDGE ( 'NONE', *, *, #478, .F. ) ;
#2617 = DIRECTION ( 'NONE',  ( 0.000000000000000000, 0.000000000000000000, 1.000000000000000000 ) ) ;
#2618 = ORIENTED_EDGE ( 'NONE', *, *, #3391, .T. ) ;
#2619 = ORIENTED_EDGE ( 'NONE', *, *, #2801, .F. ) ;
#2621 = LINE ( 'NONE', #3738, #2233 ) ;
#2620 = CARTESIAN_POINT ( 'NONE',  ( -1.019999999997242446, 3.265000000000000124, 25.00670622553088762 ) ) ;
#2622 = EDGE_CURVE ( 'NONE', #87, #4198, #4057, .T. ) ;
#2623 = EDGE_CURVE ( 'NONE', #1750, #2470, #1135, .T. ) ;
#2624 = FACE_OUTER_BOUND ( 'NONE', #2038, .T. ) ;
#2625 = DIRECTION ( 'NONE',  ( -0.6427876096865444699, 0.000000000000000000, 0.7660444431189736836 ) ) ;
#2626 = ORIENTED_EDGE ( 'NONE', *, *, #3920, .F. ) ;
#2627 = DIRECTION ( 'NONE',  ( 0.000000000000000000, 0.000000000000000000, -1.000000000000000000 ) ) ;
#2629 = ORIENTED_EDGE ( 'NONE', *, *, #1167, .T. ) ;
#2628 = CARTESIAN_POINT ( 'NONE',  ( -16.85536625282397338, -2.500000000000000000, 18.50060498289616362 ) ) ;
#2630 = DIRECTION ( 'NONE',  ( 0.000000000000000000, 0.000000000000000000, 1.000000000000000000 ) ) ;
#2631 = DIRECTION ( 'NONE',  ( 0.000000000000000000, -0.000000000000000000, 1.000000000000000000 ) ) ;
#2632 = CARTESIAN_POINT ( 'NONE',  ( -11.60809380826081316, -3.000000000000000000, -28.91069513293903270 ) ) ;
#2633 = ORIENTED_EDGE ( 'NONE', *, *, #2535, .F. ) ;
#2634 = ORIENTED_EDGE ( 'NONE', *, *, #2800, .F. ) ;
#2635 = FACE_OUTER_BOUND ( 'NONE', #1234, .T. ) ;
#2636 = CARTESIAN_POINT ( 'NONE',  ( 0.000000000000000000, -2.500000000000000000, 0.000000000000000000 ) ) ;
#2637 = CARTESIAN_POINT ( 'NONE',  ( 30.95857960530109665, -3.000000000000000000, 4.930811030643379667 ) ) ;
#2638 = CARTESIAN_POINT ( 'NONE',  ( -21.71325459514958922, -2.500000000000000000, 1.899663625312524307 ) ) ;
#2639 = VERTEX_POINT ( 'NONE', #24 ) ;
#2640 = LINE ( 'NONE', #2912, #2828 ) ;
#2641 = EDGE_CURVE ( 'NONE', #1615, #3638, #533, .T. ) ;
#2642 = ORIENTED_EDGE ( 'NONE', *, *, #2068, .T. ) ;
#2644 = CARTESIAN_POINT ( 'NONE',  ( 7.250407568123362623, -2.842366286027165678, -22.52196040013663136 ) ) ;
#2643 = CARTESIAN_POINT ( 'NONE',  ( 10.09792032711194132, -2.500000000000000000, 13.07103969715097769 ) ) ;
#2645 = CARTESIAN_POINT ( 'NONE',  ( 30.48720104788194618, -2.500000000000000000, 6.411451255148618245 ) ) ;
#2646 = EDGE_CURVE ( 'NONE', #1039, #3651, #768, .T. ) ;
#2647 = EDGE_CURVE ( 'NONE', #59, #977, #4111, .T. ) ;
#2648 = CARTESIAN_POINT ( 'NONE',  ( 6.530831529806402358, -3.000000000000000000, -14.72313383150276422 ) ) ;
#2649 = VERTEX_POINT ( 'NONE', #1543 ) ;
#2650 = LINE ( 'NONE', #3085, #2538 ) ;
#2651 = EDGE_CURVE ( 'NONE', #1873, #264, #4128, .T. ) ;
#2653 = ORIENTED_EDGE ( 'NONE', *, *, #2156, .T. ) ;
#2652 = DIRECTION ( 'NONE',  ( 0.000000000000000000, 1.000000000000000000, 0.000000000000000000 ) ) ;
#2654 = DIRECTION ( 'NONE',  ( 0.7660444431189773473, 0.000000000000000000, -0.6427876096865400291 ) ) ;
#2655 = CARTESIAN_POINT ( 'NONE',  ( 16.48760416466110712, -3.000000000000000000, 2.379187623289519937 ) ) ;
#2656 = CARTESIAN_POINT ( 'NONE',  ( 7.761220784714378595, -2.963709313982506366, -23.50580051877750520 ) ) ;
#2657 = EDGE_LOOP ( 'NONE', ( #493, #3854, #148, #1211 ) ) ;
#2658 = ORIENTED_EDGE ( 'NONE', *, *, #3953, .F. ) ;
#2659 = FACE_OUTER_BOUND ( 'NONE', #2078, .T. ) ;
#2660 = DIRECTION ( 'NONE',  ( 0.000000000000000000, 0.000000000000000000, 1.000000000000000000 ) ) ;
#2661 = CARTESIAN_POINT ( 'NONE',  ( 0.000000000000000000, 3.265000000000000124, 0.000000000000000000 ) ) ;
#2662 = FACE_OUTER_BOUND ( 'NONE', #2516, .T. ) ;
#2663 = ORIENTED_EDGE ( 'NONE', *, *, #1947, .T. ) ;
#2664 = DIRECTION ( 'NONE',  ( -0.7660444431189629144, 0.000000000000000000, 0.6427876096865573485 ) ) ;
#2665 = ORIENTED_EDGE ( 'NONE', *, *, #2005, .T. ) ;
#2666 =( BOUNDED_CURVE ( )  B_SPLINE_CURVE ( 3, ( #830, #3947, #2015, #4228 ),
 .UNSPECIFIED., .F., .T. ) 
 B_SPLINE_CURVE_WITH_KNOTS ( ( 4, 4 ),
 ( 4.712388980384694115, 6.283185307179586232 ),
 .UNSPECIFIED. ) 
 CURVE ( )  GEOMETRIC_REPRESENTATION_ITEM ( )  RATIONAL_B_SPLINE_CURVE ( ( 1.000000000000000000, 0.8047378541243661587, 0.8047378541243661587, 1.000000000000000000 ) ) 
 REPRESENTATION_ITEM ( '' )  );
#2668 = CARTESIAN_POINT ( 'NONE',  ( 11.60809380826084514, 3.265000000000000124, -28.91069513294267423 ) ) ;
#2667 = DIRECTION ( 'NONE',  ( -0.8710089201476196585, -0.4912671992137045418, 0.000000000000000000 ) ) ;
#2669 = DIRECTION ( 'NONE',  ( -0.000000000000000000, -1.000000000000000000, -0.000000000000000000 ) ) ;
#2670 = EDGE_CURVE ( 'NONE', #1233, #2204, #4209, .T. ) ;
#2671 = EDGE_CURVE ( 'NONE', #871, #3282, #61, .T. ) ;
#2672 = CIRCLE ( 'NONE', #346, 25.02749999999999275 ) ;
#2673 = CARTESIAN_POINT ( 'NONE',  ( -15.89194039108521039, 3.265000000000000124, 17.35243875097084398 ) ) ;
#2674 = ORIENTED_EDGE ( 'NONE', *, *, #1182, .F. ) ;
#2675 = DIRECTION ( 'NONE',  ( 0.9961946980917633088, 0.000000000000000000, 0.08715574274745541139 ) ) ;
#2677 = VERTEX_POINT ( 'NONE', #1301 ) ;
#2676 = CARTESIAN_POINT ( 'NONE',  ( 0.09029705238693430669, -2.500000000000000000, 0.5121000315670865000 ) ) ;
#2678 = TOROIDAL_SURFACE ( 'NONE', #2913, 24.03000000000000114, 0.5000000000000000000 ) ;
#2679 = DIRECTION ( 'NONE',  ( -0.000000000000000000, -1.000000000000000000, -0.000000000000000000 ) ) ;
#2680 = EDGE_CURVE ( 'NONE', #302, #206, #3892, .T. ) ;
#2681 = CYLINDRICAL_SURFACE ( 'NONE', #819, 0.5000000000000007772 ) ;
#2682 = ADVANCED_FACE ( 'NONE', ( #2799 ), #1212, .T. ) ;
#2683 = VECTOR ( 'NONE', #149, 1000.000000000000000 ) ;
#2684 = VECTOR ( 'NONE', #3527, 1000.000000000000000 ) ;
#2685 = LINE ( 'NONE', #4154, #208 ) ;
#2686 = ORIENTED_EDGE ( 'NONE', *, *, #4711, .T. ) ;
#2687 = ORIENTED_EDGE ( 'NONE', *, *, #2300, .T. ) ;
#2688 = AXIS2_PLACEMENT_3D ( 'NONE', #989, #4391, #3676 ) ;
#2689 = PLANE ( 'NONE',  #1916 ) ;
#2690 = EDGE_CURVE ( 'NONE', #1754, #1109, #1343, .T. ) ;
#2691 = TOROIDAL_SURFACE ( 'NONE', #354, 24.52749999999999275, 0.5000000000000000000 ) ;
#2692 = VECTOR ( 'NONE', #2517, 1000.000000000000114 ) ;
#2693 = CARTESIAN_POINT ( 'NONE',  ( 6.909341788029664144, -2.926524577312415332, -14.54560503491243040 ) ) ;
#2694 = FACE_OUTER_BOUND ( 'NONE', #4416, .T. ) ;
#2695 = ORIENTED_EDGE ( 'NONE', *, *, #3754, .F. ) ;
#2696 = CARTESIAN_POINT ( 'NONE',  ( -4.972349239469208371, -3.000000000000000000, -16.03815802711417149 ) ) ;
#2697 = ORIENTED_EDGE ( 'NONE', *, *, #3656, .T. ) ;
#2698 = CARTESIAN_POINT ( 'NONE',  ( 0.000000000000000000, -2.500000000000000000, 0.000000000000000000 ) ) ;
#2699 = B_SPLINE_CURVE_WITH_KNOTS ( 'NONE', 3,
 ( #3849, #3921, #3970, #4635, #3901, #1333, #3193, #210 ),
 .UNSPECIFIED., .F., .F.,
 ( 4, 2, 2, 4 ),
 ( 0.000000000000000000, 0.0002554680715912227107, 0.0005109361431824454213, 0.001021872286364890843 ),
 .UNSPECIFIED. ) ;
#2700 = LINE ( 'NONE', #2289, #1476 ) ;
#2701 =( BOUNDED_CURVE ( )  B_SPLINE_CURVE ( 3, ( #1357, #2829, #4296, #992 ),
 .UNSPECIFIED., .F., .T. ) 
 B_SPLINE_CURVE_WITH_KNOTS ( ( 4, 4 ),
 ( 4.712388980384689674, 6.283185307179586232 ),
 .UNSPECIFIED. ) 
 CURVE ( )  GEOMETRIC_REPRESENTATION_ITEM ( )  RATIONAL_B_SPLINE_CURVE ( ( 1.000000000000000000, 0.8047378541243649375, 0.8047378541243649375, 1.000000000000000000 ) ) 
 REPRESENTATION_ITEM ( '' )  );
#2702 = VERTEX_POINT ( 'NONE', #931 ) ;
#2703 = DIRECTION ( 'NONE',  ( 0.000000000000000000, -1.000000000000000000, 0.000000000000000000 ) ) ;
#2705 = VERTEX_POINT ( 'NONE', #3111 ) ;
#2704 = CARTESIAN_POINT ( 'NONE',  ( 6.724046161570117697, 3.265000000000000124, -15.49188450811890938 ) ) ;
#2706 = CARTESIAN_POINT ( 'NONE',  ( 24.80391930942181489, -3.000000000000000000, 3.337865057441846250 ) ) ;
#2707 = DIRECTION ( 'NONE',  ( 0.9063077870365631172, -0.000000000000000000, -0.4226182617408856812 ) ) ;
#2708 = ORIENTED_EDGE ( 'NONE', *, *, #3920, .T. ) ;
#2709 = EDGE_CURVE ( 'NONE', #2338, #2384, #348, .T. ) ;
#2710 = EDGE_LOOP ( 'NONE', ( #52, #4464, #1462, #1435 ) ) ;
#2711 = CARTESIAN_POINT ( 'NONE',  ( -23.30272386179987265, -2.963980324420347756, 4.865375106486581558 ) ) ;
#2712 = DIRECTION ( 'NONE',  ( 0.9961946980917977257, -0.000000000000000000, 0.08715574274706107405 ) ) ;
#2713 = EDGE_CURVE ( 'NONE', #1971, #552, #1036, .T. ) ;
#2714 = ORIENTED_EDGE ( 'NONE', *, *, #3253, .T. ) ;
#2715 = EDGE_CURVE ( 'NONE', #1936, #3133, #358, .T. ) ;
#2716 = CARTESIAN_POINT ( 'NONE',  ( 0.000000000000000000, -3.000000000000000000, 0.000000000000000000 ) ) ;
#2717 = CARTESIAN_POINT ( 'NONE',  ( 11.41561486279117155, -2.964921559809628349, 11.35956963622842153 ) ) ;
#2718 = VERTEX_POINT ( 'NONE', #2389 ) ;
#2719 = CARTESIAN_POINT ( 'NONE',  ( -19.84842270413053100, 0.000000000000000000, -12.63728674036303268 ) ) ;
#2720 = VECTOR ( 'NONE', #3203, 1000.000000000000000 ) ;
#2721 = ORIENTED_EDGE ( 'NONE', *, *, #3379, .F. ) ;
#2722 = CARTESIAN_POINT ( 'NONE',  ( 7.594310774156538102, -3.000000000000000000, -23.84747785648473695 ) ) ;
#2723 = CARTESIAN_POINT ( 'NONE',  ( 16.42414633486759712, 3.265000000000000124, 3.931755278064975823 ) ) ;
#2724 = ORIENTED_EDGE ( 'NONE', *, *, #482, .T. ) ;
#2726 = ORIENTED_EDGE ( 'NONE', *, *, #2970, .T. ) ;
#2725 = LINE ( 'NONE', #1587, #920 ) ;
#2727 = DIRECTION ( 'NONE',  ( -0.000000000000000000, -1.000000000000000000, -0.000000000000000000 ) ) ;
#2728 = LINE ( 'NONE', #4195, #3777 ) ;
#2729 = CARTESIAN_POINT ( 'NONE',  ( -8.998655526815834804, -2.581508752381810989, -21.74132237720848337 ) ) ;
#2730 = VERTEX_POINT ( 'NONE', #3496 ) ;
#2731 = ORIENTED_EDGE ( 'NONE', *, *, #1460, .T. ) ;
#2732 = DIRECTION ( 'NONE',  ( -0.000000000000000000, 1.000000000000000000, -0.000000000000000000 ) ) ;
#2733 = ADVANCED_FACE ( 'NONE', ( #491 ), #1979, .T. ) ;
#2734 = DIRECTION ( 'NONE',  ( 0.000000000000000000, 1.000000000000000000, -0.000000000000000000 ) ) ;
#2735 = CARTESIAN_POINT ( 'NONE',  ( -17.21793483357565790, 3.265000000000000124, 3.035986463239486621 ) ) ;
#2736 = CARTESIAN_POINT ( 'NONE',  ( -16.85536625282397338, 3.265000000000000124, 18.50060498289616362 ) ) ;
#2737 = EDGE_LOOP ( 'NONE', ( #4311, #3336, #2726, #2075, #4267, #3298 ) ) ;
#2738 = CYLINDRICAL_SURFACE ( 'NONE', #2597, 25.02749999999999275 ) ;
#2739 = EDGE_CURVE ( 'NONE', #4097, #3063, #180, .T. ) ;
#2740 = ADVANCED_FACE ( 'NONE', ( #3452 ), #4603, .T. ) ;
#2741 = DIRECTION ( 'NONE',  ( 0.08715574274745541139, -0.000000000000000000, -0.9961946980917633088 ) ) ;
#2742 = ORIENTED_EDGE ( 'NONE', *, *, #846, .T. ) ;
#2743 = CARTESIAN_POINT ( 'NONE',  ( 16.67821658762432335, -2.840063043677875765, 18.48855175200490208 ) ) ;
#2744 = DIRECTION ( 'NONE',  ( 0.000000000000000000, -1.000000000000000000, 0.000000000000000000 ) ) ;
#2745 = ORIENTED_EDGE ( 'NONE', *, *, #2242, .F. ) ;
#2747 = ORIENTED_EDGE ( 'NONE', *, *, #3719, .F. ) ;
#2746 = CARTESIAN_POINT ( 'NONE',  ( 9.486293032892751498, -2.656872957827538517, -23.13872738413340002 ) ) ;
#2748 = DIRECTION ( 'NONE',  ( 0.000000000000000000, 0.000000000000000000, 1.000000000000000000 ) ) ;
#2749 = AXIS2_PLACEMENT_3D ( 'NONE', #1958, #3548, #908 ) ;
#2750 = B_SPLINE_CURVE_WITH_KNOTS ( 'NONE', 3,
 ( #213, #1309, #1696, #500, #1720, #2717, #2088, #3828 ),
 .UNSPECIFIED., .F., .F.,
 ( 4, 2, 2, 4 ),
 ( 4.336808689942017736E-19, 0.0002554680715913143258, 0.0005109361431826282178, 0.001021872286365252533 ),
 .UNSPECIFIED. ) ;
#2751 = CARTESIAN_POINT ( 'NONE',  ( -8.922702663149987501, -2.842366286027165234, -21.91329476263757670 ) ) ;
#2752 = ORIENTED_EDGE ( 'NONE', *, *, #2884, .F. ) ;
#2753 = ORIENTED_EDGE ( 'NONE', *, *, #4122, .T. ) ;
#2754 = AXIS2_PLACEMENT_3D ( 'NONE', #1347, #2173, #1708 ) ;
#2755 = CARTESIAN_POINT ( 'NONE',  ( -7.243917375737630948, -2.586862816039460000, -14.37701709155922458 ) ) ;
#2756 = CIRCLE ( 'NONE', #2754, 25.02749999999999275 ) ;
#2757 = FACE_OUTER_BOUND ( 'NONE', #1163, .T. ) ;
#2758 = LINE ( 'NONE', #212, #3611 ) ;
#2759 = CARTESIAN_POINT ( 'NONE',  ( -19.23334952206178272, -2.500000000000000000, 24.50825169393615610 ) ) ;
#2760 = ORIENTED_EDGE ( 'NONE', *, *, #4653, .F. ) ;
#2761 = DIRECTION ( 'NONE',  ( 0.08715574274831967838, 0.000000000000000000, -0.9961946980916877026 ) ) ;
#2762 = FACE_OUTER_BOUND ( 'NONE', #3843, .T. ) ;
#2763 = AXIS2_PLACEMENT_3D ( 'NONE', #4725, #2539, #256 ) ;
#2764 = VECTOR ( 'NONE', #3893, 1000.000000000000000 ) ;
#2765 = AXIS2_PLACEMENT_3D ( 'NONE', #3476, #1277, #2748 ) ;
#2766 = EDGE_CURVE ( 'NONE', #2971, #375, #4630, .T. ) ;
#2767 = DIRECTION ( 'NONE',  ( 0.3420201433255953827, 0.000000000000000000, 0.9396926207859351843 ) ) ;
#2768 = VECTOR ( 'NONE', #880, 1000.000000000000114 ) ;
#2769 = EDGE_LOOP ( 'NONE', ( #3138, #3410, #4024, #2513 ) ) ;
#2770 = AXIS2_PLACEMENT_3D ( 'NONE', #4240, #4283, #2052 ) ;
#2771 = FACE_OUTER_BOUND ( 'NONE', #1024, .T. ) ;
#2772 = ADVANCED_FACE ( 'NONE', ( #959 ), #2376, .T. ) ;
#2773 = ORIENTED_EDGE ( 'NONE', *, *, #1877, .F. ) ;
#2774 = ADVANCED_FACE ( 'NONE', ( #4559 ), #2432, .T. ) ;
#2776 = ORIENTED_EDGE ( 'NONE', *, *, #3631, .T. ) ;
#2775 = FACE_OUTER_BOUND ( 'NONE', #3342, .T. ) ;
#2777 = FACE_OUTER_BOUND ( 'NONE', #1496, .T. ) ;
#2778 = CARTESIAN_POINT ( 'NONE',  ( 20.54618363729410646, -3.000000000000000000, 23.67701177387600708 ) ) ;
#2779 = VECTOR ( 'NONE', #2835, 1000.000000000000114 ) ;
#2780 = ORIENTED_EDGE ( 'NONE', *, *, #134, .T. ) ;
#2781 = VECTOR ( 'NONE', #4694, 1000.000000000000000 ) ;
#2782 = ORIENTED_EDGE ( 'NONE', *, *, #4732, .T. ) ;
#2783 = CARTESIAN_POINT ( 'NONE',  ( 0.000000000000000000, 3.265000000000000124, 0.000000000000000000 ) ) ;
#2784 = LINE ( 'NONE', #569, #2684 ) ;
#2785 = CARTESIAN_POINT ( 'NONE',  ( 19.12613749183848810, -3.000000000000000000, 25.73369080688133081 ) ) ;
#2786 = CYLINDRICAL_SURFACE ( 'NONE', #4581, 0.4999999999999997780 ) ;
#2787 = CARTESIAN_POINT ( 'NONE',  ( 16.16077264764568966, -3.000000000000000000, 18.45068247196039124 ) ) ;
#2788 = LINE ( 'NONE', #2706, #1052 ) ;
#2789 = DIRECTION ( 'NONE',  ( 0.9396926207859359614, 0.000000000000000000, -0.3420201433255930512 ) ) ;
#2790 = ORIENTED_EDGE ( 'NONE', *, *, #335, .F. ) ;
#2791 = DIRECTION ( 'NONE',  ( 0.08715574274824935963, 0.000000000000000000, 0.9961946980916939198 ) ) ;
#2792 = EDGE_CURVE ( 'NONE', #3001, #688, #2728, .T. ) ;
#2793 = AXIS2_PLACEMENT_3D ( 'NONE', #2383, #4667, #1753 ) ;
#2794 = DIRECTION ( 'NONE',  ( -0.000000000000000000, -1.000000000000000000, -0.000000000000000000 ) ) ;
#2795 = AXIS2_PLACEMENT_3D ( 'NONE', #2895, #2120, #4282 ) ;
#2796 = ORIENTED_EDGE ( 'NONE', *, *, #570, .F. ) ;
#2798 = VERTEX_POINT ( 'NONE', #250 ) ;
#2797 = CARTESIAN_POINT ( 'NONE',  ( -9.945495925549495908, -3.000000000000000000, -6.963911218297145211 ) ) ;
#2799 = FACE_OUTER_BOUND ( 'NONE', #1779, .T. ) ;
#2800 = EDGE_CURVE ( 'NONE', #4625, #333, #519, .T. ) ;
#2801 = EDGE_CURVE ( 'NONE', #4589, #4599, #3459, .T. ) ;
#2802 = LINE ( 'NONE', #960, #4685 ) ;
#2803 = EDGE_CURVE ( 'NONE', #4506, #3477, #3571, .T. ) ;
#2804 = ORIENTED_EDGE ( 'NONE', *, *, #1828, .F. ) ;
#2805 = EDGE_LOOP ( 'NONE', ( #2415, #4739, #1053, #2201, #3616, #477, #3167, #4669 ) ) ;
#2806 = DIRECTION ( 'NONE',  ( 0.000000000000000000, -1.000000000000000000, 0.000000000000000000 ) ) ;
#2807 = CARTESIAN_POINT ( 'NONE',  ( 9.511283720560113508, 3.265000000000000124, -23.14975676410030303 ) ) ;
#2808 = CARTESIAN_POINT ( 'NONE',  ( -10.05434245573797369, 3.265000000000000124, 13.56913704619718430 ) ) ;
#2809 = CARTESIAN_POINT ( 'NONE',  ( -14.72351606115218914, -2.963979104643725382, 18.70579539889815379 ) ) ;
#2810 = FACE_OUTER_BOUND ( 'NONE', #2452, .T. ) ;
#2811 = DIRECTION ( 'NONE',  ( 0.000000000000000000, 0.000000000000000000, -1.000000000000000000 ) ) ;
#2812 = AXIS2_PLACEMENT_3D ( 'NONE', #4169, #1274, #1298 ) ;
#2813 = CARTESIAN_POINT ( 'NONE',  ( 19.23334952206225523, -2.500000000000000000, 24.50825169393582570 ) ) ;
#2814 = EDGE_LOOP ( 'NONE', ( #898, #518, #1639, #4074 ) ) ;
#2815 = FACE_OUTER_BOUND ( 'NONE', #1443, .T. ) ;
#2816 = CARTESIAN_POINT ( 'NONE',  ( 19.14502818090561576, -2.650060844301350471, 25.72165618842414858 ) ) ;
#2817 = ORIENTED_EDGE ( 'NONE', *, *, #3216, .F. ) ;
#2819 = VERTEX_POINT ( 'NONE', #4697 ) ;
#2818 = DIRECTION ( 'NONE',  ( 0.000000000000000000, 0.000000000000000000, -1.000000000000000000 ) ) ;
#2820 = ADVANCED_FACE ( 'NONE', ( #608 ), #3985, .T. ) ;
#2821 = DIRECTION ( 'NONE',  ( -0.3420201433256684909, -0.000000000000000000, 0.9396926207859085389 ) ) ;
#2822 = DIRECTION ( 'NONE',  ( -0.6427876096865237088, 0.000000000000000000, 0.7660444431189912251 ) ) ;
#2823 = LINE ( 'NONE', #181, #2842 ) ;
#2824 = VERTEX_POINT ( 'NONE', #1035 ) ;
#2825 = ORIENTED_EDGE ( 'NONE', *, *, #566, .T. ) ;
#2826 = EDGE_CURVE ( 'NONE', #4496, #1585, #2103, .T. ) ;
#2827 = DIRECTION ( 'NONE',  ( 0.8191520442893338583, 0.000000000000000000, -0.5735764363505577723 ) ) ;
#2828 = VECTOR ( 'NONE', #1821, 1000.000000000000114 ) ;
#2829 = CARTESIAN_POINT ( 'NONE',  ( 4.972349239468749182, -3.000000000000000000, -16.03815802711460137 ) ) ;
#2830 = VECTOR ( 'NONE', #117, 1000.000000000000000 ) ;
#2831 = ORIENTED_EDGE ( 'NONE', *, *, #3387, .T. ) ;
#2832 = CARTESIAN_POINT ( 'NONE',  ( 11.11897577065619558, -3.000000000000000000, 12.21427245106182724 ) ) ;
#2833 = CARTESIAN_POINT ( 'NONE',  ( 16.07282071980216287, -2.500000000000000000, 0.9150920754745588415 ) ) ;
#2834 = EDGE_CURVE ( 'NONE', #1568, #2269, #377, .T. ) ;
#2835 = DIRECTION ( 'NONE',  ( 0.6427876096865573485, 0.000000000000000000, 0.7660444431189629144 ) ) ;
#2836 = FACE_OUTER_BOUND ( 'NONE', #3528, .T. ) ;
#2837 = AXIS2_PLACEMENT_3D ( 'NONE', #507, #852, #925 ) ;
#2838 = CARTESIAN_POINT ( 'NONE',  ( -23.32786525393755639, -2.500000000000000000, 3.077596902476492868 ) ) ;
#2839 = ORIENTED_EDGE ( 'NONE', *, *, #4242, .F. ) ;
#2840 = CIRCLE ( 'NONE', #3072, 25.02749999999999631 ) ;
#2841 = CARTESIAN_POINT ( 'NONE',  ( 15.88366730573130603, -2.790188110906355323, 17.47684665554934469 ) ) ;
#2842 = VECTOR ( 'NONE', #1736, 1000.000000000000114 ) ;
#2843 = VECTOR ( 'NONE', #1001, 999.9999999999998863 ) ;
#2844 = AXIS2_PLACEMENT_3D ( 'NONE', #3603, #1791, #4682 ) ;
#2845 = CARTESIAN_POINT ( 'NONE',  ( 19.12613749183848810, -2.500000000000000000, 25.73369080688133081 ) ) ;
#2846 = ORIENTED_EDGE ( 'NONE', *, *, #4291, .F. ) ;
#2847 = AXIS2_PLACEMENT_3D ( 'NONE', #385, #1104, #4428 ) ;
#2849 = ORIENTED_EDGE ( 'NONE', *, *, #3657, .F. ) ;
#2848 = CARTESIAN_POINT ( 'NONE',  ( 22.97362297149689070, -2.500000000000000000, 5.086604718622285581 ) ) ;
#2850 = DIRECTION ( 'NONE',  ( -0.000000000000000000, 1.000000000000000000, -0.000000000000000000 ) ) ;
#2851 = DIRECTION ( 'NONE',  ( 0.9961946980917285588, 0.000000000000000000, -0.08715574274785159448 ) ) ;
#2852 = LINE ( 'NONE', #1690, #2455 ) ;
#2853 = VERTEX_POINT ( 'NONE', #982 ) ;
#2854 = ORIENTED_EDGE ( 'NONE', *, *, #123, .T. ) ;
#2855 = ORIENTED_EDGE ( 'NONE', *, *, #2036, .F. ) ;
#2856 = CARTESIAN_POINT ( 'NONE',  ( -7.193559528885804966, -2.790188110906353991, -22.49408271979810792 ) ) ;
#2857 = EDGE_CURVE ( 'NONE', #2487, #1633, #3151, .T. ) ;
#2858 = DIRECTION ( 'NONE',  ( 0.000000000000000000, 0.000000000000000000, 1.000000000000000000 ) ) ;
#2859 = LINE ( 'NONE', #308, #753 ) ;
#2860 = CARTESIAN_POINT ( 'NONE',  ( 12.58578968524853003, -2.833366653769194610, -29.50094583045472874 ) ) ;
#2861 = FACE_OUTER_BOUND ( 'NONE', #486, .T. ) ;
#2862 = CARTESIAN_POINT ( 'NONE',  ( 15.29263558886092866, -2.500000000000000000, 19.81189170665698640 ) ) ;
#2863 = ADVANCED_FACE ( 'NONE', ( #1363 ), #1290, .T. ) ;
#2864 = EDGE_CURVE ( 'NONE', #457, #4545, #4594, .T. ) ;
#2865 = CARTESIAN_POINT ( 'NONE',  ( 24.36764470067044996, -3.000000000000001776, 3.654496544137654013 ) ) ;
#2866 = ORIENTED_EDGE ( 'NONE', *, *, #3158, .T. ) ;
#2867 = CARTESIAN_POINT ( 'NONE',  ( 0.000000000000000000, 3.265000000000000124, 0.000000000000000000 ) ) ;
#2868 = CARTESIAN_POINT ( 'NONE',  ( -23.45904137796366129, -1.948217292514304422, -12.36628930534626747 ) ) ;
#2869 = ORIENTED_EDGE ( 'NONE', *, *, #4503, .T. ) ;
#2871 = CARTESIAN_POINT ( 'NONE',  ( -21.14644285628553888, -0.9761472547094224295, -13.38669902462328309 ) ) ;
#2870 = DIRECTION ( 'NONE',  ( 0.9848077530122122392, 0.000000000000000000, 0.1736481776669060451 ) ) ;
#2872 = LINE ( 'NONE', #4650, #1905 ) ;
#2873 = CARTESIAN_POINT ( 'NONE',  ( 8.998655526814701489, -2.581508752381810101, -21.74132237720895944 ) ) ;
#2874 = CARTESIAN_POINT ( 'NONE',  ( 7.243917375738558206, -3.000000000000000000, -14.37701709155918550 ) ) ;
#2875 = ORIENTED_EDGE ( 'NONE', *, *, #3593, .F. ) ;
#2876 = ORIENTED_EDGE ( 'NONE', *, *, #396, .F. ) ;
#2877 = FACE_OUTER_BOUND ( 'NONE', #2425, .T. ) ;
#2878 = FACE_OUTER_BOUND ( 'NONE', #611, .T. ) ;
#2879 = ORIENTED_EDGE ( 'NONE', *, *, #2328, .T. ) ;
#2880 = ORIENTED_EDGE ( 'NONE', *, *, #866, .F. ) ;
#2881 = CARTESIAN_POINT ( 'NONE',  ( 22.97362297149689425, -2.581508752381809657, 5.086604718622282917 ) ) ;
#2882 = CARTESIAN_POINT ( 'NONE',  ( -6.724046161570257141, -2.500000000000000000, -15.49188450811626794 ) ) ;
#2883 = DIRECTION ( 'NONE',  ( -0.000000000000000000, 1.000000000000000000, -0.000000000000000000 ) ) ;
#2884 = EDGE_CURVE ( 'NONE', #4449, #3879, #147, .T. ) ;
#2885 = CARTESIAN_POINT ( 'NONE',  ( -9.691120861856122204, -3.000000000000000000, -29.60841622532391781 ) ) ;
#2886 = B_SPLINE_CURVE_WITH_KNOTS ( 'NONE', 3,
 ( #2905, #4372, #3554, #4019, #1719, #236, #1359, #2932 ),
 .UNSPECIFIED., .F., .F.,
 ( 4, 2, 2, 4 ),
 ( 0.000000000000000000, 0.0004478229640554521771, 0.0006717344460831782115, 0.0008956459281109043543 ),
 .UNSPECIFIED. ) ;
#2887 = CARTESIAN_POINT ( 'NONE',  ( -15.41649094842271239, -2.500000000000000000, 4.637323175571033573 ) ) ;
#2888 = ORIENTED_EDGE ( 'NONE', *, *, #2146, .T. ) ;
#2889 = EDGE_CURVE ( 'NONE', #3966, #4713, #2122, .T. ) ;
#2890 = ADVANCED_FACE ( 'NONE', ( #4207 ), #1994, .T. ) ;
#2891 = FACE_OUTER_BOUND ( 'NONE', #3393, .T. ) ;
#2892 = EDGE_CURVE ( 'NONE', #2127, #3524, #4078, .T. ) ;
#2893 = CARTESIAN_POINT ( 'NONE',  ( 30.88996276406351882, -3.000000000000000000, 4.621300461378149649 ) ) ;
#2894 = ORIENTED_EDGE ( 'NONE', *, *, #2680, .T. ) ;
#2896 = CARTESIAN_POINT ( 'NONE',  ( 1.020000000004275487, 3.265000000000000124, 25.00670622553059985 ) ) ;
#2895 = CARTESIAN_POINT ( 'NONE',  ( 0.000000000000000000, -3.000000000000000000, 0.000000000000000000 ) ) ;
#2897 = ADVANCED_FACE ( 'NONE', ( #3883 ), #1269, .F. ) ;
#2898 = FACE_OUTER_BOUND ( 'NONE', #4315, .T. ) ;
#2899 = CARTESIAN_POINT ( 'NONE',  ( 7.594310774156530108, 3.265000000000000124, -23.84747785648474050 ) ) ;
#2900 = ORIENTED_EDGE ( 'NONE', *, *, #1619, .T. ) ;
#2901 = VERTEX_POINT ( 'NONE', #2017 ) ;
#2902 = PLANE ( 'NONE',  #3691 ) ;
#2903 = DIRECTION ( 'NONE',  ( -0.1736481776669060728, 0.000000000000000000, 0.9848077530122123502 ) ) ;
#2904 = ORIENTED_EDGE ( 'NONE', *, *, #2803, .F. ) ;
#2905 = CARTESIAN_POINT ( 'NONE',  ( -31.37141457813785195, -3.000000000000000000, 6.802515648107203994 ) ) ;
#2906 = DIRECTION ( 'NONE',  ( 0.4226182617401404995, 0.000000000000000000, 0.9063077870369106170 ) ) ;
#2907 = DIRECTION ( 'NONE',  ( -0.9848077530122071321, -0.000000000000000000, -0.1736481776669362154 ) ) ;
#2908 = AXIS2_PLACEMENT_3D ( 'NONE', #2091, #3174, #4663 ) ;
#2909 = AXIS2_PLACEMENT_3D ( 'NONE', #2643, #2266, #16 ) ;
#2910 = DIRECTION ( 'NONE',  ( 0.5735764363512142472, 0.000000000000000000, 0.8191520442888741149 ) ) ;
#2911 = ORIENTED_EDGE ( 'NONE', *, *, #1946, .F. ) ;
#2912 = CARTESIAN_POINT ( 'NONE',  ( 20.86842270412794775, 3.265000000000000124, -10.87059491664726174 ) ) ;
#2913 = AXIS2_PLACEMENT_3D ( 'NONE', #3763, #2246, #1558 ) ;
#2914 = EDGE_CURVE ( 'NONE', #2178, #4734, #558, .T. ) ;
#2915 = EDGE_CURVE ( 'NONE', #4367, #2334, #1716, .T. ) ;
#2916 = CARTESIAN_POINT ( 'NONE',  ( -15.29263558886042063, -2.500000000000000000, 19.81189170665737365 ) ) ;
#2917 = VECTOR ( 'NONE', #162, 1000.000000000000000 ) ;
#2918 = VERTEX_POINT ( 'NONE', #2424 ) ;
#2920 = DIRECTION ( 'NONE',  ( -0.000000000000000000, 1.000000000000000000, -0.000000000000000000 ) ) ;
#2919 = DIRECTION ( 'NONE',  ( 0.000000000000000000, -1.000000000000000000, 0.000000000000000000 ) ) ;
#2921 = AXIS2_PLACEMENT_3D ( 'NONE', #2109, #3576, #2858 ) ;
#2922 = CYLINDRICAL_SURFACE ( 'NONE', #860, 0.5000000000000001110 ) ;
#2923 = EDGE_CURVE ( 'NONE', #552, #2677, #3907, .T. ) ;
#2924 = EDGE_CURVE ( 'NONE', #3667, #201, #3501, .T. ) ;
#2925 = CYLINDRICAL_SURFACE ( 'NONE', #671, 0.5000000000000001110 ) ;
#2926 = EDGE_LOOP ( 'NONE', ( #4548, #151, #863, #2199 ) ) ;
#2927 = ORIENTED_EDGE ( 'NONE', *, *, #1026, .F. ) ;
#2928 = DIRECTION ( 'NONE',  ( -0.3420201433256418455, 0.000000000000000000, 0.9396926207859183089 ) ) ;
#2929 = DIRECTION ( 'NONE',  ( -0.6427876096865391409, 0.000000000000000000, 0.7660444431189782355 ) ) ;
#2930 = ORIENTED_EDGE ( 'NONE', *, *, #160, .T. ) ;
#2931 = ORIENTED_EDGE ( 'NONE', *, *, #2834, .F. ) ;
#2932 = CARTESIAN_POINT ( 'NONE',  ( -31.19276894612026751, -2.500000000000000000, 7.419106642638173099 ) ) ;
#2933 = DIRECTION ( 'NONE',  ( 0.3420201433256698231, 0.000000000000000000, 0.9396926207859079838 ) ) ;
#2934 = DIRECTION ( 'NONE',  ( 0.8191520442888694520, 0.000000000000000000, -0.5735764363512210195 ) ) ;
#2935 = CARTESIAN_POINT ( 'NONE',  ( 24.44967702698105683, 3.265000000000000124, 5.346872873588295327 ) ) ;
#2936 = CARTESIAN_POINT ( 'NONE',  ( 24.80391930942181844, -2.579909940079745390, 3.337865057441846695 ) ) ;
#2937 = ORIENTED_EDGE ( 'NONE', *, *, #3948, .T. ) ;
#2938 = AXIS2_PLACEMENT_3D ( 'NONE', #4215, #3493, #1227 ) ;
#2939 = CARTESIAN_POINT ( 'NONE',  ( 10.05434245573841068, -2.500000000000000000, 13.56913704619687699 ) ) ;
#2940 = ORIENTED_EDGE ( 'NONE', *, *, #4563, .F. ) ;
#2941 = ORIENTED_EDGE ( 'NONE', *, *, #695, .T. ) ;
#2943 = CARTESIAN_POINT ( 'NONE',  ( -11.10092522531329173, -3.000000000000000000, 12.42059112841879376 ) ) ;
#2942 = CARTESIAN_POINT ( 'NONE',  ( -16.85536625282397338, 3.265000000000000124, 18.50060498289616362 ) ) ;
#2944 = CARTESIAN_POINT ( 'NONE',  ( -16.30701005988716545, -3.000000000000000000, 3.403387686423853253 ) ) ;
#2945 = EDGE_CURVE ( 'NONE', #1310, #2649, #1699, .T. ) ;
#2946 = B_SPLINE_CURVE_WITH_KNOTS ( 'NONE', 3,
 ( #1498, #4515, #843, #111, #1238, #2711, #3435, #3753 ),
 .UNSPECIFIED., .F., .F.,
 ( 4, 2, 2, 4 ),
 ( 0.000000000000000000, 0.0002402254661766121220, 0.0004804509323532242440, 0.0009609018647064423079 ),
 .UNSPECIFIED. ) ;
#2947 = CARTESIAN_POINT ( 'NONE',  ( -6.724046161570257141, 3.265000000000000124, -15.49188450811626794 ) ) ;
#2948 = ORIENTED_EDGE ( 'NONE', *, *, #2440, .F. ) ;
#2950 = ORIENTED_EDGE ( 'NONE', *, *, #4731, .F. ) ;
#2949 = CARTESIAN_POINT ( 'NONE',  ( -8.828903344063828484, 3.265000000000000124, 13.46192501608416947 ) ) ;
#2951 = DIRECTION ( 'NONE',  ( -0.4226182617401657016, 0.000000000000000000, 0.9063077870368988487 ) ) ;
#2952 = AXIS2_PLACEMENT_3D ( 'NONE', #3059, #3426, #2625 ) ;
#2953 = ADVANCED_FACE ( 'NONE', ( #2475 ), #504, .T. ) ;
#2954 = EDGE_CURVE ( 'NONE', #2470, #3140, #433, .T. ) ;
#2955 = EDGE_CURVE ( 'NONE', #3255, #3434, #1046, .T. ) ;
#2956 = CARTESIAN_POINT ( 'NONE',  ( 30.48720104788194618, -2.500000000000000000, 6.411451255148618245 ) ) ;
#2957 = ORIENTED_EDGE ( 'NONE', *, *, #2418, .F. ) ;
#2958 = ORIENTED_EDGE ( 'NONE', *, *, #1576, .T. ) ;
#2959 = DIRECTION ( 'NONE',  ( 0.5735764363506908881, 0.000000000000000000, -0.8191520442892404885 ) ) ;
#2960 = CARTESIAN_POINT ( 'NONE',  ( 11.20908218885301011, -3.000000000000000000, -29.27632191860117317 ) ) ;
#2961 = LINE ( 'NONE', #2499, #1112 ) ;
#2962 = ORIENTED_EDGE ( 'NONE', *, *, #3695, .T. ) ;
#2963 = DIRECTION ( 'NONE',  ( -0.000000000000000000, 1.000000000000000000, -0.000000000000000000 ) ) ;
#2964 = ORIENTED_EDGE ( 'NONE', *, *, #2924, .F. ) ;
#2965 = VERTEX_POINT ( 'NONE', #4775 ) ;
#2967 = DIRECTION ( 'NONE',  ( 0.000000000000000000, 0.000000000000000000, -1.000000000000000000 ) ) ;
#2966 = CARTESIAN_POINT ( 'NONE',  ( -16.73872106973924545, -2.787165718555743243, 18.49271076055510576 ) ) ;
#2968 = CARTESIAN_POINT ( 'NONE',  ( -4.056871809506609416, -2.926524577312472619, -15.58381920123282605 ) ) ;
#2969 = DIRECTION ( 'NONE',  ( -0.000000000000000000, 1.000000000000000000, -0.000000000000000000 ) ) ;
#2970 = EDGE_CURVE ( 'NONE', #1468, #3128, #3614, .T. ) ;
#2971 = VERTEX_POINT ( 'NONE', #4023 ) ;
#2973 = ORIENTED_EDGE ( 'NONE', *, *, #934, .T. ) ;
#2972 = DIRECTION ( 'NONE',  ( 0.000000000000000000, 0.000000000000000000, 1.000000000000000000 ) ) ;
#2974 = DIRECTION ( 'NONE',  ( 0.000000000000000000, 0.000000000000000000, 1.000000000000000000 ) ) ;
#2975 = CARTESIAN_POINT ( 'NONE',  ( -9.503174373376753081, -2.961507457126711262, -30.64565040529461015 ) ) ;
#2976 = LINE ( 'NONE', #2956, #1448 ) ;
#2977 = ORIENTED_EDGE ( 'NONE', *, *, #846, .F. ) ;
#2978 = ADVANCED_FACE ( 'NONE', ( #4376 ), #2114, .F. ) ;
#2979 = CYLINDRICAL_SURFACE ( 'NONE', #3774, 0.5000000000000001110 ) ;
#2980 = DIRECTION ( 'NONE',  ( -0.9063077870365631172, 0.000000000000000000, 0.4226182617408856812 ) ) ;
#2981 = ADVANCED_FACE ( 'NONE', ( #4733 ), #1478, .T. ) ;
#2982 = CARTESIAN_POINT ( 'NONE',  ( -31.19276894612026751, -2.500000000000000000, 7.419106642638173099 ) ) ;
#2983 = ORIENTED_EDGE ( 'NONE', *, *, #2801, .T. ) ;
#2984 = CARTESIAN_POINT ( 'NONE',  ( 8.705459673506920737, -3.000000000000000000, -22.39767559084970117 ) ) ;
#2985 = VECTOR ( 'NONE', #3748, 1000.000000000000114 ) ;
#2986 = ORIENTED_EDGE ( 'NONE', *, *, #1947, .F. ) ;
#2987 = ORIENTED_EDGE ( 'NONE', *, *, #4597, .T. ) ;
#2989 = CARTESIAN_POINT ( 'NONE',  ( 24.35066379023196248, -2.840063043677879762, 5.199483378697990155 ) ) ;
#2988 = CARTESIAN_POINT ( 'NONE',  ( 22.97362297149689070, 3.265000000000000124, 5.086604718622284693 ) ) ;
#2990 = CARTESIAN_POINT ( 'NONE',  ( -15.41649094842271239, 3.265000000000000124, 4.637323175571033573 ) ) ;
#2991 = CARTESIAN_POINT ( 'NONE',  ( -15.04422621064400367, -3.000000000000000000, 18.73798702430364926 ) ) ;
#2992 = EDGE_LOOP ( 'NONE', ( #2458, #763, #2356, #3596 ) ) ;
#2993 = CIRCLE ( 'NONE', #4219, 24.52749999999999631 ) ;
#2995 = ORIENTED_EDGE ( 'NONE', *, *, #2715, .F. ) ;
#2994 = FACE_OUTER_BOUND ( 'NONE', #4554, .T. ) ;
#2996 = DIRECTION ( 'NONE',  ( -0.000000000000000000, -1.000000000000000000, -0.000000000000000000 ) ) ;
#2997 = VECTOR ( 'NONE', #4225, 1000.000000000000000 ) ;
#2998 = DIRECTION ( 'NONE',  ( 0.8660254037844367092, 0.000000000000000000, 0.5000000000000034417 ) ) ;
#2999 = VECTOR ( 'NONE', #2522, 1000.000000000000000 ) ;
#3000 = CARTESIAN_POINT ( 'NONE',  ( 16.69156452847498429, -2.500000000000000000, 2.415151338425005179 ) ) ;
#3001 = VERTEX_POINT ( 'NONE', #3609 ) ;
#3002 = ORIENTED_EDGE ( 'NONE', *, *, #3443, .F. ) ;
#3003 = AXIS2_PLACEMENT_3D ( 'NONE', #747, #4397, #797 ) ;
#3004 = CARTESIAN_POINT ( 'NONE',  ( 23.34541050444314436, -2.659497393407474597, 3.101514595123407325 ) ) ;
#3005 = EDGE_CURVE ( 'NONE', #3706, #1228, #3634, .T. ) ;
#3006 = LINE ( 'NONE', #2208, #990 ) ;
#3007 = CARTESIAN_POINT ( 'NONE',  ( 9.691120861856093782, -2.500000000000000000, -29.60841622532396400 ) ) ;
#3008 = ORIENTED_EDGE ( 'NONE', *, *, #4525, .F. ) ;
#3009 = DIRECTION ( 'NONE',  ( -0.000000000000000000, -1.000000000000000000, -0.000000000000000000 ) ) ;
#3010 = EDGE_CURVE ( 'NONE', #3872, #882, #4421, .T. ) ;
#3011 = AXIS2_PLACEMENT_3D ( 'NONE', #672, #4730, #4044 ) ;
#3012 = EDGE_CURVE ( 'NONE', #2556, #3922, #3976, .T. ) ;
#3013 = ORIENTED_EDGE ( 'NONE', *, *, #3012, .T. ) ;
#3015 = CARTESIAN_POINT ( 'NONE',  ( 16.03297898116631970, -3.000000000000000000, 1.534834376847521220 ) ) ;
#3014 = LINE ( 'NONE', #366, #4370 ) ;
#3016 = CARTESIAN_POINT ( 'NONE',  ( 3.903514929479675821, -2.500000000000000000, -15.21658049281447944 ) ) ;
#3017 = DIRECTION ( 'NONE',  ( 0.4999999999999928946, -0.000000000000000000, 0.8660254037844428154 ) ) ;
#3018 = ORIENTED_EDGE ( 'NONE', *, *, #4677, .F. ) ;
#3020 = VERTEX_POINT ( 'NONE', #332 ) ;
#3019 = CYLINDRICAL_SURFACE ( 'NONE', #922, 0.4999999999999994449 ) ;
#3021 = LINE ( 'NONE', #55, #1870 ) ;
#3022 = CARTESIAN_POINT ( 'NONE',  ( -9.648709660477543082, -3.000000000000002665, -30.60904616290987690 ) ) ;
#3023 = CARTESIAN_POINT ( 'NONE',  ( -7.594310774156573629, 3.265000000000000124, -23.84747785648472274 ) ) ;
#3024 = ORIENTED_EDGE ( 'NONE', *, *, #3040, .F. ) ;
#3025 = ORIENTED_EDGE ( 'NONE', *, *, #4305, .F. ) ;
#3026 = DIRECTION ( 'NONE',  ( -0.7660444431189717962, 0.000000000000000000, -0.6427876096865466904 ) ) ;
#3027 = CIRCLE ( 'NONE', #2406, 14.57731163100804928 ) ;
#3028 = DIRECTION ( 'NONE',  ( -0.000000000000000000, 1.000000000000000000, -0.000000000000000000 ) ) ;
#3029 = CARTESIAN_POINT ( 'NONE',  ( 9.691120861856095559, -2.792893218813452094, -29.60841622532397110 ) ) ;
#3030 = EDGE_CURVE ( 'NONE', #728, #3231, #2961, .T. ) ;
#3031 = VERTEX_POINT ( 'NONE', #4712 ) ;
#3032 = CARTESIAN_POINT ( 'NONE',  ( 22.54761237822867770, -1.262797336226633371, -11.84007552700973953 ) ) ;
#3033 = B_SPLINE_CURVE_WITH_KNOTS ( 'NONE', 3,
 ( #979, #2508, #3937, #1731, #3569, #2121, #2142, #562 ),
 .UNSPECIFIED., .F., .F.,
 ( 4, 2, 2, 4 ),
 ( 0.000000000000000000, 0.0004478229640555163619, 0.0006717344460832744887, 0.0008956459281110327238 ),
 .UNSPECIFIED. ) ;
#3034 = ORIENTED_EDGE ( 'NONE', *, *, #999, .T. ) ;
#3035 = ADVANCED_FACE ( 'NONE', ( #4047 ), #4353, .T. ) ;
#3037 = DIRECTION ( 'NONE',  ( 0.3420201433256677137, 0.000000000000000000, 0.9396926207859088720 ) ) ;
#3036 = CARTESIAN_POINT ( 'NONE',  ( -8.828903344063828484, -2.500000000000000000, 13.46192501608416947 ) ) ;
#3038 = CARTESIAN_POINT ( 'NONE',  ( 12.50178425574276808, -3.000000000000000000, 17.85439826558164000 ) ) ;
#3039 = PLANE ( 'NONE',  #4487 ) ;
#3040 = EDGE_CURVE ( 'NONE', #2195, #2083, #2190, .T. ) ;
#3041 = ORIENTED_EDGE ( 'NONE', *, *, #999, .F. ) ;
#3042 = EDGE_CURVE ( 'NONE', #415, #4572, #623, .T. ) ;
#3044 = ORIENTED_EDGE ( 'NONE', *, *, #4626, .T. ) ;
#3043 = CARTESIAN_POINT ( 'NONE',  ( -19.53574231001348593, -3.000000000000000444, 25.46303423778075370 ) ) ;
#3045 = CARTESIAN_POINT ( 'NONE',  ( 3.692205798609079270, -3.000000000000000000, -15.66973438633268856 ) ) ;
#3046 = CARTESIAN_POINT ( 'NONE',  ( 7.645796768608407845, -2.787165718555741023, -23.74251305353374164 ) ) ;
#3047 = ORIENTED_EDGE ( 'NONE', *, *, #362, .T. ) ;
#3048 = ORIENTED_EDGE ( 'NONE', *, *, #4205, .T. ) ;
#3049 = DIRECTION ( 'NONE',  ( -0.000000000000000000, 1.000000000000000000, -0.000000000000000000 ) ) ;
#3050 = DIRECTION ( 'NONE',  ( -0.9063077870364198985, 0.000000000000000000, 0.4226182617411926024 ) ) ;
#3051 = ORIENTED_EDGE ( 'NONE', *, *, #1950, .T. ) ;
#3052 = CARTESIAN_POINT ( 'NONE',  ( -6.963911218291616301, -3.000000000000000000, 9.945495925541417037 ) ) ;
#3053 = ORIENTED_EDGE ( 'NONE', *, *, #1383, .T. ) ;
#3054 = EDGE_LOOP ( 'NONE', ( #3191, #1339, #625, #3840 ) ) ;
#3055 = CARTESIAN_POINT ( 'NONE',  ( 16.06143776225719932, -2.848831634978305605, 1.136973119051433834 ) ) ;
#3056 = CARTESIAN_POINT ( 'NONE',  ( -23.34541050444305910, -2.659497393407476817, 3.101514595124054363 ) ) ;
#3057 = EDGE_CURVE ( 'NONE', #4607, #2603, #1196, .T. ) ;
#3058 = VECTOR ( 'NONE', #727, 1000.000000000000000 ) ;
#3059 = CARTESIAN_POINT ( 'NONE',  ( -14.32920972712166652, 3.265000000000000124, 18.66372547473203625 ) ) ;
#3060 = ORIENTED_EDGE ( 'NONE', *, *, #4684, .F. ) ;
#3061 = CARTESIAN_POINT ( 'NONE',  ( -21.14644285628553888, 3.265000000000000124, -13.38669902462328487 ) ) ;
#3063 = VERTEX_POINT ( 'NONE', #2210 ) ;
#3062 = DIRECTION ( 'NONE',  ( -0.000000000000000000, 1.000000000000000000, -0.000000000000000000 ) ) ;
#3064 = CARTESIAN_POINT ( 'NONE',  ( 11.61707311970207712, -3.000000000000000000, 12.25785032243555506 ) ) ;
#3065 = CARTESIAN_POINT ( 'NONE',  ( 24.80391930942181489, -2.500000000000000000, 3.337865057441846250 ) ) ;
#3066 = EDGE_CURVE ( 'NONE', #3140, #3864, #115, .T. ) ;
#3067 = VECTOR ( 'NONE', #1580, 1000.000000000000000 ) ;
#3068 = CIRCLE ( 'NONE', #1065, 14.57731163100814697 ) ;
#3069 = CARTESIAN_POINT ( 'NONE',  ( -6.183365160192210830, -3.000000000000000000, -15.46827786578351471 ) ) ;
#3070 = VERTEX_POINT ( 'NONE', #66 ) ;
#3071 = ORIENTED_EDGE ( 'NONE', *, *, #1266, .T. ) ;
#3072 = AXIS2_PLACEMENT_3D ( 'NONE', #1281, #2395, #3898 ) ;
#3073 = PLANE ( 'NONE',  #3457 ) ;
#3074 = AXIS2_PLACEMENT_3D ( 'NONE', #585, #2822, #1254 ) ;
#3075 = AXIS2_PLACEMENT_3D ( 'NONE', #3923, #617, #3945 ) ;
#3076 = CARTESIAN_POINT ( 'NONE',  ( -9.171249647149551265, 3.265000000000000124, -30.72328364303758264 ) ) ;
#3077 = DIRECTION ( 'NONE',  ( -0.000000000000000000, 1.000000000000000000, -0.000000000000000000 ) ) ;
#3078 = ORIENTED_EDGE ( 'NONE', *, *, #541, .T. ) ;
#3079 = CARTESIAN_POINT ( 'NONE',  ( -15.31152741115019644, -2.840064749884389617, 19.63533823352709007 ) ) ;
#3080 = CIRCLE ( 'NONE', #2464, 14.64608244481026667 ) ;
#3081 = VERTEX_POINT ( 'NONE', #749 ) ;
#3082 = CARTESIAN_POINT ( 'NONE',  ( 16.16077264764568966, -3.000000000000000000, 18.45068247196039124 ) ) ;
#3083 = LINE ( 'NONE', #4553, #4714 ) ;
#3084 = EDGE_LOOP ( 'NONE', ( #383, #1098, #1920, #4346 ) ) ;
#3085 = CARTESIAN_POINT ( 'NONE',  ( 4.807073215165557301, -3.000000000000000000, -16.18960560050119213 ) ) ;
#3087 = VERTEX_POINT ( 'NONE', #1166 ) ;
#3086 = CARTESIAN_POINT ( 'NONE',  ( -9.163797275283588561, -2.963709313982506810, -22.99530442492876858 ) ) ;
#3088 = ADVANCED_FACE ( 'NONE', ( #4547 ), #2236, .T. ) ;
#3089 = CARTESIAN_POINT ( 'NONE',  ( 0.000000000000000000, -2.500000000000000000, 0.000000000000000000 ) ) ;
#3090 = CARTESIAN_POINT ( 'NONE',  ( 0.9855541338458263523, 3.265000000000000124, 1.174537679710378146 ) ) ;
#3091 = ORIENTED_EDGE ( 'NONE', *, *, #4149, .T. ) ;
#3092 = ORIENTED_EDGE ( 'NONE', *, *, #1237, .T. ) ;
#3093 = EDGE_CURVE ( 'NONE', #729, #1482, #4537, .T. ) ;
#3094 = ADVANCED_FACE ( 'NONE', ( #2662 ), #3806, .F. ) ;
#3095 = DIRECTION ( 'NONE',  ( 0.000000000000000000, -1.000000000000000000, 0.000000000000000000 ) ) ;
#3096 = EDGE_CURVE ( 'NONE', #465, #1172, #1063, .T. ) ;
#3097 = CARTESIAN_POINT ( 'NONE',  ( 0.000000000000000000, -2.500000000000000000, 0.000000000000000000 ) ) ;
#3098 = DIRECTION ( 'NONE',  ( -0.000000000000000000, 1.000000000000000000, -0.000000000000000000 ) ) ;
#3099 = CARTESIAN_POINT ( 'NONE',  ( -14.88466075374358688, -3.000000000000000000, 18.72227996229808866 ) ) ;
#3100 = ORIENTED_EDGE ( 'NONE', *, *, #3535, .F. ) ;
#3101 = CARTESIAN_POINT ( 'NONE',  ( 21.51036255179759848, -0.9942063823211492180, -12.81182936995592492 ) ) ;
#3102 = VECTOR ( 'NONE', #412, 1000.000000000000114 ) ;
#3103 = VECTOR ( 'NONE', #2850, 1000.000000000000000 ) ;
#3104 = DIRECTION ( 'NONE',  ( 0.3420201433256673251, 0.000000000000000000, -0.9396926207859088720 ) ) ;
#3105 = VERTEX_POINT ( 'NONE', #2982 ) ;
#3106 = FACE_OUTER_BOUND ( 'NONE', #1802, .T. ) ;
#3107 = LINE ( 'NONE', #4145, #3881 ) ;
#3108 = VERTEX_POINT ( 'NONE', #1940 ) ;
#3110 = EDGE_LOOP ( 'NONE', ( #4401, #501, #4693, #779, #338, #4426 ) ) ;
#3109 = DIRECTION ( 'NONE',  ( -0.4226182617401404995, -0.000000000000000000, -0.9063077870369106170 ) ) ;
#3111 = CARTESIAN_POINT ( 'NONE',  ( -22.02151929897088678, 3.265000000000000124, 23.30417700039917506 ) ) ;
#3112 = PRODUCT_RELATED_PRODUCT_CATEGORY ( 'part', '', ( #3312 ) ) ;
#3113 = CYLINDRICAL_SURFACE ( 'NONE', #1375, 23.53000000000000114 ) ;
#3114 = VERTEX_POINT ( 'NONE', #4517 ) ;
#3115 = ORIENTED_EDGE ( 'NONE', *, *, #3270, .T. ) ;
#3116 = LINE ( 'NONE', #4247, #4144 ) ;
#3117 = VECTOR ( 'NONE', #3950, 1000.000000000000000 ) ;
#3118 = EDGE_CURVE ( 'NONE', #333, #2556, #1544, .T. ) ;
#3119 = DIRECTION ( 'NONE',  ( -0.7660444431189847858, 0.000000000000000000, 0.6427876096865312583 ) ) ;
#3120 = ORIENTED_EDGE ( 'NONE', *, *, #1148, .F. ) ;
#3121 = CYLINDRICAL_SURFACE ( 'NONE', #3927, 0.4999999999999999445 ) ;
#3122 = CARTESIAN_POINT ( 'NONE',  ( -14.32920972712166652, -2.500000000000000000, 18.66372547473203625 ) ) ;
#3123 = ORIENTED_EDGE ( 'NONE', *, *, #1854, .F. ) ;
#3124 = CARTESIAN_POINT ( 'NONE',  ( 0.9855541338458263523, -3.000000000000000000, 1.174537679710378146 ) ) ;
#3125 = CARTESIAN_POINT ( 'NONE',  ( -21.57685864997098335, -3.000000000000000000, 23.76718415326719125 ) ) ;
#3126 = EDGE_CURVE ( 'NONE', #1864, #729, #1919, .T. ) ;
#3127 = CARTESIAN_POINT ( 'NONE',  ( -24.44967702698092538, -2.579909940079745390, 5.346872873588898400 ) ) ;
#3128 = VERTEX_POINT ( 'NONE', #2307 ) ;
#3129 = CARTESIAN_POINT ( 'NONE',  ( 16.85536625282482603, -2.579909940079744057, 18.50060498289537847 ) ) ;
#3130 = CARTESIAN_POINT ( 'NONE',  ( 21.95357043938770758, -2.779248922266248645, 23.37767695306321158 ) ) ;
#3131 = ORIENTED_EDGE ( 'NONE', *, *, #4364, .T. ) ;
#3133 = VERTEX_POINT ( 'NONE', #3709 ) ;
#3132 = CARTESIAN_POINT ( 'NONE',  ( 30.48720104788194618, 3.265000000000000124, 6.411451255148618245 ) ) ;
#3134 = LINE ( 'NONE', #131, #2329 ) ;
#3135 = CARTESIAN_POINT ( 'NONE',  ( 31.84909871781022872, -3.000000000000000000, 3.696875540764980705 ) ) ;
#3136 = AXIS2_PLACEMENT_3D ( 'NONE', #3252, #947, #620 ) ;
#3137 = CARTESIAN_POINT ( 'NONE',  ( 14.32920972712218166, -2.500000000000000000, 18.66372547473164900 ) ) ;
#3138 = ORIENTED_EDGE ( 'NONE', *, *, #1735, .T. ) ;
#3139 = DIRECTION ( 'NONE',  ( -0.000000000000000000, -1.000000000000000000, -0.000000000000000000 ) ) ;
#3140 = VERTEX_POINT ( 'NONE', #4448 ) ;
#3141 = DIRECTION ( 'NONE',  ( 0.000000000000000000, 0.000000000000000000, 1.000000000000000000 ) ) ;
#3142 = CARTESIAN_POINT ( 'NONE',  ( -15.04422621064400367, -3.000000000000000000, 18.73798702430364926 ) ) ;
#3143 = ORIENTED_EDGE ( 'NONE', *, *, #1586, .F. ) ;
#3144 = VECTOR ( 'NONE', #1605, 1000.000000000000114 ) ;
#3145 = VECTOR ( 'NONE', #1041, 1000.000000000000000 ) ;
#3146 = DIRECTION ( 'NONE',  ( -0.000000000000000000, -1.000000000000000000, -0.000000000000000000 ) ) ;
#3147 = ADVANCED_FACE ( 'NONE', ( #2694 ), #379, .T. ) ;
#3148 = LINE ( 'NONE', #217, #4520 ) ;
#3149 = AXIS2_PLACEMENT_3D ( 'NONE', #3458, #2806, #4268 ) ;
#3150 = VECTOR ( 'NONE', #1328, 1000.000000000000114 ) ;
#3151 = CIRCLE ( 'NONE', #987, 23.52999999999999758 ) ;
#3152 = CARTESIAN_POINT ( 'NONE',  ( 19.23334952206225523, -2.792893218813452094, 24.50825169393582570 ) ) ;
#3153 = CIRCLE ( 'NONE', #828, 14.64608244481071431 ) ;
#3154 = ORIENTED_EDGE ( 'NONE', *, *, #3712, .F. ) ;
#3155 = EDGE_CURVE ( 'NONE', #1835, #1864, #4001, .T. ) ;
#3156 = ADVANCED_FACE ( 'NONE', ( #37 ), #2592, .F. ) ;
#3157 = LINE ( 'NONE', #1996, #41 ) ;
#3158 = EDGE_CURVE ( 'NONE', #1983, #80, #192, .T. ) ;
#3159 = CARTESIAN_POINT ( 'NONE',  ( -24.44967702698092893, 3.265000000000000124, 5.346872873588896624 ) ) ;
#3160 = VERTEX_POINT ( 'NONE', #144 ) ;
#3162 = ORIENTED_EDGE ( 'NONE', *, *, #3900, .T. ) ;
#3161 = CARTESIAN_POINT ( 'NONE',  ( 0.000000000000000000, -2.500000000000000000, 0.000000000000000000 ) ) ;
#3163 = CARTESIAN_POINT ( 'NONE',  ( 16.85536625282482603, -2.500000000000000000, 18.50060498289538202 ) ) ;
#3164 = CARTESIAN_POINT ( 'NONE',  ( 0.000000000000000000, 3.265000000000000124, 0.000000000000000000 ) ) ;
#3165 = AXIS2_PLACEMENT_3D ( 'NONE', #1475, #2934, #697 ) ;
#3166 = DIRECTION ( 'NONE',  ( -0.3420201433256673806, 0.000000000000000000, 0.9396926207859089830 ) ) ;
#3167 = ORIENTED_EDGE ( 'NONE', *, *, #1208, .F. ) ;
#3168 = ORIENTED_EDGE ( 'NONE', *, *, #631, .T. ) ;
#3169 = DIRECTION ( 'NONE',  ( -0.000000000000000000, -1.000000000000000000, -0.000000000000000000 ) ) ;
#3170 = DIRECTION ( 'NONE',  ( -0.08715574274696419321, -0.000000000000000000, -0.9961946980918062744 ) ) ;
#3171 = LINE ( 'NONE', #1695, #3227 ) ;
#3172 = LINE ( 'NONE', #3903, #4423 ) ;
#3173 = CARTESIAN_POINT ( 'NONE',  ( 14.32920972712218166, -2.500000000000000000, 18.66372547473164900 ) ) ;
#3174 = DIRECTION ( 'NONE',  ( 0.9396926207859085389, 0.000000000000000000, 0.3420201433256684909 ) ) ;
#3175 = EDGE_CURVE ( 'NONE', #3494, #1107, #2444, .T. ) ;
#3176 = CARTESIAN_POINT ( 'NONE',  ( -24.23723077790795344, -2.963709313982508586, 5.031485895446259349 ) ) ;
#3177 = ORIENTED_EDGE ( 'NONE', *, *, #3093, .F. ) ;
#3178 = AXIS2_PLACEMENT_3D ( 'NONE', #1906, #2679, #3375 ) ;
#3179 = PLANE ( 'NONE',  #3996 ) ;
#3180 = AXIS2_PLACEMENT_3D ( 'NONE', #1110, #2996, #2630 ) ;
#3181 = EDGE_CURVE ( 'NONE', #4787, #4163, #2371, .T. ) ;
#3182 = CARTESIAN_POINT ( 'NONE',  ( 0.000000000000000000, 3.265000000000000124, 0.000000000000000000 ) ) ;
#3183 = ORIENTED_EDGE ( 'NONE', *, *, #3948, .F. ) ;
#3185 = VERTEX_POINT ( 'NONE', #4615 ) ;
#3184 = LINE ( 'NONE', #1730, #3643 ) ;
#3186 = LINE ( 'NONE', #4363, #2448 ) ;
#3187 = CARTESIAN_POINT ( 'NONE',  ( -6.724046161570254476, -2.792893218813452094, -15.49188450811626971 ) ) ;
#3188 = EDGE_CURVE ( 'NONE', #3194, #949, #1622, .T. ) ;
#3189 = CYLINDRICAL_SURFACE ( 'NONE', #4303, 0.5000000000000002220 ) ;
#3190 = ORIENTED_EDGE ( 'NONE', *, *, #2385, .T. ) ;
#3191 = ORIENTED_EDGE ( 'NONE', *, *, #4071, .F. ) ;
#3192 = CARTESIAN_POINT ( 'NONE',  ( -30.60764791189551914, -3.000000000000001332, 6.222387549897714365 ) ) ;
#3193 = CARTESIAN_POINT ( 'NONE',  ( 4.295614376561237790, -2.999999999999999556, -15.52288081197412239 ) ) ;
#3194 = VERTEX_POINT ( 'NONE', #551 ) ;
#3195 = DIRECTION ( 'NONE',  ( -0.000000000000000000, -1.000000000000000000, -0.000000000000000000 ) ) ;
#3196 =( BOUNDED_CURVE ( )  B_SPLINE_CURVE ( 3, ( #1449, #1839, #3650, #1863 ),
 .UNSPECIFIED., .F., .T. ) 
 B_SPLINE_CURVE_WITH_KNOTS ( ( 4, 4 ),
 ( 0.000000000000000000, 1.570796326794896558 ),
 .UNSPECIFIED. ) 
 CURVE ( )  GEOMETRIC_REPRESENTATION_ITEM ( )  RATIONAL_B_SPLINE_CURVE ( ( 1.000000000000000000, 0.8047378541243649375, 0.8047378541243649375, 1.000000000000000000 ) ) 
 REPRESENTATION_ITEM ( '' )  );
#3197 = DIRECTION ( 'NONE',  ( 0.000000000000000000, 1.000000000000000000, 0.000000000000000000 ) ) ;
#3198 = PLANE ( 'NONE',  #4430 ) ;
#3199 = CARTESIAN_POINT ( 'NONE',  ( 15.33261956036248819, -2.963710827149447002, 19.43372959236206654 ) ) ;
#3200 = CARTESIAN_POINT ( 'NONE',  ( 6.724046161570117697, -2.792893218813452538, -15.49188450811890227 ) ) ;
#3201 = ORIENTED_EDGE ( 'NONE', *, *, #1460, .F. ) ;
#3202 = LINE ( 'NONE', #4666, #2137 ) ;
#3203 = DIRECTION ( 'NONE',  ( -0.000000000000000000, 1.000000000000000000, -0.000000000000000000 ) ) ;
#3204 = VERTEX_POINT ( 'NONE', #528 ) ;
#3206 = CARTESIAN_POINT ( 'NONE',  ( -19.84842270413053456, 3.265000000000000124, -12.63728674036303268 ) ) ;
#3205 = DIRECTION ( 'NONE',  ( 0.000000000000000000, 0.000000000000000000, 1.000000000000000000 ) ) ;
#3207 = CYLINDRICAL_SURFACE ( 'NONE', #1480, 0.5000000000000007772 ) ;
#3208 = EDGE_CURVE ( 'NONE', #1168, #1092, #2575, .T. ) ;
#3209 = EDGE_CURVE ( 'NONE', #1107, #10, #209, .T. ) ;
#3210 = DIRECTION ( 'NONE',  ( -0.000000000000000000, 1.000000000000000000, -0.000000000000000000 ) ) ;
#3211 = CARTESIAN_POINT ( 'NONE',  ( 17.85439826558050314, -3.000000000000000000, -12.50178425576351593 ) ) ;
#3212 = VERTEX_POINT ( 'NONE', #891 ) ;
#3213 = ORIENTED_EDGE ( 'NONE', *, *, #2382, .T. ) ;
#3214 = CARTESIAN_POINT ( 'NONE',  ( -7.108283610341637804, -2.659497393407474597, -22.45216890457748704 ) ) ;
#3215 = AXIS2_PLACEMENT_3D ( 'NONE', #1861, #2273, #56 ) ;
#3216 = EDGE_CURVE ( 'NONE', #2025, #3427, #1191, .T. ) ;
#3217 = EDGE_CURVE ( 'NONE', #1038, #4633, #3464, .T. ) ;
#3218 = LINE ( 'NONE', #942, #2450 ) ;
#3219 = ORIENTED_EDGE ( 'NONE', *, *, #3274, .T. ) ;
#3220 = VECTOR ( 'NONE', #971, 1000.000000000000000 ) ;
#3221 = ORIENTED_EDGE ( 'NONE', *, *, #2242, .T. ) ;
#3222 = DIRECTION ( 'NONE',  ( 0.5735764363516123732, -0.000000000000000000, -0.8191520442885952269 ) ) ;
#3223 = CARTESIAN_POINT ( 'NONE',  ( -15.87938606548336828, -2.842366286027165234, 17.54001734185448669 ) ) ;
#3224 = CARTESIAN_POINT ( 'NONE',  ( -30.84144333032262608, 3.265000000000000124, 4.402443439002778014 ) ) ;
#3225 = DIRECTION ( 'NONE',  ( 0.9961946980917977257, 0.000000000000000000, 0.08715574274706106017 ) ) ;
#3226 = ORIENTED_EDGE ( 'NONE', *, *, #2914, .F. ) ;
#3227 = VECTOR ( 'NONE', #1965, 1000.000000000000114 ) ;
#3228 = CYLINDRICAL_SURFACE ( 'NONE', #2214, 25.02749999999998920 ) ;
#3229 = AXIS2_PLACEMENT_3D ( 'NONE', #3089, #1613, #3914 ) ;
#3230 = CARTESIAN_POINT ( 'NONE',  ( -1.019999999997242668, -0.9782539753336698674, 25.00994098812986266 ) ) ;
#3231 = VERTEX_POINT ( 'NONE', #2398 ) ;
#3232 = CIRCLE ( 'NONE', #50, 23.53000000000000114 ) ;
#3234 = ORIENTED_EDGE ( 'NONE', *, *, #2739, .T. ) ;
#3233 = DIRECTION ( 'NONE',  ( -0.000000000000000000, 1.000000000000000000, -0.000000000000000000 ) ) ;
#3235 = DIRECTION ( 'NONE',  ( -0.9961946980917977257, -0.000000000000000000, -0.08715574274706106017 ) ) ;
#3236 = CARTESIAN_POINT ( 'NONE',  ( 1.509956535253397014, -3.000000000000000000, 0.2662460768645632525 ) ) ;
#3237 = B_SPLINE_CURVE_WITH_KNOTS ( 'NONE', 3,
 ( #4396, #3250, #1793, #2565, #3269, #2133, #1094, #1454 ),
 .UNSPECIFIED., .F., .F.,
 ( 4, 2, 2, 4 ),
 ( -4.472650285583973677E-06, 0.0004674945079885371333, 0.0007034780871255978630, 0.0009394616662626588096 ),
 .UNSPECIFIED. ) ;
#3238 = CARTESIAN_POINT ( 'NONE',  ( -8.998655526815836581, 3.265000000000000124, -21.74132237720848693 ) ) ;
#3239 = EDGE_CURVE ( 'NONE', #4756, #728, #1243, .T. ) ;
#3240 = ORIENTED_EDGE ( 'NONE', *, *, #1582, .T. ) ;
#3241 = EDGE_LOOP ( 'NONE', ( #4214, #3767, #3246, #3858 ) ) ;
#3242 = DIRECTION ( 'NONE',  ( -0.000000000000000000, 1.000000000000000000, -0.000000000000000000 ) ) ;
#3243 = VECTOR ( 'NONE', #1198, 1000.000000000000000 ) ;
#3244 = CARTESIAN_POINT ( 'NONE',  ( -11.17258253940795854, -3.000000000000000000, 11.60154428044696218 ) ) ;
#3245 = EDGE_CURVE ( 'NONE', #2547, #2705, #3924, .T. ) ;
#3246 = ORIENTED_EDGE ( 'NONE', *, *, #2095, .T. ) ;
#3247 = EDGE_CURVE ( 'NONE', #2677, #3160, #2750, .T. ) ;
#3248 = LINE ( 'NONE', #1407, #49 ) ;
#3249 = LINE ( 'NONE', #2882, #1160 ) ;
#3250 = CARTESIAN_POINT ( 'NONE',  ( -7.830373626330034753, -3.000000000000001332, -23.36284875868713584 ) ) ;
#3251 = ADVANCED_FACE ( 'NONE', ( #237 ), #2786, .T. ) ;
#3252 = CARTESIAN_POINT ( 'NONE',  ( 11.60809380826084514, -3.000000000000000000, -28.91069513294267423 ) ) ;
#3253 = EDGE_CURVE ( 'NONE', #1936, #2470, #3172, .T. ) ;
#3254 = DIRECTION ( 'NONE',  ( 0.7256903291925851374, 0.5457393103138248325, 0.4189775069076480118 ) ) ;
#3255 = VERTEX_POINT ( 'NONE', #2736 ) ;
#3256 = DIRECTION ( 'NONE',  ( 0.000000000000000000, 1.000000000000000000, 0.000000000000000000 ) ) ;
#3257 = DIRECTION ( 'NONE',  ( 0.000000000000000000, 0.000000000000000000, 1.000000000000000000 ) ) ;
#3258 = EDGE_LOOP ( 'NONE', ( #4126, #3473, #3322, #2341 ) ) ;
#3260 = ORIENTED_EDGE ( 'NONE', *, *, #2385, .F. ) ;
#3259 = CARTESIAN_POINT ( 'NONE',  ( -31.84909871781260904, 3.265000000000000124, 3.696875540765334645 ) ) ;
#3261 = FACE_OUTER_BOUND ( 'NONE', #4723, .T. ) ;
#3262 = VECTOR ( 'NONE', #2870, 1000.000000000000114 ) ;
#3263 = FACE_OUTER_BOUND ( 'NONE', #3054, .T. ) ;
#3264 = VERTEX_POINT ( 'NONE', #572 ) ;
#3265 = ORIENTED_EDGE ( 'NONE', *, *, #3869, .T. ) ;
#3266 = DIRECTION ( 'NONE',  ( 0.000000000000000000, 0.000000000000000000, 1.000000000000000000 ) ) ;
#3267 = CARTESIAN_POINT ( 'NONE',  ( 11.61707311970207712, -3.000000000000000000, 12.25785032243555506 ) ) ;
#3268 = PLANE ( 'NONE',  #2394 ) ;
#3269 = CARTESIAN_POINT ( 'NONE',  ( -7.645796768608454030, -2.787165718555740579, -23.74251305353373453 ) ) ;
#3270 = EDGE_CURVE ( 'NONE', #882, #3966, #255, .T. ) ;
#3271 = CARTESIAN_POINT ( 'NONE',  ( -9.691120861856122204, -3.000000000000000000, -29.60841622532391781 ) ) ;
#3272 = EDGE_LOOP ( 'NONE', ( #3837, #1419, #3781, #105, #985, #4724 ) ) ;
#3273 = DIRECTION ( 'NONE',  ( 0.000000000000000000, 0.000000000000000000, -1.000000000000000000 ) ) ;
#3274 = EDGE_CURVE ( 'NONE', #4506, #235, #1068, .T. ) ;
#3275 = VECTOR ( 'NONE', #3580, 1000.000000000000000 ) ;
#3276 = DIRECTION ( 'NONE',  ( -0.9961946980917285588, -0.000000000000000000, 0.08715574274785162223 ) ) ;
#3277 = ORIENTED_EDGE ( 'NONE', *, *, #169, .T. ) ;
#3279 = DIRECTION ( 'NONE',  ( -0.000000000000000000, -1.000000000000000000, -0.000000000000000000 ) ) ;
#3278 = DIRECTION ( 'NONE',  ( -0.000000000000000000, 1.000000000000000000, -0.000000000000000000 ) ) ;
#3280 = DIRECTION ( 'NONE',  ( -0.000000000000000000, -1.000000000000000000, -0.000000000000000000 ) ) ;
#3281 = DIRECTION ( 'NONE',  ( -0.9848077530122082424, 0.000000000000000000, 0.1736481776669292487 ) ) ;
#3282 = VERTEX_POINT ( 'NONE', #4683 ) ;
#3283 = ORIENTED_EDGE ( 'NONE', *, *, #306, .T. ) ;
#3284 = FACE_OUTER_BOUND ( 'NONE', #4746, .T. ) ;
#3285 = CARTESIAN_POINT ( 'NONE',  ( 14.32920972712218166, 3.265000000000000124, 18.66372547473164900 ) ) ;
#3286 = CARTESIAN_POINT ( 'NONE',  ( 23.30272386180000055, -2.963980324420348200, 4.865375106485966938 ) ) ;
#3287 = DIRECTION ( 'NONE',  ( -0.4226182617402906017, 0.000000000000000000, -0.9063077870368405620 ) ) ;
#3288 = LINE ( 'NONE', #4751, #746 ) ;
#3289 = CIRCLE ( 'NONE', #974, 24.03000000000000114 ) ;
#3290 = CARTESIAN_POINT ( 'NONE',  ( -10.05434245573797369, -2.500000000000000000, 13.56913704619718430 ) ) ;
#3291 = VECTOR ( 'NONE', #3693, 1000.000000000000227 ) ;
#3292 = DIRECTION ( 'NONE',  ( 0.8191520442886223163, -0.000000000000000000, -0.5735764363515737374 ) ) ;
#3293 = ORIENTED_EDGE ( 'NONE', *, *, #3005, .F. ) ;
#3294 = EDGE_CURVE ( 'NONE', #1982, #4713, #2206, .T. ) ;
#3295 = LINE ( 'NONE', #2939, #33 ) ;
#3296 = ORIENTED_EDGE ( 'NONE', *, *, #1236, .T. ) ;
#3297 = VECTOR ( 'NONE', #2257, 1000.000000000000114 ) ;
#3298 = ORIENTED_EDGE ( 'NONE', *, *, #3534, .F. ) ;
#3299 = EDGE_CURVE ( 'NONE', #1115, #2702, #3556, .T. ) ;
#3300 = EDGE_CURVE ( 'NONE', #2265, #4331, #2161, .T. ) ;
#3302 = DIRECTION ( 'NONE',  ( 0.3420201433256684909, -0.000000000000000000, 0.9396926207859084279 ) ) ;
#3301 = CARTESIAN_POINT ( 'NONE',  ( 0.000000000000000000, -3.000000000000000000, 0.000000000000000000 ) ) ;
#3303 = CARTESIAN_POINT ( 'NONE',  ( -3.692205798608258149, -2.500000000000000000, -15.66973438633325166 ) ) ;
#3304 = EDGE_CURVE ( 'NONE', #2293, #3114, #3946, .T. ) ;
#3305 = VECTOR ( 'NONE', #3467, 1000.000000000000114 ) ;
#3306 = PRODUCT_DEFINITION_FORMATION_WITH_SPECIFIED_SOURCE ( 'ANY', '', #3312, .NOT_KNOWN. ) ;
#3307 = AXIS2_PLACEMENT_3D ( 'NONE', #1153, #4405, #3324 ) ;
#3308 = CARTESIAN_POINT ( 'NONE',  ( -11.60809380826081316, 3.265000000000000124, -28.91069513293903270 ) ) ;
#3309 = ORIENTED_EDGE ( 'NONE', *, *, #548, .T. ) ;
#3311 = ORIENTED_EDGE ( 'NONE', *, *, #3188, .T. ) ;
#3310 = DIRECTION ( 'NONE',  ( 0.9063077870369108391, 0.000000000000000000, -0.4226182617401400554 ) ) ;
#3312 = PRODUCT ( 'Back, Bottom Mesh Piece', 'Back, Bottom Mesh Piece', '', ( #2357 ) ) ;
#3313 = CARTESIAN_POINT ( 'NONE',  ( -7.081682580411172268, -2.581508752381807881, -22.43904346959336848 ) ) ;
#3314 = CIRCLE ( 'NONE', #1843, 25.02749999999999275 ) ;
#3315 = CARTESIAN_POINT ( 'NONE',  ( -20.79608018602539588, 3.265000000000000124, 23.19696497017492476 ) ) ;
#3316 = FACE_OUTER_BOUND ( 'NONE', #3084, .T. ) ;
#3317 = LINE ( 'NONE', #4446, #3385 ) ;
#3318 = CARTESIAN_POINT ( 'NONE',  ( -15.41649094842271595, -2.586862816039471102, 4.637323175571038014 ) ) ;
#3319 = ORIENTED_EDGE ( 'NONE', *, *, #3900, .F. ) ;
#3320 = LINE ( 'NONE', #4777, #1365 ) ;
#3321 = ORIENTED_EDGE ( 'NONE', *, *, #2924, .T. ) ;
#3322 = ORIENTED_EDGE ( 'NONE', *, *, #2671, .T. ) ;
#3324 = DIRECTION ( 'NONE',  ( 0.7660444431189292747, 0.000000000000000000, -0.6427876096865973166 ) ) ;
#3323 = CARTESIAN_POINT ( 'NONE',  ( 15.41649094842345136, -3.000000000000000000, 4.637323175571752110 ) ) ;
#3325 = EDGE_CURVE ( 'NONE', #1615, #2428, #1093, .T. ) ;
#3326 = DIRECTION ( 'NONE',  ( -0.9063077870368824174, 0.000000000000000000, -0.4226182617402011732 ) ) ;
#3327 = ORIENTED_EDGE ( 'NONE', *, *, #3658, .T. ) ;
#3329 = ORIENTED_EDGE ( 'NONE', *, *, #3042, .T. ) ;
#3328 = CARTESIAN_POINT ( 'NONE',  ( 31.84144669770516600, -2.833599059608990611, 3.851149950131090627 ) ) ;
#3330 = CARTESIAN_POINT ( 'NONE',  ( 0.000000000000000000, 3.265000000000000124, 0.000000000000000000 ) ) ;
#3331 = CIRCLE ( 'NONE', #1248, 0.5000000000000004441 ) ;
#3332 = CARTESIAN_POINT ( 'NONE',  ( 5.018382346036154296, -3.000000000000000000, -15.73645170698298479 ) ) ;
#3333 = EDGE_CURVE ( 'NONE', #1983, #1002, #4661, .T. ) ;
#3334 = CARTESIAN_POINT ( 'NONE',  ( -9.511283720561253929, -2.500000000000000000, -23.14975676409983407 ) ) ;
#3335 = VECTOR ( 'NONE', #3703, 1000.000000000000000 ) ;
#3336 = ORIENTED_EDGE ( 'NONE', *, *, #4015, .T. ) ;
#3337 = FACE_OUTER_BOUND ( 'NONE', #409, .T. ) ;
#3338 = CARTESIAN_POINT ( 'NONE',  ( 17.85439826558050314, -2.500000000000000000, -12.50178425576351415 ) ) ;
#3339 = CARTESIAN_POINT ( 'NONE',  ( 30.48720104788194618, -2.500000000000000000, 6.411451255148618245 ) ) ;
#3340 = ORIENTED_EDGE ( 'NONE', *, *, #1497, .T. ) ;
#3341 = CARTESIAN_POINT ( 'NONE',  ( 4.807073215165557301, -2.500000000000000000, -16.18960560050119213 ) ) ;
#3342 = EDGE_LOOP ( 'NONE', ( #1502, #4116, #2626, #1244 ) ) ;
#3343 = ORIENTED_EDGE ( 'NONE', *, *, #1415, .F. ) ;
#3344 =( BOUNDED_CURVE ( )  B_SPLINE_CURVE ( 3, ( #2477, #243, #1366, #1027 ),
 .UNSPECIFIED., .F., .T. ) 
 B_SPLINE_CURVE_WITH_KNOTS ( ( 4, 4 ),
 ( 4.712388980384686121, 6.283185307179586232 ),
 .UNSPECIFIED. ) 
 CURVE ( )  GEOMETRIC_REPRESENTATION_ITEM ( )  RATIONAL_B_SPLINE_CURVE ( ( 1.000000000000000000, 0.8047378541243641603, 0.8047378541243641603, 1.000000000000000000 ) ) 
 REPRESENTATION_ITEM ( '' )  );
#3346 = CYLINDRICAL_SURFACE ( 'NONE', #2459, 14.57731163100803862 ) ;
#3345 = CARTESIAN_POINT ( 'NONE',  ( -21.91669141516426222, -2.833366653769099130, 23.41722751106437173 ) ) ;
#3347 = CYLINDRICAL_SURFACE ( 'NONE', #741, 0.5000000000000004441 ) ;
#3348 = FACE_OUTER_BOUND ( 'NONE', #2436, .T. ) ;
#3349 = ORIENTED_EDGE ( 'NONE', *, *, #1618, .F. ) ;
#3351 = ORIENTED_EDGE ( 'NONE', *, *, #3809, .F. ) ;
#3350 = CARTESIAN_POINT ( 'NONE',  ( -10.30423900446872132, -3.000000000000000000, 13.08909024249374475 ) ) ;
#3352 = CARTESIAN_POINT ( 'NONE',  ( -16.01602368630264550, -3.000000000000000000, 1.705700903103305466 ) ) ;
#3353 = LINE ( 'NONE', #3332, #2985 ) ;
#3354 = FACE_OUTER_BOUND ( 'NONE', #4514, .T. ) ;
#3355 = EDGE_LOOP ( 'NONE', ( #2879, #2327, #3573, #3734 ) ) ;
#3356 = ORIENTED_EDGE ( 'NONE', *, *, #134, .F. ) ;
#3357 = ADVANCED_FACE ( 'NONE', ( #2562 ), #3268, .F. ) ;
#3358 = EDGE_CURVE ( 'NONE', #2428, #3070, #3654, .T. ) ;
#3359 = CARTESIAN_POINT ( 'NONE',  ( 11.61707311970207712, 3.265000000000000124, 12.25785032243555506 ) ) ;
#3360 = LINE ( 'NONE', #2280, #1149 ) ;
#3361 = DIRECTION ( 'NONE',  ( -0.9396926207859079838, 0.000000000000000000, 0.3420201433256698231 ) ) ;
#3362 = ORIENTED_EDGE ( 'NONE', *, *, #3809, .T. ) ;
#3363 = CARTESIAN_POINT ( 'NONE',  ( -19.23334952206178272, 3.265000000000000124, 24.50825169393615610 ) ) ;
#3364 = COLOUR_RGB ( '',0.7921568627450980005, 0.8196078431372548767, 0.9333333333333333481 ) ;
#3365 = ORIENTED_EDGE ( 'NONE', *, *, #3566, .T. ) ;
#3367 = LINE ( 'NONE', #2896, #211 ) ;
#3366 = CARTESIAN_POINT ( 'NONE',  ( 9.691120861856093782, -2.500000000000000000, -29.60841622532396400 ) ) ;
#3368 = CARTESIAN_POINT ( 'NONE',  ( 23.32786525393763810, -3.000000000000000000, 3.077596902475849383 ) ) ;
#3369 = DIRECTION ( 'NONE',  ( -0.000000000000000000, 1.000000000000000000, -0.000000000000000000 ) ) ;
#3370 = ORIENTED_EDGE ( 'NONE', *, *, #3188, .F. ) ;
#3371 = TOROIDAL_SURFACE ( 'NONE', #1908, 24.52749999999999275, 0.5000000000000000000 ) ;
#3372 = APPLICATION_PROTOCOL_DEFINITION ( 'draft international standard', 'automotive_design', 1998, #3688 ) ;
#3374 = ORIENTED_EDGE ( 'NONE', *, *, #3030, .F. ) ;
#3373 = CARTESIAN_POINT ( 'NONE',  ( -19.12613749183868350, -2.576037802762247253, 25.73369080688125976 ) ) ;
#3375 = DIRECTION ( 'NONE',  ( 0.000000000000000000, 0.000000000000000000, -1.000000000000000000 ) ) ;
#3376 = AXIS2_PLACEMENT_3D ( 'NONE', #4492, #419, #1913 ) ;
#3377 = CARTESIAN_POINT ( 'NONE',  ( -4.807073215166054680, -2.500000000000000000, -16.18960560050088304 ) ) ;
#3378 = VECTOR ( 'NONE', #4365, 1000.000000000000114 ) ;
#3379 = EDGE_CURVE ( 'NONE', #4625, #3638, #4395, .T. ) ;
#3380 = AXIS2_PLACEMENT_3D ( 'NONE', #2451, #3104, #3929 ) ;
#3381 = FACE_OUTER_BOUND ( 'NONE', #3597, .T. ) ;
#3382 = ORIENTED_EDGE ( 'NONE', *, *, #1292, .F. ) ;
#3383 = CIRCLE ( 'NONE', #1145, 24.52749999999999275 ) ;
#3384 = EDGE_LOOP ( 'NONE', ( #3024, #1280, #138, #565, #1784, #3622, #583, #4321 ) ) ;
#3385 = VECTOR ( 'NONE', #3028, 1000.000000000000000 ) ;
#3386 = DIRECTION ( 'NONE',  ( 0.6427876096865468014, 0.000000000000000000, -0.7660444431189719072 ) ) ;
#3387 = EDGE_CURVE ( 'NONE', #1912, #1246, #2029, .T. ) ;
#3388 = EDGE_CURVE ( 'NONE', #858, #1017, #1452, .T. ) ;
#3389 = CARTESIAN_POINT ( 'NONE',  ( -10.05434245573797369, -2.500000000000000000, 13.56913704619718430 ) ) ;
#3390 = CARTESIAN_POINT ( 'NONE',  ( -31.83028302722383529, -2.961507457126717924, 4.037238454830840872 ) ) ;
#3391 = EDGE_CURVE ( 'NONE', #1368, #3282, #3249, .T. ) ;
#3392 = CARTESIAN_POINT ( 'NONE',  ( 30.60764791189569678, -3.000000000000002665, 6.222387549897145043 ) ) ;
#3393 = EDGE_LOOP ( 'NONE', ( #1358, #471, #2742, #864 ) ) ;
#3394 = CARTESIAN_POINT ( 'NONE',  ( -9.511283720561264587, -2.500000000000000000, -23.14975676409983407 ) ) ;
#3395 = EDGE_CURVE ( 'NONE', #201, #1151, #4349, .T. ) ;
#3396 = EDGE_CURVE ( 'NONE', #2338, #3635, #3933, .T. ) ;
#3397 = B_SPLINE_CURVE_WITH_KNOTS ( 'NONE', 3,
 ( #867, #821, #1571, #2304, #2693, #4181, #2340, #3824, #1620, #496 ),
 .UNSPECIFIED., .F., .F.,
 ( 4, 2, 2, 2, 4 ),
 ( 0.000000000000000000, 0.0002540264268552068581, 0.0005080528537104137161, 0.0007620792805656205742, 0.001016105707420827432 ),
 .UNSPECIFIED. ) ;
#3398 = ORIENTED_EDGE ( 'NONE', *, *, #3396, .F. ) ;
#3400 = FACE_OUTER_BOUND ( 'NONE', #3832, .T. ) ;
#3399 = DIRECTION ( 'NONE',  ( -0.000000000000000000, 1.000000000000000000, -0.000000000000000000 ) ) ;
#3401 = CYLINDRICAL_SURFACE ( 'NONE', #3764, 0.5000000000000000000 ) ;
#3402 = DIRECTION ( 'NONE',  ( -0.9063077870365632283, 0.000000000000000000, 0.4226182617408857367 ) ) ;
#3403 = ORIENTED_EDGE ( 'NONE', *, *, #926, .F. ) ;
#3405 = ORIENTED_EDGE ( 'NONE', *, *, #1287, .F. ) ;
#3404 = CARTESIAN_POINT ( 'NONE',  ( 0.000000000000000000, -3.000000000000000000, 0.000000000000000000 ) ) ;
#3406 = CARTESIAN_POINT ( 'NONE',  ( 14.71223194868166217, -2.500000000000000000, 18.34233166988837027 ) ) ;
#3407 = CARTESIAN_POINT ( 'NONE',  ( 16.65794175329466142, -3.000000000000000000, 2.111811167170372094 ) ) ;
#3408 = LINE ( 'NONE', #1278, #2076 ) ;
#3409 = ORIENTED_EDGE ( 'NONE', *, *, #2237, .T. ) ;
#3410 = ORIENTED_EDGE ( 'NONE', *, *, #4593, .T. ) ;
#3411 = VECTOR ( 'NONE', #2794, 1000.000000000000000 ) ;
#3412 = CARTESIAN_POINT ( 'NONE',  ( 14.72351606115270073, -2.963979104643725382, 18.70579539889774878 ) ) ;
#3413 = CIRCLE ( 'NONE', #1948, 25.02749999999998920 ) ;
#3414 = CARTESIAN_POINT ( 'NONE',  ( 31.80608415963043356, -3.000000000000000000, 4.337381953035672311 ) ) ;
#3415 = CIRCLE ( 'NONE', #3882, 25.02749999999999275 ) ;
#3416 = VERTEX_POINT ( 'NONE', #736 ) ;
#3417 = DIRECTION ( 'NONE',  ( 0.9961946980918062744, 0.000000000000000000, -0.08715574274696448465 ) ) ;
#3418 = ORIENTED_EDGE ( 'NONE', *, *, #963, .T. ) ;
#3419 = ADVANCED_FACE ( 'NONE', ( #2994 ), #3771, .F. ) ;
#3420 =( LENGTH_UNIT ( ) NAMED_UNIT ( * ) SI_UNIT ( .MILLI., .METRE. ) );
#3421 = VERTEX_POINT ( 'NONE', #764 ) ;
#3422 = CARTESIAN_POINT ( 'NONE',  ( 7.583776682980227335, -2.999999999999998668, -22.68412254957955909 ) ) ;
#3423 = ADVANCED_FACE ( 'NONE', ( #1903 ), #4463, .T. ) ;
#3424 = ADVANCED_FACE ( 'NONE', ( #4081 ), #3019, .T. ) ;
#3425 = CARTESIAN_POINT ( 'NONE',  ( -19.23334952206178272, -2.500000000000000000, 24.50825169393615610 ) ) ;
#3426 = DIRECTION ( 'NONE',  ( -0.7660444431189736836, 0.000000000000000000, -0.6427876096865444699 ) ) ;
#3427 = VERTEX_POINT ( 'NONE', #344 ) ;
#3429 = ORIENTED_EDGE ( 'NONE', *, *, #4731, .T. ) ;
#3428 = CARTESIAN_POINT ( 'NONE',  ( 9.511283720560113508, -2.579909940079746722, -23.14975676410029948 ) ) ;
#3430 = CARTESIAN_POINT ( 'NONE',  ( -7.081682580411170491, 3.265000000000000124, -22.43904346959336848 ) ) ;
#3431 = VECTOR ( 'NONE', #824, 1000.000000000000114 ) ;
#3432 = FACE_OUTER_BOUND ( 'NONE', #523, .T. ) ;
#3433 = CIRCLE ( 'NONE', #720, 25.02749999999999275 ) ;
#3434 = VERTEX_POINT ( 'NONE', #2628 ) ;
#3435 = CARTESIAN_POINT ( 'NONE',  ( -23.43691473198544273, -3.000000000000000444, 4.774318010700759451 ) ) ;
#3436 = LINE ( 'NONE', #914, #1606 ) ;
#3437 = CARTESIAN_POINT ( 'NONE',  ( -1.020000000000000018, 0.000000000000000000, 23.50788165701038679 ) ) ;
#3438 = CARTESIAN_POINT ( 'NONE',  ( 31.33256639292909185, -2.999999999999999556, 6.948495401740673039 ) ) ;
#3439 = VERTEX_POINT ( 'NONE', #4484 ) ;
#3440 = ORIENTED_EDGE ( 'NONE', *, *, #1293, .T. ) ;
#3441 = CARTESIAN_POINT ( 'NONE',  ( -23.43882127663562542, -2.842366286027166566, 3.229360204615839613 ) ) ;
#3442 = EDGE_CURVE ( 'NONE', #2256, #1233, #4089, .T. ) ;
#3443 = EDGE_CURVE ( 'NONE', #339, #4097, #2366, .T. ) ;
#3444 = ADVANCED_FACE ( 'NONE', ( #3722 ), #713, .F. ) ;
#3445 = PLANE ( 'NONE',  #2952 ) ;
#3446 = ORIENTED_EDGE ( 'NONE', *, *, #251, .F. ) ;
#3447 = FACE_OUTER_BOUND ( 'NONE', #2392, .T. ) ;
#3448 = ADVANCED_FACE ( 'NONE', ( #4788 ), #4433, .F. ) ;
#3450 = ORIENTED_EDGE ( 'NONE', *, *, #4297, .T. ) ;
#3449 = CARTESIAN_POINT ( 'NONE',  ( 10.05434245573840357, -2.792893218813452094, 13.56913704619687344 ) ) ;
#3451 = CARTESIAN_POINT ( 'NONE',  ( 19.75406189091075504, -2.500000000000000000, -9.211470339388647233 ) ) ;
#3452 = FACE_OUTER_BOUND ( 'NONE', #2992, .T. ) ;
#3453 = CIRCLE ( 'NONE', #203, 23.53000000000000114 ) ;
#3454 = CARTESIAN_POINT ( 'NONE',  ( -8.948331360201775553, -2.790188110906357100, -21.85539800527030962 ) ) ;
#3455 = ORIENTED_EDGE ( 'NONE', *, *, #2646, .F. ) ;
#3456 = ORIENTED_EDGE ( 'NONE', *, *, #4498, .F. ) ;
#3457 = AXIS2_PLACEMENT_3D ( 'NONE', #472, #1937, #4542 ) ;
#3458 = CARTESIAN_POINT ( 'NONE',  ( 0.000000000000000000, -2.500000000000000000, 0.000000000000000000 ) ) ;
#3459 = CIRCLE ( 'NONE', #1379, 25.02749999999998920 ) ;
#3460 = VECTOR ( 'NONE', #3222, 1000.000000000000227 ) ;
#3461 = CARTESIAN_POINT ( 'NONE',  ( 0.000000000000000000, 3.265000000000000124, 0.000000000000000000 ) ) ;
#3462 = AXIS2_PLACEMENT_3D ( 'NONE', #4090, #2566, #1165 ) ;
#3463 = CARTESIAN_POINT ( 'NONE',  ( 11.23820881949115780, -3.000000000000000000, 13.39317573496640357 ) ) ;
#3464 = LINE ( 'NONE', #917, #4194 ) ;
#3465 = ORIENTED_EDGE ( 'NONE', *, *, #2541, .F. ) ;
#3466 = SURFACE_STYLE_FILL_AREA ( #2016 ) ;
#3467 = DIRECTION ( 'NONE',  ( 0.5735764363516123732, -0.000000000000000000, -0.8191520442885952269 ) ) ;
#3468 = ORIENTED_EDGE ( 'NONE', *, *, #307, .T. ) ;
#3469 = DIRECTION ( 'NONE',  ( -0.000000000000000000, 1.000000000000000000, -0.000000000000000000 ) ) ;
#3470 = ORIENTED_EDGE ( 'NONE', *, *, #2440, .T. ) ;
#3471 = CARTESIAN_POINT ( 'NONE',  ( -5.979726014076907958, -3.000000000000000000, -16.42916219820119750 ) ) ;
#3473 = ORIENTED_EDGE ( 'NONE', *, *, #1576, .F. ) ;
#3472 = PLANE ( 'NONE',  #2938 ) ;
#3474 = CARTESIAN_POINT ( 'NONE',  ( 24.80391930942181489, 3.265000000000000124, 3.337865057441843586 ) ) ;
#3475 = EDGE_CURVE ( 'NONE', #1729, #3439, #954, .T. ) ;
#3476 = CARTESIAN_POINT ( 'NONE',  ( -1.509956535254285193, 3.265000000000000124, 0.2662460768590320659 ) ) ;
#3477 = VERTEX_POINT ( 'NONE', #2949 ) ;
#3478 = ORIENTED_EDGE ( 'NONE', *, *, #3526, .T. ) ;
#3479 = CARTESIAN_POINT ( 'NONE',  ( -16.65794175329445537, -3.000000000000000000, 2.111811167170486669 ) ) ;
#3480 = ADVANCED_FACE ( 'NONE', ( #4411 ), #1130, .T. ) ;
#3481 = CARTESIAN_POINT ( 'NONE',  ( 0.000000000000000000, -3.000000000000000000, 0.000000000000000000 ) ) ;
#3482 = EDGE_LOOP ( 'NONE', ( #2177, #633, #590, #1611 ) ) ;
#3483 = CARTESIAN_POINT ( 'NONE',  ( 10.30423900446900731, -3.000000000000000000, 13.08909024249325981 ) ) ;
#3484 = CARTESIAN_POINT ( 'NONE',  ( 0.3983431104226142216, -3.000000000000000000, 0.3342495570376306513 ) ) ;
#3485 = VERTEX_POINT ( 'NONE', #1880 ) ;
#3486 = CYLINDRICAL_SURFACE ( 'NONE', #1741, 0.4999999999999998890 ) ;
#3487 = AXIS2_PLACEMENT_3D ( 'NONE', #3795, #1206, #2654 ) ;
#3488 = CARTESIAN_POINT ( 'NONE',  ( 0.000000000000000000, 3.265000000000000124, 0.000000000000000000 ) ) ;
#3489 = ORIENTED_EDGE ( 'NONE', *, *, #1033, .F. ) ;
#3490 = CARTESIAN_POINT ( 'NONE',  ( -23.32786525393755994, -2.500000000000000000, 3.077596902476485319 ) ) ;
#3491 = DIRECTION ( 'NONE',  ( -0.3420201433256689905, -0.000000000000000000, -0.9396926207859083169 ) ) ;
#3492 = ORIENTED_EDGE ( 'NONE', *, *, #1415, .T. ) ;
#3494 = VERTEX_POINT ( 'NONE', #3350 ) ;
#3493 = DIRECTION ( 'NONE',  ( 0.7660444431189911141, -0.000000000000000000, 0.6427876096865237088 ) ) ;
#3495 = CARTESIAN_POINT ( 'NONE',  ( 16.07282071980216287, -3.000000000000000000, 0.9150920754745583974 ) ) ;
#3496 = CARTESIAN_POINT ( 'NONE',  ( 21.57685864997011649, -3.000000000000000000, 23.76718415326528344 ) ) ;
#3497 = PLANE ( 'NONE',  #4222 ) ;
#3498 = VERTEX_POINT ( 'NONE', #21 ) ;
#3499 = ORIENTED_EDGE ( 'NONE', *, *, #2826, .F. ) ;
#3500 = CARTESIAN_POINT ( 'NONE',  ( -6.530831529805279700, -3.000000000000000000, -14.72313383150301291 ) ) ;
#3501 =( BOUNDED_CURVE ( )  B_SPLINE_CURVE ( 3, ( #4642, #3200, #1723, #4664 ),
 .UNSPECIFIED., .F., .T. ) 
 B_SPLINE_CURVE_WITH_KNOTS ( ( 4, 4 ),
 ( 0.000000000000000000, 1.570796326794895004 ),
 .UNSPECIFIED. ) 
 CURVE ( )  GEOMETRIC_REPRESENTATION_ITEM ( )  RATIONAL_B_SPLINE_CURVE ( ( 1.000000000000000000, 0.8047378541243653816, 0.8047378541243653816, 1.000000000000000000 ) ) 
 REPRESENTATION_ITEM ( '' )  );
#3502 = AXIS2_PLACEMENT_3D ( 'NONE', #1143, #3361, #848 ) ;
#3503 = DIRECTION ( 'NONE',  ( -0.000000000000000000, -1.000000000000000000, -0.000000000000000000 ) ) ;
#3504 = ADVANCED_FACE ( 'NONE', ( #1512 ), #1955, .T. ) ;
#3505 = ADVANCED_FACE ( 'NONE', ( #129 ), #2051, .F. ) ;
#3506 = EDGE_CURVE ( 'NONE', #3651, #2293, #4099, .T. ) ;
#3507 = DIRECTION ( 'NONE',  ( 0.000000000000000000, 0.000000000000000000, 1.000000000000000000 ) ) ;
#3508 = CARTESIAN_POINT ( 'NONE',  ( -19.74949741644991619, -3.000000000000000000, 24.34551088795294760 ) ) ;
#3509 = ORIENTED_EDGE ( 'NONE', *, *, #2623, .F. ) ;
#3510 = CARTESIAN_POINT ( 'NONE',  ( 20.79608018602494823, -3.000000000000000000, 23.19696497017266879 ) ) ;
#3511 = EDGE_CURVE ( 'NONE', #4367, #2702, #3664, .T. ) ;
#3512 = CARTESIAN_POINT ( 'NONE',  ( -0.09029705238692943559, -3.000000000000000000, -0.5121000315670641845 ) ) ;
#3513 = ORIENTED_EDGE ( 'NONE', *, *, #3216, .T. ) ;
#3514 = DIRECTION ( 'NONE',  ( 1.776356839400250465E-15, 0.000000000000000000, 1.000000000000000000 ) ) ;
#3515 = ORIENTED_EDGE ( 'NONE', *, *, #4507, .F. ) ;
#3517 = CARTESIAN_POINT ( 'NONE',  ( -21.51036255179835877, -0.9942063823211613194, -12.81182936995460153 ) ) ;
#3516 = CARTESIAN_POINT ( 'NONE',  ( 5.979726014091932385, -3.000000000000000000, -16.42916219819833756 ) ) ;
#3518 = CARTESIAN_POINT ( 'NONE',  ( 16.77838861730841558, -2.500000000000000000, 1.922747461918894674 ) ) ;
#3519 = DIRECTION ( 'NONE',  ( 0.3420201433255953272, 0.000000000000000000, 0.9396926207859350733 ) ) ;
#3520 = AXIS2_PLACEMENT_3D ( 'NONE', #2569, #4094, #1871 ) ;
#3521 = AXIS2_PLACEMENT_3D ( 'NONE', #429, #1079, #340 ) ;
#3522 = CYLINDRICAL_SURFACE ( 'NONE', #431, 25.02749999999999631 ) ;
#3523 = ORIENTED_EDGE ( 'NONE', *, *, #3358, .T. ) ;
#3524 = VERTEX_POINT ( 'NONE', #1632 ) ;
#3525 = DIRECTION ( 'NONE',  ( 0.4226182617401657016, -0.000000000000000000, -0.9063077870368988487 ) ) ;
#3526 = EDGE_CURVE ( 'NONE', #1427, #1653, #1976, .T. ) ;
#3527 = DIRECTION ( 'NONE',  ( -0.000000000000000000, 1.000000000000000000, -0.000000000000000000 ) ) ;
#3528 = EDGE_LOOP ( 'NONE', ( #3652, #3013, #3662, #2221 ) ) ;
#3529 = FACE_OUTER_BOUND ( 'NONE', #4701, .T. ) ;
#3530 = DIRECTION ( 'NONE',  ( -0.6427876096865444699, -0.000000000000000000, 0.7660444431189736836 ) ) ;
#3531 = AXIS2_PLACEMENT_3D ( 'NONE', #3315, #4771, #1473 ) ;
#3532 = CARTESIAN_POINT ( 'NONE',  ( -8.828903344063832037, -2.586862816039483093, 13.46192501608418368 ) ) ;
#3533 = PLANE ( 'NONE',  #3136 ) ;
#3534 = EDGE_CURVE ( 'NONE', #3477, #58, #329, .T. ) ;
#3535 = EDGE_CURVE ( 'NONE', #4572, #3610, #1681, .T. ) ;
#3536 = VECTOR ( 'NONE', #885, 1000.000000000000000 ) ;
#3537 = CARTESIAN_POINT ( 'NONE',  ( -24.38451783834808495, -2.787165718555740135, 5.249802292978975160 ) ) ;
#3538 = ORIENTED_EDGE ( 'NONE', *, *, #957, .F. ) ;
#3539 = TOROIDAL_SURFACE ( 'NONE', #1455, 24.02999999999999758, 0.5000000000000000000 ) ;
#3540 = DIRECTION ( 'NONE',  ( -0.000000000000000000, 1.000000000000000000, -0.000000000000000000 ) ) ;
#3541 = B_SPLINE_CURVE_WITH_KNOTS ( 'NONE', 3,
 ( #2862, #4351, #3995, #1045, #2520, #3199, #1021, #3926 ),
 .UNSPECIFIED., .F., .F.,
 ( 4, 2, 2, 4 ),
 ( 0.000000000000000000, 0.0002356549434846615088, 0.0004713098869693230176, 0.0009426197739386464689 ),
 .UNSPECIFIED. ) ;
#3542 = EDGE_CURVE ( 'NONE', #2603, #2293, #3433, .T. ) ;
#3543 = LINE ( 'NONE', #224, #4176 ) ;
#3544 = ORIENTED_EDGE ( 'NONE', *, *, #4481, .F. ) ;
#3546 = ORIENTED_EDGE ( 'NONE', *, *, #648, .T. ) ;
#3545 = DIRECTION ( 'NONE',  ( -0.000000000000000000, -1.000000000000000000, -0.000000000000000000 ) ) ;
#3547 = CARTESIAN_POINT ( 'NONE',  ( 0.3402132016541833393, -0.01920984833663840277, 23.53737740419975921 ) ) ;
#3548 = DIRECTION ( 'NONE',  ( 0.000000000000000000, -1.000000000000000000, 0.000000000000000000 ) ) ;
#3549 = CARTESIAN_POINT ( 'NONE',  ( 1.020000000000000018, -0.9761472547092382435, 25.00670622553059985 ) ) ;
#3550 = ORIENTED_EDGE ( 'NONE', *, *, #2889, .F. ) ;
#3551 = ORIENTED_EDGE ( 'NONE', *, *, #4046, .F. ) ;
#3552 = CARTESIAN_POINT ( 'NONE',  ( -0.3983431104218093655, -3.000000000000000000, 0.3342495570369435898 ) ) ;
#3553 = DIRECTION ( 'NONE',  ( 0.9961946980916877026, 0.000000000000000000, 0.08715574274831970614 ) ) ;
#3554 = CARTESIAN_POINT ( 'NONE',  ( -31.29148553765471874, -2.961413309392026072, 7.092874512249079721 ) ) ;
#3555 = DIRECTION ( 'NONE',  ( -0.9848077530122122392, -0.000000000000000000, -0.1736481776669060451 ) ) ;
#3556 = B_SPLINE_CURVE_WITH_KNOTS ( 'NONE', 3,
 ( #259, #4373, #2518, #327, #2860, #1769, #4043, #4706 ),
 .UNSPECIFIED., .F., .F.,
 ( 4, 2, 2, 4 ),
 ( 0.000000000000000000, 0.0002243944063328550786, 0.0004487888126657101572, 0.0008975776253314210733 ),
 .UNSPECIFIED. ) ;
#3557 = CARTESIAN_POINT ( 'NONE',  ( -9.345695051534718800, -2.999999999999998668, 13.11754990760810813 ) ) ;
#3558 = CARTESIAN_POINT ( 'NONE',  ( 16.07282071980216287, -2.500000000000000000, 0.9150920754745598407 ) ) ;
#3559 = CARTESIAN_POINT ( 'NONE',  ( 9.648722270782077004, -3.000000000000001776, -30.60904276090633047 ) ) ;
#3560 = ADVANCED_FACE ( 'NONE', ( #2775 ), #1610, .T. ) ;
#3561 = EDGE_LOOP ( 'NONE', ( #3713, #2776, #4474, #474 ) ) ;
#3562 = CIRCLE ( 'NONE', #546, 14.64608244481091859 ) ;
#3563 = CARTESIAN_POINT ( 'NONE',  ( 15.87938606548423870, -2.842366286027164346, 17.54001734185369799 ) ) ;
#3564 = AXIS2_PLACEMENT_3D ( 'NONE', #4318, #1008, #3938 ) ;
#3565 = CARTESIAN_POINT ( 'NONE',  ( 19.25567368221534181, -2.833366653769156862, 25.65008650933786782 ) ) ;
#3566 = EDGE_CURVE ( 'NONE', #4656, #1060, #1251, .T. ) ;
#3567 = EDGE_LOOP ( 'NONE', ( #82, #1547, #6, #178 ) ) ;
#3569 = CARTESIAN_POINT ( 'NONE',  ( -12.63397171968913746, -2.779248922266327693, -29.47639383210207953 ) ) ;
#3568 = DIRECTION ( 'NONE',  ( 0.000000000000000000, 0.000000000000000000, 1.000000000000000000 ) ) ;
#3570 = LINE ( 'NONE', #4721, #3103 ) ;
#3571 = LINE ( 'NONE', #4673, #1762 ) ;
#3572 = LINE ( 'NONE', #4605, #1838 ) ;
#3573 = ORIENTED_EDGE ( 'NONE', *, *, #3274, .F. ) ;
#3574 = ORIENTED_EDGE ( 'NONE', *, *, #216, .F. ) ;
#3575 = CYLINDRICAL_SURFACE ( 'NONE', #2227, 14.57731163100802796 ) ;
#3576 = DIRECTION ( 'NONE',  ( 0.000000000000000000, -1.000000000000000000, 0.000000000000000000 ) ) ;
#3577 = ORIENTED_EDGE ( 'NONE', *, *, #760, .T. ) ;
#3578 = CARTESIAN_POINT ( 'NONE',  ( -7.243917375737628284, 3.265000000000000124, -14.37701709155922813 ) ) ;
#3579 = DIRECTION ( 'NONE',  ( -0.000000000000000000, -1.000000000000000000, -0.000000000000000000 ) ) ;
#3580 = DIRECTION ( 'NONE',  ( -0.000000000000000000, 1.000000000000000000, -0.000000000000000000 ) ) ;
#3581 = PLANE ( 'NONE',  #113 ) ;
#3582 = VECTOR ( 'NONE', #3853, 1000.000000000000000 ) ;
#3583 = CARTESIAN_POINT ( 'NONE',  ( -16.85536625282397338, 3.265000000000000124, 18.50060498289616362 ) ) ;
#3584 = ORIENTED_EDGE ( 'NONE', *, *, #3388, .F. ) ;
#3585 = DIRECTION ( 'NONE',  ( -0.000000000000000000, -1.000000000000000000, -0.000000000000000000 ) ) ;
#3586 = CARTESIAN_POINT ( 'NONE',  ( 20.86842270412931200, 0.000000000000000000, -10.87059491664489386 ) ) ;
#3587 = ORIENTED_EDGE ( 'NONE', *, *, #3358, .F. ) ;
#3589 = ORIENTED_EDGE ( 'NONE', *, *, #631, .F. ) ;
#3588 = CYLINDRICAL_SURFACE ( 'NONE', #2022, 23.53000000000000114 ) ;
#3590 = CARTESIAN_POINT ( 'NONE',  ( 0.9855541338458263523, -3.000000000000000000, 1.174537679710378146 ) ) ;
#3591 = CARTESIAN_POINT ( 'NONE',  ( 8.837934659456664122, -2.963980324420346424, -22.10383960449609475 ) ) ;
#3592 = EDGE_CURVE ( 'NONE', #4468, #2195, #290, .T. ) ;
#3593 = EDGE_CURVE ( 'NONE', #2293, #3185, #2725, .T. ) ;
#3594 = CARTESIAN_POINT ( 'NONE',  ( 0.000000000000000000, -2.500000000000000000, 0.000000000000000000 ) ) ;
#3595 = ADVANCED_FACE ( 'NONE', ( #2358 ), #3472, .F. ) ;
#3596 = ORIENTED_EDGE ( 'NONE', *, *, #1619, .F. ) ;
#3597 = EDGE_LOOP ( 'NONE', ( #928, #3370, #3729, #219 ) ) ;
#3598 = CARTESIAN_POINT ( 'NONE',  ( -7.583776682980312600, -3.000000000000000444, -22.68412254957944540 ) ) ;
#3599 = CIRCLE ( 'NONE', #1127, 14.57731163100804928 ) ;
#3600 = CARTESIAN_POINT ( 'NONE',  ( 23.32786525393763810, -2.500000000000000000, 3.077596902475849383 ) ) ;
#3601 = VECTOR ( 'NONE', #3009, 1000.000000000000000 ) ;
#3602 = VERTEX_POINT ( 'NONE', #3132 ) ;
#3603 = CARTESIAN_POINT ( 'NONE',  ( 0.5244024014076339446, -3.000000000000000000, -1.440783756570812146 ) ) ;
#3604 = CARTESIAN_POINT ( 'NONE',  ( 8.828903344064009673, -2.500000000000000000, 13.46192501608482672 ) ) ;
#3605 = DIRECTION ( 'NONE',  ( 0.8191520442892458176, -0.000000000000000000, 0.5735764363506832275 ) ) ;
#3606 = DIRECTION ( 'NONE',  ( 0.000000000000000000, 0.000000000000000000, 1.000000000000000000 ) ) ;
#3607 = AXIS2_PLACEMENT_3D ( 'NONE', #4502, #804, #1876 ) ;
#3608 = VECTOR ( 'NONE', #965, 1000.000000000000114 ) ;
#3609 = CARTESIAN_POINT ( 'NONE',  ( 22.97362297149689070, -2.500000000000000000, 5.086604718622282917 ) ) ;
#3610 = VERTEX_POINT ( 'NONE', #1684 ) ;
#3611 = VECTOR ( 'NONE', #3827, 1000.000000000000000 ) ;
#3612 = CARTESIAN_POINT ( 'NONE',  ( 15.89194039108606660, -2.581508752381807881, 17.35243875097005528 ) ) ;
#3613 = AXIS2_PLACEMENT_3D ( 'NONE', #2555, #3281, #3699 ) ;
#3614 = CIRCLE ( 'NONE', #906, 14.57731163100815408 ) ;
#3615 = CIRCLE ( 'NONE', #1602, 14.64608244481071431 ) ;
#3616 = ORIENTED_EDGE ( 'NONE', *, *, #4507, .T. ) ;
#3617 = VECTOR ( 'NONE', #3708, 1000.000000000000000 ) ;
#3619 = ORIENTED_EDGE ( 'NONE', *, *, #4297, .F. ) ;
#3618 = CARTESIAN_POINT ( 'NONE',  ( 15.89194039108607015, -2.500000000000000000, 17.35243875097005528 ) ) ;
#3620 = CARTESIAN_POINT ( 'NONE',  ( -16.42414633486748698, -2.500000000000000000, 3.931755278065442560 ) ) ;
#3621 = CARTESIAN_POINT ( 'NONE',  ( 11.20908218885301011, -3.000000000000000000, -29.27632191860117317 ) ) ;
#3622 = ORIENTED_EDGE ( 'NONE', *, *, #4, .T. ) ;
#3623 = EDGE_LOOP ( 'NONE', ( #4208, #3821, #868, #2056 ) ) ;
#3624 = ADVANCED_FACE ( 'NONE', ( #4627 ), #561, .T. ) ;
#3625 = DIRECTION ( 'NONE',  ( -0.000000000000000000, 1.000000000000000000, -0.000000000000000000 ) ) ;
#3626 = AXIS2_PLACEMENT_3D ( 'NONE', #996, #2089, #2667 ) ;
#3627 = AXIS2_PLACEMENT_3D ( 'NONE', #2676, #296, #2481 ) ;
#3628 = LINE ( 'NONE', #2060, #42 ) ;
#3629 = ORIENTED_EDGE ( 'NONE', *, *, #3300, .T. ) ;
#3630 = CARTESIAN_POINT ( 'NONE',  ( 23.12979363360729224, -2.842366286027167899, 4.981943058281872894 ) ) ;
#3631 = EDGE_CURVE ( 'NONE', #2315, #692, #4670, .T. ) ;
#3632 = DIRECTION ( 'NONE',  ( -0.000000000000000000, -1.000000000000000000, -0.000000000000000000 ) ) ;
#3633 = CARTESIAN_POINT ( 'NONE',  ( -20.79608018602539588, 3.265000000000000124, 23.19696497017492476 ) ) ;
#3634 = LINE ( 'NONE', #1412, #2999 ) ;
#3635 = VERTEX_POINT ( 'NONE', #268 ) ;
#3636 = CARTESIAN_POINT ( 'NONE',  ( 5.206084834573427855, -3.000000000000000000, -15.82397881484278912 ) ) ;
#3637 = DIRECTION ( 'NONE',  ( 0.000000000000000000, 0.000000000000000000, 1.000000000000000000 ) ) ;
#3638 = VERTEX_POINT ( 'NONE', #2460 ) ;
#3640 = CARTESIAN_POINT ( 'NONE',  ( 7.081682580411110095, -3.000000000000000000, -22.43904346959338980 ) ) ;
#3639 = CARTESIAN_POINT ( 'NONE',  ( 0.000000000000000000, 3.265000000000000124, 0.000000000000000000 ) ) ;
#3641 = DIRECTION ( 'NONE',  ( -0.4226182617401404995, 0.000000000000000000, -0.9063077870369106170 ) ) ;
#3642 = TOROIDAL_SURFACE ( 'NONE', #2104, 24.03000000000000114, 0.5000000000000000000 ) ;
#3643 = VECTOR ( 'NONE', #4316, 1000.000000000000000 ) ;
#3644 = CARTESIAN_POINT ( 'NONE',  ( -16.85536625282397338, 3.265000000000000124, 18.50060498289616362 ) ) ;
#3645 = ORIENTED_EDGE ( 'NONE', *, *, #1025, .T. ) ;
#3646 = ORIENTED_EDGE ( 'NONE', *, *, #215, .F. ) ;
#3647 = CARTESIAN_POINT ( 'NONE',  ( -8.875653739674500997, -3.000000000000000000, -22.86527994456664814 ) ) ;
#3648 = EDGE_CURVE ( 'NONE', #1820, #3070, #632, .T. ) ;
#3649 = ADVANCED_FACE ( 'NONE', ( #2507 ), #1540, .T. ) ;
#3650 = CARTESIAN_POINT ( 'NONE',  ( 16.37562690112475039, -3.000000000000000000, 3.712898255688598770 ) ) ;
#3651 = VERTEX_POINT ( 'NONE', #2171 ) ;
#3652 = ORIENTED_EDGE ( 'NONE', *, *, #3861, .F. ) ;
#3653 = CARTESIAN_POINT ( 'NONE',  ( -23.32786525393755639, 3.265000000000000124, 3.077596902476492868 ) ) ;
#3654 = LINE ( 'NONE', #1815, #146 ) ;
#3655 = DIRECTION ( 'NONE',  ( -0.000000000000000000, 1.000000000000000000, -0.000000000000000000 ) ) ;
#3656 = EDGE_CURVE ( 'NONE', #2798, #3128, #247, .T. ) ;
#3657 = EDGE_CURVE ( 'NONE', #4255, #4390, #2166, .T. ) ;
#3658 = EDGE_CURVE ( 'NONE', #3434, #2330, #1803, .T. ) ;
#3659 = CARTESIAN_POINT ( 'NONE',  ( -11.61707311970166501, 3.265000000000000124, 12.25785032243587658 ) ) ;
#3660 = EDGE_CURVE ( 'NONE', #3879, #2718, #4719, .T. ) ;
#3661 = CARTESIAN_POINT ( 'NONE',  ( -9.511283720561264587, -3.000000000000000000, -23.14975676409983407 ) ) ;
#3662 = ORIENTED_EDGE ( 'NONE', *, *, #365, .T. ) ;
#3663 = DIRECTION ( 'NONE',  ( -0.000000000000000000, 1.000000000000000000, -0.000000000000000000 ) ) ;
#3664 = CIRCLE ( 'NONE', #560, 14.64608244481026667 ) ;
#3665 = CARTESIAN_POINT ( 'NONE',  ( 30.84144333032081420, -2.500000000000000000, 4.402443439001797465 ) ) ;
#3666 = ORIENTED_EDGE ( 'NONE', *, *, #1552, .F. ) ;
#3667 = VERTEX_POINT ( 'NONE', #606 ) ;
#3669 = CARTESIAN_POINT ( 'NONE',  ( -8.998655526815836581, -3.000000000000000000, -21.74132237720848693 ) ) ;
#3668 = CARTESIAN_POINT ( 'NONE',  ( -24.23974016647481022, -3.000000000000000000, 3.746098358530854711 ) ) ;
#3670 = DIRECTION ( 'NONE',  ( -0.9396926207859085389, 0.000000000000000000, -0.3420201433256684909 ) ) ;
#3671 = B_SPLINE_CURVE_WITH_KNOTS ( 'NONE', 3,
 ( #2845, #1004, #2816, #2098, #3565, #4314, #2118, #2305 ),
 .UNSPECIFIED., .F., .F.,
 ( 4, 2, 2, 4 ),
 ( 8.673617379884035472E-19, 0.0002243944063328079971, 0.0004487888126656151269, 0.0008975776253312357832 ),
 .UNSPECIFIED. ) ;
#3672 = CARTESIAN_POINT ( 'NONE',  ( 12.72296122597525603, -2.500000000000000000, -29.43056634765067159 ) ) ;
#3673 = ORIENTED_EDGE ( 'NONE', *, *, #3175, .T. ) ;
#3675 = VERTEX_POINT ( 'NONE', #3618 ) ;
#3674 = CARTESIAN_POINT ( 'NONE',  ( 31.84909871781023583, -2.576037802762225049, 3.696875540764982038 ) ) ;
#3676 = DIRECTION ( 'NONE',  ( -0.4226182617410740305, 0.000000000000000000, 0.9063077870364752986 ) ) ;
#3677 = LINE ( 'NONE', #3334, #122 ) ;
#3678 = ORIENTED_EDGE ( 'NONE', *, *, #3658, .F. ) ;
#3679 = CARTESIAN_POINT ( 'NONE',  ( -15.29263558886042063, 3.265000000000000124, 19.81189170665737365 ) ) ;
#3680 = CARTESIAN_POINT ( 'NONE',  ( 31.84909871781022872, -2.500000000000000000, 3.696875540764980705 ) ) ;
#3681 = PRODUCT_DEFINITION ( 'UNKNOWN', '', #3306, #2401 ) ;
#3682 = EDGE_CURVE ( 'NONE', #2195, #2639, #3415, .T. ) ;
#3683 = AXIS2_PLACEMENT_3D ( 'NONE', #1100, #703, #1481 ) ;
#3684 = PRESENTATION_LAYER_ASSIGNMENT (  '', '', ( #975 ) ) ;
#3685 = DIRECTION ( 'NONE',  ( -0.5735764363512210195, -0.000000000000000000, -0.8191520442888694520 ) ) ;
#3686 = CARTESIAN_POINT ( 'NONE',  ( -17.85439826556527265, -2.500000000000000000, -12.50178425576556762 ) ) ;
#3687 = ORIENTED_EDGE ( 'NONE', *, *, #2034, .T. ) ;
#3688 = APPLICATION_CONTEXT ( 'automotive_design' ) ;
#3689 = CARTESIAN_POINT ( 'NONE',  ( -11.61707311970166501, 3.265000000000000124, 12.25785032243587658 ) ) ;
#3690 = ORIENTED_EDGE ( 'NONE', *, *, #784, .F. ) ;
#3691 = AXIS2_PLACEMENT_3D ( 'NONE', #2559, #612, #715 ) ;
#3692 = ORIENTED_EDGE ( 'NONE', *, *, #1327, .T. ) ;
#3694 = CARTESIAN_POINT ( 'NONE',  ( 24.38451783834821640, -2.787165718555743688, 5.249802292978366758 ) ) ;
#3693 = DIRECTION ( 'NONE',  ( 0.9848077530122122392, -0.000000000000000000, 0.1736481776669059340 ) ) ;
#3695 = EDGE_CURVE ( 'NONE', #3922, #3001, #4259, .T. ) ;
#3696 = CARTESIAN_POINT ( 'NONE',  ( -4.296809377231538996, -2.990860970744409375, -15.52175720301539208 ) ) ;
#3697 = AXIS2_PLACEMENT_3D ( 'NONE', #218, #1675, #972 ) ;
#3698 = AXIS2_PLACEMENT_3D ( 'NONE', #4326, #283, #1814 ) ;
#3699 = DIRECTION ( 'NONE',  ( 0.1736481776669281663, 0.000000000000000000, 0.9848077530122084644 ) ) ;
#3700 = ORIENTED_EDGE ( 'NONE', *, *, #1314, .T. ) ;
#3702 = VERTEX_POINT ( 'NONE', #4338 ) ;
#3701 = DIRECTION ( 'NONE',  ( 0.000000000000000000, 0.000000000000000000, 1.000000000000000000 ) ) ;
#3703 = DIRECTION ( 'NONE',  ( -0.3420201433256698231, -0.000000000000000000, -0.9396926207859079838 ) ) ;
#3704 = VECTOR ( 'NONE', #3050, 1000.000000000000114 ) ;
#3705 = DIRECTION ( 'NONE',  ( -0.000000000000000000, -1.000000000000000000, -0.000000000000000000 ) ) ;
#3706 = VERTEX_POINT ( 'NONE', #3259 ) ;
#3707 = CARTESIAN_POINT ( 'NONE',  ( 14.51611685248734496, -2.842364916963000532, 18.68393437000253243 ) ) ;
#3708 = DIRECTION ( 'NONE',  ( -0.000000000000000000, -1.000000000000000000, -0.000000000000000000 ) ) ;
#3709 = CARTESIAN_POINT ( 'NONE',  ( -16.07282071980270644, 3.265000000000000124, 0.9150920754742549734 ) ) ;
#3710 = EDGE_LOOP ( 'NONE', ( #799, #481, #2404, #4260, #505, #4621, #361, #2695, #1560 ) ) ;
#3711 = DIRECTION ( 'NONE',  ( 0.000000000000000000, -0.000000000000000000, 1.000000000000000000 ) ) ;
#3712 = EDGE_CURVE ( 'NONE', #457, #3105, #3184, .T. ) ;
#3713 = ORIENTED_EDGE ( 'NONE', *, *, #4765, .F. ) ;
#3714 = ORIENTED_EDGE ( 'NONE', *, *, #29, .F. ) ;
#3716 = CARTESIAN_POINT ( 'NONE',  ( 24.44967702698104617, -2.579909940079746722, 5.346872873588295327 ) ) ;
#3715 = DIRECTION ( 'NONE',  ( -0.000000000000000000, -1.000000000000000000, -0.000000000000000000 ) ) ;
#3717 = DIRECTION ( 'NONE',  ( 0.9848077530122080203, 0.000000000000000000, 0.1736481776669306643 ) ) ;
#3718 = ADVANCED_FACE ( 'NONE', ( #955 ), #3588, .F. ) ;
#3719 = EDGE_CURVE ( 'NONE', #3675, #4787, #4648, .T. ) ;
#3720 = CYLINDRICAL_SURFACE ( 'NONE', #3613, 0.5000000000000002220 ) ;
#3721 = ORIENTED_EDGE ( 'NONE', *, *, #163, .T. ) ;
#3723 = EDGE_LOOP ( 'NONE', ( #126, #462, #2011, #4281 ) ) ;
#3722 = FACE_OUTER_BOUND ( 'NONE', #2364, .T. ) ;
#3724 = CARTESIAN_POINT ( 'NONE',  ( -20.79608018602539588, -2.500000000000000000, 23.19696497017492476 ) ) ;
#3725 = CIRCLE ( 'NONE', #1628, 24.02999999999999758 ) ;
#3726 = LINE ( 'NONE', #84, #2521 ) ;
#3727 = PLANE ( 'NONE',  #2223 ) ;
#3728 = VECTOR ( 'NONE', #3280, 1000.000000000000000 ) ;
#3729 = ORIENTED_EDGE ( 'NONE', *, *, #4710, .F. ) ;
#3730 = VERTEX_POINT ( 'NONE', #3982 ) ;
#3731 = CARTESIAN_POINT ( 'NONE',  ( -9.794555928166921888, -3.000000000000000000, -30.56969980137444409 ) ) ;
#3732 = DIRECTION ( 'NONE',  ( 0.9063077870364758537, -0.000000000000000000, 0.4226182617410730868 ) ) ;
#3733 = CARTESIAN_POINT ( 'NONE',  ( 10.23180186323414453, -3.000000000000000000, -29.63202286765672966 ) ) ;
#3734 = ORIENTED_EDGE ( 'NONE', *, *, #35, .F. ) ;
#3735 = DIRECTION ( 'NONE',  ( 0.000000000000000000, 1.000000000000000000, 0.000000000000000000 ) ) ;
#3736 = ORIENTED_EDGE ( 'NONE', *, *, #2033, .F. ) ;
#3738 = CARTESIAN_POINT ( 'NONE',  ( -14.32920972712166652, 3.265000000000000124, 18.66372547473203625 ) ) ;
#3737 = CARTESIAN_POINT ( 'NONE',  ( -21.78832457979373416, -2.961507457126720144, 23.55281562658473149 ) ) ;
#3739 = DIRECTION ( 'NONE',  ( 0.9396926207859083169, 0.000000000000000000, -0.3420201433256689905 ) ) ;
#3740 = ADVANCED_FACE ( 'NONE', ( #1345 ), #1706, .T. ) ;
#3741 = AXIS2_PLACEMENT_3D ( 'NONE', #4203, #309, #1746 ) ;
#3742 = ORIENTED_EDGE ( 'NONE', *, *, #2541, .T. ) ;
#3743 = DIRECTION ( 'NONE',  ( 0.08715574274746686056, 0.000000000000000000, -0.9961946980917621985 ) ) ;
#3745 = ORIENTED_EDGE ( 'NONE', *, *, #3475, .T. ) ;
#3744 = DIRECTION ( 'NONE',  ( 0.5735764363505577723, 0.000000000000000000, 0.8191520442893338583 ) ) ;
#3746 = CARTESIAN_POINT ( 'NONE',  ( -16.07282071980270644, -2.500000000000000000, 0.9150920754742549734 ) ) ;
#3747 = ADVANCED_FACE ( 'NONE', ( #1418, #3960 ), #1006, .F. ) ;
#3748 = DIRECTION ( 'NONE',  ( 0.9063077870364197874, -0.000000000000000000, -0.4226182617411931020 ) ) ;
#3749 = EDGE_CURVE ( 'NONE', #2264, #2384, #4159, .T. ) ;
#3750 = EDGE_CURVE ( 'NONE', #1002, #2639, #1500, .T. ) ;
#3751 = LINE ( 'NONE', #2542, #2302 ) ;
#3752 = ORIENTED_EDGE ( 'NONE', *, *, #3387, .F. ) ;
#3753 = CARTESIAN_POINT ( 'NONE',  ( -23.56909177937826882, -3.000000000000000000, 4.683888629679834104 ) ) ;
#3754 = EDGE_CURVE ( 'NONE', #2393, #1011, #2572, .T. ) ;
#3755 = LINE ( 'NONE', #3230, #4252 ) ;
#3756 = DIRECTION ( 'NONE',  ( 0.08715574274696420709, 0.000000000000000000, 0.9961946980918062744 ) ) ;
#3757 = ORIENTED_EDGE ( 'NONE', *, *, #2647, .F. ) ;
#3758 = AXIS2_PLACEMENT_3D ( 'NONE', #334, #1921, #4757 ) ;
#3759 = CARTESIAN_POINT ( 'NONE',  ( -15.36408642680025771, -3.000000000000000000, 19.11918158603583251 ) ) ;
#3760 = ORIENTED_EDGE ( 'NONE', *, *, #3217, .F. ) ;
#3762 = CARTESIAN_POINT ( 'NONE',  ( -6.530831529805279700, -3.000000000000000000, -14.72313383150301291 ) ) ;
#3761 = DIRECTION ( 'NONE',  ( -0.000000000000000000, -1.000000000000000000, -0.000000000000000000 ) ) ;
#3763 = CARTESIAN_POINT ( 'NONE',  ( 0.000000000000000000, -2.500000000000000000, 0.000000000000000000 ) ) ;
#3764 = AXIS2_PLACEMENT_3D ( 'NONE', #47, #1535, #3670 ) ;
#3765 = VECTOR ( 'NONE', #568, 1000.000000000000000 ) ;
#3766 = DIRECTION ( 'NONE',  ( 0.000000000000000000, -1.000000000000000000, 0.000000000000000000 ) ) ;
#3767 = ORIENTED_EDGE ( 'NONE', *, *, #722, .T. ) ;
#3768 = CIRCLE ( 'NONE', #4375, 25.02749999999999275 ) ;
#3769 = CARTESIAN_POINT ( 'NONE',  ( 11.72428514981459635, -3.000000000000000000, 11.03241121076136544 ) ) ;
#3770 = VECTOR ( 'NONE', #4467, 1000.000000000000000 ) ;
#3772 = ORIENTED_EDGE ( 'NONE', *, *, #3442, .F. ) ;
#3771 = CYLINDRICAL_SURFACE ( 'NONE', #4698, 14.57731163100814697 ) ;
#3773 = DIRECTION ( 'NONE',  ( 0.000000000000000000, 0.000000000000000000, -1.000000000000000000 ) ) ;
#3774 = AXIS2_PLACEMENT_3D ( 'NONE', #7, #3386, #3026 ) ;
#3775 = DIRECTION ( 'NONE',  ( -0.9063077870368823064, -0.000000000000000000, -0.4226182617402011732 ) ) ;
#3776 = VECTOR ( 'NONE', #86, 999.9999999999998863 ) ;
#3777 = VECTOR ( 'NONE', #3210, 1000.000000000000000 ) ;
#3778 = CARTESIAN_POINT ( 'NONE',  ( 7.594310774156539878, -2.579909940079745390, -23.84747785648474405 ) ) ;
#3779 = ORIENTED_EDGE ( 'NONE', *, *, #2026, .T. ) ;
#3780 = AXIS2_PLACEMENT_3D ( 'NONE', #3769, #2675, #3838 ) ;
#3781 = ORIENTED_EDGE ( 'NONE', *, *, #2709, .F. ) ;
#3782 = CARTESIAN_POINT ( 'NONE',  ( -30.77798550052900239, -3.000000000000000000, 5.955011093778559861 ) ) ;
#3783 = CARTESIAN_POINT ( 'NONE',  ( -0.3983431104218093655, -2.500000000000000000, 0.3342495570369435898 ) ) ;
#3784 = ADVANCED_FACE ( 'NONE', ( #384 ), #4762, .F. ) ;
#3785 = EDGE_LOOP ( 'NONE', ( #3546, #801, #3018, #757 ) ) ;
#3786 = CARTESIAN_POINT ( 'NONE',  ( -20.55407337132485424, -0.01920984833661999736, -11.47405542676626844 ) ) ;
#3787 = ORIENTED_EDGE ( 'NONE', *, *, #2955, .T. ) ;
#3788 = DIRECTION ( 'NONE',  ( 0.9396926207859087610, 0.000000000000000000, -0.3420201433256677137 ) ) ;
#3789 = CARTESIAN_POINT ( 'NONE',  ( -23.32786525393756349, -2.581508752381810989, 3.077596902476485763 ) ) ;
#3790 = CARTESIAN_POINT ( 'NONE',  ( 24.05914606170105330, -3.000000000000000000, 4.770298421664434407 ) ) ;
#3791 = ORIENTED_EDGE ( 'NONE', *, *, #4149, .F. ) ;
#3792 = CARTESIAN_POINT ( 'NONE',  ( 0.000000000000000000, 0.000000000000000000, 0.000000000000000000 ) ) ;
#3794 = ORIENTED_EDGE ( 'NONE', *, *, #657, .F. ) ;
#3793 = CARTESIAN_POINT ( 'NONE',  ( 10.05434245573841068, -2.500000000000000000, 13.56913704619687699 ) ) ;
#3795 = CARTESIAN_POINT ( 'NONE',  ( 0.3983431104229284703, -2.500000000000000000, -0.3342495570378904435 ) ) ;
#3796 = CARTESIAN_POINT ( 'NONE',  ( 0.4886401628081498139, -3.000000000000000000, 0.1778504745291592803 ) ) ;
#3797 = CARTESIAN_POINT ( 'NONE',  ( -8.837934659457820530, -2.963980324420347312, -22.10383960449565066 ) ) ;
#3798 = ORIENTED_EDGE ( 'NONE', *, *, #4096, .F. ) ;
#3799 = AXIS2_PLACEMENT_3D ( 'NONE', #739, #2272, #440 ) ;
#3800 = CARTESIAN_POINT ( 'NONE',  ( -10.05434245573797369, 3.265000000000000124, 13.56913704619718430 ) ) ;
#3801 = EDGE_CURVE ( 'NONE', #2334, #1172, #1851, .T. ) ;
#3802 = CIRCLE ( 'NONE', #1714, 25.02749999999999275 ) ;
#3803 = CARTESIAN_POINT ( 'NONE',  ( 7.081682580411110095, 3.265000000000000124, -22.43904346959338980 ) ) ;
#3804 = ORIENTED_EDGE ( 'NONE', *, *, #2535, .T. ) ;
#3805 = CARTESIAN_POINT ( 'NONE',  ( -12.50178425574864782, -2.500000000000000000, 17.85439826558410203 ) ) ;
#3806 = PLANE ( 'NONE',  #4352 ) ;
#3807 = ORIENTED_EDGE ( 'NONE', *, *, #548, .F. ) ;
#3808 = ADVANCED_FACE ( 'NONE', ( #1825 ), #2217, .T. ) ;
#3809 = EDGE_CURVE ( 'NONE', #1205, #1158, #580, .T. ) ;
#3810 = EDGE_CURVE ( 'NONE', #1156, #688, #1896, .T. ) ;
#3811 = ORIENTED_EDGE ( 'NONE', *, *, #3325, .F. ) ;
#3812 = FACE_OUTER_BOUND ( 'NONE', #4028, .T. ) ;
#3813 = CARTESIAN_POINT ( 'NONE',  ( 22.02151929896932359, -3.000000000000000000, 23.30417700039738449 ) ) ;
#3814 = ORIENTED_EDGE ( 'NONE', *, *, #2864, .T. ) ;
#3816 = ORIENTED_EDGE ( 'NONE', *, *, #1877, .T. ) ;
#3815 = CARTESIAN_POINT ( 'NONE',  ( -19.23334952206178272, 3.265000000000000124, 24.50825169393615610 ) ) ;
#3817 = DIRECTION ( 'NONE',  ( 0.000000000000000000, 0.000000000000000000, 1.000000000000000000 ) ) ;
#3818 = AXIS2_PLACEMENT_3D ( 'NONE', #9, #2615, #1501 ) ;
#3819 = CARTESIAN_POINT ( 'NONE',  ( 11.61707311970207712, -2.500000000000000000, 12.25785032243555506 ) ) ;
#3820 = LINE ( 'NONE', #3023, #900 ) ;
#3821 = ORIENTED_EDGE ( 'NONE', *, *, #3801, .F. ) ;
#3822 = ORIENTED_EDGE ( 'NONE', *, *, #4243, .T. ) ;
#3823 = DIRECTION ( 'NONE',  ( 4.440892098500626951E-15, 0.000000000000000000, 1.000000000000000000 ) ) ;
#3824 = CARTESIAN_POINT ( 'NONE',  ( 7.209326156194499013, -2.669027361111939722, -14.39504718728815824 ) ) ;
#3825 = TOROIDAL_SURFACE ( 'NONE', #262, 24.52749999999998920, 0.5000000000000000000 ) ;
#3826 = EDGE_LOOP ( 'NONE', ( #3489, #109, #1513, #3760 ) ) ;
#3827 = DIRECTION ( 'NONE',  ( -0.000000000000000000, -1.000000000000000000, -0.000000000000000000 ) ) ;
#3828 = CARTESIAN_POINT ( 'NONE',  ( 11.17258253940787860, -3.000000000000000000, 11.60154428044662289 ) ) ;
#3829 = ORIENTED_EDGE ( 'NONE', *, *, #2117, .F. ) ;
#3830 = CARTESIAN_POINT ( 'NONE',  ( -5.206084834573832865, -3.000000000000000000, -15.82397881484218871 ) ) ;
#3831 = EDGE_CURVE ( 'NONE', #2819, #1427, #3915, .T. ) ;
#3832 = EDGE_LOOP ( 'NONE', ( #14, #1299, #139, #4760 ) ) ;
#3833 = DIRECTION ( 'NONE',  ( 0.4226182617402906572, -0.000000000000000000, 0.9063077870368405620 ) ) ;
#3834 = AXIS2_PLACEMENT_3D ( 'NONE', #4708, #3949, #4276 ) ;
#3835 = DIRECTION ( 'NONE',  ( 0.000000000000000000, 0.000000000000000000, 1.000000000000000000 ) ) ;
#3836 = EDGE_CURVE ( 'NONE', #977, #4496, #1533, .T. ) ;
#3837 = ORIENTED_EDGE ( 'NONE', *, *, #1770, .T. ) ;
#3838 = DIRECTION ( 'NONE',  ( 0.08715574274745541139, 0.000000000000000000, -0.9961946980917633088 ) ) ;
#3839 = EDGE_CURVE ( 'NONE', #2128, #2099, #3014, .T. ) ;
#3840 = ORIENTED_EDGE ( 'NONE', *, *, #2651, .F. ) ;
#3841 = AXIS2_PLACEMENT_3D ( 'NONE', #839, #4512, #1934 ) ;
#3842 = CARTESIAN_POINT ( 'NONE',  ( 0.000000000000000000, 3.265000000000000124, 0.000000000000000000 ) ) ;
#3843 = EDGE_LOOP ( 'NONE', ( #2866, #4155, #4343, #4595 ) ) ;
#3844 = ORIENTED_EDGE ( 'NONE', *, *, #1662, .F. ) ;
#3845 = CIRCLE ( 'NONE', #1141, 14.64608244481090438 ) ;
#3846 = CARTESIAN_POINT ( 'NONE',  ( -30.48720104788181828, -2.500000000000000000, 6.411451255149191120 ) ) ;
#3847 = VECTOR ( 'NONE', #2969, 1000.000000000000000 ) ;
#3848 = VECTOR ( 'NONE', #3997, 1000.000000000000000 ) ;
#3849 = CARTESIAN_POINT ( 'NONE',  ( 3.692205798609079270, -2.500000000000000000, -15.66973438633268856 ) ) ;
#3850 = VERTEX_POINT ( 'NONE', #4383 ) ;
#3851 = VECTOR ( 'NONE', #1844, 1000.000000000000000 ) ;
#3852 = DIRECTION ( 'NONE',  ( 0.000000000000000000, 0.000000000000000000, 1.000000000000000000 ) ) ;
#3853 = DIRECTION ( 'NONE',  ( -0.6427876096865972055, 0.000000000000000000, -0.7660444431189294967 ) ) ;
#3854 = ORIENTED_EDGE ( 'NONE', *, *, #3593, .T. ) ;
#3855 = CARTESIAN_POINT ( 'NONE',  ( 16.42414633486759712, -2.500000000000000000, 3.931755278064975823 ) ) ;
#3856 = LINE ( 'NONE', #893, #656 ) ;
#3857 = CARTESIAN_POINT ( 'NONE',  ( 15.66324469765772598, -2.500000000000000000, 1.201880293650165576 ) ) ;
#3858 = ORIENTED_EDGE ( 'NONE', *, *, #307, .F. ) ;
#3859 = VECTOR ( 'NONE', #2065, 1000.000000000000227 ) ;
#3860 = CARTESIAN_POINT ( 'NONE',  ( 19.84842270412693566, 3.265000000000000124, -12.63728674036868860 ) ) ;
#3861 = EDGE_CURVE ( 'NONE', #2556, #2824, #4479, .T. ) ;
#3862 = VECTOR ( 'NONE', #351, 1000.000000000000114 ) ;
#3863 = CARTESIAN_POINT ( 'NONE',  ( 8.828903344064009673, -2.500000000000000000, 13.46192501608482672 ) ) ;
#3864 = VERTEX_POINT ( 'NONE', #4781 ) ;
#3866 = ORIENTED_EDGE ( 'NONE', *, *, #2622, .T. ) ;
#3865 = CARTESIAN_POINT ( 'NONE',  ( 9.404373085821708500, -2.787165718555743688, -23.10244361938267588 ) ) ;
#3867 = CARTESIAN_POINT ( 'NONE',  ( -0.09029705238680629797, -3.000000000000000000, 0.5121000315663446489 ) ) ;
#3868 = CARTESIAN_POINT ( 'NONE',  ( -6.724046161570257141, -2.500000000000000000, -15.49188450811626794 ) ) ;
#3869 = EDGE_CURVE ( 'NONE', #882, #3434, #1969, .T. ) ;
#3870 = EDGE_CURVE ( 'NONE', #1002, #4468, #2445, .T. ) ;
#3871 = DIRECTION ( 'NONE',  ( 0.000000000000000000, 0.000000000000000000, 1.000000000000000000 ) ) ;
#3872 = VERTEX_POINT ( 'NONE', #4427 ) ;
#3873 = ORIENTED_EDGE ( 'NONE', *, *, #2090, .F. ) ;
#3874 = LINE ( 'NONE', #1306, #3765 ) ;
#3875 = CARTESIAN_POINT ( 'NONE',  ( -1.019999999997242446, 3.265000000000000124, 23.50788165701039034 ) ) ;
#3876 = ORIENTED_EDGE ( 'NONE', *, *, #3511, .T. ) ;
#3877 = CYLINDRICAL_SURFACE ( 'NONE', #4151, 14.64608244481091859 ) ;
#3878 = CARTESIAN_POINT ( 'NONE',  ( -21.14644285628553888, 3.265000000000000124, -13.38669902462328487 ) ) ;
#3879 = VERTEX_POINT ( 'NONE', #1124 ) ;
#3880 = LINE ( 'NONE', #3173, #2779 ) ;
#3881 = VECTOR ( 'NONE', #833, 1000.000000000000000 ) ;
#3882 = AXIS2_PLACEMENT_3D ( 'NONE', #1054, #3233, #3568 ) ;
#3883 = FACE_OUTER_BOUND ( 'NONE', #392, .T. ) ;
#3884 = EDGE_LOOP ( 'NONE', ( #3752, #4767, #4063, #145 ) ) ;
#3885 = CARTESIAN_POINT ( 'NONE',  ( -23.74968588415213588, -3.000000000000000000, 3.659688566545644228 ) ) ;
#3886 = CARTESIAN_POINT ( 'NONE',  ( 21.57685864997011649, -3.000000000000000000, 23.76718415326528344 ) ) ;
#3887 = ORIENTED_EDGE ( 'NONE', *, *, #4290, .F. ) ;
#3889 = VERTEX_POINT ( 'NONE', #2599 ) ;
#3888 = CARTESIAN_POINT ( 'NONE',  ( -9.511283720561264587, -2.500000000000000000, -23.14975676409983407 ) ) ;
#3890 = ADVANCED_FACE ( 'NONE', ( #4075 ), #4500, .T. ) ;
#3891 = DIRECTION ( 'NONE',  ( 0.000000000000000000, 0.000000000000000000, 1.000000000000000000 ) ) ;
#3892 = LINE ( 'NONE', #2361, #650 ) ;
#3893 = DIRECTION ( 'NONE',  ( -0.000000000000000000, 1.000000000000000000, -0.000000000000000000 ) ) ;
#3894 = ORIENTED_EDGE ( 'NONE', *, *, #3030, .T. ) ;
#3895 = EDGE_LOOP ( 'NONE', ( #1846, #2686, #3154, #1210, #2466, #1483 ) ) ;
#3896 = ADVANCED_FACE ( 'NONE', ( #553 ), #3486, .T. ) ;
#3897 = ADVANCED_FACE ( 'NONE', ( #190 ), #3825, .T. ) ;
#3898 = DIRECTION ( 'NONE',  ( 0.000000000000000000, 0.000000000000000000, 1.000000000000000000 ) ) ;
#3899 = AXIS2_PLACEMENT_3D ( 'NONE', #4060, #2224, #1183 ) ;
#3900 = EDGE_CURVE ( 'NONE', #3160, #1912, #1578, .T. ) ;
#3901 = CARTESIAN_POINT ( 'NONE',  ( 3.908739340735691847, -2.848831634978266969, -15.61999512261425416 ) ) ;
#3902 = CARTESIAN_POINT ( 'NONE',  ( -16.77838861730829123, -2.500000000000000000, 1.922747461919029899 ) ) ;
#3903 = CARTESIAN_POINT ( 'NONE',  ( -15.41649094842271239, 3.265000000000000124, 4.637323175571033573 ) ) ;
#3904 = ADVANCED_FACE ( 'NONE', ( #919 ), #3198, .T. ) ;
#3905 = LINE ( 'NONE', #4275, #915 ) ;
#3906 = CARTESIAN_POINT ( 'NONE',  ( 4.807073215165557301, -2.500000000000000000, -16.18960560050119213 ) ) ;
#3907 = LINE ( 'NONE', #2070, #4306 ) ;
#3908 = ORIENTED_EDGE ( 'NONE', *, *, #3247, .T. ) ;
#3909 = DIRECTION ( 'NONE',  ( -0.4999999999999910072, 0.000000000000000000, -0.8660254037844438146 ) ) ;
#3910 = CARTESIAN_POINT ( 'NONE',  ( 6.254199851177158820, -3.000000000000000000, -15.66289457978172628 ) ) ;
#3911 = ORIENTED_EDGE ( 'NONE', *, *, #4393, .F. ) ;
#3913 = EDGE_LOOP ( 'NONE', ( #1450, #589, #4168, #4557 ) ) ;
#3912 = DIRECTION ( 'NONE',  ( 0.000000000000000000, 0.000000000000000000, -1.000000000000000000 ) ) ;
#3914 = DIRECTION ( 'NONE',  ( 0.000000000000000000, 0.000000000000000000, 1.000000000000000000 ) ) ;
#3915 = CIRCLE ( 'NONE', #3521, 14.57731163100802796 ) ;
#3916 = CARTESIAN_POINT ( 'NONE',  ( 0.000000000000000000, -3.000000000000000000, 0.000000000000000000 ) ) ;
#3917 = ORIENTED_EDGE ( 'NONE', *, *, #2690, .T. ) ;
#3918 = ORIENTED_EDGE ( 'NONE', *, *, #1581, .T. ) ;
#3919 = CARTESIAN_POINT ( 'NONE',  ( -23.56909177937826882, -3.000000000000000000, 4.683888629679834104 ) ) ;
#3920 = EDGE_CURVE ( 'NONE', #2918, #2348, #2666, .T. ) ;
#3921 = CARTESIAN_POINT ( 'NONE',  ( 3.692205798609078826, -2.586862816039454227, -15.66973438633268856 ) ) ;
#3922 = VERTEX_POINT ( 'NONE', #3855 ) ;
#3923 = CARTESIAN_POINT ( 'NONE',  ( 0.000000000000000000, -2.500000000000000000, 0.000000000000000000 ) ) ;
#3924 = LINE ( 'NONE', #2343, #11 ) ;
#3925 = LINE ( 'NONE', #3510, #3243 ) ;
#3926 = CARTESIAN_POINT ( 'NONE',  ( 15.36408642680076042, -3.000000000000000000, 19.11918158603543461 ) ) ;
#3927 = AXIS2_PLACEMENT_3D ( 'NONE', #4614, #4248, #944 ) ;
#3928 = CIRCLE ( 'NONE', #3462, 24.02999999999999758 ) ;
#3929 = DIRECTION ( 'NONE',  ( -0.9396926207859084279, 0.000000000000000000, -0.3420201433256688239 ) ) ;
#3930 = ORIENTED_EDGE ( 'NONE', *, *, #2345, .F. ) ;
#3931 = VECTOR ( 'NONE', #3503, 1000.000000000000000 ) ;
#3932 = DIRECTION ( 'NONE',  ( -0.8660254037844438146, 0.000000000000000000, 0.4999999999999910072 ) ) ;
#3933 = B_SPLINE_CURVE_WITH_KNOTS ( 'NONE', 3,
 ( #410, #3043, #81, #4508, #1858, #1929, #3373, #809 ),
 .UNSPECIFIED., .F., .F.,
 ( 4, 2, 2, 4 ),
 ( 0.000000000000000000, 0.0004478229640554489245, 0.0006717344460831769105, 0.0008956459281109050048 ),
 .UNSPECIFIED. ) ;
#3934 = CARTESIAN_POINT ( 'NONE',  ( 21.68384748107624915, -3.000000000000001776, 23.66055998100922153 ) ) ;
#3935 = ORIENTED_EDGE ( 'NONE', *, *, #2581, .F. ) ;
#3937 = CARTESIAN_POINT ( 'NONE',  ( -12.41882725091065076, -2.961413309392037618, -29.58443282727938239 ) ) ;
#3936 = DIRECTION ( 'NONE',  ( -0.000000000000000000, 1.000000000000000000, -0.000000000000000000 ) ) ;
#3938 = DIRECTION ( 'NONE',  ( 0.000000000000000000, -0.5457393103138269419, 0.8379550138152933592 ) ) ;
#3939 = CARTESIAN_POINT ( 'NONE',  ( 8.922702663148839974, -2.842366286027164790, -21.91329476263802434 ) ) ;
#3940 = CARTESIAN_POINT ( 'NONE',  ( -16.16077264764482280, -3.000000000000000000, 18.45068247196115863 ) ) ;
#3941 = ORIENTED_EDGE ( 'NONE', *, *, #1177, .F. ) ;
#3942 = ORIENTED_EDGE ( 'NONE', *, *, #3719, .T. ) ;
#3943 = CARTESIAN_POINT ( 'NONE',  ( 20.86842270412794065, 3.265000000000000124, -10.87059491664726352 ) ) ;
#3944 = DIRECTION ( 'NONE',  ( 0.7256903291925903554, -0.5457393103138244994, -0.4189775069076392411 ) ) ;
#3945 = DIRECTION ( 'NONE',  ( 0.000000000000000000, 0.000000000000000000, 1.000000000000000000 ) ) ;
#3946 = LINE ( 'NONE', #4327, #1542 ) ;
#3947 = CARTESIAN_POINT ( 'NONE',  ( -11.44281778395762750, -2.999999999999999112, -29.06214270632564123 ) ) ;
#3948 = EDGE_CURVE ( 'NONE', #2330, #2264, #573, .T. ) ;
#3949 = DIRECTION ( 'NONE',  ( 0.000000000000000000, -1.000000000000000000, 0.000000000000000000 ) ) ;
#3950 = DIRECTION ( 'NONE',  ( -0.000000000000000000, 1.000000000000000000, -0.000000000000000000 ) ) ;
#3951 = ORIENTED_EDGE ( 'NONE', *, *, #2591, .F. ) ;
#3952 = VECTOR ( 'NONE', #3980, 1000.000000000000114 ) ;
#3953 = EDGE_CURVE ( 'NONE', #3610, #986, #3880, .T. ) ;
#3954 = EDGE_CURVE ( 'NONE', #1109, #4080, #3925, .T. ) ;
#3955 = CARTESIAN_POINT ( 'NONE',  ( -15.89194039108521039, -2.500000000000000000, 17.35243875097084398 ) ) ;
#3956 = EDGE_CURVE ( 'NONE', #1226, #1750, #1669, .T. ) ;
#3957 = VECTOR ( 'NONE', #4193, 1000.000000000000000 ) ;
#3958 = LINE ( 'NONE', #3159, #3411 ) ;
#3959 = ORIENTED_EDGE ( 'NONE', *, *, #2915, .T. ) ;
#3961 = ORIENTED_EDGE ( 'NONE', *, *, #3534, .T. ) ;
#3960 = FACE_OUTER_BOUND ( 'NONE', #1956, .T. ) ;
#3962 = PLANE ( 'NONE',  #1288 ) ;
#3963 = CARTESIAN_POINT ( 'NONE',  ( -7.081682580411170491, -3.000000000000000000, -22.43904346959336848 ) ) ;
#3964 = DIRECTION ( 'NONE',  ( -0.000000000000000000, 1.000000000000000000, -0.000000000000000000 ) ) ;
#3965 = ORIENTED_EDGE ( 'NONE', *, *, #991, .F. ) ;
#3966 = VERTEX_POINT ( 'NONE', #4617 ) ;
#3967 = VERTEX_POINT ( 'NONE', #1361 ) ;
#3968 = PRODUCT_DEFINITION_SHAPE ( 'NONE', 'NONE',  #3681 ) ;
#3969 = CARTESIAN_POINT ( 'NONE',  ( -7.437823489742122263, -2.963980324420346424, -22.61343839493578756 ) ) ;
#3970 = CARTESIAN_POINT ( 'NONE',  ( 3.729741856609732675, -2.668231137178746604, -15.66143673156398641 ) ) ;
#3971 = CARTESIAN_POINT ( 'NONE',  ( 24.23974016647490970, -3.000000000000000000, 3.746098358530197903 ) ) ;
#3972 = CARTESIAN_POINT ( 'NONE',  ( 8.861813474770109167, -2.669027361112075170, 13.44098318907620104 ) ) ;
#3973 = LINE ( 'NONE', #2587, #2072 ) ;
#3974 = CARTESIAN_POINT ( 'NONE',  ( -24.44967702698092182, 3.265000000000000124, 5.346872873588901065 ) ) ;
#3975 = VECTOR ( 'NONE', #4020, 1000.000000000000000 ) ;
#3976 = LINE ( 'NONE', #1119, #1727 ) ;
#3977 = EDGE_LOOP ( 'NONE', ( #4093, #2849, #2170, #2225 ) ) ;
#3978 = LINE ( 'NONE', #2168, #2595 ) ;
#3979 = ADVANCED_FACE ( 'NONE', ( #2810 ), #1311, .T. ) ;
#3980 = DIRECTION ( 'NONE',  ( -0.6427876096865237088, -0.000000000000000000, 0.7660444431189911141 ) ) ;
#3981 = VERTEX_POINT ( 'NONE', #2787 ) ;
#3983 = ORIENTED_EDGE ( 'NONE', *, *, #136, .F. ) ;
#3982 = CARTESIAN_POINT ( 'NONE',  ( 22.02151929896932359, 3.265000000000000124, 23.30417700039738449 ) ) ;
#3984 = DIRECTION ( 'NONE',  ( 0.08715574274746687444, 0.000000000000000000, -0.9961946980917623096 ) ) ;
#3985 = PLANE ( 'NONE',  #1071 ) ;
#3986 = EDGE_CURVE ( 'NONE', #3602, #3485, #946, .T. ) ;
#3987 = DIRECTION ( 'NONE',  ( 0.9848077530122083534, 0.000000000000000000, -0.1736481776669292765 ) ) ;
#3988 = ORIENTED_EDGE ( 'NONE', *, *, #3870, .T. ) ;
#3989 = CYLINDRICAL_SURFACE ( 'NONE', #2299, 0.5000000000000000000 ) ;
#3990 = CARTESIAN_POINT ( 'NONE',  ( -11.57262139638229925, -2.849145032862545168, 11.19540583005836254 ) ) ;
#3991 = EDGE_LOOP ( 'NONE', ( #3265, #2130, #3550, #4531 ) ) ;
#3992 = ORIENTED_EDGE ( 'NONE', *, *, #2345, .T. ) ;
#3993 = CARTESIAN_POINT ( 'NONE',  ( 22.97362297149689070, -2.500000000000000000, 5.086604718622282917 ) ) ;
#3994 = CARTESIAN_POINT ( 'NONE',  ( -15.85313804900485835, -3.000000000000000000, 17.90980453887913981 ) ) ;
#3995 = CARTESIAN_POINT ( 'NONE',  ( 15.29557924842988292, -2.656873957769901651, 19.78473408745126250 ) ) ;
#3996 = AXIS2_PLACEMENT_3D ( 'NONE', #1340, #3909, #3932 ) ;
#3997 = DIRECTION ( 'NONE',  ( -0.000000000000000000, -1.000000000000000000, -0.000000000000000000 ) ) ;
#3998 = ORIENTED_EDGE ( 'NONE', *, *, #1235, .T. ) ;
#3999 = VECTOR ( 'NONE', #3632, 1000.000000000000000 ) ;
#4000 = DIRECTION ( 'NONE',  ( -0.000000000000000000, 1.000000000000000000, -0.000000000000000000 ) ) ;
#4001 =( BOUNDED_CURVE ( )  B_SPLINE_CURVE ( 3, ( #1868, #3392, #4067, #3339 ),
 .UNSPECIFIED., .F., .T. ) 
 B_SPLINE_CURVE_WITH_KNOTS ( ( 4, 4 ),
 ( 4.712388980384684345, 6.283185307179586232 ),
 .UNSPECIFIED. ) 
 CURVE ( )  GEOMETRIC_REPRESENTATION_ITEM ( )  RATIONAL_B_SPLINE_CURVE ( ( 1.000000000000000000, 0.8047378541243637162, 0.8047378541243637162, 1.000000000000000000 ) ) 
 REPRESENTATION_ITEM ( '' )  );
#4002 = AXIS2_PLACEMENT_3D ( 'NONE', #370, #1856, #3987 ) ;
#4003 = CARTESIAN_POINT ( 'NONE',  ( -31.84909871781260904, -2.500000000000000000, 3.696875540765334645 ) ) ;
#4004 = ORIENTED_EDGE ( 'NONE', *, *, #760, .F. ) ;
#4005 = VECTOR ( 'NONE', #4066, 1000.000000000000114 ) ;
#4006 = B_SPLINE_CURVE_WITH_KNOTS ( 'NONE', 3,
 ( #1599, #4497, #4573, #4591, #3079, #4549, #4185, #554 ),
 .UNSPECIFIED., .F., .F.,
 ( 4, 2, 2, 4 ),
 ( 0.000000000000000000, 0.0002356549434846561962, 0.0004713098869693123924, 0.0009426197739386250017 ),
 .UNSPECIFIED. ) ;
#4008 = CARTESIAN_POINT ( 'NONE',  ( -11.61707311970166501, -2.500000000000000000, 12.25785032243587658 ) ) ;
#4007 = CARTESIAN_POINT ( 'NONE',  ( -22.02151929897089389, -2.576007553701633590, 23.30417700039917506 ) ) ;
#4009 = DIRECTION ( 'NONE',  ( -0.6427876096865391409, 0.000000000000000000, 0.7660444431189782355 ) ) ;
#4010 = EDGE_CURVE ( 'NONE', #2128, #2158, #3905, .T. ) ;
#4011 = DIRECTION ( 'NONE',  ( 0.9848077530122080203, 0.000000000000000000, 0.1736481776669306643 ) ) ;
#4012 = VERTEX_POINT ( 'NONE', #75 ) ;
#4013 = ORIENTED_EDGE ( 'NONE', *, *, #1557, .T. ) ;
#4014 = CYLINDRICAL_SURFACE ( 'NONE', #2688, 0.4999999999999986122 ) ;
#4015 = EDGE_CURVE ( 'NONE', #582, #1468, #395, .T. ) ;
#4016 = ADVANCED_FACE ( 'NONE', ( #1721 ), #285, .F. ) ;
#4017 = ADVANCED_FACE ( 'NONE', ( #1387 ), #1772, .F. ) ;
#4018 = DIRECTION ( 'NONE',  ( 0.9848077530122211209, 0.000000000000000000, 0.1736481776668561960 ) ) ;
#4019 = CARTESIAN_POINT ( 'NONE',  ( -31.23834335489625857, -2.833599059609036352, 7.271518973567530963 ) ) ;
#4020 = DIRECTION ( 'NONE',  ( 0.9848077530122080203, -0.000000000000000000, -0.1736481776669309696 ) ) ;
#4021 = CARTESIAN_POINT ( 'NONE',  ( -22.97362297149675214, 3.265000000000000124, 5.086604718622892207 ) ) ;
#4022 = CARTESIAN_POINT ( 'NONE',  ( -7.728179347889287065, -3.000000000000000000, -22.75337653990847642 ) ) ;
#4023 = CARTESIAN_POINT ( 'NONE',  ( -9.691120861856122204, 3.265000000000000124, -29.60841622532391781 ) ) ;
#4024 = ORIENTED_EDGE ( 'NONE', *, *, #2156, .F. ) ;
#4025 = FACE_OUTER_BOUND ( 'NONE', #601, .T. ) ;
#4026 = CARTESIAN_POINT ( 'NONE',  ( -31.80608415963236979, -3.000000000000000000, 4.337381953036411275 ) ) ;
#4027 = AXIS2_PLACEMENT_3D ( 'NONE', #2661, #823, #3257 ) ;
#4028 = EDGE_LOOP ( 'NONE', ( #4220, #2321, #3349, #2182 ) ) ;
#4030 = CARTESIAN_POINT ( 'NONE',  ( -9.511283720561255706, 3.265000000000000124, -23.14975676409983052 ) ) ;
#4029 = CARTESIAN_POINT ( 'NONE',  ( -24.49641643738682006, -2.963709313982508586, 3.561570976938170929 ) ) ;
#4031 = DIRECTION ( 'NONE',  ( -0.3420201433256717105, 0.000000000000000000, 0.9396926207859074287 ) ) ;
#4032 = CIRCLE ( 'NONE', #4179, 24.02999999999999758 ) ;
#4033 = AXIS2_PLACEMENT_3D ( 'NONE', #2942, #1103, #4053 ) ;
#4034 = CARTESIAN_POINT ( 'NONE',  ( 20.79608018602494823, -2.500000000000000000, 23.19696497017266879 ) ) ;
#4035 = EDGE_CURVE ( 'NONE', #4012, #2191, #3237, .T. ) ;
#4036 = ORIENTED_EDGE ( 'NONE', *, *, #1828, .T. ) ;
#4038 = ORIENTED_EDGE ( 'NONE', *, *, #785, .T. ) ;
#4037 = CARTESIAN_POINT ( 'NONE',  ( 31.84909871781022872, -2.500000000000000000, 3.696875540764980705 ) ) ;
#4039 = LINE ( 'NONE', #4345, #281 ) ;
#4040 = CARTESIAN_POINT ( 'NONE',  ( 3.692205798609079270, -2.500000000000000000, -15.66973438633268856 ) ) ;
#4041 = ADVANCED_FACE ( 'NONE', ( #328 ), #260, .F. ) ;
#4042 = ORIENTED_EDGE ( 'NONE', *, *, #541, .F. ) ;
#4043 = CARTESIAN_POINT ( 'NONE',  ( 12.28377519916511496, -2.999999999999999556, -29.64996074149073735 ) ) ;
#4044 = DIRECTION ( 'NONE',  ( -0.9063077870365631172, 0.000000000000000000, 0.4226182617408856812 ) ) ;
#4045 = CYLINDRICAL_SURFACE ( 'NONE', #2155, 23.52999999999999403 ) ;
#4046 = EDGE_CURVE ( 'NONE', #1568, #2311, #1070, .T. ) ;
#4047 = FACE_OUTER_BOUND ( 'NONE', #576, .T. ) ;
#4048 = ORIENTED_EDGE ( 'NONE', *, *, #3592, .F. ) ;
#4049 = CARTESIAN_POINT ( 'NONE',  ( 19.23334952206225523, -3.000000000000000000, 24.50825169393582570 ) ) ;
#4050 = AXIS2_PLACEMENT_3D ( 'NONE', #4147, #4600, #464 ) ;
#4051 = EDGE_LOOP ( 'NONE', ( #4616, #2752, #4124, #2290 ) ) ;
#4052 = ORIENTED_EDGE ( 'NONE', *, *, #511, .F. ) ;
#4054 = DIRECTION ( 'NONE',  ( 0.6427876096865444699, 0.000000000000000000, -0.7660444431189737946 ) ) ;
#4053 = DIRECTION ( 'NONE',  ( 0.6427876096865468014, 0.000000000000000000, -0.7660444431189717962 ) ) ;
#4055 = CARTESIAN_POINT ( 'NONE',  ( 24.80391930942181489, -3.000000000000000000, 3.337865057441843586 ) ) ;
#4056 = B_SPLINE_CURVE_WITH_KNOTS ( 'NONE', 3,
 ( #2320, #2729, #1959, #3454, #2751, #3797, #137, #1591 ),
 .UNSPECIFIED., .F., .F.,
 ( 4, 2, 2, 4 ),
 ( 0.000000000000000000, 0.0002402254661766110378, 0.0004804509323532220755, 0.0009609018647064435006 ),
 .UNSPECIFIED. ) ;
#4057 = B_SPLINE_CURVE_WITH_KNOTS ( 'NONE', 3,
 ( #441, #2253, #4488, #1231, #1494, #2975, #3022, #4436 ),
 .UNSPECIFIED., .F., .F.,
 ( 4, 2, 2, 4 ),
 ( 0.000000000000000000, 0.0002243944063326966767, 0.0004487888126653933533, 0.0008975776253307867067 ),
 .UNSPECIFIED. ) ;
#4058 = DIRECTION ( 'NONE',  ( 0.000000000000000000, 0.000000000000000000, -1.000000000000000000 ) ) ;
#4059 = ORIENTED_EDGE ( 'NONE', *, *, #3247, .F. ) ;
#4061 = ORIENTED_EDGE ( 'NONE', *, *, #4010, .F. ) ;
#4060 = CARTESIAN_POINT ( 'NONE',  ( -24.80391930942172607, 3.265000000000000124, 3.337865057442499950 ) ) ;
#4062 = CARTESIAN_POINT ( 'NONE',  ( -16.04556694617612322, -2.954357122083203890, 1.371188415904754709 ) ) ;
#4063 = ORIENTED_EDGE ( 'NONE', *, *, #3535, .T. ) ;
#4064 = VERTEX_POINT ( 'NONE', #643 ) ;
#4065 = CARTESIAN_POINT ( 'NONE',  ( -15.89194039108521039, -2.581508752381808325, 17.35243875097084043 ) ) ;
#4066 = DIRECTION ( 'NONE',  ( 0.9848077530122070211, 0.000000000000000000, 0.1736481776669362154 ) ) ;
#4067 = CARTESIAN_POINT ( 'NONE',  ( 30.48720104788193552, -2.792893218813453871, 6.411451255148616468 ) ) ;
#4068 = ORIENTED_EDGE ( 'NONE', *, *, #805, .F. ) ;
#4069 = CARTESIAN_POINT ( 'NONE',  ( 1.020000000004275487, 3.265000000000000124, 25.00670622553059985 ) ) ;
#4070 = ADVANCED_FACE ( 'NONE', ( #2861 ), #4328, .T. ) ;
#4071 = EDGE_CURVE ( 'NONE', #59, #1873, #1409, .T. ) ;
#4072 = ORIENTED_EDGE ( 'NONE', *, *, #301, .T. ) ;
#4073 = AXIS2_PLACEMENT_3D ( 'NONE', #310, #2907, #4374 ) ;
#4074 = ORIENTED_EDGE ( 'NONE', *, *, #2382, .F. ) ;
#4076 = DIRECTION ( 'NONE',  ( 0.000000000000000000, -1.000000000000000000, 0.000000000000000000 ) ) ;
#4075 = FACE_OUTER_BOUND ( 'NONE', #1872, .T. ) ;
#4077 = LINE ( 'NONE', #3038, #2373 ) ;
#4078 = CIRCLE ( 'NONE', #2229, 23.53000000000000114 ) ;
#4079 = DIRECTION ( 'NONE',  ( -0.000000000000000000, 1.000000000000000000, -0.000000000000000000 ) ) ;
#4080 = VERTEX_POINT ( 'NONE', #1116 ) ;
#4082 = ORIENTED_EDGE ( 'NONE', *, *, #4238, .F. ) ;
#4081 = FACE_OUTER_BOUND ( 'NONE', #1517, .T. ) ;
#4083 = CARTESIAN_POINT ( 'NONE',  ( 17.21793483357267363, -3.000000000000000000, 3.035986463248324885 ) ) ;
#4084 = CARTESIAN_POINT ( 'NONE',  ( 16.77838861730841558, -2.500000000000000000, 1.922747461918894674 ) ) ;
#4085 = CARTESIAN_POINT ( 'NONE',  ( -22.16644285628606070, 3.265000000000000124, -11.62000720090157557 ) ) ;
#4086 = ORIENTED_EDGE ( 'NONE', *, *, #1997, .F. ) ;
#4087 = ORIENTED_EDGE ( 'NONE', *, *, #271, .T. ) ;
#4088 = FACE_OUTER_BOUND ( 'NONE', #2430, .T. ) ;
#4089 = CIRCLE ( 'NONE', #532, 24.52749999999999275 ) ;
#4090 = CARTESIAN_POINT ( 'NONE',  ( 0.000000000000000000, -3.000000000000000000, 0.000000000000000000 ) ) ;
#4091 = CARTESIAN_POINT ( 'NONE',  ( 15.59064073780133164, -2.990860970744408931, 4.039732525606038571 ) ) ;
#4092 = EDGE_CURVE ( 'NONE', #2231, #3635, #1747, .T. ) ;
#4093 = ORIENTED_EDGE ( 'NONE', *, *, #4103, .T. ) ;
#4094 = DIRECTION ( 'NONE',  ( -0.000000000000000000, 1.000000000000000000, -0.000000000000000000 ) ) ;
#4095 = ORIENTED_EDGE ( 'NONE', *, *, #805, .T. ) ;
#4096 = EDGE_CURVE ( 'NONE', #2677, #1724, #3973, .T. ) ;
#4097 = VERTEX_POINT ( 'NONE', #3680 ) ;
#4098 = EDGE_CURVE ( 'NONE', #3635, #2025, #4350, .T. ) ;
#4099 = B_SPLINE_CURVE_WITH_KNOTS ( 'NONE', 3,
 ( #904, #835, #2333, #4530, #3865, #2746, #3428, #488 ),
 .UNSPECIFIED., .F., .F.,
 ( 4, 2, 2, 4 ),
 ( -4.472650285586420755E-06, 0.0004674945079885428254, 0.0007034780871256070788, 0.0009394616662626714947 ),
 .UNSPECIFIED. ) ;
#4101 = DIRECTION ( 'NONE',  ( -0.9848077530122080203, -0.000000000000000000, -0.1736481776669302757 ) ) ;
#4100 = CARTESIAN_POINT ( 'NONE',  ( -16.85536625282397694, -2.579909940079746722, 18.50060498289616717 ) ) ;
#4102 = PLANE ( 'NONE',  #4451 ) ;
#4103 = EDGE_CURVE ( 'NONE', #2127, #4390, #40, .T. ) ;
#4104 = LINE ( 'NONE', #3813, #4564 ) ;
#4105 = ORIENTED_EDGE ( 'NONE', *, *, #4619, .F. ) ;
#4106 = SHAPE_DEFINITION_REPRESENTATION ( #3968, #2353 ) ;
#4108 = ORIENTED_EDGE ( 'NONE', *, *, #4210, .F. ) ;
#4107 = CARTESIAN_POINT ( 'NONE',  ( 31.80608415963043356, -3.000000000000000000, 4.337381953035672311 ) ) ;
#4109 = CARTESIAN_POINT ( 'NONE',  ( -16.06141046599243793, -2.849145032862527405, 1.137440779389998990 ) ) ;
#4110 = VECTOR ( 'NONE', #4167, 1000.000000000000000 ) ;
#4111 = LINE ( 'NONE', #3377, #196 ) ;
#4112 = CARTESIAN_POINT ( 'NONE',  ( -7.594310774156573629, 3.265000000000000124, -23.84747785648472274 ) ) ;
#4113 = ORIENTED_EDGE ( 'NONE', *, *, #2558, .T. ) ;
#4114 = CARTESIAN_POINT ( 'NONE',  ( 15.04422621064451349, -3.000000000000000000, 18.73798702430324070 ) ) ;
#4115 = CARTESIAN_POINT ( 'NONE',  ( 15.48181655269822876, -2.849145032862550053, 4.424481202617153386 ) ) ;
#4116 = ORIENTED_EDGE ( 'NONE', *, *, #664, .F. ) ;
#4117 = PLANE ( 'NONE',  #3758 ) ;
#4118 = ORIENTED_EDGE ( 'NONE', *, *, #1557, .F. ) ;
#4120 = CARTESIAN_POINT ( 'NONE',  ( 16.07116719312273645, -2.668231137178802115, 0.9534987490406660049 ) ) ;
#4119 = CARTESIAN_POINT ( 'NONE',  ( -16.82811041791751805, -2.656872957827537629, 18.49878807450722107 ) ) ;
#4121 = FACE_OUTER_BOUND ( 'NONE', #3977, .T. ) ;
#4122 = EDGE_CURVE ( 'NONE', #1158, #3524, #1430, .T. ) ;
#4123 = DIRECTION ( 'NONE',  ( -0.000000000000000000, 1.000000000000000000, -0.000000000000000000 ) ) ;
#4124 = ORIENTED_EDGE ( 'NONE', *, *, #2005, .F. ) ;
#4125 = CARTESIAN_POINT ( 'NONE',  ( 7.594310774156538102, -2.500000000000000000, -23.84747785648473695 ) ) ;
#4126 = ORIENTED_EDGE ( 'NONE', *, *, #847, .T. ) ;
#4127 = LINE ( 'NONE', #811, #4784 ) ;
#4128 = LINE ( 'NONE', #812, #1434 ) ;
#4129 = ADVANCED_FACE ( 'NONE', ( #3316 ), #2112, .T. ) ;
#4130 = CARTESIAN_POINT ( 'NONE',  ( 15.29263558886092866, -2.500000000000000000, 19.81189170665698640 ) ) ;
#4131 = ORIENTED_EDGE ( 'NONE', *, *, #3040, .T. ) ;
#4132 = VERTEX_POINT ( 'NONE', #2187 ) ;
#4133 = CARTESIAN_POINT ( 'NONE',  ( 7.081682580411110095, 3.265000000000000124, -22.43904346959338980 ) ) ;
#4134 = LINE ( 'NONE', #1939, #3704 ) ;
#4135 = CARTESIAN_POINT ( 'NONE',  ( 30.84144333032081420, 3.265000000000000124, 4.402443439001797465 ) ) ;
#4136 = CARTESIAN_POINT ( 'NONE',  ( 15.61225507546176772, -3.000000000000000000, 3.958206425718502786 ) ) ;
#4137 = ORIENTED_EDGE ( 'NONE', *, *, #957, .T. ) ;
#4138 = AXIS2_PLACEMENT_3D ( 'NONE', #68, #800, #1076 ) ;
#4139 = ORIENTED_EDGE ( 'NONE', *, *, #2671, .F. ) ;
#4141 = CARTESIAN_POINT ( 'NONE',  ( 7.193559528885761445, -2.790188110906357100, -22.49408271979813279 ) ) ;
#4140 = DIRECTION ( 'NONE',  ( 0.000000000000000000, 0.000000000000000000, 1.000000000000000000 ) ) ;
#4142 = CARTESIAN_POINT ( 'NONE',  ( -16.37562690112477171, -3.000000000000000000, 3.712898255689088156 ) ) ;
#4143 = VECTOR ( 'NONE', #2929, 1000.000000000000114 ) ;
#4144 = VECTOR ( 'NONE', #4634, 1000.000000000000000 ) ;
#4145 = CARTESIAN_POINT ( 'NONE',  ( -20.86842270413104927, 3.265000000000000124, -10.87059491664131272 ) ) ;
#4146 = ORIENTED_EDGE ( 'NONE', *, *, #3388, .T. ) ;
#4148 = ORIENTED_EDGE ( 'NONE', *, *, #3245, .T. ) ;
#4147 = CARTESIAN_POINT ( 'NONE',  ( 16.13735811669181075, -2.500000000000000000, 3.522179255920664609 ) ) ;
#4149 = EDGE_CURVE ( 'NONE', #2393, #2487, #3288, .T. ) ;
#4150 = CARTESIAN_POINT ( 'NONE',  ( 11.23820881949115780, 3.265000000000000124, 13.39317573496640357 ) ) ;
#4151 = AXIS2_PLACEMENT_3D ( 'NONE', #3463, #1621, #3507 ) ;
#4152 = DIRECTION ( 'NONE',  ( 0.4226182617402615138, -0.000000000000000000, -0.9063077870368541067 ) ) ;
#4153 =( BOUNDED_CURVE ( )  B_SPLINE_CURVE ( 3, ( #1968, #2402, #2696, #3830 ),
 .UNSPECIFIED., .F., .T. ) 
 B_SPLINE_CURVE_WITH_KNOTS ( ( 4, 4 ),
 ( 0.000000000000000000, 1.570796326794896558 ),
 .UNSPECIFIED. ) 
 CURVE ( )  GEOMETRIC_REPRESENTATION_ITEM ( )  RATIONAL_B_SPLINE_CURVE ( ( 1.000000000000000000, 0.8047378541243649375, 0.8047378541243649375, 1.000000000000000000 ) ) 
 REPRESENTATION_ITEM ( '' )  );
#4154 = CARTESIAN_POINT ( 'NONE',  ( -9.171249647149551265, -3.000000000000000000, -30.72328364303758264 ) ) ;
#4155 = ORIENTED_EDGE ( 'NONE', *, *, #1318, .F. ) ;
#4156 = ORIENTED_EDGE ( 'NONE', *, *, #4735, .F. ) ;
#4157 = EDGE_CURVE ( 'NONE', #382, #1763, #2613, .T. ) ;
#4158 = DIRECTION ( 'NONE',  ( -0.9961946980917285588, 0.000000000000000000, 0.08715574274785160835 ) ) ;
#4159 = B_SPLINE_CURVE_WITH_KNOTS ( 'NONE', 3,
 ( #4361, #4007, #681, #1484, #3345, #3737, #708, #4455 ),
 .UNSPECIFIED., .F., .F.,
 ( 4, 2, 2, 4 ),
 ( 4.336808689942017736E-19, 0.0002243944063327372258, 0.0004487888126654740180, 0.0008975776253309483612 ),
 .UNSPECIFIED. ) ;
#4160 = ADVANCED_FACE ( 'NONE', ( #4088 ), #3073, .F. ) ;
#4161 = DIRECTION ( 'NONE',  ( 0.9848077530122086864, 0.000000000000000000, -0.1736481776669272781 ) ) ;
#4162 = CARTESIAN_POINT ( 'NONE',  ( 15.52441922100480198, -2.926524577312475284, 4.278555553686809176 ) ) ;
#4163 = VERTEX_POINT ( 'NONE', #3359 ) ;
#4164 =( NAMED_UNIT ( * ) PLANE_ANGLE_UNIT ( ) SI_UNIT ( $, .RADIAN. ) );
#4165 = ORIENTED_EDGE ( 'NONE', *, *, #622, .F. ) ;
#4166 = CARTESIAN_POINT ( 'NONE',  ( 0.000000000000000000, -3.000000000000000000, 0.000000000000000000 ) ) ;
#4167 = DIRECTION ( 'NONE',  ( -0.000000000000000000, 1.000000000000000000, -0.000000000000000000 ) ) ;
#4168 = ORIENTED_EDGE ( 'NONE', *, *, #101, .T. ) ;
#4170 = ORIENTED_EDGE ( 'NONE', *, *, #1703, .F. ) ;
#4169 = CARTESIAN_POINT ( 'NONE',  ( -0.9855541338493460923, 3.265000000000000124, 1.174537679707344129 ) ) ;
#4171 = LINE ( 'NONE', #3867, #1022 ) ;
#4172 = DIRECTION ( 'NONE',  ( -0.000000000000000000, -1.000000000000000000, -0.000000000000000000 ) ) ;
#4173 = DIRECTION ( 'NONE',  ( -0.3420201433256677137, 0.000000000000000000, -0.9396926207859088720 ) ) ;
#4174 = VERTEX_POINT ( 'NONE', #376 ) ;
#4175 = ORIENTED_EDGE ( 'NONE', *, *, #2237, .F. ) ;
#4176 = VECTOR ( 'NONE', #1702, 1000.000000000000000 ) ;
#4177 = CARTESIAN_POINT ( 'NONE',  ( -10.05434245573796659, -2.792893218813452982, 13.56913704619718430 ) ) ;
#4178 =( BOUNDED_CURVE ( )  B_SPLINE_CURVE ( 3, ( #4008, #1804, #1055, #2943 ),
 .UNSPECIFIED., .F., .T. ) 
 B_SPLINE_CURVE_WITH_KNOTS ( ( 4, 4 ),
 ( 3.141592653589793116, 4.712388980384688786 ),
 .UNSPECIFIED. ) 
 CURVE ( )  GEOMETRIC_REPRESENTATION_ITEM ( )  RATIONAL_B_SPLINE_CURVE ( ( 1.000000000000000000, 0.8047378541243652705, 0.8047378541243652705, 1.000000000000000000 ) ) 
 REPRESENTATION_ITEM ( '' )  );
#4179 = AXIS2_PLACEMENT_3D ( 'NONE', #4558, #520, #4261 ) ;
#4180 = ADVANCED_FACE ( 'NONE', ( #772 ), #32, .F. ) ;
#4181 = CARTESIAN_POINT ( 'NONE',  ( 7.045652622744221105, -2.849145032862446136, -14.47830987385357382 ) ) ;
#4182 = CARTESIAN_POINT ( 'NONE',  ( 1.899663625333126493, -3.000000000000000000, 21.71325459515938050 ) ) ;
#4183 = CARTESIAN_POINT ( 'NONE',  ( -19.44714498010766945, -2.999999999999998224, 24.44084224494638491 ) ) ;
#4184 = ORIENTED_EDGE ( 'NONE', *, *, #4619, .T. ) ;
#4185 = CARTESIAN_POINT ( 'NONE',  ( -15.34873061025377083, -3.000000000000000888, 19.27553302717812755 ) ) ;
#4186 = EDGE_CURVE ( 'NONE', #415, #986, #2085, .T. ) ;
#4187 = ORIENTED_EDGE ( 'NONE', *, *, #4652, .F. ) ;
#4188 = DIRECTION ( 'NONE',  ( -0.000000000000000000, 1.000000000000000000, -0.000000000000000000 ) ) ;
#4189 = LINE ( 'NONE', #878, #853 ) ;
#4190 = EDGE_LOOP ( 'NONE', ( #345, #2277, #962, #2018 ) ) ;
#4192 = ORIENTED_EDGE ( 'NONE', *, *, #3648, .F. ) ;
#4191 = DIRECTION ( 'NONE',  ( 0.000000000000000000, -1.000000000000000000, 0.000000000000000000 ) ) ;
#4193 = DIRECTION ( 'NONE',  ( -0.000000000000000000, -1.000000000000000000, -0.000000000000000000 ) ) ;
#4194 = VECTOR ( 'NONE', #4274, 1000.000000000000114 ) ;
#4195 = CARTESIAN_POINT ( 'NONE',  ( 22.97362297149689070, -3.000000000000000000, 5.086604718622282917 ) ) ;
#4196 = LINE ( 'NONE', #910, #2604 ) ;
#4197 = ORIENTED_EDGE ( 'NONE', *, *, #3379, .T. ) ;
#4198 = VERTEX_POINT ( 'NONE', #3731 ) ;
#4199 = CARTESIAN_POINT ( 'NONE',  ( -10.30423900446872132, -3.000000000000000000, 13.08909024249374475 ) ) ;
#4200 = CARTESIAN_POINT ( 'NONE',  ( -31.19276894612026751, 3.265000000000000124, 7.419106642638173099 ) ) ;
#4201 = B_SPLINE_CURVE_WITH_KNOTS ( 'NONE', 3,
 ( #2339, #2755, #2035, #207, #1640, #2084, #495, #3500 ),
 .UNSPECIFIED., .F., .F.,
 ( 4, 2, 2, 4 ),
 ( 4.336808689942017736E-19, 0.0002554680715912366969, 0.0005109361431824729601, 0.001021872286364943535 ),
 .UNSPECIFIED. ) ;
#4202 = DIRECTION ( 'NONE',  ( 0.000000000000000000, -1.000000000000000000, 0.000000000000000000 ) ) ;
#4203 = CARTESIAN_POINT ( 'NONE',  ( 0.000000000000000000, -3.000000000000000000, 0.000000000000000000 ) ) ;
#4204 = ORIENTED_EDGE ( 'NONE', *, *, #449, .T. ) ;
#4205 = EDGE_CURVE ( 'NONE', #3524, #4255, #2946, .T. ) ;
#4206 = CARTESIAN_POINT ( 'NONE',  ( 0.000000000000000000, 3.265000000000000124, 0.000000000000000000 ) ) ;
#4207 = FACE_OUTER_BOUND ( 'NONE', #1995, .T. ) ;
#4208 = ORIENTED_EDGE ( 'NONE', *, *, #3096, .T. ) ;
#4209 = CIRCLE ( 'NONE', #2749, 24.52749999999999275 ) ;
#4210 = EDGE_CURVE ( 'NONE', #494, #1626, #506, .T. ) ;
#4211 = ADVANCED_FACE ( 'NONE', ( #1164 ), #2689, .F. ) ;
#4212 = CARTESIAN_POINT ( 'NONE',  ( 16.82811041791837781, -2.656872957827535853, 18.49878807450643947 ) ) ;
#4213 = CARTESIAN_POINT ( 'NONE',  ( -23.32786525393755994, 3.265000000000000124, 3.077596902476485319 ) ) ;
#4214 = ORIENTED_EDGE ( 'NONE', *, *, #785, .F. ) ;
#4216 = EDGE_LOOP ( 'NONE', ( #1597, #2658, #3100, #1893 ) ) ;
#4215 = CARTESIAN_POINT ( 'NONE',  ( -15.89194039108521395, 3.265000000000000124, 17.35243875097084043 ) ) ;
#4217 = LINE ( 'NONE', #3064, #2489 ) ;
#4218 = DIRECTION ( 'NONE',  ( 0.000000000000000000, -1.000000000000000000, 0.000000000000000000 ) ) ;
#4219 = AXIS2_PLACEMENT_3D ( 'NONE', #4166, #1627, #3514 ) ;
#4220 = ORIENTED_EDGE ( 'NONE', *, *, #4300, .F. ) ;
#4221 = CARTESIAN_POINT ( 'NONE',  ( -10.05434245573797369, -2.500000000000000000, 13.56913704619718430 ) ) ;
#4222 = AXIS2_PLACEMENT_3D ( 'NONE', #4244, #2105, #1400 ) ;
#4223 = VECTOR ( 'NONE', #355, 1000.000000000000114 ) ;
#4224 = CARTESIAN_POINT ( 'NONE',  ( 16.42414633486759712, -3.000000000000000000, 3.931755278064975823 ) ) ;
#4225 = DIRECTION ( 'NONE',  ( -0.000000000000000000, -1.000000000000000000, -0.000000000000000000 ) ) ;
#4226 = CARTESIAN_POINT ( 'NONE',  ( -19.23334952206178983, -2.792893218813451650, 24.50825169393615610 ) ) ;
#4227 = ORIENTED_EDGE ( 'NONE', *, *, #4503, .F. ) ;
#4228 = CARTESIAN_POINT ( 'NONE',  ( -11.60809380826081316, -2.500000000000000000, -28.91069513293903270 ) ) ;
#4229 = ADVANCED_FACE ( 'NONE', ( #2635 ), #1865, .F. ) ;
#4230 = CARTESIAN_POINT ( 'NONE',  ( -30.48720104788181828, 3.265000000000000124, 6.411451255149191120 ) ) ;
#4231 = ORIENTED_EDGE ( 'NONE', *, *, #3986, .T. ) ;
#4232 = PLANE ( 'NONE',  #2837 ) ;
#4233 = VECTOR ( 'NONE', #1360, 1000.000000000000114 ) ;
#4234 = ADVANCED_FACE ( 'NONE', ( #3337 ), #2979, .T. ) ;
#4235 = ADVANCED_FACE ( 'NONE', ( #2659 ), #60, .T. ) ;
#4236 = FACE_OUTER_BOUND ( 'NONE', #1120, .T. ) ;
#4237 = ORIENTED_EDGE ( 'NONE', *, *, #1348, .F. ) ;
#4238 = EDGE_CURVE ( 'NONE', #253, #1982, #1562, .T. ) ;
#4240 = CARTESIAN_POINT ( 'NONE',  ( 0.000000000000000000, -2.500000000000000000, 0.000000000000000000 ) ) ;
#4239 = CARTESIAN_POINT ( 'NONE',  ( -0.4886401628093762772, -2.500000000000000000, 0.1778504745296040634 ) ) ;
#4241 = CARTESIAN_POINT ( 'NONE',  ( 20.79608018602494823, -2.500000000000000000, 23.19696497017266879 ) ) ;
#4242 = EDGE_CURVE ( 'NONE', #3264, #1047, #2301, .T. ) ;
#4243 = EDGE_CURVE ( 'NONE', #3485, #3063, #3845, .T. ) ;
#4244 = CARTESIAN_POINT ( 'NONE',  ( 20.35842270412931754, 0.000000000000000000, -11.75394082850502642 ) ) ;
#4245 = ORIENTED_EDGE ( 'NONE', *, *, #897, .T. ) ;
#4246 = ORIENTED_EDGE ( 'NONE', *, *, #4735, .T. ) ;
#4247 = CARTESIAN_POINT ( 'NONE',  ( 14.32920972712218166, -3.000000000000000000, 18.66372547473164900 ) ) ;
#4248 = DIRECTION ( 'NONE',  ( 0.4226182617402615693, 0.000000000000000000, -0.9063077870368542177 ) ) ;
#4249 = DIRECTION ( 'NONE',  ( -0.3420201433256698231, -0.000000000000000000, -0.9396926207859079838 ) ) ;
#4250 = CARTESIAN_POINT ( 'NONE',  ( 30.48720104788194618, 3.265000000000000124, 6.411451255148618245 ) ) ;
#4251 = DIRECTION ( 'NONE',  ( -0.000000000000000000, -1.000000000000000000, -0.000000000000000000 ) ) ;
#4252 = VECTOR ( 'NONE', #337, 1000.000000000000000 ) ;
#4253 = B_SPLINE_CURVE_WITH_KNOTS ( 'NONE', 3,
 ( #3244, #280, #2419, #1766, #4704, #3990, #1015, #2492, #4613, #666 ),
 .UNSPECIFIED., .F., .F.,
 ( 4, 2, 2, 2, 4 ),
 ( 0.000000000000000000, 0.0002540264268554370884, 0.0005080528537108741768, 0.0007620792805663112110, 0.001016105707421748354 ),
 .UNSPECIFIED. ) ;
#4254 = CARTESIAN_POINT ( 'NONE',  ( 9.321851522237688314, -2.833599059608971515, -30.68895840426501209 ) ) ;
#4255 = VERTEX_POINT ( 'NONE', #3919 ) ;
#4256 = CARTESIAN_POINT ( 'NONE',  ( 1.020000000004275487, 3.265000000000000124, 23.50788165701008481 ) ) ;
#4257 = CARTESIAN_POINT ( 'NONE',  ( -21.71325459514958922, -3.000000000000000000, 1.899663625312524307 ) ) ;
#4258 = VERTEX_POINT ( 'NONE', #547 ) ;
#4260 = ORIENTED_EDGE ( 'NONE', *, *, #2069, .T. ) ;
#4259 = LINE ( 'NONE', #2848, #3262 ) ;
#4261 = DIRECTION ( 'NONE',  ( 0.000000000000000000, 0.000000000000000000, 1.000000000000000000 ) ) ;
#4262 = ADVANCED_FACE ( 'NONE', ( #1354 ), #913, .T. ) ;
#4263 = EDGE_CURVE ( 'NONE', #4496, #1738, #2147, .T. ) ;
#4264 = DIRECTION ( 'NONE',  ( 0.4226182617401680330, 0.000000000000000000, -0.9063077870368978495 ) ) ;
#4265 = CARTESIAN_POINT ( 'NONE',  ( 11.22618780076871303, -2.500000000000000000, 10.98883333938763762 ) ) ;
#4266 = EDGE_LOOP ( 'NONE', ( #3219, #2082, #2165, #2904 ) ) ;
#4267 = ORIENTED_EDGE ( 'NONE', *, *, #1674, .F. ) ;
#4268 = DIRECTION ( 'NONE',  ( 1.776356839400250465E-15, 0.000000000000000000, 1.000000000000000000 ) ) ;
#4269 = EDGE_CURVE ( 'NONE', #986, #691, #3116, .T. ) ;
#4270 = EDGE_CURVE ( 'NONE', #3204, #165, #4201, .T. ) ;
#4271 = AXIS2_PLACEMENT_3D ( 'NONE', #2270, #3744, #1469 ) ;
#4272 = CARTESIAN_POINT ( 'NONE',  ( 0.000000000000000000, -3.000000000000000000, 0.000000000000000000 ) ) ;
#4273 = FACE_OUTER_BOUND ( 'NONE', #567, .T. ) ;
#4274 = DIRECTION ( 'NONE',  ( -0.4226182617402632902, 0.000000000000000000, 0.9063077870368533295 ) ) ;
#4275 = CARTESIAN_POINT ( 'NONE',  ( 1.020000000004275487, 3.265000000000000124, 23.50788165701008481 ) ) ;
#4276 = DIRECTION ( 'NONE',  ( -2.664535259100376091E-15, 0.000000000000000000, 1.000000000000000000 ) ) ;
#4277 = CARTESIAN_POINT ( 'NONE',  ( 9.171249647149320339, -2.576037802762216167, -30.72328364303767501 ) ) ;
#4278 = EDGE_LOOP ( 'NONE', ( #4072, #2875, #38, #3455 ) ) ;
#4279 = CARTESIAN_POINT ( 'NONE',  ( 0.000000000000000000, -3.000000000000000000, 0.000000000000000000 ) ) ;
#4280 = DIRECTION ( 'NONE',  ( 0.000000000000000000, -1.000000000000000000, 0.000000000000000000 ) ) ;
#4281 = ORIENTED_EDGE ( 'NONE', *, *, #4655, .F. ) ;
#4283 = DIRECTION ( 'NONE',  ( -0.000000000000000000, 1.000000000000000000, -0.000000000000000000 ) ) ;
#4282 = DIRECTION ( 'NONE',  ( 0.000000000000000000, 0.000000000000000000, 1.000000000000000000 ) ) ;
#4284 = FACE_OUTER_BOUND ( 'NONE', #1799, .T. ) ;
#4285 = CARTESIAN_POINT ( 'NONE',  ( -11.23820881949889028, -3.000000000000000000, 13.39317573496176550 ) ) ;
#4286 = MECHANICAL_DESIGN_GEOMETRIC_PRESENTATION_REPRESENTATION (  '', ( #975 ), #118 ) ;
#4287 = CARTESIAN_POINT ( 'NONE',  ( 10.05434245573841068, -3.000000000000000000, 13.56913704619687699 ) ) ;
#4288 = B_SPLINE_CURVE_WITH_KNOTS ( 'NONE', 3,
 ( #2600, #2245, #1507, #2989, #3694, #367, #3716, #781 ),
 .UNSPECIFIED., .F., .F.,
 ( 4, 2, 2, 4 ),
 ( -4.472650285588905102E-06, 0.0004674945079885381633, 0.0007034780871256006820, 0.0009394616662626633632 ),
 .UNSPECIFIED. ) ;
#4289 = ORIENTED_EDGE ( 'NONE', *, *, #3158, .F. ) ;
#4290 = EDGE_CURVE ( 'NONE', #1216, #3981, #1759, .T. ) ;
#4291 = EDGE_CURVE ( 'NONE', #1310, #3879, #1386, .T. ) ;
#4292 = VERTEX_POINT ( 'NONE', #184 ) ;
#4293 = VECTOR ( 'NONE', #1486, 1000.000000000000000 ) ;
#4294 = CARTESIAN_POINT ( 'NONE',  ( 0.5244024014076339446, -3.000000000000000000, -1.440783756570812146 ) ) ;
#4295 = AXIS2_PLACEMENT_3D ( 'NONE', #3000, #4018, #793 ) ;
#4296 = CARTESIAN_POINT ( 'NONE',  ( 4.807073215165559077, -2.792893218813452982, -16.18960560050119213 ) ) ;
#4297 = EDGE_CURVE ( 'NONE', #3524, #1750, #4565, .T. ) ;
#4298 = AXIS2_PLACEMENT_3D ( 'NONE', #2783, #3169, #1617 ) ;
#4299 = ORIENTED_EDGE ( 'NONE', *, *, #2042, .F. ) ;
#4300 = EDGE_CURVE ( 'NONE', #2901, #10, #4453, .T. ) ;
#4301 = CARTESIAN_POINT ( 'NONE',  ( 16.01602368630241102, -3.000000000000000000, 1.705700903103352095 ) ) ;
#4302 = CARTESIAN_POINT ( 'NONE',  ( 9.415395198079979266, -3.000000000000000000, 13.06752615891207725 ) ) ;
#4303 = AXIS2_PLACEMENT_3D ( 'NONE', #4265, #4631, #2054 ) ;
#4304 = DIRECTION ( 'NONE',  ( 0.3420201433256418455, 0.000000000000000000, -0.9396926207859181979 ) ) ;
#4305 = EDGE_CURVE ( 'NONE', #729, #3485, #865, .T. ) ;
#4306 = VECTOR ( 'NONE', #2741, 999.9999999999998863 ) ;
#4307 = PLANE ( 'NONE',  #1980 ) ;
#4308 = VECTOR ( 'NONE', #1609, 1000.000000000000114 ) ;
#4309 =( BOUNDED_CURVE ( )  B_SPLINE_CURVE ( 3, ( #342, #4766, #1467, #4409 ),
 .UNSPECIFIED., .F., .T. ) 
 B_SPLINE_CURVE_WITH_KNOTS ( ( 4, 4 ),
 ( 3.100826193555326071, 3.182359113624260161 ),
 .UNSPECIFIED. ) 
 CURVE ( )  GEOMETRIC_REPRESENTATION_ITEM ( )  RATIONAL_B_SPLINE_CURVE ( ( 1.000000000000000000, 0.9994461086279967654, 0.9994461086279967654, 1.000000000000000000 ) ) 
 REPRESENTATION_ITEM ( '' )  );
#4310 = CARTESIAN_POINT ( 'NONE',  ( -24.35066379023183814, -2.840063043677879762, 5.199483378698600333 ) ) ;
#4311 = ORIENTED_EDGE ( 'NONE', *, *, #220, .T. ) ;
#4312 = AXIS2_PLACEMENT_3D ( 'NONE', #3783, #1641, #3119 ) ;
#4313 = DIRECTION ( 'NONE',  ( -0.6427876096865401401, -0.000000000000000000, -0.7660444431189773473 ) ) ;
#4314 = CARTESIAN_POINT ( 'NONE',  ( 19.41149257663108685, -2.961507457126743681, 25.54721448380859172 ) ) ;
#4315 = EDGE_LOOP ( 'NONE', ( #956, #4245, #2255, #1113, #4246, #1685, #2983, #3468, #4231, #3822, #1131, #1012, #3745, #1704, #4204, #4425, #1910, #3309, #2629, #938, #2941, #4317, #777, #911, #1316, #1986, #4013, #2150 ) ) ;
#4317 = ORIENTED_EDGE ( 'NONE', *, *, #3181, .T. ) ;
#4316 = DIRECTION ( 'NONE',  ( -0.000000000000000000, -1.000000000000000000, -0.000000000000000000 ) ) ;
#4318 = CARTESIAN_POINT ( 'NONE',  ( 0.000000000000000000, 0.000000000000000000, 23.50788165701038679 ) ) ;
#4319 = DIRECTION ( 'NONE',  ( 0.000000000000000000, 0.000000000000000000, 1.000000000000000000 ) ) ;
#4320 = DIRECTION ( 'NONE',  ( 0.6427876096865312583, 0.000000000000000000, 0.7660444431189847858 ) ) ;
#4321 = ORIENTED_EDGE ( 'NONE', *, *, #873, .F. ) ;
#4322 = ORIENTED_EDGE ( 'NONE', *, *, #1208, .T. ) ;
#4323 = ORIENTED_EDGE ( 'NONE', *, *, #2097, .F. ) ;
#4324 = CARTESIAN_POINT ( 'NONE',  ( -7.250407568123406143, -2.842366286027161681, -22.52196040013661360 ) ) ;
#4325 = LINE ( 'NONE', #742, #4143 ) ;
#4326 = CARTESIAN_POINT ( 'NONE',  ( 20.79608018602494823, -3.000000000000000000, 23.19696497017266879 ) ) ;
#4327 = CARTESIAN_POINT ( 'NONE',  ( 9.511283720560113508, -3.000000000000000000, -23.14975676410030303 ) ) ;
#4328 = CYLINDRICAL_SURFACE ( 'NONE', #2375, 0.5000000000000001110 ) ;
#4329 = CARTESIAN_POINT ( 'NONE',  ( -22.16644285628605715, 3.265000000000000124, -11.62000720090157735 ) ) ;
#4330 = CARTESIAN_POINT ( 'NONE',  ( 24.66046712532148888, -2.840063043677875321, 3.442501356747556418 ) ) ;
#4331 = VERTEX_POINT ( 'NONE', #1693 ) ;
#4332 = CIRCLE ( 'NONE', #698, 14.64608244481090438 ) ;
#4333 = CYLINDRICAL_SURFACE ( 'NONE', #426, 14.64608244481026667 ) ;
#4334 =( BOUNDED_CURVE ( )  B_SPLINE_CURVE ( 3, ( #1624, #3101, #4519, #850 ),
 .UNSPECIFIED., .F., .T. ) 
 B_SPLINE_CURVE_WITH_KNOTS ( ( 4, 4 ),
 ( 3.100826193555325627, 3.182359113624260161 ),
 .UNSPECIFIED. ) 
 CURVE ( )  GEOMETRIC_REPRESENTATION_ITEM ( )  RATIONAL_B_SPLINE_CURVE ( ( 1.000000000000000000, 0.9994461086279967654, 0.9994461086279967654, 1.000000000000000000 ) ) 
 REPRESENTATION_ITEM ( '' )  );
#4335 = EDGE_CURVE ( 'NONE', #3494, #235, #36, .T. ) ;
#4336 = CARTESIAN_POINT ( 'NONE',  ( 1.058176061977110560, -3.000000000000000000, 12.09500773390135286 ) ) ;
#4337 = ORIENTED_EDGE ( 'NONE', *, *, #420, .T. ) ;
#4339 = CARTESIAN_POINT ( 'NONE',  ( -22.16644285628408184, -0.9761472547093537067, -11.62000720090535388 ) ) ;
#4338 = CARTESIAN_POINT ( 'NONE',  ( 0.000000000000000000, -2.500000000000000000, 25.02749999999999275 ) ) ;
#4340 = DIRECTION ( 'NONE',  ( -0.000000000000000000, -1.000000000000000000, -0.000000000000000000 ) ) ;
#4341 = CARTESIAN_POINT ( 'NONE',  ( 8.705459673506920737, -3.000000000000000000, -22.39767559084970117 ) ) ;
#4342 = DIRECTION ( 'NONE',  ( 0.3420201433256418455, -0.000000000000000000, -0.9396926207859181979 ) ) ;
#4343 = ORIENTED_EDGE ( 'NONE', *, *, #3750, .F. ) ;
#4344 = ORIENTED_EDGE ( 'NONE', *, *, #101, .F. ) ;
#4345 = CARTESIAN_POINT ( 'NONE',  ( -7.243917375737632725, -3.000000000000000000, -14.37701709155922636 ) ) ;
#4346 = ORIENTED_EDGE ( 'NONE', *, *, #1672, .F. ) ;
#4347 = ORIENTED_EDGE ( 'NONE', *, *, #1855, .F. ) ;
#4348 = DIRECTION ( 'NONE',  ( -0.6427876096865970945, 0.000000000000000000, -0.7660444431189294967 ) ) ;
#4349 = LINE ( 'NONE', #1429, #1392 ) ;
#4350 = LINE ( 'NONE', #1044, #4608 ) ;
#4351 = CARTESIAN_POINT ( 'NONE',  ( 15.29263558886092866, -2.579910470631420871, 19.81189170665698285 ) ) ;
#4352 = AXIS2_PLACEMENT_3D ( 'NONE', #1550, #401, #2260 ) ;
#4353 = PLANE ( 'NONE',  #2276 ) ;
#4354 = EDGE_CURVE ( 'NONE', #1017, #661, #2840, .T. ) ;
#4355 = ORIENTED_EDGE ( 'NONE', *, *, #362, .F. ) ;
#4356 = DIRECTION ( 'NONE',  ( 0.000000000000000000, 0.000000000000000000, 1.000000000000000000 ) ) ;
#4357 = PLANE ( 'NONE',  #2485 ) ;
#4358 = EDGE_CURVE ( 'NONE', #4163, #1724, #3874, .T. ) ;
#4359 = ORIENTED_EDGE ( 'NONE', *, *, #603, .F. ) ;
#4360 = EDGE_CURVE ( 'NONE', #230, #87, #232, .T. ) ;
#4362 = LINE ( 'NONE', #759, #675 ) ;
#4361 = CARTESIAN_POINT ( 'NONE',  ( -22.02151929897088678, -2.500000000000000000, 23.30417700039917506 ) ) ;
#4363 = CARTESIAN_POINT ( 'NONE',  ( 7.594310774156530108, -2.500000000000000000, -23.84747785648474050 ) ) ;
#4364 = EDGE_CURVE ( 'NONE', #2178, #2256, #591, .T. ) ;
#4365 = DIRECTION ( 'NONE',  ( -0.6427876096865237088, 0.000000000000000000, 0.7660444431189911141 ) ) ;
#4366 = ORIENTED_EDGE ( 'NONE', *, *, #1235, .F. ) ;
#4367 = VERTEX_POINT ( 'NONE', #2514 ) ;
#4368 = AXIS2_PLACEMENT_3D ( 'NONE', #4736, #626, #2116 ) ;
#4369 = DIRECTION ( 'NONE',  ( 0.1736481776668561960, 0.000000000000000000, -0.9848077530122211209 ) ) ;
#4370 = VECTOR ( 'NONE', #3715, 1000.000000000000000 ) ;
#4371 = LINE ( 'NONE', #4085, #1598 ) ;
#4372 = CARTESIAN_POINT ( 'NONE',  ( -31.33256975185975790, -2.999999999999999556, 6.948482779894414207 ) ) ;
#4373 = CARTESIAN_POINT ( 'NONE',  ( 12.72296122597525958, -2.576007553701673558, -29.43056634765067869 ) ) ;
#4374 = DIRECTION ( 'NONE',  ( -0.1736481776669362431, 0.000000000000000000, 0.9848077530122070211 ) ) ;
#4375 = AXIS2_PLACEMENT_3D ( 'NONE', #2867, #3256, #221 ) ;
#4376 = FACE_OUTER_BOUND ( 'NONE', #2710, .T. ) ;
#4377 = ORIENTED_EDGE ( 'NONE', *, *, #277, .T. ) ;
#4378 = CARTESIAN_POINT ( 'NONE',  ( 0.000000000000000000, 3.265000000000000124, 0.000000000000000000 ) ) ;
#4379 = AXIS2_PLACEMENT_3D ( 'NONE', #1106, #2576, #4058 ) ;
#4380 = ADVANCED_FACE ( 'NONE', ( #2877 ), #4014, .T. ) ;
#4381 = CARTESIAN_POINT ( 'NONE',  ( 0.000000000000000000, -2.500000000000000000, 24.52749999999999275 ) ) ;
#4382 = ORIENTED_EDGE ( 'NONE', *, *, #4210, .T. ) ;
#4384 = FACE_OUTER_BOUND ( 'NONE', #2488, .T. ) ;
#4383 = CARTESIAN_POINT ( 'NONE',  ( 20.86842270412794065, 3.265000000000000124, -10.87059491664726352 ) ) ;
#4385 = CARTESIAN_POINT ( 'NONE',  ( 4.807073215165557301, 3.265000000000000124, -16.18960560050119213 ) ) ;
#4386 = EDGE_CURVE ( 'NONE', #4496, #302, #4550, .T. ) ;
#4387 = ADVANCED_FACE ( 'NONE', ( #1740 ), #1836, .T. ) ;
#4388 = CARTESIAN_POINT ( 'NONE',  ( -24.80391930942172607, 3.265000000000000124, 3.337865057442499950 ) ) ;
#4389 = ORIENTED_EDGE ( 'NONE', *, *, #509, .F. ) ;
#4390 = VERTEX_POINT ( 'NONE', #1765 ) ;
#4391 = DIRECTION ( 'NONE',  ( -0.9063077870364757427, -0.000000000000000000, -0.4226182617410730313 ) ) ;
#4392 = EDGE_CURVE ( 'NONE', #3850, #1270, #2202, .T. ) ;
#4393 = EDGE_CURVE ( 'NONE', #3204, #4633, #4039, .T. ) ;
#4394 = ORIENTED_EDGE ( 'NONE', *, *, #2690, .F. ) ;
#4395 = LINE ( 'NONE', #718, #4233 ) ;
#4396 = CARTESIAN_POINT ( 'NONE',  ( -7.898373414055727793, -3.000000000000000000, -23.22098089362586748 ) ) ;
#4397 = DIRECTION ( 'NONE',  ( -0.000000000000000000, 1.000000000000000000, -0.000000000000000000 ) ) ;
#4398 = CARTESIAN_POINT ( 'NONE',  ( -0.3983431104218756458, -3.000000000000000000, -0.3342495570370129232 ) ) ;
#4399 = ORIENTED_EDGE ( 'NONE', *, *, #1118, .T. ) ;
#4400 = CARTESIAN_POINT ( 'NONE',  ( 15.36408642680076042, -3.000000000000000000, 19.11918158603543461 ) ) ;
#4401 = ORIENTED_EDGE ( 'NONE', *, *, #2588, .F. ) ;
#4402 = CIRCLE ( 'NONE', #4779, 25.02749999999999275 ) ;
#4403 = ORIENTED_EDGE ( 'NONE', *, *, #3956, .F. ) ;
#4405 = DIRECTION ( 'NONE',  ( 0.6427876096865972055, 0.000000000000000000, 0.7660444431189296077 ) ) ;
#4404 = DIRECTION ( 'NONE',  ( 0.4226182617402906017, -0.000000000000000000, 0.9063077870368406730 ) ) ;
#4406 = UNCERTAINTY_MEASURE_WITH_UNIT (LENGTH_MEASURE( 1.000000000000000082E-05 ), #3420, 'distance_accuracy_value', 'NONE');
#4407 = CARTESIAN_POINT ( 'NONE',  ( -16.42414633486748698, -2.500000000000000000, 3.931755278065442560 ) ) ;
#4408 = CIRCLE ( 'NONE', #1635, 24.02999999999999403 ) ;
#4409 = CARTESIAN_POINT ( 'NONE',  ( -1.020000000000000018, -0.9761472547094258712, 25.00670622553088762 ) ) ;
#4410 = EDGE_LOOP ( 'NONE', ( #3048, #1682, #96, #3619 ) ) ;
#4412 = EDGE_LOOP ( 'NONE', ( #3319, #3044, #2596, #1518, #3311, #3168, #2634, #4197, #3998, #1743, #3700, #1377, #4187, #1935, #2577, #1761, #2894, #317, #470, #1030, #2958, #2561, #1305, #295, #4323, #453, #1999, #380, #1949, #2697, #130, #1406, #3673, #4759, #3440, #3329, #2387 ) ) ;
#4411 = FACE_OUTER_BOUND ( 'NONE', #3723, .T. ) ;
#4413 = ADVANCED_FACE ( 'NONE', ( #4747 ), #4702, .T. ) ;
#4414 = DIRECTION ( 'NONE',  ( 0.000000000000000000, 0.000000000000000000, 1.000000000000000000 ) ) ;
#4415 = DIRECTION ( 'NONE',  ( 0.9848077530122070211, -0.000000000000000000, 0.1736481776669361876 ) ) ;
#4416 = EDGE_LOOP ( 'NONE', ( #1075, #2618, #1329, #4422 ) ) ;
#4417 = EDGE_CURVE ( 'NONE', #3063, #1378, #1087, .T. ) ;
#4418 = ADVANCED_FACE ( 'NONE', ( #2491 ), #2902, .T. ) ;
#4419 = CARTESIAN_POINT ( 'NONE',  ( -19.12613749183868350, 3.265000000000000124, 25.73369080688125976 ) ) ;
#4420 = DIRECTION ( 'NONE',  ( -0.000000000000000000, 1.000000000000000000, -0.000000000000000000 ) ) ;
#4421 = LINE ( 'NONE', #4398, #4223 ) ;
#4422 = ORIENTED_EDGE ( 'NONE', *, *, #2125, .F. ) ;
#4423 = VECTOR ( 'NONE', #1263, 1000.000000000000000 ) ;
#4424 = CARTESIAN_POINT ( 'NONE',  ( -20.86842270412917344, 0.000000000000000000, -10.87059491664514965 ) ) ;
#4425 = ORIENTED_EDGE ( 'NONE', *, *, #603, .T. ) ;
#4426 = ORIENTED_EDGE ( 'NONE', *, *, #3831, .F. ) ;
#4428 = DIRECTION ( 'NONE',  ( 0.000000000000000000, 0.000000000000000000, 1.000000000000000000 ) ) ;
#4427 = CARTESIAN_POINT ( 'NONE',  ( -20.54618363729464292, -3.000000000000000000, 23.67701177387835898 ) ) ;
#4429 = DIRECTION ( 'NONE',  ( 0.9063077870364198985, 0.000000000000000000, -0.4226182617411931020 ) ) ;
#4430 = AXIS2_PLACEMENT_3D ( 'NONE', #1336, #2473, #4304 ) ;
#4431 = LINE ( 'NONE', #4460, #2148 ) ;
#4432 = ORIENTED_EDGE ( 'NONE', *, *, #1890, .T. ) ;
#4434 = ORIENTED_EDGE ( 'NONE', *, *, #1260, .F. ) ;
#4433 = PLANE ( 'NONE',  #3899 ) ;
#4435 = CARTESIAN_POINT ( 'NONE',  ( -20.54618363729464292, -3.000000000000000000, 23.67701177387835898 ) ) ;
#4436 = CARTESIAN_POINT ( 'NONE',  ( -9.794555928166921888, -3.000000000000000000, -30.56969980137444409 ) ) ;
#4437 = ADVANCED_FACE ( 'NONE', ( #1040 ), #3989, .T. ) ;
#4438 = DIRECTION ( 'NONE',  ( 0.4226182617410730868, 0.000000000000000000, -0.9063077870364758537 ) ) ;
#4439 = EDGE_LOOP ( 'NONE', ( #2002, #537, #3646, #2249 ) ) ;
#4440 = VECTOR ( 'NONE', #4152, 1000.000000000000114 ) ;
#4441 = DIRECTION ( 'NONE',  ( 0.9961946980917286698, 0.000000000000000000, -0.08715574274785163611 ) ) ;
#4442 = AXIS2_PLACEMENT_3D ( 'NONE', #2524, #3585, #4356 ) ;
#4443 = AXIS2_PLACEMENT_3D ( 'NONE', #1217, #480, #921 ) ;
#4444 = ADVANCED_FACE ( 'NONE', ( #2153 ), #3575, .F. ) ;
#4445 = ADVANCED_FACE ( 'NONE', ( #2468 ), #2108, .F. ) ;
#4446 = CARTESIAN_POINT ( 'NONE',  ( -12.72296122597416002, -3.000000000000000000, -29.43056634764681334 ) ) ;
#4447 = ADVANCED_FACE ( 'NONE', ( #3284 ), #4678, .T. ) ;
#4448 = CARTESIAN_POINT ( 'NONE',  ( -15.63352333970059327, -3.000000000000000000, 3.874968164782187863 ) ) ;
#4449 = VERTEX_POINT ( 'NONE', #1380 ) ;
#4450 = CYLINDRICAL_SURFACE ( 'NONE', #3520, 14.64608244481090615 ) ;
#4451 = AXIS2_PLACEMENT_3D ( 'NONE', #782, #3739, #407 ) ;
#4452 = VERTEX_POINT ( 'NONE', #2179 ) ;
#4453 = CIRCLE ( 'NONE', #4752, 23.52999999999999758 ) ;
#4454 = EDGE_LOOP ( 'NONE', ( #1321, #1061, #4048, #2322 ) ) ;
#4456 = DIRECTION ( 'NONE',  ( -0.000000000000000000, 1.000000000000000000, -0.000000000000000000 ) ) ;
#4455 = CARTESIAN_POINT ( 'NONE',  ( -21.57685864997098335, -3.000000000000000000, 23.76718415326719125 ) ) ;
#4457 = DIRECTION ( 'NONE',  ( 0.3420201433256677137, 0.000000000000000000, 0.9396926207859087610 ) ) ;
#4458 = AXIS2_PLACEMENT_3D ( 'NONE', #3857, #2910, #1023 ) ;
#4459 = VECTOR ( 'NONE', #2980, 1000.000000000000114 ) ;
#4460 = CARTESIAN_POINT ( 'NONE',  ( -7.594310774156573629, -3.000000000000000000, -23.84747785648472274 ) ) ;
#4461 = ORIENTED_EDGE ( 'NONE', *, *, #4417, .F. ) ;
#4462 = DIRECTION ( 'NONE',  ( -0.000000000000000000, 1.000000000000000000, -0.000000000000000000 ) ) ;
#4464 = ORIENTED_EDGE ( 'NONE', *, *, #1531, .T. ) ;
#4463 = CYLINDRICAL_SURFACE ( 'NONE', #767, 0.5000000000000001110 ) ;
#4465 = CARTESIAN_POINT ( 'NONE',  ( -9.485192156496715654, -3.000000000000000000, 13.01743292839939414 ) ) ;
#4466 = DIRECTION ( 'NONE',  ( -0.000000000000000000, 1.000000000000000000, -0.000000000000000000 ) ) ;
#4467 = DIRECTION ( 'NONE',  ( -0.8191520442886223163, -0.000000000000000000, 0.5735764363515737374 ) ) ;
#4468 = VERTEX_POINT ( 'NONE', #3647 ) ;
#4469 = ORIENTED_EDGE ( 'NONE', *, *, #2026, .F. ) ;
#4470 = CARTESIAN_POINT ( 'NONE',  ( 23.65640875793774001, -2.999999999999999556, 3.529505531803585949 ) ) ;
#4471 = CARTESIAN_POINT ( 'NONE',  ( -9.211470339405375185, -3.000000000000000000, -19.75406189091275877 ) ) ;
#4472 = CARTESIAN_POINT ( 'NONE',  ( -31.84812177703741298, -2.650060844301293184, 3.719252666621009507 ) ) ;
#4473 = CARTESIAN_POINT ( 'NONE',  ( 15.63352333970124342, -3.000000000000000000, 3.874968164782151892 ) ) ;
#4474 = ORIENTED_EDGE ( 'NONE', *, *, #2588, .T. ) ;
#4475 = ADVANCED_FACE ( 'NONE', ( #324 ), #2608, .T. ) ;
#4476 = EDGE_CURVE ( 'NONE', #1092, #2512, #3171, .T. ) ;
#4477 = CARTESIAN_POINT ( 'NONE',  ( -20.79608018602539588, -2.500000000000000000, 23.19696497017492476 ) ) ;
#4478 = ORIENTED_EDGE ( 'NONE', *, *, #4626, .F. ) ;
#4480 = CARTESIAN_POINT ( 'NONE',  ( 7.081682580411110095, -2.500000000000000000, -22.43904346959338980 ) ) ;
#4479 = LINE ( 'NONE', #3323, #4521 ) ;
#4481 = EDGE_CURVE ( 'NONE', #1257, #2649, #475, .T. ) ;
#4482 = DIRECTION ( 'NONE',  ( 0.8660254037844428154, 0.000000000000000000, -0.4999999999999928946 ) ) ;
#4483 = ORIENTED_EDGE ( 'NONE', *, *, #4732, .F. ) ;
#4485 = VERTEX_POINT ( 'NONE', #3437 ) ;
#4484 = CARTESIAN_POINT ( 'NONE',  ( 22.16644285628295208, 3.265000000000000124, -11.62000720090749972 ) ) ;
#4486 = LINE ( 'NONE', #1882, #3335 ) ;
#4487 = AXIS2_PLACEMENT_3D ( 'NONE', #4505, #2314, #1973 ) ;
#4488 = CARTESIAN_POINT ( 'NONE',  ( -9.193117170197046661, -2.650060844301281193, -30.71843579706168370 ) ) ;
#4489 =( BOUNDED_CURVE ( )  B_SPLINE_CURVE ( 3, ( #2719, #531, #3786, #2044 ),
 .UNSPECIFIED., .F., .T. ) 
 B_SPLINE_CURVE_WITH_KNOTS ( ( 4, 4 ),
 ( 3.098230149455369009, 3.184955157724333130 ),
 .UNSPECIFIED. ) 
 CURVE ( )  GEOMETRIC_REPRESENTATION_ITEM ( )  RATIONAL_B_SPLINE_CURVE ( ( 1.000000000000000000, 0.9993733292820605740, 0.9993733292820605740, 1.000000000000000000 ) ) 
 REPRESENTATION_ITEM ( '' )  );
#4490 = LINE ( 'NONE', #1232, #3536 ) ;
#4491 = EDGE_LOOP ( 'NONE', ( #3499, #402, #2780, #2363 ) ) ;
#4492 = CARTESIAN_POINT ( 'NONE',  ( 16.85536625282482959, -3.000000000000000000, 18.50060498289537847 ) ) ;
#4493 = CARTESIAN_POINT ( 'NONE',  ( 21.14644285628408937, -0.9761472547092341356, -13.38669902462525485 ) ) ;
#4494 = DIRECTION ( 'NONE',  ( -1.000000000000000000, 0.000000000000000000, 0.000000000000000000 ) ) ;
#4495 = CARTESIAN_POINT ( 'NONE',  ( 15.46110767325300550, -2.798945815778286050, 4.493127736484367141 ) ) ;
#4496 = VERTEX_POINT ( 'NONE', #2012 ) ;
#4497 = CARTESIAN_POINT ( 'NONE',  ( -15.29263558886043484, -2.579910470631417763, 19.81189170665737365 ) ) ;
#4498 = EDGE_CURVE ( 'NONE', #2384, #3872, #4637, .T. ) ;
#4499 = ORIENTED_EDGE ( 'NONE', *, *, #2715, .T. ) ;
#4501 = CARTESIAN_POINT ( 'NONE',  ( -5.206084834573832865, -3.000000000000000000, -15.82397881484218871 ) ) ;
#4500 = CYLINDRICAL_SURFACE ( 'NONE', #2586, 0.4999999999999985567 ) ;
#4502 = CARTESIAN_POINT ( 'NONE',  ( -16.42414633486748698, 3.265000000000000124, 3.931755278065442560 ) ) ;
#4503 = EDGE_CURVE ( 'NONE', #80, #1228, #1334, .T. ) ;
#4504 = EDGE_CURVE ( 'NONE', #350, #465, #114, .T. ) ;
#4505 = CARTESIAN_POINT ( 'NONE',  ( -30.84144333032262608, 3.265000000000000124, 4.402443439002778014 ) ) ;
#4506 = VERTEX_POINT ( 'NONE', #2808 ) ;
#4507 = EDGE_CURVE ( 'NONE', #27, #3231, #2758, .T. ) ;
#4509 = ORIENTED_EDGE ( 'NONE', *, *, #2095, .F. ) ;
#4508 = CARTESIAN_POINT ( 'NONE',  ( -19.25591703945109145, -2.833599059609037685, 25.64992675839680203 ) ) ;
#4510 = DIRECTION ( 'NONE',  ( -0.6427876096865573485, -0.000000000000000000, -0.7660444431189630254 ) ) ;
#4511 = DIRECTION ( 'NONE',  ( 0.000000000000000000, 1.000000000000000000, 0.000000000000000000 ) ) ;
#4512 = DIRECTION ( 'NONE',  ( -0.9848077530122123502, -0.000000000000000000, -0.1736481776669060728 ) ) ;
#4513 = ORIENTED_EDGE ( 'NONE', *, *, #1848, .F. ) ;
#4514 = EDGE_LOOP ( 'NONE', ( #615, #2962, #1330, #1078 ) ) ;
#4515 = CARTESIAN_POINT ( 'NONE',  ( -22.97362297149675570, -2.581508752381810545, 5.086604718622893095 ) ) ;
#4516 = DIRECTION ( 'NONE',  ( -0.000000000000000000, -1.000000000000000000, -0.000000000000000000 ) ) ;
#4517 = CARTESIAN_POINT ( 'NONE',  ( 9.511283720560113508, 3.265000000000000124, -23.14975676410030303 ) ) ;
#4518 = VERTEX_POINT ( 'NONE', #2342 ) ;
#4519 = CARTESIAN_POINT ( 'NONE',  ( 21.85055097923240197, -0.9942063823211489959, -12.22260572949187285 ) ) ;
#4520 = VECTOR ( 'NONE', #1312, 999.9999999999998863 ) ;
#4521 = VECTOR ( 'NONE', #1874, 1000.000000000000000 ) ;
#4522 = ORIENTED_EDGE ( 'NONE', *, *, #4684, .T. ) ;
#4523 = DIRECTION ( 'NONE',  ( -0.000000000000000000, -1.000000000000000000, -0.000000000000000000 ) ) ;
#4524 = LINE ( 'NONE', #557, #3144 ) ;
#4525 = EDGE_CURVE ( 'NONE', #3498, #1849, #143, .T. ) ;
#4526 = AXIS2_PLACEMENT_3D ( 'NONE', #447, #3049, #1962 ) ;
#4527 = ORIENTED_EDGE ( 'NONE', *, *, #3954, .T. ) ;
#4528 = DIRECTION ( 'NONE',  ( 1.000000000000000000, 0.000000000000000000, 0.000000000000000000 ) ) ;
#4529 = VECTOR ( 'NONE', #57, 1000.000000000000114 ) ;
#4531 = ORIENTED_EDGE ( 'NONE', *, *, #3270, .F. ) ;
#4530 = CARTESIAN_POINT ( 'NONE',  ( 9.348939935153200764, -2.840063043677880206, -23.07784167809390397 ) ) ;
#4532 = AXIS2_PLACEMENT_3D ( 'NONE', #3164, #202, #1689 ) ;
#4533 = DIRECTION ( 'NONE',  ( -0.000000000000000000, 1.000000000000000000, -0.000000000000000000 ) ) ;
#4534 = AXIS2_PLACEMENT_3D ( 'NONE', #2039, #2397, #499 ) ;
#4535 = DIRECTION ( 'NONE',  ( 0.9961946980917276706, 0.000000000000000000, -0.08715574274786326570 ) ) ;
#4536 = AXIS2_PLACEMENT_3D ( 'NONE', #3338, #3685, #773 ) ;
#4537 = B_SPLINE_CURVE_WITH_KNOTS ( 'NONE', 3,
 ( #1966, #2326, #798, #91, #1527, #423, #3438, #1573 ),
 .UNSPECIFIED., .F., .F.,
 ( 4, 2, 2, 4 ),
 ( 0.000000000000000000, 0.0002243944063328087832, 0.0004487888126656175663, 0.0008975776253312358916 ),
 .UNSPECIFIED. ) ;
#4538 = CYLINDRICAL_SURFACE ( 'NONE', #3841, 0.5000000000000001110 ) ;
#4539 = EDGE_LOOP ( 'NONE', ( #1588, #2490, #3382, #2986 ) ) ;
#4540 = EDGE_LOOP ( 'NONE', ( #1989, #3143, #4108, #544 ) ) ;
#4541 = AXIS2_PLACEMENT_3D ( 'NONE', #1261, #845, #889 ) ;
#4542 = DIRECTION ( 'NONE',  ( -0.6427876096865312583, 0.000000000000000000, -0.7660444431189847858 ) ) ;
#4543 = ADVANCED_FACE ( 'NONE', ( #3529 ), #1284, .F. ) ;
#4544 = CARTESIAN_POINT ( 'NONE',  ( 30.84144333032081420, -2.500000000000000000, 4.402443439001797465 ) ) ;
#4545 = VERTEX_POINT ( 'NONE', #1987 ) ;
#4546 = CARTESIAN_POINT ( 'NONE',  ( -3.903514929478358209, -3.000000000000000000, -15.21658049281480984 ) ) ;
#4547 = FACE_OUTER_BOUND ( 'NONE', #712, .T. ) ;
#4548 = ORIENTED_EDGE ( 'NONE', *, *, #2914, .T. ) ;
#4549 = CARTESIAN_POINT ( 'NONE',  ( -15.33261956036198903, -2.963710827149449667, 19.43372959236246089 ) ) ;
#4550 = B_SPLINE_CURVE_WITH_KNOTS ( 'NONE', 3,
 ( #1446, #3313, #3214, #2856, #4324, #3969, #3598, #639 ),
 .UNSPECIFIED., .F., .F.,
 ( 4, 2, 2, 4 ),
 ( 0.000000000000000000, 0.0002402254661766048578, 0.0004804509323532097156, 0.0009609018647064147692 ),
 .UNSPECIFIED. ) ;
#4551 = ORIENTED_EDGE ( 'NONE', *, *, #2864, .F. ) ;
#4552 = CARTESIAN_POINT ( 'NONE',  ( 16.85536625282482603, -2.500000000000000000, 18.50060498289538202 ) ) ;
#4553 = CARTESIAN_POINT ( 'NONE',  ( 23.24104116510420681, -3.000000000000000000, 3.570000778981960110 ) ) ;
#4554 = EDGE_LOOP ( 'NONE', ( #1279, #2332, #2557, #3807, #3587, #3721 ) ) ;
#4555 =( NAMED_UNIT ( * ) PLANE_ANGLE_UNIT ( ) SI_UNIT ( $, .RADIAN. ) );
#4557 = ORIENTED_EDGE ( 'NONE', *, *, #3526, .F. ) ;
#4556 = CARTESIAN_POINT ( 'NONE',  ( -9.404373085822854250, -2.787165718555740135, -23.10244361938221402 ) ) ;
#4558 = CARTESIAN_POINT ( 'NONE',  ( 0.000000000000000000, -3.000000000000000000, 0.000000000000000000 ) ) ;
#4559 = FACE_OUTER_BOUND ( 'NONE', #1941, .T. ) ;
#4560 = DIRECTION ( 'NONE',  ( -0.000000000000000000, -1.000000000000000000, -0.000000000000000000 ) ) ;
#4561 = ORIENTED_EDGE ( 'NONE', *, *, #3010, .T. ) ;
#4562 = ADVANCED_FACE ( 'NONE', ( #4273 ), #3877, .T. ) ;
#4563 = EDGE_CURVE ( 'NONE', #206, #3087, #4570, .T. ) ;
#4564 = VECTOR ( 'NONE', #3369, 1000.000000000000000 ) ;
#4565 = LINE ( 'NONE', #4658, #2917 ) ;
#4566 = DIRECTION ( 'NONE',  ( -0.9063077870364758537, -0.000000000000000000, -0.4226182617410730868 ) ) ;
#4567 = ADVANCED_FACE ( 'NONE', ( #1242 ), #2325, .T. ) ;
#4568 = EDGE_CURVE ( 'NONE', #3706, #457, #3153, .T. ) ;
#4569 = EDGE_CURVE ( 'NONE', #3651, #4607, #3383, .T. ) ;
#4570 = LINE ( 'NONE', #4546, #2456 ) ;
#4571 = DIRECTION ( 'NONE',  ( -0.000000000000000000, -1.000000000000000000, -0.000000000000000000 ) ) ;
#4572 = VERTEX_POINT ( 'NONE', #3483 ) ;
#4573 = CARTESIAN_POINT ( 'NONE',  ( -15.29557924842937666, -2.656873957769899874, 19.78473408745165329 ) ) ;
#4574 = CARTESIAN_POINT ( 'NONE',  ( 19.74949741645048107, -3.000000000000000000, 24.34551088795272733 ) ) ;
#4575 = EDGE_LOOP ( 'NONE', ( #3041, #1960, #1203, #790 ) ) ;
#4576 = CARTESIAN_POINT ( 'NONE',  ( -30.48720104788181828, -2.500000000000000000, 6.411451255149191120 ) ) ;
#4577 = CARTESIAN_POINT ( 'NONE',  ( 22.02151929896934845, -2.576037802762227713, 23.30417700039739159 ) ) ;
#4578 = ORIENTED_EDGE ( 'NONE', *, *, #4157, .T. ) ;
#4580 = ORIENTED_EDGE ( 'NONE', *, *, #1678, .F. ) ;
#4579 = CARTESIAN_POINT ( 'NONE',  ( -9.348939935154346514, -2.840063043677877985, -23.07784167809344567 ) ) ;
#4581 = AXIS2_PLACEMENT_3D ( 'NONE', #2421, #4249, #945 ) ;
#4582 = DIRECTION ( 'NONE',  ( 0.000000000000000000, 0.000000000000000000, -1.000000000000000000 ) ) ;
#4583 = LINE ( 'NONE', #521, #3776 ) ;
#4584 = EDGE_LOOP ( 'NONE', ( #3513, #4165, #3260, #2101 ) ) ;
#4585 = ORIENTED_EDGE ( 'NONE', *, *, #2766, .T. ) ;
#4586 = DIRECTION ( 'NONE',  ( 0.000000000000000000, -1.000000000000000000, 0.000000000000000000 ) ) ;
#4587 = DIRECTION ( 'NONE',  ( 0.000000000000000000, 0.000000000000000000, 1.000000000000000000 ) ) ;
#4588 = DIRECTION ( 'NONE',  ( 0.9961946980917275596, 0.000000000000000000, -0.08715574274786325182 ) ) ;
#4589 = VERTEX_POINT ( 'NONE', #166 ) ;
#4590 = DIRECTION ( 'NONE',  ( 0.9961946980916878136, 0.000000000000000000, 0.08715574274831970614 ) ) ;
#4591 = CARTESIAN_POINT ( 'NONE',  ( -15.30511667196234171, -2.787167313796302448, 19.69564639308255138 ) ) ;
#4592 = ADVANCED_FACE ( 'NONE', ( #1643 ), #3121, .T. ) ;
#4593 = EDGE_CURVE ( 'NONE', #4132, #1310, #2420, .T. ) ;
#4594 = LINE ( 'NONE', #4230, #3305 ) ;
#4595 = ORIENTED_EDGE ( 'NONE', *, *, #3333, .F. ) ;
#4596 = DIRECTION ( 'NONE',  ( 0.9961946980916938088, 0.000000000000000000, -0.08715574274825022005 ) ) ;
#4597 = EDGE_CURVE ( 'NONE', #4258, #1257, #1768, .T. ) ;
#4598 = DIRECTION ( 'NONE',  ( 0.000000000000000000, 0.000000000000000000, -1.000000000000000000 ) ) ;
#4599 = VERTEX_POINT ( 'NONE', #4705 ) ;
#4601 = ORIENTED_EDGE ( 'NONE', *, *, #897, .F. ) ;
#4600 = DIRECTION ( 'NONE',  ( -0.8191520442886223163, 0.000000000000000000, 0.5735764363515737374 ) ) ;
#4602 = DIRECTION ( 'NONE',  ( 0.8191520442888741149, 0.000000000000000000, -0.5735764363512143582 ) ) ;
#4603 = CYLINDRICAL_SURFACE ( 'NONE', #4532, 25.02749999999999275 ) ;
#4604 = VECTOR ( 'NONE', #535, 1000.000000000000000 ) ;
#4605 = CARTESIAN_POINT ( 'NONE',  ( 15.29263558886092866, 3.265000000000000124, 19.81189170665698640 ) ) ;
#4606 = EDGE_LOOP ( 'NONE', ( #1285, #1426, #3523, #4192 ) ) ;
#4607 = VERTEX_POINT ( 'NONE', #3971 ) ;
#4608 = VECTOR ( 'NONE', #352, 1000.000000000000000 ) ;
#4609 = CARTESIAN_POINT ( 'NONE',  ( -10.15785299541247433, -3.000000000000000000, 13.37029514952936360 ) ) ;
#4610 = VECTOR ( 'NONE', #659, 1000.000000000000000 ) ;
#4611 = VECTOR ( 'NONE', #635, 1000.000000000000000 ) ;
#4612 = VECTOR ( 'NONE', #571, 1000.000000000000114 ) ;
#4613 = CARTESIAN_POINT ( 'NONE',  ( -11.72428514981518433, -2.586846802861117567, 11.03241121076155373 ) ) ;
#4614 = CARTESIAN_POINT ( 'NONE',  ( -6.790763482219201563, -2.500000000000000000, -14.16570796068909743 ) ) ;
#4615 = CARTESIAN_POINT ( 'NONE',  ( 11.60809380826084514, -2.500000000000000000, -28.91069513294267423 ) ) ;
#4616 = ORIENTED_EDGE ( 'NONE', *, *, #4291, .T. ) ;
#4617 = CARTESIAN_POINT ( 'NONE',  ( -24.05914606170093606, -3.000000000000000000, 4.770298421665045474 ) ) ;
#4618 = DIRECTION ( 'NONE',  ( 0.9063077870365631172, 0.000000000000000000, -0.4226182617408856257 ) ) ;
#4619 = EDGE_CURVE ( 'NONE', #3105, #1982, #967, .T. ) ;
#4620 = CARTESIAN_POINT ( 'NONE',  ( 9.503133255363993115, -2.961413309391994098, -30.64565865388739496 ) ) ;
#4621 = ORIENTED_EDGE ( 'NONE', *, *, #29, .T. ) ;
#4622 = DIRECTION ( 'NONE',  ( -0.000000000000000000, 1.000000000000000000, -0.000000000000000000 ) ) ;
#4623 = CARTESIAN_POINT ( 'NONE',  ( 0.000000000000000000, -3.000000000000000000, 0.000000000000000000 ) ) ;
#4624 = ADVANCED_FACE ( 'NONE', ( #1018 ), #2471, .T. ) ;
#4625 = VERTEX_POINT ( 'NONE', #4301 ) ;
#4626 = EDGE_CURVE ( 'NONE', #3160, #1971, #994, .T. ) ;
#4628 = ORIENTED_EDGE ( 'NONE', *, *, #4186, .F. ) ;
#4627 = FACE_OUTER_BOUND ( 'NONE', #1785, .T. ) ;
#4629 = LINE ( 'NONE', #859, #3957 ) ;
#4630 = LINE ( 'NONE', #1325, #1686 ) ;
#4631 = DIRECTION ( 'NONE',  ( -0.08715574274745542527, 0.000000000000000000, 0.9961946980917633088 ) ) ;
#4632 = ORIENTED_EDGE ( 'NONE', *, *, #1911, .T. ) ;
#4633 = VERTEX_POINT ( 'NONE', #3578 ) ;
#4634 = DIRECTION ( 'NONE',  ( -0.000000000000000000, 1.000000000000000000, -0.000000000000000000 ) ) ;
#4635 = CARTESIAN_POINT ( 'NONE',  ( 3.839281557129018196, -2.798953584472826162, -15.63630235369227783 ) ) ;
#4636 = AXIS2_PLACEMENT_3D ( 'NONE', #3330, #1493, #2974 ) ;
#4637 = LINE ( 'NONE', #4182, #1295 ) ;
#4638 = CARTESIAN_POINT ( 'NONE',  ( 16.51097042370104973, -3.000000000000000000, 3.439351401558869537 ) ) ;
#4639 = DIRECTION ( 'NONE',  ( 0.000000000000000000, 0.000000000000000000, -1.000000000000000000 ) ) ;
#4640 = LINE ( 'NONE', #674, #2439 ) ;
#4641 = CIRCLE ( 'NONE', #3180, 23.53000000000000114 ) ;
#4642 = CARTESIAN_POINT ( 'NONE',  ( 6.724046161570117697, -2.500000000000000000, -15.49188450811890938 ) ) ;
#4643 = ORIENTED_EDGE ( 'NONE', *, *, #2857, .T. ) ;
#4644 = CARTESIAN_POINT ( 'NONE',  ( 15.85313804900538948, -3.000000000000000000, 17.90980453887831914 ) ) ;
#4645 = ADVANCED_FACE ( 'NONE', ( #2131 ), #288, .T. ) ;
#4646 = DIRECTION ( 'NONE',  ( -0.000000000000000000, -1.000000000000000000, -0.000000000000000000 ) ) ;
#4647 = EDGE_LOOP ( 'NONE', ( #3177, #829, #1977, #1474 ) ) ;
#4649 = ORIENTED_EDGE ( 'NONE', *, *, #2713, .F. ) ;
#4648 = LINE ( 'NONE', #226, #941 ) ;
#4650 = CARTESIAN_POINT ( 'NONE',  ( -20.79608018602539588, 3.265000000000000124, 23.19696497017492476 ) ) ;
#4651 = CARTESIAN_POINT ( 'NONE',  ( 11.10092522531384951, -3.000000000000000000, 12.42059112841867830 ) ) ;
#4652 = EDGE_CURVE ( 'NONE', #1850, #1151, #132, .T. ) ;
#4653 = EDGE_CURVE ( 'NONE', #2512, #3706, #2111, .T. ) ;
#4654 = LINE ( 'NONE', #3211, #3150 ) ;
#4655 = EDGE_CURVE ( 'NONE', #264, #1585, #3248, .T. ) ;
#4656 = VERTEX_POINT ( 'NONE', #1067 ) ;
#4657 = ORIENTED_EDGE ( 'NONE', *, *, #622, .T. ) ;
#4658 = CARTESIAN_POINT ( 'NONE',  ( -22.97362297149675214, -2.500000000000000000, 5.086604718622892207 ) ) ;
#4659 = CARTESIAN_POINT ( 'NONE',  ( -0.3983431104224306463, -3.000000000000000000, -0.3342495570374582337 ) ) ;
#4660 = CARTESIAN_POINT ( 'NONE',  ( 23.43691473198560971, -3.000000000000000000, 4.774318010700180359 ) ) ;
#4661 = LINE ( 'NONE', #1792, #2009 ) ;
#4662 = CARTESIAN_POINT ( 'NONE',  ( -16.42414633486748698, 3.265000000000000124, 3.931755278065442560 ) ) ;
#4663 = DIRECTION ( 'NONE',  ( 0.3420201433256684909, 0.000000000000000000, -0.9396926207859085389 ) ) ;
#4664 = CARTESIAN_POINT ( 'NONE',  ( 6.183365160192089149, -3.000000000000000000, -15.46827786578618458 ) ) ;
#4665 = ORIENTED_EDGE ( 'NONE', *, *, #1383, .F. ) ;
#4666 = CARTESIAN_POINT ( 'NONE',  ( 30.48720104788194618, -3.000000000000000000, 6.411451255148618245 ) ) ;
#4667 = DIRECTION ( 'NONE',  ( -0.1736481776669272503, 0.000000000000000000, -0.9848077530122086864 ) ) ;
#4668 = AXIS2_PLACEMENT_3D ( 'NONE', #1907, #4511, #2631 ) ;
#4669 = ORIENTED_EDGE ( 'NONE', *, *, #1497, .F. ) ;
#4671 = LINE ( 'NONE', #2482, #2310 ) ;
#4670 = LINE ( 'NONE', #1369, #844 ) ;
#4672 = DIRECTION ( 'NONE',  ( -0.000000000000000000, -1.000000000000000000, -0.000000000000000000 ) ) ;
#4673 = CARTESIAN_POINT ( 'NONE',  ( -10.05434245573797369, 3.265000000000000124, 13.56913704619718430 ) ) ;
#4674 = DIRECTION ( 'NONE',  ( 0.000000000000000000, 0.000000000000000000, -1.000000000000000000 ) ) ;
#4675 = ORIENTED_EDGE ( 'NONE', *, *, #1854, .T. ) ;
#4676 = ORIENTED_EDGE ( 'NONE', *, *, #3057, .T. ) ;
#4677 = EDGE_CURVE ( 'NONE', #2512, #80, #2859, .T. ) ;
#4678 = PLANE ( 'NONE',  #4681 ) ;
#4679 = VECTOR ( 'NONE', #1404, 1000.000000000000114 ) ;
#4680 = LINE ( 'NONE', #305, #1521 ) ;
#4681 = AXIS2_PLACEMENT_3D ( 'NONE', #1424, #4369, #689 ) ;
#4682 = DIRECTION ( 'NONE',  ( 0.000000000000000000, 0.000000000000000000, -1.000000000000000000 ) ) ;
#4683 = CARTESIAN_POINT ( 'NONE',  ( -6.724046161570257141, -2.500000000000000000, -15.49188450811626794 ) ) ;
#4684 = EDGE_CURVE ( 'NONE', #4097, #444, #1384, .T. ) ;
#4685 = VECTOR ( 'NONE', #3964, 1000.000000000000000 ) ;
#4686 = CARTESIAN_POINT ( 'NONE',  ( -16.77838861730829123, 3.265000000000000124, 1.922747461919029899 ) ) ;
#4687 = DIRECTION ( 'NONE',  ( 0.5735764363515737374, 0.000000000000000000, 0.8191520442886223163 ) ) ;
#4688 =( GEOMETRIC_REPRESENTATION_CONTEXT ( 3 ) GLOBAL_UNCERTAINTY_ASSIGNED_CONTEXT ( ( #1081 ) ) GLOBAL_UNIT_ASSIGNED_CONTEXT ( ( #103, #4555, #1561 ) ) REPRESENTATION_CONTEXT ( 'NONE', 'WORKASPACE' ) );
#4689 = VECTOR ( 'NONE', #4101, 1000.000000000000114 ) ;
#4690 = CARTESIAN_POINT ( 'NONE',  ( -0.9855541338493460923, -3.000000000000000000, 1.174537679707344129 ) ) ;
#4691 = ORIENTED_EDGE ( 'NONE', *, *, #215, .T. ) ;
#4692 = LINE ( 'NONE', #293, #1663 ) ;
#4693 = ORIENTED_EDGE ( 'NONE', *, *, #4652, .T. ) ;
#4695 = ORIENTED_EDGE ( 'NONE', *, *, #70, .T. ) ;
#4694 = DIRECTION ( 'NONE',  ( -0.5735764363512143582, 0.000000000000000000, -0.8191520442888740039 ) ) ;
#4696 = CARTESIAN_POINT ( 'NONE',  ( -16.07282071980270644, 3.265000000000000124, 0.9150920754742549734 ) ) ;
#4697 = CARTESIAN_POINT ( 'NONE',  ( 3.692205798609079270, 3.265000000000000124, -15.66973438633268856 ) ) ;
#4698 = AXIS2_PLACEMENT_3D ( 'NONE', #2250, #53, #2972 ) ;
#4699 = DIRECTION ( 'NONE',  ( 0.000000000000000000, 0.000000000000000000, 1.000000000000000000 ) ) ;
#4700 = ORIENTED_EDGE ( 'NONE', *, *, #570, .T. ) ;
#4701 = EDGE_LOOP ( 'NONE', ( #2240, #3470, #1511, #750, #1144, #886, #1479, #1869, #4118 ) ) ;
#4702 = CYLINDRICAL_SURFACE ( 'NONE', #1374, 0.4999999999999998890 ) ;
#4703 = EDGE_CURVE ( 'NONE', #4292, #1109, #693, .T. ) ;
#4704 = CARTESIAN_POINT ( 'NONE',  ( -11.46754741149818990, -2.926524577312470843, 11.30526364754602220 ) ) ;
#4705 = CARTESIAN_POINT ( 'NONE',  ( 24.44967702698105683, 3.265000000000000124, 5.346872873588295327 ) ) ;
#4706 = CARTESIAN_POINT ( 'NONE',  ( 12.14675912257063040, -3.000000000000000000, -29.71356785366922892 ) ) ;
#4707 = DIRECTION ( 'NONE',  ( 0.8191520442892409326, 0.000000000000000000, 0.5735764363506903329 ) ) ;
#4708 = CARTESIAN_POINT ( 'NONE',  ( 0.000000000000000000, -2.500000000000000000, 0.000000000000000000 ) ) ;
#4709 = ADVANCED_FACE ( 'NONE', ( #2087 ), #1428, .F. ) ;
#4710 = EDGE_CURVE ( 'NONE', #3001, #3194, #854, .T. ) ;
#4711 = EDGE_CURVE ( 'NONE', #371, #3105, #2886, .T. ) ;
#4712 = CARTESIAN_POINT ( 'NONE',  ( 15.84091243148946049, -3.000000000000000000, 18.06948791022819023 ) ) ;
#4713 = VERTEX_POINT ( 'NONE', #2442 ) ;
#4714 = VECTOR ( 'NONE', #1249, 1000.000000000000000 ) ;
#4715 = CARTESIAN_POINT ( 'NONE',  ( 5.979726014091932385, -3.000000000000000000, -16.42916219819833756 ) ) ;
#4716 = VECTOR ( 'NONE', #3761, 1000.000000000000000 ) ;
#4717 = CARTESIAN_POINT ( 'NONE',  ( 1.020000000004275487, 3.265000000000000124, 23.50788165701008481 ) ) ;
#4718 = ORIENTED_EDGE ( 'NONE', *, *, #592, .T. ) ;
#4720 = VERTEX_POINT ( 'NONE', #487 ) ;
#4719 = LINE ( 'NONE', #2797, #704 ) ;
#4721 = CARTESIAN_POINT ( 'NONE',  ( 30.84144333032081420, -3.000000000000000000, 4.402443439001797465 ) ) ;
#4722 = DIRECTION ( 'NONE',  ( -0.6427876096865468014, 0.000000000000000000, 0.7660444431189717962 ) ) ;
#4723 = EDGE_LOOP ( 'NONE', ( #1744, #2344, #3226, #297 ) ) ;
#4724 = ORIENTED_EDGE ( 'NONE', *, *, #936, .F. ) ;
#4725 = CARTESIAN_POINT ( 'NONE',  ( -11.61707311970166501, 3.265000000000000124, 12.25785032243587658 ) ) ;
#4726 = CARTESIAN_POINT ( 'NONE',  ( 0.000000000000000000, 3.265000000000000124, 0.000000000000000000 ) ) ;
#4727 = EDGE_LOOP ( 'NONE', ( #770, #1739, #2501, #605 ) ) ;
#4728 = DIRECTION ( 'NONE',  ( -0.9961946980916877026, -0.000000000000000000, -0.08715574274831970614 ) ) ;
#4729 = CARTESIAN_POINT ( 'NONE',  ( 9.142192579634706107, -2.926524577312472619, 13.25646802931903423 ) ) ;
#4730 = DIRECTION ( 'NONE',  ( -0.4226182617408856812, 0.000000000000000000, -0.9063077870365631172 ) ) ;
#4731 = EDGE_CURVE ( 'NONE', #3212, #4198, #3615, .T. ) ;
#4732 = EDGE_CURVE ( 'NONE', #1653, #2311, #437, .T. ) ;
#4733 = FACE_OUTER_BOUND ( 'NONE', #677, .T. ) ;
#4734 = VERTEX_POINT ( 'NONE', #463 ) ;
#4735 = EDGE_CURVE ( 'NONE', #3730, #4080, #127, .T. ) ;
#4736 = CARTESIAN_POINT ( 'NONE',  ( -9.171249647149551265, -3.000000000000000000, -30.72328364303758264 ) ) ;
#4737 = ADVANCED_FACE ( 'NONE', ( #3447 ), #152, .T. ) ;
#4738 = LINE ( 'NONE', #2916, #3102 ) ;
#4739 = ORIENTED_EDGE ( 'NONE', *, *, #1169, .T. ) ;
#4741 = DIRECTION ( 'NONE',  ( 0.000000000000000000, 0.000000000000000000, 1.000000000000000000 ) ) ;
#4740 = CARTESIAN_POINT ( 'NONE',  ( -16.67821658762347070, -2.840063043677879762, 18.48855175200568368 ) ) ;
#4742 = EDGE_CURVE ( 'NONE', #4064, #2178, #1631, .T. ) ;
#4743 = DIRECTION ( 'NONE',  ( 0.000000000000000000, 0.000000000000000000, 1.000000000000000000 ) ) ;
#4744 = DIRECTION ( 'NONE',  ( -0.1736481776669281663, 0.000000000000000000, -0.9848077530122084644 ) ) ;
#4745 = ORIENTED_EDGE ( 'NONE', *, *, #1885, .F. ) ;
#4746 = EDGE_LOOP ( 'NONE', ( #2773, #1007, #3092, #4359 ) ) ;
#4747 = FACE_OUTER_BOUND ( 'NONE', #993, .T. ) ;
#4748 = ORIENTED_EDGE ( 'NONE', *, *, #4098, .T. ) ;
#4749 = CARTESIAN_POINT ( 'NONE',  ( 23.56909177937838962, -3.000000000000000000, 4.683888629679213267 ) ) ;
#4750 = DIRECTION ( 'NONE',  ( -0.000000000000000000, 1.000000000000000000, -0.000000000000000000 ) ) ;
#4751 = CARTESIAN_POINT ( 'NONE',  ( -1.019999999997242446, 3.265000000000000124, 23.50788165701039034 ) ) ;
#4752 = AXIS2_PLACEMENT_3D ( 'NONE', #2365, #4586, #2437 ) ;
#4753 = CARTESIAN_POINT ( 'NONE',  ( -14.32920972712166652, -2.500000000000000000, 18.66372547473203625 ) ) ;
#4754 = CIRCLE ( 'NONE', #1297, 25.02749999999998920 ) ;
#4755 = DIRECTION ( 'NONE',  ( 0.8191520442885953379, 0.000000000000000000, 0.5735764363516125952 ) ) ;
#4756 = VERTEX_POINT ( 'NONE', #3061 ) ;
#4757 = DIRECTION ( 'NONE',  ( -0.4226182617402615138, 0.000000000000000000, 0.9063077870368541067 ) ) ;
#4758 = AXIS2_PLACEMENT_3D ( 'NONE', #3090, #4560, #108 ) ;
#4759 = ORIENTED_EDGE ( 'NONE', *, *, #1618, .T. ) ;
#4760 = ORIENTED_EDGE ( 'NONE', *, *, #1911, .F. ) ;
#4761 = VECTOR ( 'NONE', #803, 1000.000000000000000 ) ;
#4763 = LINE ( 'NONE', #3669, #595 ) ;
#4762 = PLANE ( 'NONE',  #4033 ) ;
#4764 = LINE ( 'NONE', #1926, #2066 ) ;
#4765 = EDGE_CURVE ( 'NONE', #2315, #1763, #2650, .T. ) ;
#4766 = CARTESIAN_POINT ( 'NONE',  ( 0.3401884274348119797, -0.9942063823211613194, 25.03443509944814949 ) ) ;
#4767 = ORIENTED_EDGE ( 'NONE', *, *, #1797, .F. ) ;
#4769 = ORIENTED_EDGE ( 'NONE', *, *, #516, .T. ) ;
#4768 = DIRECTION ( 'NONE',  ( 0.4226182617401405550, 0.000000000000000000, 0.9063077870369106170 ) ) ;
#4770 = DIRECTION ( 'NONE',  ( -0.4226182617401657571, 0.000000000000000000, 0.9063077870368989597 ) ) ;
#4771 = DIRECTION ( 'NONE',  ( 0.08715574274786326570, -0.000000000000000000, 0.9961946980917276706 ) ) ;
#4772 = VERTEX_POINT ( 'NONE', #4125 ) ;
#4773 = DIRECTION ( 'NONE',  ( 0.5735764363506832275, 0.000000000000000000, -0.8191520442892458176 ) ) ;
#4774 = LINE ( 'NONE', #3389, #2080 ) ;
#4775 = CARTESIAN_POINT ( 'NONE',  ( 19.23334952206225523, 3.265000000000000124, 24.50825169393582570 ) ) ;
#4776 = ORIENTED_EDGE ( 'NONE', *, *, #1239, .T. ) ;
#4777 = CARTESIAN_POINT ( 'NONE',  ( 12.72296122597525603, -3.000000000000000000, -29.43056634765067159 ) ) ;
#4778 = ORIENTED_EDGE ( 'NONE', *, *, #4335, .T. ) ;
#4779 = AXIS2_PLACEMENT_3D ( 'NONE', #734, #4123, #1202 ) ;
#4780 = EDGE_LOOP ( 'NONE', ( #3356, #189, #2571, #22 ) ) ;
#4782 = CARTESIAN_POINT ( 'NONE',  ( -9.171249647149551265, -2.500000000000000000, -30.72328364303758264 ) ) ;
#4781 = CARTESIAN_POINT ( 'NONE',  ( -16.30701005988716545, -3.000000000000000000, 3.403387686423853253 ) ) ;
#4783 = CARTESIAN_POINT ( 'NONE',  ( -3.692205798608258149, 3.265000000000000124, -15.66973438633325166 ) ) ;
#4784 = VECTOR ( 'NONE', #2951, 1000.000000000000114 ) ;
#4785 =( BOUNDED_CURVE ( )  B_SPLINE_CURVE ( 3, ( #2637, #2893, #2281, #3665 ),
 .UNSPECIFIED., .F., .T. ) 
 B_SPLINE_CURVE_WITH_KNOTS ( ( 4, 4 ),
 ( 4.712388980384689674, 6.283185307179586232 ),
 .UNSPECIFIED. ) 
 CURVE ( )  GEOMETRIC_REPRESENTATION_ITEM ( )  RATIONAL_B_SPLINE_CURVE ( ( 1.000000000000000000, 0.8047378541243649375, 0.8047378541243649375, 1.000000000000000000 ) ) 
 REPRESENTATION_ITEM ( '' )  );
#4786 = CARTESIAN_POINT ( 'NONE',  ( -24.23974016647481022, -3.000000000000000000, 3.746098358530854711 ) ) ;
#4787 = VERTEX_POINT ( 'NONE', #808 ) ;
#4789 = ORIENTED_EDGE ( 'NONE', *, *, #624, .F. ) ;
#4788 = FACE_OUTER_BOUND ( 'NONE', #3785, .T. ) ;
ENDSEC;
END-ISO-10303-21;
