ISO-10303-21;
HEADER;
FILE_DESCRIPTION (( 'STEP AP214' ),
    '1' );
FILE_NAME ('Back, Top Mesh Piece.STEP',
    '2026-03-03T06:31:45',
    ( '' ),
    ( '' ),
    'SwSTEP 2.0',
    'SolidWorks 2025',
    '' );
FILE_SCHEMA (( 'AUTOMOTIVE_DESIGN' ));
ENDSEC;

DATA;
#1 = DIRECTION ( 'NONE',  ( 0.000000000000000000, -0.8379550138152906946, -0.5457393103138311607 ) ) ;
#2 = EDGE_CURVE ( 'NONE', #2791, #2492, #3552, .T. ) ;
#3 = CARTESIAN_POINT ( 'NONE',  ( 0.000000000000000000, 5.764999999999999680, 0.000000000000000000 ) ) ;
#4 = CARTESIAN_POINT ( 'NONE',  ( 15.85313804900549961, 6.264999999999999680, 17.90980453887832269 ) ) ;
#5 = CARTESIAN_POINT ( 'NONE',  ( -16.36881259516366427, 5.764999999999999680, 2.209535680094371735 ) ) ;
#6 = DIRECTION ( 'NONE',  ( 0.9961946980917621985, 0.000000000000000000, 0.08715574274746690220 ) ) ;
#7 = B_SPLINE_CURVE_WITH_KNOTS ( 'NONE', 3,
 ( #3061, #2273, #1909, #1228, #3014, #1124, #1884, #4558 ),
 .UNSPECIFIED., .F., .F.,
 ( 4, 2, 2, 4 ),
 ( 8.673617379884035472E-19, 0.0002243944063327155418, 0.0004487888126654302162, 0.0008975776253308633598 ),
 .UNSPECIFIED. ) ;
#8 = DIRECTION ( 'NONE',  ( 0.9961946980917285588, 0.000000000000000000, -0.08715574274785159448 ) ) ;
#9 = ORIENTED_EDGE ( 'NONE', *, *, #2215, .F. ) ;
#10 = ADVANCED_FACE ( 'NONE', ( #2463 ), #206, .T. ) ;
#11 = VECTOR ( 'NONE', #1580, 1000.000000000000000 ) ;
#12 = VERTEX_POINT ( 'NONE', #2257 ) ;
#13 = CARTESIAN_POINT ( 'NONE',  ( -19.84842270412917742, 4.241147254709429326, -12.63728674036540411 ) ) ;
#14 = ORIENTED_EDGE ( 'NONE', *, *, #4700, .F. ) ;
#15 = ADVANCED_FACE ( 'NONE', ( #2534 ), #942, .T. ) ;
#16 = FACE_OUTER_BOUND ( 'NONE', #1621, .T. ) ;
#17 = AXIS2_PLACEMENT_3D ( 'NONE', #2552, #2178, #4117 ) ;
#18 = CARTESIAN_POINT ( 'NONE',  ( -7.728179347889287953, 6.264999999999999680, -22.75337653990847642 ) ) ;
#19 = DIRECTION ( 'NONE',  ( 0.4726241065755757975, -0.8379550138152905836, 0.2728696551569175233 ) ) ;
#20 = ORIENTED_EDGE ( 'NONE', *, *, #3968, .T. ) ;
#21 = PLANE ( 'NONE',  #794 ) ;
#22 = CARTESIAN_POINT ( 'NONE',  ( -23.74968588415213588, 6.264999999999999680, 3.659688566545644672 ) ) ;
#23 = LINE ( 'NONE', #3021, #922 ) ;
#24 = ORIENTED_EDGE ( 'NONE', *, *, #109, .T. ) ;
#25 = CARTESIAN_POINT ( 'NONE',  ( 4.460940800293259123, 6.264999999999999680, -15.47651244522894665 ) ) ;
#26 = CARTESIAN_POINT ( 'NONE',  ( -9.511283720561253929, 5.764999999999999680, -23.14975676409983407 ) ) ;
#27 = CARTESIAN_POINT ( 'NONE',  ( 15.89194039108607015, 5.846508752381809337, 17.35243875097005528 ) ) ;
#28 = VERTEX_POINT ( 'NONE', #1869 ) ;
#29 = CARTESIAN_POINT ( 'NONE',  ( -16.31763371663139139, 6.264999999999997904, 18.46272686086945569 ) ) ;
#30 = CARTESIAN_POINT ( 'NONE',  ( 21.71325459516050316, 5.764999999999999680, 1.899663625324518934 ) ) ;
#31 = DIRECTION ( 'NONE',  ( -0.000000000000000000, -1.000000000000000000, -0.000000000000000000 ) ) ;
#32 = ORIENTED_EDGE ( 'NONE', *, *, #2779, .F. ) ;
#33 = VERTEX_POINT ( 'NONE', #1846 ) ;
#34 = CARTESIAN_POINT ( 'NONE',  ( -16.42414633486748698, 3.265000000000000124, 3.931755278065442560 ) ) ;
#35 = EDGE_CURVE ( 'NONE', #3484, #3641, #1034, .T. ) ;
#36 = EDGE_LOOP ( 'NONE', ( #4216, #1492, #3153, #2804 ) ) ;
#37 = DIRECTION ( 'NONE',  ( -0.000000000000000000, -1.000000000000000000, -0.000000000000000000 ) ) ;
#38 = EDGE_LOOP ( 'NONE', ( #626, #2181, #4258, #3606 ) ) ;
#39 = LINE ( 'NONE', #1529, #11 ) ;
#40 = CARTESIAN_POINT ( 'NONE',  ( 30.48720104788194618, 6.264999999999999680, 6.411451255148618245 ) ) ;
#41 = DIRECTION ( 'NONE',  ( -0.5000000000000038858, 0.000000000000000000, 0.8660254037844363761 ) ) ;
#42 = EDGE_CURVE ( 'NONE', #3152, #3994, #269, .T. ) ;
#43 = ORIENTED_EDGE ( 'NONE', *, *, #2248, .F. ) ;
#44 =( BOUNDED_CURVE ( )  B_SPLINE_CURVE ( 3, ( #2062, #3612, #193, #1751 ),
 .UNSPECIFIED., .F., .F. ) 
 B_SPLINE_CURVE_WITH_KNOTS ( ( 4, 4 ),
 ( 3.141592653589793116, 4.712388980384687898 ),
 .UNSPECIFIED. ) 
 CURVE ( )  GEOMETRIC_REPRESENTATION_ITEM ( )  RATIONAL_B_SPLINE_CURVE ( ( 1.000000000000000000, 0.8047378541243654926, 0.8047378541243654926, 1.000000000000000000 ) ) 
 REPRESENTATION_ITEM ( '' )  );
#45 = CARTESIAN_POINT ( 'NONE',  ( -4.807073215166054680, 0.000000000000000000, -16.18960560050088304 ) ) ;
#46 = CARTESIAN_POINT ( 'NONE',  ( 19.23334952206225523, 6.264999999999999680, 24.50825169393582570 ) ) ;
#47 = SURFACE_STYLE_FILL_AREA ( #365 ) ;
#48 = ORIENTED_EDGE ( 'NONE', *, *, #62, .T. ) ;
#49 = AXIS2_PLACEMENT_3D ( 'NONE', #1218, #3407, #4256 ) ;
#50 = LINE ( 'NONE', #2385, #2141 ) ;
#51 = CARTESIAN_POINT ( 'NONE',  ( 24.80391930942181133, 0.000000000000000000, 3.337865057441845362 ) ) ;
#52 = B_SPLINE_CURVE_WITH_KNOTS ( 'NONE', 3,
 ( #2835, #2485, #3576, #4330, #205, #943, #1721, #230 ),
 .UNSPECIFIED., .F., .F.,
 ( 4, 2, 2, 4 ),
 ( 0.000000000000000000, 0.0002554680715914126087, 0.0005109361431828252174, 0.001021872286365649351 ),
 .UNSPECIFIED. ) ;
#53 = VECTOR ( 'NONE', #3149, 1000.000000000000000 ) ;
#54 = VECTOR ( 'NONE', #3792, 999.9999999999998863 ) ;
#55 = VERTEX_POINT ( 'NONE', #2558 ) ;
#56 = CARTESIAN_POINT ( 'NONE',  ( 0.000000000000000000, 3.265000000000000124, 0.000000000000000000 ) ) ;
#57 = CARTESIAN_POINT ( 'NONE',  ( -6.724046161570257141, 6.264999999999999680, -15.49188450811626794 ) ) ;
#58 = CARTESIAN_POINT ( 'NONE',  ( -10.05434245573797369, 0.000000000000000000, 13.56913704619718430 ) ) ;
#59 = AXIS2_PLACEMENT_3D ( 'NONE', #2969, #4832, #1389 ) ;
#60 = CIRCLE ( 'NONE', #3434, 14.57731163100802796 ) ;
#61 = EDGE_LOOP ( 'NONE', ( #2100, #2583, #4488, #892 ) ) ;
#62 = EDGE_CURVE ( 'NONE', #3994, #1760, #1991, .T. ) ;
#63 = ORIENTED_EDGE ( 'NONE', *, *, #1491, .T. ) ;
#64 = VECTOR ( 'NONE', #4224, 1000.000000000000114 ) ;
#65 = CARTESIAN_POINT ( 'NONE',  ( 11.29383136056962300, 6.255860970744405058, 11.48202467740899557 ) ) ;
#66 = EDGE_LOOP ( 'NONE', ( #2297, #3258, #2844, #1023 ) ) ;
#67 = LINE ( 'NONE', #407, #2845 ) ;
#68 = EDGE_LOOP ( 'NONE', ( #4752, #3859, #2049, #3450, #4257, #1648 ) ) ;
#69 = DIRECTION ( 'NONE',  ( 0.000000000000000000, 0.000000000000000000, -1.000000000000000000 ) ) ;
#70 = EDGE_CURVE ( 'NONE', #1037, #3051, #4836, .T. ) ;
#71 = CARTESIAN_POINT ( 'NONE',  ( 0.000000000000000000, 6.264999999999999680, 0.000000000000000000 ) ) ;
#72 = CARTESIAN_POINT ( 'NONE',  ( -6.183365160192210830, 6.264999999999999680, -15.46827786578351471 ) ) ;
#73 = ORIENTED_EDGE ( 'NONE', *, *, #1556, .F. ) ;
#74 = EDGE_LOOP ( 'NONE', ( #3413, #3487, #1770, #358 ) ) ;
#75 = B_SPLINE_CURVE_WITH_KNOTS ( 'NONE', 3,
 ( #2606, #708, #662, #2287, #3334, #2211, #2238, #320 ),
 .UNSPECIFIED., .F., .F.,
 ( 4, 2, 2, 4 ),
 ( 0.000000000000000000, 0.0002402254661766080020, 0.0004804509323532160040, 0.0009609018647064371038 ),
 .UNSPECIFIED. ) ;
#76 = CARTESIAN_POINT ( 'NONE',  ( 16.67821658762432691, 6.105063043677875889, 18.48855175200489498 ) ) ;
#77 = EDGE_CURVE ( 'NONE', #2383, #4316, #4858, .T. ) ;
#78 = CARTESIAN_POINT ( 'NONE',  ( 9.511283720560113508, 5.764999999999999680, -23.14975676410030303 ) ) ;
#79 = AXIS2_PLACEMENT_3D ( 'NONE', #2034, #2692, #1930 ) ;
#80 = CARTESIAN_POINT ( 'NONE',  ( 19.25591703945104882, 6.098599059609122186, 25.64992675839666347 ) ) ;
#81 = VERTEX_POINT ( 'NONE', #731 ) ;
#82 = CARTESIAN_POINT ( 'NONE',  ( 22.97362297149689070, 5.764999999999999680, 5.086604718622285581 ) ) ;
#83 = EDGE_CURVE ( 'NONE', #3794, #1031, #3233, .T. ) ;
#84 = VECTOR ( 'NONE', #3331, 1000.000000000000114 ) ;
#85 = CARTESIAN_POINT ( 'NONE',  ( 16.42414633486759712, 5.764999999999999680, 3.931755278064975823 ) ) ;
#86 = EDGE_CURVE ( 'NONE', #1055, #3008, #1422, .T. ) ;
#87 = ORIENTED_EDGE ( 'NONE', *, *, #1006, .F. ) ;
#88 = CARTESIAN_POINT ( 'NONE',  ( 7.594310774156530108, 0.000000000000000000, -23.84747785648474050 ) ) ;
#89 = CARTESIAN_POINT ( 'NONE',  ( -20.79608018602539588, 3.265000000000000124, 23.19696497017492476 ) ) ;
#90 = B_SPLINE_CURVE_WITH_KNOTS ( 'NONE', 3,
 ( #3253, #678, #1410, #3642, #3665, #4800, #2895, #1435 ),
 .UNSPECIFIED., .F., .F.,
 ( 4, 2, 2, 4 ),
 ( 0.000000000000000000, 0.0004478229640555054657, 0.0006717344460832586593, 0.0008956459281110119072 ),
 .UNSPECIFIED. ) ;
#91 = ORIENTED_EDGE ( 'NONE', *, *, #2604, .T. ) ;
#92 = VERTEX_POINT ( 'NONE', #369 ) ;
#93 = FACE_OUTER_BOUND ( 'NONE', #66, .T. ) ;
#94 = EDGE_CURVE ( 'NONE', #4492, #368, #4761, .T. ) ;
#95 = ORIENTED_EDGE ( 'NONE', *, *, #2915, .F. ) ;
#96 = EDGE_CURVE ( 'NONE', #4408, #2134, #2973, .T. ) ;
#97 = AXIS2_PLACEMENT_3D ( 'NONE', #720, #2642, #1554 ) ;
#98 = CARTESIAN_POINT ( 'NONE',  ( 11.10092522531384951, 6.264999999999999680, 12.42059112841868007 ) ) ;
#99 = VERTEX_POINT ( 'NONE', #1109 ) ;
#100 = CARTESIAN_POINT ( 'NONE',  ( 15.12970273024766499, 5.764999999999999680, 4.227747153427441340 ) ) ;
#101 = CARTESIAN_POINT ( 'NONE',  ( 16.01602368630241102, 6.264999999999999680, 1.705700903103350541 ) ) ;
#102 = TOROIDAL_SURFACE ( 'NONE', #1198, 24.02999999999999403, 0.5000000000000000000 ) ;
#103 = CARTESIAN_POINT ( 'NONE',  ( -31.37141457813785195, 6.264999999999999680, 6.802515648107203994 ) ) ;
#104 = ORIENTED_EDGE ( 'NONE', *, *, #1192, .F. ) ;
#105 = CARTESIAN_POINT ( 'NONE',  ( -12.72296122597415469, 5.764999999999999680, -29.43056634764681334 ) ) ;
#106 = LINE ( 'NONE', #78, #182 ) ;
#107 = DIRECTION ( 'NONE',  ( 0.000000000000000000, 1.000000000000000000, -0.000000000000000000 ) ) ;
#108 = CARTESIAN_POINT ( 'NONE',  ( 3.692205798609079270, 6.264999999999999680, -15.66973438633268856 ) ) ;
#109 = EDGE_CURVE ( 'NONE', #1567, #2964, #3541, .T. ) ;
#110 = VERTEX_POINT ( 'NONE', #2930 ) ;
#111 = CARTESIAN_POINT ( 'NONE',  ( -15.89194039108521039, 5.764999999999999680, 17.35243875097084398 ) ) ;
#112 = EDGE_LOOP ( 'NONE', ( #2121, #2063, #2082, #3752 ) ) ;
#113 = CARTESIAN_POINT ( 'NONE',  ( 0.000000000000000000, 0.000000000000000000, -25.02749999999999631 ) ) ;
#114 = EDGE_CURVE ( 'NONE', #4497, #2793, #1600, .T. ) ;
#115 = CARTESIAN_POINT ( 'NONE',  ( 4.807073215165557301, 0.000000000000000000, -16.18960560050119213 ) ) ;
#116 = ORIENTED_EDGE ( 'NONE', *, *, #1153, .F. ) ;
#117 = ORIENTED_EDGE ( 'NONE', *, *, #4853, .T. ) ;
#118 = CARTESIAN_POINT ( 'NONE',  ( 11.69794669199040982, 5.934027361112017118, 11.06118485253627881 ) ) ;
#119 = ORIENTED_EDGE ( 'NONE', *, *, #3448, .T. ) ;
#120 = CARTESIAN_POINT ( 'NONE',  ( 7.898373414055682495, 6.264999999999999680, -23.22098089362588169 ) ) ;
#121 = EDGE_LOOP ( 'NONE', ( #87, #2723, #822, #1972 ) ) ;
#122 = LINE ( 'NONE', #4338, #4715 ) ;
#123 = PLANE ( 'NONE',  #1800 ) ;
#124 = ORIENTED_EDGE ( 'NONE', *, *, #1842, .F. ) ;
#125 = DIRECTION ( 'NONE',  ( -0.000000000000000000, -1.000000000000000000, -0.000000000000000000 ) ) ;
#126 = CARTESIAN_POINT ( 'NONE',  ( 16.07113963096409748, 5.934027361112018006, 0.9540639982121634777 ) ) ;
#127 = DIRECTION ( 'NONE',  ( -0.000000000000000000, -1.000000000000000000, -0.000000000000000000 ) ) ;
#128 = EDGE_LOOP ( 'NONE', ( #214, #747, #4230, #3930 ) ) ;
#129 = CARTESIAN_POINT ( 'NONE',  ( 7.243917375738559095, 5.764999999999999680, -14.37701709155918373 ) ) ;
#130 = CARTESIAN_POINT ( 'NONE',  ( 15.41649094842345136, 5.764999999999999680, 4.637323175571753886 ) ) ;
#131 = EDGE_CURVE ( 'NONE', #2447, #4287, #4399, .T. ) ;
#132 = EDGE_LOOP ( 'NONE', ( #812, #704, #2203, #2590 ) ) ;
#133 = CARTESIAN_POINT ( 'NONE',  ( 0.000000000000000000, 6.264999999999999680, 0.000000000000000000 ) ) ;
#134 = CARTESIAN_POINT ( 'NONE',  ( -16.06143776225765052, 6.113831634978330598, 1.136973119051254866 ) ) ;
#135 = ORIENTED_EDGE ( 'NONE', *, *, #2889, .T. ) ;
#136 = CIRCLE ( 'NONE', #2898, 25.02749999999999631 ) ;
#137 = VECTOR ( 'NONE', #620, 1000.000000000000000 ) ;
#138 = ADVANCED_FACE ( 'NONE', ( #2954 ), #639, .F. ) ;
#139 = ORIENTED_EDGE ( 'NONE', *, *, #4874, .F. ) ;
#140 = DIRECTION ( 'NONE',  ( 0.000000000000000000, 0.000000000000000000, -1.000000000000000000 ) ) ;
#141 = ORIENTED_EDGE ( 'NONE', *, *, #3460, .T. ) ;
#142 = AXIS2_PLACEMENT_3D ( 'NONE', #4512, #4141, #1565 ) ;
#143 = VECTOR ( 'NONE', #255, 1000.000000000000000 ) ;
#144 = LINE ( 'NONE', #2395, #4335 ) ;
#145 = ORIENTED_EDGE ( 'NONE', *, *, #3423, .T. ) ;
#146 = EDGE_CURVE ( 'NONE', #2308, #3125, #2419, .T. ) ;
#147 = LINE ( 'NONE', #4288, #1891 ) ;
#148 = PRODUCT_DEFINITION_FORMATION_WITH_SPECIFIED_SOURCE ( 'ANY', '', #4419, .NOT_KNOWN. ) ;
#149 = LINE ( 'NONE', #2843, #2422 ) ;
#150 = ORIENTED_EDGE ( 'NONE', *, *, #1244, .F. ) ;
#151 = CARTESIAN_POINT ( 'NONE',  ( 20.79608018602494823, 0.000000000000000000, 23.19696497017266879 ) ) ;
#152 = LINE ( 'NONE', #2065, #4427 ) ;
#153 = LINE ( 'NONE', #3077, #2754 ) ;
#154 = DIRECTION ( 'NONE',  ( -0.000000000000000000, -1.000000000000000000, -0.000000000000000000 ) ) ;
#155 = ORIENTED_EDGE ( 'NONE', *, *, #256, .T. ) ;
#156 = DIRECTION ( 'NONE',  ( 0.000000000000000000, 0.000000000000000000, -1.000000000000000000 ) ) ;
#157 = CARTESIAN_POINT ( 'NONE',  ( -15.63352333970059682, 6.264999999999999680, 3.874968164782183866 ) ) ;
#158 = VERTEX_POINT ( 'NONE', #4095 ) ;
#159 = CARTESIAN_POINT ( 'NONE',  ( -9.193142795375262466, 5.915251510363374265, -30.71843061225909111 ) ) ;
#160 = CIRCLE ( 'NONE', #79, 24.52749999999999275 ) ;
#161 = EDGE_LOOP ( 'NONE', ( #1259, #667, #2294, #2012, #329, #2957, #4603, #775 ) ) ;
#162 = ORIENTED_EDGE ( 'NONE', *, *, #3937, .T. ) ;
#163 = DIRECTION ( 'NONE',  ( 0.6427876096865237088, 0.000000000000000000, -0.7660444431189911141 ) ) ;
#164 = EDGE_LOOP ( 'NONE', ( #1486, #1158, #4710, #155, #1902, #3364 ) ) ;
#165 = ADVANCED_FACE ( 'NONE', ( #2236 ), #4811, .T. ) ;
#166 = VERTEX_POINT ( 'NONE', #1159 ) ;
#167 = AXIS2_PLACEMENT_3D ( 'NONE', #1666, #1366, #935 ) ;
#168 = CARTESIAN_POINT ( 'NONE',  ( 14.32920972712218166, 5.764999999999999680, 18.66372547473164900 ) ) ;
#169 = FACE_OUTER_BOUND ( 'NONE', #3252, .T. ) ;
#170 = VERTEX_POINT ( 'NONE', #3073 ) ;
#171 = EDGE_CURVE ( 'NONE', #3492, #4717, #50, .T. ) ;
#172 = CARTESIAN_POINT ( 'NONE',  ( 0.000000000000000000, 5.764999999999999680, 0.000000000000000000 ) ) ;
#173 = AXIS2_PLACEMENT_3D ( 'NONE', #1208, #4116, #725 ) ;
#174 = CARTESIAN_POINT ( 'NONE',  ( 0.000000000000000000, 3.265000000000000124, 0.000000000000000000 ) ) ;
#175 = CARTESIAN_POINT ( 'NONE',  ( 24.44967702698105683, 5.764999999999999680, 5.346872873588294439 ) ) ;
#176 = DIRECTION ( 'NONE',  ( -0.6427876096865391409, -0.000000000000000000, 0.7660444431189782355 ) ) ;
#177 = ORIENTED_EDGE ( 'NONE', *, *, #3720, .F. ) ;
#178 = ADVANCED_FACE ( 'NONE', ( #4172 ), #4514, .T. ) ;
#179 = CARTESIAN_POINT ( 'NONE',  ( 31.84431466948384326, 6.043643711280814124, 3.796404506813030100 ) ) ;
#180 = CARTESIAN_POINT ( 'NONE',  ( -7.081682580411170491, 0.000000000000000000, -22.43904346959336848 ) ) ;
#181 = CARTESIAN_POINT ( 'NONE',  ( 1.020000000004275487, 3.265000000000000124, 25.00670622553059985 ) ) ;
#182 = VECTOR ( 'NONE', #443, 1000.000000000000227 ) ;
#183 = CARTESIAN_POINT ( 'NONE',  ( 0.000000000000000000, 0.000000000000000000, 0.000000000000000000 ) ) ;
#184 = EDGE_CURVE ( 'NONE', #1119, #99, #554, .T. ) ;
#185 = ORIENTED_EDGE ( 'NONE', *, *, #1310, .F. ) ;
#186 = DIRECTION ( 'NONE',  ( -0.08715574274785162223, 0.000000000000000000, -0.9961946980917286698 ) ) ;
#187 = ORIENTED_EDGE ( 'NONE', *, *, #3582, .T. ) ;
#188 = CARTESIAN_POINT ( 'NONE',  ( -7.243917375737628284, 5.764999999999999680, -14.37701709155922813 ) ) ;
#189 = EDGE_LOOP ( 'NONE', ( #267, #987, #1571, #907 ) ) ;
#190 = ORIENTED_EDGE ( 'NONE', *, *, #4372, .F. ) ;
#191 = CARTESIAN_POINT ( 'NONE',  ( 14.32920972712218521, 5.846508752381810226, 18.66372547473165611 ) ) ;
#192 = ADVANCED_FACE ( 'NONE', ( #1619 ), #3820, .T. ) ;
#193 = CARTESIAN_POINT ( 'NONE',  ( 16.65794175329465432, 6.264999999999997904, 2.111811167170370318 ) ) ;
#194 = EDGE_LOOP ( 'NONE', ( #3386, #404, #690, #392, #960, #4706, #2959, #1134, #2451, #4312, #3894, #1009, #1835, #1315, #4451, #2415, #2055, #119, #1122, #4794, #1216, #24, #763, #3700, #1826, #386, #429, #1131, #2167, #4181, #3758, #653, #2623, #3200, #1355, #1980, #2303 ) ) ;
#195 = CYLINDRICAL_SURFACE ( 'NONE', #952, 0.5000000000000001110 ) ;
#196 = DIRECTION ( 'NONE',  ( -0.000000000000000000, -1.000000000000000000, -0.000000000000000000 ) ) ;
#197 = ADVANCED_FACE ( 'NONE', ( #2362 ), #1213, .T. ) ;
#198 = LINE ( 'NONE', #2524, #996 ) ;
#199 = ORIENTED_EDGE ( 'NONE', *, *, #2779, .T. ) ;
#200 = DIRECTION ( 'NONE',  ( 0.000000000000000000, 1.000000000000000000, 0.000000000000000000 ) ) ;
#201 = CYLINDRICAL_SURFACE ( 'NONE', #2233, 0.4999999999999988343 ) ;
#202 = DIRECTION ( 'NONE',  ( 0.000000000000000000, 0.000000000000000000, -1.000000000000000000 ) ) ;
#203 = EDGE_CURVE ( 'NONE', #4130, #2348, #4222, .T. ) ;
#204 = CARTESIAN_POINT ( 'NONE',  ( -9.648722270782593924, 6.265000000000001457, -30.60904276090564125 ) ) ;
#205 = CARTESIAN_POINT ( 'NONE',  ( 9.015366485647440697, 6.113831634978351026, 13.34112656389207530 ) ) ;
#206 = CYLINDRICAL_SURFACE ( 'NONE', #1266, 0.5000000000000002220 ) ;
#207 =( BOUNDED_CURVE ( )  B_SPLINE_CURVE ( 3, ( #1290, #1235, #1263, #3848 ),
 .UNSPECIFIED., .F., .F. ) 
 B_SPLINE_CURVE_WITH_KNOTS ( ( 4, 4 ),
 ( 1.570796326794896558, 3.141592653589793116 ),
 .UNSPECIFIED. ) 
 CURVE ( )  GEOMETRIC_REPRESENTATION_ITEM ( )  RATIONAL_B_SPLINE_CURVE ( ( 1.000000000000000000, 0.8047378541243649375, 0.8047378541243649375, 1.000000000000000000 ) ) 
 REPRESENTATION_ITEM ( '' )  );
#208 = CARTESIAN_POINT ( 'NONE',  ( 31.33256975185953053, 6.265000000000000568, 6.948482779894026962 ) ) ;
#209 = EDGE_LOOP ( 'NONE', ( #1767, #3280, #2888, #2292 ) ) ;
#210 = DIRECTION ( 'NONE',  ( 0.000000000000000000, 1.000000000000000000, -0.000000000000000000 ) ) ;
#211 = DIRECTION ( 'NONE',  ( 0.000000000000000000, 1.000000000000000000, -0.000000000000000000 ) ) ;
#212 = AXIS2_PLACEMENT_3D ( 'NONE', #234, #1329, #2056 ) ;
#213 = AXIS2_PLACEMENT_3D ( 'NONE', #965, #2120, #2073 ) ;
#214 = ORIENTED_EDGE ( 'NONE', *, *, #4726, .F. ) ;
#215 = CARTESIAN_POINT ( 'NONE',  ( -9.211470339405376961, 6.264999999999999680, -19.75406189091276232 ) ) ;
#216 = DIRECTION ( 'NONE',  ( 0.000000000000000000, 1.000000000000000000, 0.000000000000000000 ) ) ;
#217 = EDGE_LOOP ( 'NONE', ( #482, #2865, #3432, #1626 ) ) ;
#218 = ADVANCED_FACE ( 'NONE', ( #2285 ), #2653, .F. ) ;
#219 = CIRCLE ( 'NONE', #2757, 14.64608244481071075 ) ;
#220 = LINE ( 'NONE', #2064, #1358 ) ;
#221 = DIRECTION ( 'NONE',  ( 0.1736481776669289434, -0.000000000000000000, 0.9848077530122083534 ) ) ;
#222 = AXIS2_PLACEMENT_3D ( 'NONE', #2529, #4021, #3644 ) ;
#223 = EDGE_LOOP ( 'NONE', ( #1830, #527, #327, #1164 ) ) ;
#224 = EDGE_CURVE ( 'NONE', #4497, #3555, #813, .T. ) ;
#225 = CARTESIAN_POINT ( 'NONE',  ( -11.61707311970166501, 3.265000000000000124, 12.25785032243587658 ) ) ;
#226 = CARTESIAN_POINT ( 'NONE',  ( -30.95857960530295827, 6.264999999999999680, 4.930811030644369097 ) ) ;
#227 = DIRECTION ( 'NONE',  ( -0.000000000000000000, -1.000000000000000000, -0.000000000000000000 ) ) ;
#228 = CARTESIAN_POINT ( 'NONE',  ( -31.84909871781260904, 0.000000000000000000, 3.696875540765334645 ) ) ;
#229 = EDGE_CURVE ( 'NONE', #3822, #2396, #1998, .T. ) ;
#230 = CARTESIAN_POINT ( 'NONE',  ( 9.485192156497154414, 6.264999999999999680, 13.01743292839957888 ) ) ;
#231 = VERTEX_POINT ( 'NONE', #3023 ) ;
#232 = CARTESIAN_POINT ( 'NONE',  ( 0.000000000000000000, 3.265000000000000124, 0.000000000000000000 ) ) ;
#233 = ORIENTED_EDGE ( 'NONE', *, *, #3925, .F. ) ;
#234 = CARTESIAN_POINT ( 'NONE',  ( 0.000000000000000000, 3.265000000000000124, 0.000000000000000000 ) ) ;
#235 = VECTOR ( 'NONE', #4789, 1000.000000000000000 ) ;
#236 = CARTESIAN_POINT ( 'NONE',  ( 7.645796768608409621, 6.052165718555740703, -23.74251305353374519 ) ) ;
#237 = ORIENTED_EDGE ( 'NONE', *, *, #3596, .T. ) ;
#238 = VECTOR ( 'NONE', #1568, 1000.000000000000114 ) ;
#239 = CARTESIAN_POINT ( 'NONE',  ( -30.77798550052900239, 6.264999999999999680, 5.955011093778559861 ) ) ;
#240 = VERTEX_POINT ( 'NONE', #1916 ) ;
#241 = CARTESIAN_POINT ( 'NONE',  ( 15.41649094842345136, 6.264999999999999680, 4.637323175571752110 ) ) ;
#242 = DIRECTION ( 'NONE',  ( -0.5735764363516123732, 0.000000000000000000, 0.8191520442885952269 ) ) ;
#243 = ORIENTED_EDGE ( 'NONE', *, *, #4766, .T. ) ;
#244 = CIRCLE ( 'NONE', #4498, 14.57731163100814342 ) ;
#245 = DIRECTION ( 'NONE',  ( 0.9848077530122080203, -0.000000000000000000, -0.1736481776669309696 ) ) ;
#246 = LINE ( 'NONE', #4299, #4111 ) ;
#247 = CARTESIAN_POINT ( 'NONE',  ( -20.86842270412909173, 4.241147254709497716, -10.87059491664510347 ) ) ;
#248 = EDGE_CURVE ( 'NONE', #166, #1138, #4621, .T. ) ;
#249 = CARTESIAN_POINT ( 'NONE',  ( 0.000000000000000000, 0.000000000000000000, 0.000000000000000000 ) ) ;
#250 = CARTESIAN_POINT ( 'NONE',  ( 7.046071276610526901, 6.113831634978246221, -14.47809968294330041 ) ) ;
#251 = VERTEX_POINT ( 'NONE', #1239 ) ;
#252 = AXIS2_PLACEMENT_3D ( 'NONE', #1537, #417, #4511 ) ;
#253 = CARTESIAN_POINT ( 'NONE',  ( 30.60764791189571099, 6.264999999999997016, 6.222387549897149484 ) ) ;
#254 = ORIENTED_EDGE ( 'NONE', *, *, #3509, .F. ) ;
#255 = DIRECTION ( 'NONE',  ( 0.9848077530122080203, 0.000000000000000000, -0.1736481776669309696 ) ) ;
#256 = EDGE_CURVE ( 'NONE', #231, #1788, #1019, .T. ) ;
#257 = VERTEX_POINT ( 'NONE', #2309 ) ;
#258 = CARTESIAN_POINT ( 'NONE',  ( -7.830373626330631609, 6.265000000000001457, -23.36284875868742716 ) ) ;
#259 =( BOUNDED_CURVE ( )  B_SPLINE_CURVE ( 3, ( #3846, #3040, #2305, #1508 ),
 .UNSPECIFIED., .F., .F. ) 
 B_SPLINE_CURVE_WITH_KNOTS ( ( 4, 4 ),
 ( 3.141592653589793116, 4.712388980384689674 ),
 .UNSPECIFIED. ) 
 CURVE ( )  GEOMETRIC_REPRESENTATION_ITEM ( )  RATIONAL_B_SPLINE_CURVE ( ( 1.000000000000000000, 0.8047378541243649375, 0.8047378541243649375, 1.000000000000000000 ) ) 
 REPRESENTATION_ITEM ( '' )  );
#260 = EDGE_LOOP ( 'NONE', ( #4439, #2219, #3345, #1464 ) ) ;
#261 = LINE ( 'NONE', #2595, #402 ) ;
#262 = ORIENTED_EDGE ( 'NONE', *, *, #1428, .F. ) ;
#263 = LINE ( 'NONE', #3277, #3545 ) ;
#264 = FACE_OUTER_BOUND ( 'NONE', #2641, .T. ) ;
#265 = DIRECTION ( 'NONE',  ( 0.5735764363506832275, 0.000000000000000000, -0.8191520442892458176 ) ) ;
#266 = DIRECTION ( 'NONE',  ( 1.776356839400250465E-15, 0.000000000000000000, -1.000000000000000000 ) ) ;
#267 = ORIENTED_EDGE ( 'NONE', *, *, #4469, .F. ) ;
#268 = FACE_OUTER_BOUND ( 'NONE', #2893, .T. ) ;
#269 = LINE ( 'NONE', #1057, #3780 ) ;
#270 = EDGE_CURVE ( 'NONE', #3641, #4331, #4882, .T. ) ;
#271 = DIRECTION ( 'NONE',  ( -0.000000000000000000, -1.000000000000000000, -0.000000000000000000 ) ) ;
#272 = EDGE_LOOP ( 'NONE', ( #2639, #2198, #1548, #2481 ) ) ;
#273 = DIRECTION ( 'NONE',  ( -0.4226182617401405550, 0.000000000000000000, -0.9063077870369106170 ) ) ;
#274 = CARTESIAN_POINT ( 'NONE',  ( -22.02151929897088678, 5.764999999999999680, 23.30417700039917506 ) ) ;
#275 = CARTESIAN_POINT ( 'NONE',  ( -16.42414633486748698, 0.000000000000000000, 3.931755278065442560 ) ) ;
#276 = VERTEX_POINT ( 'NONE', #82 ) ;
#277 = EDGE_CURVE ( 'NONE', #1745, #4679, #1592, .T. ) ;
#278 = AXIS2_PLACEMENT_3D ( 'NONE', #2037, #3202, #3515 ) ;
#279 = DIRECTION ( 'NONE',  ( -0.6427876096865468014, 0.000000000000000000, 0.7660444431189717962 ) ) ;
#280 = ORIENTED_EDGE ( 'NONE', *, *, #4270, .T. ) ;
#281 = AXIS2_PLACEMENT_3D ( 'NONE', #621, #4077, #302 ) ;
#282 = VECTOR ( 'NONE', #505, 1000.000000000000227 ) ;
#283 = EDGE_CURVE ( 'NONE', #694, #2827, #3949, .T. ) ;
#284 = DIRECTION ( 'NONE',  ( -0.5000000000000034417, 0.000000000000000000, 0.8660254037844367092 ) ) ;
#285 = VECTOR ( 'NONE', #4022, 1000.000000000000114 ) ;
#286 = DIRECTION ( 'NONE',  ( 0.08715574274824935963, -0.000000000000000000, 0.9961946980916938088 ) ) ;
#287 = EDGE_LOOP ( 'NONE', ( #2108, #4309, #1951, #1539 ) ) ;
#288 = VECTOR ( 'NONE', #4527, 1000.000000000000000 ) ;
#289 = AXIS2_PLACEMENT_3D ( 'NONE', #1684, #3182, #4685 ) ;
#290 = LINE ( 'NONE', #4391, #4099 ) ;
#291 = CARTESIAN_POINT ( 'NONE',  ( -23.74968588415213588, 6.264999999999999680, 3.659688566545644672 ) ) ;
#292 = DIRECTION ( 'NONE',  ( -0.000000000000000000, -1.000000000000000000, -0.000000000000000000 ) ) ;
#293 = CIRCLE ( 'NONE', #680, 14.57731163100815586 ) ;
#294 = FACE_OUTER_BOUND ( 'NONE', #4109, .T. ) ;
#295 = ORIENTED_EDGE ( 'NONE', *, *, #2427, .T. ) ;
#296 = CARTESIAN_POINT ( 'NONE',  ( 10.05434245573841068, 6.264999999999999680, 13.56913704619687699 ) ) ;
#297 = DIRECTION ( 'NONE',  ( -0.1736481776669272503, 0.000000000000000000, -0.9848077530122086864 ) ) ;
#298 = DIRECTION ( 'NONE',  ( 0.000000000000000000, 1.000000000000000000, 0.000000000000000000 ) ) ;
#299 = CARTESIAN_POINT ( 'NONE',  ( -16.42414633486748698, 0.000000000000000000, 3.931755278065442560 ) ) ;
#300 = ORIENTED_EDGE ( 'NONE', *, *, #3186, .T. ) ;
#301 = PLANE ( 'NONE',  #1157 ) ;
#302 = DIRECTION ( 'NONE',  ( 0.000000000000000000, 0.000000000000000000, -1.000000000000000000 ) ) ;
#303 = ADVANCED_FACE ( 'NONE', ( #886 ), #2482, .F. ) ;
#304 = ORIENTED_EDGE ( 'NONE', *, *, #2826, .T. ) ;
#305 = CARTESIAN_POINT ( 'NONE',  ( 0.09029705238693430669, 5.764999999999999680, 0.5121000315670865000 ) ) ;
#306 = EDGE_CURVE ( 'NONE', #276, #1414, #3190, .T. ) ;
#307 = ORIENTED_EDGE ( 'NONE', *, *, #2471, .T. ) ;
#308 = CIRCLE ( 'NONE', #3783, 25.02749999999999275 ) ;
#309 = CYLINDRICAL_SURFACE ( 'NONE', #486, 25.02749999999999275 ) ;
#310 = CARTESIAN_POINT ( 'NONE',  ( 21.95387851915270616, 6.043643711280812347, 23.37734548477953211 ) ) ;
#311 = ADVANCED_FACE ( 'NONE', ( #3525 ), #3144, .T. ) ;
#312 = ORIENTED_EDGE ( 'NONE', *, *, #882, .F. ) ;
#313 = PLANE ( 'NONE',  #4807 ) ;
#314 = DIRECTION ( 'NONE',  ( 0.6427876096865237088, 0.000000000000000000, -0.7660444431189912251 ) ) ;
#315 = DIRECTION ( 'NONE',  ( 0.5735764363516123732, 0.000000000000000000, -0.8191520442885952269 ) ) ;
#316 = ORIENTED_EDGE ( 'NONE', *, *, #459, .T. ) ;
#317 = DIRECTION ( 'NONE',  ( -0.4226182617401657016, -0.000000000000000000, 0.9063077870368988487 ) ) ;
#318 = CARTESIAN_POINT ( 'NONE',  ( 0.000000000000000000, 0.000000000000000000, 0.000000000000000000 ) ) ;
#319 = CARTESIAN_POINT ( 'NONE',  ( -16.42414633486748698, 5.764999999999999680, 3.931755278065442560 ) ) ;
#320 = CARTESIAN_POINT ( 'NONE',  ( 7.728179347889266637, 6.264999999999999680, -22.75337653990848352 ) ) ;
#321 = ORIENTED_EDGE ( 'NONE', *, *, #3507, .F. ) ;
#322 = CARTESIAN_POINT ( 'NONE',  ( -11.44281778395762217, 6.264999999999997904, -29.06214270632563412 ) ) ;
#323 = CYLINDRICAL_SURFACE ( 'NONE', #4537, 0.4999999999999996114 ) ;
#324 = AXIS2_PLACEMENT_3D ( 'NONE', #1812, #2206, #4066 ) ;
#325 = DIRECTION ( 'NONE',  ( -0.9848077530122086864, 0.000000000000000000, 0.1736481776669272503 ) ) ;
#326 = ORIENTED_EDGE ( 'NONE', *, *, #4302, .F. ) ;
#327 = ORIENTED_EDGE ( 'NONE', *, *, #607, .T. ) ;
#328 = LINE ( 'NONE', #2150, #742 ) ;
#329 = ORIENTED_EDGE ( 'NONE', *, *, #4766, .F. ) ;
#330 = CARTESIAN_POINT ( 'NONE',  ( -1.020000000000000018, 4.241147254709246361, 23.50788165701039034 ) ) ;
#331 = EDGE_CURVE ( 'NONE', #2308, #4408, #4370, .T. ) ;
#332 = EDGE_CURVE ( 'NONE', #1328, #4692, #3261, .T. ) ;
#333 = CARTESIAN_POINT ( 'NONE',  ( -6.270892268051830420, 5.764999999999999680, -15.28057537724613901 ) ) ;
#334 = VERTEX_POINT ( 'NONE', #4325 ) ;
#335 = FACE_OUTER_BOUND ( 'NONE', #1810, .T. ) ;
#336 = EDGE_CURVE ( 'NONE', #3531, #1336, #2456, .T. ) ;
#337 = CARTESIAN_POINT ( 'NONE',  ( -23.40149556248472607, 6.055188110906358112, 3.178216723219466910 ) ) ;
#338 = EDGE_CURVE ( 'NONE', #584, #1996, #308, .T. ) ;
#339 = DIRECTION ( 'NONE',  ( -0.000000000000000000, -1.000000000000000000, 0.000000000000000000 ) ) ;
#340 = ORIENTED_EDGE ( 'NONE', *, *, #717, .T. ) ;
#341 = CARTESIAN_POINT ( 'NONE',  ( -9.691120861856122204, 5.764999999999999680, -29.60841622532391781 ) ) ;
#342 = DIRECTION ( 'NONE',  ( -0.9848077530122086864, 0.000000000000000000, 0.1736481776669272503 ) ) ;
#343 = ADVANCED_FACE ( 'NONE', ( #546 ), #520, .F. ) ;
#344 = CARTESIAN_POINT ( 'NONE',  ( 12.41882725091116058, 6.226413309392081707, -29.58443282728313406 ) ) ;
#345 = DIRECTION ( 'NONE',  ( 0.5735764363512142472, 0.000000000000000000, 0.8191520442888740039 ) ) ;
#346 = ORIENTED_EDGE ( 'NONE', *, *, #3124, .F. ) ;
#347 = CARTESIAN_POINT ( 'NONE',  ( 31.19276894612020712, 5.764999999999999680, 7.419106642638352511 ) ) ;
#348 = FACE_OUTER_BOUND ( 'NONE', #2421, .T. ) ;
#349 = CARTESIAN_POINT ( 'NONE',  ( 11.72428514981459635, 6.264999999999999680, 11.03241121076136544 ) ) ;
#350 = ORIENTED_EDGE ( 'NONE', *, *, #3423, .F. ) ;
#351 = ORIENTED_EDGE ( 'NONE', *, *, #1775, .T. ) ;
#352 = CARTESIAN_POINT ( 'NONE',  ( -9.171249647149551265, 5.764999999999999680, -30.72328364303758264 ) ) ;
#353 = EDGE_LOOP ( 'NONE', ( #4304, #3690, #1049, #3875 ) ) ;
#354 = LINE ( 'NONE', #435, #1752 ) ;
#355 = DIRECTION ( 'NONE',  ( -0.000000000000000000, -1.000000000000000000, -0.000000000000000000 ) ) ;
#356 = AXIS2_PLACEMENT_3D ( 'NONE', #2169, #3655, #989 ) ;
#357 = CARTESIAN_POINT ( 'NONE',  ( 22.00638717967685665, 5.915060844301233800, 23.32069090788639798 ) ) ;
#358 = ORIENTED_EDGE ( 'NONE', *, *, #4535, .F. ) ;
#359 = CIRCLE ( 'NONE', #356, 23.52999999999999403 ) ;
#360 = AXIS2_PLACEMENT_3D ( 'NONE', #2077, #210, #1726 ) ;
#361 = DIRECTION ( 'NONE',  ( -0.8660254037844427044, -0.000000000000000000, 0.4999999999999928391 ) ) ;
#362 = FACE_OUTER_BOUND ( 'NONE', #2322, .T. ) ;
#363 = CARTESIAN_POINT ( 'NONE',  ( -15.29263558886043306, 5.844909940079745070, 19.81189170665737009 ) ) ;
#364 = AXIS2_PLACEMENT_3D ( 'NONE', #2005, #4696, #3881 ) ;
#365 = FILL_AREA_STYLE ('',( #2996 ) ) ;
#366 = VECTOR ( 'NONE', #1977, 1000.000000000000000 ) ;
#367 = EDGE_CURVE ( 'NONE', #2560, #3350, #3167, .T. ) ;
#368 = VERTEX_POINT ( 'NONE', #2095 ) ;
#369 = CARTESIAN_POINT ( 'NONE',  ( 16.77838861730841558, 0.000000000000000000, 1.922747461918894674 ) ) ;
#370 = AXIS2_PLACEMENT_3D ( 'NONE', #3188, #2360, #4295 ) ;
#371 = CARTESIAN_POINT ( 'NONE',  ( -15.41649094842271239, 3.265000000000000124, 4.637323175571033573 ) ) ;
#372 = CARTESIAN_POINT ( 'NONE',  ( -31.19276894612026751, 5.764999999999999680, 7.419106642638173099 ) ) ;
#373 = LINE ( 'NONE', #4176, #1072 ) ;
#374 = LINE ( 'NONE', #736, #671 ) ;
#375 = ADVANCED_FACE ( 'NONE', ( #1292 ), #2829, .T. ) ;
#376 = CARTESIAN_POINT ( 'NONE',  ( 11.61707311970207712, 6.264999999999999680, 12.25785032243555506 ) ) ;
#377 = ORIENTED_EDGE ( 'NONE', *, *, #1083, .T. ) ;
#378 = ORIENTED_EDGE ( 'NONE', *, *, #4084, .T. ) ;
#379 = DIRECTION ( 'NONE',  ( 0.000000000000000000, 0.000000000000000000, 1.000000000000000000 ) ) ;
#380 = EDGE_CURVE ( 'NONE', #2383, #99, #2876, .T. ) ;
#381 = ORIENTED_EDGE ( 'NONE', *, *, #3938, .F. ) ;
#382 = LINE ( 'NONE', #1144, #4848 ) ;
#383 = CARTESIAN_POINT ( 'NONE',  ( 9.268435803288946673, 6.043643711280789255, -30.70128925157579403 ) ) ;
#384 = LINE ( 'NONE', #40, #4466 ) ;
#385 = LINE ( 'NONE', #1125, #3995 ) ;
#386 = ORIENTED_EDGE ( 'NONE', *, *, #2215, .T. ) ;
#387 = VECTOR ( 'NONE', #3906, 1000.000000000000114 ) ;
#388 =( BOUNDED_CURVE ( )  B_SPLINE_CURVE ( 3, ( #778, #2252, #3452, #3118 ),
 .UNSPECIFIED., .F., .T. ) 
 B_SPLINE_CURVE_WITH_KNOTS ( ( 4, 4 ),
 ( 3.141592653589793116, 4.712388980384686121 ),
 .UNSPECIFIED. ) 
 CURVE ( )  GEOMETRIC_REPRESENTATION_ITEM ( )  RATIONAL_B_SPLINE_CURVE ( ( 1.000000000000000000, 0.8047378541243658256, 0.8047378541243658256, 1.000000000000000000 ) ) 
 REPRESENTATION_ITEM ( '' )  );
#389 = FACE_OUTER_BOUND ( 'NONE', #4296, .T. ) ;
#390 = CARTESIAN_POINT ( 'NONE',  ( -19.12613749183868350, 5.764999999999999680, 25.73369080688125976 ) ) ;
#391 = FACE_OUTER_BOUND ( 'NONE', #1455, .T. ) ;
#392 = ORIENTED_EDGE ( 'NONE', *, *, #994, .T. ) ;
#393 = CARTESIAN_POINT ( 'NONE',  ( -3.692205798608257705, 5.764999999999999680, -15.66973438633325166 ) ) ;
#394 = CARTESIAN_POINT ( 'NONE',  ( 4.807073215165557301, 5.764999999999999680, -16.18960560050119213 ) ) ;
#395 = LINE ( 'NONE', #2187, #2441 ) ;
#396 = EDGE_CURVE ( 'NONE', #2447, #1212, #1688, .T. ) ;
#397 = ORIENTED_EDGE ( 'NONE', *, *, #553, .T. ) ;
#398 = DIRECTION ( 'NONE',  ( -0.9396926207859073177, 0.000000000000000000, -0.3420201433256716550 ) ) ;
#399 = DIRECTION ( 'NONE',  ( -0.8191520442888744480, 0.000000000000000000, 0.5735764363512138031 ) ) ;
#400 = CYLINDRICAL_SURFACE ( 'NONE', #672, 0.4999999999999986122 ) ;
#401 = ORIENTED_EDGE ( 'NONE', *, *, #4804, .T. ) ;
#402 = VECTOR ( 'NONE', #4085, 1000.000000000000114 ) ;
#403 = EDGE_CURVE ( 'NONE', #3416, #3635, #1342, .T. ) ;
#404 = ORIENTED_EDGE ( 'NONE', *, *, #3393, .T. ) ;
#405 = DIRECTION ( 'NONE',  ( 0.9961946980917275596, 0.000000000000000000, -0.08715574274786325182 ) ) ;
#406 = ORIENTED_EDGE ( 'NONE', *, *, #203, .F. ) ;
#407 = CARTESIAN_POINT ( 'NONE',  ( 15.89194039108607015, 5.764999999999999680, 17.35243875097005528 ) ) ;
#408 = DIRECTION ( 'NONE',  ( -0.9848077530122086864, 0.000000000000000000, 0.1736481776669272503 ) ) ;
#409 = CARTESIAN_POINT ( 'NONE',  ( 8.998655526814697936, 0.000000000000000000, -21.74132237720895944 ) ) ;
#410 = VECTOR ( 'NONE', #679, 999.9999999999998863 ) ;
#411 = LINE ( 'NONE', #2350, #1405 ) ;
#412 = CARTESIAN_POINT ( 'NONE',  ( -31.19276894612026751, 5.764999999999999680, 7.419106642638173099 ) ) ;
#413 = ORIENTED_EDGE ( 'NONE', *, *, #4387, .T. ) ;
#414 = VERTEX_POINT ( 'NONE', #1784 ) ;
#415 = EDGE_CURVE ( 'NONE', #2964, #872, #263, .T. ) ;
#416 = CARTESIAN_POINT ( 'NONE',  ( 20.86842270412794775, 0.000000000000000000, -10.87059491664726174 ) ) ;
#417 = DIRECTION ( 'NONE',  ( -0.000000000000000000, -1.000000000000000000, -0.000000000000000000 ) ) ;
#418 = CARTESIAN_POINT ( 'NONE',  ( 0.000000000000000000, 0.000000000000000000, 0.000000000000000000 ) ) ;
#419 = EDGE_LOOP ( 'NONE', ( #2815, #2767, #1911, #3170 ) ) ;
#420 = DIRECTION ( 'NONE',  ( 0.000000000000000000, 0.000000000000000000, 1.000000000000000000 ) ) ;
#421 = LINE ( 'NONE', #394, #3874 ) ;
#422 = ORIENTED_EDGE ( 'NONE', *, *, #688, .T. ) ;
#423 = DIRECTION ( 'NONE',  ( 0.5735764363506832275, 0.000000000000000000, -0.8191520442892459286 ) ) ;
#424 = DIRECTION ( 'NONE',  ( -0.3420201433256687684, -0.000000000000000000, 0.9396926207859083169 ) ) ;
#425 = EDGE_CURVE ( 'NONE', #2630, #3286, #1429, .T. ) ;
#426 = LINE ( 'NONE', #58, #2900 ) ;
#427 = EDGE_CURVE ( 'NONE', #874, #826, #290, .T. ) ;
#428 = VERTEX_POINT ( 'NONE', #2526 ) ;
#429 = ORIENTED_EDGE ( 'NONE', *, *, #2445, .T. ) ;
#430 = LINE ( 'NONE', #1952, #1713 ) ;
#431 = ORIENTED_EDGE ( 'NONE', *, *, #277, .F. ) ;
#432 = ADVANCED_FACE ( 'NONE', ( #335 ), #2965, .F. ) ;
#433 = DIRECTION ( 'NONE',  ( -0.000000000000000000, -1.000000000000000000, -0.000000000000000000 ) ) ;
#434 = ORIENTED_EDGE ( 'NONE', *, *, #3720, .T. ) ;
#435 = CARTESIAN_POINT ( 'NONE',  ( -4.807073215166054680, 5.764999999999999680, -16.18960560050088304 ) ) ;
#436 = CARTESIAN_POINT ( 'NONE',  ( 16.85536625282482959, 0.000000000000000000, 18.50060498289537847 ) ) ;
#437 = DIRECTION ( 'NONE',  ( -0.000000000000000000, -1.000000000000000000, -0.000000000000000000 ) ) ;
#438 = ORIENTED_EDGE ( 'NONE', *, *, #1859, .T. ) ;
#439 = ADVANCED_FACE ( 'NONE', ( #4019 ), #1102, .F. ) ;
#440 = VERTEX_POINT ( 'NONE', #701 ) ;
#441 = DIRECTION ( 'NONE',  ( 0.000000000000000000, 0.000000000000000000, -1.000000000000000000 ) ) ;
#443 = DIRECTION ( 'NONE',  ( -0.3420201433256716550, -0.000000000000000000, 0.9396926207859073177 ) ) ;
#442 = AXIS2_PLACEMENT_3D ( 'NONE', #1981, #4129, #740 ) ;
#444 = CARTESIAN_POINT ( 'NONE',  ( 0.000000000000000000, 0.000000000000000000, 0.000000000000000000 ) ) ;
#445 = ORIENTED_EDGE ( 'NONE', *, *, #2311, .F. ) ;
#446 = CIRCLE ( 'NONE', #1793, 25.02749999999999631 ) ;
#447 = VECTOR ( 'NONE', #2765, 1000.000000000000227 ) ;
#448 = CARTESIAN_POINT ( 'NONE',  ( 3.730293732257587092, 5.934027361111965604, -15.66131143364790645 ) ) ;
#449 = DIRECTION ( 'NONE',  ( -0.8191520442893337473, 0.000000000000000000, 0.5735764363505576613 ) ) ;
#450 = CARTESIAN_POINT ( 'NONE',  ( -23.43691473198535036, 6.264999999999997904, 4.774318010700616455 ) ) ;
#451 = AXIS2_PLACEMENT_3D ( 'NONE', #4470, #4787, #3245 ) ;
#452 = ORIENTED_EDGE ( 'NONE', *, *, #2046, .T. ) ;
#453 = DIRECTION ( 'NONE',  ( -0.000000000000000000, -1.000000000000000000, -0.000000000000000000 ) ) ;
#454 = DIRECTION ( 'NONE',  ( -0.000000000000000000, -1.000000000000000000, -0.000000000000000000 ) ) ;
#455 = LINE ( 'NONE', #1522, #3664 ) ;
#456 = CIRCLE ( 'NONE', #4389, 23.53000000000000114 ) ;
#457 = ORIENTED_EDGE ( 'NONE', *, *, #4667, .T. ) ;
#458 = EDGE_LOOP ( 'NONE', ( #3956, #1931, #3476, #3579 ) ) ;
#459 = EDGE_CURVE ( 'NONE', #4620, #2982, #4756, .T. ) ;
#460 = VECTOR ( 'NONE', #4393, 1000.000000000000000 ) ;
#461 = LINE ( 'NONE', #3486, #1566 ) ;
#462 = EDGE_LOOP ( 'NONE', ( #730, #3082, #4344, #2313 ) ) ;
#463 = CARTESIAN_POINT ( 'NONE',  ( -1.019999999997242446, 0.000000000000000000, 25.00670622553088762 ) ) ;
#464 = ORIENTED_EDGE ( 'NONE', *, *, #1397, .F. ) ;
#465 = PLANE ( 'NONE',  #2860 ) ;
#466 = CARTESIAN_POINT ( 'NONE',  ( 0.000000000000000000, 5.764999999999999680, 0.000000000000000000 ) ) ;
#467 = ADVANCED_FACE ( 'NONE', ( #2625 ), #313, .F. ) ;
#468 = CARTESIAN_POINT ( 'NONE',  ( 7.898373414055682495, 6.264999999999999680, -23.22098089362588169 ) ) ;
#469 = VERTEX_POINT ( 'NONE', #2230 ) ;
#470 = ORIENTED_EDGE ( 'NONE', *, *, #4073, .F. ) ;
#471 = CARTESIAN_POINT ( 'NONE',  ( 0.000000000000000000, 6.264999999999999680, -24.02999999999999758 ) ) ;
#472 = CARTESIAN_POINT ( 'NONE',  ( 0.000000000000000000, 5.764999999999999680, 0.000000000000000000 ) ) ;
#473 = ADVANCED_FACE ( 'NONE', ( #1863 ), #3619, .F. ) ;
#474 = DIRECTION ( 'NONE',  ( -0.000000000000000000, -1.000000000000000000, -0.000000000000000000 ) ) ;
#475 = EDGE_LOOP ( 'NONE', ( #3710, #2149, #3456, #4551 ) ) ;
#476 = DIRECTION ( 'NONE',  ( 0.7660444431189739056, 0.000000000000000000, 0.6427876096865442479 ) ) ;
#477 = AXIS2_PLACEMENT_3D ( 'NONE', #1791, #2184, #2578 ) ;
#478 = CARTESIAN_POINT ( 'NONE',  ( -7.081682580411170491, 6.264999999999999680, -22.43904346959336848 ) ) ;
#479 = VERTEX_POINT ( 'NONE', #3346 ) ;
#480 = DIRECTION ( 'NONE',  ( 0.6427876096865400291, 0.000000000000000000, 0.7660444431189773473 ) ) ;
#481 = LINE ( 'NONE', #3826, #2823 ) ;
#482 = ORIENTED_EDGE ( 'NONE', *, *, #2054, .T. ) ;
#483 = EDGE_LOOP ( 'NONE', ( #1231, #2269, #1631, #4209, #73, #3121, #1446, #2883, #381, #3275, #4180, #1511, #2698, #14, #470, #124, #4856, #3850, #1984, #1002, #2003, #2145, #4005, #3086, #185, #4844, #2152, #768 ) ) ;
#484 = CARTESIAN_POINT ( 'NONE',  ( 11.23403485582581496, 6.264999999999997904, 11.54150629285266838 ) ) ;
#485 = ORIENTED_EDGE ( 'NONE', *, *, #2080, .T. ) ;
#486 = AXIS2_PLACEMENT_3D ( 'NONE', #2522, #2153, #4796 ) ;
#487 = CARTESIAN_POINT ( 'NONE',  ( 10.23180186323414453, 6.264999999999999680, -29.63202286765672966 ) ) ;
#488 = ORIENTED_EDGE ( 'NONE', *, *, #77, .F. ) ;
#489 = CARTESIAN_POINT ( 'NONE',  ( 10.05434245573841068, 6.264999999999999680, 13.56913704619687699 ) ) ;
#490 = VECTOR ( 'NONE', #3801, 1000.000000000000000 ) ;
#491 = CARTESIAN_POINT ( 'NONE',  ( -23.32786525393755639, 3.265000000000000124, 3.077596902476492868 ) ) ;
#492 = EDGE_LOOP ( 'NONE', ( #784, #2874, #1141, #4509 ) ) ;
#493 = ADVANCED_FACE ( 'NONE', ( #4484 ), #1076, .F. ) ;
#494 = TOROIDAL_SURFACE ( 'NONE', #2715, 24.52749999999999275, 0.5000000000000000000 ) ;
#495 = CARTESIAN_POINT ( 'NONE',  ( 30.48720104788194618, 5.764999999999999680, 6.411451255148618245 ) ) ;
#496 = CARTESIAN_POINT ( 'NONE',  ( 1.058176061977110560, 6.264999999999999680, 12.09500773390135109 ) ) ;
#497 = LINE ( 'NONE', #108, #1970 ) ;
#498 = ORIENTED_EDGE ( 'NONE', *, *, #2, .F. ) ;
#499 = EDGE_CURVE ( 'NONE', #3721, #1264, #3300, .T. ) ;
#500 = CARTESIAN_POINT ( 'NONE',  ( 3.909195156316353614, 6.114145032862467133, -15.61988703267505407 ) ) ;
#501 = DIRECTION ( 'NONE',  ( 0.000000000000000000, 1.000000000000000000, 0.000000000000000000 ) ) ;
#502 = VERTEX_POINT ( 'NONE', #1761 ) ;
#503 = LINE ( 'NONE', #2461, #4147 ) ;
#504 = EDGE_CURVE ( 'NONE', #2244, #4358, #90, .T. ) ;
#505 = DIRECTION ( 'NONE',  ( 0.3420201433256684909, -0.000000000000000000, 0.9396926207859084279 ) ) ;
#506 = EDGE_LOOP ( 'NONE', ( #488, #3559, #377, #4776 ) ) ;
#507 = VERTEX_POINT ( 'NONE', #2947 ) ;
#508 = DIRECTION ( 'NONE',  ( 0.08715574274746686056, -0.000000000000000000, -0.9961946980917621985 ) ) ;
#509 = EDGE_LOOP ( 'NONE', ( #3166, #3043, #3399, #896 ) ) ;
#510 = DIRECTION ( 'NONE',  ( -0.08715574274745541139, 0.000000000000000000, 0.9961946980917633088 ) ) ;
#511 = ORIENTED_EDGE ( 'NONE', *, *, #4716, .T. ) ;
#512 = FACE_OUTER_BOUND ( 'NONE', #3829, .T. ) ;
#513 = DIRECTION ( 'NONE',  ( -0.8191520442886223163, 0.000000000000000000, 0.5735764363515737374 ) ) ;
#514 = LINE ( 'NONE', #2019, #3627 ) ;
#515 = CARTESIAN_POINT ( 'NONE',  ( 16.02450721727525007, 6.264999999999997904, 1.620208348750970639 ) ) ;
#516 = EDGE_CURVE ( 'NONE', #968, #584, #4434, .T. ) ;
#517 = CARTESIAN_POINT ( 'NONE',  ( -7.108283610341637804, 5.924497393407471613, -22.45216890457748704 ) ) ;
#518 = ORIENTED_EDGE ( 'NONE', *, *, #1842, .T. ) ;
#519 = AXIS2_PLACEMENT_3D ( 'NONE', #305, #4870, #3366 ) ;
#520 = CYLINDRICAL_SURFACE ( 'NONE', #167, 14.57731163100815763 ) ;
#521 = CYLINDRICAL_SURFACE ( 'NONE', #1923, 0.4999999999999995559 ) ;
#522 = ORIENTED_EDGE ( 'NONE', *, *, #4469, .T. ) ;
#523 = EDGE_CURVE ( 'NONE', #4516, #4081, #1050, .T. ) ;
#524 = EDGE_CURVE ( 'NONE', #719, #4081, #2924, .T. ) ;
#525 = CARTESIAN_POINT ( 'NONE',  ( -14.32920972712166652, 3.265000000000000124, 18.66372547473203625 ) ) ;
#526 = PLANE ( 'NONE',  #213 ) ;
#527 = ORIENTED_EDGE ( 'NONE', *, *, #1747, .T. ) ;
#528 = AXIS2_PLACEMENT_3D ( 'NONE', #765, #4227, #399 ) ;
#529 = VECTOR ( 'NONE', #1816, 1000.000000000000000 ) ;
#530 = VERTEX_POINT ( 'NONE', #2205 ) ;
#531 = EDGE_CURVE ( 'NONE', #81, #1138, #1152, .T. ) ;
#532 = CARTESIAN_POINT ( 'NONE',  ( -7.243917375737628284, 5.764999999999999680, -14.37701709155922813 ) ) ;
#533 = ORIENTED_EDGE ( 'NONE', *, *, #4170, .T. ) ;
#534 = VECTOR ( 'NONE', #4611, 1000.000000000000000 ) ;
#535 = VECTOR ( 'NONE', #2133, 1000.000000000000114 ) ;
#536 = VERTEX_POINT ( 'NONE', #471 ) ;
#537 = DIRECTION ( 'NONE',  ( 0.6427876096865444699, -0.000000000000000000, -0.7660444431189736836 ) ) ;
#538 = DIRECTION ( 'NONE',  ( 0.000000000000000000, 1.000000000000000000, 0.000000000000000000 ) ) ;
#539 = ORIENTED_EDGE ( 'NONE', *, *, #2000, .T. ) ;
#540 = CARTESIAN_POINT ( 'NONE',  ( 0.000000000000000000, 0.000000000000000000, 0.000000000000000000 ) ) ;
#541 = CARTESIAN_POINT ( 'NONE',  ( 16.03207995204084924, 6.255860970744405058, 1.536206335420720492 ) ) ;
#542 = EDGE_CURVE ( 'NONE', #1963, #2383, #3849, .T. ) ;
#543 = CARTESIAN_POINT ( 'NONE',  ( 24.14800734296243689, 6.265000000000001457, 4.900121897817127703 ) ) ;
#544 = CARTESIAN_POINT ( 'NONE',  ( -7.250407568123405255, 6.107366286027159141, -22.52196040013661360 ) ) ;
#545 = ORIENTED_EDGE ( 'NONE', *, *, #248, .T. ) ;
#546 = FACE_OUTER_BOUND ( 'NONE', #2176, .T. ) ;
#547 = CARTESIAN_POINT ( 'NONE',  ( -15.48181655269747203, 6.114145032862488449, 4.424481202616758146 ) ) ;
#548 = VECTOR ( 'NONE', #2722, 1000.000000000000114 ) ;
#549 = DIRECTION ( 'NONE',  ( 0.7660444431189847858, 0.000000000000000000, -0.6427876096865312583 ) ) ;
#550 = VECTOR ( 'NONE', #2044, 1000.000000000000000 ) ;
#551 = FACE_OUTER_BOUND ( 'NONE', #353, .T. ) ;
#552 = ORIENTED_EDGE ( 'NONE', *, *, #3060, .F. ) ;
#553 = EDGE_CURVE ( 'NONE', #3008, #3033, #3424, .T. ) ;
#554 =( BOUNDED_CURVE ( )  B_SPLINE_CURVE ( 3, ( #1943, #4595, #3400, #4198 ),
 .UNSPECIFIED., .F., .F. ) 
 B_SPLINE_CURVE_WITH_KNOTS ( ( 4, 4 ),
 ( 4.712388980384686121, 6.283185307179586232 ),
 .UNSPECIFIED. ) 
 CURVE ( )  GEOMETRIC_REPRESENTATION_ITEM ( )  RATIONAL_B_SPLINE_CURVE ( ( 1.000000000000000000, 0.8047378541243641603, 0.8047378541243641603, 1.000000000000000000 ) ) 
 REPRESENTATION_ITEM ( '' )  );
#555 = FACE_OUTER_BOUND ( 'NONE', #876, .T. ) ;
#556 = ORIENTED_EDGE ( 'NONE', *, *, #2915, .T. ) ;
#557 = DIRECTION ( 'NONE',  ( -0.4226182617402906017, -0.000000000000000000, -0.9063077870368406730 ) ) ;
#558 = ORIENTED_EDGE ( 'NONE', *, *, #3998, .T. ) ;
#559 = ORIENTED_EDGE ( 'NONE', *, *, #283, .F. ) ;
#560 = EDGE_CURVE ( 'NONE', #3905, #3660, #1613, .T. ) ;
#561 = CARTESIAN_POINT ( 'NONE',  ( -16.01602368630264550, 6.264999999999999680, 1.705700903103305466 ) ) ;
#562 = CARTESIAN_POINT ( 'NONE',  ( 0.000000000000000000, 5.764999999999999680, 0.000000000000000000 ) ) ;
#563 = AXIS2_PLACEMENT_3D ( 'NONE', #2694, #1123, #69 ) ;
#564 = ORIENTED_EDGE ( 'NONE', *, *, #2580, .F. ) ;
#565 = CARTESIAN_POINT ( 'NONE',  ( 21.65644285628432897, 3.265000000000000124, -12.50335311276526973 ) ) ;
#566 = VECTOR ( 'NONE', #1535, 1000.000000000000114 ) ;
#567 = CARTESIAN_POINT ( 'NONE',  ( 15.41649094842345136, 6.264999999999999680, 4.637323175571753886 ) ) ;
#568 = CARTESIAN_POINT ( 'NONE',  ( 15.29263558886092689, 5.844909940079745958, 19.81189170665698995 ) ) ;
#569 = EDGE_LOOP ( 'NONE', ( #2030, #4201, #2770, #4808 ) ) ;
#570 = DIRECTION ( 'NONE',  ( -0.1736481776669306643, 0.000000000000000000, 0.9848077530122080203 ) ) ;
#571 = CARTESIAN_POINT ( 'NONE',  ( 15.89194039108607015, 0.000000000000000000, 17.35243875097005528 ) ) ;
#572 = CARTESIAN_POINT ( 'NONE',  ( -15.88366730573043384, 6.055188110906357224, 17.47684665555013339 ) ) ;
#573 = CARTESIAN_POINT ( 'NONE',  ( -21.91649183265830558, 6.098599059609072448, 23.41743943069702993 ) ) ;
#574 = CARTESIAN_POINT ( 'NONE',  ( 19.74949741645048462, 6.264999999999999680, 24.34551088795273444 ) ) ;
#575 = ORIENTED_EDGE ( 'NONE', *, *, #2464, .T. ) ;
#576 = DIRECTION ( 'NONE',  ( 0.000000000000000000, 0.000000000000000000, 1.000000000000000000 ) ) ;
#577 = ORIENTED_EDGE ( 'NONE', *, *, #612, .T. ) ;
#578 = CARTESIAN_POINT ( 'NONE',  ( 9.511283720560109955, 5.844910470631421440, -23.14975676410031724 ) ) ;
#579 = B_SPLINE_CURVE_WITH_KNOTS ( 'NONE', 3,
 ( #3649, #4071, #2507, #616, #250, #2533, #2142, #4809 ),
 .UNSPECIFIED., .F., .F.,
 ( 4, 2, 2, 4 ),
 ( 0.000000000000000000, 0.0002554680715911792884, 0.0005109361431823585768, 0.001021872286364714118 ),
 .UNSPECIFIED. ) ;
#580 = ORIENTED_EDGE ( 'NONE', *, *, #2968, .F. ) ;
#581 = DIRECTION ( 'NONE',  ( 0.3420201433256698786, 0.000000000000000000, 0.9396926207859079838 ) ) ;
#582 = CYLINDRICAL_SURFACE ( 'NONE', #278, 23.52999999999999403 ) ;
#583 = ADVANCED_FACE ( 'NONE', ( #3741 ), #2674, .F. ) ;
#584 = VERTEX_POINT ( 'NONE', #4510 ) ;
#585 = DIRECTION ( 'NONE',  ( -0.1736481776669306643, 0.000000000000000000, 0.9848077530122080203 ) ) ;
#586 = DIRECTION ( 'NONE',  ( 0.000000000000000000, 0.000000000000000000, 1.000000000000000000 ) ) ;
#587 = CARTESIAN_POINT ( 'NONE',  ( 15.29263558886092689, 5.764999999999999680, 19.81189170665698640 ) ) ;
#588 = EDGE_CURVE ( 'NONE', #3564, #4686, #1888, .T. ) ;
#589 = VERTEX_POINT ( 'NONE', #1180 ) ;
#590 = DIRECTION ( 'NONE',  ( 0.9848077530122080203, 0.000000000000000000, 0.1736481776669306643 ) ) ;
#591 = DIRECTION ( 'NONE',  ( 0.000000000000000000, 0.000000000000000000, -1.000000000000000000 ) ) ;
#592 = LINE ( 'NONE', #2808, #2761 ) ;
#593 = CARTESIAN_POINT ( 'NONE',  ( 9.511283720560113508, 0.000000000000000000, -23.14975676410030303 ) ) ;
#594 = CARTESIAN_POINT ( 'NONE',  ( -16.03297898116661813, 6.264999999999999680, 1.534834376847443504 ) ) ;
#595 = ORIENTED_EDGE ( 'NONE', *, *, #4829, .F. ) ;
#596 = CYLINDRICAL_SURFACE ( 'NONE', #4192, 0.4999999999999997780 ) ;
#597 = AXIS2_PLACEMENT_3D ( 'NONE', #2172, #4500, #4012 ) ;
#598 = ORIENTED_EDGE ( 'NONE', *, *, #229, .F. ) ;
#599 = CARTESIAN_POINT ( 'NONE',  ( -7.045652622743199700, 6.114145032862470686, -14.47830987385369816 ) ) ;
#600 = VECTOR ( 'NONE', #714, 1000.000000000000114 ) ;
#601 = VERTEX_POINT ( 'NONE', #105 ) ;
#602 = VECTOR ( 'NONE', #2833, 1000.000000000000000 ) ;
#603 = CARTESIAN_POINT ( 'NONE',  ( -24.05914606170093606, 6.264999999999999680, 4.770298421665045474 ) ) ;
#604 = ORIENTED_EDGE ( 'NONE', *, *, #2550, .T. ) ;
#605 = VECTOR ( 'NONE', #4395, 1000.000000000000000 ) ;
#606 = CARTESIAN_POINT ( 'NONE',  ( -6.183365160192210830, 6.264999999999999680, -15.46827786578351471 ) ) ;
#607 = EDGE_CURVE ( 'NONE', #4658, #4029, #2700, .T. ) ;
#608 = CARTESIAN_POINT ( 'NONE',  ( 22.16644285628295208, 3.265000000000000124, -11.62000720090749972 ) ) ;
#609 = AXIS2_PLACEMENT_3D ( 'NONE', #3573, #2116, #202 ) ;
#610 = ORIENTED_EDGE ( 'NONE', *, *, #3963, .T. ) ;
#611 = DIRECTION ( 'NONE',  ( 0.9961946980917623096, -0.000000000000000000, 0.08715574274746687444 ) ) ;
#612 = EDGE_CURVE ( 'NONE', #3104, #1903, #1128, .T. ) ;
#613 = DIRECTION ( 'NONE',  ( -0.9961946980918062744, 0.000000000000000000, 0.08715574274696448465 ) ) ;
#614 = CARTESIAN_POINT ( 'NONE',  ( 12.72296122597525603, 0.000000000000000000, -29.43056634765067159 ) ) ;
#615 = DIRECTION ( 'NONE',  ( 0.000000000000000000, 0.000000000000000000, 1.000000000000000000 ) ) ;
#616 = CARTESIAN_POINT ( 'NONE',  ( 7.109761111859008054, 6.063953584472803193, -14.44594514399464025 ) ) ;
#617 = EDGE_LOOP ( 'NONE', ( #1543, #2766, #4120, #2123 ) ) ;
#618 = DIRECTION ( 'NONE',  ( 0.000000000000000000, 0.000000000000000000, 1.000000000000000000 ) ) ;
#619 = EDGE_LOOP ( 'NONE', ( #401, #658, #2009, #2318 ) ) ;
#620 = DIRECTION ( 'NONE',  ( 0.000000000000000000, 0.000000000000000000, 1.000000000000000000 ) ) ;
#621 = CARTESIAN_POINT ( 'NONE',  ( 17.21793483357267363, 6.264999999999999680, 3.035986463248324885 ) ) ;
#622 = CARTESIAN_POINT ( 'NONE',  ( 0.000000000000000000, 3.265000000000000124, 0.000000000000000000 ) ) ;
#623 = ORIENTED_EDGE ( 'NONE', *, *, #1904, .T. ) ;
#624 = AXIS2_PLACEMENT_3D ( 'NONE', #3595, #570, #590 ) ;
#625 = DIRECTION ( 'NONE',  ( -0.8191520442893338583, 0.000000000000000000, 0.5735764363505577723 ) ) ;
#626 = ORIENTED_EDGE ( 'NONE', *, *, #1805, .T. ) ;
#627 = CARTESIAN_POINT ( 'NONE',  ( 24.44967702698105683, 5.764999999999999680, 5.346872873588294439 ) ) ;
#628 = AXIS2_PLACEMENT_3D ( 'NONE', #834, #4166, #441 ) ;
#629 = CARTESIAN_POINT ( 'NONE',  ( -30.48720104788181828, 3.265000000000000124, 6.411451255149191120 ) ) ;
#630 = EDGE_CURVE ( 'NONE', #3299, #440, #388, .T. ) ;
#631 = ORIENTED_EDGE ( 'NONE', *, *, #94, .F. ) ;
#632 = CIRCLE ( 'NONE', #3392, 14.57731163100814697 ) ;
#633 = DIRECTION ( 'NONE',  ( 0.7660444431189717962, -0.000000000000000000, 0.6427876096865468014 ) ) ;
#634 = PLANE ( 'NONE',  #3323 ) ;
#635 = DIRECTION ( 'NONE',  ( -0.000000000000000000, -1.000000000000000000, -0.000000000000000000 ) ) ;
#636 = ADVANCED_FACE ( 'NONE', ( #389 ), #1938, .T. ) ;
#637 = EDGE_LOOP ( 'NONE', ( #2813, #2549, #3451, #2212 ) ) ;
#638 = CARTESIAN_POINT ( 'NONE',  ( 15.41649094842345136, 5.764999999999999680, 4.637323175571753886 ) ) ;
#639 = PLANE ( 'NONE',  #3006 ) ;
#640 = CARTESIAN_POINT ( 'NONE',  ( 31.19276894612020712, 5.764999999999999680, 7.419106642638352511 ) ) ;
#641 = EDGE_LOOP ( 'NONE', ( #845, #1920, #3440, #795 ) ) ;
#642 = CARTESIAN_POINT ( 'NONE',  ( -20.54618363729464292, 6.264999999999999680, 23.67701177387835898 ) ) ;
#643 = DIRECTION ( 'NONE',  ( 0.6427876096865573485, 0.000000000000000000, 0.7660444431189630254 ) ) ;
#644 = EDGE_CURVE ( 'NONE', #4358, #33, #2304, .T. ) ;
#645 = EDGE_CURVE ( 'NONE', #4717, #2413, #2620, .T. ) ;
#646 = CARTESIAN_POINT ( 'NONE',  ( 15.29263558886092689, 6.264999999999999680, 19.81189170665698640 ) ) ;
#647 = EDGE_CURVE ( 'NONE', #2442, #855, #4217, .T. ) ;
#648 = EDGE_LOOP ( 'NONE', ( #3339, #1712, #2540, #1236 ) ) ;
#649 = LINE ( 'NONE', #3659, #1877 ) ;
#650 = ORIENTED_EDGE ( 'NONE', *, *, #1280, .T. ) ;
#651 = CARTESIAN_POINT ( 'NONE',  ( 15.04422621064451349, 6.264999999999999680, 18.73798702430324070 ) ) ;
#652 = CARTESIAN_POINT ( 'NONE',  ( 21.57685864997011649, 6.264999999999999680, 23.76718415326528344 ) ) ;
#653 = ORIENTED_EDGE ( 'NONE', *, *, #1932, .F. ) ;
#654 = DIRECTION ( 'NONE',  ( 0.08715574274746686056, 0.000000000000000000, -0.9961946980917621985 ) ) ;
#655 = CARTESIAN_POINT ( 'NONE',  ( -0.4886401628094285132, 5.764999999999999680, -0.1778504745296228262 ) ) ;
#656 = CARTESIAN_POINT ( 'NONE',  ( 23.32786525393763810, 5.846508310268893283, 3.077596902475848051 ) ) ;
#657 = CARTESIAN_POINT ( 'NONE',  ( -0.5244024014048652704, 6.264999999999999680, -1.440783756571787144 ) ) ;
#658 = ORIENTED_EDGE ( 'NONE', *, *, #3106, .F. ) ;
#659 = DIRECTION ( 'NONE',  ( -0.000000000000000000, -1.000000000000000000, -0.000000000000000000 ) ) ;
#660 = CARTESIAN_POINT ( 'NONE',  ( -11.10092522531329173, 6.264999999999999680, 12.42059112841879376 ) ) ;
#661 = CARTESIAN_POINT ( 'NONE',  ( 22.97362297149689070, 0.000000000000000000, 5.086604718622285581 ) ) ;
#662 = CARTESIAN_POINT ( 'NONE',  ( 7.108283610341580072, 5.924497393407475165, -22.45216890457750836 ) ) ;
#663 = ADVANCED_FACE ( 'NONE', ( #4878 ), #1507, .T. ) ;
#664 = ORIENTED_EDGE ( 'NONE', *, *, #4438, .T. ) ;
#665 = CARTESIAN_POINT ( 'NONE',  ( 0.000000000000000000, 5.764999999999999680, 0.000000000000000000 ) ) ;
#666 = LINE ( 'NONE', #737, #600 ) ;
#667 = ORIENTED_EDGE ( 'NONE', *, *, #3713, .T. ) ;
#668 = ADVANCED_FACE ( 'NONE', ( #3397 ), #21, .T. ) ;
#669 = FACE_OUTER_BOUND ( 'NONE', #637, .T. ) ;
#670 = ORIENTED_EDGE ( 'NONE', *, *, #2046, .F. ) ;
#671 = VECTOR ( 'NONE', #454, 1000.000000000000000 ) ;
#672 = AXIS2_PLACEMENT_3D ( 'NONE', #4229, #1924, #4626 ) ;
#673 = CARTESIAN_POINT ( 'NONE',  ( -15.84091243148855099, 6.264999999999999680, 18.06948791022898959 ) ) ;
#674 = AXIS2_PLACEMENT_3D ( 'NONE', #4162, #19, #1531 ) ;
#675 = CARTESIAN_POINT ( 'NONE',  ( 10.05434245573841068, 5.764999999999999680, 13.56913704619687699 ) ) ;
#676 = ORIENTED_EDGE ( 'NONE', *, *, #3707, .F. ) ;
#677 = AXIS2_PLACEMENT_3D ( 'NONE', #1765, #3256, #4759 ) ;
#678 = CARTESIAN_POINT ( 'NONE',  ( -31.81950566235784095, 6.264999999999999680, 4.186932003367575206 ) ) ;
#679 = DIRECTION ( 'NONE',  ( 0.9848077530122083534, 0.000000000000000000, -0.1736481776669292765 ) ) ;
#680 = AXIS2_PLACEMENT_3D ( 'NONE', #780, #2358, #4247 ) ;
#681 = DIRECTION ( 'NONE',  ( -0.000000000000000000, -1.000000000000000000, -0.000000000000000000 ) ) ;
#682 = ORIENTED_EDGE ( 'NONE', *, *, #3326, .F. ) ;
#683 = LINE ( 'NONE', #3306, #913 ) ;
#684 = DIRECTION ( 'NONE',  ( 0.000000000000000000, 1.000000000000000000, 0.000000000000000000 ) ) ;
#685 = LINE ( 'NONE', #3748, #3709 ) ;
#686 = VERTEX_POINT ( 'NONE', #1285 ) ;
#687 = CARTESIAN_POINT ( 'NONE',  ( 1.899663625333126493, 6.264999999999999680, 21.71325459515938050 ) ) ;
#688 = EDGE_CURVE ( 'NONE', #1264, #2087, #514, .T. ) ;
#689 = CARTESIAN_POINT ( 'NONE',  ( -23.06044706033021896, 5.764999999999999680, 4.594200842116787697 ) ) ;
#690 = ORIENTED_EDGE ( 'NONE', *, *, #4432, .T. ) ;
#691 = VERTEX_POINT ( 'NONE', #2423 ) ;
#692 = VECTOR ( 'NONE', #510, 999.9999999999998863 ) ;
#693 = CARTESIAN_POINT ( 'NONE',  ( -7.672447202607987293, 6.105063043677879442, -23.68803513070393407 ) ) ;
#694 = VERTEX_POINT ( 'NONE', #1733 ) ;
#695 = EDGE_CURVE ( 'NONE', #1760, #4620, #220, .T. ) ;
#696 = AXIS2_PLACEMENT_3D ( 'NONE', #2707, #759, #3852 ) ;
#697 = LINE ( 'NONE', #4015, #1510 ) ;
#698 = DIRECTION ( 'NONE',  ( 0.9063077870368400069, 0.000000000000000000, -0.4226182617402919894 ) ) ;
#699 = EDGE_CURVE ( 'NONE', #276, #3489, #4062, .T. ) ;
#700 = VERTEX_POINT ( 'NONE', #151 ) ;
#701 = CARTESIAN_POINT ( 'NONE',  ( 30.95857960530109310, 6.264999999999999680, 4.930811030643378778 ) ) ;
#702 = CYLINDRICAL_SURFACE ( 'NONE', #1841, 0.4999999999999991118 ) ;
#703 = SURFACE_SIDE_STYLE ('',( #47 ) ) ;
#704 = ORIENTED_EDGE ( 'NONE', *, *, #2775, .F. ) ;
#705 = DIRECTION ( 'NONE',  ( -0.9848077530122080203, 0.000000000000000000, -0.1736481776669306643 ) ) ;
#706 = CARTESIAN_POINT ( 'NONE',  ( -5.206084834573834641, 6.264999999999999680, -15.82397881484218871 ) ) ;
#707 = DIRECTION ( 'NONE',  ( 0.000000000000000000, 0.000000000000000000, -1.000000000000000000 ) ) ;
#708 = CARTESIAN_POINT ( 'NONE',  ( 7.081682580411109207, 5.846508752381807561, -22.43904346959338980 ) ) ;
#709 = AXIS2_PLACEMENT_3D ( 'NONE', #2166, #3651, #1444 ) ;
#710 = ORIENTED_EDGE ( 'NONE', *, *, #4113, .T. ) ;
#711 = CARTESIAN_POINT ( 'NONE',  ( -0.09029705238692785352, 5.764999999999999680, -0.5121000315670560799 ) ) ;
#712 = FACE_OUTER_BOUND ( 'NONE', #2470, .T. ) ;
#713 = VECTOR ( 'NONE', #2020, 1000.000000000000000 ) ;
#714 = DIRECTION ( 'NONE',  ( -0.4226182617402632902, 0.000000000000000000, 0.9063077870368533295 ) ) ;
#715 = ORIENTED_EDGE ( 'NONE', *, *, #1741, .F. ) ;
#716 = EDGE_LOOP ( 'NONE', ( #1655, #1547, #1686, #4233 ) ) ;
#717 = EDGE_CURVE ( 'NONE', #2827, #4477, #3171, .T. ) ;
#718 = FACE_OUTER_BOUND ( 'NONE', #36, .T. ) ;
#719 = VERTEX_POINT ( 'NONE', #3944 ) ;
#720 = CARTESIAN_POINT ( 'NONE',  ( 0.000000000000000000, 6.264999999999999680, 0.000000000000000000 ) ) ;
#721 = EDGE_CURVE ( 'NONE', #3593, #12, #4292, .T. ) ;
#722 = CARTESIAN_POINT ( 'NONE',  ( 8.998655526814697936, 5.764999999999999680, -21.74132237720895944 ) ) ;
#723 = ORIENTED_EDGE ( 'NONE', *, *, #3060, .T. ) ;
#724 =( BOUNDED_CURVE ( )  B_SPLINE_CURVE ( 3, ( #2681, #3075, #3479, #2310 ),
 .UNSPECIFIED., .F., .F. ) 
 B_SPLINE_CURVE_WITH_KNOTS ( ( 4, 4 ),
 ( 0.000000000000000000, 1.570796326794896558 ),
 .UNSPECIFIED. ) 
 CURVE ( )  GEOMETRIC_REPRESENTATION_ITEM ( )  RATIONAL_B_SPLINE_CURVE ( ( 1.000000000000000000, 0.8047378541243649375, 0.8047378541243649375, 1.000000000000000000 ) ) 
 REPRESENTATION_ITEM ( '' )  );
#725 = DIRECTION ( 'NONE',  ( 0.000000000000000000, 0.000000000000000000, -1.000000000000000000 ) ) ;
#726 = DIRECTION ( 'NONE',  ( 0.000000000000000000, 0.000000000000000000, -1.000000000000000000 ) ) ;
#727 = CARTESIAN_POINT ( 'NONE',  ( -15.30511652097123054, 6.052165718555738927, 19.69564780868039122 ) ) ;
#728 = EDGE_CURVE ( 'NONE', #3033, #3055, #2151, .T. ) ;
#729 = SURFACE_STYLE_USAGE ( .BOTH. , #703 ) ;
#730 = ORIENTED_EDGE ( 'NONE', *, *, #588, .F. ) ;
#731 = CARTESIAN_POINT ( 'NONE',  ( -10.05434245573797369, 5.764999999999999680, 13.56913704619718430 ) ) ;
#732 = DIRECTION ( 'NONE',  ( 0.3420201433256677137, -0.000000000000000000, 0.9396926207859087610 ) ) ;
#733 = CARTESIAN_POINT ( 'NONE',  ( 15.84091243148946049, 6.264999999999999680, 18.06948791022819023 ) ) ;
#734 = EDGE_LOOP ( 'NONE', ( #3863, #3500, #1064, #48, #4556, #4748 ) ) ;
#735 = CARTESIAN_POINT ( 'NONE',  ( -16.16077264764481924, 6.264999999999999680, 18.45068247196115863 ) ) ;
#736 = CARTESIAN_POINT ( 'NONE',  ( 31.84909871781022872, 6.264999999999999680, 3.696875540764982038 ) ) ;
#737 = CARTESIAN_POINT ( 'NONE',  ( -6.724046161570257141, 0.000000000000000000, -15.49188450811626794 ) ) ;
#738 = EDGE_LOOP ( 'NONE', ( #1732, #4377, #2373, #595 ) ) ;
#739 = VERTEX_POINT ( 'NONE', #930 ) ;
#740 = DIRECTION ( 'NONE',  ( -0.9063077870364758537, 0.000000000000000000, -0.4226182617410730868 ) ) ;
#741 = ORIENTED_EDGE ( 'NONE', *, *, #2769, .T. ) ;
#742 = VECTOR ( 'NONE', #2986, 1000.000000000000114 ) ;
#743 = EDGE_CURVE ( 'NONE', #739, #4352, #1434, .T. ) ;
#744 = DIRECTION ( 'NONE',  ( -0.000000000000000000, -1.000000000000000000, -0.000000000000000000 ) ) ;
#745 = DIRECTION ( 'NONE',  ( -0.3420201433256672696, 0.000000000000000000, 0.9396926207859088720 ) ) ;
#746 = FACE_OUTER_BOUND ( 'NONE', #3842, .T. ) ;
#747 = ORIENTED_EDGE ( 'NONE', *, *, #2311, .T. ) ;
#748 = ADVANCED_FACE ( 'NONE', ( #3493 ), #2820, .T. ) ;
#749 = VECTOR ( 'NONE', #4783, 1000.000000000000000 ) ;
#750 = CARTESIAN_POINT ( 'NONE',  ( 15.89194039108607015, 6.264999999999999680, 17.35243875097005528 ) ) ;
#751 = DIRECTION ( 'NONE',  ( 0.9063077870365631172, 0.000000000000000000, -0.4226182617408856257 ) ) ;
#752 = CARTESIAN_POINT ( 'NONE',  ( 23.56145204401603266, 6.228979104643723730, 3.398041242536314677 ) ) ;
#753 = CIRCLE ( 'NONE', #847, 25.02749999999999275 ) ;
#754 = DIRECTION ( 'NONE',  ( -0.000000000000000000, -1.000000000000000000, -0.000000000000000000 ) ) ;
#755 = AXIS2_PLACEMENT_3D ( 'NONE', #333, #4112, #4040 ) ;
#756 =( BOUNDED_CURVE ( )  B_SPLINE_CURVE ( 3, ( #4212, #830, #3837, #1985 ),
 .UNSPECIFIED., .F., .F. ) 
 B_SPLINE_CURVE_WITH_KNOTS ( ( 4, 4 ),
 ( 4.712388980384693227, 6.283185307179586232 ),
 .UNSPECIFIED. ) 
 CURVE ( )  GEOMETRIC_REPRESENTATION_ITEM ( )  RATIONAL_B_SPLINE_CURVE ( ( 1.000000000000000000, 0.8047378541243658256, 0.8047378541243658256, 1.000000000000000000 ) ) 
 REPRESENTATION_ITEM ( '' )  );
#757 = VERTEX_POINT ( 'NONE', #495 ) ;
#758 = EDGE_CURVE ( 'NONE', #3350, #1409, #2089, .T. ) ;
#759 = DIRECTION ( 'NONE',  ( -0.9396926207859089830, 0.000000000000000000, -0.3420201433256673806 ) ) ;
#760 = VECTOR ( 'NONE', #1729, 1000.000000000000000 ) ;
#761 = CARTESIAN_POINT ( 'NONE',  ( 15.89194039108607015, 5.764999999999999680, 17.35243875097005528 ) ) ;
#762 = CARTESIAN_POINT ( 'NONE',  ( 9.915078265544348568, 6.264999999999999680, -29.61819441674029108 ) ) ;
#763 = ORIENTED_EDGE ( 'NONE', *, *, #415, .T. ) ;
#764 = CARTESIAN_POINT ( 'NONE',  ( 16.77838861730841558, 5.764999999999999680, 1.922747461918894674 ) ) ;
#765 = CARTESIAN_POINT ( 'NONE',  ( 16.36881259516397691, 5.764999999999999680, 2.209535680094501853 ) ) ;
#766 = LINE ( 'NONE', #3781, #2976 ) ;
#767 = ORIENTED_EDGE ( 'NONE', *, *, #1260, .T. ) ;
#768 = ORIENTED_EDGE ( 'NONE', *, *, #248, .F. ) ;
#769 = PLANE ( 'NONE',  #3204 ) ;
#770 = VERTEX_POINT ( 'NONE', #881 ) ;
#771 = DIRECTION ( 'NONE',  ( -0.6427876096865401401, -0.000000000000000000, -0.7660444431189773473 ) ) ;
#772 = DIRECTION ( 'NONE',  ( 0.08715574274696420709, 0.000000000000000000, 0.9961946980918062744 ) ) ;
#773 = DIRECTION ( 'NONE',  ( 0.000000000000000000, 0.000000000000000000, 1.000000000000000000 ) ) ;
#774 = CARTESIAN_POINT ( 'NONE',  ( 10.15785299541284736, 6.264999999999999680, 13.37029514952898168 ) ) ;
#775 = ORIENTED_EDGE ( 'NONE', *, *, #728, .T. ) ;
#776 = VERTEX_POINT ( 'NONE', #859 ) ;
#777 = AXIS2_PLACEMENT_3D ( 'NONE', #4055, #1423, #1016 ) ;
#778 = CARTESIAN_POINT ( 'NONE',  ( 30.84144333032081420, 5.764999999999999680, 4.402443439001797465 ) ) ;
#779 = CARTESIAN_POINT ( 'NONE',  ( -30.77798550052900239, 6.264999999999999680, 5.955011093778559861 ) ) ;
#780 = CARTESIAN_POINT ( 'NONE',  ( -0.9855541338493460923, 0.000000000000000000, 1.174537679707344129 ) ) ;
#781 = AXIS2_PLACEMENT_3D ( 'NONE', #2999, #4072, #3697 ) ;
#782 = EDGE_CURVE ( 'NONE', #1085, #428, #1689, .T. ) ;
#783 = DIRECTION ( 'NONE',  ( 0.8191520442892458176, -0.000000000000000000, 0.5735764363506832275 ) ) ;
#784 = ORIENTED_EDGE ( 'NONE', *, *, #823, .T. ) ;
#785 = VECTOR ( 'NONE', #2805, 1000.000000000000114 ) ;
#786 = CARTESIAN_POINT ( 'NONE',  ( -14.32920972712166652, 0.000000000000000000, 18.66372547473203625 ) ) ;
#787 = DIRECTION ( 'NONE',  ( -0.000000000000000000, -1.000000000000000000, 0.000000000000000000 ) ) ;
#788 = ORIENTED_EDGE ( 'NONE', *, *, #4372, .T. ) ;
#789 = FACE_OUTER_BOUND ( 'NONE', #738, .T. ) ;
#790 = EDGE_CURVE ( 'NONE', #3189, #3299, #3184, .T. ) ;
#791 = CARTESIAN_POINT ( 'NONE',  ( -9.171249647149551265, 0.000000000000000000, -30.72328364303758264 ) ) ;
#792 = DIRECTION ( 'NONE',  ( 0.8191520442893337473, -0.000000000000000000, -0.5735764363505576613 ) ) ;
#793 = EDGE_LOOP ( 'NONE', ( #1385, #1605 ) ) ;
#794 = AXIS2_PLACEMENT_3D ( 'NONE', #1659, #3205, #955 ) ;
#795 = ORIENTED_EDGE ( 'NONE', *, *, #2563, .F. ) ;
#796 = ADVANCED_FACE ( 'NONE', ( #3565 ), #195, .T. ) ;
#797 = CARTESIAN_POINT ( 'NONE',  ( -9.915078265544368108, 6.264999999999997904, -29.61819441674022713 ) ) ;
#798 = AXIS2_PLACEMENT_3D ( 'NONE', #100, #3260, #2882 ) ;
#799 = ADVANCED_FACE ( 'NONE', ( #4730 ), #2755, .T. ) ;
#800 = ORIENTED_EDGE ( 'NONE', *, *, #4073, .T. ) ;
#801 = DIRECTION ( 'NONE',  ( 0.000000000000000000, 1.000000000000000000, 0.000000000000000000 ) ) ;
#802 = ORIENTED_EDGE ( 'NONE', *, *, #2596, .T. ) ;
#803 = CYLINDRICAL_SURFACE ( 'NONE', #3317, 0.5000000000000002220 ) ;
#804 = LINE ( 'NONE', #4161, #4711 ) ;
#805 = CARTESIAN_POINT ( 'NONE',  ( 8.998655526814697936, 6.264999999999999680, -21.74132237720895944 ) ) ;
#806 = ORIENTED_EDGE ( 'NONE', *, *, #2782, .T. ) ;
#807 = ORIENTED_EDGE ( 'NONE', *, *, #2022, .T. ) ;
#808 = DIRECTION ( 'NONE',  ( -0.08715574274745420402, 0.000000000000000000, 0.9961946980917635308 ) ) ;
#809 = CARTESIAN_POINT ( 'NONE',  ( -23.56145394839872154, 6.228980324420346548, 3.398043870170385894 ) ) ;
#810 = B_SPLINE_CURVE_WITH_KNOTS ( 'NONE', 3,
 ( #638, #2603, #1056, #4048, #2557, #3624, #1081, #1415 ),
 .UNSPECIFIED., .F., .F.,
 ( 4, 2, 2, 4 ),
 ( 0.000000000000000000, 0.0002554680715914224749, 0.0005109361431828449499, 0.001021872286365688815 ),
 .UNSPECIFIED. ) ;
#811 = FACE_OUTER_BOUND ( 'NONE', #4225, .T. ) ;
#812 = ORIENTED_EDGE ( 'NONE', *, *, #1249, .T. ) ;
#813 = LINE ( 'NONE', #393, #238 ) ;
#814 = EDGE_CURVE ( 'NONE', #2308, #4632, #3296, .T. ) ;
#815 = DIRECTION ( 'NONE',  ( -0.000000000000000000, -1.000000000000000000, -0.000000000000000000 ) ) ;
#816 = EDGE_CURVE ( 'NONE', #1893, #4369, #1754, .T. ) ;
#817 = ORIENTED_EDGE ( 'NONE', *, *, #1656, .F. ) ;
#818 = CARTESIAN_POINT ( 'NONE',  ( -16.73872106973924545, 6.052165718555742480, 18.49271076055510576 ) ) ;
#819 = B_SPLINE_CURVE_WITH_KNOTS ( 'NONE', 3,
 ( #1787, #2926, #1030, #80, #1971, #4883, #4196, #4854 ),
 .UNSPECIFIED., .F., .F.,
 ( 4, 2, 2, 4 ),
 ( 0.000000000000000000, 0.0004478229640557065852, 0.0006717344460835626696, 0.0008956459281114186998 ),
 .UNSPECIFIED. ) ;
#820 = CARTESIAN_POINT ( 'NONE',  ( -14.51611861348558996, 6.107366286027165359, 18.68393455802177527 ) ) ;
#821 = DIRECTION ( 'NONE',  ( -0.000000000000000000, -1.000000000000000000, -0.000000000000000000 ) ) ;
#822 = ORIENTED_EDGE ( 'NONE', *, *, #4615, .F. ) ;
#823 = EDGE_CURVE ( 'NONE', #3657, #2964, #4596, .T. ) ;
#824 = ORIENTED_EDGE ( 'NONE', *, *, #4282, .T. ) ;
#825 = LINE ( 'NONE', #3083, #3505 ) ;
#826 = VERTEX_POINT ( 'NONE', #651 ) ;
#827 = CARTESIAN_POINT ( 'NONE',  ( -19.23334952206178272, 5.764999999999999680, 24.50825169393615610 ) ) ;
#828 = ORIENTED_EDGE ( 'NONE', *, *, #3509, .T. ) ;
#829 = EDGE_CURVE ( 'NONE', #4047, #368, #3015, .T. ) ;
#830 = CARTESIAN_POINT ( 'NONE',  ( -19.44714498010766235, 6.264999999999999680, 24.44084224494637780 ) ) ;
#831 = CARTESIAN_POINT ( 'NONE',  ( 23.06044706033034686, 6.264999999999999680, 4.594200842116179295 ) ) ;
#832 = CARTESIAN_POINT ( 'NONE',  ( -31.33256639292934054, 6.264999999999998792, 6.948495401741066502 ) ) ;
#833 = EDGE_LOOP ( 'NONE', ( #4290, #3314, #552, #3625 ) ) ;
#834 = CARTESIAN_POINT ( 'NONE',  ( 0.5244024014076339446, 6.264999999999999680, -1.440783756570812146 ) ) ;
#836 = CARTESIAN_POINT ( 'NONE',  ( -30.48720104788181828, 5.764999999999999680, 6.411451255149191120 ) ) ;
#835 = AXIS2_PLACEMENT_3D ( 'NONE', #562, #3910, #2818 ) ;
#837 = DIRECTION ( 'NONE',  ( -0.3420201433256677137, 0.000000000000000000, -0.9396926207859087610 ) ) ;
#838 = EDGE_LOOP ( 'NONE', ( #2035, #1753, #885, #3947 ) ) ;
#839 = VECTOR ( 'NONE', #1421, 1000.000000000000114 ) ;
#840 = AXIS2_PLACEMENT_3D ( 'NONE', #2390, #2291, #3028 ) ;
#841 = CARTESIAN_POINT ( 'NONE',  ( 8.528809216421738171, 6.264999999999999680, -21.91233244887177989 ) ) ;
#842 = CARTESIAN_POINT ( 'NONE',  ( 30.77798550052926174, 6.264999999999999680, 5.955011093778010078 ) ) ;
#843 = AXIS2_PLACEMENT_3D ( 'NONE', #133, #2484, #2764 ) ;
#844 = VECTOR ( 'NONE', #1663, 1000.000000000000000 ) ;
#845 = ORIENTED_EDGE ( 'NONE', *, *, #3778, .T. ) ;
#846 = LINE ( 'NONE', #4177, #1150 ) ;
#847 = AXIS2_PLACEMENT_3D ( 'NONE', #3427, #339, #1130 ) ;
#848 = VERTEX_POINT ( 'NONE', #4059 ) ;
#849 = EDGE_LOOP ( 'NONE', ( #2699, #3808, #3467, #4531 ) ) ;
#850 = VECTOR ( 'NONE', #4534, 1000.000000000000000 ) ;
#851 = CARTESIAN_POINT ( 'NONE',  ( -7.081682580411170491, 5.764999999999999680, -22.43904346959336848 ) ) ;
#852 = EDGE_CURVE ( 'NONE', #2977, #3033, #1070, .T. ) ;
#853 = ORIENTED_EDGE ( 'NONE', *, *, #2277, .F. ) ;
#854 = CARTESIAN_POINT ( 'NONE',  ( 11.61707311970207712, 5.764999999999999680, 12.25785032243555506 ) ) ;
#855 = VERTEX_POINT ( 'NONE', #4385 ) ;
#856 = CARTESIAN_POINT ( 'NONE',  ( -11.72428514981518610, 5.851862816039520965, 11.03241121076153775 ) ) ;
#857 = LINE ( 'NONE', #2377, #2971 ) ;
#858 = EDGE_CURVE ( 'NONE', #3641, #4331, #977, .T. ) ;
#859 = CARTESIAN_POINT ( 'NONE',  ( 11.72428514981459635, 0.000000000000000000, 11.03241121076136544 ) ) ;
#860 = LINE ( 'NONE', #1562, #3480 ) ;
#861 = EDGE_CURVE ( 'NONE', #2365, #3132, #261, .T. ) ;
#862 = AXIS2_PLACEMENT_3D ( 'NONE', #1748, #3935, #2794 ) ;
#863 = LINE ( 'NONE', #2382, #2047 ) ;
#864 = ORIENTED_EDGE ( 'NONE', *, *, #4726, .T. ) ;
#865 = CARTESIAN_POINT ( 'NONE',  ( 4.136640442660266537, 6.219357122083182254, -15.56369436041031484 ) ) ;
#866 = DIRECTION ( 'NONE',  ( 0.000000000000000000, 0.000000000000000000, 1.000000000000000000 ) ) ;
#867 = ORIENTED_EDGE ( 'NONE', *, *, #2718, .T. ) ;
#868 = CARTESIAN_POINT ( 'NONE',  ( -21.68384748107723325, 6.265000000000003233, 23.66055998101114000 ) ) ;
#869 = CARTESIAN_POINT ( 'NONE',  ( -31.80608415963236979, 6.264999999999999680, 4.337381953036409499 ) ) ;
#870 = VERTEX_POINT ( 'NONE', #673 ) ;
#871 = VECTOR ( 'NONE', #361, 1000.000000000000114 ) ;
#872 = VERTEX_POINT ( 'NONE', #606 ) ;
#873 = CARTESIAN_POINT ( 'NONE',  ( -7.109660202335768453, 6.063945815778184922, -14.44599526331068162 ) ) ;
#874 = VERTEX_POINT ( 'NONE', #998 ) ;
#875 = CARTESIAN_POINT ( 'NONE',  ( 7.761220784714380372, 6.228709313982507823, -23.50580051877751231 ) ) ;
#876 = EDGE_LOOP ( 'NONE', ( #3827, #2593, #2602, #4578 ) ) ;
#877 = ADVANCED_FACE ( 'NONE', ( #2497 ), #309, .T. ) ;
#878 = DIRECTION ( 'NONE',  ( -0.7660444431189736836, 0.000000000000000000, -0.6427876096865444699 ) ) ;
#879 = VECTOR ( 'NONE', #449, 1000.000000000000114 ) ;
#880 = FACE_OUTER_BOUND ( 'NONE', #953, .T. ) ;
#881 = CARTESIAN_POINT ( 'NONE',  ( 0.000000000000000000, 6.264999999999999680, -24.52749999999999986 ) ) ;
#882 = EDGE_CURVE ( 'NONE', #3416, #1433, #697, .T. ) ;
#883 = CARTESIAN_POINT ( 'NONE',  ( 16.05153436766345720, 6.191524577312447875, 1.289137005593593566 ) ) ;
#884 = CARTESIAN_POINT ( 'NONE',  ( -7.437823489742119598, 6.228980324420345660, -22.61343839493579466 ) ) ;
#885 = ORIENTED_EDGE ( 'NONE', *, *, #3778, .F. ) ;
#886 = FACE_OUTER_BOUND ( 'NONE', #1173, .T. ) ;
#887 = EDGE_CURVE ( 'NONE', #925, #4183, #1276, .T. ) ;
#888 = DIRECTION ( 'NONE',  ( 0.08715574274706019975, 0.000000000000000000, -0.9961946980917978367 ) ) ;
#889 = VERTEX_POINT ( 'NONE', #627 ) ;
#890 = LINE ( 'NONE', #2409, #991 ) ;
#891 = CARTESIAN_POINT ( 'NONE',  ( -16.06543603230538864, 6.063953584472903557, 1.065738834288792569 ) ) ;
#892 = ORIENTED_EDGE ( 'NONE', *, *, #1310, .T. ) ;
#893 =( BOUNDED_CURVE ( )  B_SPLINE_CURVE ( 3, ( #247, #3922, #1763, #4348 ),
 .UNSPECIFIED., .F., .F. ) 
 B_SPLINE_CURVE_WITH_KNOTS ( ( 4, 4 ),
 ( 6.239822803045045774, 6.326547811314126690 ),
 .UNSPECIFIED. ) 
 CURVE ( )  GEOMETRIC_REPRESENTATION_ITEM ( )  RATIONAL_B_SPLINE_CURVE ( ( 1.000000000000000000, 0.9993733292820589087, 0.9993733292820589087, 1.000000000000000000 ) ) 
 REPRESENTATION_ITEM ( '' )  );
#894 = EDGE_LOOP ( 'NONE', ( #4154, #1506, #4782, #3155 ) ) ;
#895 = LINE ( 'NONE', #2814, #2749 ) ;
#896 = ORIENTED_EDGE ( 'NONE', *, *, #4297, .F. ) ;
#897 = LINE ( 'NONE', #2416, #387 ) ;
#898 = ORIENTED_EDGE ( 'NONE', *, *, #2604, .F. ) ;
#899 = CARTESIAN_POINT ( 'NONE',  ( -4.807073215166054680, 5.764999999999999680, -16.18960560050088304 ) ) ;
#900 = DIRECTION ( 'NONE',  ( -0.000000000000000000, -1.000000000000000000, -0.000000000000000000 ) ) ;
#901 = ORIENTED_EDGE ( 'NONE', *, *, #4528, .F. ) ;
#902 = DIRECTION ( 'NONE',  ( 0.000000000000000000, 0.000000000000000000, -1.000000000000000000 ) ) ;
#903 = CARTESIAN_POINT ( 'NONE',  ( 16.06141046599197963, 6.114145032862501772, 1.137440779390177736 ) ) ;
#904 = CARTESIAN_POINT ( 'NONE',  ( 15.34870919560154157, 6.265000000000000568, 19.27575106910423486 ) ) ;
#905 = CARTESIAN_POINT ( 'NONE',  ( -30.95857960530295827, 6.264999999999999680, 4.930811030644369097 ) ) ;
#906 = EDGE_CURVE ( 'NONE', #1878, #3648, #3319, .T. ) ;
#907 = ORIENTED_EDGE ( 'NONE', *, *, #721, .T. ) ;
#908 = VECTOR ( 'NONE', #1727, 999.9999999999998863 ) ;
#909 = DIRECTION ( 'NONE',  ( 0.000000000000000000, 0.000000000000000000, 1.000000000000000000 ) ) ;
#910 = DIRECTION ( 'NONE',  ( 0.8191520442888685638, 0.000000000000000000, -0.5735764363512223518 ) ) ;
#911 = ORIENTED_EDGE ( 'NONE', *, *, #2611, .F. ) ;
#912 = DIRECTION ( 'NONE',  ( 0.000000000000000000, 0.000000000000000000, 1.000000000000000000 ) ) ;
#913 = VECTOR ( 'NONE', #317, 1000.000000000000114 ) ;
#914 = EDGE_CURVE ( 'NONE', #1936, #3422, #2131, .T. ) ;
#915 = ORIENTED_EDGE ( 'NONE', *, *, #4206, .F. ) ;
#916 = AXIS2_PLACEMENT_3D ( 'NONE', #1346, #3126, #3193 ) ;
#917 = DIRECTION ( 'NONE',  ( -0.000000000000000000, -1.000000000000000000, 0.000000000000000000 ) ) ;
#918 = CIRCLE ( 'NONE', #4855, 23.52999999999999758 ) ;
#919 = ORIENTED_EDGE ( 'NONE', *, *, #2160, .T. ) ;
#920 = DIRECTION ( 'NONE',  ( 0.08715574274786329345, 0.000000000000000000, 0.9961946980917275596 ) ) ;
#921 = EDGE_LOOP ( 'NONE', ( #1854, #1225, #1707, #457 ) ) ;
#922 = VECTOR ( 'NONE', #2651, 1000.000000000000000 ) ;
#923 = AXIS2_PLACEMENT_3D ( 'NONE', #1170, #3131, #379 ) ;
#924 =( BOUNDED_CURVE ( )  B_SPLINE_CURVE ( 3, ( #4459, #1813, #2572, #1052 ),
 .UNSPECIFIED., .F., .T. ) 
 B_SPLINE_CURVE_WITH_KNOTS ( ( 4, 4 ),
 ( 0.000000000000000000, 1.570796326794895448 ),
 .UNSPECIFIED. ) 
 CURVE ( )  GEOMETRIC_REPRESENTATION_ITEM ( )  RATIONAL_B_SPLINE_CURVE ( ( 1.000000000000000000, 0.8047378541243652705, 0.8047378541243652705, 1.000000000000000000 ) ) 
 REPRESENTATION_ITEM ( '' )  );
#925 = VERTEX_POINT ( 'NONE', #1779 ) ;
#926 = CARTESIAN_POINT ( 'NONE',  ( 14.35869568180762634, 5.924497393407476054, 18.66696126106139531 ) ) ;
#927 =( GEOMETRIC_REPRESENTATION_CONTEXT ( 3 ) GLOBAL_UNCERTAINTY_ASSIGNED_CONTEXT ( ( #4140 ) ) GLOBAL_UNIT_ASSIGNED_CONTEXT ( ( #4564, #1287, #1662 ) ) REPRESENTATION_CONTEXT ( 'NONE', 'WORKASPACE' ) );
#928 = CARTESIAN_POINT ( 'NONE',  ( -5.979726014076907958, 6.264999999999999680, -16.42916219820119750 ) ) ;
#929 = VERTEX_POINT ( 'NONE', #2544 ) ;
#930 = CARTESIAN_POINT ( 'NONE',  ( -22.97362297149675214, 5.764999999999999680, 5.086604718622892207 ) ) ;
#931 = CARTESIAN_POINT ( 'NONE',  ( -7.594310774156573629, 0.000000000000000000, -23.84747785648472274 ) ) ;
#932 = DIRECTION ( 'NONE',  ( 0.000000000000000000, 0.000000000000000000, 1.000000000000000000 ) ) ;
#933 = DIRECTION ( 'NONE',  ( -0.9396926207859183089, 0.000000000000000000, -0.3420201433256415124 ) ) ;
#934 = VERTEX_POINT ( 'NONE', #2201 ) ;
#935 = DIRECTION ( 'NONE',  ( 0.000000000000000000, 0.000000000000000000, -1.000000000000000000 ) ) ;
#936 = DIRECTION ( 'NONE',  ( -0.8191520442885953379, 0.000000000000000000, -0.5735764363516125952 ) ) ;
#937 = DIRECTION ( 'NONE',  ( 0.7660444431189847858, 0.000000000000000000, -0.6427876096865313693 ) ) ;
#938 = ADVANCED_FACE ( 'NONE', ( #1807 ), #1430, .T. ) ;
#939 = CIRCLE ( 'NONE', #4792, 14.57731163100802796 ) ;
#940 = CARTESIAN_POINT ( 'NONE',  ( -9.268876903126006539, 6.044248922266306501, -30.70118818081452261 ) ) ;
#941 = B_SPLINE_CURVE_WITH_KNOTS ( 'NONE', 3,
 ( #4234, #484, #65, #4553, #2370, #2690, #4157, #118, #3411, #3860 ),
 .UNSPECIFIED., .F., .F.,
 ( 4, 2, 2, 2, 4 ),
 ( 0.000000000000000000, 0.0002540264268553391307, 0.0005080528537106782615, 0.0007620792805660173922, 0.001016105707421356523 ),
 .UNSPECIFIED. ) ;
#942 = TOROIDAL_SURFACE ( 'NONE', #2610, 24.52749999999999631, 0.5000000000000000000 ) ;
#943 = CARTESIAN_POINT ( 'NONE',  ( 9.204691530768977614, 6.229921559809639575, 13.21475458869008435 ) ) ;
#944 = CARTESIAN_POINT ( 'NONE',  ( 23.32786525393763810, 5.764999999999999680, 3.077596902475849383 ) ) ;
#945 = ADVANCED_FACE ( 'NONE', ( #3688 ), #1174, .T. ) ;
#946 = ORIENTED_EDGE ( 'NONE', *, *, #3259, .F. ) ;
#947 = DIRECTION ( 'NONE',  ( 0.08715574274696420709, -0.000000000000000000, 0.9961946980918062744 ) ) ;
#948 = ORIENTED_EDGE ( 'NONE', *, *, #743, .F. ) ;
#949 = ADVANCED_FACE ( 'NONE', ( #1098 ), #2299, .T. ) ;
#950 = CYLINDRICAL_SURFACE ( 'NONE', #4642, 25.02749999999999631 ) ;
#951 = CARTESIAN_POINT ( 'NONE',  ( 11.40327766165615841, 6.265000000000001457, 12.32525977142529250 ) ) ;
#952 = AXIS2_PLACEMENT_3D ( 'NONE', #1708, #1337, #585 ) ;
#953 = EDGE_LOOP ( 'NONE', ( #3885, #4024, #4261, #4524 ) ) ;
#954 = ADVANCED_FACE ( 'NONE', ( #16 ), #803, .T. ) ;
#955 = DIRECTION ( 'NONE',  ( 0.9961946980917977257, 0.000000000000000000, 0.08715574274706106017 ) ) ;
#956 = VECTOR ( 'NONE', #4376, 1000.000000000000000 ) ;
#957 = CARTESIAN_POINT ( 'NONE',  ( 16.06542898214460990, 6.063945815778225779, 1.065851284156710932 ) ) ;
#958 = CARTESIAN_POINT ( 'NONE',  ( -0.4886401628094284022, 6.264999999999999680, -0.1778504745296227707 ) ) ;
#959 = VECTOR ( 'NONE', #4090, 1000.000000000000114 ) ;
#960 = ORIENTED_EDGE ( 'NONE', *, *, #2339, .T. ) ;
#961 = CARTESIAN_POINT ( 'NONE',  ( 31.84146336746067263, 6.098366653769007328, 3.850859321112152678 ) ) ;
#962 = DIRECTION ( 'NONE',  ( -0.3420201433255952717, -0.000000000000000000, -0.9396926207859350733 ) ) ;
#963 = CARTESIAN_POINT ( 'NONE',  ( 16.42414633486759712, 6.264999999999999680, 3.931755278064975823 ) ) ;
#964 = CARTESIAN_POINT ( 'NONE',  ( -22.02151929897088678, 5.764999999999999680, 23.30417700039917506 ) ) ;
#965 = CARTESIAN_POINT ( 'NONE',  ( 16.77838861730841558, 6.264999999999999680, 1.922747461918894674 ) ) ;
#966 = ORIENTED_EDGE ( 'NONE', *, *, #4359, .T. ) ;
#967 = DIRECTION ( 'NONE',  ( 0.000000000000000000, 1.000000000000000000, 0.000000000000000000 ) ) ;
#968 = VERTEX_POINT ( 'NONE', #4160 ) ;
#969 = CARTESIAN_POINT ( 'NONE',  ( 11.23820881949115780, 0.000000000000000000, 13.39317573496640357 ) ) ;
#970 = ADVANCED_FACE ( 'NONE', ( #2247 ), #1025, .T. ) ;
#971 = ADVANCED_FACE ( 'NONE', ( #2619 ), #3814, .T. ) ;
#972 = ORIENTED_EDGE ( 'NONE', *, *, #4382, .T. ) ;
#973 = CARTESIAN_POINT ( 'NONE',  ( -30.48720104788181828, 0.000000000000000000, 6.411451255149191120 ) ) ;
#974 = FACE_OUTER_BOUND ( 'NONE', #492, .T. ) ;
#975 = VERTEX_POINT ( 'NONE', #409 ) ;
#976 = EDGE_CURVE ( 'NONE', #3663, #3104, #39, .T. ) ;
#977 = LINE ( 'NONE', #2174, #3705 ) ;
#978 = DIRECTION ( 'NONE',  ( 0.000000000000000000, 0.000000000000000000, 1.000000000000000000 ) ) ;
#979 = ORIENTED_EDGE ( 'NONE', *, *, #3866, .T. ) ;
#980 = DIRECTION ( 'NONE',  ( 0.000000000000000000, 0.000000000000000000, 1.000000000000000000 ) ) ;
#981 = DIRECTION ( 'NONE',  ( -0.8191520442892441523, 0.000000000000000000, -0.5735764363506855590 ) ) ;
#982 = CARTESIAN_POINT ( 'NONE',  ( -16.42414633486748698, 3.265000000000000124, 3.931755278065442560 ) ) ;
#983 = ADVANCED_FACE ( 'NONE', ( #4110 ), #3764, .T. ) ;
#984 = DIRECTION ( 'NONE',  ( -0.000000000000000000, -1.000000000000000000, -0.000000000000000000 ) ) ;
#985 = EDGE_LOOP ( 'NONE', ( #2638, #1171, #3241, #2733 ) ) ;
#986 = PLANE ( 'NONE',  #2085 ) ;
#987 = ORIENTED_EDGE ( 'NONE', *, *, #2248, .T. ) ;
#988 = CYLINDRICAL_SURFACE ( 'NONE', #2271, 0.4999999999999994449 ) ;
#989 = DIRECTION ( 'NONE',  ( 1.776356839400250465E-15, 0.000000000000000000, -1.000000000000000000 ) ) ;
#990 = EDGE_CURVE ( 'NONE', #3428, #4497, #354, .T. ) ;
#991 = VECTOR ( 'NONE', #3898, 1000.000000000000114 ) ;
#992 = VECTOR ( 'NONE', #1796, 999.9999999999998863 ) ;
#993 = EDGE_LOOP ( 'NONE', ( #4281, #1178, #1639, #1887 ) ) ;
#994 = EDGE_CURVE ( 'NONE', #3489, #1301, #2225, .T. ) ;
#995 = CARTESIAN_POINT ( 'NONE',  ( 0.000000000000000000, 6.264999999999999680, 0.000000000000000000 ) ) ;
#996 = VECTOR ( 'NONE', #4016, 1000.000000000000227 ) ;
#997 = ORIENTED_EDGE ( 'NONE', *, *, #1300, .T. ) ;
#998 = CARTESIAN_POINT ( 'NONE',  ( 10.30423900446900909, 6.264999999999999680, 13.08909024249325981 ) ) ;
#999 = ADVANCED_FACE ( 'NONE', ( #1202 ), #465, .F. ) ;
#1000 = CARTESIAN_POINT ( 'NONE',  ( 0.000000000000000000, 0.000000000000000000, 0.000000000000000000 ) ) ;
#1001 = CIRCLE ( 'NONE', #4398, 14.64608244481071431 ) ;
#1002 = ORIENTED_EDGE ( 'NONE', *, *, #829, .F. ) ;
#1003 = DIRECTION ( 'NONE',  ( 0.6427876096865573485, -0.000000000000000000, 0.7660444431189629144 ) ) ;
#1004 = CARTESIAN_POINT ( 'NONE',  ( -4.295614376561147196, 6.264999999999997016, -15.52288081197439595 ) ) ;
#1005 = CYLINDRICAL_SURFACE ( 'NONE', #3603, 0.5000000000000000000 ) ;
#1006 = EDGE_CURVE ( 'NONE', #2354, #2745, #4824, .T. ) ;
#1007 = EDGE_CURVE ( 'NONE', #3365, #1949, #756, .T. ) ;
#1008 = CARTESIAN_POINT ( 'NONE',  ( 0.000000000000000000, 6.264999999999999680, 0.000000000000000000 ) ) ;
#1009 = ORIENTED_EDGE ( 'NONE', *, *, #1741, .T. ) ;
#1010 = DIRECTION ( 'NONE',  ( 0.9961946980916877026, 0.000000000000000000, 0.08715574274831970614 ) ) ;
#1011 = DIRECTION ( 'NONE',  ( -0.8191520442892442633, 0.000000000000000000, -0.5735764363506854480 ) ) ;
#1012 = CARTESIAN_POINT ( 'NONE',  ( 30.48720104788194973, 6.057893218813449998, 6.411451255148617356 ) ) ;
#1013 = ORIENTED_EDGE ( 'NONE', *, *, #1431, .T. ) ;
#1014 = CARTESIAN_POINT ( 'NONE',  ( -8.828903344063828484, 5.764999999999999680, 13.46192501608416947 ) ) ;
#1015 = FACE_OUTER_BOUND ( 'NONE', #833, .T. ) ;
#1016 = DIRECTION ( 'NONE',  ( 0.000000000000000000, 0.000000000000000000, -1.000000000000000000 ) ) ;
#1017 = ORIENTED_EDGE ( 'NONE', *, *, #2000, .F. ) ;
#1018 = CARTESIAN_POINT ( 'NONE',  ( -8.875653739674497444, 6.264999999999999680, -22.86527994456664814 ) ) ;
#1019 = B_SPLINE_CURVE_WITH_KNOTS ( 'NONE', 3,
 ( #25, #2760, #1540, #865, #2333, #500, #3377, #448, #1973, #3457 ),
 .UNSPECIFIED., .F., .F.,
 ( 4, 2, 2, 2, 4 ),
 ( 0.000000000000000000, 0.0002540264268552500635, 0.0005080528537105001271, 0.0007620792805657502448, 0.001016105707421000254 ),
 .UNSPECIFIED. ) ;
#1020 = ORIENTED_EDGE ( 'NONE', *, *, #1899, .T. ) ;
#1021 = CARTESIAN_POINT ( 'NONE',  ( -11.61707311970166501, 5.764999999999999680, 12.25785032243587658 ) ) ;
#1022 = CARTESIAN_POINT ( 'NONE',  ( -16.42414633486748698, 5.764999999999999680, 3.931755278065442560 ) ) ;
#1023 = ORIENTED_EDGE ( 'NONE', *, *, #499, .F. ) ;
#1024 = EDGE_CURVE ( 'NONE', #368, #55, #4845, .T. ) ;
#1025 = TOROIDAL_SURFACE ( 'NONE', #563, 24.52749999999998920, 0.5000000000000000000 ) ;
#1026 = DIRECTION ( 'NONE',  ( 0.6427876096865468014, 0.000000000000000000, -0.7660444431189717962 ) ) ;
#1027 = CARTESIAN_POINT ( 'NONE',  ( 14.32920972712218166, 0.000000000000000000, 18.66372547473164900 ) ) ;
#1028 = CARTESIAN_POINT ( 'NONE',  ( 22.02151929896933780, 6.264999999999999680, 23.30417700039739159 ) ) ;
#1029 = VECTOR ( 'NONE', #3191, 1000.000000000000000 ) ;
#1030 = CARTESIAN_POINT ( 'NONE',  ( 19.41145675952308736, 6.226413309392067497, 25.54723629813832630 ) ) ;
#1031 = VERTEX_POINT ( 'NONE', #1503 ) ;
#1032 = EDGE_CURVE ( 'NONE', #1324, #757, #3600, .T. ) ;
#1033 = DIRECTION ( 'NONE',  ( -0.08715574274831970614, 0.000000000000000000, 0.9961946980916877026 ) ) ;
#1034 = LINE ( 'NONE', #3650, #84 ) ;
#1035 = CIRCLE ( 'NONE', #4354, 24.02999999999999403 ) ;
#1036 = DIRECTION ( 'NONE',  ( 0.000000000000000000, 0.000000000000000000, 1.000000000000000000 ) ) ;
#1037 = VERTEX_POINT ( 'NONE', #4131 ) ;
#1038 = LINE ( 'NONE', #1465, #992 ) ;
#1039 = CARTESIAN_POINT ( 'NONE',  ( -16.85536625282397338, 0.000000000000000000, 18.50060498289616362 ) ) ;
#1040 = PLANE ( 'NONE',  #3439 ) ;
#1041 = VERTEX_POINT ( 'NONE', #1700 ) ;
#1042 = FACE_OUTER_BOUND ( 'NONE', #128, .T. ) ;
#1043 = EDGE_LOOP ( 'NONE', ( #2531, #2716, #2816, #3388 ) ) ;
#1044 = EDGE_CURVE ( 'NONE', #776, #3593, #244, .T. ) ;
#1045 = EDGE_CURVE ( 'NONE', #92, #2827, #3578, .T. ) ;
#1046 = DIRECTION ( 'NONE',  ( -0.9063077870364197874, 0.000000000000000000, 0.4226182617411931020 ) ) ;
#1047 =( BOUNDED_CURVE ( )  B_SPLINE_CURVE ( 3, ( #779, #1209, #2730, #836 ),
 .UNSPECIFIED., .F., .T. ) 
 B_SPLINE_CURVE_WITH_KNOTS ( ( 4, 4 ),
 ( 1.570796326794892561, 3.141592653589793116 ),
 .UNSPECIFIED. ) 
 CURVE ( )  GEOMETRIC_REPRESENTATION_ITEM ( )  RATIONAL_B_SPLINE_CURVE ( ( 1.000000000000000000, 0.8047378541243640493, 0.8047378541243640493, 1.000000000000000000 ) ) 
 REPRESENTATION_ITEM ( '' )  );
#1048 = DIRECTION ( 'NONE',  ( 0.000000000000000000, 0.000000000000000000, -1.000000000000000000 ) ) ;
#1049 = ORIENTED_EDGE ( 'NONE', *, *, #336, .T. ) ;
#1050 = LINE ( 'NONE', #3325, #3090 ) ;
#1051 = CARTESIAN_POINT ( 'NONE',  ( -3.908739340735260637, 6.113831634978352803, -15.61999512261469469 ) ) ;
#1052 = CARTESIAN_POINT ( 'NONE',  ( 5.206084834573428743, 6.264999999999999680, -15.82397881484279267 ) ) ;
#1053 = EDGE_CURVE ( 'NONE', #2772, #4418, #632, .T. ) ;
#1054 = DIRECTION ( 'NONE',  ( 0.000000000000000000, 1.000000000000000000, 0.000000000000000000 ) ) ;
#1055 = VERTEX_POINT ( 'NONE', #3196 ) ;
#1056 = CARTESIAN_POINT ( 'NONE',  ( 15.42807299760227835, 5.933231137178868408, 4.600667168400794260 ) ) ;
#1057 = CARTESIAN_POINT ( 'NONE',  ( -30.84144333032262608, 0.000000000000000000, 4.402443439002778014 ) ) ;
#1058 = CARTESIAN_POINT ( 'NONE',  ( 19.84842270412905663, 4.241147254709639824, -12.63728674036500088 ) ) ;
#1059 = CARTESIAN_POINT ( 'NONE',  ( -15.36408642680026126, 6.264999999999999680, 19.11918158603583606 ) ) ;
#1060 = ADVANCED_FACE ( 'NONE', ( #4027 ), #1277, .T. ) ;
#1061 = DIRECTION ( 'NONE',  ( -0.000000000000000000, -1.000000000000000000, -0.000000000000000000 ) ) ;
#1062 = CARTESIAN_POINT ( 'NONE',  ( -19.12613749183868350, 5.764999999999999680, 25.73369080688125976 ) ) ;
#1063 = ORIENTED_EDGE ( 'NONE', *, *, #3212, .T. ) ;
#1064 = ORIENTED_EDGE ( 'NONE', *, *, #3940, .T. ) ;
#1065 = ADVANCED_FACE ( 'NONE', ( #2487 ), #4743, .F. ) ;
#1066 = CARTESIAN_POINT ( 'NONE',  ( 12.50178425574276631, 5.764999999999999680, 17.85439826558163645 ) ) ;
#1067 = ORIENTED_EDGE ( 'NONE', *, *, #3359, .F. ) ;
#1068 = TOROIDAL_SURFACE ( 'NONE', #2351, 24.52749999999999275, 0.5000000000000000000 ) ;
#1069 = AXIS2_PLACEMENT_3D ( 'NONE', #3729, #3755, #1468 ) ;
#1070 = LINE ( 'NONE', #2890, #4734 ) ;
#1071 = AXIS2_PLACEMENT_3D ( 'NONE', #1458, #1740, #2180 ) ;
#1072 = VECTOR ( 'NONE', #453, 1000.000000000000000 ) ;
#1073 = DIRECTION ( 'NONE',  ( 0.4226182617402906017, 0.000000000000000000, 0.9063077870368406730 ) ) ;
#1074 = EDGE_LOOP ( 'NONE', ( #4724, #807, #4263, #3942 ) ) ;
#1075 = PRESENTATION_LAYER_ASSIGNMENT (  '', '', ( #4001 ) ) ;
#1076 = PLANE ( 'NONE',  #1103 ) ;
#1077 = DIRECTION ( 'NONE',  ( 0.3420201433256673806, 0.000000000000000000, -0.9396926207859089830 ) ) ;
#1078 = VECTOR ( 'NONE', #4881, 1000.000000000000114 ) ;
#1079 = CARTESIAN_POINT ( 'NONE',  ( -19.84842270413053456, 0.000000000000000000, -12.63728674036303268 ) ) ;
#1080 = EDGE_LOOP ( 'NONE', ( #4034, #1250, #2656, #2901 ) ) ;
#1081 = CARTESIAN_POINT ( 'NONE',  ( 15.59101631136855559, 6.264999999999997016, 4.041329231023643942 ) ) ;
#1082 = DIRECTION ( 'NONE',  ( 0.000000000000000000, 0.000000000000000000, -1.000000000000000000 ) ) ;
#1083 = EDGE_CURVE ( 'NONE', #99, #700, #2747, .T. ) ;
#1084 = CARTESIAN_POINT ( 'NONE',  ( 12.14675912257062862, 6.264999999999999680, -29.71356785366922892 ) ) ;
#1085 = VERTEX_POINT ( 'NONE', #2443 ) ;
#1086 = CYLINDRICAL_SURFACE ( 'NONE', #4778, 0.5000000000000000000 ) ;
#1087 = ADVANCED_FACE ( 'NONE', ( #1326 ), #596, .T. ) ;
#1088 = CARTESIAN_POINT ( 'NONE',  ( -21.14644285628553888, 3.265000000000000124, -13.38669902462328487 ) ) ;
#1089 = DIRECTION ( 'NONE',  ( 0.4999999999999928946, -0.000000000000000000, 0.8660254037844428154 ) ) ;
#1090 = ORIENTED_EDGE ( 'NONE', *, *, #3563, .T. ) ;
#1091 = EDGE_CURVE ( 'NONE', #925, #469, #1768, .T. ) ;
#1092 = ORIENTED_EDGE ( 'NONE', *, *, #3471, .F. ) ;
#1093 = AXIS2_PLACEMENT_3D ( 'NONE', #2372, #1142, #2666 ) ;
#1094 = CARTESIAN_POINT ( 'NONE',  ( -0.3983431104218729812, 5.764999999999999680, -0.3342495570370107028 ) ) ;
#1095 = ORIENTED_EDGE ( 'NONE', *, *, #790, .T. ) ;
#1096 = ADVANCED_FACE ( 'NONE', ( #555 ), #4400, .T. ) ;
#1097 = AXIS2_PLACEMENT_3D ( 'NONE', #1132, #1, #3429 ) ;
#1098 = FACE_OUTER_BOUND ( 'NONE', #1524, .T. ) ;
#1099 = CARTESIAN_POINT ( 'NONE',  ( 20.86842270412794065, 0.000000000000000000, -10.87059491664726352 ) ) ;
#1100 = ORIENTED_EDGE ( 'NONE', *, *, #4863, .T. ) ;
#1101 = ADVANCED_FACE ( 'NONE', ( #3605 ), #986, .T. ) ;
#1102 = PLANE ( 'NONE',  #4184 ) ;
#1103 = AXIS2_PLACEMENT_3D ( 'NONE', #4849, #611, #654 ) ;
#1104 = CARTESIAN_POINT ( 'NONE',  ( -15.63352333970059682, 6.264999999999999680, 3.874968164782183866 ) ) ;
#1105 = B_SPLINE_CURVE_WITH_KNOTS ( 'NONE', 3,
 ( #2112, #543, #2873, #3567, #2455, #1289, #4714, #175 ),
 .UNSPECIFIED., .F., .F.,
 ( 4, 2, 2, 4 ),
 ( -4.472650285587473617E-06, 0.0004674945079885393560, 0.0007034780871256017662, 0.0009394616662626643390 ),
 .UNSPECIFIED. ) ;
#1106 = DIRECTION ( 'NONE',  ( 0.3420201433256716550, 0.000000000000000000, -0.9396926207859073177 ) ) ;
#1107 = AXIS2_PLACEMENT_3D ( 'NONE', #2846, #4245, #3161 ) ;
#1108 = ORIENTED_EDGE ( 'NONE', *, *, #4447, .F. ) ;
#1109 = CARTESIAN_POINT ( 'NONE',  ( 20.79608018602494823, 5.764999999999999680, 23.19696497017266879 ) ) ;
#1110 = FACE_OUTER_BOUND ( 'NONE', #217, .T. ) ;
#1111 = CIRCLE ( 'NONE', #4584, 14.57731163100814342 ) ;
#1112 = ORIENTED_EDGE ( 'NONE', *, *, #4237, .F. ) ;
#1113 = CARTESIAN_POINT ( 'NONE',  ( 0.09029705238694780978, 6.264999999999999680, 0.5121000315671744296 ) ) ;
#1114 = B_SPLINE_CURVE_WITH_KNOTS ( 'NONE', 3,
 ( #3502, #204, #1671, #4720, #940, #159, #2439, #3575 ),
 .UNSPECIFIED., .F., .F.,
 ( 4, 2, 2, 4 ),
 ( 0.000000000000000000, 0.0004478229640554740780, 0.0006717344460832120386, 0.0008956459281109501076 ),
 .UNSPECIFIED. ) ;
#1115 = PLANE ( 'NONE',  #3828 ) ;
#1116 = VECTOR ( 'NONE', #4167, 1000.000000000000000 ) ;
#1117 = CARTESIAN_POINT ( 'NONE',  ( -9.211470339405375185, 5.764999999999999680, -19.75406189091275877 ) ) ;
#1118 = ORIENTED_EDGE ( 'NONE', *, *, #3877, .F. ) ;
#1119 = VERTEX_POINT ( 'NONE', #4332 ) ;
#1120 = CARTESIAN_POINT ( 'NONE',  ( -7.898373414055727793, 6.264999999999999680, -23.22098089362586748 ) ) ;
#1121 = EDGE_CURVE ( 'NONE', #2342, #2728, #1720, .T. ) ;
#1122 = ORIENTED_EDGE ( 'NONE', *, *, #4018, .F. ) ;
#1123 = DIRECTION ( 'NONE',  ( -0.000000000000000000, -1.000000000000000000, 0.000000000000000000 ) ) ;
#1124 = CARTESIAN_POINT ( 'NONE',  ( -12.41879045059292785, 6.226507457126714939, -29.58445293863993797 ) ) ;
#1125 = CARTESIAN_POINT ( 'NONE',  ( -6.724046161570257141, 5.764999999999999680, -15.49188450811626794 ) ) ;
#1126 = ADVANCED_FACE ( 'NONE', ( #2510 ), #3468, .F. ) ;
#1127 = ORIENTED_EDGE ( 'NONE', *, *, #1999, .F. ) ;
#1128 = LINE ( 'NONE', #1587, #4023 ) ;
#1129 = DIRECTION ( 'NONE',  ( -0.000000000000000000, -1.000000000000000000, -0.000000000000000000 ) ) ;
#1130 = DIRECTION ( 'NONE',  ( 0.000000000000000000, 0.000000000000000000, -1.000000000000000000 ) ) ;
#1131 = ORIENTED_EDGE ( 'NONE', *, *, #1649, .T. ) ;
#1132 = CARTESIAN_POINT ( 'NONE',  ( 0.000000000000000000, 3.265000000000000124, 25.00670622553059985 ) ) ;
#1133 = CARTESIAN_POINT ( 'NONE',  ( 12.63397171969002031, 6.044248922266437063, -29.47639383210592712 ) ) ;
#1134 = ORIENTED_EDGE ( 'NONE', *, *, #2911, .T. ) ;
#1135 = CARTESIAN_POINT ( 'NONE',  ( -16.67821658762346360, 6.105063043677879442, 18.48855175200567658 ) ) ;
#1136 = FACE_OUTER_BOUND ( 'NONE', #2763, .T. ) ;
#1137 = DIRECTION ( 'NONE',  ( -0.000000000000000000, -1.000000000000000000, -0.000000000000000000 ) ) ;
#1138 = VERTEX_POINT ( 'NONE', #4609 ) ;
#1139 = EDGE_LOOP ( 'NONE', ( #2265, #1533, #2341, #3266 ) ) ;
#1140 = DIRECTION ( 'NONE',  ( 0.000000000000000000, 0.000000000000000000, 1.000000000000000000 ) ) ;
#1141 = ORIENTED_EDGE ( 'NONE', *, *, #1679, .F. ) ;
#1142 = DIRECTION ( 'NONE',  ( -0.000000000000000000, -1.000000000000000000, 0.000000000000000000 ) ) ;
#1143 = AXIS2_PLACEMENT_3D ( 'NONE', #3110, #4357, #920 ) ;
#1144 = CARTESIAN_POINT ( 'NONE',  ( -22.97362297149675214, 5.764999999999999680, 5.086604718622892207 ) ) ;
#1145 = DIRECTION ( 'NONE',  ( 0.9396926207859181979, -0.000000000000000000, 0.3420201433256418455 ) ) ;
#1146 = EDGE_CURVE ( 'NONE', #2444, #3613, #1226, .T. ) ;
#1147 = DIRECTION ( 'NONE',  ( -0.000000000000000000, -1.000000000000000000, -0.000000000000000000 ) ) ;
#1148 = FACE_OUTER_BOUND ( 'NONE', #716, .T. ) ;
#1149 = ORIENTED_EDGE ( 'NONE', *, *, #403, .T. ) ;
#1150 = VECTOR ( 'NONE', #424, 1000.000000000000227 ) ;
#1151 = VECTOR ( 'NONE', #2856, 1000.000000000000114 ) ;
#1152 = LINE ( 'NONE', #3845, #2697 ) ;
#1153 = EDGE_CURVE ( 'NONE', #1963, #2371, #3957, .T. ) ;
#1154 = LINE ( 'NONE', #2675, #1116 ) ;
#1155 = CIRCLE ( 'NONE', #3759, 23.52999999999999403 ) ;
#1156 = CYLINDRICAL_SURFACE ( 'NONE', #142, 0.5000000000000003331 ) ;
#1157 = AXIS2_PLACEMENT_3D ( 'NONE', #1822, #1447, #1544 ) ;
#1158 = ORIENTED_EDGE ( 'NONE', *, *, #2499, .T. ) ;
#1159 = CARTESIAN_POINT ( 'NONE',  ( -14.32920972712166652, 0.000000000000000000, 18.66372547473203625 ) ) ;
#1160 = EDGE_CURVE ( 'NONE', #870, #2284, #2229, .T. ) ;
#1161 = AXIS2_PLACEMENT_3D ( 'NONE', #3984, #3309, #4468 ) ;
#1162 = CARTESIAN_POINT ( 'NONE',  ( 31.84909871781022872, 5.764999999999999680, 3.696875540764982038 ) ) ;
#1163 = LINE ( 'NONE', #2682, #64 ) ;
#1164 = ORIENTED_EDGE ( 'NONE', *, *, #4106, .T. ) ;
#1165 = DIRECTION ( 'NONE',  ( 0.1736481776669289434, 0.000000000000000000, 0.9848077530122084644 ) ) ;
#1166 = CARTESIAN_POINT ( 'NONE',  ( -15.04422621064400367, 6.264999999999999680, 18.73798702430364926 ) ) ;
#1167 = CARTESIAN_POINT ( 'NONE',  ( -24.05914606170093606, 6.264999999999999680, 4.770298421665045474 ) ) ;
#1168 = EDGE_LOOP ( 'NONE', ( #3506, #4790, #4571, #1517 ) ) ;
#1169 = ORIENTED_EDGE ( 'NONE', *, *, #1121, .T. ) ;
#1170 = CARTESIAN_POINT ( 'NONE',  ( 0.000000000000000000, 0.000000000000000000, 0.000000000000000000 ) ) ;
#1171 = ORIENTED_EDGE ( 'NONE', *, *, #1986, .T. ) ;
#1172 = CARTESIAN_POINT ( 'NONE',  ( 7.830373626330191072, 6.264999999999999680, -23.36284875868725308 ) ) ;
#1173 = EDGE_LOOP ( 'NONE', ( #1703, #1095, #864, #2678 ) ) ;
#1174 = PLANE ( 'NONE',  #1190 ) ;
#1175 = CIRCLE ( 'NONE', #4255, 14.64608244481090615 ) ;
#1176 = LINE ( 'NONE', #831, #2594 ) ;
#1177 = PLANE ( 'NONE',  #674 ) ;
#1178 = ORIENTED_EDGE ( 'NONE', *, *, #644, .T. ) ;
#1179 = AXIS2_PLACEMENT_3D ( 'NONE', #2680, #3101, #3773 ) ;
#1180 = CARTESIAN_POINT ( 'NONE',  ( 19.23334952206225523, 5.764999999999999680, 24.50825169393582570 ) ) ;
#1181 = CARTESIAN_POINT ( 'NONE',  ( -23.65640875793763698, 6.264999999999998792, 3.529505531804266738 ) ) ;
#1182 = CARTESIAN_POINT ( 'NONE',  ( -16.77838861730829123, 3.265000000000000124, 1.922747461919029899 ) ) ;
#1183 = EDGE_CURVE ( 'NONE', #4513, #2977, #4272, .T. ) ;
#1184 = ORIENTED_EDGE ( 'NONE', *, *, #2054, .F. ) ;
#1185 = VECTOR ( 'NONE', #245, 1000.000000000000000 ) ;
#1186 = DIRECTION ( 'NONE',  ( -0.000000000000000000, -1.000000000000000000, -0.000000000000000000 ) ) ;
#1187 = CARTESIAN_POINT ( 'NONE',  ( -11.61707311970166501, 0.000000000000000000, 12.25785032243587658 ) ) ;
#1188 = ORIENTED_EDGE ( 'NONE', *, *, #647, .F. ) ;
#1189 = FACE_OUTER_BOUND ( 'NONE', #4401, .T. ) ;
#1190 = AXIS2_PLACEMENT_3D ( 'NONE', #4873, #4526, #4481 ) ;
#1191 = CARTESIAN_POINT ( 'NONE',  ( -14.88484583230896341, 6.265000000000001457, 18.72229818078071162 ) ) ;
#1192 = EDGE_CURVE ( 'NONE', #889, #4070, #4467, .T. ) ;
#1193 = CARTESIAN_POINT ( 'NONE',  ( 0.000000000000000000, 3.265000000000000124, 0.000000000000000000 ) ) ;
#1194 = ORIENTED_EDGE ( 'NONE', *, *, #4731, .T. ) ;
#1195 = VECTOR ( 'NONE', #3378, 1000.000000000000000 ) ;
#1196 = VERTEX_POINT ( 'NONE', #4785 ) ;
#1197 = DIRECTION ( 'NONE',  ( 0.5735764363506903329, 0.000000000000000000, -0.8191520442892409326 ) ) ;
#1198 = AXIS2_PLACEMENT_3D ( 'NONE', #4442, #2654, #4859 ) ;
#1199 = EDGE_LOOP ( 'NONE', ( #1599, #2042, #233, #4676 ) ) ;
#1200 = LINE ( 'NONE', #3112, #548 ) ;
#1201 = ORIENTED_EDGE ( 'NONE', *, *, #976, .T. ) ;
#1202 = FACE_OUTER_BOUND ( 'NONE', #2208, .T. ) ;
#1203 = CIRCLE ( 'NONE', #17, 24.02999999999999758 ) ;
#1204 = DIRECTION ( 'NONE',  ( -0.000000000000000000, -1.000000000000000000, 0.000000000000000000 ) ) ;
#1205 = DIRECTION ( 'NONE',  ( 0.8660254037844363761, 0.000000000000000000, 0.5000000000000038858 ) ) ;
#1206 = ORIENTED_EDGE ( 'NONE', *, *, #1032, .T. ) ;
#1207 = ORIENTED_EDGE ( 'NONE', *, *, #3943, .T. ) ;
#1208 = CARTESIAN_POINT ( 'NONE',  ( 5.979726014091932385, 0.000000000000000000, -16.42916219819833756 ) ) ;
#1209 = CARTESIAN_POINT ( 'NONE',  ( -30.60764791189551914, 6.265000000000000568, 6.222387549897714365 ) ) ;
#1210 = CARTESIAN_POINT ( 'NONE',  ( -10.05434245573797369, 5.764999999999999680, 13.56913704619718430 ) ) ;
#1211 = LINE ( 'NONE', #3455, #2591 ) ;
#1212 = VERTEX_POINT ( 'NONE', #3675 ) ;
#1213 = CYLINDRICAL_SURFACE ( 'NONE', #1425, 14.64608244481071431 ) ;
#1214 = CARTESIAN_POINT ( 'NONE',  ( -24.80391930942172607, 0.000000000000000000, 3.337865057442499950 ) ) ;
#1215 = EDGE_CURVE ( 'NONE', #2961, #3462, #1756, .T. ) ;
#1216 = ORIENTED_EDGE ( 'NONE', *, *, #3414, .T. ) ;
#1217 = CARTESIAN_POINT ( 'NONE',  ( 15.36408642680076042, 6.264999999999999680, 19.11918158603543105 ) ) ;
#1218 = CARTESIAN_POINT ( 'NONE',  ( -0.4886401628093746119, 5.764999999999999680, 0.1778504745296035083 ) ) ;
#1219 = ORIENTED_EDGE ( 'NONE', *, *, #4359, .F. ) ;
#1220 = ADVANCED_FACE ( 'NONE', ( #1110 ), #102, .T. ) ;
#1221 = EDGE_LOOP ( 'NONE', ( #1308, #445, #2023, #3003 ) ) ;
#1222 = DIRECTION ( 'NONE',  ( 0.000000000000000000, 1.000000000000000000, 0.000000000000000000 ) ) ;
#1223 = VERTEX_POINT ( 'NONE', #4050 ) ;
#1224 = DIRECTION ( 'NONE',  ( -0.000000000000000000, -1.000000000000000000, -0.000000000000000000 ) ) ;
#1225 = ORIENTED_EDGE ( 'NONE', *, *, #70, .T. ) ;
#1226 = LINE ( 'NONE', #4305, #4032 ) ;
#1227 = EDGE_CURVE ( 'NONE', #3047, #3492, #3825, .T. ) ;
#1228 = CARTESIAN_POINT ( 'NONE',  ( -12.63437458880082431, 6.043643711280893172, -29.47618772328726067 ) ) ;
#1229 = DIRECTION ( 'NONE',  ( -0.9848077530122082424, -0.000000000000000000, 0.1736481776669292765 ) ) ;
#1230 = ORIENTED_EDGE ( 'NONE', *, *, #1146, .F. ) ;
#1231 = ORIENTED_EDGE ( 'NONE', *, *, #2875, .F. ) ;
#1232 = CARTESIAN_POINT ( 'NONE',  ( -30.84144333032262608, 5.764999999999999680, 4.402443439002778014 ) ) ;
#1234 = DIRECTION ( 'NONE',  ( 0.000000000000000000, 0.000000000000000000, -1.000000000000000000 ) ) ;
#1233 = VECTOR ( 'NONE', #513, 1000.000000000000000 ) ;
#1235 = CARTESIAN_POINT ( 'NONE',  ( 6.500088757881871793, 6.264999999999997904, -15.48210631670260362 ) ) ;
#1236 = ORIENTED_EDGE ( 'NONE', *, *, #131, .F. ) ;
#1237 = VECTOR ( 'NONE', #557, 999.9999999999998863 ) ;
#1238 = VECTOR ( 'NONE', #2584, 1000.000000000000000 ) ;
#1239 = CARTESIAN_POINT ( 'NONE',  ( 6.530831529806402358, 6.264999999999999680, -14.72313383150276422 ) ) ;
#1240 = CARTESIAN_POINT ( 'NONE',  ( -3.692205798608258149, 6.264999999999999680, -15.66973438633325166 ) ) ;
#1241 = VECTOR ( 'NONE', #1384, 1000.000000000000000 ) ;
#1242 = ORIENTED_EDGE ( 'NONE', *, *, #4773, .T. ) ;
#1243 = CARTESIAN_POINT ( 'NONE',  ( -21.57685864997098335, 6.264999999999999680, 23.76718415326719480 ) ) ;
#1244 = EDGE_CURVE ( 'NONE', #1433, #975, #3024, .T. ) ;
#1245 = LINE ( 'NONE', #3107, #447 ) ;
#1246 = AXIS2_PLACEMENT_3D ( 'NONE', #1182, #783, #2306 ) ;
#1247 = EDGE_LOOP ( 'NONE', ( #434, #4307, #3395, #3058 ) ) ;
#1248 =( BOUNDED_CURVE ( )  B_SPLINE_CURVE ( 3, ( #2489, #322, #3263, #1851 ),
 .UNSPECIFIED., .F., .T. ) 
 B_SPLINE_CURVE_WITH_KNOTS ( ( 4, 4 ),
 ( 1.570796326794902997, 3.141592653589793116 ),
 .UNSPECIFIED. ) 
 CURVE ( )  GEOMETRIC_REPRESENTATION_ITEM ( )  RATIONAL_B_SPLINE_CURVE ( ( 1.000000000000000000, 0.8047378541243663808, 0.8047378541243663808, 1.000000000000000000 ) ) 
 REPRESENTATION_ITEM ( '' )  );
#1249 = EDGE_CURVE ( 'NONE', #3051, #158, #3412, .T. ) ;
#1250 = ORIENTED_EDGE ( 'NONE', *, *, #4387, .F. ) ;
#1251 = AXIS2_PLACEMENT_3D ( 'NONE', #2872, #932, #2132 ) ;
#1252 = CARTESIAN_POINT ( 'NONE',  ( -6.609112019195261922, 6.264999999999997904, -14.68773450766311228 ) ) ;
#1253 = EDGE_LOOP ( 'NONE', ( #3776, #3485, #1954, #2113 ) ) ;
#1254 = EDGE_CURVE ( 'NONE', #4576, #2536, #685, .T. ) ;
#1255 = DIRECTION ( 'NONE',  ( 0.000000000000000000, 1.000000000000000000, 0.000000000000000000 ) ) ;
#1256 = ORIENTED_EDGE ( 'NONE', *, *, #1832, .T. ) ;
#1257 = DIRECTION ( 'NONE',  ( -0.000000000000000000, -1.000000000000000000, -0.000000000000000000 ) ) ;
#1258 = CARTESIAN_POINT ( 'NONE',  ( -6.724046161570254476, 6.057893218813449998, -15.49188450811627149 ) ) ;
#1259 = ORIENTED_EDGE ( 'NONE', *, *, #1904, .F. ) ;
#1260 = EDGE_CURVE ( 'NONE', #1037, #4047, #4837, .T. ) ;
#1261 = CARTESIAN_POINT ( 'NONE',  ( -9.018935505069006098, 6.265000000000000568, -22.93024761324282679 ) ) ;
#1262 = FACE_OUTER_BOUND ( 'NONE', #3987, .T. ) ;
#1263 = CARTESIAN_POINT ( 'NONE',  ( 6.724046161570117697, 6.057893218813451774, -15.49188450811890938 ) ) ;
#1264 = VERTEX_POINT ( 'NONE', #1489 ) ;
#1265 = DIRECTION ( 'NONE',  ( 0.000000000000000000, 0.000000000000000000, -1.000000000000000000 ) ) ;
#1266 = AXIS2_PLACEMENT_3D ( 'NONE', #3220, #4722, #2857 ) ;
#1267 = CARTESIAN_POINT ( 'NONE',  ( 16.30701005988695584, 6.264999999999999680, 3.403387686423335445 ) ) ;
#1268 = VERTEX_POINT ( 'NONE', #4491 ) ;
#1269 = DIRECTION ( 'NONE',  ( -0.000000000000000000, -1.000000000000000000, -0.000000000000000000 ) ) ;
#1270 = CYLINDRICAL_SURFACE ( 'NONE', #2043, 23.52999999999999758 ) ;
#1271 = VERTEX_POINT ( 'NONE', #661 ) ;
#1272 = VECTOR ( 'NONE', #4193, 1000.000000000000000 ) ;
#1273 = ORIENTED_EDGE ( 'NONE', *, *, #4415, .F. ) ;
#1274 = CARTESIAN_POINT ( 'NONE',  ( 9.171249647149318562, 5.764999999999999680, -30.72328364303766790 ) ) ;
#1275 = ORIENTED_EDGE ( 'NONE', *, *, #1735, .T. ) ;
#1276 =( BOUNDED_CURVE ( )  B_SPLINE_CURVE ( 3, ( #330, #3989, #4367, #3342 ),
 .UNSPECIFIED., .F., .F. ) 
 B_SPLINE_CURVE_WITH_KNOTS ( ( 4, 4 ),
 ( 6.239822803045045774, 6.326547811314126690 ),
 .UNSPECIFIED. ) 
 CURVE ( )  GEOMETRIC_REPRESENTATION_ITEM ( )  RATIONAL_B_SPLINE_CURVE ( ( 1.000000000000000000, 0.9993733292820589087, 0.9993733292820589087, 1.000000000000000000 ) ) 
 REPRESENTATION_ITEM ( '' )  );
#1277 = TOROIDAL_SURFACE ( 'NONE', #1361, 24.52749999999999275, 0.5000000000000000000 ) ;
#1278 = EDGE_LOOP ( 'NONE', ( #946, #3199, #3381, #1351, #2417, #3324, #4076, #1452, #2467, #3513, #3053, #3376, #3012, #2598, #4429, #1575, #4186, #262, #4148, #2615, #4606, #676, #4380, #2945, #4383, #3767, #3529, #2717 ) ) ;
#1279 = DIRECTION ( 'NONE',  ( -0.000000000000000000, -1.000000000000000000, -0.000000000000000000 ) ) ;
#1280 = EDGE_CURVE ( 'NONE', #2087, #1878, #3952, .T. ) ;
#1281 = AXIS2_PLACEMENT_3D ( 'NONE', #3, #2186, #2955 ) ;
#1282 = CARTESIAN_POINT ( 'NONE',  ( -24.44967702698092893, 5.764999999999999680, 5.346872873588896624 ) ) ;
#1283 = ORIENTED_EDGE ( 'NONE', *, *, #3925, .T. ) ;
#1284 = B_SPLINE_CURVE_WITH_KNOTS ( 'NONE', 3,
 ( #4139, #2553, #752, #1786, #3279, #1412, #656, #3302 ),
 .UNSPECIFIED., .F., .F.,
 ( 4, 2, 2, 4 ),
 ( -4.472670360132017308E-06, 0.0004765361799138321023, 0.0007170406050508148490, 0.0009575450301877975415 ),
 .UNSPECIFIED. ) ;
#1285 = CARTESIAN_POINT ( 'NONE',  ( -31.37141457813785195, 6.264999999999999680, 6.802515648107203994 ) ) ;
#1286 = CARTESIAN_POINT ( 'NONE',  ( 21.14644285628196485, 0.000000000000000000, -13.38669902462893191 ) ) ;
#1287 =( NAMED_UNIT ( * ) PLANE_ANGLE_UNIT ( ) SI_UNIT ( $, .RADIAN. ) );
#1288 = ADVANCED_FACE ( 'NONE', ( #1514 ), #3308, .T. ) ;
#1289 = CARTESIAN_POINT ( 'NONE',  ( 24.43447562070664603, 5.921872957827535089, 5.324177082352417045 ) ) ;
#1290 = CARTESIAN_POINT ( 'NONE',  ( 6.183365160192088261, 6.264999999999999680, -15.46827786578618458 ) ) ;
#1291 = EDGE_LOOP ( 'NONE', ( #1665, #1872, #1976, #498 ) ) ;
#1292 = FACE_OUTER_BOUND ( 'NONE', #2079, .T. ) ;
#1293 = CARTESIAN_POINT ( 'NONE',  ( 6.724046161570117697, 0.000000000000000000, -15.49188450811890938 ) ) ;
#1294 = B_SPLINE_CURVE_WITH_KNOTS ( 'NONE', 3,
 ( #2597, #1454, #357, #310, #1886, #1834, #4087, #652 ),
 .UNSPECIFIED., .F., .F.,
 ( 4, 2, 2, 4 ),
 ( 8.673617379884035472E-19, 0.0002243944063326196712, 0.0004487888126652384750, 0.0008975776253304820458 ),
 .UNSPECIFIED. ) ;
#1295 = CARTESIAN_POINT ( 'NONE',  ( 11.60809380826084514, 0.000000000000000000, -28.91069513294267423 ) ) ;
#1296 = ORIENTED_EDGE ( 'NONE', *, *, #2589, .T. ) ;
#1297 = FACE_BOUND ( 'NONE', #194, .T. ) ;
#1298 = CARTESIAN_POINT ( 'NONE',  ( 4.807073215165557301, 5.764999999999999680, -16.18960560050119213 ) ) ;
#1299 = ORIENTED_EDGE ( 'NONE', *, *, #336, .F. ) ;
#1300 = EDGE_CURVE ( 'NONE', #770, #4647, #1836, .T. ) ;
#1301 = VERTEX_POINT ( 'NONE', #3333 ) ;
#1302 = PLANE ( 'NONE',  #1789 ) ;
#1303 = EDGE_LOOP ( 'NONE', ( #1857, #4682, #4063, #4650 ) ) ;
#1304 = CARTESIAN_POINT ( 'NONE',  ( 8.998655526814697936, 5.764999999999999680, -21.74132237720895944 ) ) ;
#1305 = EDGE_LOOP ( 'NONE', ( #104, #3604, #3510, #1855 ) ) ;
#1306 = CARTESIAN_POINT ( 'NONE',  ( -11.17258253940795854, 6.264999999999999680, 11.60154428044696218 ) ) ;
#1307 = CARTESIAN_POINT ( 'NONE',  ( 21.57685864997011649, 6.264999999999999680, 23.76718415326528344 ) ) ;
#1308 = ORIENTED_EDGE ( 'NONE', *, *, #332, .F. ) ;
#1309 = EDGE_CURVE ( 'NONE', #4207, #3422, #1111, .T. ) ;
#1310 = EDGE_CURVE ( 'NONE', #2488, #4408, #1917, .T. ) ;
#1311 = CARTESIAN_POINT ( 'NONE',  ( -9.486293032893891919, 5.921872957827536865, -23.13872738413293462 ) ) ;
#1312 = DIRECTION ( 'NONE',  ( -0.000000000000000000, -1.000000000000000000, 0.000000000000000000 ) ) ;
#1313 = APPLICATION_PROTOCOL_DEFINITION ( 'draft international standard', 'automotive_design', 1998, #3361 ) ;
#1314 = DIRECTION ( 'NONE',  ( 0.3420201433256418455, 0.000000000000000000, -0.9396926207859183089 ) ) ;
#1315 = ORIENTED_EDGE ( 'NONE', *, *, #3013, .T. ) ;
#1316 = ADVANCED_FACE ( 'NONE', ( #2762 ), #4501, .T. ) ;
#1317 = CIRCLE ( 'NONE', #2576, 25.02749999999998920 ) ;
#1318 = CARTESIAN_POINT ( 'NONE',  ( 31.84812177703504688, 5.915060844301233800, 3.719252666620627146 ) ) ;
#1319 = DIRECTION ( 'NONE',  ( -0.1736481776669283328, 0.000000000000000000, -0.9848077530122084644 ) ) ;
#1320 = LINE ( 'NONE', #2071, #1806 ) ;
#1321 = DIRECTION ( 'NONE',  ( 0.000000000000000000, 0.000000000000000000, -1.000000000000000000 ) ) ;
#1322 = EDGE_CURVE ( 'NONE', #1644, #170, #3396, .T. ) ;
#1323 = CARTESIAN_POINT ( 'NONE',  ( 8.705459673506920737, 6.264999999999999680, -22.39767559084970117 ) ) ;
#1324 = VERTEX_POINT ( 'NONE', #842 ) ;
#1325 = AXIS2_PLACEMENT_3D ( 'NONE', #57, #4573, #4864 ) ;
#1326 = FACE_OUTER_BOUND ( 'NONE', #3806, .T. ) ;
#1327 = AXIS2_PLACEMENT_3D ( 'NONE', #4149, #3404, #398 ) ;
#1328 = VERTEX_POINT ( 'NONE', #1162 ) ;
#1329 = DIRECTION ( 'NONE',  ( 0.000000000000000000, 1.000000000000000000, 0.000000000000000000 ) ) ;
#1330 = VERTEX_POINT ( 'NONE', #1214 ) ;
#1331 = AXIS2_PLACEMENT_3D ( 'NONE', #1008, #2530, #266 ) ;
#1332 = ORIENTED_EDGE ( 'NONE', *, *, #3557, .F. ) ;
#1333 = CARTESIAN_POINT ( 'NONE',  ( 0.3983431104226154984, 6.264999999999999680, 0.3342495570376318170 ) ) ;
#1334 = VECTOR ( 'NONE', #635, 1000.000000000000000 ) ;
#1335 = CARTESIAN_POINT ( 'NONE',  ( 11.61707311970207890, 6.057893218813452663, 12.25785032243556039 ) ) ;
#1336 = VERTEX_POINT ( 'NONE', #1570 ) ;
#1337 = DIRECTION ( 'NONE',  ( -0.9848077530122081313, 0.000000000000000000, -0.1736481776669306920 ) ) ;
#1338 = CARTESIAN_POINT ( 'NONE',  ( -1.019999999997242446, 3.265000000000000124, 23.50788165701039034 ) ) ;
#1339 = CARTESIAN_POINT ( 'NONE',  ( 9.691120861856093782, 0.000000000000000000, -29.60841622532396400 ) ) ;
#1340 = EDGE_CURVE ( 'NONE', #3613, #1893, #4252, .T. ) ;
#1341 = ORIENTED_EDGE ( 'NONE', *, *, #3568, .T. ) ;
#1342 = LINE ( 'NONE', #129, #785 ) ;
#1343 = CARTESIAN_POINT ( 'NONE',  ( -15.59064073780064419, 6.255860970744404170, 4.039732525605961300 ) ) ;
#1344 = ADVANCED_FACE ( 'NONE', ( #1541 ), #3102, .F. ) ;
#1345 = EDGE_CURVE ( 'NONE', #3428, #2613, #3853, .T. ) ;
#1346 = CARTESIAN_POINT ( 'NONE',  ( 0.000000000000000000, 0.000000000000000000, 0.000000000000000000 ) ) ;
#1347 = VECTOR ( 'NONE', #3044, 1000.000000000000114 ) ;
#1348 = CARTESIAN_POINT ( 'NONE',  ( 31.84909871781022872, 0.000000000000000000, 3.696875540764980705 ) ) ;
#1349 = EDGE_LOOP ( 'NONE', ( #2369, #1469, #1551, #4847 ) ) ;
#1350 = CARTESIAN_POINT ( 'NONE',  ( 30.48720104788194618, 5.764999999999999680, 6.411451255148618245 ) ) ;
#1351 = ORIENTED_EDGE ( 'NONE', *, *, #1962, .F. ) ;
#1352 = EDGE_CURVE ( 'NONE', #4686, #3905, #4738, .T. ) ;
#1353 = CARTESIAN_POINT ( 'NONE',  ( 9.348938016558022923, 6.105064749884391517, -23.07784082556187499 ) ) ;
#1354 = CARTESIAN_POINT ( 'NONE',  ( 7.606365202788586188, 5.921872957827535089, -23.82296515685992233 ) ) ;
#1355 = ORIENTED_EDGE ( 'NONE', *, *, #1692, .T. ) ;
#1356 = FACE_OUTER_BOUND ( 'NONE', #617, .T. ) ;
#1357 = DIRECTION ( 'NONE',  ( 0.6427876096865391409, 0.000000000000000000, -0.7660444431189782355 ) ) ;
#1358 = VECTOR ( 'NONE', #2109, 1000.000000000000114 ) ;
#1359 = EDGE_LOOP ( 'NONE', ( #2288, #1795, #485, #1201 ) ) ;
#1360 = DIRECTION ( 'NONE',  ( -0.9848077530122080203, -0.000000000000000000, 0.1736481776669309696 ) ) ;
#1361 = AXIS2_PLACEMENT_3D ( 'NONE', #4355, #917, #4006 ) ;
#1362 = SHAPE_DEFINITION_REPRESENTATION ( #1512, #1758 ) ;
#1363 = CARTESIAN_POINT ( 'NONE',  ( 6.254199851177158820, 5.764999999999999680, -15.66289457978172983 ) ) ;
#1364 = AXIS2_PLACEMENT_3D ( 'NONE', #174, #2778, #4269 ) ;
#1365 = EDGE_LOOP ( 'NONE', ( #4499, #3022, #2217, #580 ) ) ;
#1366 = DIRECTION ( 'NONE',  ( -0.000000000000000000, -1.000000000000000000, -0.000000000000000000 ) ) ;
#1367 = CARTESIAN_POINT ( 'NONE',  ( -30.84144333032264029, 6.057893218813453551, 4.402443439002778014 ) ) ;
#1368 = CARTESIAN_POINT ( 'NONE',  ( -17.85439826556527265, 6.264999999999999680, -12.50178425576556762 ) ) ;
#1369 = CARTESIAN_POINT ( 'NONE',  ( -16.07116719312327291, 5.933231137178836434, 0.9534987490404047694 ) ) ;
#1370 = EDGE_LOOP ( 'NONE', ( #1682, #2970, #63, #4828, #1108, #3570, #3410, #4413 ) ) ;
#1371 = EDGE_CURVE ( 'NONE', #3295, #3390, #724, .T. ) ;
#1372 = CARTESIAN_POINT ( 'NONE',  ( 0.9855541338458263523, 0.000000000000000000, 1.174537679710378146 ) ) ;
#1373 = ORIENTED_EDGE ( 'NONE', *, *, #3037, .F. ) ;
#1374 = CARTESIAN_POINT ( 'NONE',  ( -4.460940800293285768, 6.264999999999999680, -15.47651244522915803 ) ) ;
#1375 = LINE ( 'NONE', #2241, #2821 ) ;
#1376 = CARTESIAN_POINT ( 'NONE',  ( 8.771639687240856631, 6.264999999999999680, -22.25163432060440272 ) ) ;
#1377 = ORIENTED_EDGE ( 'NONE', *, *, #277, .T. ) ;
#1378 = EDGE_CURVE ( 'NONE', #4692, #440, #1620, .T. ) ;
#1379 = CARTESIAN_POINT ( 'NONE',  ( -10.30423900446872132, 6.264999999999999680, 13.08909024249374475 ) ) ;
#1380 = ORIENTED_EDGE ( 'NONE', *, *, #1280, .F. ) ;
#1381 = ADVANCED_FACE ( 'NONE', ( #4649 ), #3499, .T. ) ;
#1382 = EDGE_CURVE ( 'NONE', #1414, #2496, #2293, .T. ) ;
#1383 = DIRECTION ( 'NONE',  ( -0.08715574274824935963, 0.000000000000000000, -0.9961946980916938088 ) ) ;
#1384 = DIRECTION ( 'NONE',  ( -0.3420201433256684909, 0.000000000000000000, 0.9396926207859085389 ) ) ;
#1385 = ORIENTED_EDGE ( 'NONE', *, *, #270, .F. ) ;
#1386 = DIRECTION ( 'NONE',  ( -0.9848077530122080203, 0.000000000000000000, 0.1736481776669309696 ) ) ;
#1387 = CARTESIAN_POINT ( 'NONE',  ( -22.97362297149675214, 0.000000000000000000, 5.086604718622892207 ) ) ;
#1388 = CARTESIAN_POINT ( 'NONE',  ( -15.89194039108521039, 5.846508752381806673, 17.35243875097084754 ) ) ;
#1389 = DIRECTION ( 'NONE',  ( 0.000000000000000000, 0.000000000000000000, 1.000000000000000000 ) ) ;
#1390 = CARTESIAN_POINT ( 'NONE',  ( -8.828903344063828484, 0.000000000000000000, 13.46192501608416947 ) ) ;
#1391 = CARTESIAN_POINT ( 'NONE',  ( 0.000000000000000000, 6.264999999999999680, 0.000000000000000000 ) ) ;
#1392 = DIRECTION ( 'NONE',  ( -0.9063077870365631172, 0.000000000000000000, 0.4226182617408856812 ) ) ;
#1393 = VECTOR ( 'NONE', #2958, 1000.000000000000000 ) ;
#1394 = VERTEX_POINT ( 'NONE', #130 ) ;
#1395 = CARTESIAN_POINT ( 'NONE',  ( -8.955768779808225943, 6.063945815778227555, 13.38014397915354792 ) ) ;
#1396 = CARTESIAN_POINT ( 'NONE',  ( 24.36746657814952854, 6.265000000000001457, 3.654624110734389753 ) ) ;
#1397 = EDGE_CURVE ( 'NONE', #1880, #3802, #3123, .T. ) ;
#1398 = CARTESIAN_POINT ( 'NONE',  ( -19.65932503706203249, 6.264999999999999680, 25.37618590062913526 ) ) ;
#1399 = AXIS2_PLACEMENT_3D ( 'NONE', #4677, #4350, #2389 ) ;
#1400 = ORIENTED_EDGE ( 'NONE', *, *, #3746, .F. ) ;
#1401 = VECTOR ( 'NONE', #837, 1000.000000000000114 ) ;
#1402 = CARTESIAN_POINT ( 'NONE',  ( 16.13735811669181075, 6.264999999999999680, 3.522179255920665497 ) ) ;
#1403 = EDGE_CURVE ( 'NONE', #1788, #2368, #421, .T. ) ;
#1404 = VERTEX_POINT ( 'NONE', #761 ) ;
#1405 = VECTOR ( 'NONE', #355, 1000.000000000000000 ) ;
#1406 = DIRECTION ( 'NONE',  ( 0.000000000000000000, 0.000000000000000000, 1.000000000000000000 ) ) ;
#1407 = CARTESIAN_POINT ( 'NONE',  ( -16.77838861730829123, 3.265000000000000124, 1.922747461919029899 ) ) ;
#1408 = EDGE_CURVE ( 'NONE', #3919, #1893, #3632, .T. ) ;
#1409 = VERTEX_POINT ( 'NONE', #26 ) ;
#1410 = CARTESIAN_POINT ( 'NONE',  ( -31.83028401043355160, 6.226413309392035522, 4.037196529140548051 ) ) ;
#1411 = PLANE ( 'NONE',  #324 ) ;
#1412 = CARTESIAN_POINT ( 'NONE',  ( 23.34541031627125918, 5.924496569424236192, 3.101514338730677611 ) ) ;
#1413 = LINE ( 'NONE', #4002, #285 ) ;
#1414 = VERTEX_POINT ( 'NONE', #3045 ) ;
#1415 = CARTESIAN_POINT ( 'NONE',  ( 15.63352333970124342, 6.264999999999999680, 3.874968164782152336 ) ) ;
#1416 = CARTESIAN_POINT ( 'NONE',  ( -11.40327766165568590, 6.264999999999997904, 12.32525977142552875 ) ) ;
#1417 = VECTOR ( 'NONE', #3656, 1000.000000000000000 ) ;
#1418 = CARTESIAN_POINT ( 'NONE',  ( 20.55407337132457357, 4.221937406372799018, -11.47405542676681911 ) ) ;
#1419 = ORIENTED_EDGE ( 'NONE', *, *, #3617, .T. ) ;
#1420 = FACE_OUTER_BOUND ( 'NONE', #3577, .T. ) ;
#1421 = DIRECTION ( 'NONE',  ( 0.9848077530122070211, 0.000000000000000000, 0.1736481776669362154 ) ) ;
#1422 = CIRCLE ( 'NONE', #4337, 25.02749999999999275 ) ;
#1423 = DIRECTION ( 'NONE',  ( -0.000000000000000000, -1.000000000000000000, 0.000000000000000000 ) ) ;
#1424 = ORIENTED_EDGE ( 'NONE', *, *, #224, .F. ) ;
#1425 = AXIS2_PLACEMENT_3D ( 'NONE', #2734, #4539, #3478 ) ;
#1426 = DIRECTION ( 'NONE',  ( 0.8191520442893337473, 0.000000000000000000, -0.5735764363505576613 ) ) ;
#1427 = ORIENTED_EDGE ( 'NONE', *, *, #4591, .T. ) ;
#1428 = EDGE_CURVE ( 'NONE', #3132, #1055, #3430, .T. ) ;
#1429 = CIRCLE ( 'NONE', #1827, 14.64608244481091859 ) ;
#1430 = PLANE ( 'NONE',  #3315 ) ;
#1431 = EDGE_CURVE ( 'NONE', #4658, #3189, #4273, .T. ) ;
#1432 = CARTESIAN_POINT ( 'NONE',  ( -8.705459673508087803, 6.264999999999999680, -22.39767559084925708 ) ) ;
#1433 = VERTEX_POINT ( 'NONE', #1293 ) ;
#1434 = CIRCLE ( 'NONE', #1833, 23.53000000000000114 ) ;
#1435 = CARTESIAN_POINT ( 'NONE',  ( -31.84909871781260904, 5.764999999999999680, 3.696875540765334645 ) ) ;
#1436 = ADVANCED_FACE ( 'NONE', ( #4371 ), #1762, .T. ) ;
#1437 = DIRECTION ( 'NONE',  ( 0.000000000000000000, 0.000000000000000000, -1.000000000000000000 ) ) ;
#1438 = CARTESIAN_POINT ( 'NONE',  ( -15.29557920945477889, 5.921872957827534201, 19.78473444629595335 ) ) ;
#1439 = CARTESIAN_POINT ( 'NONE',  ( -15.41649094842271239, 0.000000000000000000, 4.637323175571033573 ) ) ;
#1440 = ORIENTED_EDGE ( 'NONE', *, *, #4137, .T. ) ;
#1441 = DIRECTION ( 'NONE',  ( -0.9961946980916877026, -0.000000000000000000, -0.08715574274831972001 ) ) ;
#1442 = DIRECTION ( 'NONE',  ( -0.9848077530122083534, 0.000000000000000000, 0.1736481776669289434 ) ) ;
#1443 = VECTOR ( 'NONE', #2822, 1000.000000000000000 ) ;
#1444 = DIRECTION ( 'NONE',  ( 0.9848077530122122392, 0.000000000000000000, 0.1736481776669060451 ) ) ;
#1445 = DIRECTION ( 'NONE',  ( 0.7256903291925855815, -0.5457393103138311607, -0.4189775069076391301 ) ) ;
#1446 = ORIENTED_EDGE ( 'NONE', *, *, #4688, .F. ) ;
#1447 = DIRECTION ( 'NONE',  ( -0.9396926207859087610, 0.000000000000000000, 0.3420201433256677137 ) ) ;
#1448 = LINE ( 'NONE', #4446, #3206 ) ;
#1449 = CARTESIAN_POINT ( 'NONE',  ( -19.53573162375685257, 6.265000000000001457, 25.46304174759738714 ) ) ;
#1450 = EDGE_LOOP ( 'NONE', ( #2812, #3793, #911, #898 ) ) ;
#1451 = CARTESIAN_POINT ( 'NONE',  ( 30.84144333032081420, 5.764999999999999680, 4.402443439001797465 ) ) ;
#1452 = ORIENTED_EDGE ( 'NONE', *, *, #1477, .F. ) ;
#1453 = CARTESIAN_POINT ( 'NONE',  ( 11.22618780076871303, 6.264999999999999680, 10.98883333938763762 ) ) ;
#1454 = CARTESIAN_POINT ( 'NONE',  ( 22.02151929896933780, 5.841007553701591526, 23.30417700039738804 ) ) ;
#1455 = EDGE_LOOP ( 'NONE', ( #1373, #3819, #3739, #3671 ) ) ;
#1456 = DIRECTION ( 'NONE',  ( 0.000000000000000000, 0.000000000000000000, 1.000000000000000000 ) ) ;
#1457 = DIRECTION ( 'NONE',  ( 0.9396926207859085389, 0.000000000000000000, 0.3420201433256684909 ) ) ;
#1458 = CARTESIAN_POINT ( 'NONE',  ( -9.691120861856122204, 6.264999999999999680, -29.60841622532391781 ) ) ;
#1459 = ADVANCED_FACE ( 'NONE', ( #2137 ), #2503, .T. ) ;
#1460 = ORIENTED_EDGE ( 'NONE', *, *, #3068, .T. ) ;
#1461 = FACE_OUTER_BOUND ( 'NONE', #3788, .T. ) ;
#1462 = CARTESIAN_POINT ( 'NONE',  ( -16.07282071980270644, 3.265000000000000124, 0.9150920754742549734 ) ) ;
#1463 = CARTESIAN_POINT ( 'NONE',  ( 0.000000000000000000, 5.764999999999999680, -24.52749999999999631 ) ) ;
#1464 = ORIENTED_EDGE ( 'NONE', *, *, #96, .T. ) ;
#1465 = CARTESIAN_POINT ( 'NONE',  ( 9.211470339406080399, 6.264999999999999680, -19.75406189090361408 ) ) ;
#1466 = DIRECTION ( 'NONE',  ( -0.000000000000000000, -1.000000000000000000, -0.000000000000000000 ) ) ;
#1467 = ADVANCED_FACE ( 'NONE', ( #3254 ), #3572, .T. ) ;
#1468 = DIRECTION ( 'NONE',  ( 0.000000000000000000, -0.000000000000000000, 1.000000000000000000 ) ) ;
#1469 = ORIENTED_EDGE ( 'NONE', *, *, #1660, .T. ) ;
#1470 = VECTOR ( 'NONE', #4407, 1000.000000000000000 ) ;
#1471 = VERTEX_POINT ( 'NONE', #1387 ) ;
#1472 = CARTESIAN_POINT ( 'NONE',  ( 5.979726014091932385, 6.264999999999999680, -16.42916219819833756 ) ) ;
#1473 = ORIENTED_EDGE ( 'NONE', *, *, #531, .F. ) ;
#1474 = VECTOR ( 'NONE', #1441, 1000.000000000000114 ) ;
#1475 = CARTESIAN_POINT ( 'NONE',  ( 9.171249647149318562, 5.764999999999999680, -30.72328364303766790 ) ) ;
#1476 = VECTOR ( 'NONE', #3753, 1000.000000000000000 ) ;
#1477 = EDGE_CURVE ( 'NONE', #3533, #2486, #4326, .T. ) ;
#1478 = CYLINDRICAL_SURFACE ( 'NONE', #755, 0.4999999999999999445 ) ;
#1479 = ORIENTED_EDGE ( 'NONE', *, *, #86, .T. ) ;
#1480 = AXIS2_PLACEMENT_3D ( 'NONE', #2601, #2574, #3669 ) ;
#1481 = DIRECTION ( 'NONE',  ( 0.9961946980917275596, -0.000000000000000000, -0.08715574274786325182 ) ) ;
#1482 = DIRECTION ( 'NONE',  ( -0.000000000000000000, -1.000000000000000000, -0.000000000000000000 ) ) ;
#1483 = CARTESIAN_POINT ( 'NONE',  ( -15.36408642680026126, 6.264999999999999680, 19.11918158603583606 ) ) ;
#1484 = CIRCLE ( 'NONE', #609, 14.64608244481090438 ) ;
#1485 =( NAMED_UNIT ( * ) PLANE_ANGLE_UNIT ( ) SI_UNIT ( $, .RADIAN. ) );
#1486 = ORIENTED_EDGE ( 'NONE', *, *, #4737, .F. ) ;
#1487 = CARTESIAN_POINT ( 'NONE',  ( 16.77838861730841558, 6.264999999999999680, 1.922747461918894674 ) ) ;
#1488 = DIRECTION ( 'NONE',  ( -0.8191520442892409326, 0.000000000000000000, -0.5735764363506903329 ) ) ;
#1489 = CARTESIAN_POINT ( 'NONE',  ( -20.79608018602539588, 5.764999999999999680, 23.19696497017492476 ) ) ;
#1490 = CARTESIAN_POINT ( 'NONE',  ( 15.89194039108607015, 5.764999999999999680, 17.35243875097005528 ) ) ;
#1491 = EDGE_CURVE ( 'NONE', #4576, #1644, #246, .T. ) ;
#1492 = ORIENTED_EDGE ( 'NONE', *, *, #2445, .F. ) ;
#1493 = DIRECTION ( 'NONE',  ( -0.9848077530122070211, -0.000000000000000000, -0.1736481776669361876 ) ) ;
#1494 = CARTESIAN_POINT ( 'NONE',  ( -30.84144333032262608, 3.265000000000000124, 4.402443439002778014 ) ) ;
#1495 = FACE_OUTER_BOUND ( 'NONE', #3128, .T. ) ;
#1496 = ORIENTED_EDGE ( 'NONE', *, *, #3030, .T. ) ;
#1497 = ADVANCED_FACE ( 'NONE', ( #3921 ), #4276, .T. ) ;
#1498 = EDGE_LOOP ( 'NONE', ( #559, #1625, #1929, #2403 ) ) ;
#1499 = AXIS2_PLACEMENT_3D ( 'NONE', #2346, #3466, #2771 ) ;
#1500 = CARTESIAN_POINT ( 'NONE',  ( 11.20908218885301366, 6.264999999999999680, -29.27632191860117672 ) ) ;
#1501 = ORIENTED_EDGE ( 'NONE', *, *, #4018, .T. ) ;
#1502 = CLOSED_SHELL ( 'NONE', ( #4045, #1715, #2376, #375, #1101, #3501, #1858, #218, #4460, #1126, #343, #3097, #3543, #3272, #138, #3421, #1586, #4178, #3094, #1926, #3074, #877, #2834, #3740, #197, #2922, #467, #2319, #439, #3482, #971, #999, #1598, #2806, #1840, #2185, #3893, #3929, #493, #4802, #2475, #3847, #311, #2140, #432, #3723, #3408, #303, #748, #1616, #1065, #1769, #473, #3870, #4522, #2673, #4000, #3991, #3477, #1969, #2523, #668, #4228, #3785, #663, #3652, #1288, #799, #1993, #2410, #2161, #3270, #983, #3687, #583, #938, #192, #4604, #4721, #1381, #1344, #3851, #945, #2195, #4495, #2859, #3731, #2059, #1953, #165, #949, #3129, #2117, #2703, #2135, #796, #3380, #4080, #3246, #970, #2925, #1520, #2618, #2854, #3831, #1220, #2438, #954, #3001, #1685, #4211, #1096, #2622, #178, #1316, #3658, #1497, #1436, #2978, #1892, #4749, #3807, #1602, #2088, #3770, #1678, #4164, #1459, #3349, #1060, #3530, #3298, #3009, #1087, #3221, #1467, #2800, #2290, #2199, #3682, #2726, #1527, #10, #2719, #2885, #3332, #4132, #2984, #1622, #15, #636, #3320 ) ) ;
#1503 = CARTESIAN_POINT ( 'NONE',  ( 0.000000000000000000, 5.764999999999999680, -23.52999999999999758 ) ) ;
#1504 = CARTESIAN_POINT ( 'NONE',  ( 0.000000000000000000, 3.265000000000000124, 25.00670622553059985 ) ) ;
#1505 = CYLINDRICAL_SURFACE ( 'NONE', #2828, 0.5000000000000003331 ) ;
#1506 = ORIENTED_EDGE ( 'NONE', *, *, #4137, .F. ) ;
#1507 = PLANE ( 'NONE',  #2939 ) ;
#1508 = CARTESIAN_POINT ( 'NONE',  ( -20.54618363729464292, 6.264999999999999680, 23.67701177387835898 ) ) ;
#1509 = DIRECTION ( 'NONE',  ( -0.4226182617402012842, 0.000000000000000000, 0.9063077870368823064 ) ) ;
#1510 = VECTOR ( 'NONE', #2224, 1000.000000000000000 ) ;
#1511 = ORIENTED_EDGE ( 'NONE', *, *, #62, .F. ) ;
#1512 = PRODUCT_DEFINITION_SHAPE ( 'NONE', 'NONE',  #2017 ) ;
#1513 = CARTESIAN_POINT ( 'NONE',  ( -14.71223194868115236, 5.764999999999999680, 18.34233166988876462 ) ) ;
#1514 = FACE_OUTER_BOUND ( 'NONE', #3812, .T. ) ;
#1515 = FACE_OUTER_BOUND ( 'NONE', #3653, .T. ) ;
#1516 = AXIS2_PLACEMENT_3D ( 'NONE', #1723, #186, #3114 ) ;
#1517 = ORIENTED_EDGE ( 'NONE', *, *, #306, .F. ) ;
#1518 = DIRECTION ( 'NONE',  ( -0.8191520442892448184, 0.000000000000000000, -0.5735764363506847818 ) ) ;
#1519 = CARTESIAN_POINT ( 'NONE',  ( -20.86842270412909173, 4.241147254709497716, -10.87059491664510347 ) ) ;
#1520 = ADVANCED_FACE ( 'NONE', ( #3896 ), #521, .T. ) ;
#1521 = CIRCLE ( 'NONE', #4195, 24.52749999999999631 ) ;
#1522 = CARTESIAN_POINT ( 'NONE',  ( 24.80391930942181489, 6.264999999999999680, 3.337865057441843586 ) ) ;
#1523 = ORIENTED_EDGE ( 'NONE', *, *, #1828, .F. ) ;
#1524 = EDGE_LOOP ( 'NONE', ( #2057, #3883, #4364, #3099 ) ) ;
#1525 = CARTESIAN_POINT ( 'NONE',  ( -10.23180186323415697, 6.264999999999999680, -29.63202286765664084 ) ) ;
#1526 = ORIENTED_EDGE ( 'NONE', *, *, #914, .F. ) ;
#1527 = ADVANCED_FACE ( 'NONE', ( #3236 ), #201, .T. ) ;
#1528 = EDGE_CURVE ( 'NONE', #3660, #2613, #4719, .T. ) ;
#1529 = CARTESIAN_POINT ( 'NONE',  ( 15.29263558886092866, 0.000000000000000000, 19.81189170665698640 ) ) ;
#1530 = DIRECTION ( 'NONE',  ( 0.000000000000000000, 1.000000000000000000, -0.000000000000000000 ) ) ;
#1531 = DIRECTION ( 'NONE',  ( 0.8710089201476161058, 0.4912671992137107591, 0.000000000000000000 ) ) ;
#1532 = EDGE_CURVE ( 'NONE', #1579, #1037, #4360, .T. ) ;
#1533 = ORIENTED_EDGE ( 'NONE', *, *, #499, .T. ) ;
#1534 = EDGE_CURVE ( 'NONE', #3657, #4745, #2156, .T. ) ;
#1535 = DIRECTION ( 'NONE',  ( 0.8191520442892442633, -0.000000000000000000, 0.5735764363506855590 ) ) ;
#1536 = B_SPLINE_CURVE_WITH_KNOTS ( 'NONE', 3,
 ( #1120, #258, #2912, #693, #4478, #2566, #3733, #3340 ),
 .UNSPECIFIED., .F., .F.,
 ( 4, 2, 2, 4 ),
 ( -4.472650285586611337E-06, 0.0004674945079885345313, 0.0007034780871255955862, 0.0009394616662626565327 ),
 .UNSPECIFIED. ) ;
#1537 = CARTESIAN_POINT ( 'NONE',  ( 5.979726014091932385, 6.264999999999999680, -16.42916219819833756 ) ) ;
#1538 = CARTESIAN_POINT ( 'NONE',  ( 1.020000000004275487, 0.000000000000000000, 25.00670622553059985 ) ) ;
#1539 = ORIENTED_EDGE ( 'NONE', *, *, #4447, .T. ) ;
#1540 = CARTESIAN_POINT ( 'NONE',  ( 4.296809377231628702, 6.255860970744404170, -15.52175720301511141 ) ) ;
#1541 = FACE_OUTER_BOUND ( 'NONE', #3335, .T. ) ;
#1542 = CARTESIAN_POINT ( 'NONE',  ( 16.42414633486759712, 0.000000000000000000, 3.931755278064975823 ) ) ;
#1543 = ORIENTED_EDGE ( 'NONE', *, *, #4291, .F. ) ;
#1544 = DIRECTION ( 'NONE',  ( 0.3420201433256677137, 0.000000000000000000, 0.9396926207859087610 ) ) ;
#1545 = DIRECTION ( 'NONE',  ( -0.08715574274746687444, 0.000000000000000000, 0.9961946980917623096 ) ) ;
#1546 = CARTESIAN_POINT ( 'NONE',  ( 3.903514929479674933, 6.264999999999999680, -15.21658049281448122 ) ) ;
#1547 = ORIENTED_EDGE ( 'NONE', *, *, #1563, .T. ) ;
#1548 = ORIENTED_EDGE ( 'NONE', *, *, #2399, .T. ) ;
#1549 = EDGE_CURVE ( 'NONE', #4287, #33, #4619, .T. ) ;
#1550 = CARTESIAN_POINT ( 'NONE',  ( -9.691120861856122204, 5.764999999999999680, -29.60841622532391781 ) ) ;
#1551 = ORIENTED_EDGE ( 'NONE', *, *, #4406, .T. ) ;
#1552 = LINE ( 'NONE', #4525, #3933 ) ;
#1553 = EDGE_LOOP ( 'NONE', ( #670, #3684 ) ) ;
#1554 = DIRECTION ( 'NONE',  ( 0.000000000000000000, 0.000000000000000000, -1.000000000000000000 ) ) ;
#1555 = CARTESIAN_POINT ( 'NONE',  ( -11.23820881949889028, 6.264999999999999680, 13.39317573496176550 ) ) ;
#1556 = EDGE_CURVE ( 'NONE', #4679, #1223, #3597, .T. ) ;
#1557 = CARTESIAN_POINT ( 'NONE',  ( 19.23334952206225523, 5.764999999999999680, 24.50825169393582570 ) ) ;
#1558 = VECTOR ( 'NONE', #2659, 1000.000000000000000 ) ;
#1559 = EDGE_LOOP ( 'NONE', ( #2068, #2508, #3210, #4142 ) ) ;
#1560 = VECTOR ( 'NONE', #2337, 1000.000000000000000 ) ;
#1561 = CARTESIAN_POINT ( 'NONE',  ( -7.243917375737628284, 6.264999999999999680, -14.37701709155922813 ) ) ;
#1562 = CARTESIAN_POINT ( 'NONE',  ( -21.14644285628553888, 0.000000000000000000, -13.38669902462328487 ) ) ;
#1563 = EDGE_CURVE ( 'NONE', #4745, #719, #2948, .T. ) ;
#1564 = VECTOR ( 'NONE', #1934, 1000.000000000000000 ) ;
#1565 = DIRECTION ( 'NONE',  ( -0.9961946980916938088, 0.000000000000000000, 0.08715574274825022005 ) ) ;
#1566 = VECTOR ( 'NONE', #1906, 1000.000000000000000 ) ;
#1567 = VERTEX_POINT ( 'NONE', #291 ) ;
#1568 = DIRECTION ( 'NONE',  ( 0.9063077870368824174, 0.000000000000000000, 0.4226182617402011732 ) ) ;
#1569 = CIRCLE ( 'NONE', #3681, 24.52749999999999275 ) ;
#1570 = CARTESIAN_POINT ( 'NONE',  ( 7.081682580411110095, 0.000000000000000000, -22.43904346959338980 ) ) ;
#1571 = ORIENTED_EDGE ( 'NONE', *, *, #2018, .T. ) ;
#1572 = DIRECTION ( 'NONE',  ( -0.000000000000000000, -1.000000000000000000, -0.000000000000000000 ) ) ;
#1573 = CARTESIAN_POINT ( 'NONE',  ( -14.35869568180711653, 5.924497393407475165, 18.66696126106178610 ) ) ;
#1574 = EDGE_LOOP ( 'NONE', ( #3465, #4191, #177, #2190 ) ) ;
#1575 = ORIENTED_EDGE ( 'NONE', *, *, #553, .F. ) ;
#1576 = CARTESIAN_POINT ( 'NONE',  ( 0.000000000000000000, 0.000000000000000000, 0.000000000000000000 ) ) ;
#1577 = ORIENTED_EDGE ( 'NONE', *, *, #2, .T. ) ;
#1578 = CARTESIAN_POINT ( 'NONE',  ( 0.000000000000000000, 0.000000000000000000, 0.000000000000000000 ) ) ;
#1579 = VERTEX_POINT ( 'NONE', #1104 ) ;
#1580 = DIRECTION ( 'NONE',  ( 0.6427876096865312583, 0.000000000000000000, 0.7660444431189847858 ) ) ;
#1581 = AXIS2_PLACEMENT_3D ( 'NONE', #1578, #1255, #3085 ) ;
#1582 = CARTESIAN_POINT ( 'NONE',  ( -22.16644285628417421, 3.265000000000000124, -11.62000720090540540 ) ) ;
#1583 = CARTESIAN_POINT ( 'NONE',  ( -31.19950434987524801, 5.915060844301272880, 7.397744889173253569 ) ) ;
#1584 = ORIENTED_EDGE ( 'NONE', *, *, #2471, .F. ) ;
#1585 = VECTOR ( 'NONE', #1722, 1000.000000000000000 ) ;
#1586 = ADVANCED_FACE ( 'NONE', ( #4043 ), #3327, .F. ) ;
#1587 = CARTESIAN_POINT ( 'NONE',  ( 19.23334952206225523, 0.000000000000000000, 24.50825169393582570 ) ) ;
#1588 = CARTESIAN_POINT ( 'NONE',  ( -7.898373414055727793, 6.264999999999999680, -23.22098089362586748 ) ) ;
#1589 = CARTESIAN_POINT ( 'NONE',  ( -10.05434245573797369, 5.764999999999999680, 13.56913704619718430 ) ) ;
#1590 = VERTEX_POINT ( 'NONE', #3742 ) ;
#1591 = EDGE_CURVE ( 'NONE', #3721, #3091, #2626, .T. ) ;
#1592 = LINE ( 'NONE', #4298, #2776 ) ;
#1593 = CARTESIAN_POINT ( 'NONE',  ( 16.42414633486760067, 6.057893218813451774, 3.931755278064975823 ) ) ;
#1594 = B_SPLINE_CURVE_WITH_KNOTS ( 'NONE', 3,
 ( #4052, #1771, #4764, #2191, #4030, #2537, #1395, #2908, #4402, #1014 ),
 .UNSPECIFIED., .F., .F.,
 ( 4, 2, 2, 2, 4 ),
 ( 0.000000000000000000, 0.0002540264268553403234, 0.0005080528537106806467, 0.0007620792805660209701, 0.001016105707421361293 ),
 .UNSPECIFIED. ) ;
#1595 = ORIENTED_EDGE ( 'NONE', *, *, #3267, .F. ) ;
#1596 = VECTOR ( 'NONE', #2091, 1000.000000000000114 ) ;
#1597 = DIRECTION ( 'NONE',  ( 0.08715574274745541139, 0.000000000000000000, -0.9961946980917633088 ) ) ;
#1598 = ADVANCED_FACE ( 'NONE', ( #264 ), #634, .F. ) ;
#1599 = ORIENTED_EDGE ( 'NONE', *, *, #3495, .T. ) ;
#1600 =( BOUNDED_CURVE ( )  B_SPLINE_CURVE ( 3, ( #2903, #2605, #3673, #706 ),
 .UNSPECIFIED., .F., .T. ) 
 B_SPLINE_CURVE_WITH_KNOTS ( ( 4, 4 ),
 ( 3.141592653589793116, 4.712388980384689674 ),
 .UNSPECIFIED. ) 
 CURVE ( )  GEOMETRIC_REPRESENTATION_ITEM ( )  RATIONAL_B_SPLINE_CURVE ( ( 1.000000000000000000, 0.8047378541243649375, 0.8047378541243649375, 1.000000000000000000 ) ) 
 REPRESENTATION_ITEM ( '' )  );
#1601 = AXIS2_PLACEMENT_3D ( 'NONE', #2259, #2237, #3698 ) ;
#1602 = ADVANCED_FACE ( 'NONE', ( #4830 ), #3278, .T. ) ;
#1603 = ORIENTED_EDGE ( 'NONE', *, *, #4108, .F. ) ;
#1604 = CYLINDRICAL_SURFACE ( 'NONE', #1143, 0.5000000000000007772 ) ;
#1605 = ORIENTED_EDGE ( 'NONE', *, *, #858, .T. ) ;
#1606 = PLANE ( 'NONE',  #1581 ) ;
#1607 = ORIENTED_EDGE ( 'NONE', *, *, #3344, .T. ) ;
#1608 = CARTESIAN_POINT ( 'NONE',  ( 31.37141457813754641, 6.264999999999999680, 6.802515648106712831 ) ) ;
#1609 = LINE ( 'NONE', #4638, #760 ) ;
#1610 = LINE ( 'NONE', #4612, #2587 ) ;
#1611 = ORIENTED_EDGE ( 'NONE', *, *, #1808, .F. ) ;
#1612 = B_SPLINE_CURVE_WITH_KNOTS ( 'NONE', 3,
 ( #2002, #3046, #2335, #3147, #2407, #4541, #450, #3458 ),
 .UNSPECIFIED., .F., .F.,
 ( 4, 2, 2, 4 ),
 ( 0.000000000000000000, 0.0002402254661766120407, 0.0004804509323532240813, 0.0009609018647064393806 ),
 .UNSPECIFIED. ) ;
#1613 = LINE ( 'NONE', #45, #1997 ) ;
#1614 = CARTESIAN_POINT ( 'NONE',  ( 0.000000000000000000, 5.764999999999999680, 0.000000000000000000 ) ) ;
#1615 = DIRECTION ( 'NONE',  ( 0.000000000000000000, 0.000000000000000000, -1.000000000000000000 ) ) ;
#1616 = ADVANCED_FACE ( 'NONE', ( #4458 ), #1411, .F. ) ;
#1617 = DIRECTION ( 'NONE',  ( -0.000000000000000000, -1.000000000000000000, -0.000000000000000000 ) ) ;
#1618 = ORIENTED_EDGE ( 'NONE', *, *, #367, .F. ) ;
#1619 = FACE_OUTER_BOUND ( 'NONE', #1349, .T. ) ;
#1620 = LINE ( 'NONE', #2286, #879 ) ;
#1621 = EDGE_LOOP ( 'NONE', ( #1092, #1526, #3868, #2429 ) ) ;
#1622 = ADVANCED_FACE ( 'NONE', ( #362 ), #2966, .T. ) ;
#1623 = PLANE ( 'NONE',  #4542 ) ;
#1624 = CYLINDRICAL_SURFACE ( 'NONE', #49, 0.5000000000000000000 ) ;
#1625 = ORIENTED_EDGE ( 'NONE', *, *, #4657, .T. ) ;
#1626 = ORIENTED_EDGE ( 'NONE', *, *, #1692, .F. ) ;
#1627 = EDGE_CURVE ( 'NONE', #3555, #2588, #3961, .T. ) ;
#1628 = DIRECTION ( 'NONE',  ( -0.8191520442892409326, 0.000000000000000000, -0.5735764363506903329 ) ) ;
#1629 = ORIENTED_EDGE ( 'NONE', *, *, #3923, .F. ) ;
#1630 = CARTESIAN_POINT ( 'NONE',  ( 7.672447202607941108, 6.105063043677881218, -23.68803513070395539 ) ) ;
#1631 = ORIENTED_EDGE ( 'NONE', *, *, #338, .F. ) ;
#1632 = CARTESIAN_POINT ( 'NONE',  ( 14.32920972712218166, 5.764999999999999680, 18.66372547473164900 ) ) ;
#1633 = FACE_OUTER_BOUND ( 'NONE', #61, .T. ) ;
#1634 = EDGE_LOOP ( 'NONE', ( #2173, #2246, #1184, #406 ) ) ;
#1635 = CARTESIAN_POINT ( 'NONE',  ( 22.97362297149689425, 5.846508752381806673, 5.086604718622286470 ) ) ;
#1637 = CARTESIAN_POINT ( 'NONE',  ( 16.07282071980216287, 5.764999999999999680, 0.9150920754745583974 ) ) ;
#1636 = VECTOR ( 'NONE', #3608, 1000.000000000000114 ) ;
#1638 = CARTESIAN_POINT ( 'NONE',  ( -21.71325459514958922, 6.264999999999999680, 1.899663625312524307 ) ) ;
#1639 = ORIENTED_EDGE ( 'NONE', *, *, #3735, .T. ) ;
#1640 = DIRECTION ( 'NONE',  ( -0.000000000000000000, -1.000000000000000000, -0.000000000000000000 ) ) ;
#1641 = CARTESIAN_POINT ( 'NONE',  ( 7.594310774156530108, 6.264999999999999680, -23.84747785648474050 ) ) ;
#1642 = VECTOR ( 'NONE', #1106, 1000.000000000000000 ) ;
#1643 = VECTOR ( 'NONE', #4517, 1000.000000000000000 ) ;
#1644 = VERTEX_POINT ( 'NONE', #1027 ) ;
#1645 = LINE ( 'NONE', #525, #53 ) ;
#1646 = DIRECTION ( 'NONE',  ( -0.6427876096865970945, -0.000000000000000000, -0.7660444431189294967 ) ) ;
#1647 = AXIS2_PLACEMENT_3D ( 'NONE', #3398, #3771, #1509 ) ;
#1648 = ORIENTED_EDGE ( 'NONE', *, *, #3536, .T. ) ;
#1649 = EDGE_CURVE ( 'NONE', #479, #536, #1203, .T. ) ;
#1650 = ORIENTED_EDGE ( 'NONE', *, *, #1832, .F. ) ;
#1651 = VECTOR ( 'NONE', #3469, 1000.000000000000000 ) ;
#1652 = LINE ( 'NONE', #1274, #1237 ) ;
#1653 = ORIENTED_EDGE ( 'NONE', *, *, #1006, .T. ) ;
#1654 = FACE_OUTER_BOUND ( 'NONE', #2163, .T. ) ;
#1655 = ORIENTED_EDGE ( 'NONE', *, *, #4508, .F. ) ;
#1656 = EDGE_CURVE ( 'NONE', #889, #2383, #4592, .T. ) ;
#1657 = FACE_OUTER_BOUND ( 'NONE', #287, .T. ) ;
#1658 = ORIENTED_EDGE ( 'NONE', *, *, #3294, .F. ) ;
#1659 = CARTESIAN_POINT ( 'NONE',  ( 8.828903344064009673, 6.264999999999999680, 13.46192501608482672 ) ) ;
#1660 = EDGE_CURVE ( 'NONE', #2368, #3794, #2896, .T. ) ;
#1661 = CARTESIAN_POINT ( 'NONE',  ( -20.86842270413104927, 0.000000000000000000, -10.87059491664131272 ) ) ;
#1662 =( NAMED_UNIT ( * ) SI_UNIT ( $, .STERADIAN. ) SOLID_ANGLE_UNIT ( ) );
#1663 = DIRECTION ( 'NONE',  ( -0.000000000000000000, -1.000000000000000000, -0.000000000000000000 ) ) ;
#1664 = CARTESIAN_POINT ( 'NONE',  ( 0.9855541338458263523, 6.264999999999999680, 1.174537679710378146 ) ) ;
#1665 = ORIENTED_EDGE ( 'NONE', *, *, #3238, .T. ) ;
#1666 = CARTESIAN_POINT ( 'NONE',  ( -0.9855541338493460923, 3.265000000000000124, 1.174537679707344129 ) ) ;
#1667 = AXIS2_PLACEMENT_3D ( 'NONE', #1391, #2631, #1082 ) ;
#1668 = DIRECTION ( 'NONE',  ( -0.08715574274696420709, 0.000000000000000000, -0.9961946980918062744 ) ) ;
#1669 = CARTESIAN_POINT ( 'NONE',  ( 19.84842270412693566, 3.265000000000000124, -12.63728674036868860 ) ) ;
#1670 = EDGE_LOOP ( 'NONE', ( #431, #3038, #1701, #2850, #4093, #2361 ) ) ;
#1671 = CARTESIAN_POINT ( 'NONE',  ( -9.503133255364479837, 6.226413309392026640, -30.64565865388687271 ) ) ;
#1672 = B_SPLINE_CURVE_WITH_KNOTS ( 'NONE', 3,
 ( #3347, #1839, #2600, #337, #4850, #809, #1181, #22 ),
 .UNSPECIFIED., .F., .F.,
 ( 4, 2, 2, 4 ),
 ( 0.000000000000000000, 0.0002402254661766106854, 0.0004804509323532213708, 0.0009609018647064436090 ),
 .UNSPECIFIED. ) ;
#1673 = LINE ( 'NONE', #2788, #3907 ) ;
#1674 = ORIENTED_EDGE ( 'NONE', *, *, #1254, .T. ) ;
#1675 = AXIS2_PLACEMENT_3D ( 'NONE', #3717, #2919, #4779 ) ;
#1676 = ORIENTED_EDGE ( 'NONE', *, *, #4237, .T. ) ;
#1677 = CARTESIAN_POINT ( 'NONE',  ( -10.23180186323415697, 6.264999999999999680, -29.63202286765664084 ) ) ;
#1678 = ADVANCED_FACE ( 'NONE', ( #1864 ), #702, .T. ) ;
#1679 = EDGE_CURVE ( 'NONE', #4745, #1567, #1672, .T. ) ;
#1680 = VERTEX_POINT ( 'NONE', #3425 ) ;
#1681 = DIRECTION ( 'NONE',  ( 0.000000000000000000, 1.000000000000000000, 0.000000000000000000 ) ) ;
#1682 = ORIENTED_EDGE ( 'NONE', *, *, #3899, .F. ) ;
#1683 = CARTESIAN_POINT ( 'NONE',  ( 19.84842270412905663, 4.241147254709639824, -12.63728674036500088 ) ) ;
#1684 = CARTESIAN_POINT ( 'NONE',  ( 0.000000000000000000, 3.265000000000000124, 0.000000000000000000 ) ) ;
#1685 = ADVANCED_FACE ( 'NONE', ( #1913 ), #4742, .T. ) ;
#1686 = ORIENTED_EDGE ( 'NONE', *, *, #3037, .T. ) ;
#1687 = VECTOR ( 'NONE', #4533, 1000.000000000000114 ) ;
#1688 = B_SPLINE_CURVE_WITH_KNOTS ( 'NONE', 3,
 ( #2502, #4693, #2025, #3498, #1714, #3213, #4718, #4275 ),
 .UNSPECIFIED., .F., .F.,
 ( 4, 2, 2, 4 ),
 ( -4.472650285584343830E-06, 0.0004674945079885300318, 0.0007034780871255911410, 0.0009394616662626523044 ),
 .UNSPECIFIED. ) ;
#1689 = LINE ( 'NONE', #565, #1914 ) ;
#1690 = LINE ( 'NONE', #3162, #1443 ) ;
#1691 = CARTESIAN_POINT ( 'NONE',  ( 0.000000000000000000, 0.000000000000000000, 0.000000000000000000 ) ) ;
#1692 = EDGE_CURVE ( 'NONE', #2348, #2332, #1035, .T. ) ;
#1693 = LINE ( 'NONE', #2803, #3517 ) ;
#1694 = ORIENTED_EDGE ( 'NONE', *, *, #2740, .F. ) ;
#1695 = CARTESIAN_POINT ( 'NONE',  ( 16.07282071980216287, 6.264999999999999680, 0.9150920754745583974 ) ) ;
#1696 = CARTESIAN_POINT ( 'NONE',  ( 0.000000000000000000, 5.764999999999999680, 0.000000000000000000 ) ) ;
#1697 = CARTESIAN_POINT ( 'NONE',  ( -22.02151929897089389, 5.841037802762265585, 23.30417700039918216 ) ) ;
#1698 = DIRECTION ( 'NONE',  ( 0.3420201433256716550, 0.000000000000000000, -0.9396926207859073177 ) ) ;
#1699 = ORIENTED_EDGE ( 'NONE', *, *, #3326, .T. ) ;
#1700 = CARTESIAN_POINT ( 'NONE',  ( -23.32786525393755994, 0.000000000000000000, 3.077596902476485319 ) ) ;
#1701 = ORIENTED_EDGE ( 'NONE', *, *, #4353, .F. ) ;
#1702 = CARTESIAN_POINT ( 'NONE',  ( 8.828903344064009673, 0.000000000000000000, 13.46192501608482672 ) ) ;
#1703 = ORIENTED_EDGE ( 'NONE', *, *, #2222, .F. ) ;
#1704 = ORIENTED_EDGE ( 'NONE', *, *, #695, .T. ) ;
#1705 = DIRECTION ( 'NONE',  ( 0.000000000000000000, 0.000000000000000000, -1.000000000000000000 ) ) ;
#1706 = CARTESIAN_POINT ( 'NONE',  ( 0.3983431104229284703, 5.764999999999999680, -0.3342495570378904435 ) ) ;
#1707 = ORIENTED_EDGE ( 'NONE', *, *, #4053, .T. ) ;
#1708 = CARTESIAN_POINT ( 'NONE',  ( 0.09029705238705150461, 5.764999999999999680, -0.5121000315677521897 ) ) ;
#1709 = EDGE_CURVE ( 'NONE', #589, #3104, #1994, .T. ) ;
#1710 = CARTESIAN_POINT ( 'NONE',  ( 19.12613749183849521, 0.000000000000000000, 25.73369080688134147 ) ) ;
#1711 = CYLINDRICAL_SURFACE ( 'NONE', #2906, 0.4999999999999998890 ) ;
#1712 = ORIENTED_EDGE ( 'NONE', *, *, #4303, .F. ) ;
#1713 = VECTOR ( 'NONE', #3441, 1000.000000000000000 ) ;
#1714 = CARTESIAN_POINT ( 'NONE',  ( -24.70948960679413986, 6.052165718555739815, 3.406795810701864546 ) ) ;
#1715 = ADVANCED_FACE ( 'NONE', ( #2648 ), #3797, .T. ) ;
#1716 = CARTESIAN_POINT ( 'NONE',  ( -23.24104116510408957, 5.764999999999999680, 3.570000778982597378 ) ) ;
#1717 = DIRECTION ( 'NONE',  ( 0.6427876096865312583, 0.000000000000000000, 0.7660444431189847858 ) ) ;
#1718 = DIRECTION ( 'NONE',  ( -0.6427876096865312583, 0.000000000000000000, -0.7660444431189847858 ) ) ;
#1719 = VECTOR ( 'NONE', #984, 1000.000000000000000 ) ;
#1720 = B_SPLINE_CURVE_WITH_KNOTS ( 'NONE', 3,
 ( #1608, #208, #3554, #2101, #1744, #3242, #4762, #640 ),
 .UNSPECIFIED., .F., .F.,
 ( 4, 2, 2, 4 ),
 ( 0.000000000000000000, 0.0004478229640557063141, 0.0006717344460835603928, 0.0008956459281114145798 ),
 .UNSPECIFIED. ) ;
#1721 = CARTESIAN_POINT ( 'NONE',  ( 9.345695051535130915, 6.264999999999997016, 13.11754990760837458 ) ) ;
#1722 = DIRECTION ( 'NONE',  ( 0.9848077530122211209, 0.000000000000000000, 0.1736481776668561960 ) ) ;
#1723 = CARTESIAN_POINT ( 'NONE',  ( -10.05434245573797369, 3.265000000000000124, 13.56913704619718430 ) ) ;
#1724 = VECTOR ( 'NONE', #2916, 1000.000000000000000 ) ;
#1725 = ORIENTED_EDGE ( 'NONE', *, *, #2018, .F. ) ;
#1726 = DIRECTION ( 'NONE',  ( 0.000000000000000000, 0.000000000000000000, -1.000000000000000000 ) ) ;
#1727 = DIRECTION ( 'NONE',  ( -0.9063077870364758537, -0.000000000000000000, -0.4226182617410730868 ) ) ;
#1728 = ORIENTED_EDGE ( 'NONE', *, *, #1160, .F. ) ;
#1729 = DIRECTION ( 'NONE',  ( -0.000000000000000000, -1.000000000000000000, -0.000000000000000000 ) ) ;
#1730 = VECTOR ( 'NONE', #292, 1000.000000000000000 ) ;
#1731 = CARTESIAN_POINT ( 'NONE',  ( 15.41649094842344958, 5.764999999999999680, 4.637323175571752998 ) ) ;
#1732 = ORIENTED_EDGE ( 'NONE', *, *, #524, .T. ) ;
#1733 = CARTESIAN_POINT ( 'NONE',  ( 16.07282071980216287, 5.764999999999999680, 0.9150920754745583974 ) ) ;
#1734 = DIRECTION ( 'NONE',  ( -0.000000000000000000, -1.000000000000000000, -0.000000000000000000 ) ) ;
#1735 = EDGE_CURVE ( 'NONE', #1031, #536, #3636, .T. ) ;
#1736 = ORIENTED_EDGE ( 'NONE', *, *, #3757, .T. ) ;
#1737 = CARTESIAN_POINT ( 'NONE',  ( 31.81950682291945753, 6.265000000000000568, 4.186918993888859575 ) ) ;
#1738 = CARTESIAN_POINT ( 'NONE',  ( -15.41649094842271062, 5.851846802861077279, 4.637323175571043343 ) ) ;
#1739 = FACE_OUTER_BOUND ( 'NONE', #3585, .T. ) ;
#1740 = DIRECTION ( 'NONE',  ( -0.9063077870368988487, 0.000000000000000000, -0.4226182617401657016 ) ) ;
#1741 = EDGE_CURVE ( 'NONE', #3262, #3908, #4563, .T. ) ;
#1742 = CYLINDRICAL_SURFACE ( 'NONE', #1794, 0.5000000000000001110 ) ;
#1743 = ORIENTED_EDGE ( 'NONE', *, *, #2375, .F. ) ;
#1744 = CARTESIAN_POINT ( 'NONE',  ( 31.22244734251488651, 6.044248922266394430, 7.323511227749279762 ) ) ;
#1745 = VERTEX_POINT ( 'NONE', #390 ) ;
#1746 = CARTESIAN_POINT ( 'NONE',  ( 9.511283720560109955, 5.764999999999999680, -23.14975676410030658 ) ) ;
#1747 = EDGE_CURVE ( 'NONE', #3295, #4658, #106, .T. ) ;
#1748 = CARTESIAN_POINT ( 'NONE',  ( -21.14644285628553888, 3.265000000000000124, -13.38669902462328487 ) ) ;
#1749 = EDGE_LOOP ( 'NONE', ( #3081, #2392, #3524, #4097 ) ) ;
#1750 = EDGE_CURVE ( 'NONE', #3462, #4011, #860, .T. ) ;
#1751 = CARTESIAN_POINT ( 'NONE',  ( 16.48760416466110712, 6.264999999999999680, 2.379187623289520381 ) ) ;
#1752 = VECTOR ( 'NONE', #1958, 1000.000000000000114 ) ;
#1753 = ORIENTED_EDGE ( 'NONE', *, *, #4567, .F. ) ;
#1754 = LINE ( 'NONE', #3614, #2081 ) ;
#1755 =( BOUNDED_CURVE ( )  B_SPLINE_CURVE ( 3, ( #2450, #1335, #951, #3584 ),
 .UNSPECIFIED., .F., .T. ) 
 B_SPLINE_CURVE_WITH_KNOTS ( ( 4, 4 ),
 ( 3.141592653589793116, 4.712388980384692339 ),
 .UNSPECIFIED. ) 
 CURVE ( )  GEOMETRIC_REPRESENTATION_ITEM ( )  RATIONAL_B_SPLINE_CURVE ( ( 1.000000000000000000, 0.8047378541243643824, 0.8047378541243643824, 1.000000000000000000 ) ) 
 REPRESENTATION_ITEM ( '' )  );
#1756 = CIRCLE ( 'NONE', #4349, 25.02749999999998920 ) ;
#1757 = PLANE ( 'NONE',  #3056 ) ;
#1758 = ADVANCED_BREP_SHAPE_REPRESENTATION ( 'Back, Top Mesh Piece', ( #4114, #1251 ), #927 ) ;
#1759 = VECTOR ( 'NONE', #196, 1000.000000000000000 ) ;
#1760 = VERTEX_POINT ( 'NONE', #2380 ) ;
#1761 = CARTESIAN_POINT ( 'NONE',  ( 11.72428514981459635, 5.764999999999999680, 11.03241121076136544 ) ) ;
#1762 = CYLINDRICAL_SURFACE ( 'NONE', #2545, 0.4999999999999996114 ) ;
#1763 = CARTESIAN_POINT ( 'NONE',  ( -20.21386016967311150, 4.221937406372789248, -12.06332197743285306 ) ) ;
#1764 = EDGE_CURVE ( 'NONE', #1264, #2652, #259, .T. ) ;
#1765 = CARTESIAN_POINT ( 'NONE',  ( -1.899663625341974971, 5.764999999999999680, 21.71325459514593348 ) ) ;
#1766 = DIRECTION ( 'NONE',  ( -0.7660444431189629144, 0.000000000000000000, 0.6427876096865573485 ) ) ;
#1767 = ORIENTED_EDGE ( 'NONE', *, *, #2746, .F. ) ;
#1768 = LINE ( 'NONE', #2535, #956 ) ;
#1769 = ADVANCED_FACE ( 'NONE', ( #1968 ), #3019, .T. ) ;
#1770 = ORIENTED_EDGE ( 'NONE', *, *, #1032, .F. ) ;
#1771 = CARTESIAN_POINT ( 'NONE',  ( -9.415395198079551164, 6.264999999999997904, 13.06752615891185165 ) ) ;
#1772 = CARTESIAN_POINT ( 'NONE',  ( 24.44967702698105683, 0.000000000000000000, 5.346872873588295327 ) ) ;
#1773 = CARTESIAN_POINT ( 'NONE',  ( -19.14502818090577918, 5.915060844301274656, 25.72165618842412016 ) ) ;
#1774 = ORIENTED_EDGE ( 'NONE', *, *, #4869, .T. ) ;
#1775 = EDGE_CURVE ( 'NONE', #4768, #4717, #3070, .T. ) ;
#1776 = CYLINDRICAL_SURFACE ( 'NONE', #597, 0.4999999999999990563 ) ;
#1777 = ORIENTED_EDGE ( 'NONE', *, *, #3160, .T. ) ;
#1778 = EDGE_CURVE ( 'NONE', #2486, #776, #3453, .T. ) ;
#1779 = CARTESIAN_POINT ( 'NONE',  ( -1.020000000000000018, 4.241147254709246361, 23.50788165701039034 ) ) ;
#1780 = EDGE_CURVE ( 'NONE', #4352, #2308, #4218, .T. ) ;
#1781 = PLANE ( 'NONE',  #3518 ) ;
#1782 = B_SPLINE_CURVE_WITH_KNOTS ( 'NONE', 3,
 ( #3201, #856, #2374, #2083, #3180, #2061, #4684, #1306 ),
 .UNSPECIFIED., .F., .F.,
 ( 4, 2, 2, 4 ),
 ( 0.000000000000000000, 0.0002554680715914160239, 0.0005109361431828320478, 0.001021872286365660626 ),
 .UNSPECIFIED. ) ;
#1783 = ORIENTED_EDGE ( 'NONE', *, *, #2968, .T. ) ;
#1784 = CARTESIAN_POINT ( 'NONE',  ( 15.29263558886092689, 5.764999999999999680, 19.81189170665698640 ) ) ;
#1785 = CARTESIAN_POINT ( 'NONE',  ( -1.509956535254285193, 3.265000000000000124, 0.2662460768590320659 ) ) ;
#1786 = CARTESIAN_POINT ( 'NONE',  ( 23.43882023330723641, 6.107364916962996659, 3.229358773554950268 ) ) ;
#1787 = CARTESIAN_POINT ( 'NONE',  ( 19.65932503706211065, 6.264999999999999680, 25.37618590062853841 ) ) ;
#1788 = VERTEX_POINT ( 'NONE', #1939 ) ;
#1789 = AXIS2_PLACEMENT_3D ( 'NONE', #3884, #4725, #163 ) ;
#1790 = PLANE ( 'NONE',  #3589 ) ;
#1791 = CARTESIAN_POINT ( 'NONE',  ( -17.21793483357565790, 0.000000000000000000, 3.035986463239486621 ) ) ;
#1792 = CARTESIAN_POINT ( 'NONE',  ( 0.000000000000000000, 6.264999999999999680, 0.000000000000000000 ) ) ;
#1793 = AXIS2_PLACEMENT_3D ( 'NONE', #3198, #2032, #3508 ) ;
#1794 = AXIS2_PLACEMENT_3D ( 'NONE', #3240, #2029, #3503 ) ;
#1795 = ORIENTED_EDGE ( 'NONE', *, *, #3813, .T. ) ;
#1796 = DIRECTION ( 'NONE',  ( 0.9063077870364758537, 0.000000000000000000, 0.4226182617410730868 ) ) ;
#1797 = FACE_OUTER_BOUND ( 'NONE', #3372, .T. ) ;
#1798 = EDGE_CURVE ( 'NONE', #1471, #2143, #1154, .T. ) ;
#1799 = CARTESIAN_POINT ( 'NONE',  ( -19.41149257663105132, 6.226507457126706946, 25.54721448380892213 ) ) ;
#1800 = AXIS2_PLACEMENT_3D ( 'NONE', #491, #2670, #2301 ) ;
#1801 = ORIENTED_EDGE ( 'NONE', *, *, #2160, .F. ) ;
#1802 = PLANE ( 'NONE',  #2501 ) ;
#1803 = AXIS2_PLACEMENT_3D ( 'NONE', #2250, #3689, #3738 ) ;
#1804 = ORIENTED_EDGE ( 'NONE', *, *, #3495, .F. ) ;
#1805 = EDGE_CURVE ( 'NONE', #3248, #3648, #1047, .T. ) ;
#1806 = VECTOR ( 'NONE', #227, 1000.000000000000000 ) ;
#1807 = FACE_OUTER_BOUND ( 'NONE', #1749, .T. ) ;
#1808 = EDGE_CURVE ( 'NONE', #2413, #2839, #4589, .T. ) ;
#1809 = CARTESIAN_POINT ( 'NONE',  ( 23.32786525393763810, 0.000000000000000000, 3.077596902475849383 ) ) ;
#1810 = EDGE_LOOP ( 'NONE', ( #2104, #1927, #788, #1242 ) ) ;
#1811 = CARTESIAN_POINT ( 'NONE',  ( -24.44967702698092182, 0.000000000000000000, 5.346872873588901065 ) ) ;
#1812 = CARTESIAN_POINT ( 'NONE',  ( 9.511283720560113508, 6.264999999999999680, -23.14975676410030303 ) ) ;
#1813 = CARTESIAN_POINT ( 'NONE',  ( 4.807073215165559077, 6.057893218813451774, -16.18960560050119213 ) ) ;
#1814 = FACE_OUTER_BOUND ( 'NONE', #3504, .T. ) ;
#1815 = ORIENTED_EDGE ( 'NONE', *, *, #2477, .T. ) ;
#1816 = DIRECTION ( 'NONE',  ( -0.000000000000000000, -1.000000000000000000, -0.000000000000000000 ) ) ;
#1817 = CARTESIAN_POINT ( 'NONE',  ( -16.42414633486748698, 5.764999999999999680, 3.931755278065442560 ) ) ;
#1818 = CIRCLE ( 'NONE', #3856, 25.02749999999999275 ) ;
#1819 = DIRECTION ( 'NONE',  ( 0.000000000000000000, 1.000000000000000000, -0.000000000000000000 ) ) ;
#1820 = CARTESIAN_POINT ( 'NONE',  ( 10.23180186323414453, 6.264999999999999680, -29.63202286765672966 ) ) ;
#1821 = ORIENTED_EDGE ( 'NONE', *, *, #4662, .T. ) ;
#1822 = CARTESIAN_POINT ( 'NONE',  ( -7.594310774156573629, 6.264999999999999680, -23.84747785648472274 ) ) ;
#1823 = LINE ( 'NONE', #1039, #2266 ) ;
#1824 = AXIS2_PLACEMENT_3D ( 'NONE', #2405, #2851, #156 ) ;
#1825 = CYLINDRICAL_SURFACE ( 'NONE', #4565, 0.5000000000000002220 ) ;
#1826 = ORIENTED_EDGE ( 'NONE', *, *, #3998, .F. ) ;
#1827 = AXIS2_PLACEMENT_3D ( 'NONE', #3692, #4414, #1456 ) ;
#1828 = EDGE_CURVE ( 'NONE', #4418, #694, #4480, .T. ) ;
#1829 = FACE_OUTER_BOUND ( 'NONE', #38, .T. ) ;
#1830 = ORIENTED_EDGE ( 'NONE', *, *, #2477, .F. ) ;
#1831 = DIRECTION ( 'NONE',  ( -0.000000000000000000, -1.000000000000000000, -0.000000000000000000 ) ) ;
#1832 = EDGE_CURVE ( 'NONE', #3072, #770, #1521, .T. ) ;
#1833 = AXIS2_PLACEMENT_3D ( 'NONE', #172, #4663, #2478 ) ;
#1834 = CARTESIAN_POINT ( 'NONE',  ( 21.78832457979261505, 6.226507457126690070, 23.55281562658281658 ) ) ;
#1835 = ORIENTED_EDGE ( 'NONE', *, *, #4014, .F. ) ;
#1836 = CIRCLE ( 'NONE', #2942, 0.5000000000000004441 ) ;
#1837 = CARTESIAN_POINT ( 'NONE',  ( 9.171249647149318562, 6.264999999999999680, -30.72328364303766790 ) ) ;
#1838 = B_SPLINE_CURVE_WITH_KNOTS ( 'NONE', 3,
 ( #3225, #1252, #4681, #4656, #2862, #599, #873, #4334, #2078, #188 ),
 .UNSPECIFIED., .F., .F.,
 ( 4, 2, 2, 2, 4 ),
 ( 0.000000000000000000, 0.0002540264268552620440, 0.0005080528537105240879, 0.0007620792805657861319, 0.001016105707421048176 ),
 .UNSPECIFIED. ) ;
#1839 = CARTESIAN_POINT ( 'NONE',  ( -23.32786525393755994, 5.846508752381812002, 3.077596902476485763 ) ) ;
#1840 = ADVANCED_FACE ( 'NONE', ( #1262 ), #3566, .F. ) ;
#1841 = AXIS2_PLACEMENT_3D ( 'NONE', #2231, #314, #2159 ) ;
#1842 = EDGE_CURVE ( 'NONE', #1850, #1196, #152, .T. ) ;
#1843 = LINE ( 'NONE', #982, #605 ) ;
#1844 = ORIENTED_EDGE ( 'NONE', *, *, #4363, .F. ) ;
#1845 = LINE ( 'NONE', #4857, #2119 ) ;
#1846 = CARTESIAN_POINT ( 'NONE',  ( -30.84144333032262608, 5.764999999999999680, 4.402443439002778014 ) ) ;
#1847 = VECTOR ( 'NONE', #962, 1000.000000000000227 ) ;
#1848 = CARTESIAN_POINT ( 'NONE',  ( 20.86842270412930844, 4.241147254709439984, -10.87059491664489030 ) ) ;
#1849 = DIRECTION ( 'NONE',  ( -0.000000000000000000, -1.000000000000000000, -0.000000000000000000 ) ) ;
#1850 = VERTEX_POINT ( 'NONE', #1661 ) ;
#1851 = CARTESIAN_POINT ( 'NONE',  ( -11.60809380826081316, 5.764999999999999680, -28.91069513293903270 ) ) ;
#1852 = DIRECTION ( 'NONE',  ( 0.000000000000000000, 0.000000000000000000, -1.000000000000000000 ) ) ;
#1853 = CARTESIAN_POINT ( 'NONE',  ( -20.86842270413104927, 3.265000000000000124, -10.87059491664131272 ) ) ;
#1854 = ORIENTED_EDGE ( 'NONE', *, *, #1260, .F. ) ;
#1855 = ORIENTED_EDGE ( 'NONE', *, *, #3454, .T. ) ;
#1856 = LINE ( 'NONE', #4057, #3988 ) ;
#1857 = ORIENTED_EDGE ( 'NONE', *, *, #146, .T. ) ;
#1858 = ADVANCED_FACE ( 'NONE', ( #2040 ), #3544, .T. ) ;
#1859 = EDGE_CURVE ( 'NONE', #428, #1861, #1690, .T. ) ;
#1860 = CARTESIAN_POINT ( 'NONE',  ( 19.75406189091075504, 5.764999999999999680, -9.211470339388647233 ) ) ;
#1861 = VERTEX_POINT ( 'NONE', #1286 ) ;
#1862 = EDGE_CURVE ( 'NONE', #2320, #4820, #3185, .T. ) ;
#1863 = FACE_OUTER_BOUND ( 'NONE', #272, .T. ) ;
#1864 = FACE_OUTER_BOUND ( 'NONE', #4221, .T. ) ;
#1865 =( LENGTH_UNIT ( ) NAMED_UNIT ( * ) SI_UNIT ( .MILLI., .METRE. ) );
#1866 = ORIENTED_EDGE ( 'NONE', *, *, #1121, .F. ) ;
#1867 = EDGE_CURVE ( 'NONE', #1880, #3010, #2092, .T. ) ;
#1868 = DIRECTION ( 'NONE',  ( -0.000000000000000000, -1.000000000000000000, -0.000000000000000000 ) ) ;
#1869 = CARTESIAN_POINT ( 'NONE',  ( -15.04422621064400367, 6.264999999999999680, 18.73798702430364926 ) ) ;
#1870 = CARTESIAN_POINT ( 'NONE',  ( 8.998655526814697936, 0.000000000000000000, -21.74132237720895944 ) ) ;
#1871 = CARTESIAN_POINT ( 'NONE',  ( 9.511283720560109955, 5.764999999999999680, -23.14975676410030658 ) ) ;
#1872 = ORIENTED_EDGE ( 'NONE', *, *, #4038, .F. ) ;
#1873 = CARTESIAN_POINT ( 'NONE',  ( 15.89194039108607015, 6.264999999999999680, 17.35243875097005528 ) ) ;
#1874 = DIRECTION ( 'NONE',  ( 0.000000000000000000, 0.000000000000000000, -1.000000000000000000 ) ) ;
#1875 = DIRECTION ( 'NONE',  ( -0.4226182617408856257, 0.000000000000000000, -0.9063077870365632283 ) ) ;
#1876 = ORIENTED_EDGE ( 'NONE', *, *, #2495, .T. ) ;
#1877 = VECTOR ( 'NONE', #279, 1000.000000000000114 ) ;
#1878 = VERTEX_POINT ( 'NONE', #3891 ) ;
#1879 = CYLINDRICAL_SURFACE ( 'NONE', #519, 0.5000000000000000000 ) ;
#1880 = VERTEX_POINT ( 'NONE', #4664 ) ;
#1881 = VECTOR ( 'NONE', #947, 1000.000000000000000 ) ;
#1882 = VECTOR ( 'NONE', #1698, 1000.000000000000227 ) ;
#1883 = CARTESIAN_POINT ( 'NONE',  ( 9.193117170196780208, 5.915060844301215148, -30.71843579706179383 ) ) ;
#1884 = CARTESIAN_POINT ( 'NONE',  ( -12.28377519916476857, 6.264999999999998792, -29.64996074148710647 ) ) ;
#1885 = AXIS2_PLACEMENT_3D ( 'NONE', #2963, #4827, #3371 ) ;
#1886 = CARTESIAN_POINT ( 'NONE',  ( 21.91669141516294772, 6.098366653769005552, 23.41722751106247813 ) ) ;
#1887 = ORIENTED_EDGE ( 'NONE', *, *, #42, .T. ) ;
#1888 = LINE ( 'NONE', #1561, #2384 ) ;
#1889 = CARTESIAN_POINT ( 'NONE',  ( -23.32786525393755639, 5.764999999999999680, 3.077596902476492868 ) ) ;
#1890 = LINE ( 'NONE', #2179, #1078 ) ;
#1891 = VECTOR ( 'NONE', #581, 1000.000000000000000 ) ;
#1892 = ADVANCED_FACE ( 'NONE', ( #2801 ), #494, .T. ) ;
#1893 = VERTEX_POINT ( 'NONE', #931 ) ;
#1894 = CARTESIAN_POINT ( 'NONE',  ( 16.85536625282482959, 6.264999999999999680, 18.50060498289537847 ) ) ;
#1895 = CARTESIAN_POINT ( 'NONE',  ( 12.72296122597525603, 5.764999999999999680, -29.43056634765067159 ) ) ;
#1896 = CARTESIAN_POINT ( 'NONE',  ( -20.79608018602539588, 0.000000000000000000, 23.19696497017492476 ) ) ;
#1897 = ORIENTED_EDGE ( 'NONE', *, *, #1340, .F. ) ;
#1898 = CYLINDRICAL_SURFACE ( 'NONE', #4236, 0.4999999999999985567 ) ;
#1899 = EDGE_CURVE ( 'NONE', #1394, #4477, #4293, .T. ) ;
#1900 = CARTESIAN_POINT ( 'NONE',  ( 19.12613749183849521, 6.264999999999999680, 25.73369080688134147 ) ) ;
#1901 = LINE ( 'NONE', #1546, #2582 ) ;
#1902 = ORIENTED_EDGE ( 'NONE', *, *, #4243, .T. ) ;
#1903 = VERTEX_POINT ( 'NONE', #1710 ) ;
#1904 = EDGE_CURVE ( 'NONE', #2492, #3055, #3207, .T. ) ;
#1905 = AXIS2_PLACEMENT_3D ( 'NONE', #3444, #2013, #3789 ) ;
#1906 = DIRECTION ( 'NONE',  ( -0.000000000000000000, -1.000000000000000000, -0.000000000000000000 ) ) ;
#1907 = ORIENTED_EDGE ( 'NONE', *, *, #1828, .T. ) ;
#1908 = CARTESIAN_POINT ( 'NONE',  ( 21.65644285628432897, 3.265000000000000124, -12.50335311276526618 ) ) ;
#1909 = CARTESIAN_POINT ( 'NONE',  ( -12.70309359613186651, 5.915060844301293308, -29.44090885504533617 ) ) ;
#1910 = CARTESIAN_POINT ( 'NONE',  ( -11.72428514981518255, 3.265000000000000124, 11.03241121076153597 ) ) ;
#1911 = ORIENTED_EDGE ( 'NONE', *, *, #4363, .T. ) ;
#1912 = DIRECTION ( 'NONE',  ( -0.6427876096865970945, 0.000000000000000000, -0.7660444431189294967 ) ) ;
#1913 = FACE_OUTER_BOUND ( 'NONE', #1365, .T. ) ;
#1914 = VECTOR ( 'NONE', #3587, 1000.000000000000227 ) ;
#1915 = ORIENTED_EDGE ( 'NONE', *, *, #283, .T. ) ;
#1916 = CARTESIAN_POINT ( 'NONE',  ( -8.828903344063828484, 5.764999999999999680, 13.46192501608416947 ) ) ;
#1917 = LINE ( 'NONE', #1187, #2312 ) ;
#1918 = LINE ( 'NONE', #4860, #1974 ) ;
#1919 = AXIS2_PLACEMENT_3D ( 'NONE', #1240, #4174, #3821 ) ;
#1920 = ORIENTED_EDGE ( 'NONE', *, *, #2253, .F. ) ;
#1921 = CARTESIAN_POINT ( 'NONE',  ( 24.44967702698105683, 5.764999999999999680, 5.346872873588295327 ) ) ;
#1922 = CARTESIAN_POINT ( 'NONE',  ( 11.61707311970207712, 6.264999999999999680, 12.25785032243555506 ) ) ;
#1923 = AXIS2_PLACEMENT_3D ( 'NONE', #2807, #3526, #910 ) ;
#1924 = DIRECTION ( 'NONE',  ( 0.9063077870364757427, 0.000000000000000000, 0.4226182617410730313 ) ) ;
#1925 = ORIENTED_EDGE ( 'NONE', *, *, #415, .F. ) ;
#1926 = ADVANCED_FACE ( 'NONE', ( #1983 ), #4635, .F. ) ;
#1927 = ORIENTED_EDGE ( 'NONE', *, *, #2679, .T. ) ;
#1928 = CARTESIAN_POINT ( 'NONE',  ( 23.56909177937838962, 6.264999999999999680, 4.683888629679213267 ) ) ;
#1929 = ORIENTED_EDGE ( 'NONE', *, *, #2491, .T. ) ;
#1930 = DIRECTION ( 'NONE',  ( 1.776356839400250465E-15, 0.000000000000000000, -1.000000000000000000 ) ) ;
#1931 = ORIENTED_EDGE ( 'NONE', *, *, #2204, .F. ) ;
#1932 = EDGE_CURVE ( 'NONE', #251, #231, #939, .T. ) ;
#1933 = DIRECTION ( 'NONE',  ( -0.9961946980918062744, 0.000000000000000000, 0.08715574274696420709 ) ) ;
#1934 = DIRECTION ( 'NONE',  ( 1.000000000000000000, 0.000000000000000000, 0.000000000000000000 ) ) ;
#1935 = CARTESIAN_POINT ( 'NONE',  ( -31.19276894612027107, 5.841007553701616395, 7.419106642638173099 ) ) ;
#1936 = VERTEX_POINT ( 'NONE', #98 ) ;
#1937 = VERTEX_POINT ( 'NONE', #4555 ) ;
#1938 = CYLINDRICAL_SURFACE ( 'NONE', #3948, 0.5000000000000000000 ) ;
#1939 = CARTESIAN_POINT ( 'NONE',  ( 3.692205798609079270, 5.764999999999999680, -15.66973438633268856 ) ) ;
#1940 = DIRECTION ( 'NONE',  ( -0.000000000000000000, -1.000000000000000000, -0.000000000000000000 ) ) ;
#1941 = VERTEX_POINT ( 'NONE', #3488 ) ;
#1942 = EDGE_CURVE ( 'NONE', #700, #4316, #1955, .T. ) ;
#1943 = CARTESIAN_POINT ( 'NONE',  ( 20.54618363729410291, 6.264999999999999680, 23.67701177387600353 ) ) ;
#1944 = DIRECTION ( 'NONE',  ( 0.000000000000000000, 1.000000000000000000, 0.000000000000000000 ) ) ;
#1945 = ORIENTED_EDGE ( 'NONE', *, *, #516, .F. ) ;
#1946 = CYLINDRICAL_SURFACE ( 'NONE', #1327, 0.5000000000000001110 ) ;
#1947 = CYLINDRICAL_SURFACE ( 'NONE', #2753, 0.5000000000000007772 ) ;
#1948 = DIRECTION ( 'NONE',  ( 0.000000000000000000, 0.000000000000000000, -1.000000000000000000 ) ) ;
#1949 = VERTEX_POINT ( 'NONE', #827 ) ;
#1950 =( BOUNDED_CURVE ( )  B_SPLINE_CURVE ( 3, ( #1210, #3426, #4617, #2731 ),
 .UNSPECIFIED., .F., .T. ) 
 B_SPLINE_CURVE_WITH_KNOTS ( ( 4, 4 ),
 ( 3.141592653589793116, 4.712388980384691450 ),
 .UNSPECIFIED. ) 
 CURVE ( )  GEOMETRIC_REPRESENTATION_ITEM ( )  RATIONAL_B_SPLINE_CURVE ( ( 1.000000000000000000, 0.8047378541243646044, 0.8047378541243646044, 1.000000000000000000 ) ) 
 REPRESENTATION_ITEM ( '' )  );
#1951 = ORIENTED_EDGE ( 'NONE', *, *, #2283, .T. ) ;
#1952 = CARTESIAN_POINT ( 'NONE',  ( -30.48720104788181828, 3.265000000000000124, 6.411451255149191120 ) ) ;
#1953 = ADVANCED_FACE ( 'NONE', ( #4238 ), #1606, .F. ) ;
#1954 = ORIENTED_EDGE ( 'NONE', *, *, #3985, .T. ) ;
#1955 = LINE ( 'NONE', #4607, #3691 ) ;
#1956 = CIRCLE ( 'NONE', #3351, 14.64608244481026667 ) ;
#1957 = ORIENTED_EDGE ( 'NONE', *, *, #2404, .T. ) ;
#1958 = DIRECTION ( 'NONE',  ( 0.3420201433255953272, 0.000000000000000000, 0.9396926207859350733 ) ) ;
#1959 = CARTESIAN_POINT ( 'NONE',  ( -1.019999999997242446, 3.265000000000000124, 25.00670622553088762 ) ) ;
#1960 = AXIS2_PLACEMENT_3D ( 'NONE', #1494, #4203, #3754 ) ;
#1961 = CARTESIAN_POINT ( 'NONE',  ( 10.30423900446900909, 6.264999999999999680, 13.08909024249325981 ) ) ;
#1962 = EDGE_CURVE ( 'NONE', #12, #1644, #144, .T. ) ;
#1963 = VERTEX_POINT ( 'NONE', #2298 ) ;
#1964 = VERTEX_POINT ( 'NONE', #487 ) ;
#1965 = VECTOR ( 'NONE', #4279, 1000.000000000000114 ) ;
#1966 = CIRCLE ( 'NONE', #2048, 23.53000000000000114 ) ;
#1967 = EDGE_CURVE ( 'NONE', #4464, #1937, #160, .T. ) ;
#1968 = FACE_OUTER_BOUND ( 'NONE', #3244, .T. ) ;
#1969 = ADVANCED_FACE ( 'NONE', ( #1654 ), #2744, .F. ) ;
#1970 = VECTOR ( 'NONE', #1617, 1000.000000000000000 ) ;
#1971 = CARTESIAN_POINT ( 'NONE',  ( 19.21032001071086981, 6.044248922266396207, 25.67953737599576769 ) ) ;
#1972 = ORIENTED_EDGE ( 'NONE', *, *, #3156, .F. ) ;
#1973 = CARTESIAN_POINT ( 'NONE',  ( 3.692205798609078382, 5.851846802861055963, -15.66973438633268856 ) ) ;
#1974 = VECTOR ( 'NONE', #1445, 1000.000000000000114 ) ;
#1975 = DIRECTION ( 'NONE',  ( 0.000000000000000000, 0.000000000000000000, -1.000000000000000000 ) ) ;
#1976 = ORIENTED_EDGE ( 'NONE', *, *, #4852, .T. ) ;
#1977 = DIRECTION ( 'NONE',  ( -0.000000000000000000, -1.000000000000000000, -0.000000000000000000 ) ) ;
#1978 = CARTESIAN_POINT ( 'NONE',  ( 15.29263558886092866, 5.764999999999999680, 19.81189170665698640 ) ) ;
#1979 = ORIENTED_EDGE ( 'NONE', *, *, #3943, .F. ) ;
#1980 = ORIENTED_EDGE ( 'NONE', *, *, #4038, .T. ) ;
#1981 = CARTESIAN_POINT ( 'NONE',  ( -12.72296122597416002, 6.264999999999999680, -29.43056634764681334 ) ) ;
#1982 = ORIENTED_EDGE ( 'NONE', *, *, #1532, .F. ) ;
#1983 = FACE_OUTER_BOUND ( 'NONE', #2517, .T. ) ;
#1984 = ORIENTED_EDGE ( 'NONE', *, *, #1024, .F. ) ;
#1985 = CARTESIAN_POINT ( 'NONE',  ( -19.23334952206178272, 5.764999999999999680, 24.50825169393615610 ) ) ;
#1986 = EDGE_CURVE ( 'NONE', #929, #1404, #67, .T. ) ;
#1987 = AXIS2_PLACEMENT_3D ( 'NONE', #3511, #37, #4262 ) ;
#1988 = CARTESIAN_POINT ( 'NONE',  ( -22.16644285628606070, 3.265000000000000124, -11.62000720090157557 ) ) ;
#1989 = ORIENTED_EDGE ( 'NONE', *, *, #1534, .T. ) ;
#1990 = EDGE_LOOP ( 'NONE', ( #723, #3967, #4041, #43 ) ) ;
#1991 = CIRCLE ( 'NONE', #477, 14.64608244481071431 ) ;
#1992 = CARTESIAN_POINT ( 'NONE',  ( 16.16077264764568966, 6.264999999999999680, 18.45068247196039124 ) ) ;
#1993 = ADVANCED_FACE ( 'NONE', ( #3835 ), #3811, .F. ) ;
#1994 = LINE ( 'NONE', #46, #713 ) ;
#1995 = LINE ( 'NONE', #3474, #1401 ) ;
#1996 = VERTEX_POINT ( 'NONE', #463 ) ;
#1997 = VECTOR ( 'NONE', #3472, 1000.000000000000227 ) ;
#1998 = LINE ( 'NONE', #3122, #3537 ) ;
#1999 = EDGE_CURVE ( 'NONE', #4287, #2244, #1200, .T. ) ;
#2000 = EDGE_CURVE ( 'NONE', #2342, #4692, #1175, .T. ) ;
#2001 = CARTESIAN_POINT ( 'NONE',  ( 0.000000000000000000, 5.764999999999999680, 0.000000000000000000 ) ) ;
#2002 = CARTESIAN_POINT ( 'NONE',  ( -22.97362297149675214, 5.764999999999999680, 5.086604718622892207 ) ) ;
#2003 = ORIENTED_EDGE ( 'NONE', *, *, #4667, .F. ) ;
#2004 = AXIS2_PLACEMENT_3D ( 'NONE', #2799, #4643, #902 ) ;
#2005 = CARTESIAN_POINT ( 'NONE',  ( 0.000000000000000000, 0.000000000000000000, 0.000000000000000000 ) ) ;
#2006 = DIRECTION ( 'NONE',  ( 1.454760214912327929E-15, 0.5457393103138310497, -0.8379550138152905836 ) ) ;
#2007 = ORIENTED_EDGE ( 'NONE', *, *, #2782, .F. ) ;
#2008 = AXIS2_PLACEMENT_3D ( 'NONE', #3878, #2708, #2364 ) ;
#2009 = ORIENTED_EDGE ( 'NONE', *, *, #4637, .F. ) ;
#2010 = FACE_OUTER_BOUND ( 'NONE', #2457, .T. ) ;
#2011 = AXIS2_PLACEMENT_3D ( 'NONE', #2483, #3973, #591 ) ;
#2012 = ORIENTED_EDGE ( 'NONE', *, *, #4200, .T. ) ;
#2013 = DIRECTION ( 'NONE',  ( 0.9396926207859083169, 0.000000000000000000, -0.3420201433256689905 ) ) ;
#2014 = EDGE_LOOP ( 'NONE', ( #2102, #1728, #3318, #948 ) ) ;
#2015 = DIRECTION ( 'NONE',  ( 0.000000000000000000, 0.000000000000000000, -1.000000000000000000 ) ) ;
#2016 = CARTESIAN_POINT ( 'NONE',  ( 3.692205798609079270, 0.000000000000000000, -15.66973438633268856 ) ) ;
#2017 = PRODUCT_DEFINITION ( 'UNKNOWN', '', #148, #4831 ) ;
#2018 = EDGE_CURVE ( 'NONE', #2741, #3593, #1552, .T. ) ;
#2019 = CARTESIAN_POINT ( 'NONE',  ( -16.85536625282397338, 5.764999999999999680, 18.50060498289616362 ) ) ;
#2020 = DIRECTION ( 'NONE',  ( -0.000000000000000000, -1.000000000000000000, -0.000000000000000000 ) ) ;
#2021 = LINE ( 'NONE', #2758, #4152 ) ;
#2022 = EDGE_CURVE ( 'NONE', #502, #929, #3057, .T. ) ;
#2023 = ORIENTED_EDGE ( 'NONE', *, *, #630, .T. ) ;
#2024 = EDGE_CURVE ( 'NONE', #536, #4475, #4652, .T. ) ;
#2025 = CARTESIAN_POINT ( 'NONE',  ( -24.49641643738681296, 6.228709313982507823, 3.561570976938170485 ) ) ;
#2026 = VERTEX_POINT ( 'NONE', #3862 ) ;
#2027 = PLANE ( 'NONE',  #843 ) ;
#2028 = EDGE_CURVE ( 'NONE', #3072, #1880, #3715, .T. ) ;
#2029 = DIRECTION ( 'NONE',  ( -0.9848077530122211209, 0.000000000000000000, -0.1736481776668561960 ) ) ;
#2030 = ORIENTED_EDGE ( 'NONE', *, *, #3735, .F. ) ;
#2031 = ORIENTED_EDGE ( 'NONE', *, *, #4666, .T. ) ;
#2032 = DIRECTION ( 'NONE',  ( -0.000000000000000000, -1.000000000000000000, 0.000000000000000000 ) ) ;
#2033 = EDGE_LOOP ( 'NONE', ( #3134, #3836, #346, #4324 ) ) ;
#2034 = CARTESIAN_POINT ( 'NONE',  ( 0.000000000000000000, 6.264999999999999680, 0.000000000000000000 ) ) ;
#2035 = ORIENTED_EDGE ( 'NONE', *, *, #4874, .T. ) ;
#2036 = CARTESIAN_POINT ( 'NONE',  ( 14.45316420228341237, 6.055188110906356336, 18.67718128205048700 ) ) ;
#2037 = CARTESIAN_POINT ( 'NONE',  ( 0.000000000000000000, 6.264999999999999680, 0.000000000000000000 ) ) ;
#2038 = CIRCLE ( 'NONE', #4306, 24.52749999999999631 ) ;
#2039 = CARTESIAN_POINT ( 'NONE',  ( 23.07722683461676638, 6.055188110906356336, 5.017236064247724059 ) ) ;
#2040 = FACE_OUTER_BOUND ( 'NONE', #2261, .T. ) ;
#2041 = FACE_OUTER_BOUND ( 'NONE', #3338, .T. ) ;
#2042 = ORIENTED_EDGE ( 'NONE', *, *, #2527, .F. ) ;
#2043 = AXIS2_PLACEMENT_3D ( 'NONE', #3955, #2811, #3528 ) ;
#2044 = DIRECTION ( 'NONE',  ( -0.000000000000000000, -1.000000000000000000, -0.000000000000000000 ) ) ;
#2045 = CARTESIAN_POINT ( 'NONE',  ( 8.872481215437538538, 5.764999999999999680, 12.96382766703892742 ) ) ;
#2046 = EDGE_CURVE ( 'NONE', #1085, #428, #1818, .T. ) ;
#2047 = VECTOR ( 'NONE', #4618, 1000.000000000000114 ) ;
#2048 = AXIS2_PLACEMENT_3D ( 'NONE', #3322, #3343, #4798 ) ;
#2049 = ORIENTED_EDGE ( 'NONE', *, *, #425, .F. ) ;
#2050 = CARTESIAN_POINT ( 'NONE',  ( -21.78835228229031529, 6.226413309392039075, 23.55278414163769085 ) ) ;
#2051 = CARTESIAN_POINT ( 'NONE',  ( 9.171249647149318562, 5.764999999999999680, -30.72328364303766790 ) ) ;
#2052 = VECTOR ( 'NONE', #2796, 1000.000000000000114 ) ;
#2053 = ORIENTED_EDGE ( 'NONE', *, *, #3813, .F. ) ;
#2054 = EDGE_CURVE ( 'NONE', #2348, #2983, #4610, .T. ) ;
#2055 = ORIENTED_EDGE ( 'NONE', *, *, #2775, .T. ) ;
#2056 = DIRECTION ( 'NONE',  ( 0.000000000000000000, 0.000000000000000000, 1.000000000000000000 ) ) ;
#2057 = ORIENTED_EDGE ( 'NONE', *, *, #1183, .F. ) ;
#2058 = ORIENTED_EDGE ( 'NONE', *, *, #607, .F. ) ;
#2059 = ADVANCED_FACE ( 'NONE', ( #2148 ), #3633, .F. ) ;
#2060 = EDGE_CURVE ( 'NONE', #925, #1268, #897, .T. ) ;
#2061 = CARTESIAN_POINT ( 'NONE',  ( -11.41561486279142912, 6.229921559809637799, 11.35956963622874838 ) ) ;
#2062 = CARTESIAN_POINT ( 'NONE',  ( 16.77838861730841558, 5.764999999999999680, 1.922747461918894674 ) ) ;
#2063 = ORIENTED_EDGE ( 'NONE', *, *, #2381, .F. ) ;
#2064 = CARTESIAN_POINT ( 'NONE',  ( -30.48720104788181828, 0.000000000000000000, 6.411451255149191120 ) ) ;
#2065 = CARTESIAN_POINT ( 'NONE',  ( -22.16644285628606070, 0.000000000000000000, -11.62000720090157557 ) ) ;
#2066 = LINE ( 'NONE', #3992, #535 ) ;
#2067 = CARTESIAN_POINT ( 'NONE',  ( -15.29263558886042063, 5.764999999999999680, 19.81189170665737365 ) ) ;
#2068 = ORIENTED_EDGE ( 'NONE', *, *, #1862, .F. ) ;
#2069 = DIRECTION ( 'NONE',  ( -0.000000000000000000, -1.000000000000000000, -0.000000000000000000 ) ) ;
#2070 = CARTESIAN_POINT ( 'NONE',  ( -15.61225507546109981, 6.264999999999997904, 3.958206425718479249 ) ) ;
#2071 = CARTESIAN_POINT ( 'NONE',  ( 30.84144333032081420, 6.264999999999999680, 4.402443439001797465 ) ) ;
#2072 = CARTESIAN_POINT ( 'NONE',  ( -22.00636987691850166, 5.915251510363400911, 23.32071050754222696 ) ) ;
#2073 = DIRECTION ( 'NONE',  ( -0.5735764363512142472, 0.000000000000000000, -0.8191520442888740039 ) ) ;
#2074 = ORIENTED_EDGE ( 'NONE', *, *, #645, .F. ) ;
#2075 = CARTESIAN_POINT ( 'NONE',  ( 16.77838861730841558, 0.000000000000000000, 1.922747461918894674 ) ) ;
#2076 = ORIENTED_EDGE ( 'NONE', *, *, #1780, .F. ) ;
#2077 = CARTESIAN_POINT ( 'NONE',  ( 0.000000000000000000, 5.764999999999999680, 0.000000000000000000 ) ) ;
#2078 = CARTESIAN_POINT ( 'NONE',  ( -7.243917375737627395, 5.851846802861057739, -14.37701709155922991 ) ) ;
#2079 = EDGE_LOOP ( 'NONE', ( #4104, #4239, #2886, #1897 ) ) ;
#2080 = EDGE_CURVE ( 'NONE', #414, #3663, #3291, .T. ) ;
#2081 = VECTOR ( 'NONE', #3250, 999.9999999999998863 ) ;
#2082 = ORIENTED_EDGE ( 'NONE', *, *, #1805, .F. ) ;
#2083 = CARTESIAN_POINT ( 'NONE',  ( -11.62179428098823486, 6.063953584472925762, 11.14306653760067789 ) ) ;
#2084 =( BOUNDED_CURVE ( )  B_SPLINE_CURVE ( 3, ( #675, #4529, #774, #1961 ),
 .UNSPECIFIED., .F., .T. ) 
 B_SPLINE_CURVE_WITH_KNOTS ( ( 4, 4 ),
 ( 3.141592653589793116, 4.712388980384689674 ),
 .UNSPECIFIED. ) 
 CURVE ( )  GEOMETRIC_REPRESENTATION_ITEM ( )  RATIONAL_B_SPLINE_CURVE ( ( 1.000000000000000000, 0.8047378541243649375, 0.8047378541243649375, 1.000000000000000000 ) ) 
 REPRESENTATION_ITEM ( '' )  );
#2085 = AXIS2_PLACEMENT_3D ( 'NONE', #232, #2838, #3958 ) ;
#2086 = CARTESIAN_POINT ( 'NONE',  ( 0.000000000000000000, 0.000000000000000000, 0.000000000000000000 ) ) ;
#2087 = VERTEX_POINT ( 'NONE', #3007 ) ;
#2088 = ADVANCED_FACE ( 'NONE', ( #3360 ), #1825, .T. ) ;
#2089 = B_SPLINE_CURVE_WITH_KNOTS ( 'NONE', 3,
 ( #3231, #1261, #2777, #4267, #3969, #1311, #3914, #3542 ),
 .UNSPECIFIED., .F., .F.,
 ( 4, 2, 2, 4 ),
 ( -4.472650285586273371E-06, 0.0004674945079885345313, 0.0007034780871255951525, 0.0009394616662626557738 ),
 .UNSPECIFIED. ) ;
#2090 = AXIS2_PLACEMENT_3D ( 'NONE', #1785, #1482, #726 ) ;
#2091 = DIRECTION ( 'NONE',  ( 0.9848077530122080203, -0.000000000000000000, 0.1736481776669306643 ) ) ;
#2092 = LINE ( 'NONE', #4320, #3879 ) ;
#2093 = FACE_OUTER_BOUND ( 'NONE', #4165, .T. ) ;
#2094 = EDGE_LOOP ( 'NONE', ( #901, #4755, #2789, #316 ) ) ;
#2095 = CARTESIAN_POINT ( 'NONE',  ( -16.07282071980270644, 0.000000000000000000, 0.9150920754742549734 ) ) ;
#2096 = DIRECTION ( 'NONE',  ( -0.000000000000000000, -1.000000000000000000, 0.000000000000000000 ) ) ;
#2097 = DIRECTION ( 'NONE',  ( 0.5735764363512184660, 0.000000000000000000, 0.8191520442888711173 ) ) ;
#2098 = PLANE ( 'NONE',  #1399 ) ;
#2099 = CARTESIAN_POINT ( 'NONE',  ( -9.511283720561255706, 0.000000000000000000, -23.14975676409983052 ) ) ;
#2100 = ORIENTED_EDGE ( 'NONE', *, *, #331, .F. ) ;
#2101 = CARTESIAN_POINT ( 'NONE',  ( 31.23834335489615555, 6.098599059609118633, 7.271518973567456356 ) ) ;
#2102 = ORIENTED_EDGE ( 'NONE', *, *, #4694, .T. ) ;
#2103 = LINE ( 'NONE', #3904, #908 ) ;
#2104 = ORIENTED_EDGE ( 'NONE', *, *, #4270, .F. ) ;
#2105 = CARTESIAN_POINT ( 'NONE',  ( 16.42414633486759712, 0.000000000000000000, 3.931755278064975823 ) ) ;
#2106 = EDGE_CURVE ( 'NONE', #1745, #2819, #3591, .T. ) ;
#2107 = CARTESIAN_POINT ( 'NONE',  ( -24.44967702698092182, 5.844909940079745070, 5.346872873588894848 ) ) ;
#2108 = ORIENTED_EDGE ( 'NONE', *, *, #2633, .T. ) ;
#2109 = DIRECTION ( 'NONE',  ( 0.5735764363516123732, -0.000000000000000000, -0.8191520442885952269 ) ) ;
#2110 = DIRECTION ( 'NONE',  ( -1.000000000000000000, 0.000000000000000000, 0.000000000000000000 ) ) ;
#2111 = EDGE_CURVE ( 'NONE', #502, #776, #3683, .T. ) ;
#2112 = CARTESIAN_POINT ( 'NONE',  ( 24.05914606170105330, 6.264999999999999680, 4.770298421664434407 ) ) ;
#2113 = ORIENTED_EDGE ( 'NONE', *, *, #4366, .T. ) ;
#2114 = CIRCLE ( 'NONE', #3063, 14.64608244481071431 ) ;
#2115 = DIRECTION ( 'NONE',  ( -0.9848077530122122392, 0.000000000000000000, -0.1736481776669060451 ) ) ;
#2116 = DIRECTION ( 'NONE',  ( 0.000000000000000000, 1.000000000000000000, -0.000000000000000000 ) ) ;
#2117 = ADVANCED_FACE ( 'NONE', ( #2170 ), #3313, .T. ) ;
#2118 = LINE ( 'NONE', #4417, #4394 ) ;
#2119 = VECTOR ( 'NONE', #659, 1000.000000000000000 ) ;
#2120 = DIRECTION ( 'NONE',  ( 0.8191520442888741149, 0.000000000000000000, -0.5735764363512143582 ) ) ;
#2121 = ORIENTED_EDGE ( 'NONE', *, *, #3135, .F. ) ;
#2122 = DIRECTION ( 'NONE',  ( -0.5735764363512143582, 0.000000000000000000, -0.8191520442888740039 ) ) ;
#2123 = ORIENTED_EDGE ( 'NONE', *, *, #3877, .T. ) ;
#2124 = CARTESIAN_POINT ( 'NONE',  ( 19.65932503706211065, 6.264999999999999680, 25.37618590062853841 ) ) ;
#2125 = CARTESIAN_POINT ( 'NONE',  ( -20.06650459954959942, 4.844211972148243284, -10.40760728309315830 ) ) ;
#2126 = CARTESIAN_POINT ( 'NONE',  ( 8.948331856831682529, 6.055186808242949859, -21.85539688200428188 ) ) ;
#2127 = ORIENTED_EDGE ( 'NONE', *, *, #1227, .T. ) ;
#2128 = VECTOR ( 'NONE', #3514, 1000.000000000000114 ) ;
#2129 = LINE ( 'NONE', #3228, #2182 ) ;
#2130 = ORIENTED_EDGE ( 'NONE', *, *, #1371, .F. ) ;
#2131 = LINE ( 'NONE', #1453, #4268 ) ;
#2132 = DIRECTION ( 'NONE',  ( 1.000000000000000000, 0.000000000000000000, 0.000000000000000000 ) ) ;
#2133 = DIRECTION ( 'NONE',  ( -0.3420201433256418455, 0.000000000000000000, 0.9396926207859181979 ) ) ;
#2134 = VERTEX_POINT ( 'NONE', #4078 ) ;
#2135 = ADVANCED_FACE ( 'NONE', ( #4866 ), #2295, .T. ) ;
#2136 = DIRECTION ( 'NONE',  ( 0.3420201433256698231, -0.000000000000000000, 0.9396926207859079838 ) ) ;
#2137 = FACE_OUTER_BOUND ( 'NONE', #112, .T. ) ;
#2138 = PLANE ( 'NONE',  #2363 ) ;
#2139 = DIRECTION ( 'NONE',  ( 0.9848077530122122392, -0.000000000000000000, 0.1736481776669059340 ) ) ;
#2140 = ADVANCED_FACE ( 'NONE', ( #1495 ), #2539, .F. ) ;
#2141 = VECTOR ( 'NONE', #1186, 1000.000000000000000 ) ;
#2142 = CARTESIAN_POINT ( 'NONE',  ( 6.687283929632237722, 6.264999999999999680, -14.65238428445571373 ) ) ;
#2143 = VERTEX_POINT ( 'NONE', #275 ) ;
#2144 = DIRECTION ( 'NONE',  ( 0.3420201433256698231, 0.000000000000000000, 0.9396926207859079838 ) ) ;
#2145 = ORIENTED_EDGE ( 'NONE', *, *, #1798, .F. ) ;
#2146 = CARTESIAN_POINT ( 'NONE',  ( -8.998655526815836581, 5.764999999999999680, -21.74132237720848693 ) ) ;
#2147 = CARTESIAN_POINT ( 'NONE',  ( 19.84842270412693566, 3.265000000000000124, -12.63728674036868860 ) ) ;
#2148 = FACE_OUTER_BOUND ( 'NONE', #2387, .T. ) ;
#2149 = ORIENTED_EDGE ( 'NONE', *, *, #2921, .T. ) ;
#2150 = CARTESIAN_POINT ( 'NONE',  ( 6.724046161570117697, 0.000000000000000000, -15.49188450811890938 ) ) ;
#2151 = CIRCLE ( 'NONE', #4103, 23.52999999999999758 ) ;
#2152 = ORIENTED_EDGE ( 'NONE', *, *, #2221, .F. ) ;
#2153 = DIRECTION ( 'NONE',  ( -0.000000000000000000, -1.000000000000000000, -0.000000000000000000 ) ) ;
#2154 = AXIS2_PLACEMENT_3D ( 'NONE', #1696, #2096, #3950 ) ;
#2155 = FACE_OUTER_BOUND ( 'NONE', #74, .T. ) ;
#2156 = CIRCLE ( 'NONE', #2011, 23.53000000000000114 ) ;
#2157 = ORIENTED_EDGE ( 'NONE', *, *, #3238, .F. ) ;
#2158 = DIRECTION ( 'NONE',  ( -0.4226182617402906017, 0.000000000000000000, -0.9063077870368405620 ) ) ;
#2159 = DIRECTION ( 'NONE',  ( -0.7660444431189912251, 0.000000000000000000, -0.6427876096865234867 ) ) ;
#2160 = EDGE_CURVE ( 'NONE', #3815, #1850, #4033, .T. ) ;
#2161 = ADVANCED_FACE ( 'NONE', ( #4767 ), #1040, .T. ) ;
#2162 = DIRECTION ( 'NONE',  ( -0.000000000000000000, -1.000000000000000000, -0.000000000000000000 ) ) ;
#2163 = EDGE_LOOP ( 'NONE', ( #3810, #1736, #3065, #1957 ) ) ;
#2164 = CARTESIAN_POINT ( 'NONE',  ( -24.23974016647481022, 6.264999999999999680, 3.746098358530855155 ) ) ;
#2165 = DIRECTION ( 'NONE',  ( 0.000000000000000000, 0.000000000000000000, 1.000000000000000000 ) ) ;
#2166 = CARTESIAN_POINT ( 'NONE',  ( 16.42414633486759712, 6.264999999999999680, 3.931755278064975823 ) ) ;
#2167 = ORIENTED_EDGE ( 'NONE', *, *, #2024, .T. ) ;
#2168 = EDGE_CURVE ( 'NONE', #4820, #4686, #666, .T. ) ;
#2169 = CARTESIAN_POINT ( 'NONE',  ( 0.000000000000000000, 5.764999999999999680, 0.000000000000000000 ) ) ;
#2170 = FACE_OUTER_BOUND ( 'NONE', #3143, .T. ) ;
#2171 = ORIENTED_EDGE ( 'NONE', *, *, #3414, .F. ) ;
#2172 = CARTESIAN_POINT ( 'NONE',  ( -19.75406189090918829, 5.764999999999999680, -9.211470339384602468 ) ) ;
#2173 = ORIENTED_EDGE ( 'NONE', *, *, #4220, .T. ) ;
#2174 = CARTESIAN_POINT ( 'NONE',  ( -21.65644285628416910, 3.265000000000000124, -12.50335311276552908 ) ) ;
#2175 = DIRECTION ( 'NONE',  ( -0.7660444431189292747, 0.000000000000000000, 0.6427876096865973166 ) ) ;
#2176 = EDGE_LOOP ( 'NONE', ( #2861, #3535, #2448, #4623, #3726, #1427 ) ) ;
#2177 = CARTESIAN_POINT ( 'NONE',  ( -20.79608018602539588, 5.764999999999999680, 23.19696497017492476 ) ) ;
#2178 = DIRECTION ( 'NONE',  ( -0.000000000000000000, -1.000000000000000000, 0.000000000000000000 ) ) ;
#2179 = CARTESIAN_POINT ( 'NONE',  ( 6.270892268051662555, 6.264999999999999680, -15.28057537724883908 ) ) ;
#2180 = DIRECTION ( 'NONE',  ( -0.4226182617401657016, 0.000000000000000000, 0.9063077870368988487 ) ) ;
#2181 = ORIENTED_EDGE ( 'NONE', *, *, #906, .F. ) ;
#2182 = VECTOR ( 'NONE', #1357, 1000.000000000000114 ) ;
#2183 = DIRECTION ( 'NONE',  ( -0.3420201433255953272, -0.000000000000000000, -0.9396926207859350733 ) ) ;
#2184 = DIRECTION ( 'NONE',  ( 0.000000000000000000, 1.000000000000000000, -0.000000000000000000 ) ) ;
#2185 = ADVANCED_FACE ( 'NONE', ( #2242 ), #4840, .F. ) ;
#2186 = DIRECTION ( 'NONE',  ( -0.000000000000000000, -1.000000000000000000, 0.000000000000000000 ) ) ;
#2187 = CARTESIAN_POINT ( 'NONE',  ( 16.77838861730841558, 5.764999999999999680, 1.922747461918894452 ) ) ;
#2188 = AXIS2_PLACEMENT_3D ( 'NONE', #4423, #1466, #1874 ) ;
#2189 = AXIS2_PLACEMENT_3D ( 'NONE', #1193, #821, #1948 ) ;
#2190 = ORIENTED_EDGE ( 'NONE', *, *, #1431, .F. ) ;
#2191 = CARTESIAN_POINT ( 'NONE',  ( -9.210267474636385288, 6.219357122083194689, 13.21027438555955946 ) ) ;
#2192 = CARTESIAN_POINT ( 'NONE',  ( 24.23974016647490970, 6.264999999999999680, 3.746098358530197903 ) ) ;
#2193 = VECTOR ( 'NONE', #2737, 1000.000000000000000 ) ;
#2194 = EDGE_LOOP ( 'NONE', ( #4037, #1577, #623, #117 ) ) ;
#2195 = ADVANCED_FACE ( 'NONE', ( #3703 ), #4819, .F. ) ;
#2196 = VECTOR ( 'NONE', #3818, 1000.000000000000114 ) ;
#2197 = CARTESIAN_POINT ( 'NONE',  ( -5.276919525559022439, 5.764999999999999680, -16.01859552883808746 ) ) ;
#2198 = ORIENTED_EDGE ( 'NONE', *, *, #3631, .T. ) ;
#2199 = ADVANCED_FACE ( 'NONE', ( #4101 ), #1624, .T. ) ;
#2200 = VECTOR ( 'NONE', #3431, 1000.000000000000114 ) ;
#2201 = CARTESIAN_POINT ( 'NONE',  ( -16.85536625282397338, 0.000000000000000000, 18.50060498289616362 ) ) ;
#2202 = CARTESIAN_POINT ( 'NONE',  ( -9.511283720561253929, 0.000000000000000000, -23.14975676409983407 ) ) ;
#2203 = ORIENTED_EDGE ( 'NONE', *, *, #4694, .F. ) ;
#2204 = EDGE_CURVE ( 'NONE', #257, #231, #1901, .T. ) ;
#2205 = CARTESIAN_POINT ( 'NONE',  ( -8.998655526815836581, 0.000000000000000000, -21.74132237720848693 ) ) ;
#2206 = DIRECTION ( 'NONE',  ( -0.9396926207859073177, 0.000000000000000000, -0.3420201433256716550 ) ) ;
#2207 = FACE_OUTER_BOUND ( 'NONE', #1253, .T. ) ;
#2208 = EDGE_LOOP ( 'NONE', ( #4680, #3084, #1377, #4815 ) ) ;
#2209 = DIRECTION ( 'NONE',  ( -0.000000000000000000, -1.000000000000000000, -0.000000000000000000 ) ) ;
#2210 = DIRECTION ( 'NONE',  ( 0.000000000000000000, 0.000000000000000000, 1.000000000000000000 ) ) ;
#2211 = CARTESIAN_POINT ( 'NONE',  ( 7.437823489742085847, 6.228980324420346548, -22.61343839493580532 ) ) ;
#2212 = ORIENTED_EDGE ( 'NONE', *, *, #3406, .F. ) ;
#2213 = LINE ( 'NONE', #3701, #3990 ) ;
#2214 = CARTESIAN_POINT ( 'NONE',  ( 16.48760416466110712, 6.264999999999999680, 2.379187623289520381 ) ) ;
#2215 = EDGE_CURVE ( 'NONE', #2588, #2793, #4204, .T. ) ;
#2216 = DIRECTION ( 'NONE',  ( 0.1736481776669362154, 0.000000000000000000, -0.9848077530122071321 ) ) ;
#2217 = ORIENTED_EDGE ( 'NONE', *, *, #699, .F. ) ;
#2218 = VECTOR ( 'NONE', #4648, 1000.000000000000114 ) ;
#2219 = ORIENTED_EDGE ( 'NONE', *, *, #1780, .T. ) ;
#2220 = DIRECTION ( 'NONE',  ( 0.5735764363505591046, 0.000000000000000000, 0.8191520442893327481 ) ) ;
#2221 = EDGE_CURVE ( 'NONE', #1138, #2476, #426, .T. ) ;
#2222 = EDGE_CURVE ( 'NONE', #3189, #1055, #455, .T. ) ;
#2223 = ORIENTED_EDGE ( 'NONE', *, *, #3259, .T. ) ;
#2224 = DIRECTION ( 'NONE',  ( -0.000000000000000000, -1.000000000000000000, -0.000000000000000000 ) ) ;
#2225 = CIRCLE ( 'NONE', #97, 24.03000000000000114 ) ;
#2226 = FACE_OUTER_BOUND ( 'NONE', #2033, .T. ) ;
#2227 = EDGE_CURVE ( 'NONE', #1264, #3854, #2367, .T. ) ;
#2228 = ORIENTED_EDGE ( 'NONE', *, *, #2345, .F. ) ;
#2229 = CIRCLE ( 'NONE', #1601, 24.03000000000000114 ) ;
#2230 = CARTESIAN_POINT ( 'NONE',  ( -1.019999999997242446, 0.000000000000000000, 23.50788165701039034 ) ) ;
#2231 = CARTESIAN_POINT ( 'NONE',  ( -15.50891816952571745, 5.764999999999999680, 17.67383255581410140 ) ) ;
#2232 = LINE ( 'NONE', #4803, #2988 ) ;
#2233 = AXIS2_PLACEMENT_3D ( 'NONE', #3168, #981, #3214 ) ;
#2234 = EDGE_LOOP ( 'NONE', ( #3964, #715, #139, #2683 ) ) ;
#2235 = CARTESIAN_POINT ( 'NONE',  ( -11.72428514981518255, 0.000000000000000000, 11.03241121076153597 ) ) ;
#2236 = FACE_OUTER_BOUND ( 'NONE', #2378, .T. ) ;
#2237 = DIRECTION ( 'NONE',  ( -0.000000000000000000, -1.000000000000000000, 0.000000000000000000 ) ) ;
#2238 = CARTESIAN_POINT ( 'NONE',  ( 7.583776682980289507, 6.264999999999999680, -22.68412254957943830 ) ) ;
#2239 = ORIENTED_EDGE ( 'NONE', *, *, #425, .T. ) ;
#2240 = CARTESIAN_POINT ( 'NONE',  ( -16.85536625282397338, 5.844909940079744182, 18.50060498289616007 ) ) ;
#2241 = CARTESIAN_POINT ( 'NONE',  ( -8.998655526815831251, 6.264999999999999680, -21.74132237720849048 ) ) ;
#2242 = FACE_OUTER_BOUND ( 'NONE', #483, .T. ) ;
#2243 = ORIENTED_EDGE ( 'NONE', *, *, #3985, .F. ) ;
#2244 = VERTEX_POINT ( 'NONE', #869 ) ;
#2245 = DIRECTION ( 'NONE',  ( -0.6427876096865468014, 0.000000000000000000, 0.7660444431189719072 ) ) ;
#2246 = ORIENTED_EDGE ( 'NONE', *, *, #2921, .F. ) ;
#2247 = FACE_OUTER_BOUND ( 'NONE', #2693, .T. ) ;
#2248 = EDGE_CURVE ( 'NONE', #2536, #2741, #1245, .T. ) ;
#2249 = DIRECTION ( 'NONE',  ( -0.000000000000000000, -1.000000000000000000, -0.000000000000000000 ) ) ;
#2250 = CARTESIAN_POINT ( 'NONE',  ( -0.09029705238680615920, 5.764999999999999680, 0.5121000315663439828 ) ) ;
#2251 = ORIENTED_EDGE ( 'NONE', *, *, #3899, .T. ) ;
#2252 = CARTESIAN_POINT ( 'NONE',  ( 30.84144333032082130, 6.057893218813450886, 4.402443439001797465 ) ) ;
#2253 = EDGE_CURVE ( 'NONE', #826, #28, #3052, .T. ) ;
#2254 = DIRECTION ( 'NONE',  ( -0.8191520442892409326, 0.000000000000000000, -0.5735764363506903329 ) ) ;
#2255 = DIRECTION ( 'NONE',  ( -0.9961946980917285588, 0.000000000000000000, 0.08715574274785162223 ) ) ;
#2256 = ORIENTED_EDGE ( 'NONE', *, *, #3156, .T. ) ;
#2257 = CARTESIAN_POINT ( 'NONE',  ( 10.05434245573841068, 0.000000000000000000, 13.56913704619687699 ) ) ;
#2258 = EDGE_CURVE ( 'NONE', #929, #2486, #4601, .T. ) ;
#2259 = CARTESIAN_POINT ( 'NONE',  ( 0.000000000000000000, 6.264999999999999680, 0.000000000000000000 ) ) ;
#2260 = CARTESIAN_POINT ( 'NONE',  ( -19.12613749183868350, 0.000000000000000000, 25.73369080688125976 ) ) ;
#2261 = EDGE_LOOP ( 'NONE', ( #3229, #966 ) ) ;
#2262 = DIRECTION ( 'NONE',  ( -0.9848077530122083534, 0.000000000000000000, 0.1736481776669289434 ) ) ;
#2263 = CARTESIAN_POINT ( 'NONE',  ( -11.60809380826081316, 5.764999999999999680, -28.91069513293903270 ) ) ;
#2264 = DIRECTION ( 'NONE',  ( -0.000000000000000000, -1.000000000000000000, -0.000000000000000000 ) ) ;
#2265 = ORIENTED_EDGE ( 'NONE', *, *, #1591, .F. ) ;
#2266 = VECTOR ( 'NONE', #4765, 1000.000000000000000 ) ;
#2267 = ORIENTED_EDGE ( 'NONE', *, *, #4282, .F. ) ;
#2268 = DIRECTION ( 'NONE',  ( 0.8191520442892409326, -0.000000000000000000, 0.5735764363506903329 ) ) ;
#2269 = ORIENTED_EDGE ( 'NONE', *, *, #4333, .F. ) ;
#2270 = AXIS2_PLACEMENT_3D ( 'NONE', #3855, #3804, #480 ) ;
#2271 = AXIS2_PLACEMENT_3D ( 'NONE', #3980, #273, #4816 ) ;
#2272 = DIRECTION ( 'NONE',  ( 0.08715574274745542527, 0.000000000000000000, -0.9961946980917633088 ) ) ;
#2273 = CARTESIAN_POINT ( 'NONE',  ( -12.72296122597415646, 5.841007553701625277, -29.43056634764681689 ) ) ;
#2274 = VECTOR ( 'NONE', #3120, 1000.000000000000000 ) ;
#2275 = VECTOR ( 'NONE', #437, 1000.000000000000000 ) ;
#2276 = CARTESIAN_POINT ( 'NONE',  ( 20.86842270412930844, 4.241147254709439984, -10.87059491664489030 ) ) ;
#2277 = EDGE_CURVE ( 'NONE', #1212, #1330, #4519, .T. ) ;
#2278 = VERTEX_POINT ( 'NONE', #115 ) ;
#2279 = CARTESIAN_POINT ( 'NONE',  ( 9.511283720560109955, 6.264999999999999680, -23.14975676410030658 ) ) ;
#2280 = DIRECTION ( 'NONE',  ( 0.08715574274745555017, 0.000000000000000000, -0.9961946980917633088 ) ) ;
#2281 = VECTOR ( 'NONE', #1849, 1000.000000000000000 ) ;
#2282 = DIRECTION ( 'NONE',  ( 0.000000000000000000, 0.000000000000000000, 1.000000000000000000 ) ) ;
#2283 = EDGE_CURVE ( 'NONE', #334, #4183, #766, .T. ) ;
#2284 = VERTEX_POINT ( 'NONE', #3483 ) ;
#2285 = FACE_OUTER_BOUND ( 'NONE', #1370, .T. ) ;
#2286 = CARTESIAN_POINT ( 'NONE',  ( 12.50178425574276631, 6.264999999999999680, 17.85439826558163645 ) ) ;
#2287 = CARTESIAN_POINT ( 'NONE',  ( 7.193559528885755228, 6.055188110906355448, -22.49408271979812923 ) ) ;
#2288 = ORIENTED_EDGE ( 'NONE', *, *, #1709, .F. ) ;
#2289 = FACE_OUTER_BOUND ( 'NONE', #4283, .T. ) ;
#2290 = ADVANCED_FACE ( 'NONE', ( #3127 ), #400, .T. ) ;
#2291 = DIRECTION ( 'NONE',  ( -0.000000000000000000, -1.000000000000000000, 0.000000000000000000 ) ) ;
#2292 = ORIENTED_EDGE ( 'NONE', *, *, #560, .T. ) ;
#2293 =( BOUNDED_CURVE ( )  B_SPLINE_CURVE ( 3, ( #85, #1593, #2386, #1267 ),
 .UNSPECIFIED., .F., .T. ) 
 B_SPLINE_CURVE_WITH_KNOTS ( ( 4, 4 ),
 ( 3.141592653589793116, 4.712388980384689674 ),
 .UNSPECIFIED. ) 
 CURVE ( )  GEOMETRIC_REPRESENTATION_ITEM ( )  RATIONAL_B_SPLINE_CURVE ( ( 1.000000000000000000, 0.8047378541243649375, 0.8047378541243649375, 1.000000000000000000 ) ) 
 REPRESENTATION_ITEM ( '' )  );
#2294 = ORIENTED_EDGE ( 'NONE', *, *, #3079, .T. ) ;
#2295 = TOROIDAL_SURFACE ( 'NONE', #777, 24.52749999999999275, 0.5000000000000000000 ) ;
#2296 = CARTESIAN_POINT ( 'NONE',  ( 6.724046161570117697, 5.764999999999999680, -15.49188450811890938 ) ) ;
#2297 = ORIENTED_EDGE ( 'NONE', *, *, #3864, .F. ) ;
#2298 = CARTESIAN_POINT ( 'NONE',  ( 16.16077264764568966, 6.264999999999999680, 18.45068247196039124 ) ) ;
#2299 = PLANE ( 'NONE',  #2466 ) ;
#2300 = DIRECTION ( 'NONE',  ( -0.000000000000000000, -1.000000000000000000, -0.000000000000000000 ) ) ;
#2301 = DIRECTION ( 'NONE',  ( 0.9848077530122083534, 0.000000000000000000, -0.1736481776669292765 ) ) ;
#2302 = VERTEX_POINT ( 'NONE', #1167 ) ;
#2303 = ORIENTED_EDGE ( 'NONE', *, *, #4144, .T. ) ;
#2304 = LINE ( 'NONE', #1232, #566 ) ;
#2305 = CARTESIAN_POINT ( 'NONE',  ( -20.69256964635087570, 6.264999999999997904, 23.39580686684273658 ) ) ;
#2306 = DIRECTION ( 'NONE',  ( 0.5735764363506832275, 0.000000000000000000, -0.8191520442892458176 ) ) ;
#2307 = VECTOR ( 'NONE', #4136, 1000.000000000000114 ) ;
#2308 = VERTEX_POINT ( 'NONE', #2686 ) ;
#2309 = CARTESIAN_POINT ( 'NONE',  ( 5.206084834573428743, 6.264999999999999680, -15.82397881484279267 ) ) ;
#2310 = CARTESIAN_POINT ( 'NONE',  ( 11.20908218885301366, 6.264999999999999680, -29.27632191860117672 ) ) ;
#2311 = EDGE_CURVE ( 'NONE', #3299, #1328, #3436, .T. ) ;
#2312 = VECTOR ( 'NONE', #4223, 1000.000000000000000 ) ;
#2313 = ORIENTED_EDGE ( 'NONE', *, *, #2168, .T. ) ;
#2314 = FACE_OUTER_BOUND ( 'NONE', #619, .T. ) ;
#2315 = PLANE ( 'NONE',  #2270 ) ;
#2316 = AXIS2_PLACEMENT_3D ( 'NONE', #655, #3301, #1457 ) ;
#2317 = FACE_OUTER_BOUND ( 'NONE', #3195, .T. ) ;
#2318 = ORIENTED_EDGE ( 'NONE', *, *, #1660, .F. ) ;
#2319 = ADVANCED_FACE ( 'NONE', ( #2317 ), #3805, .T. ) ;
#2320 = VERTEX_POINT ( 'NONE', #2340 ) ;
#2321 = DIRECTION ( 'NONE',  ( 0.000000000000000000, -1.000000000000000000, 0.000000000000000000 ) ) ;
#2322 = EDGE_LOOP ( 'NONE', ( #3420, #4056, #2691, #95 ) ) ;
#2323 = DIRECTION ( 'NONE',  ( 0.6427876096865571265, -0.000000000000000000, 0.7660444431189631365 ) ) ;
#2324 = ORIENTED_EDGE ( 'NONE', *, *, #887, .T. ) ;
#2325 = CARTESIAN_POINT ( 'NONE',  ( -16.77838861730829123, 0.000000000000000000, 1.922747461919029899 ) ) ;
#2326 = DIRECTION ( 'NONE',  ( 0.000000000000000000, 0.000000000000000000, -1.000000000000000000 ) ) ;
#2327 = CARTESIAN_POINT ( 'NONE',  ( 19.23334952206225523, 0.000000000000000000, 24.50825169393582570 ) ) ;
#2328 = ORIENTED_EDGE ( 'NONE', *, *, #2283, .F. ) ;
#2329 = CARTESIAN_POINT ( 'NONE',  ( 16.31763371663227247, 6.264999999999998792, 18.46272686086856041 ) ) ;
#2330 = DIRECTION ( 'NONE',  ( 0.9961946980917285588, -0.000000000000000000, -0.08715574274785162223 ) ) ;
#2331 = CARTESIAN_POINT ( 'NONE',  ( 15.66324469765772598, 6.264999999999999680, 1.201880293650165576 ) ) ;
#2332 = VERTEX_POINT ( 'NONE', #3857 ) ;
#2333 = CARTESIAN_POINT ( 'NONE',  ( 4.056871809506885640, 6.191524577312426558, -15.58381920123245301 ) ) ;
#2334 = CARTESIAN_POINT ( 'NONE',  ( 0.000000000000000000, 0.000000000000000000, 0.000000000000000000 ) ) ;
#2335 = CARTESIAN_POINT ( 'NONE',  ( -22.99829044659396260, 5.924497393407476942, 5.070130268428334475 ) ) ;
#2336 = ORIENTED_EDGE ( 'NONE', *, *, #4333, .T. ) ;
#2337 = DIRECTION ( 'NONE',  ( -0.000000000000000000, -1.000000000000000000, -0.000000000000000000 ) ) ;
#2338 = DIRECTION ( 'NONE',  ( -0.000000000000000000, -1.000000000000000000, -0.000000000000000000 ) ) ;
#2339 = EDGE_CURVE ( 'NONE', #1301, #1936, #481, .T. ) ;
#2340 = CARTESIAN_POINT ( 'NONE',  ( -6.724046161570257141, 5.764999999999999680, -15.49188450811626794 ) ) ;
#2341 = ORIENTED_EDGE ( 'NONE', *, *, #2227, .T. ) ;
#2342 = VERTEX_POINT ( 'NONE', #3151 ) ;
#2343 = DIRECTION ( 'NONE',  ( -0.9063077870365631172, -0.000000000000000000, 0.4226182617408856812 ) ) ;
#2344 = VERTEX_POINT ( 'NONE', #4374 ) ;
#2345 = EDGE_CURVE ( 'NONE', #1937, #3390, #3926, .T. ) ;
#2346 = CARTESIAN_POINT ( 'NONE',  ( 0.000000000000000000, 3.265000000000000124, 0.000000000000000000 ) ) ;
#2347 = AXIS2_PLACEMENT_3D ( 'NONE', #2086, #538, #4381 ) ;
#2348 = VERTEX_POINT ( 'NONE', #1323 ) ;
#2349 = CARTESIAN_POINT ( 'NONE',  ( 9.794555928166381875, 6.264999999999999680, -30.56969980137531806 ) ) ;
#2350 = CARTESIAN_POINT ( 'NONE',  ( 7.081682580411109207, 6.264999999999999680, -22.43904346959338980 ) ) ;
#2351 = AXIS2_PLACEMENT_3D ( 'NONE', #665, #3680, #1852 ) ;
#2352 = CARTESIAN_POINT ( 'NONE',  ( 19.44714498010817749, 6.265000000000000568, 24.44084224494611135 ) ) ;
#2353 = EDGE_CURVE ( 'NONE', #4492, #4516, #3138, .T. ) ;
#2354 = VERTEX_POINT ( 'NONE', #2051 ) ;
#2355 = VECTOR ( 'NONE', #3889, 1000.000000000000000 ) ;
#2356 = CARTESIAN_POINT ( 'NONE',  ( 0.4886401628093650085, 5.764999999999999680, -0.1778504745295992062 ) ) ;
#2357 = CARTESIAN_POINT ( 'NONE',  ( 9.691120861856093782, 0.000000000000000000, -29.60841622532396400 ) ) ;
#2358 = DIRECTION ( 'NONE',  ( -0.000000000000000000, -1.000000000000000000, -0.000000000000000000 ) ) ;
#2359 = CIRCLE ( 'NONE', #3368, 25.02749999999999275 ) ;
#2360 = DIRECTION ( 'NONE',  ( 0.9848077530122123502, 0.000000000000000000, 0.1736481776669060728 ) ) ;
#2361 = ORIENTED_EDGE ( 'NONE', *, *, #4425, .T. ) ;
#2362 = FACE_OUTER_BOUND ( 'NONE', #734, .T. ) ;
#2363 = AXIS2_PLACEMENT_3D ( 'NONE', #3974, #3621, #3169 ) ;
#2364 = DIRECTION ( 'NONE',  ( 0.000000000000000000, 0.000000000000000000, -1.000000000000000000 ) ) ;
#2365 = VERTEX_POINT ( 'NONE', #1348 ) ;
#2366 = FACE_OUTER_BOUND ( 'NONE', #506, .T. ) ;
#2367 = LINE ( 'NONE', #89, #1558 ) ;
#2368 = VERTEX_POINT ( 'NONE', #1298 ) ;
#2369 = ORIENTED_EDGE ( 'NONE', *, *, #4213, .F. ) ;
#2370 = CARTESIAN_POINT ( 'NONE',  ( 11.46754741149788792, 6.191524577312447875, 11.30526364754570423 ) ) ;
#2371 = VERTEX_POINT ( 'NONE', #3194 ) ;
#2372 = CARTESIAN_POINT ( 'NONE',  ( 0.000000000000000000, 6.264999999999999680, 0.000000000000000000 ) ) ;
#2373 = ORIENTED_EDGE ( 'NONE', *, *, #2353, .F. ) ;
#2374 = CARTESIAN_POINT ( 'NONE',  ( -11.69833114099324156, 5.933231137178862191, 11.06076956316376858 ) ) ;
#2375 = EDGE_CURVE ( 'NONE', #3125, #870, #4697, .T. ) ;
#2376 = ADVANCED_FACE ( 'NONE', ( #551 ), #1270, .F. ) ;
#2377 = CARTESIAN_POINT ( 'NONE',  ( 19.75406189091075504, 6.264999999999999680, -9.211470339388647233 ) ) ;
#2378 = EDGE_LOOP ( 'NONE', ( #2917, #2324, #2328, #1219 ) ) ;
#2379 = DIRECTION ( 'NONE',  ( 0.6427876096865468014, -0.000000000000000000, -0.7660444431189717962 ) ) ;
#2380 = CARTESIAN_POINT ( 'NONE',  ( -31.19276894612026751, 0.000000000000000000, 7.419106642638173099 ) ) ;
#2381 = EDGE_CURVE ( 'NONE', #3648, #4602, #1673, .T. ) ;
#2382 = CARTESIAN_POINT ( 'NONE',  ( 21.71325459516050671, 6.264999999999999680, 1.899663625324519156 ) ) ;
#2383 = VERTEX_POINT ( 'NONE', #4280 ) ;
#2384 = VECTOR ( 'NONE', #3067, 1000.000000000000000 ) ;
#2385 = CARTESIAN_POINT ( 'NONE',  ( 12.72296122597525603, 6.264999999999999680, -29.43056634765067159 ) ) ;
#2386 = CARTESIAN_POINT ( 'NONE',  ( 16.37562690112475039, 6.264999999999997904, 3.712898255688598770 ) ) ;
#2387 = EDGE_LOOP ( 'NONE', ( #4249, #32, #4017, #867 ) ) ;
#2388 = AXIS2_PLACEMENT_3D ( 'NONE', #241, #3639, #4039 ) ;
#2389 = DIRECTION ( 'NONE',  ( 0.3420201433256684909, 0.000000000000000000, -0.9396926207859085389 ) ) ;
#2390 = CARTESIAN_POINT ( 'NONE',  ( 0.000000000000000000, 6.264999999999999680, 0.000000000000000000 ) ) ;
#2391 = ORIENTED_EDGE ( 'NONE', *, *, #3757, .F. ) ;
#2392 = ORIENTED_EDGE ( 'NONE', *, *, #1403, .T. ) ;
#2393 = CARTESIAN_POINT ( 'NONE',  ( 15.89194039108607015, 0.000000000000000000, 17.35243875097005528 ) ) ;
#2394 = ORIENTED_EDGE ( 'NONE', *, *, #2227, .F. ) ;
#2395 = CARTESIAN_POINT ( 'NONE',  ( 14.32920972712218344, 0.000000000000000000, 18.66372547473165255 ) ) ;
#2396 = VERTEX_POINT ( 'NONE', #574 ) ;
#2397 = LINE ( 'NONE', #3490, #3290 ) ;
#2398 = CARTESIAN_POINT ( 'NONE',  ( -6.500088757882004131, 6.264999999999997904, -15.48210631669995507 ) ) ;
#2399 = EDGE_CURVE ( 'NONE', #2354, #2413, #4351, .T. ) ;
#2400 = CARTESIAN_POINT ( 'NONE',  ( 22.97362297149689070, 5.764999999999999680, 5.086604718622285581 ) ) ;
#2401 = DIRECTION ( 'NONE',  ( 0.3420201433256684909, -0.000000000000000000, -0.9396926207859085389 ) ) ;
#2402 = CARTESIAN_POINT ( 'NONE',  ( -7.583776682980322370, 6.264999999999999680, -22.68412254957942054 ) ) ;
#2403 = ORIENTED_EDGE ( 'NONE', *, *, #1045, .T. ) ;
#2404 = EDGE_CURVE ( 'NONE', #855, #2961, #4740, .T. ) ;
#2405 = CARTESIAN_POINT ( 'NONE',  ( 0.000000000000000000, 6.264999999999999680, 0.000000000000000000 ) ) ;
#2406 = DIRECTION ( 'NONE',  ( 0.9961946980917979477, 0.000000000000000000, 0.08715574274706108793 ) ) ;
#2407 = CARTESIAN_POINT ( 'NONE',  ( -23.12979363360715723, 6.107366286027168023, 4.981943058282484849 ) ) ;
#2408 = ORIENTED_EDGE ( 'NONE', *, *, #1549, .T. ) ;
#2409 = CARTESIAN_POINT ( 'NONE',  ( -19.75406189090918829, 6.264999999999999680, -9.211470339384604245 ) ) ;
#2410 = ADVANCED_FACE ( 'NONE', ( #3900 ), #526, .T. ) ;
#2411 = CARTESIAN_POINT ( 'NONE',  ( -16.04665894396707415, 6.229921559809634246, 1.364119405300080468 ) ) ;
#2412 = ORIENTED_EDGE ( 'NONE', *, *, #2454, .T. ) ;
#2413 = VERTEX_POINT ( 'NONE', #4678 ) ;
#2414 = CARTESIAN_POINT ( 'NONE',  ( 9.404371784382465904, 6.052167313796303461, -23.10244304234588952 ) ) ;
#2415 = ORIENTED_EDGE ( 'NONE', *, *, #1160, .T. ) ;
#2416 = CARTESIAN_POINT ( 'NONE',  ( -1.019999999997243556, 4.239220602781249347, 23.51083993326506061 ) ) ;
#2417 = ORIENTED_EDGE ( 'NONE', *, *, #721, .F. ) ;
#2418 = LINE ( 'NONE', #215, #2128 ) ;
#2419 =( BOUNDED_CURVE ( )  B_SPLINE_CURVE ( 3, ( #4049, #4784, #1416, #660 ),
 .UNSPECIFIED., .F., .T. ) 
 B_SPLINE_CURVE_WITH_KNOTS ( ( 4, 4 ),
 ( 0.000000000000000000, 1.570796326794894560 ),
 .UNSPECIFIED. ) 
 CURVE ( )  GEOMETRIC_REPRESENTATION_ITEM ( )  RATIONAL_B_SPLINE_CURVE ( ( 1.000000000000000000, 0.8047378541243654926, 0.8047378541243654926, 1.000000000000000000 ) ) 
 REPRESENTATION_ITEM ( '' )  );
#2420 = CARTESIAN_POINT ( 'NONE',  ( -24.38451783834807785, 6.052165718555737151, 5.249802292978974272 ) ) ;
#2421 = EDGE_LOOP ( 'NONE', ( #1694, #1783, #806, #162 ) ) ;
#2422 = VECTOR ( 'NONE', #3966, 1000.000000000000000 ) ;
#2423 = CARTESIAN_POINT ( 'NONE',  ( -14.32920972712166652, 5.764999999999999680, 18.66372547473203625 ) ) ;
#2425 = DIRECTION ( 'NONE',  ( 0.4226182617402906572, -0.000000000000000000, 0.9063077870368405620 ) ) ;
#2424 = AXIS2_PLACEMENT_3D ( 'NONE', #2147, #4788, #2935 ) ;
#2426 = FACE_OUTER_BOUND ( 'NONE', #1634, .T. ) ;
#2427 = EDGE_CURVE ( 'NONE', #2741, #4207, #52, .T. ) ;
#2428 = CARTESIAN_POINT ( 'NONE',  ( -7.193559528885804966, 6.055188110906352783, -22.49408271979810792 ) ) ;
#2429 = ORIENTED_EDGE ( 'NONE', *, *, #2022, .F. ) ;
#2430 = VECTOR ( 'NONE', #2162, 1000.000000000000000 ) ;
#2431 = AXIS2_PLACEMENT_3D ( 'NONE', #3137, #4189, #3064 ) ;
#2432 = CARTESIAN_POINT ( 'NONE',  ( 31.83028302722169656, 6.226507457126691847, 4.037238454830210266 ) ) ;
#2433 = B_SPLINE_CURVE_WITH_KNOTS ( 'NONE', 3,
 ( #1632, #191, #926, #2036, #3158, #4313, #4728, #3227 ),
 .UNSPECIFIED., .F., .F.,
 ( 4, 2, 2, 4 ),
 ( 0.000000000000000000, 0.0002402254661766077852, 0.0004804509323532155703, 0.0009609018647064345017 ),
 .UNSPECIFIED. ) ;
#2434 = CARTESIAN_POINT ( 'NONE',  ( -21.71325459514958922, 5.764999999999999680, 1.899663625312524307 ) ) ;
#2435 = CARTESIAN_POINT ( 'NONE',  ( -15.86490037205734183, 6.228980324420348325, 17.74806328844956838 ) ) ;
#2436 = VECTOR ( 'NONE', #176, 1000.000000000000114 ) ;
#2437 = ORIENTED_EDGE ( 'NONE', *, *, #4599, .T. ) ;
#2438 = ADVANCED_FACE ( 'NONE', ( #3219 ), #1742, .T. ) ;
#2439 = CARTESIAN_POINT ( 'NONE',  ( -9.171249647149547712, 5.841037802762249598, -30.72328364303757553 ) ) ;
#2440 = CARTESIAN_POINT ( 'NONE',  ( 9.171249647149318562, 6.264999999999999680, -30.72328364303766790 ) ) ;
#2441 = VECTOR ( 'NONE', #345, 1000.000000000000114 ) ;
#2442 = VERTEX_POINT ( 'NONE', #3352 ) ;
#2443 = CARTESIAN_POINT ( 'NONE',  ( 22.16644285628295208, 3.265000000000000124, -11.62000720090750150 ) ) ;
#2444 = VERTEX_POINT ( 'NONE', #341 ) ;
#2445 = EDGE_CURVE ( 'NONE', #2793, #479, #3696, .T. ) ;
#2446 = CARTESIAN_POINT ( 'NONE',  ( 19.23334952206225523, 5.764999999999999680, 24.50825169393582570 ) ) ;
#2447 = VERTEX_POINT ( 'NONE', #2164 ) ;
#2448 = ORIENTED_EDGE ( 'NONE', *, *, #4628, .T. ) ;
#2449 = CARTESIAN_POINT ( 'NONE',  ( 1.020000000004275487, 3.265000000000000124, 23.50788165701008481 ) ) ;
#2450 = CARTESIAN_POINT ( 'NONE',  ( 11.61707311970207712, 5.764999999999999680, 12.25785032243555506 ) ) ;
#2451 = ORIENTED_EDGE ( 'NONE', *, *, #427, .T. ) ;
#2452 = CARTESIAN_POINT ( 'NONE',  ( 23.43691473198575892, 6.265000000000001457, 4.774318010700406845 ) ) ;
#2453 = CARTESIAN_POINT ( 'NONE',  ( 16.01602368630241102, 6.264999999999999680, 1.705700903103350541 ) ) ;
#2454 = EDGE_CURVE ( 'NONE', #440, #4464, #3330, .T. ) ;
#2455 = CARTESIAN_POINT ( 'NONE',  ( 24.38451783834821640, 6.052165718555742480, 5.249802292978366758 ) ) ;
#2456 = CIRCLE ( 'NONE', #3384, 23.52999999999999758 ) ;
#2457 = EDGE_LOOP ( 'NONE', ( #1603, #1090, #307, #3442 ) ) ;
#2458 = DIRECTION ( 'NONE',  ( 0.6427876096865400291, -0.000000000000000000, 0.7660444431189773473 ) ) ;
#2459 = DIRECTION ( 'NONE',  ( -0.000000000000000000, -1.000000000000000000, -0.000000000000000000 ) ) ;
#2460 = LINE ( 'NONE', #1669, #4865 ) ;
#2461 = CARTESIAN_POINT ( 'NONE',  ( -31.84909871781260904, 3.265000000000000124, 3.696875540765334645 ) ) ;
#2462 = CARTESIAN_POINT ( 'NONE',  ( -16.01602368630264550, 6.264999999999999680, 1.705700903103305466 ) ) ;
#2463 = FACE_OUTER_BOUND ( 'NONE', #458, .T. ) ;
#2464 = EDGE_CURVE ( 'NONE', #1394, #2772, #810, .T. ) ;
#2465 = DIRECTION ( 'NONE',  ( -0.000000000000000000, -1.000000000000000000, -0.000000000000000000 ) ) ;
#2466 = AXIS2_PLACEMENT_3D ( 'NONE', #1908, #2989, #4557 ) ;
#2467 = ORIENTED_EDGE ( 'NONE', *, *, #3937, .F. ) ;
#2468 = CARTESIAN_POINT ( 'NONE',  ( 9.486292702637179275, 5.921873957769901331, -23.13872723846425217 ) ) ;
#2469 = VECTOR ( 'NONE', #4199, 1000.000000000000000 ) ;
#2470 = EDGE_LOOP ( 'NONE', ( #1774, #2913, #610, #243 ) ) ;
#2471 = EDGE_CURVE ( 'NONE', #601, #2442, #4835, .T. ) ;
#2472 = CARTESIAN_POINT ( 'NONE',  ( -14.32920972712166652, 3.265000000000000124, 18.66372547473203625 ) ) ;
#2473 = AXIS2_PLACEMENT_3D ( 'NONE', #3119, #3872, #4194 ) ;
#2474 = CYLINDRICAL_SURFACE ( 'NONE', #289, 23.53000000000000114 ) ;
#2475 = ADVANCED_FACE ( 'NONE', ( #1461 ), #4420, .F. ) ;
#2476 = VERTEX_POINT ( 'NONE', #1390 ) ;
#2477 = EDGE_CURVE ( 'NONE', #3295, #4768, #3672, .T. ) ;
#2478 = DIRECTION ( 'NONE',  ( 8.881784197001252323E-16, 0.000000000000000000, -1.000000000000000000 ) ) ;
#2479 = DIRECTION ( 'NONE',  ( -0.000000000000000000, -1.000000000000000000, -0.000000000000000000 ) ) ;
#2480 = CARTESIAN_POINT ( 'NONE',  ( 16.07282071980216287, 0.000000000000000000, 0.9150920754745583974 ) ) ;
#2481 = ORIENTED_EDGE ( 'NONE', *, *, #1808, .T. ) ;
#2482 = PLANE ( 'NONE',  #624 ) ;
#2483 = CARTESIAN_POINT ( 'NONE',  ( 0.000000000000000000, 5.764999999999999680, 0.000000000000000000 ) ) ;
#2484 = DIRECTION ( 'NONE',  ( 0.000000000000000000, -1.000000000000000000, 0.000000000000000000 ) ) ;
#2485 = CARTESIAN_POINT ( 'NONE',  ( 8.828903344064013226, 5.851862816039520077, 13.46192501608483028 ) ) ;
#2486 = VERTEX_POINT ( 'NONE', #2972 ) ;
#2487 = FACE_OUTER_BOUND ( 'NONE', #4654, .T. ) ;
#2488 = VERTEX_POINT ( 'NONE', #2235 ) ;
#2489 = CARTESIAN_POINT ( 'NONE',  ( -11.20908218885295149, 6.264999999999999680, -29.27632191859746769 ) ) ;
#2490 = CARTESIAN_POINT ( 'NONE',  ( -19.23334952206178272, 5.764999999999999680, 24.50825169393615610 ) ) ;
#2491 = EDGE_CURVE ( 'NONE', #2791, #92, #2577, .T. ) ;
#2492 = VERTEX_POINT ( 'NONE', #4397 ) ;
#2493 = CARTESIAN_POINT ( 'NONE',  ( -11.72428514981518255, 5.764999999999999680, 11.03241121076153597 ) ) ;
#2494 = CARTESIAN_POINT ( 'NONE',  ( -24.14800734296209583, 6.265000000000000568, 4.900121897817901306 ) ) ;
#2495 = EDGE_CURVE ( 'NONE', #1949, #1223, #1845, .T. ) ;
#2496 = VERTEX_POINT ( 'NONE', #3722 ) ;
#2497 = FACE_OUTER_BOUND ( 'NONE', #4128, .T. ) ;
#2498 = DIRECTION ( 'NONE',  ( 0.000000000000000000, 1.000000000000000000, 0.000000000000000000 ) ) ;
#2499 = EDGE_CURVE ( 'NONE', #3635, #251, #579, .T. ) ;
#2500 = EDGE_LOOP ( 'NONE', ( #2408, #3678, #4868, #1127 ) ) ;
#2501 = AXIS2_PLACEMENT_3D ( 'NONE', #3293, #4793, #1426 ) ;
#2502 = CARTESIAN_POINT ( 'NONE',  ( -24.23974016647481022, 6.264999999999999680, 3.746098358530855155 ) ) ;
#2503 = CYLINDRICAL_SURFACE ( 'NONE', #3175, 0.5000000000000011102 ) ;
#2504 = CARTESIAN_POINT ( 'NONE',  ( -15.87938606548337184, 6.107366286027165359, 17.54001734185449024 ) ) ;
#2505 = DIRECTION ( 'NONE',  ( -0.9848077530122211209, -0.000000000000000000, -0.1736481776668561960 ) ) ;
#2506 = CIRCLE ( 'NONE', #360, 23.52999999999999758 ) ;
#2507 = CARTESIAN_POINT ( 'NONE',  ( 7.209829457415809273, 5.933231137178720083, -14.39478843223197657 ) ) ;
#2508 = ORIENTED_EDGE ( 'NONE', *, *, #2580, .T. ) ;
#2509 = CIRCLE ( 'NONE', #916, 23.53000000000000114 ) ;
#2510 = FACE_OUTER_BOUND ( 'NONE', #3934, .T. ) ;
#2511 = AXIS2_PLACEMENT_3D ( 'NONE', #3766, #4775, #1048 ) ;
#2512 = ORIENTED_EDGE ( 'NONE', *, *, #743, .T. ) ;
#2513 = DIRECTION ( 'NONE',  ( -0.3420201433256698231, 0.000000000000000000, -0.9396926207859079838 ) ) ;
#2514 = CARTESIAN_POINT ( 'NONE',  ( 24.80391930942181489, 5.844910470631417887, 3.337865057441843142 ) ) ;
#2515 = VECTOR ( 'NONE', #2255, 1000.000000000000000 ) ;
#2516 = CARTESIAN_POINT ( 'NONE',  ( 8.837935982862564543, 6.228979104643722842, -22.10383664143554583 ) ) ;
#2517 = EDGE_LOOP ( 'NONE', ( #4554, #1989, #4702, #533, #1801, #1194, #199, #604 ) ) ;
#2518 = PRODUCT_RELATED_PRODUCT_CATEGORY ( 'part', '', ( #4419 ) ) ;
#2519 = CIRCLE ( 'NONE', #222, 25.02749999999999631 ) ;
#2520 = DIRECTION ( 'NONE',  ( 0.000000000000000000, 1.000000000000000000, -0.000000000000000000 ) ) ;
#2521 = EDGE_LOOP ( 'NONE', ( #631, #2795, #1501, #4698, #767, #3470 ) ) ;
#2522 = CARTESIAN_POINT ( 'NONE',  ( 0.000000000000000000, 3.265000000000000124, 0.000000000000000000 ) ) ;
#2523 = ADVANCED_FACE ( 'NONE', ( #268 ), #1790, .T. ) ;
#2524 = CARTESIAN_POINT ( 'NONE',  ( 10.09792032711194132, 6.264999999999999680, 13.07103969715097769 ) ) ;
#2525 = ORIENTED_EDGE ( 'NONE', *, *, #2547, .T. ) ;
#2526 = CARTESIAN_POINT ( 'NONE',  ( 21.14644285628433806, 3.265000000000000124, -13.38669902462539696 ) ) ;
#2527 = EDGE_CURVE ( 'NONE', #3341, #2444, #683, .T. ) ;
#2528 = CARTESIAN_POINT ( 'NONE',  ( -3.729741856609023465, 5.933231137178863079, -15.66143673156452110 ) ) ;
#2529 = CARTESIAN_POINT ( 'NONE',  ( 0.000000000000000000, 5.764999999999999680, 0.000000000000000000 ) ) ;
#2530 = DIRECTION ( 'NONE',  ( 0.000000000000000000, 1.000000000000000000, -0.000000000000000000 ) ) ;
#2531 = ORIENTED_EDGE ( 'NONE', *, *, #1735, .F. ) ;
#2532 = VECTOR ( 'NONE', #1442, 1000.000000000000000 ) ;
#2533 = CARTESIAN_POINT ( 'NONE',  ( 6.841967413198691617, 6.229921559809612930, -14.57887399399008643 ) ) ;
#2534 = FACE_OUTER_BOUND ( 'NONE', #2997, .T. ) ;
#2535 = CARTESIAN_POINT ( 'NONE',  ( -1.019999999997242446, 3.265000000000000124, 23.50788165701039034 ) ) ;
#2536 = VERTEX_POINT ( 'NONE', #3281 ) ;
#2537 = CARTESIAN_POINT ( 'NONE',  ( -9.015757843248200842, 6.114145032862503548, 13.34086909446311786 ) ) ;
#2538 = CARTESIAN_POINT ( 'NONE',  ( -4.807073215166054680, 0.000000000000000000, -16.18960560050088304 ) ) ;
#2539 = PLANE ( 'NONE',  #2918 ) ;
#2540 = ORIENTED_EDGE ( 'NONE', *, *, #1549, .F. ) ;
#2541 = AXIS2_PLACEMENT_3D ( 'NONE', #1837, #2993, #2158 ) ;
#2542 = FACE_OUTER_BOUND ( 'NONE', #1199, .T. ) ;
#2543 = ORIENTED_EDGE ( 'NONE', *, *, #2866, .F. ) ;
#2544 = CARTESIAN_POINT ( 'NONE',  ( 11.61707311970207712, 5.764999999999999680, 12.25785032243555506 ) ) ;
#2545 = AXIS2_PLACEMENT_3D ( 'NONE', #2434, #1668, #613 ) ;
#2546 = CYLINDRICAL_SURFACE ( 'NONE', #1885, 0.5000000000000000000 ) ;
#2547 = EDGE_CURVE ( 'NONE', #1590, #700, #3257, .T. ) ;
#2548 = AXIS2_PLACEMENT_3D ( 'NONE', #1338, #2110, #586 ) ;
#2549 = ORIENTED_EDGE ( 'NONE', *, *, #688, .F. ) ;
#2550 = EDGE_CURVE ( 'NONE', #4011, #530, #4629, .T. ) ;
#2551 = CARTESIAN_POINT ( 'NONE',  ( -24.44967702698092182, 3.265000000000000124, 5.346872873588901065 ) ) ;
#2552 = CARTESIAN_POINT ( 'NONE',  ( 0.000000000000000000, 6.264999999999999680, 0.000000000000000000 ) ) ;
#2553 = CARTESIAN_POINT ( 'NONE',  ( 23.65630044098593743, 6.264999999999997016, 3.529354358305848205 ) ) ;
#2554 = CARTESIAN_POINT ( 'NONE',  ( 22.97362297149689070, 0.000000000000000000, 5.086604718622284693 ) ) ;
#2555 = EDGE_CURVE ( 'NONE', #3051, #739, #382, .T. ) ;
#2556 = ORIENTED_EDGE ( 'NONE', *, *, #4812, .F. ) ;
#2557 = CARTESIAN_POINT ( 'NONE',  ( 15.48168225354114291, 6.113831634978354579, 4.424929995459045529 ) ) ;
#2558 = CARTESIAN_POINT ( 'NONE',  ( -16.77838861730829123, 0.000000000000000000, 1.922747461919029899 ) ) ;
#2559 = CARTESIAN_POINT ( 'NONE',  ( 12.72296122597525425, 5.841037802762303777, -29.43056634765068225 ) ) ;
#2560 = VERTEX_POINT ( 'NONE', #3931 ) ;
#2561 = CARTESIAN_POINT ( 'NONE',  ( 1.020000000004275487, 0.000000000000000000, 23.50788165701008481 ) ) ;
#2562 = CYLINDRICAL_SURFACE ( 'NONE', #2188, 23.53000000000000114 ) ;
#2563 = EDGE_CURVE ( 'NONE', #691, #4576, #2506, .T. ) ;
#2564 = DIRECTION ( 'NONE',  ( 0.1736481776668561960, 0.000000000000000000, -0.9848077530122211209 ) ) ;
#2565 = VERTEX_POINT ( 'NONE', #3224 ) ;
#2566 = CARTESIAN_POINT ( 'NONE',  ( -7.606365202788627933, 5.921872957827535977, -23.82296515685989746 ) ) ;
#2567 = ORIENTED_EDGE ( 'NONE', *, *, #3160, .F. ) ;
#2568 = CARTESIAN_POINT ( 'NONE',  ( -8.922702663149989277, 6.107366286027166247, -21.91329476263758025 ) ) ;
#2569 = ORIENTED_EDGE ( 'NONE', *, *, #4657, .F. ) ;
#2570 = DIRECTION ( 'NONE',  ( -0.000000000000000000, -1.000000000000000000, -0.000000000000000000 ) ) ;
#2571 = CARTESIAN_POINT ( 'NONE',  ( -19.23334952206178272, 0.000000000000000000, 24.50825169393615610 ) ) ;
#2572 = CARTESIAN_POINT ( 'NONE',  ( 4.972349239468750071, 6.264999999999999680, -16.03815802711460137 ) ) ;
#2573 =( BOUNDED_CURVE ( )  B_SPLINE_CURVE ( 3, ( #3394, #2352, #4585, #1557 ),
 .UNSPECIFIED., .F., .T. ) 
 B_SPLINE_CURVE_WITH_KNOTS ( ( 4, 4 ),
 ( 4.712388980384686121, 6.283185307179586232 ),
 .UNSPECIFIED. ) 
 CURVE ( )  GEOMETRIC_REPRESENTATION_ITEM ( )  RATIONAL_B_SPLINE_CURVE ( ( 1.000000000000000000, 0.8047378541243641603, 0.8047378541243641603, 1.000000000000000000 ) ) 
 REPRESENTATION_ITEM ( '' )  );
#2574 = DIRECTION ( 'NONE',  ( 0.000000000000000000, 1.000000000000000000, 0.000000000000000000 ) ) ;
#2575 = ORIENTED_EDGE ( 'NONE', *, *, #3387, .F. ) ;
#2576 = AXIS2_PLACEMENT_3D ( 'NONE', #1576, #1222, #1140 ) ;
#2577 = LINE ( 'NONE', #1487, #529 ) ;
#2578 = DIRECTION ( 'NONE',  ( 0.000000000000000000, 0.000000000000000000, -1.000000000000000000 ) ) ;
#2579 = CARTESIAN_POINT ( 'NONE',  ( -16.37562690112477171, 6.264999999999999680, 3.712898255689087268 ) ) ;
#2580 = EDGE_CURVE ( 'NONE', #2320, #3657, #3607, .T. ) ;
#2581 = AXIS2_PLACEMENT_3D ( 'NONE', #4150, #3461, #4125 ) ;
#2582 = VECTOR ( 'NONE', #3080, 1000.000000000000114 ) ;
#2583 = ORIENTED_EDGE ( 'NONE', *, *, #814, .T. ) ;
#2584 = DIRECTION ( 'NONE',  ( -0.000000000000000000, -1.000000000000000000, -0.000000000000000000 ) ) ;
#2585 = CARTESIAN_POINT ( 'NONE',  ( 24.49641329744438067, 6.228710827149447127, 3.561573249653847917 ) ) ;
#2586 = CARTESIAN_POINT ( 'NONE',  ( 20.86842270412794775, 3.265000000000000124, -10.87059491664726174 ) ) ;
#2587 = VECTOR ( 'NONE', #1229, 1000.000000000000114 ) ;
#2588 = VERTEX_POINT ( 'NONE', #1374 ) ;
#2589 = EDGE_CURVE ( 'NONE', #3010, #2839, #3679, .T. ) ;
#2590 = ORIENTED_EDGE ( 'NONE', *, *, #2555, .F. ) ;
#2591 = VECTOR ( 'NONE', #3744, 1000.000000000000000 ) ;
#2592 = CARTESIAN_POINT ( 'NONE',  ( 11.60809380826084514, 5.764999999999999680, -28.91069513294267423 ) ) ;
#2593 = ORIENTED_EDGE ( 'NONE', *, *, #3393, .F. ) ;
#2594 = VECTOR ( 'NONE', #2695, 1000.000000000000114 ) ;
#2595 = CARTESIAN_POINT ( 'NONE',  ( 30.84144333032081420, 0.000000000000000000, 4.402443439001797465 ) ) ;
#2596 = EDGE_CURVE ( 'NONE', #1324, #2342, #2213, .T. ) ;
#2597 = CARTESIAN_POINT ( 'NONE',  ( 22.02151929896933780, 5.764999999999999680, 23.30417700039739159 ) ) ;
#2598 = ORIENTED_EDGE ( 'NONE', *, *, #4853, .F. ) ;
#2599 = CARTESIAN_POINT ( 'NONE',  ( -15.29263558886043306, 3.265000000000000124, 19.81189170665737009 ) ) ;
#2600 = CARTESIAN_POINT ( 'NONE',  ( -23.34541050444306620, 5.924497393407476942, 3.101514595124055251 ) ) ;
#2601 = CARTESIAN_POINT ( 'NONE',  ( -0.9855541338493460923, 6.264999999999999680, 1.174537679707344129 ) ) ;
#2602 = ORIENTED_EDGE ( 'NONE', *, *, #2464, .F. ) ;
#2603 = CARTESIAN_POINT ( 'NONE',  ( 15.41649094842345313, 5.851862816039524517, 4.637323175571753886 ) ) ;
#2604 = EDGE_CURVE ( 'NONE', #507, #2560, #1038, .T. ) ;
#2605 = CARTESIAN_POINT ( 'NONE',  ( -4.807073215166054680, 6.057893218813451774, -16.18960560050088304 ) ) ;
#2606 = CARTESIAN_POINT ( 'NONE',  ( 7.081682580411109207, 5.764999999999999680, -22.43904346959338980 ) ) ;
#2607 = VERTEX_POINT ( 'NONE', #4378 ) ;
#2608 = CARTESIAN_POINT ( 'NONE',  ( 7.551528890804065419, 5.764999999999999680, -22.26803339793055514 ) ) ;
#2609 = CARTESIAN_POINT ( 'NONE',  ( 24.80391930942181489, 5.764999999999999680, 3.337865057441843586 ) ) ;
#2610 = AXIS2_PLACEMENT_3D ( 'NONE', #3747, #4026, #4490 ) ;
#2611 = EDGE_CURVE ( 'NONE', #2560, #1941, #1248, .T. ) ;
#2612 = DIRECTION ( 'NONE',  ( 0.8660254037844428154, 0.000000000000000000, -0.4999999999999928946 ) ) ;
#2613 = VERTEX_POINT ( 'NONE', #3310 ) ;
#2614 = AXIS2_PLACEMENT_3D ( 'NONE', #4672, #3571, #1265 ) ;
#2615 = ORIENTED_EDGE ( 'NONE', *, *, #4791, .F. ) ;
#2616 = DIRECTION ( 'NONE',  ( -0.9396926207859359614, 0.000000000000000000, 0.3420201433255930512 ) ) ;
#2617 = ORIENTED_EDGE ( 'NONE', *, *, #2222, .T. ) ;
#2618 = ADVANCED_FACE ( 'NONE', ( #3287 ), #988, .T. ) ;
#2619 = FACE_OUTER_BOUND ( 'NONE', #1670, .T. ) ;
#2620 = CIRCLE ( 'NONE', #173, 14.64608244481026667 ) ;
#2621 = CARTESIAN_POINT ( 'NONE',  ( 12.14675912257062862, 6.264999999999999680, -29.71356785366922892 ) ) ;
#2622 = ADVANCED_FACE ( 'NONE', ( #2933 ), #4008, .T. ) ;
#2623 = ORIENTED_EDGE ( 'NONE', *, *, #4805, .T. ) ;
#2624 = AXIS2_PLACEMENT_3D ( 'NONE', #4597, #2735, #4540 ) ;
#2625 = FACE_OUTER_BOUND ( 'NONE', #2094, .T. ) ;
#2626 = LINE ( 'NONE', #4801, #4675 ) ;
#2627 = CARTESIAN_POINT ( 'NONE',  ( -15.33261916210317821, 6.228709313982506046, 19.43373344799063318 ) ) ;
#2628 = VECTOR ( 'NONE', #2479, 1000.000000000000000 ) ;
#2629 =( NAMED_UNIT ( * ) SI_UNIT ( $, .STERADIAN. ) SOLID_ANGLE_UNIT ( ) );
#2630 = VERTEX_POINT ( 'NONE', #2124 ) ;
#2631 = DIRECTION ( 'NONE',  ( -0.000000000000000000, -1.000000000000000000, 0.000000000000000000 ) ) ;
#2632 = CARTESIAN_POINT ( 'NONE',  ( -16.42414633486748343, 6.057893218813452663, 3.931755278065442560 ) ) ;
#2633 = EDGE_CURVE ( 'NONE', #170, #4867, #4445, .T. ) ;
#2634 = DIRECTION ( 'NONE',  ( 0.000000000000000000, 1.000000000000000000, 0.000000000000000000 ) ) ;
#2635 = ORIENTED_EDGE ( 'NONE', *, *, #1627, .F. ) ;
#2636 = CARTESIAN_POINT ( 'NONE',  ( 8.828903344064009673, 5.764999999999999680, 13.46192501608482495 ) ) ;
#2637 = CARTESIAN_POINT ( 'NONE',  ( -14.72351928894085127, 6.228980324420346548, 18.70579573432530296 ) ) ;
#2638 = ORIENTED_EDGE ( 'NONE', *, *, #2258, .F. ) ;
#2639 = ORIENTED_EDGE ( 'NONE', *, *, #2589, .F. ) ;
#2640 = PLANE ( 'NONE',  #442 ) ;
#2641 = EDGE_LOOP ( 'NONE', ( #1945, #1676, #1876, #4083 ) ) ;
#2642 = DIRECTION ( 'NONE',  ( -0.000000000000000000, -1.000000000000000000, 0.000000000000000000 ) ) ;
#2643 = DIRECTION ( 'NONE',  ( 0.000000000000000000, 0.000000000000000000, -1.000000000000000000 ) ) ;
#2644 = EDGE_CURVE ( 'NONE', #3248, #2302, #3629, .T. ) ;
#2645 = DIRECTION ( 'NONE',  ( 0.000000000000000000, 0.000000000000000000, 1.000000000000000000 ) ) ;
#2646 = VERTEX_POINT ( 'NONE', #1059 ) ;
#2647 = CARTESIAN_POINT ( 'NONE',  ( -11.60809380826081316, 0.000000000000000000, -28.91069513293903270 ) ) ;
#2648 = FACE_OUTER_BOUND ( 'NONE', #3983, .T. ) ;
#2649 = LINE ( 'NONE', #1028, #1730 ) ;
#2650 = EDGE_CURVE ( 'NONE', #3908, #240, #1594, .T. ) ;
#2651 = DIRECTION ( 'NONE',  ( -0.000000000000000000, -1.000000000000000000, -0.000000000000000000 ) ) ;
#2652 = VERTEX_POINT ( 'NONE', #642 ) ;
#2653 = CYLINDRICAL_SURFACE ( 'NONE', #1179, 23.52999999999999758 ) ;
#2654 = DIRECTION ( 'NONE',  ( -0.000000000000000000, -1.000000000000000000, 0.000000000000000000 ) ) ;
#2655 = CARTESIAN_POINT ( 'NONE',  ( 9.691120861856095559, 6.057893218813450886, -29.60841622532397110 ) ) ;
#2656 = ORIENTED_EDGE ( 'NONE', *, *, #2889, .F. ) ;
#2657 = LINE ( 'NONE', #3803, #366 ) ;
#2658 = CYLINDRICAL_SURFACE ( 'NONE', #528, 0.5000000000000001110 ) ;
#2659 = DIRECTION ( 'NONE',  ( -0.000000000000000000, -1.000000000000000000, -0.000000000000000000 ) ) ;
#2660 = ORIENTED_EDGE ( 'NONE', *, *, #2404, .F. ) ;
#2661 = ORIENTED_EDGE ( 'NONE', *, *, #4200, .F. ) ;
#2662 = CARTESIAN_POINT ( 'NONE',  ( -6.963911218291615413, 6.264999999999999680, 9.945495925541415261 ) ) ;
#2663 = ORIENTED_EDGE ( 'NONE', *, *, #1300, .F. ) ;
#2664 = AXIS2_PLACEMENT_3D ( 'NONE', #2950, #681, #3239 ) ;
#2665 = VECTOR ( 'NONE', #4547, 1000.000000000000000 ) ;
#2666 = DIRECTION ( 'NONE',  ( 0.000000000000000000, 0.000000000000000000, -1.000000000000000000 ) ) ;
#2667 = CARTESIAN_POINT ( 'NONE',  ( 6.724046161570117697, 6.264999999999999680, -15.49188450811890938 ) ) ;
#2668 = LINE ( 'NONE', #1504, #1564 ) ;
#2669 = CIRCLE ( 'NONE', #59, 14.57731163100803684 ) ;
#2670 = DIRECTION ( 'NONE',  ( 0.1736481776669292765, -0.000000000000000000, 0.9848077530122083534 ) ) ;
#2671 = ORIENTED_EDGE ( 'NONE', *, *, #645, .T. ) ;
#2672 = VECTOR ( 'NONE', #537, 1000.000000000000000 ) ;
#2673 = ADVANCED_FACE ( 'NONE', ( #1420 ), #301, .F. ) ;
#2674 = CYLINDRICAL_SURFACE ( 'NONE', #628, 14.57731163100802796 ) ;
#2675 = CARTESIAN_POINT ( 'NONE',  ( -22.97362297149675214, 0.000000000000000000, 5.086604718622892207 ) ) ;
#2676 = UNCERTAINTY_MEASURE_WITH_UNIT (LENGTH_MEASURE( 1.000000000000000082E-05 ), #1865, 'distance_accuracy_value', 'NONE');
#2677 = LINE ( 'NONE', #2331, #2196 ) ;
#2678 = ORIENTED_EDGE ( 'NONE', *, *, #1428, .T. ) ;
#2679 = EDGE_CURVE ( 'NONE', #2728, #757, #153, .T. ) ;
#2680 = CARTESIAN_POINT ( 'NONE',  ( 0.000000000000000000, 3.265000000000000124, 0.000000000000000000 ) ) ;
#2681 = CARTESIAN_POINT ( 'NONE',  ( 11.60809380826084514, 5.764999999999999680, -28.91069513294267423 ) ) ;
#2682 = CARTESIAN_POINT ( 'NONE',  ( -24.80391930942172607, 0.000000000000000000, 3.337865057442499950 ) ) ;
#2683 = ORIENTED_EDGE ( 'NONE', *, *, #4113, .F. ) ;
#2684 = CARTESIAN_POINT ( 'NONE',  ( -19.84842270413053456, 3.265000000000000124, -12.63728674036303268 ) ) ;
#2685 = LINE ( 'NONE', #1900, #2193 ) ;
#2686 = CARTESIAN_POINT ( 'NONE',  ( -11.61707311970166501, 5.764999999999999680, 12.25785032243587658 ) ) ;
#2687 = ORIENTED_EDGE ( 'NONE', *, *, #114, .T. ) ;
#2688 = ORIENTED_EDGE ( 'NONE', *, *, #3719, .T. ) ;
#2689 = AXIS2_PLACEMENT_3D ( 'NONE', #1513, #4568, #476 ) ;
#2690 = CARTESIAN_POINT ( 'NONE',  ( 11.57262139638190490, 6.114145032862505325, 11.19540583005807122 ) ) ;
#2691 = ORIENTED_EDGE ( 'NONE', *, *, #2028, .F. ) ;
#2692 = DIRECTION ( 'NONE',  ( 0.000000000000000000, 1.000000000000000000, -0.000000000000000000 ) ) ;
#2693 = EDGE_LOOP ( 'NONE', ( #4641, #817, #2543, #116 ) ) ;
#2694 = CARTESIAN_POINT ( 'NONE',  ( 0.000000000000000000, 5.764999999999999680, 0.000000000000000000 ) ) ;
#2695 = DIRECTION ( 'NONE',  ( 0.9848077530122122392, -0.000000000000000000, 0.1736481776669060451 ) ) ;
#2696 = PLANE ( 'NONE',  #4390 ) ;
#2697 = VECTOR ( 'NONE', #3816, 1000.000000000000000 ) ;
#2698 = ORIENTED_EDGE ( 'NONE', *, *, #42, .F. ) ;
#2699 = ORIENTED_EDGE ( 'NONE', *, *, #2946, .F. ) ;
#2700 = LINE ( 'NONE', #2279, #1272 ) ;
#2701 = VECTOR ( 'NONE', #1481, 1000.000000000000000 ) ;
#2702 = CARTESIAN_POINT ( 'NONE',  ( 0.000000000000000000, 6.264999999999999680, 0.000000000000000000 ) ) ;
#2703 = ADVANCED_FACE ( 'NONE', ( #1189 ), #1946, .T. ) ;
#2704 = DIRECTION ( 'NONE',  ( 0.000000000000000000, 0.000000000000000000, 1.000000000000000000 ) ) ;
#2705 = VECTOR ( 'NONE', #4341, 1000.000000000000114 ) ;
#2706 = ORIENTED_EDGE ( 'NONE', *, *, #816, .F. ) ;
#2707 = CARTESIAN_POINT ( 'NONE',  ( 7.081682580411110095, 6.264999999999999680, -22.43904346959338980 ) ) ;
#2708 = DIRECTION ( 'NONE',  ( -0.000000000000000000, -1.000000000000000000, -0.000000000000000000 ) ) ;
#2709 = CARTESIAN_POINT ( 'NONE',  ( 31.80608415963043356, 6.264999999999999680, 4.337381953035670534 ) ) ;
#2710 = AXIS2_PLACEMENT_3D ( 'NONE', #4699, #3626, #1392 ) ;
#2711 = ORIENTED_EDGE ( 'NONE', *, *, #2679, .F. ) ;
#2712 = CARTESIAN_POINT ( 'NONE',  ( -16.47600999319315207, 6.228709313982506934, 18.47431462333157270 ) ) ;
#2713 = EDGE_CURVE ( 'NONE', #110, #2087, #4461, .T. ) ;
#2714 = FACE_OUTER_BOUND ( 'NONE', #2014, .T. ) ;
#2715 = AXIS2_PLACEMENT_3D ( 'NONE', #4689, #1312, #2847 ) ;
#2716 = ORIENTED_EDGE ( 'NONE', *, *, #83, .F. ) ;
#2717 = ORIENTED_EDGE ( 'NONE', *, *, #976, .F. ) ;
#2718 = EDGE_CURVE ( 'NONE', #3641, #3462, #2657, .T. ) ;
#2719 = ADVANCED_FACE ( 'NONE', ( #2314 ), #3727, .T. ) ;
#2720 = DIRECTION ( 'NONE',  ( 0.08715574274786326570, -0.000000000000000000, 0.9961946980917276706 ) ) ;
#2721 = ORIENTED_EDGE ( 'NONE', *, *, #306, .T. ) ;
#2722 = DIRECTION ( 'NONE',  ( -0.8191520442892442633, 0.000000000000000000, -0.5735764363506855590 ) ) ;
#2723 = ORIENTED_EDGE ( 'NONE', *, *, #3631, .F. ) ;
#2724 = CARTESIAN_POINT ( 'NONE',  ( 9.648709660477022609, 6.265000000000001457, -30.60904616291057323 ) ) ;
#2725 = CARTESIAN_POINT ( 'NONE',  ( 7.081682580411110095, 0.000000000000000000, -22.43904346959338980 ) ) ;
#2726 = ADVANCED_FACE ( 'NONE', ( #4545 ), #1086, .T. ) ;
#2727 = CARTESIAN_POINT ( 'NONE',  ( -31.23825961836378795, 6.098366653769057955, 7.271797776904175059 ) ) ;
#2728 = VERTEX_POINT ( 'NONE', #347 ) ;
#2729 = CARTESIAN_POINT ( 'NONE',  ( -16.48760416466078027, 6.264999999999999680, 2.379187623289604314 ) ) ;
#2730 = CARTESIAN_POINT ( 'NONE',  ( -30.48720104788181828, 6.057893218813451774, 6.411451255149193784 ) ) ;
#2731 = CARTESIAN_POINT ( 'NONE',  ( -10.30423900446872132, 6.264999999999999680, 13.08909024249374475 ) ) ;
#2732 = FACE_OUTER_BOUND ( 'NONE', #1168, .T. ) ;
#2733 = ORIENTED_EDGE ( 'NONE', *, *, #1477, .T. ) ;
#2734 = CARTESIAN_POINT ( 'NONE',  ( -17.21793483357565790, 3.265000000000000124, 3.035986463239486621 ) ) ;
#2735 = DIRECTION ( 'NONE',  ( -0.000000000000000000, -1.000000000000000000, -0.000000000000000000 ) ) ;
#2736 = ORIENTED_EDGE ( 'NONE', *, *, #1215, .F. ) ;
#2737 = DIRECTION ( 'NONE',  ( -0.000000000000000000, -1.000000000000000000, -0.000000000000000000 ) ) ;
#2738 = CARTESIAN_POINT ( 'NONE',  ( -24.80391930942172607, 3.265000000000000124, 3.337865057442499950 ) ) ;
#2739 = ORIENTED_EDGE ( 'NONE', *, *, #3471, .T. ) ;
#2740 = EDGE_CURVE ( 'NONE', #1404, #3533, #4202, .T. ) ;
#2741 = VERTEX_POINT ( 'NONE', #2636 ) ;
#2742 = CARTESIAN_POINT ( 'NONE',  ( -21.14644285628553888, 0.000000000000000000, -13.38669902462328487 ) ) ;
#2743 = ORIENTED_EDGE ( 'NONE', *, *, #4411, .T. ) ;
#2744 = PLANE ( 'NONE',  #1905 ) ;
#2745 = VERTEX_POINT ( 'NONE', #4124 ) ;
#2746 = EDGE_CURVE ( 'NONE', #4497, #3660, #3357, .T. ) ;
#2747 = LINE ( 'NONE', #3978, #2863 ) ;
#2748 = DIRECTION ( 'NONE',  ( 0.000000000000000000, 1.000000000000000000, 0.000000000000000000 ) ) ;
#2749 = VECTOR ( 'NONE', #4260, 1000.000000000000000 ) ;
#2750 = PLANE ( 'NONE',  #2431 ) ;
#2751 = VECTOR ( 'NONE', #2513, 1000.000000000000000 ) ;
#2752 = ORIENTED_EDGE ( 'NONE', *, *, #403, .F. ) ;
#2753 = AXIS2_PLACEMENT_3D ( 'NONE', #30, #1545, #6 ) ;
#2754 = VECTOR ( 'NONE', #4098, 1000.000000000000114 ) ;
#2755 = PLANE ( 'NONE',  #2388 ) ;
#2756 = DIRECTION ( 'NONE',  ( -0.000000000000000000, -1.000000000000000000, 0.000000000000000000 ) ) ;
#2757 = AXIS2_PLACEMENT_3D ( 'NONE', #1555, #2748, #773 ) ;
#2758 = CARTESIAN_POINT ( 'NONE',  ( -6.790763482219201563, 6.264999999999999680, -14.16570796068909743 ) ) ;
#2759 = ORIENTED_EDGE ( 'NONE', *, *, #3938, .T. ) ;
#2760 = CARTESIAN_POINT ( 'NONE',  ( 4.378220219635863053, 6.264999999999998792, -15.49971271857129551 ) ) ;
#2761 = VECTOR ( 'NONE', #2097, 1000.000000000000227 ) ;
#2762 = FACE_OUTER_BOUND ( 'NONE', #641, .T. ) ;
#2763 = EDGE_LOOP ( 'NONE', ( #1523, #3762, #2157, #2569 ) ) ;
#2764 = DIRECTION ( 'NONE',  ( 0.000000000000000000, -0.000000000000000000, -1.000000000000000000 ) ) ;
#2765 = DIRECTION ( 'NONE',  ( -0.9961946980917977257, 0.000000000000000000, -0.08715574274706106017 ) ) ;
#2766 = ORIENTED_EDGE ( 'NONE', *, *, #4750, .T. ) ;
#2767 = ORIENTED_EDGE ( 'NONE', *, *, #2555, .T. ) ;
#2768 = DIRECTION ( 'NONE',  ( 0.9961946980916877026, -0.000000000000000000, 0.08715574274831970614 ) ) ;
#2769 = EDGE_CURVE ( 'NONE', #757, #889, #3521, .T. ) ;
#2770 = ORIENTED_EDGE ( 'NONE', *, *, #2277, .T. ) ;
#2771 = DIRECTION ( 'NONE',  ( 0.000000000000000000, 0.000000000000000000, -1.000000000000000000 ) ) ;
#2772 = VERTEX_POINT ( 'NONE', #3004 ) ;
#2773 = LINE ( 'NONE', #489, #4156 ) ;
#2774 = LINE ( 'NONE', #1910, #2355 ) ;
#2775 = EDGE_CURVE ( 'NONE', #2284, #158, #4493, .T. ) ;
#2776 = VECTOR ( 'NONE', #2069, 1000.000000000000000 ) ;
#2777 = CARTESIAN_POINT ( 'NONE',  ( -9.163797275283588561, 6.228709313982506934, -22.99530442492876858 ) ) ;
#2778 = DIRECTION ( 'NONE',  ( 0.000000000000000000, -1.000000000000000000, 0.000000000000000000 ) ) ;
#2779 = EDGE_CURVE ( 'NONE', #3484, #4011, #3026, .T. ) ;
#2780 = LINE ( 'NONE', #3496, #2904 ) ;
#2781 = ORIENTED_EDGE ( 'NONE', *, *, #1962, .T. ) ;
#2782 = EDGE_CURVE ( 'NONE', #276, #1271, #373, .T. ) ;
#2783 = CARTESIAN_POINT ( 'NONE',  ( 20.79608018602494823, 5.764999999999999680, 23.19696497017266879 ) ) ;
#2784 = DIRECTION ( 'NONE',  ( 0.9063077870364197874, 0.000000000000000000, -0.4226182617411931020 ) ) ;
#2785 = ORIENTED_EDGE ( 'NONE', *, *, #1528, .T. ) ;
#2786 = VECTOR ( 'NONE', #2122, 1000.000000000000000 ) ;
#2787 = LINE ( 'NONE', #3551, #1965 ) ;
#2788 = CARTESIAN_POINT ( 'NONE',  ( -30.48720104788181828, 5.764999999999999680, 6.411451255149191120 ) ) ;
#2789 = ORIENTED_EDGE ( 'NONE', *, *, #3507, .T. ) ;
#2790 = VECTOR ( 'NONE', #3997, 1000.000000000000114 ) ;
#2791 = VERTEX_POINT ( 'NONE', #764 ) ;
#2792 = LINE ( 'NONE', #3532, #1393 ) ;
#2793 = VERTEX_POINT ( 'NONE', #3382 ) ;
#2794 = DIRECTION ( 'NONE',  ( -0.8660254037844367092, 0.000000000000000000, -0.5000000000000034417 ) ) ;
#2795 = ORIENTED_EDGE ( 'NONE', *, *, #2353, .T. ) ;
#2796 = DIRECTION ( 'NONE',  ( 0.9848077530122070211, 0.000000000000000000, 0.1736481776669361876 ) ) ;
#2797 = CYLINDRICAL_SURFACE ( 'NONE', #4060, 0.5000000000000000000 ) ;
#2798 = ORIENTED_EDGE ( 'NONE', *, *, #2746, .T. ) ;
#2799 = CARTESIAN_POINT ( 'NONE',  ( 0.000000000000000000, 6.264999999999999680, 0.000000000000000000 ) ) ;
#2800 = ADVANCED_FACE ( 'NONE', ( #789 ), #1898, .T. ) ;
#2801 = FACE_OUTER_BOUND ( 'NONE', #1080, .T. ) ;
#2802 = CARTESIAN_POINT ( 'NONE',  ( 0.000000000000000000, 0.000000000000000000, 0.000000000000000000 ) ) ;
#2803 = CARTESIAN_POINT ( 'NONE',  ( -3.692205798608257705, 6.264999999999999680, -15.66973438633325166 ) ) ;
#2804 = ORIENTED_EDGE ( 'NONE', *, *, #990, .F. ) ;
#2805 = DIRECTION ( 'NONE',  ( 0.4226182617401404995, 0.000000000000000000, 0.9063077870369106170 ) ) ;
#2806 = ADVANCED_FACE ( 'NONE', ( #2289 ), #3433, .T. ) ;
#2807 = CARTESIAN_POINT ( 'NONE',  ( 17.85439826558050314, 5.764999999999999680, -12.50178425576351415 ) ) ;
#2808 = CARTESIAN_POINT ( 'NONE',  ( 30.48720104788194618, 0.000000000000000000, 6.411451255148618245 ) ) ;
#2809 = ORIENTED_EDGE ( 'NONE', *, *, #524, .F. ) ;
#2810 = DIRECTION ( 'NONE',  ( 0.000000000000000000, 1.000000000000000000, 0.000000000000000000 ) ) ;
#2811 = DIRECTION ( 'NONE',  ( -0.000000000000000000, -1.000000000000000000, -0.000000000000000000 ) ) ;
#2812 = ORIENTED_EDGE ( 'NONE', *, *, #4382, .F. ) ;
#2813 = ORIENTED_EDGE ( 'NONE', *, *, #2713, .T. ) ;
#2814 = CARTESIAN_POINT ( 'NONE',  ( -22.16644285628605715, 3.265000000000000124, -11.62000720090157735 ) ) ;
#2815 = ORIENTED_EDGE ( 'NONE', *, *, #4053, .F. ) ;
#2816 = ORIENTED_EDGE ( 'NONE', *, *, #4637, .T. ) ;
#2817 = DIRECTION ( 'NONE',  ( 1.000000000000000000, 0.000000000000000000, 0.000000000000000000 ) ) ;
#2818 = DIRECTION ( 'NONE',  ( 0.000000000000000000, 0.000000000000000000, -1.000000000000000000 ) ) ;
#2819 = VERTEX_POINT ( 'NONE', #2824 ) ;
#2820 = CYLINDRICAL_SURFACE ( 'NONE', #2004, 25.02749999999999275 ) ;
#2822 = DIRECTION ( 'NONE',  ( -0.000000000000000000, -1.000000000000000000, -0.000000000000000000 ) ) ;
#2821 = VECTOR ( 'NONE', #1061, 1000.000000000000000 ) ;
#2823 = VECTOR ( 'NONE', #1646, 1000.000000000000114 ) ;
#2824 = CARTESIAN_POINT ( 'NONE',  ( -19.65932503706203249, 6.264999999999999680, 25.37618590062913526 ) ) ;
#2825 = DIRECTION ( 'NONE',  ( 0.000000000000000000, 0.000000000000000000, -1.000000000000000000 ) ) ;
#2826 = EDGE_CURVE ( 'NONE', #1085, #3008, #4386, .T. ) ;
#2827 = VERTEX_POINT ( 'NONE', #2480 ) ;
#2828 = AXIS2_PLACEMENT_3D ( 'NONE', #1860, #1073, #698 ) ;
#2829 = CYLINDRICAL_SURFACE ( 'NONE', #2614, 25.02749999999999631 ) ;
#2830 = DIRECTION ( 'NONE',  ( 0.5735764363516123732, 0.000000000000000000, -0.8191520442885952269 ) ) ;
#2831 = LINE ( 'NONE', #3255, #1334 ) ;
#2832 =( GEOMETRIC_REPRESENTATION_CONTEXT ( 3 ) GLOBAL_UNCERTAINTY_ASSIGNED_CONTEXT ( ( #2676 ) ) GLOBAL_UNIT_ASSIGNED_CONTEXT ( ( #1865, #1485, #2629 ) ) REPRESENTATION_CONTEXT ( 'NONE', 'WORKASPACE' ) );
#2833 = DIRECTION ( 'NONE',  ( -0.000000000000000000, -1.000000000000000000, -0.000000000000000000 ) ) ;
#2834 = ADVANCED_FACE ( 'NONE', ( #4321 ), #1757, .F. ) ;
#2835 = CARTESIAN_POINT ( 'NONE',  ( 8.828903344064009673, 5.764999999999999680, 13.46192501608482495 ) ) ;
#2836 = CIRCLE ( 'NONE', #4004, 14.64608244481071075 ) ;
#2837 = EDGE_LOOP ( 'NONE', ( #1844, #2512, #141, #1496 ) ) ;
#2838 = DIRECTION ( 'NONE',  ( 0.000000000000000000, -1.000000000000000000, 0.000000000000000000 ) ) ;
#2839 = VERTEX_POINT ( 'NONE', #1339 ) ;
#2840 = LINE ( 'NONE', #2446, #4384 ) ;
#2841 = ORIENTED_EDGE ( 'NONE', *, *, #2596, .F. ) ;
#2842 = CARTESIAN_POINT ( 'NONE',  ( 15.41649094842345136, 0.000000000000000000, 4.637323175571752110 ) ) ;
#2843 = CARTESIAN_POINT ( 'NONE',  ( -31.19276894612026751, 3.265000000000000124, 7.419106642638173099 ) ) ;
#2844 = ORIENTED_EDGE ( 'NONE', *, *, #1764, .F. ) ;
#2845 = VECTOR ( 'NONE', #4210, 1000.000000000000114 ) ;
#2846 = CARTESIAN_POINT ( 'NONE',  ( 1.509956535253397014, 0.000000000000000000, 0.2662460768645632525 ) ) ;
#2847 = DIRECTION ( 'NONE',  ( 0.000000000000000000, 0.000000000000000000, -1.000000000000000000 ) ) ;
#2848 = DIRECTION ( 'NONE',  ( 0.000000000000000000, -0.000000000000000000, 1.000000000000000000 ) ) ;
#2849 = VECTOR ( 'NONE', #4121, 1000.000000000000000 ) ;
#2850 = ORIENTED_EDGE ( 'NONE', *, *, #3864, .T. ) ;
#2851 = DIRECTION ( 'NONE',  ( -0.000000000000000000, -1.000000000000000000, -0.000000000000000000 ) ) ;
#2852 = CARTESIAN_POINT ( 'NONE',  ( -15.52441922100406480, 6.191524577312440769, 4.278555553686556046 ) ) ;
#2853 = CARTESIAN_POINT ( 'NONE',  ( -15.84091243148855099, 6.264999999999999680, 18.06948791022898959 ) ) ;
#2854 = ADVANCED_FACE ( 'NONE', ( #2426 ), #1711, .T. ) ;
#2855 = FACE_OUTER_BOUND ( 'NONE', #2927, .T. ) ;
#2856 = DIRECTION ( 'NONE',  ( -0.6427876096865237088, -0.000000000000000000, 0.7660444431189911141 ) ) ;
#2857 = DIRECTION ( 'NONE',  ( 0.4226182617411923803, 0.000000000000000000, 0.9063077870364202315 ) ) ;
#2858 = CARTESIAN_POINT ( 'NONE',  ( 1.509956535253397014, 6.264999999999999680, 0.2662460768645632525 ) ) ;
#2859 = ADVANCED_FACE ( 'NONE', ( #3916 ), #1781, .F. ) ;
#2860 = AXIS2_PLACEMENT_3D ( 'NONE', #3446, #1933, #772 ) ;
#2861 = ORIENTED_EDGE ( 'NONE', *, *, #4014, .T. ) ;
#2862 = CARTESIAN_POINT ( 'NONE',  ( -6.909341788028608988, 6.191524577312430111, -14.54560503491259560 ) ) ;
#2863 = VECTOR ( 'NONE', #2465, 1000.000000000000000 ) ;
#2864 = CARTESIAN_POINT ( 'NONE',  ( 7.594310774156531885, 5.844909940079745958, -23.84747785648474405 ) ) ;
#2865 = ORIENTED_EDGE ( 'NONE', *, *, #3713, .F. ) ;
#2866 = EDGE_CURVE ( 'NONE', #2371, #889, #1105, .T. ) ;
#2867 = CARTESIAN_POINT ( 'NONE',  ( -0.09029705238680614532, 6.264999999999999680, 0.5121000315663438718 ) ) ;
#2868 = VECTOR ( 'NONE', #751, 1000.000000000000227 ) ;
#2869 = DIRECTION ( 'NONE',  ( 0.000000000000000000, 0.000000000000000000, 1.000000000000000000 ) ) ;
#2870 = ORIENTED_EDGE ( 'NONE', *, *, #1709, .T. ) ;
#2871 = CARTESIAN_POINT ( 'NONE',  ( -8.837934659457818753, 6.228980324420346548, -22.10383960449564711 ) ) ;
#2872 = CARTESIAN_POINT ( 'NONE',  ( 0.000000000000000000, 0.000000000000000000, 0.000000000000000000 ) ) ;
#2873 = CARTESIAN_POINT ( 'NONE',  ( 24.23723077790808489, 6.228709313982506934, 5.031485895445645617 ) ) ;
#2874 = ORIENTED_EDGE ( 'NONE', *, *, #109, .F. ) ;
#2875 = EDGE_CURVE ( 'NONE', #469, #166, #918, .T. ) ;
#2876 = LINE ( 'NONE', #2783, #2934 ) ;
#2877 = CARTESIAN_POINT ( 'NONE',  ( -30.84144333032262608, 5.764999999999999680, 4.402443439002778014 ) ) ;
#2878 = CARTESIAN_POINT ( 'NONE',  ( -15.89000683625194021, 5.924497393407476054, 17.38203863614951317 ) ) ;
#2879 = CYLINDRICAL_SURFACE ( 'NONE', #677, 0.4999999999999998890 ) ;
#2880 = CARTESIAN_POINT ( 'NONE',  ( 0.4886401628081514237, 6.264999999999999680, 0.1778504745291598355 ) ) ;
#2881 = ORIENTED_EDGE ( 'NONE', *, *, #2644, .T. ) ;
#2882 = DIRECTION ( 'NONE',  ( -0.5735764363515727382, 0.000000000000000000, -0.8191520442886230935 ) ) ;
#2883 = ORIENTED_EDGE ( 'NONE', *, *, #3719, .F. ) ;
#2884 = CARTESIAN_POINT ( 'NONE',  ( 15.29263558886092866, 0.000000000000000000, 19.81189170665698640 ) ) ;
#2885 = ADVANCED_FACE ( 'NONE', ( #4294 ), #3363, .T. ) ;
#2886 = ORIENTED_EDGE ( 'NONE', *, *, #1408, .T. ) ;
#2887 = CARTESIAN_POINT ( 'NONE',  ( 24.80391930942181489, 5.764999999999999680, 3.337865057441843586 ) ) ;
#2888 = ORIENTED_EDGE ( 'NONE', *, *, #4206, .T. ) ;
#2889 = EDGE_CURVE ( 'NONE', #3822, #414, #3993, .T. ) ;
#2890 = CARTESIAN_POINT ( 'NONE',  ( 20.86842270412794065, 3.265000000000000124, -10.87059491664726352 ) ) ;
#2891 = AXIS2_PLACEMENT_3D ( 'NONE', #34, #1197, #1628 ) ;
#2892 = CARTESIAN_POINT ( 'NONE',  ( 15.30511652097173858, 6.052165718555741591, 19.69564780867999332 ) ) ;
#2893 = EDGE_LOOP ( 'NONE', ( #3445, #1674, #522, #2781 ) ) ;
#2894 = EDGE_CURVE ( 'NONE', #1861, #4029, #3211, .T. ) ;
#2895 = CARTESIAN_POINT ( 'NONE',  ( -31.84909871781260193, 5.841037802762254039, 3.696875540765331536 ) ) ;
#2896 = LINE ( 'NONE', #3718, #4821 ) ;
#2897 = LINE ( 'NONE', #181, #460 ) ;
#2898 = AXIS2_PLACEMENT_3D ( 'NONE', #183, #2810, #912 ) ;
#2899 = CARTESIAN_POINT ( 'NONE',  ( -16.48760416466078027, 6.264999999999999680, 2.379187623289604314 ) ) ;
#2900 = VECTOR ( 'NONE', #8, 1000.000000000000227 ) ;
#2901 = ORIENTED_EDGE ( 'NONE', *, *, #4084, .F. ) ;
#2902 = DIRECTION ( 'NONE',  ( 0.6427876096865573485, 0.000000000000000000, 0.7660444431189629144 ) ) ;
#2903 = CARTESIAN_POINT ( 'NONE',  ( -4.807073215166054680, 5.764999999999999680, -16.18960560050088304 ) ) ;
#2904 = VECTOR ( 'NONE', #127, 1000.000000000000000 ) ;
#2905 = DIRECTION ( 'NONE',  ( 0.9396926207859082059, 0.000000000000000000, -0.3420201433256693790 ) ) ;
#2906 = AXIS2_PLACEMENT_3D ( 'NONE', #1363, #1314, #933 ) ;
#2907 = ORIENTED_EDGE ( 'NONE', *, *, #2168, .F. ) ;
#2908 = CARTESIAN_POINT ( 'NONE',  ( -8.861813474769878241, 5.934027361112018895, 13.44098318907559353 ) ) ;
#2909 = LINE ( 'NONE', #687, #4772 ) ;
#2910 = ORIENTED_EDGE ( 'NONE', *, *, #3448, .F. ) ;
#2911 = EDGE_CURVE ( 'NONE', #4207, #874, #198, .T. ) ;
#2912 = CARTESIAN_POINT ( 'NONE',  ( -7.761220784714429222, 6.228709313982510487, -23.50580051877749810 ) ) ;
#2913 = ORIENTED_EDGE ( 'NONE', *, *, #1859, .F. ) ;
#2914 = DIRECTION ( 'NONE',  ( -0.000000000000000000, -1.000000000000000000, -0.000000000000000000 ) ) ;
#2915 = EDGE_CURVE ( 'NONE', #1964, #3072, #4368, .T. ) ;
#2916 = DIRECTION ( 'NONE',  ( -0.000000000000000000, -1.000000000000000000, -0.000000000000000000 ) ) ;
#2917 = ORIENTED_EDGE ( 'NONE', *, *, #2060, .F. ) ;
#2918 = AXIS2_PLACEMENT_3D ( 'NONE', #4126, #2216, #2936 ) ;
#2919 = DIRECTION ( 'NONE',  ( 0.8191520442888694520, 0.000000000000000000, -0.5735764363512210195 ) ) ;
#2920 = CARTESIAN_POINT ( 'NONE',  ( -3.692205798608257705, 5.764999999999999680, -15.66973438633325166 ) ) ;
#2921 = EDGE_CURVE ( 'NONE', #2983, #3416, #2066, .T. ) ;
#2922 = ADVANCED_FACE ( 'NONE', ( #2093 ), #3616, .F. ) ;
#2923 = AXIS2_PLACEMENT_3D ( 'NONE', #1117, #3265, #1875 ) ;
#2924 =( BOUNDED_CURVE ( )  B_SPLINE_CURVE ( 3, ( #4089, #4562, #3018, #2729 ),
 .UNSPECIFIED., .F., .T. ) 
 B_SPLINE_CURVE_WITH_KNOTS ( ( 4, 4 ),
 ( 0.000000000000000000, 1.570796326794897890 ),
 .UNSPECIFIED. ) 
 CURVE ( )  GEOMETRIC_REPRESENTATION_ITEM ( )  RATIONAL_B_SPLINE_CURVE ( ( 1.000000000000000000, 0.8047378541243646044, 0.8047378541243646044, 1.000000000000000000 ) ) 
 REPRESENTATION_ITEM ( '' )  );
#2925 = ADVANCED_FACE ( 'NONE', ( #2155 ), #3640, .T. ) ;
#2926 = CARTESIAN_POINT ( 'NONE',  ( 19.53574231001355344, 6.265000000000003233, 25.46303423778029540 ) ) ;
#2927 = EDGE_LOOP ( 'NONE', ( #464, #3540, #1296, #4336 ) ) ;
#2928 = VECTOR ( 'NONE', #3307, 1000.000000000000114 ) ;
#2929 = CARTESIAN_POINT ( 'NONE',  ( 0.000000000000000000, 0.000000000000000000, 0.000000000000000000 ) ) ;
#2930 = CARTESIAN_POINT ( 'NONE',  ( -16.16077264764481924, 6.264999999999999680, 18.45068247196115863 ) ) ;
#2931 = CARTESIAN_POINT ( 'NONE',  ( 12.70307063338066378, 5.915251510363474630, -29.44092135480704542 ) ) ;
#2932 = ORIENTED_EDGE ( 'NONE', *, *, #3068, .F. ) ;
#2933 = FACE_OUTER_BOUND ( 'NONE', #2234, .T. ) ;
#2934 = VECTOR ( 'NONE', #2458, 1000.000000000000114 ) ;
#2935 = DIRECTION ( 'NONE',  ( -0.8660254037844438146, 0.000000000000000000, 0.4999999999999910072 ) ) ;
#2936 = DIRECTION ( 'NONE',  ( -0.9848077530122070211, 0.000000000000000000, -0.1736481776669361876 ) ) ;
#2937 = ORIENTED_EDGE ( 'NONE', *, *, #4671, .F. ) ;
#2938 = LINE ( 'NONE', #4428, #4701 ) ;
#2939 = AXIS2_PLACEMENT_3D ( 'NONE', #750, #3768, #1912 ) ;
#2940 = VERTEX_POINT ( 'NONE', #4846 ) ;
#2941 = CARTESIAN_POINT ( 'NONE',  ( 4.807073215165557301, 6.264999999999999680, -16.18960560050119213 ) ) ;
#2942 = AXIS2_PLACEMENT_3D ( 'NONE', #1463, #4075, #2210 ) ;
#2943 = DIRECTION ( 'NONE',  ( 0.4226182617402615138, 0.000000000000000000, -0.9063077870368541067 ) ) ;
#2944 = AXIS2_PLACEMENT_3D ( 'NONE', #2045, #2406, #888 ) ;
#2945 = ORIENTED_EDGE ( 'NONE', *, *, #1942, .F. ) ;
#2946 = EDGE_CURVE ( 'NONE', #2344, #3286, #1294, .T. ) ;
#2947 = CARTESIAN_POINT ( 'NONE',  ( -12.14675912257044210, 6.264999999999999680, -29.71356785366570108 ) ) ;
#2948 = LINE ( 'NONE', #1889, #410 ) ;
#2949 = LINE ( 'NONE', #4436, #3145 ) ;
#2950 = CARTESIAN_POINT ( 'NONE',  ( -5.979726014076907958, 6.264999999999999680, -16.42916219820119750 ) ) ;
#2951 = ORIENTED_EDGE ( 'NONE', *, *, #4328, .T. ) ;
#2952 = EDGE_CURVE ( 'NONE', #3564, #2320, #385, .T. ) ;
#2953 = DIRECTION ( 'NONE',  ( -0.000000000000000000, -1.000000000000000000, -0.000000000000000000 ) ) ;
#2954 = FACE_OUTER_BOUND ( 'NONE', #419, .T. ) ;
#2955 = DIRECTION ( 'NONE',  ( 0.000000000000000000, 0.000000000000000000, -1.000000000000000000 ) ) ;
#2956 = CARTESIAN_POINT ( 'NONE',  ( 15.88366730573130248, 6.055188110906352783, 17.47684665554934824 ) ) ;
#2957 = ORIENTED_EDGE ( 'NONE', *, *, #1183, .T. ) ;
#2958 = DIRECTION ( 'NONE',  ( 0.6427876096865392519, -0.000000000000000000, -0.7660444431189781245 ) ) ;
#2959 = ORIENTED_EDGE ( 'NONE', *, *, #1309, .F. ) ;
#2960 = DIRECTION ( 'NONE',  ( -0.3420201433255953827, 0.000000000000000000, -0.9396926207859351843 ) ) ;
#2961 = VERTEX_POINT ( 'NONE', #2202 ) ;
#2962 = CARTESIAN_POINT ( 'NONE',  ( -8.986714822635898159, 5.924497393407476054, -21.76847585618580538 ) ) ;
#2963 = CARTESIAN_POINT ( 'NONE',  ( 0.3983431104224915975, 5.764999999999999680, 0.3342495570375230707 ) ) ;
#2964 = VERTEX_POINT ( 'NONE', #1432 ) ;
#2965 = PLANE ( 'NONE',  #1675 ) ;
#2966 = CYLINDRICAL_SURFACE ( 'NONE', #2316, 0.5000000000000000000 ) ;
#2967 = CARTESIAN_POINT ( 'NONE',  ( 11.23820881949115780, 6.264999999999999680, 13.39317573496640357 ) ) ;
#2968 = EDGE_CURVE ( 'NONE', #1404, #276, #1966, .T. ) ;
#2969 = CARTESIAN_POINT ( 'NONE',  ( -1.509956535254285193, 6.264999999999999680, 0.2662460768590320659 ) ) ;
#2970 = ORIENTED_EDGE ( 'NONE', *, *, #2563, .T. ) ;
#2971 = VECTOR ( 'NONE', #3941, 999.9999999999998863 ) ;
#2972 = CARTESIAN_POINT ( 'NONE',  ( 11.61707311970207712, 0.000000000000000000, 12.25785032243555506 ) ) ;
#2973 = LINE ( 'NONE', #4421, #2928 ) ;
#2974 = CARTESIAN_POINT ( 'NONE',  ( 0.9855541338458263523, 6.264999999999999680, 1.174537679710378146 ) ) ;
#2975 = DIRECTION ( 'NONE',  ( 0.8191520442886223163, -0.000000000000000000, -0.5735764363515737374 ) ) ;
#2976 = VECTOR ( 'NONE', #2006, 1000.000000000000114 ) ;
#2977 = VERTEX_POINT ( 'NONE', #2276 ) ;
#2978 = ADVANCED_FACE ( 'NONE', ( #746 ), #2546, .T. ) ;
#2979 = LINE ( 'NONE', #1772, #839 ) ;
#2980 = CARTESIAN_POINT ( 'NONE',  ( -19.25567368221536668, 6.098366653769056178, 25.65008650933801704 ) ) ;
#2981 = AXIS2_PLACEMENT_3D ( 'NONE', #3274, #4412, #2175 ) ;
#2982 = VERTEX_POINT ( 'NONE', #4454 ) ;
#2983 = VERTEX_POINT ( 'NONE', #722 ) ;
#2984 = ADVANCED_FACE ( 'NONE', ( #4876 ), #1505, .T. ) ;
#2985 = AXIS2_PLACEMENT_3D ( 'NONE', #3304, #4806, #4739 ) ;
#2986 = DIRECTION ( 'NONE',  ( -0.4226182617401404995, -0.000000000000000000, -0.9063077870369106170 ) ) ;
#2987 = ORIENTED_EDGE ( 'NONE', *, *, #1352, .T. ) ;
#2988 = VECTOR ( 'NONE', #265, 1000.000000000000114 ) ;
#2989 = DIRECTION ( 'NONE',  ( -0.4726241065755789061, -0.8379550138152906946, 0.2728696551569116946 ) ) ;
#2990 = LINE ( 'NONE', #3662, #3834 ) ;
#2991 = B_SPLINE_CURVE_WITH_KNOTS ( 'NONE', 3,
 ( #1483, #4486, #2627, #4118, #727, #1438, #363, #3020 ),
 .UNSPECIFIED., .F., .F.,
 ( 4, 2, 2, 4 ),
 ( -4.472650285586774815E-06, 0.0004674945079885336639, 0.0007034780871255945020, 0.0009394616662626553401 ),
 .UNSPECIFIED. ) ;
#2992 = ORIENTED_EDGE ( 'NONE', *, *, #146, .F. ) ;
#2993 = DIRECTION ( 'NONE',  ( 0.9063077870368406730, 0.000000000000000000, -0.4226182617402906572 ) ) ;
#2994 = CARTESIAN_POINT ( 'NONE',  ( -15.29263558886042063, 3.265000000000000124, 19.81189170665737365 ) ) ;
#2995 = CARTESIAN_POINT ( 'NONE',  ( 4.807073215165557301, 0.000000000000000000, -16.18960560050119213 ) ) ;
#2996 = FILL_AREA_STYLE_COLOUR ( '', #4317 ) ;
#2997 = EDGE_LOOP ( 'NONE', ( #2663, #1650, #4613, #4088 ) ) ;
#2998 = CARTESIAN_POINT ( 'NONE',  ( 0.09029705238705149073, 6.264999999999999680, -0.5121000315677520787 ) ) ;
#2999 = CARTESIAN_POINT ( 'NONE',  ( 0.000000000000000000, 5.764999999999999680, 0.000000000000000000 ) ) ;
#3000 = CARTESIAN_POINT ( 'NONE',  ( 20.21386016967324650, 4.221937406372799018, -12.06332197743260792 ) ) ;
#3001 = ADVANCED_FACE ( 'NONE', ( #4431 ), #3016, .T. ) ;
#3002 = LINE ( 'NONE', #299, #4244 ) ;
#3003 = ORIENTED_EDGE ( 'NONE', *, *, #1378, .F. ) ;
#3004 = CARTESIAN_POINT ( 'NONE',  ( 15.63352333970124342, 6.264999999999999680, 3.874968164782152336 ) ) ;
#3005 = CARTESIAN_POINT ( 'NONE',  ( -14.32920972712166652, 5.764999999999999680, 18.66372547473203625 ) ) ;
#3006 = AXIS2_PLACEMENT_3D ( 'NONE', #4441, #297, #342 ) ;
#3007 = CARTESIAN_POINT ( 'NONE',  ( -16.85536625282397338, 5.764999999999999680, 18.50060498289616362 ) ) ;
#3008 = VERTEX_POINT ( 'NONE', #3714 ) ;
#3009 = ADVANCED_FACE ( 'NONE', ( #2226 ), #1478, .T. ) ;
#3010 = VERTEX_POINT ( 'NONE', #4507 ) ;
#3011 = LINE ( 'NONE', #1402, #1470 ) ;
#3012 = ORIENTED_EDGE ( 'NONE', *, *, #1045, .F. ) ;
#3013 = EDGE_CURVE ( 'NONE', #1680, #3125, #2990, .T. ) ;
#3014 = CARTESIAN_POINT ( 'NONE',  ( -12.58578968524776620, 6.098366653769082824, -29.50094583045089180 ) ) ;
#3015 = CIRCLE ( 'NONE', #4579, 14.57731163100803862 ) ;
#3016 = CYLINDRICAL_SURFACE ( 'NONE', #2981, 0.5000000000000009992 ) ;
#3017 = EDGE_LOOP ( 'NONE', ( #350, #4426, #3174, #3076, #2907, #4655, #3409, #3226, #2736, #2660, #1188, #3234, #4158, #2706, #3157, #1118, #4285, #1611, #2074, #3223, #4594, #3203, #4205, #2661, #150, #2575, #1067, #2556, #1273, #1299 ) ) ;
#3018 = CARTESIAN_POINT ( 'NONE',  ( -16.65794175329445537, 6.265000000000000568, 2.111811167170486225 ) ) ;
#3019 = CYLINDRICAL_SURFACE ( 'NONE', #252, 14.64608244481026667 ) ;
#3020 = CARTESIAN_POINT ( 'NONE',  ( -15.29263558886043306, 5.764999999999999680, 19.81189170665737009 ) ) ;
#3021 = CARTESIAN_POINT ( 'NONE',  ( -9.171249647149551265, 6.264999999999999680, -30.72328364303758264 ) ) ;
#3022 = ORIENTED_EDGE ( 'NONE', *, *, #994, .F. ) ;
#3023 = CARTESIAN_POINT ( 'NONE',  ( 4.460940800293259123, 6.264999999999999680, -15.47651244522894665 ) ) ;
#3024 = LINE ( 'NONE', #1870, #3098 ) ;
#3025 = ORIENTED_EDGE ( 'NONE', *, *, #4528, .T. ) ;
#3026 = LINE ( 'NONE', #2684, #1643 ) ;
#3027 = FACE_OUTER_BOUND ( 'NONE', #993, .T. ) ;
#3028 = DIRECTION ( 'NONE',  ( 0.000000000000000000, 0.000000000000000000, -1.000000000000000000 ) ) ;
#3029 = ORIENTED_EDGE ( 'NONE', *, *, #990, .T. ) ;
#3030 = EDGE_CURVE ( 'NONE', #2134, #1471, #3285, .T. ) ;
#3031 = ORIENTED_EDGE ( 'NONE', *, *, #3181, .T. ) ;
#3032 = EDGE_CURVE ( 'NONE', #1031, #3428, #4634, .T. ) ;
#3033 = VERTEX_POINT ( 'NONE', #1099 ) ;
#3034 = CARTESIAN_POINT ( 'NONE',  ( 9.171249647149316786, 5.841007553701585309, -30.72328364303767501 ) ) ;
#3035 = DIRECTION ( 'NONE',  ( 0.000000000000000000, 0.000000000000000000, -1.000000000000000000 ) ) ;
#3036 = CARTESIAN_POINT ( 'NONE',  ( 30.84144333032081420, 0.000000000000000000, 4.402443439001797465 ) ) ;
#3037 = EDGE_CURVE ( 'NONE', #719, #55, #4134, .T. ) ;
#3038 = ORIENTED_EDGE ( 'NONE', *, *, #2106, .T. ) ;
#3039 = CARTESIAN_POINT ( 'NONE',  ( 16.47600999319401538, 6.228709313982505158, 18.47431462333079821 ) ) ;
#3040 = CARTESIAN_POINT ( 'NONE',  ( -20.79608018602538522, 6.057893218813451774, 23.19696497017492121 ) ) ;
#3041 = LINE ( 'NONE', #4645, #850 ) ;
#3042 = CARTESIAN_POINT ( 'NONE',  ( 9.511283720560113508, 0.000000000000000000, -23.14975676410030303 ) ) ;
#3043 = ORIENTED_EDGE ( 'NONE', *, *, #3574, .F. ) ;
#3044 = DIRECTION ( 'NONE',  ( 0.6427876096865444699, 0.000000000000000000, -0.7660444431189737946 ) ) ;
#3045 = CARTESIAN_POINT ( 'NONE',  ( 16.42414633486759712, 5.764999999999999680, 3.931755278064975823 ) ) ;
#3046 = CARTESIAN_POINT ( 'NONE',  ( -22.97362297149675214, 5.846508752381812002, 5.086604718622892207 ) ) ;
#3047 = VERTEX_POINT ( 'NONE', #2621 ) ;
#3048 = DIRECTION ( 'NONE',  ( -0.3420201433256673251, 0.000000000000000000, 0.9396926207859088720 ) ) ;
#3049 = VECTOR ( 'NONE', #900, 1000.000000000000000 ) ;
#3050 = LINE ( 'NONE', #2263, #3438 ) ;
#3051 = VERTEX_POINT ( 'NONE', #1022 ) ;
#3052 = CIRCLE ( 'NONE', #840, 24.02999999999999758 ) ;
#3053 = ORIENTED_EDGE ( 'NONE', *, *, #4599, .F. ) ;
#3054 = CARTESIAN_POINT ( 'NONE',  ( 0.000000000000000000, 3.265000000000000124, 0.000000000000000000 ) ) ;
#3055 = VERTEX_POINT ( 'NONE', #1809 ) ;
#3056 = AXIS2_PLACEMENT_3D ( 'NONE', #3590, #221, #3546 ) ;
#3057 = LINE ( 'NONE', #854, #692 ) ;
#3058 = ORIENTED_EDGE ( 'NONE', *, *, #790, .F. ) ;
#3059 = CARTESIAN_POINT ( 'NONE',  ( 9.503174373376271689, 6.226507457126680301, -30.64565040529512530 ) ) ;
#3060 = EDGE_CURVE ( 'NONE', #2536, #874, #2084, .T. ) ;
#3061 = CARTESIAN_POINT ( 'NONE',  ( -12.72296122597415469, 5.764999999999999680, -29.43056634764681334 ) ) ;
#3062 = AXIS2_PLACEMENT_3D ( 'NONE', #249, #3694, #615 ) ;
#3063 = AXIS2_PLACEMENT_3D ( 'NONE', #928, #216, #2869 ) ;
#3064 = DIRECTION ( 'NONE',  ( -0.08715574274824935963, 0.000000000000000000, -0.9961946980916938088 ) ) ;
#3065 = ORIENTED_EDGE ( 'NONE', *, *, #4108, .T. ) ;
#3066 = AXIS2_PLACEMENT_3D ( 'NONE', #2967, #1129, #4044 ) ;
#3067 = DIRECTION ( 'NONE',  ( -0.000000000000000000, -1.000000000000000000, -0.000000000000000000 ) ) ;
#3068 = EDGE_CURVE ( 'NONE', #2087, #934, #4061, .T. ) ;
#3069 = B_SPLINE_CURVE_WITH_KNOTS ( 'NONE', 3,
 ( #2609, #2514, #4472, #3264, #4009, #2585, #1396, #2192 ),
 .UNSPECIFIED., .F., .F.,
 ( 4, 2, 2, 4 ),
 ( 0.000000000000000000, 0.0002356549434846567925, 0.0004713098869693135851, 0.0009426197739386271701 ),
 .UNSPECIFIED. ) ;
#3070 = LINE ( 'NONE', #4138, #2868 ) ;
#3071 = PRESENTATION_STYLE_ASSIGNMENT (( #729 ) ) ;
#3072 = VERTEX_POINT ( 'NONE', #468 ) ;
#3073 = CARTESIAN_POINT ( 'NONE',  ( 1.020000000004275487, 0.000000000000000000, 23.50788165701008481 ) ) ;
#3074 = ADVANCED_FACE ( 'NONE', ( #3419 ), #2696, .F. ) ;
#3075 = CARTESIAN_POINT ( 'NONE',  ( 11.60809380826084514, 6.057893218813451774, -28.91069513294267779 ) ) ;
#3076 = ORIENTED_EDGE ( 'NONE', *, *, #1352, .F. ) ;
#3077 = CARTESIAN_POINT ( 'NONE',  ( 30.48720104788194618, 5.764999999999999680, 6.411451255148618245 ) ) ;
#3078 = LINE ( 'NONE', #1978, #4633 ) ;
#3079 = EDGE_CURVE ( 'NONE', #2983, #975, #3867, .T. ) ;
#3080 = DIRECTION ( 'NONE',  ( -0.9063077870364197874, -0.000000000000000000, 0.4226182617411931020 ) ) ;
#3081 = ORIENTED_EDGE ( 'NONE', *, *, #4243, .F. ) ;
#3082 = ORIENTED_EDGE ( 'NONE', *, *, #2952, .T. ) ;
#3083 = CARTESIAN_POINT ( 'NONE',  ( 11.60809380826084514, 5.764999999999999680, -28.91069513294267423 ) ) ;
#3084 = ORIENTED_EDGE ( 'NONE', *, *, #3574, .T. ) ;
#3085 = DIRECTION ( 'NONE',  ( 0.000000000000000000, -0.000000000000000000, 1.000000000000000000 ) ) ;
#3086 = ORIENTED_EDGE ( 'NONE', *, *, #96, .F. ) ;
#3087 = CARTESIAN_POINT ( 'NONE',  ( 11.11897577065619558, 5.764999999999999680, 12.21427245106182724 ) ) ;
#3088 = LINE ( 'NONE', #3115, #534 ) ;
#3089 = CARTESIAN_POINT ( 'NONE',  ( -31.22231432244325688, 6.043643711280867414, 7.323943766794005050 ) ) ;
#3090 = VECTOR ( 'NONE', #4065, 1000.000000000000114 ) ;
#3091 = VERTEX_POINT ( 'NONE', #3116 ) ;
#3092 = EDGE_CURVE ( 'NONE', #2396, #589, #2573, .T. ) ;
#3093 = VERTEX_POINT ( 'NONE', #2016 ) ;
#3094 = ADVANCED_FACE ( 'NONE', ( #1148 ), #123, .F. ) ;
#3095 = DIRECTION ( 'NONE',  ( -0.9396926207859088720, 0.000000000000000000, 0.3420201433256677137 ) ) ;
#3096 = CARTESIAN_POINT ( 'NONE',  ( 11.61707311970207712, 0.000000000000000000, 12.25785032243555506 ) ) ;
#3097 = ADVANCED_FACE ( 'NONE', ( #1633 ), #2750, .F. ) ;
#3098 = VECTOR ( 'NONE', #4813, 1000.000000000000114 ) ;
#3099 = ORIENTED_EDGE ( 'NONE', *, *, #4666, .F. ) ;
#3100 = EDGE_CURVE ( 'NONE', #4632, #2488, #2774, .T. ) ;
#3101 = DIRECTION ( 'NONE',  ( -0.000000000000000000, -1.000000000000000000, -0.000000000000000000 ) ) ;
#3102 = CYLINDRICAL_SURFACE ( 'NONE', #2008, 14.57731163100804928 ) ;
#3103 = VECTOR ( 'NONE', #2280, 1000.000000000000000 ) ;
#3104 = VERTEX_POINT ( 'NONE', #2327 ) ;
#3105 = CARTESIAN_POINT ( 'NONE',  ( -14.32920972712166474, 5.846508752381810226, 18.66372547473203625 ) ) ;
#3106 = EDGE_CURVE ( 'NONE', #4475, #257, #4559, .T. ) ;
#3107 = CARTESIAN_POINT ( 'NONE',  ( 8.828903344064009673, 5.764999999999999680, 13.46192501608482672 ) ) ;
#3108 = ORIENTED_EDGE ( 'NONE', *, *, #4805, .F. ) ;
#3109 = ORIENTED_EDGE ( 'NONE', *, *, #2499, .F. ) ;
#3110 = CARTESIAN_POINT ( 'NONE',  ( 1.899663625333126493, 5.764999999999999680, 21.71325459515938050 ) ) ;
#3111 = EDGE_LOOP ( 'NONE', ( #3109, #2752, #4079, #3108 ) ) ;
#3112 = CARTESIAN_POINT ( 'NONE',  ( -12.50178425574864960, 6.264999999999999680, 17.85439826558410559 ) ) ;
#3113 = ORIENTED_EDGE ( 'NONE', *, *, #4797, .F. ) ;
#3114 = DIRECTION ( 'NONE',  ( -0.9961946980917285588, 0.000000000000000000, 0.08715574274785160835 ) ) ;
#3115 = CARTESIAN_POINT ( 'NONE',  ( -24.80391930942172607, 5.764999999999999680, 3.337865057442499950 ) ) ;
#3116 = CARTESIAN_POINT ( 'NONE',  ( -22.02151929897088678, 0.000000000000000000, 23.30417700039917506 ) ) ;
#3117 = EDGE_LOOP ( 'NONE', ( #4872, #2391, #4786, #1618 ) ) ;
#3118 = CARTESIAN_POINT ( 'NONE',  ( 30.95857960530109310, 6.264999999999999680, 4.930811030643378778 ) ) ;
#3119 = CARTESIAN_POINT ( 'NONE',  ( 0.000000000000000000, 5.764999999999999680, -24.02999999999999758 ) ) ;
#3120 = DIRECTION ( 'NONE',  ( -0.000000000000000000, -1.000000000000000000, -0.000000000000000000 ) ) ;
#3121 = ORIENTED_EDGE ( 'NONE', *, *, #4425, .F. ) ;
#3122 = CARTESIAN_POINT ( 'NONE',  ( -0.3983431104218093655, 6.264999999999999680, 0.3342495570369435898 ) ) ;
#3123 = LINE ( 'NONE', #1641, #490 ) ;
#3124 = EDGE_CURVE ( 'NONE', #2320, #872, #4424, .T. ) ;
#3125 = VERTEX_POINT ( 'NONE', #4266 ) ;
#3126 = DIRECTION ( 'NONE',  ( -0.000000000000000000, -1.000000000000000000, -0.000000000000000000 ) ) ;
#3127 = FACE_OUTER_BOUND ( 'NONE', #1450, .T. ) ;
#3128 = EDGE_LOOP ( 'NONE', ( #190, #741, #4455, #4155 ) ) ;
#3129 = ADVANCED_FACE ( 'NONE', ( #880 ), #1177, .T. ) ;
#3130 = ORIENTED_EDGE ( 'NONE', *, *, #4328, .F. ) ;
#3131 = DIRECTION ( 'NONE',  ( -0.000000000000000000, -1.000000000000000000, -0.000000000000000000 ) ) ;
#3132 = VERTEX_POINT ( 'NONE', #3036 ) ;
#3133 = CARTESIAN_POINT ( 'NONE',  ( 17.21793483357267363, 6.264999999999999680, 3.035986463248324885 ) ) ;
#3134 = ORIENTED_EDGE ( 'NONE', *, *, #3569, .F. ) ;
#3135 = EDGE_CURVE ( 'NONE', #4602, #686, #4810, .T. ) ;
#3136 = CARTESIAN_POINT ( 'NONE',  ( 0.000000000000000000, 6.264999999999999680, 0.000000000000000000 ) ) ;
#3137 = CARTESIAN_POINT ( 'NONE',  ( -11.61707311970166501, 3.265000000000000124, 12.25785032243587658 ) ) ;
#3138 = B_SPLINE_CURVE_WITH_KNOTS ( 'NONE', 3,
 ( #3976, #4653, #1369, #891, #134, #2411, #594, #2462 ),
 .UNSPECIFIED., .F., .F.,
 ( 4, 2, 2, 4 ),
 ( 0.000000000000000000, 0.0002554680715913730895, 0.0005109361431827461790, 0.001021872286365492358 ),
 .UNSPECIFIED. ) ;
#3139 = AXIS2_PLACEMENT_3D ( 'NONE', #56, #1572, #4572 ) ;
#3140 = CARTESIAN_POINT ( 'NONE',  ( 23.56909177937838962, 6.264999999999999680, 4.683888629679213267 ) ) ;
#3141 = CARTESIAN_POINT ( 'NONE',  ( 16.04556694617575729, 6.219357122083193801, 1.371188415904867508 ) ) ;
#3142 = LINE ( 'NONE', #3892, #2274 ) ;
#3143 = EDGE_LOOP ( 'NONE', ( #4581, #3959, #2130, #254 ) ) ;
#3144 = CYLINDRICAL_SURFACE ( 'NONE', #1824, 25.02749999999998920 ) ;
#3145 = VECTOR ( 'NONE', #4168, 1000.000000000000114 ) ;
#3146 = DIRECTION ( 'NONE',  ( -0.000000000000000000, -1.000000000000000000, -0.000000000000000000 ) ) ;
#3147 = CARTESIAN_POINT ( 'NONE',  ( -23.07722683461662783, 6.055188110906356336, 5.017236064248332461 ) ) ;
#3148 = EDGE_LOOP ( 'NONE', ( #3858, #1419, #2870, #577 ) ) ;
#3149 = DIRECTION ( 'NONE',  ( -0.000000000000000000, -1.000000000000000000, -0.000000000000000000 ) ) ;
#3150 = EDGE_CURVE ( 'NONE', #55, #1041, #1610, .T. ) ;
#3151 = CARTESIAN_POINT ( 'NONE',  ( 31.37141457813754641, 6.264999999999999680, 6.802515648106712831 ) ) ;
#3152 = VERTEX_POINT ( 'NONE', #4241 ) ;
#3153 = ORIENTED_EDGE ( 'NONE', *, *, #114, .F. ) ;
#3154 = CARTESIAN_POINT ( 'NONE',  ( 0.000000000000000000, 0.000000000000000000, -23.52999999999999758 ) ) ;
#3155 = ORIENTED_EDGE ( 'NONE', *, *, #4411, .F. ) ;
#3156 = EDGE_CURVE ( 'NONE', #2745, #1964, #857, .T. ) ;
#3157 = ORIENTED_EDGE ( 'NONE', *, *, #1408, .F. ) ;
#3158 = CARTESIAN_POINT ( 'NONE',  ( 14.51611861348610155, 6.107366286027166247, 18.68393455802137737 ) ) ;
#3159 = LINE ( 'NONE', #1731, #1233 ) ;
#3160 = EDGE_CURVE ( 'NONE', #770, #4861, #2038, .T. ) ;
#3161 = DIRECTION ( 'NONE',  ( 0.000000000000000000, 0.000000000000000000, 1.000000000000000000 ) ) ;
#3162 = CARTESIAN_POINT ( 'NONE',  ( 21.14644285628196485, 3.265000000000000124, -13.38669902462893191 ) ) ;
#3163 = APPLICATION_PROTOCOL_DEFINITION ( 'draft international standard', 'automotive_design', 1998, #3611 ) ;
#3164 = CARTESIAN_POINT ( 'NONE',  ( -16.82811041791751450, 5.921872957827534201, 18.49878807450721752 ) ) ;
#3165 = DIRECTION ( 'NONE',  ( -0.4226182617402615138, -0.000000000000000000, 0.9063077870368541067 ) ) ;
#3166 = ORIENTED_EDGE ( 'NONE', *, *, #2106, .F. ) ;
#3167 = LINE ( 'NONE', #3549, #2218 ) ;
#3168 = CARTESIAN_POINT ( 'NONE',  ( -12.50178425574864782, 5.764999999999999680, 17.85439826558410203 ) ) ;
#3169 = DIRECTION ( 'NONE',  ( -0.3420201433255953272, 0.000000000000000000, -0.9396926207859350733 ) ) ;
#3170 = ORIENTED_EDGE ( 'NONE', *, *, #1798, .T. ) ;
#3171 = CIRCLE ( 'NONE', #1107, 14.57731163100814697 ) ;
#3172 = CARTESIAN_POINT ( 'NONE',  ( 15.29263558886092866, 6.264999999999999680, 19.81189170665698640 ) ) ;
#3173 = DIRECTION ( 'NONE',  ( -0.5735764363516123732, -0.000000000000000000, 0.8191520442885952269 ) ) ;
#3174 = ORIENTED_EDGE ( 'NONE', *, *, #560, .F. ) ;
#3175 = AXIS2_PLACEMENT_3D ( 'NONE', #4757, #2830, #936 ) ;
#3176 = ORIENTED_EDGE ( 'NONE', *, *, #4146, .T. ) ;
#3177 = CARTESIAN_POINT ( 'NONE',  ( 8.875653739673351694, 6.264999999999999680, -22.86527994456709223 ) ) ;
#3178 = ORIENTED_EDGE ( 'NONE', *, *, #1007, .T. ) ;
#3179 = ORIENTED_EDGE ( 'NONE', *, *, #3954, .T. ) ;
#3180 = CARTESIAN_POINT ( 'NONE',  ( -11.57294291280587295, 6.113831634978346585, 11.19506512715566870 ) ) ;
#3181 = EDGE_CURVE ( 'NONE', #1414, #1394, #3159, .T. ) ;
#3182 = DIRECTION ( 'NONE',  ( -0.000000000000000000, -1.000000000000000000, -0.000000000000000000 ) ) ;
#3183 = ORIENTED_EDGE ( 'NONE', *, *, #2894, .T. ) ;
#3184 = LINE ( 'NONE', #4687, #1596 ) ;
#3185 = LINE ( 'NONE', #4342, #2628 ) ;
#3186 = EDGE_CURVE ( 'NONE', #4602, #1760, #149, .T. ) ;
#3187 = DIRECTION ( 'NONE',  ( -0.000000000000000000, -1.000000000000000000, 0.000000000000000000 ) ) ;
#3188 = CARTESIAN_POINT ( 'NONE',  ( 16.51097042370104973, 5.764999999999999680, 3.439351401558869537 ) ) ;
#3189 = VERTEX_POINT ( 'NONE', #2887 ) ;
#3190 = LINE ( 'NONE', #3972, #3303 ) ;
#3191 = DIRECTION ( 'NONE',  ( -0.6427876096865972055, 0.000000000000000000, -0.7660444431189294967 ) ) ;
#3192 = FACE_OUTER_BOUND ( 'NONE', #4235, .T. ) ;
#3193 = DIRECTION ( 'NONE',  ( 0.000000000000000000, 0.000000000000000000, 1.000000000000000000 ) ) ;
#3194 = CARTESIAN_POINT ( 'NONE',  ( 24.05914606170105330, 6.264999999999999680, 4.770298421664434407 ) ) ;
#3195 = EDGE_LOOP ( 'NONE', ( #2932, #650, #3025, #2759 ) ) ;
#3196 = CARTESIAN_POINT ( 'NONE',  ( 24.80391930942181489, 0.000000000000000000, 3.337865057441843586 ) ) ;
#3197 = EDGE_LOOP ( 'NONE', ( #1063, #1380, #4340, #1629 ) ) ;
#3198 = CARTESIAN_POINT ( 'NONE',  ( 0.000000000000000000, 5.764999999999999680, 0.000000000000000000 ) ) ;
#3199 = ORIENTED_EDGE ( 'NONE', *, *, #2633, .F. ) ;
#3200 = ORIENTED_EDGE ( 'NONE', *, *, #203, .T. ) ;
#3201 = CARTESIAN_POINT ( 'NONE',  ( -11.72428514981518255, 5.764999999999999680, 11.03241121076153597 ) ) ;
#3202 = DIRECTION ( 'NONE',  ( -0.000000000000000000, -1.000000000000000000, -0.000000000000000000 ) ) ;
#3203 = ORIENTED_EDGE ( 'NONE', *, *, #2894, .F. ) ;
#3204 = AXIS2_PLACEMENT_3D ( 'NONE', #3054, #2321, #3809 ) ;
#3205 = DIRECTION ( 'NONE',  ( -0.08715574274706107405, 0.000000000000000000, 0.9961946980917978367 ) ) ;
#3207 = LINE ( 'NONE', #4580, #4505 ) ;
#3206 = VECTOR ( 'NONE', #2338, 1000.000000000000000 ) ;
#3208 = VECTOR ( 'NONE', #1137, 1000.000000000000000 ) ;
#3209 = CARTESIAN_POINT ( 'NONE',  ( 15.33261916210367382, 6.228709313982507823, 19.43373344799022817 ) ) ;
#3210 = ORIENTED_EDGE ( 'NONE', *, *, #3645, .T. ) ;
#3211 = CIRCLE ( 'NONE', #4463, 25.02749999999999275 ) ;
#3212 = EDGE_CURVE ( 'NONE', #2302, #1878, #3230, .T. ) ;
#3213 = CARTESIAN_POINT ( 'NONE',  ( -24.78187224234873298, 5.921872957827537753, 3.353992937837029231 ) ) ;
#3214 = DIRECTION ( 'NONE',  ( -0.5735764363506853369, 0.000000000000000000, 0.8191520442892443743 ) ) ;
#3215 = LINE ( 'NONE', #963, #4552 ) ;
#3216 = VECTOR ( 'NONE', #3447, 999.9999999999998863 ) ;
#3217 = LINE ( 'NONE', #4301, #602 ) ;
#3218 = EDGE_CURVE ( 'NONE', #3365, #2646, #2129, .T. ) ;
#3219 = FACE_OUTER_BOUND ( 'NONE', #1291, .T. ) ;
#3220 = CARTESIAN_POINT ( 'NONE',  ( 5.018382346036153407, 5.764999999999999680, -15.73645170698298479 ) ) ;
#3221 = ADVANCED_FACE ( 'NONE', ( #974 ), #4624, .T. ) ;
#3222 = CARTESIAN_POINT ( 'NONE',  ( 30.77798550052926174, 6.264999999999999680, 5.955011093778010078 ) ) ;
#3223 = ORIENTED_EDGE ( 'NONE', *, *, #1775, .F. ) ;
#3224 = CARTESIAN_POINT ( 'NONE',  ( 19.12613749183849521, 5.764999999999999680, 25.73369080688134147 ) ) ;
#3225 = CARTESIAN_POINT ( 'NONE',  ( -6.530831529805279700, 6.264999999999999680, -14.72313383150301291 ) ) ;
#3226 = ORIENTED_EDGE ( 'NONE', *, *, #1750, .F. ) ;
#3227 = CARTESIAN_POINT ( 'NONE',  ( 15.04422621064451349, 6.264999999999999680, 18.73798702430324070 ) ) ;
#3228 = CARTESIAN_POINT ( 'NONE',  ( 0.3983431104224928743, 6.264999999999999680, 0.3342495570375241809 ) ) ;
#3229 = ORIENTED_EDGE ( 'NONE', *, *, #3582, .F. ) ;
#3230 = B_SPLINE_CURVE_WITH_KNOTS ( 'NONE', 3,
 ( #603, #2494, #4661, #4289, #2420, #4362, #2107, #1282 ),
 .UNSPECIFIED., .F., .F.,
 ( 4, 2, 2, 4 ),
 ( -4.472650285587133109E-06, 0.0004674945079885333386, 0.0007034780871255933094, 0.0009394616662626533886 ),
 .UNSPECIFIED. ) ;
#3231 = CARTESIAN_POINT ( 'NONE',  ( -8.875653739674497444, 6.264999999999999680, -22.86527994456664814 ) ) ;
#3232 = CARTESIAN_POINT ( 'NONE',  ( 0.000000000000000000, 5.764999999999999680, 0.000000000000000000 ) ) ;
#3233 = CIRCLE ( 'NONE', #781, 23.52999999999999758 ) ;
#3234 = ORIENTED_EDGE ( 'NONE', *, *, #4863, .F. ) ;
#3235 = DIRECTION ( 'NONE',  ( -0.000000000000000000, -1.000000000000000000, -0.000000000000000000 ) ) ;
#3236 = FACE_OUTER_BOUND ( 'NONE', #2500, .T. ) ;
#3237 = FACE_OUTER_BOUND ( 'NONE', #68, .T. ) ;
#3238 = EDGE_CURVE ( 'NONE', #2791, #3686, #44, .T. ) ;
#3239 = DIRECTION ( 'NONE',  ( 0.000000000000000000, 0.000000000000000000, -1.000000000000000000 ) ) ;
#3240 = CARTESIAN_POINT ( 'NONE',  ( 23.24104116510420681, 5.764999999999999680, 3.570000778981960110 ) ) ;
#3241 = ORIENTED_EDGE ( 'NONE', *, *, #2740, .T. ) ;
#3242 = CARTESIAN_POINT ( 'NONE',  ( 31.19951267229354031, 5.915251510363442655, 7.397720104716775325 ) ) ;
#3243 = AXIS2_PLACEMENT_3D ( 'NONE', #3736, #744, #3417 ) ;
#3244 = EDGE_LOOP ( 'NONE', ( #3716, #1653, #682, #2127, #3628, #2671 ) ) ;
#3245 = DIRECTION ( 'NONE',  ( 0.08715574274785124753, 0.000000000000000000, 0.9961946980917286698 ) ) ;
#3246 = ADVANCED_FACE ( 'NONE', ( #169 ), #2797, .T. ) ;
#3247 = LINE ( 'NONE', #4703, #4231 ) ;
#3248 = VERTEX_POINT ( 'NONE', #239 ) ;
#3249 = ORIENTED_EDGE ( 'NONE', *, *, #1340, .T. ) ;
#3250 = DIRECTION ( 'NONE',  ( -0.3420201433256677137, 0.000000000000000000, -0.9396926207859088720 ) ) ;
#3251 = DIRECTION ( 'NONE',  ( 0.000000000000000000, 0.000000000000000000, -1.000000000000000000 ) ) ;
#3252 = EDGE_LOOP ( 'NONE', ( #3784, #4190, #3979, #1979 ) ) ;
#3253 = CARTESIAN_POINT ( 'NONE',  ( -31.80608415963236979, 6.264999999999999680, 4.337381953036409499 ) ) ;
#3254 = FACE_OUTER_BOUND ( 'NONE', #4127, .T. ) ;
#3255 = CARTESIAN_POINT ( 'NONE',  ( 7.243917375738558206, 6.264999999999999680, -14.37701709155918373 ) ) ;
#3256 = DIRECTION ( 'NONE',  ( -0.9961946980916878136, 0.000000000000000000, -0.08715574274831970614 ) ) ;
#3257 = LINE ( 'NONE', #4760, #1474 ) ;
#3258 = ORIENTED_EDGE ( 'NONE', *, *, #3647, .F. ) ;
#3259 = EDGE_CURVE ( 'NONE', #4867, #3663, #4226, .T. ) ;
#3260 = DIRECTION ( 'NONE',  ( 0.8191520442886223163, 0.000000000000000000, -0.5735764363515737374 ) ) ;
#3261 = B_SPLINE_CURVE_WITH_KNOTS ( 'NONE', 3,
 ( #3996, #3895, #1318, #179, #961, #2432, #1737, #3920 ),
 .UNSPECIFIED., .F., .F.,
 ( 4, 2, 2, 4 ),
 ( 0.000000000000000000, 0.0002243944063326252006, 0.0004487888126652504013, 0.0008975776253304993931 ),
 .UNSPECIFIED. ) ;
#3262 = VERTEX_POINT ( 'NONE', #1379 ) ;
#3263 = CARTESIAN_POINT ( 'NONE',  ( -11.60809380826080428, 6.057893218813449998, -28.91069513293903270 ) ) ;
#3264 = CARTESIAN_POINT ( 'NONE',  ( 24.70948845634610080, 6.052167313796299020, 3.406796649262261667 ) ) ;
#3265 = DIRECTION ( 'NONE',  ( 0.9063077870365632283, 0.000000000000000000, -0.4226182617408857367 ) ) ;
#3266 = ORIENTED_EDGE ( 'NONE', *, *, #4688, .T. ) ;
#3267 = EDGE_CURVE ( 'NONE', #1031, #3531, #4751, .T. ) ;
#3268 = DIRECTION ( 'NONE',  ( 0.000000000000000000, 0.000000000000000000, 1.000000000000000000 ) ) ;
#3269 = ORIENTED_EDGE ( 'NONE', *, *, #2345, .T. ) ;
#3270 = ADVANCED_FACE ( 'NONE', ( #4339 ), #582, .F. ) ;
#3271 = CARTESIAN_POINT ( 'NONE',  ( -8.998655526815827699, 5.846508752381807561, -21.74132237720848693 ) ) ;
#3272 = ADVANCED_FACE ( 'NONE', ( #4709 ), #2474, .F. ) ;
#3273 = CIRCLE ( 'NONE', #3902, 14.64608244481093280 ) ;
#3274 = CARTESIAN_POINT ( 'NONE',  ( 15.50891816952660385, 5.764999999999999680, 17.67383255581335533 ) ) ;
#3275 = ORIENTED_EDGE ( 'NONE', *, *, #459, .F. ) ;
#3276 = VECTOR ( 'NONE', #1868, 1000.000000000000000 ) ;
#3277 = CARTESIAN_POINT ( 'NONE',  ( -6.254199851177304481, 6.264999999999999680, -15.66289457977910260 ) ) ;
#3278 = CYLINDRICAL_SURFACE ( 'NONE', #4277, 0.5000000000000001110 ) ;
#3279 = CARTESIAN_POINT ( 'NONE',  ( 23.40149483802301589, 6.055186808242948970, 3.178215731490458662 ) ) ;
#3280 = ORIENTED_EDGE ( 'NONE', *, *, #224, .T. ) ;
#3281 = CARTESIAN_POINT ( 'NONE',  ( 10.05434245573841068, 5.764999999999999680, 13.56913704619687699 ) ) ;
#3282 = CARTESIAN_POINT ( 'NONE',  ( -0.09029705238692785352, 6.264999999999999680, -0.5121000315670560799 ) ) ;
#3283 = MECHANICAL_DESIGN_GEOMETRIC_PRESENTATION_REPRESENTATION (  '', ( #4001 ), #2832 ) ;
#3284 = CARTESIAN_POINT ( 'NONE',  ( 24.44967702698105683, 6.264999999999999680, 5.346872873588294439 ) ) ;
#3285 = CIRCLE ( 'NONE', #3670, 23.53000000000000114 ) ;
#3286 = VERTEX_POINT ( 'NONE', #1307 ) ;
#3287 = FACE_OUTER_BOUND ( 'NONE', #3111, .T. ) ;
#3288 = PLANE ( 'NONE',  #2424 ) ;
#3289 = EDGE_CURVE ( 'NONE', #929, #1936, #1755, .T. ) ;
#3290 = VECTOR ( 'NONE', #1279, 1000.000000000000000 ) ;
#3291 = LINE ( 'NONE', #646, #4409 ) ;
#3292 = ORIENTED_EDGE ( 'NONE', *, *, #1091, .F. ) ;
#3293 = CARTESIAN_POINT ( 'NONE',  ( 31.84909871781022872, 6.264999999999999680, 3.696875540764980705 ) ) ;
#3294 = EDGE_CURVE ( 'NONE', #2940, #507, #2114, .T. ) ;
#3295 = VERTEX_POINT ( 'NONE', #2592 ) ;
#3296 = LINE ( 'NONE', #1021, #4188 ) ;
#3297 = DIRECTION ( 'NONE',  ( -0.000000000000000000, -1.000000000000000000, -0.000000000000000000 ) ) ;
#3298 = ADVANCED_FACE ( 'NONE', ( #669 ), #3685, .T. ) ;
#3299 = VERTEX_POINT ( 'NONE', #1451 ) ;
#3300 = LINE ( 'NONE', #2177, #2701 ) ;
#3301 = DIRECTION ( 'NONE',  ( -0.3420201433256684909, 0.000000000000000000, 0.9396926207859085389 ) ) ;
#3302 = CARTESIAN_POINT ( 'NONE',  ( 23.32786525393763810, 5.764999999999999680, 3.077596902475847607 ) ) ;
#3303 = VECTOR ( 'NONE', #2115, 1000.000000000000114 ) ;
#3304 = CARTESIAN_POINT ( 'NONE',  ( 0.000000000000000000, 5.764999999999999680, 0.000000000000000000 ) ) ;
#3305 = EDGE_LOOP ( 'NONE', ( #312, #1149, #4598, #3880 ) ) ;
#3306 = CARTESIAN_POINT ( 'NONE',  ( -9.691120861856122204, 5.764999999999999680, -29.60841622532391781 ) ) ;
#3307 = DIRECTION ( 'NONE',  ( -0.6427876096865237088, -0.000000000000000000, 0.7660444431189911141 ) ) ;
#3308 = PLANE ( 'NONE',  #709 ) ;
#3309 = DIRECTION ( 'NONE',  ( -0.000000000000000000, -1.000000000000000000, -0.000000000000000000 ) ) ;
#3311 = EDGE_CURVE ( 'NONE', #4861, #3613, #1536, .T. ) ;
#3310 = CARTESIAN_POINT ( 'NONE',  ( -7.081682580411170491, 0.000000000000000000, -22.43904346959336848 ) ) ;
#3312 = DIRECTION ( 'NONE',  ( 0.7660444431189626924, 0.000000000000000000, -0.6427876096865574596 ) ) ;
#3313 = CYLINDRICAL_SURFACE ( 'NONE', #2923, 0.4999999999999998890 ) ;
#3314 = ORIENTED_EDGE ( 'NONE', *, *, #427, .F. ) ;
#3315 = AXIS2_PLACEMENT_3D ( 'NONE', #2941, #4430, #1046 ) ;
#3316 = DIRECTION ( 'NONE',  ( -0.000000000000000000, -1.000000000000000000, -0.000000000000000000 ) ) ;
#3317 = AXIS2_PLACEMENT_3D ( 'NONE', #3087, #2272, #4504 ) ;
#3318 = ORIENTED_EDGE ( 'NONE', *, *, #4716, .F. ) ;
#3319 = LINE ( 'NONE', #4410, #3871 ) ;
#3320 = ADVANCED_FACE ( 'NONE', ( #2542 ), #1776, .T. ) ;
#3321 = VECTOR ( 'NONE', #271, 1000.000000000000000 ) ;
#3322 = CARTESIAN_POINT ( 'NONE',  ( 0.000000000000000000, 5.764999999999999680, 0.000000000000000000 ) ) ;
#3323 = AXIS2_PLACEMENT_3D ( 'NONE', #2994, #3643, #4780 ) ;
#3324 = ORIENTED_EDGE ( 'NONE', *, *, #1044, .F. ) ;
#3325 = CARTESIAN_POINT ( 'NONE',  ( -9.945495925549497684, 6.264999999999999680, -6.963911218297146100 ) ) ;
#3326 = EDGE_CURVE ( 'NONE', #3047, #2745, #1956, .T. ) ;
#3327 = CYLINDRICAL_SURFACE ( 'NONE', #2090, 14.57731163100803862 ) ;
#3328 = CARTESIAN_POINT ( 'NONE',  ( -9.691120861856122204, 6.264999999999999680, -29.60841622532391781 ) ) ;
#3329 = EDGE_LOOP ( 'NONE', ( #1206, #2711, #1866, #2841 ) ) ;
#3330 = LINE ( 'NONE', #2998, #3751 ) ;
#3331 = DIRECTION ( 'NONE',  ( -0.7256903291925822508, -0.5457393103138313828, -0.4189775069076444036 ) ) ;
#3332 = ADVANCED_FACE ( 'NONE', ( #718 ), #4843, .T. ) ;
#3333 = CARTESIAN_POINT ( 'NONE',  ( 15.84091243148946049, 6.264999999999999680, 18.06948791022819023 ) ) ;
#3334 = CARTESIAN_POINT ( 'NONE',  ( 7.250407568123360846, 6.107366286027164470, -22.52196040013662781 ) ) ;
#3335 = EDGE_LOOP ( 'NONE', ( #558, #4884, #4729, #2987, #915, #4520 ) ) ;
#3336 = DIRECTION ( 'NONE',  ( -0.4226182617401404995, 0.000000000000000000, -0.9063077870369106170 ) ) ;
#3337 = DIRECTION ( 'NONE',  ( 0.1736481776669281663, 0.000000000000000000, 0.9848077530122084644 ) ) ;
#3338 = EDGE_LOOP ( 'NONE', ( #4356, #2739, #4550, #3497, #1725, #295 ) ) ;
#3339 = ORIENTED_EDGE ( 'NONE', *, *, #396, .T. ) ;
#3340 = CARTESIAN_POINT ( 'NONE',  ( -7.594310774156567412, 5.764999999999999680, -23.84747785648472629 ) ) ;
#3341 = VERTEX_POINT ( 'NONE', #352 ) ;
#3342 = CARTESIAN_POINT ( 'NONE',  ( 1.020000000000000018, 4.241147254709322745, 23.50788165701027310 ) ) ;
#3343 = DIRECTION ( 'NONE',  ( 0.000000000000000000, 1.000000000000000000, -0.000000000000000000 ) ) ;
#3344 = EDGE_CURVE ( 'NONE', #3286, #1119, #1856, .T. ) ;
#3345 = ORIENTED_EDGE ( 'NONE', *, *, #331, .T. ) ;
#3346 = CARTESIAN_POINT ( 'NONE',  ( -7.728179347889287953, 6.264999999999999680, -22.75337653990847642 ) ) ;
#3347 = CARTESIAN_POINT ( 'NONE',  ( -23.32786525393755994, 5.764999999999999680, 3.077596902476485319 ) ) ;
#3348 = FACE_OUTER_BOUND ( 'NONE', #1303, .T. ) ;
#3349 = ADVANCED_FACE ( 'NONE', ( #1829 ), #1879, .T. ) ;
#3350 = VERTEX_POINT ( 'NONE', #1018 ) ;
#3351 = AXIS2_PLACEMENT_3D ( 'NONE', #1472, #4105, #3268 ) ;
#3352 = CARTESIAN_POINT ( 'NONE',  ( -12.72296122597416002, 0.000000000000000000, -29.43056634764681334 ) ) ;
#3353 = CARTESIAN_POINT ( 'NONE',  ( 12.58552965825732173, 6.098599059609155937, -29.50107670853244102 ) ) ;
#3354 = CARTESIAN_POINT ( 'NONE',  ( 31.19276894612020712, 0.000000000000000000, 7.419106642638352511 ) ) ;
#3355 = AXIS2_PLACEMENT_3D ( 'NONE', #4094, #1033, #1010 ) ;
#3356 = ORIENTED_EDGE ( 'NONE', *, *, #4791, .T. ) ;
#3357 = LINE ( 'NONE', #3823, #844 ) ;
#3358 = PLANE ( 'NONE',  #1325 ) ;
#3359 = EDGE_CURVE ( 'NONE', #3093, #848, #60, .T. ) ;
#3360 = FACE_OUTER_BOUND ( 'NONE', #132, .T. ) ;
#3361 = APPLICATION_CONTEXT ( 'automotive_design' ) ;
#3362 = AXIS2_PLACEMENT_3D ( 'NONE', #3975, #4254, #1321 ) ;
#3363 = TOROIDAL_SURFACE ( 'NONE', #4543, 24.02999999999999758, 0.5000000000000000000 ) ;
#3364 = ORIENTED_EDGE ( 'NONE', *, *, #3359, .T. ) ;
#3365 = VERTEX_POINT ( 'NONE', #4036 ) ;
#3366 = DIRECTION ( 'NONE',  ( -0.1736481776669309696, 0.000000000000000000, -0.9848077530122080203 ) ) ;
#3367 = ORIENTED_EDGE ( 'NONE', *, *, #4825, .T. ) ;
#3368 = AXIS2_PLACEMENT_3D ( 'NONE', #466, #1204, #2326 ) ;
#3369 = DIRECTION ( 'NONE',  ( -0.5735764363506832275, -0.000000000000000000, 0.8191520442892460396 ) ) ;
#3370 = LINE ( 'NONE', #1959, #3839 ) ;
#3371 = DIRECTION ( 'NONE',  ( -0.7660444431189782355, 0.000000000000000000, -0.6427876096865392519 ) ) ;
#3372 = EDGE_LOOP ( 'NONE', ( #1400, #3861, #1017, #1169, #280, #3356 ) ) ;
#3373 = CARTESIAN_POINT ( 'NONE',  ( 16.73872106974010876, 6.052165718555738927, 18.49271076055432417 ) ) ;
#3374 = CARTESIAN_POINT ( 'NONE',  ( -4.129868449636862948, 6.229921559809638687, -15.56599728911086444 ) ) ;
#3375 = CYLINDRICAL_SURFACE ( 'NONE', #1647, 0.4999999999999998890 ) ;
#3376 = ORIENTED_EDGE ( 'NONE', *, *, #717, .F. ) ;
#3377 = CARTESIAN_POINT ( 'NONE',  ( 3.839391074383078806, 6.063945815778176929, -15.63627588392514944 ) ) ;
#3378 = DIRECTION ( 'NONE',  ( -0.000000000000000000, -1.000000000000000000, -0.000000000000000000 ) ) ;
#3379 = CARTESIAN_POINT ( 'NONE',  ( -17.21793483357565790, 6.264999999999999680, 3.035986463239486621 ) ) ;
#3380 = ADVANCED_FACE ( 'NONE', ( #4822 ), #3708, .T. ) ;
#3381 = ORIENTED_EDGE ( 'NONE', *, *, #1322, .F. ) ;
#3382 = CARTESIAN_POINT ( 'NONE',  ( -5.206084834573834641, 6.264999999999999680, -15.82397881484218871 ) ) ;
#3383 = FACE_OUTER_BOUND ( 'NONE', #4733, .T. ) ;
#3384 = AXIS2_PLACEMENT_3D ( 'NONE', #4346, #3235, #909 ) ;
#3385 = CARTESIAN_POINT ( 'NONE',  ( -5.018382346036155184, 6.264999999999999680, -15.73645170698244300 ) ) ;
#3386 = ORIENTED_EDGE ( 'NONE', *, *, #1053, .F. ) ;
#3387 = EDGE_CURVE ( 'NONE', #848, #1433, #328, .T. ) ;
#3388 = ORIENTED_EDGE ( 'NONE', *, *, #2024, .F. ) ;
#3389 = PLANE ( 'NONE',  #4318 ) ;
#3390 = VERTEX_POINT ( 'NONE', #1500 ) ;
#3391 = CARTESIAN_POINT ( 'NONE',  ( -11.61707311970166501, 0.000000000000000000, 12.25785032243587658 ) ) ;
#3392 = AXIS2_PLACEMENT_3D ( 'NONE', #2858, #967, #576 ) ;
#3393 = EDGE_CURVE ( 'NONE', #2772, #2496, #3011, .T. ) ;
#3394 = CARTESIAN_POINT ( 'NONE',  ( 19.74949741645048462, 6.264999999999999680, 24.34551088795273444 ) ) ;
#3395 = ORIENTED_EDGE ( 'NONE', *, *, #630, .F. ) ;
#3396 = CIRCLE ( 'NONE', #3553, 23.53000000000000114 ) ;
#3397 = FACE_OUTER_BOUND ( 'NONE', #189, .T. ) ;
#3398 = CARTESIAN_POINT ( 'NONE',  ( -3.903514929478358653, 5.764999999999999680, -15.21658049281480984 ) ) ;
#3399 = ORIENTED_EDGE ( 'NONE', *, *, #1007, .F. ) ;
#3400 = CARTESIAN_POINT ( 'NONE',  ( 20.79608018602494823, 6.057893218813454439, 23.19696497017266523 ) ) ;
#3401 = DIRECTION ( 'NONE',  ( 0.000000000000000000, 0.000000000000000000, 1.000000000000000000 ) ) ;
#3402 = DIRECTION ( 'NONE',  ( 0.8191520442892409326, 0.000000000000000000, 0.5735764363506902219 ) ) ;
#3403 = ORIENTED_EDGE ( 'NONE', *, *, #4503, .T. ) ;
#3404 = DIRECTION ( 'NONE',  ( 0.3420201433256717105, 0.000000000000000000, -0.9396926207859074287 ) ) ;
#3405 = DIRECTION ( 'NONE',  ( 0.9961946980917633088, -0.000000000000000000, 0.08715574274745541139 ) ) ;
#3406 = EDGE_CURVE ( 'NONE', #110, #2652, #649, .T. ) ;
#3407 = DIRECTION ( 'NONE',  ( 0.3420201433256690460, 0.000000000000000000, 0.9396926207859084279 ) ) ;
#3408 = ADVANCED_FACE ( 'NONE', ( #1042 ), #1802, .F. ) ;
#3409 = ORIENTED_EDGE ( 'NONE', *, *, #2550, .F. ) ;
#3410 = ORIENTED_EDGE ( 'NONE', *, *, #1091, .T. ) ;
#3411 = CARTESIAN_POINT ( 'NONE',  ( 11.72428514981459635, 5.851846802861087049, 11.03241121076136544 ) ) ;
#3412 =( BOUNDED_CURVE ( )  B_SPLINE_CURVE ( 3, ( #319, #2632, #2579, #4122 ),
 .UNSPECIFIED., .F., .T. ) 
 B_SPLINE_CURVE_WITH_KNOTS ( ( 4, 4 ),
 ( 3.141592653589793116, 4.712388980384690562 ),
 .UNSPECIFIED. ) 
 CURVE ( )  GEOMETRIC_REPRESENTATION_ITEM ( )  RATIONAL_B_SPLINE_CURVE ( ( 1.000000000000000000, 0.8047378541243648264, 0.8047378541243648264, 1.000000000000000000 ) ) 
 REPRESENTATION_ITEM ( '' )  );
#3413 = ORIENTED_EDGE ( 'NONE', *, *, #2866, .T. ) ;
#3414 = EDGE_CURVE ( 'NONE', #4081, #1567, #2938, .T. ) ;
#3415 = CARTESIAN_POINT ( 'NONE',  ( 0.5244024014076339446, 6.264999999999999680, -1.440783756570812146 ) ) ;
#3416 = VERTEX_POINT ( 'NONE', #2296 ) ;
#3417 = DIRECTION ( 'NONE',  ( 0.000000000000000000, 0.000000000000000000, -1.000000000000000000 ) ) ;
#3418 = CARTESIAN_POINT ( 'NONE',  ( -9.691120861856122204, 0.000000000000000000, -29.60841622532391781 ) ) ;
#3419 = FACE_OUTER_BOUND ( 'NONE', #4544, .T. ) ;
#3420 = ORIENTED_EDGE ( 'NONE', *, *, #4615, .T. ) ;
#3421 = ADVANCED_FACE ( 'NONE', ( #4605 ), #3787, .F. ) ;
#3422 = VERTEX_POINT ( 'NONE', #4577 ) ;
#3423 = EDGE_CURVE ( 'NONE', #2613, #3531, #4549, .T. ) ;
#3424 = LINE ( 'NONE', #416, #871 ) ;
#3425 = CARTESIAN_POINT ( 'NONE',  ( -11.17258253940795854, 6.264999999999999680, 11.60154428044696218 ) ) ;
#3426 = CARTESIAN_POINT ( 'NONE',  ( -10.05434245573796836, 6.057893218813453551, 13.56913704619718786 ) ) ;
#3427 = CARTESIAN_POINT ( 'NONE',  ( 0.000000000000000000, 5.764999999999999680, 0.000000000000000000 ) ) ;
#3428 = VERTEX_POINT ( 'NONE', #851 ) ;
#3429 = DIRECTION ( 'NONE',  ( 0.000000000000000000, 0.5457393103138310497, -0.8379550138152905836 ) ) ;
#3430 = LINE ( 'NONE', #51, #2790 ) ;
#3431 = DIRECTION ( 'NONE',  ( -0.9961946980917275596, 0.000000000000000000, 0.08715574274786325182 ) ) ;
#3432 = ORIENTED_EDGE ( 'NONE', *, *, #4852, .F. ) ;
#3433 = CYLINDRICAL_SURFACE ( 'NONE', #3139, 25.02749999999999275 ) ;
#3434 = AXIS2_PLACEMENT_3D ( 'NONE', #3637, #3316, #4770 ) ;
#3435 = FACE_OUTER_BOUND ( 'NONE', #462, .T. ) ;
#3436 = LINE ( 'NONE', #4179, #4538 ) ;
#3437 = ORIENTED_EDGE ( 'NONE', *, *, #338, .T. ) ;
#3438 = VECTOR ( 'NONE', #4546, 1000.000000000000114 ) ;
#3439 = AXIS2_PLACEMENT_3D ( 'NONE', #4474, #2564, #4448 ) ;
#3440 = ORIENTED_EDGE ( 'NONE', *, *, #4476, .F. ) ;
#3441 = DIRECTION ( 'NONE',  ( -0.000000000000000000, -1.000000000000000000, -0.000000000000000000 ) ) ;
#3442 = ORIENTED_EDGE ( 'NONE', *, *, #647, .T. ) ;
#3443 = CIRCLE ( 'NONE', #3362, 24.52749999999999275 ) ;
#3444 = CARTESIAN_POINT ( 'NONE',  ( -11.60809380826081316, 6.264999999999999680, -28.91069513293903270 ) ) ;
#3445 = ORIENTED_EDGE ( 'NONE', *, *, #1491, .F. ) ;
#3446 = CARTESIAN_POINT ( 'NONE',  ( -19.23334952206178272, 3.265000000000000124, 24.50825169393615610 ) ) ;
#3447 = DIRECTION ( 'NONE',  ( 0.4226182617401680330, 0.000000000000000000, -0.9063077870368978495 ) ) ;
#3448 = EDGE_CURVE ( 'NONE', #158, #1579, #4631, .T. ) ;
#3449 = CARTESIAN_POINT ( 'NONE',  ( -16.85536625282397338, 3.265000000000000124, 18.50060498289616362 ) ) ;
#3450 = ORIENTED_EDGE ( 'NONE', *, *, #4086, .T. ) ;
#3451 = ORIENTED_EDGE ( 'NONE', *, *, #1764, .T. ) ;
#3452 = CARTESIAN_POINT ( 'NONE',  ( 30.88996276406352237, 6.264999999999999680, 4.621300461378148761 ) ) ;
#3453 = LINE ( 'NONE', #3096, #3103 ) ;
#3454 = EDGE_CURVE ( 'NONE', #4316, #4070, #1317, .T. ) ;
#3455 = CARTESIAN_POINT ( 'NONE',  ( -11.60809380826081316, 6.264999999999999680, -28.91069513293903270 ) ) ;
#3456 = ORIENTED_EDGE ( 'NONE', *, *, #882, .T. ) ;
#3457 = CARTESIAN_POINT ( 'NONE',  ( 3.692205798609079270, 5.764999999999999680, -15.66973438633268856 ) ) ;
#3458 = CARTESIAN_POINT ( 'NONE',  ( -23.56909177937826882, 6.264999999999999680, 4.683888629679834104 ) ) ;
#3459 = EDGE_LOOP ( 'NONE', ( #397, #4683, #2031, #304 ) ) ;
#3460 = EDGE_CURVE ( 'NONE', #4352, #2134, #461, .T. ) ;
#3461 = DIRECTION ( 'NONE',  ( -0.000000000000000000, -1.000000000000000000, 0.000000000000000000 ) ) ;
#3462 = VERTEX_POINT ( 'NONE', #2742 ) ;
#3463 = EDGE_LOOP ( 'NONE', ( #3113, #3031, #1020, #2437 ) ) ;
#3464 = CARTESIAN_POINT ( 'NONE',  ( -20.79608018602539588, 3.265000000000000124, 23.19696497017492476 ) ) ;
#3465 = ORIENTED_EDGE ( 'NONE', *, *, #3557, .T. ) ;
#3466 = DIRECTION ( 'NONE',  ( -0.000000000000000000, -1.000000000000000000, -0.000000000000000000 ) ) ;
#3467 = ORIENTED_EDGE ( 'NONE', *, *, #184, .F. ) ;
#3468 = PLANE ( 'NONE',  #1516 ) ;
#3469 = DIRECTION ( 'NONE',  ( -0.6427876096865444699, 0.000000000000000000, 0.7660444431189736836 ) ) ;
#3470 = ORIENTED_EDGE ( 'NONE', *, *, #829, .T. ) ;
#3471 = EDGE_CURVE ( 'NONE', #3422, #502, #941, .T. ) ;
#3472 = DIRECTION ( 'NONE',  ( -0.9063077870368823064, -0.000000000000000000, -0.4226182617402011732 ) ) ;
#3473 = DIRECTION ( 'NONE',  ( -0.000000000000000000, -1.000000000000000000, 0.000000000000000000 ) ) ;
#3474 = CARTESIAN_POINT ( 'NONE',  ( 0.4886401628093666183, 6.264999999999999680, -0.1778504745295997891 ) ) ;
#3475 = AXIS2_PLACEMENT_3D ( 'NONE', #2001, #787, #1975 ) ;
#3476 = ORIENTED_EDGE ( 'NONE', *, *, #4804, .F. ) ;
#3477 = ADVANCED_FACE ( 'NONE', ( #2010 ), #2640, .F. ) ;
#3478 = DIRECTION ( 'NONE',  ( 0.000000000000000000, 0.000000000000000000, -1.000000000000000000 ) ) ;
#3479 = CARTESIAN_POINT ( 'NONE',  ( 11.44281778395766835, 6.264999999999999680, -29.06214270632930763 ) ) ;
#3480 = VECTOR ( 'NONE', #3494, 1000.000000000000114 ) ;
#3481 = FACE_OUTER_BOUND ( 'NONE', #4586, .T. ) ;
#3482 = ADVANCED_FACE ( 'NONE', ( #3760 ), #3389, .F. ) ;
#3483 = CARTESIAN_POINT ( 'NONE',  ( -23.56909177937826882, 6.264999999999999680, 4.683888629679834104 ) ) ;
#3484 = VERTEX_POINT ( 'NONE', #13 ) ;
#3485 = ORIENTED_EDGE ( 'NONE', *, *, #2527, .T. ) ;
#3486 = CARTESIAN_POINT ( 'NONE',  ( -15.89194039108521039, 3.265000000000000124, 17.35243875097084398 ) ) ;
#3487 = ORIENTED_EDGE ( 'NONE', *, *, #2769, .F. ) ;
#3488 = CARTESIAN_POINT ( 'NONE',  ( -11.60809380826081316, 5.764999999999999680, -28.91069513293903270 ) ) ;
#3489 = VERTEX_POINT ( 'NONE', #1928 ) ;
#3490 = CARTESIAN_POINT ( 'NONE',  ( -23.32786525393755994, 3.265000000000000124, 3.077596902476485319 ) ) ;
#3491 = DIRECTION ( 'NONE',  ( -0.000000000000000000, -1.000000000000000000, -0.000000000000000000 ) ) ;
#3492 = VERTEX_POINT ( 'NONE', #4182 ) ;
#3493 = FACE_OUTER_BOUND ( 'NONE', #4636, .T. ) ;
#3494 = DIRECTION ( 'NONE',  ( 0.8660254037844367092, 0.000000000000000000, 0.5000000000000034417 ) ) ;
#3495 = EDGE_CURVE ( 'NONE', #3610, #2444, #4300, .T. ) ;
#3496 = CARTESIAN_POINT ( 'NONE',  ( 0.000000000000000000, 6.264999999999999680, -25.02749999999999631 ) ) ;
#3497 = ORIENTED_EDGE ( 'NONE', *, *, #1044, .T. ) ;
#3498 = CARTESIAN_POINT ( 'NONE',  ( -24.66046712532140006, 6.105063043677877666, 3.442501356748218111 ) ) ;
#3499 = PLANE ( 'NONE',  #1919 ) ;
#3500 = ORIENTED_EDGE ( 'NONE', *, *, #504, .T. ) ;
#3501 = ADVANCED_FACE ( 'NONE', ( #4208 ), #769, .T. ) ;
#3502 = CARTESIAN_POINT ( 'NONE',  ( -9.794555928166921888, 6.264999999999999680, -30.56969980137444409 ) ) ;
#3503 = DIRECTION ( 'NONE',  ( -0.1736481776668588328, 0.000000000000000000, 0.9848077530122207879 ) ) ;
#3504 = EDGE_LOOP ( 'NONE', ( #1658, #1283, #3176, #1100, #1584, #972 ) ) ;
#3505 = VECTOR ( 'NONE', #2343, 1000.000000000000114 ) ;
#3506 = ORIENTED_EDGE ( 'NONE', *, *, #699, .T. ) ;
#3507 = EDGE_CURVE ( 'NONE', #3648, #4620, #430, .T. ) ;
#3508 = DIRECTION ( 'NONE',  ( 0.000000000000000000, 0.000000000000000000, -1.000000000000000000 ) ) ;
#3509 = EDGE_CURVE ( 'NONE', #3492, #3295, #825, .T. ) ;
#3510 = ORIENTED_EDGE ( 'NONE', *, *, #77, .T. ) ;
#3511 = CARTESIAN_POINT ( 'NONE',  ( 1.509956535253397014, 6.264999999999999680, 0.2662460768645632525 ) ) ;
#3512 = CIRCLE ( 'NONE', #212, 25.02749999999999275 ) ;
#3513 = ORIENTED_EDGE ( 'NONE', *, *, #3968, .F. ) ;
#3514 = DIRECTION ( 'NONE',  ( 0.9063077870365631172, 0.000000000000000000, -0.4226182617408856812 ) ) ;
#3515 = DIRECTION ( 'NONE',  ( 0.000000000000000000, 0.000000000000000000, -1.000000000000000000 ) ) ;
#3516 = VECTOR ( 'NONE', #4151, 1000.000000000000114 ) ;
#3517 = VECTOR ( 'NONE', #154, 1000.000000000000000 ) ;
#3518 = AXIS2_PLACEMENT_3D ( 'NONE', #1691, #3970, #2848 ) ;
#3519 = CARTESIAN_POINT ( 'NONE',  ( 23.30272386180000055, 6.228980324420349213, 4.865375106485967827 ) ) ;
#3520 = CARTESIAN_POINT ( 'NONE',  ( 0.000000000000000000, 6.264999999999999680, 0.000000000000000000 ) ) ;
#3521 = LINE ( 'NONE', #1921, #3594 ) ;
#3522 = AXIS2_PLACEMENT_3D ( 'NONE', #2472, #878, #3583 ) ;
#3523 = CYLINDRICAL_SURFACE ( 'NONE', #4548, 14.57731163100814342 ) ;
#3524 = ORIENTED_EDGE ( 'NONE', *, *, #4213, .T. ) ;
#3525 = FACE_OUTER_BOUND ( 'NONE', #1305, .T. ) ;
#3526 = DIRECTION ( 'NONE',  ( 0.5735764363512210195, 0.000000000000000000, 0.8191520442888694520 ) ) ;
#3527 = CARTESIAN_POINT ( 'NONE',  ( -3.692205798608258149, 0.000000000000000000, -15.66973438633325166 ) ) ;
#3528 = DIRECTION ( 'NONE',  ( 0.000000000000000000, 0.000000000000000000, -1.000000000000000000 ) ) ;
#3529 = ORIENTED_EDGE ( 'NONE', *, *, #612, .F. ) ;
#3530 = ADVANCED_FACE ( 'NONE', ( #93 ), #1604, .T. ) ;
#3531 = VERTEX_POINT ( 'NONE', #3154 ) ;
#3532 = CARTESIAN_POINT ( 'NONE',  ( -15.29263558886042063, 0.000000000000000000, 19.81189170665737365 ) ) ;
#3533 = VERTEX_POINT ( 'NONE', #2393 ) ;
#3534 = CARTESIAN_POINT ( 'NONE',  ( 7.594310774156530108, 5.764999999999999680, -23.84747785648474050 ) ) ;
#3535 = ORIENTED_EDGE ( 'NONE', *, *, #2650, .T. ) ;
#3536 = EDGE_CURVE ( 'NONE', #1903, #1590, #3273, .T. ) ;
#3537 = VECTOR ( 'NONE', #3876, 1000.000000000000000 ) ;
#3538 = DIRECTION ( 'NONE',  ( -0.000000000000000000, -1.000000000000000000, -0.000000000000000000 ) ) ;
#3539 = DIRECTION ( 'NONE',  ( 0.000000000000000000, 0.000000000000000000, -1.000000000000000000 ) ) ;
#3540 = ORIENTED_EDGE ( 'NONE', *, *, #1867, .T. ) ;
#3541 = CIRCLE ( 'NONE', #1667, 24.03000000000000114 ) ;
#3542 = CARTESIAN_POINT ( 'NONE',  ( -9.511283720561253929, 5.764999999999999680, -23.14975676409983407 ) ) ;
#3543 = ADVANCED_FACE ( 'NONE', ( #3960 ), #1302, .F. ) ;
#3544 = PLANE ( 'NONE',  #1364 ) ;
#3545 = VECTOR ( 'NONE', #2136, 1000.000000000000000 ) ;
#3546 = DIRECTION ( 'NONE',  ( 0.9848077530122083534, 0.000000000000000000, -0.1736481776669289434 ) ) ;
#3547 = LINE ( 'NONE', #1638, #4777 ) ;
#3548 = ORIENTED_EDGE ( 'NONE', *, *, #516, .T. ) ;
#3549 = CARTESIAN_POINT ( 'NONE',  ( -0.4886401628093728911, 6.264999999999999680, 0.1778504745296028422 ) ) ;
#3550 = CARTESIAN_POINT ( 'NONE',  ( -15.46110767325224522, 6.063945815778208015, 4.493127736483896406 ) ) ;
#3551 = CARTESIAN_POINT ( 'NONE',  ( 0.3983431104229284703, 6.264999999999999680, -0.3342495570378904435 ) ) ;
#3552 = LINE ( 'NONE', #944, #1585 ) ;
#3553 = AXIS2_PLACEMENT_3D ( 'NONE', #2334, #815, #866 ) ;
#3554 = CARTESIAN_POINT ( 'NONE',  ( 31.29148553765456597, 6.226413309392061279, 7.092874512248803498 ) ) ;
#3555 = VERTEX_POINT ( 'NONE', #4308 ) ;
#3556 = CARTESIAN_POINT ( 'NONE',  ( 9.018735967893988459, 6.265000000000000568, -22.93015713791346855 ) ) ;
#3557 = EDGE_CURVE ( 'NONE', #4658, #1937, #4471, .T. ) ;
#3558 = VECTOR ( 'NONE', #2425, 1000.000000000000227 ) ;
#3559 = ORIENTED_EDGE ( 'NONE', *, *, #380, .T. ) ;
#3560 = ORIENTED_EDGE ( 'NONE', *, *, #1153, .T. ) ;
#3561 = LINE ( 'NONE', #1542, #4781 ) ;
#3562 = CARTESIAN_POINT ( 'NONE',  ( 0.000000000000000000, 6.264999999999999680, -23.52999999999999758 ) ) ;
#3563 = EDGE_CURVE ( 'NONE', #1941, #601, #2103, .T. ) ;
#3564 = VERTEX_POINT ( 'NONE', #532 ) ;
#3565 = FACE_OUTER_BOUND ( 'NONE', #1247, .T. ) ;
#3566 = PLANE ( 'NONE',  #2548 ) ;
#3567 = CARTESIAN_POINT ( 'NONE',  ( 24.35066379023196248, 6.105063043677879442, 5.199483378697990155 ) ) ;
#3568 = EDGE_CURVE ( 'NONE', #4331, #3815, #3580, .T. ) ;
#3569 = EDGE_CURVE ( 'NONE', #2026, #3564, #1838, .T. ) ;
#3570 = ORIENTED_EDGE ( 'NONE', *, *, #887, .F. ) ;
#3571 = DIRECTION ( 'NONE',  ( -0.000000000000000000, -1.000000000000000000, -0.000000000000000000 ) ) ;
#3572 = CYLINDRICAL_SURFACE ( 'NONE', #3795, 0.4999999999999997780 ) ;
#3573 = CARTESIAN_POINT ( 'NONE',  ( 17.21793483357267363, 0.000000000000000000, 3.035986463248324885 ) ) ;
#3574 = EDGE_CURVE ( 'NONE', #1949, #1745, #3932, .T. ) ;
#3575 = CARTESIAN_POINT ( 'NONE',  ( -9.171249647149551265, 5.764999999999999680, -30.72328364303758264 ) ) ;
#3576 = CARTESIAN_POINT ( 'NONE',  ( 8.861337735707444097, 5.933231137178865744, 13.44128968319151696 ) ) ;
#3577 = EDGE_LOOP ( 'NONE', ( #2243, #4521, #3249, #3971 ) ) ;
#3578 = LINE ( 'NONE', #2075, #2786 ) ;
#3579 = ORIENTED_EDGE ( 'NONE', *, *, #1403, .F. ) ;
#3580 = LINE ( 'NONE', #2125, #1636 ) ;
#3581 = ORIENTED_EDGE ( 'NONE', *, *, #1563, .F. ) ;
#3582 = EDGE_CURVE ( 'NONE', #1268, #334, #3512, .T. ) ;
#3583 = DIRECTION ( 'NONE',  ( -0.6427876096865444699, 0.000000000000000000, 0.7660444431189736836 ) ) ;
#3584 = CARTESIAN_POINT ( 'NONE',  ( 11.10092522531384951, 6.264999999999999680, 12.42059112841868007 ) ) ;
#3585 = EDGE_LOOP ( 'NONE', ( #135, #2053, #3936, #598 ) ) ;
#3586 = AXIS2_PLACEMENT_3D ( 'NONE', #1066, #625, #2220 ) ;
#3587 = DIRECTION ( 'NONE',  ( -0.4999999999999928946, 0.000000000000000000, -0.8660254037844427044 ) ) ;
#3588 = EDGE_CURVE ( 'NONE', #99, #2344, #3247, .T. ) ;
#3589 = AXIS2_PLACEMENT_3D ( 'NONE', #296, #1766, #2902 ) ;
#3590 = CARTESIAN_POINT ( 'NONE',  ( -24.80391930942172607, 3.265000000000000124, 3.337865057442499950 ) ) ;
#3591 = B_SPLINE_CURVE_WITH_KNOTS ( 'NONE', 3,
 ( #1062, #4496, #1773, #4404, #2980, #1799, #1449, #1398 ),
 .UNSPECIFIED., .F., .F.,
 ( 4, 2, 2, 4 ),
 ( 0.000000000000000000, 0.0002243944063326857804, 0.0004487888126653715609, 0.0008975776253307431217 ),
 .UNSPECIFIED. ) ;
#3592 = B_SPLINE_CURVE_WITH_KNOTS ( 'NONE', 3,
 ( #111, #1388, #2878, #572, #2504, #2435, #3999, #2853 ),
 .UNSPECIFIED., .F., .F.,
 ( 4, 2, 2, 4 ),
 ( 0.000000000000000000, 0.0002402254661766070804, 0.0004804509323532141609, 0.0009609018647064263702 ),
 .UNSPECIFIED. ) ;
#3593 = VERTEX_POINT ( 'NONE', #1702 ) ;
#3594 = VECTOR ( 'NONE', #1493, 1000.000000000000114 ) ;
#3595 = CARTESIAN_POINT ( 'NONE',  ( 30.84144333032081420, 6.264999999999999680, 4.402443439001797465 ) ) ;
#3596 = EDGE_CURVE ( 'NONE', #4331, #1196, #895, .T. ) ;
#3597 = LINE ( 'NONE', #2571, #959 ) ;
#3598 = DIRECTION ( 'NONE',  ( -0.000000000000000000, -1.000000000000000000, -0.000000000000000000 ) ) ;
#3599 = VECTOR ( 'NONE', #315, 1000.000000000000227 ) ;
#3600 =( BOUNDED_CURVE ( )  B_SPLINE_CURVE ( 3, ( #3222, #253, #1012, #1350 ),
 .UNSPECIFIED., .F., .F. ) 
 B_SPLINE_CURVE_WITH_KNOTS ( ( 4, 4 ),
 ( 4.712388980384696779, 6.283185307179586232 ),
 .UNSPECIFIED. ) 
 CURVE ( )  GEOMETRIC_REPRESENTATION_ITEM ( )  RATIONAL_B_SPLINE_CURVE ( ( 1.000000000000000000, 0.8047378541243667138, 0.8047378541243667138, 1.000000000000000000 ) ) 
 REPRESENTATION_ITEM ( '' )  );
#3601 = CARTESIAN_POINT ( 'NONE',  ( 24.44967702698105683, 0.000000000000000000, 5.346872873588295327 ) ) ;
#3602 = CARTESIAN_POINT ( 'NONE',  ( -0.3983431104224293140, 6.264999999999999680, -0.3342495570374570679 ) ) ;
#3603 = AXIS2_PLACEMENT_3D ( 'NONE', #4674, #1717, #937 ) ;
#3604 = ORIENTED_EDGE ( 'NONE', *, *, #1656, .T. ) ;
#3605 = FACE_OUTER_BOUND ( 'NONE', #793, .T. ) ;
#3606 = ORIENTED_EDGE ( 'NONE', *, *, #2644, .F. ) ;
#3607 = LINE ( 'NONE', #2146, #2751 ) ;
#3608 = DIRECTION ( 'NONE',  ( 0.7256903291925784760, 0.5457393103138313828, 0.4189775069076508984 ) ) ;
#3609 = CARTESIAN_POINT ( 'NONE',  ( 8.998655526814699712, 5.846508310268895059, -21.74132237720896299 ) ) ;
#3610 = VERTEX_POINT ( 'NONE', #1677 ) ;
#3611 = APPLICATION_CONTEXT ( 'automotive_design' ) ;
#3612 = CARTESIAN_POINT ( 'NONE',  ( 16.77838861730840847, 6.057893218813449998, 1.922747461918893785 ) ) ;
#3613 = VERTEX_POINT ( 'NONE', #4284 ) ;
#3614 = CARTESIAN_POINT ( 'NONE',  ( -7.594310774156573629, 0.000000000000000000, -23.84747785648472274 ) ) ;
#3615 = PRODUCT_CONTEXT ( 'NONE', #3361, 'mechanical' ) ;
#3616 = PLANE ( 'NONE',  #4069 ) ;
#3617 = EDGE_CURVE ( 'NONE', #2565, #589, #2840, .T. ) ;
#3618 = ORIENTED_EDGE ( 'NONE', *, *, #3406, .T. ) ;
#3619 = PLANE ( 'NONE',  #2541 ) ;
#3620 = DIRECTION ( 'NONE',  ( 0.9848077530122082424, 0.000000000000000000, -0.1736481776669292487 ) ) ;
#3621 = DIRECTION ( 'NONE',  ( 0.9396926207859351843, 0.000000000000000000, -0.3420201433255953827 ) ) ;
#3622 = FACE_OUTER_BOUND ( 'NONE', #849, .T. ) ;
#3623 = EDGE_CURVE ( 'NONE', #3613, #4647, #446, .T. ) ;
#3624 = CARTESIAN_POINT ( 'NONE',  ( 15.54548331242829740, 6.229921559809639575, 4.206427652882112511 ) ) ;
#3625 = ORIENTED_EDGE ( 'NONE', *, *, #1254, .F. ) ;
#3626 = DIRECTION ( 'NONE',  ( -0.4226182617408856812, 0.000000000000000000, -0.9063077870365631172 ) ) ;
#3627 = VECTOR ( 'NONE', #2379, 1000.000000000000114 ) ;
#3628 = ORIENTED_EDGE ( 'NONE', *, *, #171, .T. ) ;
#3629 = LINE ( 'NONE', #3654, #143 ) ;
#3630 = CARTESIAN_POINT ( 'NONE',  ( 10.43736467729789297, 5.764999999999999680, 13.24774324135359826 ) ) ;
#3631 = EDGE_CURVE ( 'NONE', #3010, #2354, #1652, .T. ) ;
#3632 = CIRCLE ( 'NONE', #4669, 25.02749999999999631 ) ;
#3633 = PLANE ( 'NONE',  #862 ) ;
#3634 = EDGE_CURVE ( 'NONE', #1223, #584, #2792, .T. ) ;
#3635 = VERTEX_POINT ( 'NONE', #4403 ) ;
#3636 = CIRCLE ( 'NONE', #2473, 0.5000000000000004441 ) ;
#3637 = CARTESIAN_POINT ( 'NONE',  ( 0.5244024014076339446, 0.000000000000000000, -1.440783756570812146 ) ) ;
#3638 = ORIENTED_EDGE ( 'NONE', *, *, #1999, .T. ) ;
#3639 = DIRECTION ( 'NONE',  ( 0.5735764363515737374, -0.000000000000000000, 0.8191520442886223163 ) ) ;
#3640 = CYLINDRICAL_SURFACE ( 'NONE', #1803, 0.5000000000000000000 ) ;
#3641 = VERTEX_POINT ( 'NONE', #1088 ) ;
#3642 = CARTESIAN_POINT ( 'NONE',  ( -31.84144669770742908, 6.098599059609051132, 3.851149950131603550 ) ) ;
#3643 = DIRECTION ( 'NONE',  ( -0.7660444431189782355, 0.000000000000000000, -0.6427876096865391409 ) ) ;
#3644 = DIRECTION ( 'NONE',  ( 0.000000000000000000, 0.000000000000000000, -1.000000000000000000 ) ) ;
#3645 = EDGE_CURVE ( 'NONE', #3657, #530, #1375, .T. ) ;
#3646 = DIRECTION ( 'NONE',  ( 0.000000000000000000, 0.000000000000000000, 1.000000000000000000 ) ) ;
#3648 = VERTEX_POINT ( 'NONE', #3728 ) ;
#3647 = EDGE_CURVE ( 'NONE', #2652, #2607, #2909, .T. ) ;
#3649 = CARTESIAN_POINT ( 'NONE',  ( 7.243917375738558206, 5.764999999999999680, -14.37701709155918373 ) ) ;
#3650 = CARTESIAN_POINT ( 'NONE',  ( -19.95793359928085664, 4.158792015860269586, -12.70051288515726107 ) ) ;
#3651 = DIRECTION ( 'NONE',  ( -0.1736481776669060728, 0.000000000000000000, 0.9848077530122123502 ) ) ;
#3652 = ADVANCED_FACE ( 'NONE', ( #348 ), #2562, .F. ) ;
#3653 = EDGE_LOOP ( 'NONE', ( #1595, #4444, #4449, #145 ) ) ;
#3654 = CARTESIAN_POINT ( 'NONE',  ( 0.09029705238693430669, 6.264999999999999680, 0.5121000315670865000 ) ) ;
#3655 = DIRECTION ( 'NONE',  ( 0.000000000000000000, 1.000000000000000000, -0.000000000000000000 ) ) ;
#3656 = DIRECTION ( 'NONE',  ( -0.000000000000000000, -1.000000000000000000, -0.000000000000000000 ) ) ;
#3657 = VERTEX_POINT ( 'NONE', #4747 ) ;
#3658 = ADVANCED_FACE ( 'NONE', ( #1015 ), #323, .T. ) ;
#3659 = CARTESIAN_POINT ( 'NONE',  ( -0.3983431104218729812, 6.264999999999999680, -0.3342495570370107028 ) ) ;
#3660 = VERTEX_POINT ( 'NONE', #2538 ) ;
#3661 = CARTESIAN_POINT ( 'NONE',  ( -8.998655526815831251, 5.764999999999999680, -21.74132237720849048 ) ) ;
#3662 = CARTESIAN_POINT ( 'NONE',  ( -12.09500773390940331, 6.264999999999999680, 1.058176061982680993 ) ) ;
#3663 = VERTEX_POINT ( 'NONE', #2884 ) ;
#3664 = VECTOR ( 'NONE', #31, 1000.000000000000000 ) ;
#3665 = CARTESIAN_POINT ( 'NONE',  ( -31.84429173039988470, 6.044248922266319823, 3.796856456106020516 ) ) ;
#3666 = DIRECTION ( 'NONE',  ( -0.000000000000000000, -1.000000000000000000, 0.000000000000000000 ) ) ;
#3667 = CARTESIAN_POINT ( 'NONE',  ( -6.724046161570257141, 0.000000000000000000, -15.49188450811626794 ) ) ;
#3668 = CIRCLE ( 'NONE', #4708, 14.57731163100804928 ) ;
#3669 = DIRECTION ( 'NONE',  ( 0.000000000000000000, 0.000000000000000000, 1.000000000000000000 ) ) ;
#3670 = AXIS2_PLACEMENT_3D ( 'NONE', #4482, #3297, #2645 ) ;
#3671 = ORIENTED_EDGE ( 'NONE', *, *, #1024, .T. ) ;
#3672 = LINE ( 'NONE', #4489, #3276 ) ;
#3673 = CARTESIAN_POINT ( 'NONE',  ( -4.972349239469208371, 6.264999999999997904, -16.03815802711417149 ) ) ;
#3674 = VECTOR ( 'NONE', #4248, 1000.000000000000000 ) ;
#3675 = CARTESIAN_POINT ( 'NONE',  ( -24.80391930942172607, 5.764999999999999680, 3.337865057442499950 ) ) ;
#3676 = VECTOR ( 'NONE', #2268, 1000.000000000000000 ) ;
#3677 = DIRECTION ( 'NONE',  ( 0.000000000000000000, 0.000000000000000000, 1.000000000000000000 ) ) ;
#3678 = ORIENTED_EDGE ( 'NONE', *, *, #644, .F. ) ;
#3679 = LINE ( 'NONE', #4838, #1238 ) ;
#3680 = DIRECTION ( 'NONE',  ( -0.000000000000000000, -1.000000000000000000, 0.000000000000000000 ) ) ;
#3681 = AXIS2_PLACEMENT_3D ( 'NONE', #71, #4506, #2643 ) ;
#3682 = ADVANCED_FACE ( 'NONE', ( #4054 ), #1068, .T. ) ;
#3683 = LINE ( 'NONE', #349, #235 ) ;
#3684 = ORIENTED_EDGE ( 'NONE', *, *, #782, .T. ) ;
#3685 = CYLINDRICAL_SURFACE ( 'NONE', #4453, 0.5000000000000001110 ) ;
#3686 = VERTEX_POINT ( 'NONE', #2214 ) ;
#3687 = ADVANCED_FACE ( 'NONE', ( #4839 ), #4379, .T. ) ;
#3688 = FACE_OUTER_BOUND ( 'NONE', #1559, .T. ) ;
#3689 = DIRECTION ( 'NONE',  ( 0.9848077530122071321, 0.000000000000000000, 0.1736481776669362154 ) ) ;
#3690 = ORIENTED_EDGE ( 'NONE', *, *, #3267, .T. ) ;
#3691 = VECTOR ( 'NONE', #771, 1000.000000000000000 ) ;
#3692 = CARTESIAN_POINT ( 'NONE',  ( 11.23820881949115780, 6.264999999999999680, 13.39317573496640357 ) ) ;
#3693 = CARTESIAN_POINT ( 'NONE',  ( -3.692205798608258149, 5.851862816039522741, -15.66973438633325877 ) ) ;
#3694 = DIRECTION ( 'NONE',  ( 0.000000000000000000, 1.000000000000000000, 0.000000000000000000 ) ) ;
#3695 = ORIENTED_EDGE ( 'NONE', *, *, #823, .F. ) ;
#3696 = LINE ( 'NONE', #4003, #4456 ) ;
#3697 = DIRECTION ( 'NONE',  ( -7.993605777301127091E-15, 0.000000000000000000, -1.000000000000000000 ) ) ;
#3698 = DIRECTION ( 'NONE',  ( 0.000000000000000000, 0.000000000000000000, -1.000000000000000000 ) ) ;
#3699 = CARTESIAN_POINT ( 'NONE',  ( -7.243917375737628284, 0.000000000000000000, -14.37701709155922813 ) ) ;
#3700 = ORIENTED_EDGE ( 'NONE', *, *, #4265, .T. ) ;
#3701 = CARTESIAN_POINT ( 'NONE',  ( 17.85439826558050314, 6.264999999999999680, -12.50178425576351415 ) ) ;
#3702 = DIRECTION ( 'NONE',  ( -0.9961946980917275596, 0.000000000000000000, 0.08715574274786325182 ) ) ;
#3703 = FACE_OUTER_BOUND ( 'NONE', #3459, .T. ) ;
#3704 = ORIENTED_EDGE ( 'NONE', *, *, #3092, .T. ) ;
#3705 = VECTOR ( 'NONE', #284, 1000.000000000000114 ) ;
#3706 = ORIENTED_EDGE ( 'NONE', *, *, #4086, .F. ) ;
#3707 = EDGE_CURVE ( 'NONE', #4070, #3912, #2979, .T. ) ;
#3708 = CYLINDRICAL_SURFACE ( 'NONE', #3586, 0.5000000000000000000 ) ;
#3709 = VECTOR ( 'NONE', #4515, 1000.000000000000114 ) ;
#3710 = ORIENTED_EDGE ( 'NONE', *, *, #3079, .F. ) ;
#3711 = DIRECTION ( 'NONE',  ( 0.08715574274745541139, -0.000000000000000000, -0.9961946980917633088 ) ) ;
#3712 = VECTOR ( 'NONE', #2330, 1000.000000000000000 ) ;
#3713 = EDGE_CURVE ( 'NONE', #2492, #2983, #359, .T. ) ;
#3714 = CARTESIAN_POINT ( 'NONE',  ( 22.16644285628295208, 0.000000000000000000, -11.62000720090749972 ) ) ;
#3715 = B_SPLINE_CURVE_WITH_KNOTS ( 'NONE', 3,
 ( #120, #1172, #875, #1630, #236, #1354, #2864, #3534 ),
 .UNSPECIFIED., .F., .F.,
 ( 4, 2, 2, 4 ),
 ( -4.472650285588731461E-06, 0.0004674945079885323629, 0.0007034780871255916831, 0.0009394616662626511117 ),
 .UNSPECIFIED. ) ;
#3716 = ORIENTED_EDGE ( 'NONE', *, *, #2399, .F. ) ;
#3717 = CARTESIAN_POINT ( 'NONE',  ( 30.48720104788194618, 6.264999999999999680, 6.411451255148618245 ) ) ;
#3718 = CARTESIAN_POINT ( 'NONE',  ( 7.081682580411110095, 5.764999999999999680, -22.43904346959338980 ) ) ;
#3719 = EDGE_CURVE ( 'NONE', #934, #3854, #1823, .T. ) ;
#3720 = EDGE_CURVE ( 'NONE', #3189, #4464, #3069, .T. ) ;
#3721 = VERTEX_POINT ( 'NONE', #274 ) ;
#3722 = CARTESIAN_POINT ( 'NONE',  ( 16.30701005988695584, 6.264999999999999680, 3.403387686423335445 ) ) ;
#3723 = ADVANCED_FACE ( 'NONE', ( #1797 ), #4100, .T. ) ;
#3724 = CARTESIAN_POINT ( 'NONE',  ( 12.28376335234482575, 6.265000000000001457, -29.64996624115215340 ) ) ;
#3725 = CARTESIAN_POINT ( 'NONE',  ( -8.828903344063828484, 3.265000000000000124, 13.46192501608416947 ) ) ;
#3726 = ORIENTED_EDGE ( 'NONE', *, *, #3100, .F. ) ;
#3727 = CYLINDRICAL_SURFACE ( 'NONE', #4315, 0.5000000000000005551 ) ;
#3728 = CARTESIAN_POINT ( 'NONE',  ( -30.48720104788181828, 5.764999999999999680, 6.411451255149191120 ) ) ;
#3729 = CARTESIAN_POINT ( 'NONE',  ( 0.000000000000000000, 0.000000000000000000, 0.000000000000000000 ) ) ;
#3730 = ORIENTED_EDGE ( 'NONE', *, *, #2060, .T. ) ;
#3731 = ADVANCED_FACE ( 'NONE', ( #712 ), #3288, .F. ) ;
#3732 = ORIENTED_EDGE ( 'NONE', *, *, #270, .T. ) ;
#3733 = CARTESIAN_POINT ( 'NONE',  ( -7.594310774156565635, 5.844909940079745958, -23.84747785648471918 ) ) ;
#3734 = ORIENTED_EDGE ( 'NONE', *, *, #4297, .T. ) ;
#3735 = EDGE_CURVE ( 'NONE', #33, #3152, #1448, .T. ) ;
#3736 = CARTESIAN_POINT ( 'NONE',  ( -11.23820881949889028, 3.265000000000000124, 13.39317573496176550 ) ) ;
#3737 = CARTESIAN_POINT ( 'NONE',  ( -31.84909871781260904, 5.764999999999999680, 3.696875540765334645 ) ) ;
#3738 = DIRECTION ( 'NONE',  ( 0.1736481776669362154, 0.000000000000000000, -0.9848077530122071321 ) ) ;
#3739 = ORIENTED_EDGE ( 'NONE', *, *, #94, .T. ) ;
#3740 = ADVANCED_FACE ( 'NONE', ( #3027 ), #4600, .F. ) ;
#3741 = FACE_OUTER_BOUND ( 'NONE', #164, .T. ) ;
#3742 = CARTESIAN_POINT ( 'NONE',  ( 22.02151929896932359, 0.000000000000000000, 23.30417700039738449 ) ) ;
#3743 = CYLINDRICAL_SURFACE ( 'NONE', #3066, 14.64608244481091859 ) ;
#3744 = DIRECTION ( 'NONE',  ( -0.000000000000000000, -1.000000000000000000, -0.000000000000000000 ) ) ;
#3745 = ORIENTED_EDGE ( 'NONE', *, *, #3294, .T. ) ;
#3746 = EDGE_CURVE ( 'NONE', #1328, #2365, #374, .T. ) ;
#3747 = CARTESIAN_POINT ( 'NONE',  ( 0.000000000000000000, 5.764999999999999680, 0.000000000000000000 ) ) ;
#3748 = CARTESIAN_POINT ( 'NONE',  ( 10.05434245573841068, 5.764999999999999680, 13.56913704619687699 ) ) ;
#3749 = LINE ( 'NONE', #1896, #2200 ) ;
#3750 = CIRCLE ( 'NONE', #364, 25.02749999999999275 ) ;
#3751 = VECTOR ( 'NONE', #705, 1000.000000000000114 ) ;
#3752 = ORIENTED_EDGE ( 'NONE', *, *, #4025, .F. ) ;
#3753 = DIRECTION ( 'NONE',  ( 0.9848077530122086864, -0.000000000000000000, -0.1736481776669272503 ) ) ;
#3754 = DIRECTION ( 'NONE',  ( 0.8191520442892442633, 0.000000000000000000, 0.5735764363506855590 ) ) ;
#3755 = DIRECTION ( 'NONE',  ( 0.000000000000000000, 1.000000000000000000, 0.000000000000000000 ) ) ;
#3756 = VERTEX_POINT ( 'NONE', #791 ) ;
#3757 = EDGE_CURVE ( 'NONE', #1409, #1941, #3050, .T. ) ;
#3758 = ORIENTED_EDGE ( 'NONE', *, *, #2204, .T. ) ;
#3759 = AXIS2_PLACEMENT_3D ( 'NONE', #418, #1940, #2704 ) ;
#3760 = FACE_OUTER_BOUND ( 'NONE', #1139, .T. ) ;
#3761 =( BOUNDED_CURVE ( )  B_SPLINE_CURVE ( 3, ( #1820, #762, #2655, #4814 ),
 .UNSPECIFIED., .F., .T. ) 
 B_SPLINE_CURVE_WITH_KNOTS ( ( 4, 4 ),
 ( 1.570796326794900111, 3.141592653589793116 ),
 .UNSPECIFIED. ) 
 CURVE ( )  GEOMETRIC_REPRESENTATION_ITEM ( )  RATIONAL_B_SPLINE_CURVE ( ( 1.000000000000000000, 0.8047378541243658256, 0.8047378541243658256, 1.000000000000000000 ) ) 
 REPRESENTATION_ITEM ( '' )  );
#3762 = ORIENTED_EDGE ( 'NONE', *, *, #4144, .F. ) ;
#3763 = VECTOR ( 'NONE', #745, 1000.000000000000114 ) ;
#3764 = PLANE ( 'NONE',  #4345 ) ;
#3765 = CARTESIAN_POINT ( 'NONE',  ( -11.23820881949889028, 0.000000000000000000, 13.39317573496176550 ) ) ;
#3766 = CARTESIAN_POINT ( 'NONE',  ( 0.000000000000000000, 5.764999999999999680, 0.000000000000000000 ) ) ;
#3767 = ORIENTED_EDGE ( 'NONE', *, *, #3536, .F. ) ;
#3768 = DIRECTION ( 'NONE',  ( 0.7660444431189296077, 0.000000000000000000, -0.6427876096865972055 ) ) ;
#3769 = CARTESIAN_POINT ( 'NONE',  ( -15.89194039108521395, 5.764999999999999680, 17.35243875097084043 ) ) ;
#3770 = ADVANCED_FACE ( 'NONE', ( #2714 ), #4705, .T. ) ;
#3771 = DIRECTION ( 'NONE',  ( -0.9063077870368824174, 0.000000000000000000, -0.4226182617402012287 ) ) ;
#3772 = ORIENTED_EDGE ( 'NONE', *, *, #3311, .F. ) ;
#3773 = DIRECTION ( 'NONE',  ( 0.000000000000000000, 0.000000000000000000, -1.000000000000000000 ) ) ;
#3774 = CARTESIAN_POINT ( 'NONE',  ( 0.000000000000000000, 0.000000000000000000, 0.000000000000000000 ) ) ;
#3775 = CARTESIAN_POINT ( 'NONE',  ( 0.000000000000000000, 5.764999999999999680, -25.02749999999999631 ) ) ;
#3776 = ORIENTED_EDGE ( 'NONE', *, *, #4146, .F. ) ;
#3777 = DIRECTION ( 'NONE',  ( 0.9396926207859084279, 0.000000000000000000, 0.3420201433256688239 ) ) ;
#3778 = EDGE_CURVE ( 'NONE', #691, #28, #4530, .T. ) ;
#3779 = CARTESIAN_POINT ( 'NONE',  ( -14.45316420228289900, 6.055188110906356336, 18.67718128205088846 ) ) ;
#3780 = VECTOR ( 'NONE', #1011, 1000.000000000000114 ) ;
#3781 = CARTESIAN_POINT ( 'NONE',  ( 1.020000000004279261, 4.924640559069225709, 22.45841237658001788 ) ) ;
#3782 = ORIENTED_EDGE ( 'NONE', *, *, #3588, .T. ) ;
#3783 = AXIS2_PLACEMENT_3D ( 'NONE', #4735, #200, #980 ) ;
#3784 = ORIENTED_EDGE ( 'NONE', *, *, #184, .T. ) ;
#3785 = ADVANCED_FACE ( 'NONE', ( #4494 ), #1115, .T. ) ;
#3786 = EDGE_CURVE ( 'NONE', #2565, #1903, #2685, .T. ) ;
#3787 = PLANE ( 'NONE',  #2891 ) ;
#3788 = EDGE_LOOP ( 'NONE', ( #4877, #3782, #3367, #2525 ) ) ;
#3789 = DIRECTION ( 'NONE',  ( -0.3420201433256689905, 0.000000000000000000, -0.9396926207859083169 ) ) ;
#3790 = CARTESIAN_POINT ( 'NONE',  ( 9.321568203199248615, 6.098366653768981571, -30.68902528796899176 ) ) ;
#3791 = CARTESIAN_POINT ( 'NONE',  ( -9.691120861856122204, 0.000000000000000000, -29.60841622532391781 ) ) ;
#3792 = DIRECTION ( 'NONE',  ( -0.3420201433256673806, -0.000000000000000000, 0.9396926207859089830 ) ) ;
#3793 = ORIENTED_EDGE ( 'NONE', *, *, #3563, .F. ) ;
#3794 = VERTEX_POINT ( 'NONE', #4518 ) ;
#3795 = AXIS2_PLACEMENT_3D ( 'NONE', #1716, #3620, #1319 ) ;
#3796 = CARTESIAN_POINT ( 'NONE',  ( 16.82811041791837781, 5.921872957827533313, 18.49878807450644302 ) ) ;
#3797 = TOROIDAL_SURFACE ( 'NONE', #4035, 24.02999999999999758, 0.5000000000000000000 ) ;
#3798 = CARTESIAN_POINT ( 'NONE',  ( 1.020000000000000018, 4.241147254709322745, 23.50788165701027310 ) ) ;
#3799 = ORIENTED_EDGE ( 'NONE', *, *, #3218, .F. ) ;
#3800 = DIRECTION ( 'NONE',  ( 0.000000000000000000, 1.000000000000000000, 0.000000000000000000 ) ) ;
#3801 = DIRECTION ( 'NONE',  ( -0.000000000000000000, -1.000000000000000000, -0.000000000000000000 ) ) ;
#3802 = VERTEX_POINT ( 'NONE', #88 ) ;
#3803 = CARTESIAN_POINT ( 'NONE',  ( -21.14644285628553888, 3.265000000000000124, -13.38669902462328487 ) ) ;
#3804 = DIRECTION ( 'NONE',  ( -0.7660444431189774583, 0.000000000000000000, 0.6427876096865401401 ) ) ;
#3805 = CYLINDRICAL_SURFACE ( 'NONE', #2189, 25.02749999999999275 ) ;
#3806 = EDGE_LOOP ( 'NONE', ( #4560, #1925, #3695, #564 ) ) ;
#3807 = ADVANCED_FACE ( 'NONE', ( #3383 ), #1947, .T. ) ;
#3808 = ORIENTED_EDGE ( 'NONE', *, *, #3588, .F. ) ;
#3809 = DIRECTION ( 'NONE',  ( 0.000000000000000000, -0.000000000000000000, -1.000000000000000000 ) ) ;
#3810 = ORIENTED_EDGE ( 'NONE', *, *, #3866, .F. ) ;
#3811 = CYLINDRICAL_SURFACE ( 'NONE', #1987, 14.57731163100814697 ) ;
#3812 = EDGE_LOOP ( 'NONE', ( #2007, #2721, #4763, #20 ) ) ;
#3813 = EDGE_CURVE ( 'NONE', #589, #414, #3078, .T. ) ;
#3814 = CYLINDRICAL_SURFACE ( 'NONE', #3243, 14.64608244481071075 ) ;
#3815 = VERTEX_POINT ( 'NONE', #1519 ) ;
#3816 = DIRECTION ( 'NONE',  ( -0.000000000000000000, -1.000000000000000000, -0.000000000000000000 ) ) ;
#3817 = DIRECTION ( 'NONE',  ( 0.000000000000000000, 0.000000000000000000, -1.000000000000000000 ) ) ;
#3818 = DIRECTION ( 'NONE',  ( -0.5735764363512142472, -0.000000000000000000, -0.8191520442888740039 ) ) ;
#3819 = ORIENTED_EDGE ( 'NONE', *, *, #4829, .T. ) ;
#3820 = PLANE ( 'NONE',  #696 ) ;
#3821 = DIRECTION ( 'NONE',  ( -0.9063077870368824174, 0.000000000000000000, -0.4226182617402011732 ) ) ;
#3822 = VERTEX_POINT ( 'NONE', #1217 ) ;
#3823 = CARTESIAN_POINT ( 'NONE',  ( -4.807073215166054680, 6.264999999999999680, -16.18960560050088304 ) ) ;
#3824 = DIRECTION ( 'NONE',  ( -0.6427876096865312583, -0.000000000000000000, -0.7660444431189847858 ) ) ;
#3825 = B_SPLINE_CURVE_WITH_KNOTS ( 'NONE', 3,
 ( #1084, #3724, #344, #3353, #1133, #2931, #2559, #1895 ),
 .UNSPECIFIED., .F., .F.,
 ( 4, 2, 2, 4 ),
 ( 0.000000000000000000, 0.0004478229640558058439, 0.0006717344460837126148, 0.0008956459281116192772 ),
 .UNSPECIFIED. ) ;
#3826 = CARTESIAN_POINT ( 'NONE',  ( 11.23405089814261082, 6.264999999999999680, 12.57924412727885333 ) ) ;
#3827 = ORIENTED_EDGE ( 'NONE', *, *, #1382, .T. ) ;
#3828 = AXIS2_PLACEMENT_3D ( 'NONE', #1922, #3405, #1597 ) ;
#3829 = EDGE_LOOP ( 'NONE', ( #1473, #664, #2251, #545 ) ) ;
#3830 = DIRECTION ( 'NONE',  ( -0.9848077530122083534, -0.000000000000000000, 0.1736481776669292765 ) ) ;
#3831 = ADVANCED_FACE ( 'NONE', ( #1136 ), #2658, .T. ) ;
#3832 = ORIENTED_EDGE ( 'NONE', *, *, #1679, .T. ) ;
#3833 = CIRCLE ( 'NONE', #1480, 14.57731163100815586 ) ;
#3834 = VECTOR ( 'NONE', #286, 1000.000000000000114 ) ;
#3835 = FACE_OUTER_BOUND ( 'NONE', #4670, .T. ) ;
#3836 = ORIENTED_EDGE ( 'NONE', *, *, #4265, .F. ) ;
#3837 = CARTESIAN_POINT ( 'NONE',  ( -19.23334952206178272, 6.057893218813450886, 24.50825169393615255 ) ) ;
#3838 = LINE ( 'NONE', #4187, #1651 ) ;
#3839 = VECTOR ( 'NONE', #1147, 1000.000000000000000 ) ;
#3840 = CARTESIAN_POINT ( 'NONE',  ( -6.724046161570257141, 5.764999999999999680, -15.49188450811626794 ) ) ;
#3841 = EDGE_CURVE ( 'NONE', #2839, #3802, #846, .T. ) ;
#3842 = EDGE_LOOP ( 'NONE', ( #3178, #1112, #4608, #3799 ) ) ;
#3843 = ORIENTED_EDGE ( 'NONE', *, *, #1053, .T. ) ;
#3844 = VECTOR ( 'NONE', #4091, 1000.000000000000114 ) ;
#3845 = CARTESIAN_POINT ( 'NONE',  ( -10.05434245573797369, 3.265000000000000124, 13.56913704619718430 ) ) ;
#3846 = CARTESIAN_POINT ( 'NONE',  ( -20.79608018602539588, 5.764999999999999680, 23.19696497017492476 ) ) ;
#3847 = ADVANCED_FACE ( 'NONE', ( #2366 ), #2315, .F. ) ;
#3848 = CARTESIAN_POINT ( 'NONE',  ( 6.724046161570117697, 5.764999999999999680, -15.49188450811890938 ) ) ;
#3849 = B_SPLINE_CURVE_WITH_KNOTS ( 'NONE', 3,
 ( #1992, #2329, #3039, #76, #3373, #3796, #4532, #4588 ),
 .UNSPECIFIED., .F., .F.,
 ( 4, 2, 2, 4 ),
 ( -4.472650285587892898E-06, 0.0004674945079885280260, 0.0007034780871255856115, 0.0009394616662626433055 ),
 .UNSPECIFIED. ) ;
#3850 = ORIENTED_EDGE ( 'NONE', *, *, #3150, .F. ) ;
#3851 = ADVANCED_FACE ( 'NONE', ( #3435 ), #3358, .T. ) ;
#3852 = DIRECTION ( 'NONE',  ( -0.3420201433256673806, 0.000000000000000000, 0.9396926207859089830 ) ) ;
#3853 = LINE ( 'NONE', #478, #4107 ) ;
#3854 = VERTEX_POINT ( 'NONE', #4625 ) ;
#3855 = CARTESIAN_POINT ( 'NONE',  ( 20.79608018602494823, 6.264999999999999680, 23.19696497017266879 ) ) ;
#3856 = AXIS2_PLACEMENT_3D ( 'NONE', #622, #1681, #4286 ) ;
#3857 = CARTESIAN_POINT ( 'NONE',  ( 23.74968588415223536, 6.264999999999999680, 3.659688566544964772 ) ) ;
#3858 = ORIENTED_EDGE ( 'NONE', *, *, #3786, .F. ) ;
#3859 = ORIENTED_EDGE ( 'NONE', *, *, #2946, .T. ) ;
#3860 = CARTESIAN_POINT ( 'NONE',  ( 11.72428514981459635, 5.764999999999999680, 11.03241121076136544 ) ) ;
#3861 = ORIENTED_EDGE ( 'NONE', *, *, #332, .T. ) ;
#3862 = CARTESIAN_POINT ( 'NONE',  ( -6.530831529805279700, 6.264999999999999680, -14.72313383150301291 ) ) ;
#3863 = ORIENTED_EDGE ( 'NONE', *, *, #4662, .F. ) ;
#3864 = EDGE_CURVE ( 'NONE', #2607, #3721, #4879, .T. ) ;
#3865 = PLANE ( 'NONE',  #3522 ) ;
#3866 = EDGE_CURVE ( 'NONE', #1409, #2961, #3217, .T. ) ;
#3867 = LINE ( 'NONE', #805, #2275 ) ;
#3868 = ORIENTED_EDGE ( 'NONE', *, *, #3289, .F. ) ;
#3869 = CARTESIAN_POINT ( 'NONE',  ( 23.12979363360729224, 6.107366286027167135, 4.981943058281872894 ) ) ;
#3870 = ADVANCED_FACE ( 'NONE', ( #2855 ), #2098, .F. ) ;
#3871 = VECTOR ( 'NONE', #1360, 1000.000000000000000 ) ;
#3872 = DIRECTION ( 'NONE',  ( -1.000000000000000000, 0.000000000000000000, 0.000000000000000000 ) ) ;
#3873 = CYLINDRICAL_SURFACE ( 'NONE', #370, 0.5000000000000001110 ) ;
#3874 = VECTOR ( 'NONE', #2784, 1000.000000000000114 ) ;
#3875 = ORIENTED_EDGE ( 'NONE', *, *, #4406, .F. ) ;
#3876 = DIRECTION ( 'NONE',  ( 0.6427876096865312583, 0.000000000000000000, 0.7660444431189847858 ) ) ;
#3877 = EDGE_CURVE ( 'NONE', #3802, #3919, #136, .T. ) ;
#3878 = CARTESIAN_POINT ( 'NONE',  ( -0.5244024014048652704, 6.264999999999999680, -1.440783756571787144 ) ) ;
#3879 = VECTOR ( 'NONE', #2401, 1000.000000000000000 ) ;
#3880 = ORIENTED_EDGE ( 'NONE', *, *, #3387, .T. ) ;
#3881 = DIRECTION ( 'NONE',  ( 0.000000000000000000, 0.000000000000000000, 1.000000000000000000 ) ) ;
#3882 = ORIENTED_EDGE ( 'NONE', *, *, #3623, .F. ) ;
#3883 = ORIENTED_EDGE ( 'NONE', *, *, #3963, .F. ) ;
#3884 = CARTESIAN_POINT ( 'NONE',  ( -15.89194039108521395, 3.265000000000000124, 17.35243875097084043 ) ) ;
#3885 = ORIENTED_EDGE ( 'NONE', *, *, #4731, .F. ) ;
#3886 = DIRECTION ( 'NONE',  ( 0.000000000000000000, 1.000000000000000000, 0.000000000000000000 ) ) ;
#3887 = ORIENTED_EDGE ( 'NONE', *, *, #4628, .F. ) ;
#3888 = DIRECTION ( 'NONE',  ( -0.000000000000000000, -1.000000000000000000, -0.000000000000000000 ) ) ;
#3889 = DIRECTION ( 'NONE',  ( -0.000000000000000000, -1.000000000000000000, -0.000000000000000000 ) ) ;
#3890 = CARTESIAN_POINT ( 'NONE',  ( 22.99829044659409405, 5.924497393407476054, 5.070130268427724296 ) ) ;
#3891 = CARTESIAN_POINT ( 'NONE',  ( -24.44967702698092893, 5.764999999999999680, 5.346872873588896624 ) ) ;
#3892 = CARTESIAN_POINT ( 'NONE',  ( 31.19276894612020712, 6.264999999999999680, 7.419106642638352511 ) ) ;
#3893 = ADVANCED_FACE ( 'NONE', ( #1297, #3481 ), #2027, .F. ) ;
#3894 = ORIENTED_EDGE ( 'NONE', *, *, #4567, .T. ) ;
#3895 = CARTESIAN_POINT ( 'NONE',  ( 31.84909871781023938, 5.841007553701594190, 3.696875540764981594 ) ) ;
#3896 = FACE_OUTER_BOUND ( 'NONE', #3329, .T. ) ;
#3897 = ORIENTED_EDGE ( 'NONE', *, *, #3032, .F. ) ;
#3898 = DIRECTION ( 'NONE',  ( 0.4226182617401657016, 0.000000000000000000, -0.9063077870368988487 ) ) ;
#3899 = EDGE_CURVE ( 'NONE', #691, #166, #1645, .T. ) ;
#3900 = FACE_OUTER_BOUND ( 'NONE', #1498, .T. ) ;
#3901 = EDGE_LOOP ( 'NONE', ( #2394, #422, #1460, #2688 ) ) ;
#3902 = AXIS2_PLACEMENT_3D ( 'NONE', #969, #211, #140 ) ;
#3903 = ORIENTED_EDGE ( 'NONE', *, *, #2339, .F. ) ;
#3904 = CARTESIAN_POINT ( 'NONE',  ( -12.72296122597416002, 5.764999999999999680, -29.43056634764681334 ) ) ;
#3905 = VERTEX_POINT ( 'NONE', #3527 ) ;
#3906 = DIRECTION ( 'NONE',  ( 6.061500895468104364E-16, -0.5457393103138310497, 0.8379550138152905836 ) ) ;
#3907 = VECTOR ( 'NONE', #3173, 1000.000000000000227 ) ;
#3908 = VERTEX_POINT ( 'NONE', #4329 ) ;
#3909 = LINE ( 'NONE', #2867, #2052 ) ;
#3910 = DIRECTION ( 'NONE',  ( -0.000000000000000000, -1.000000000000000000, 0.000000000000000000 ) ) ;
#3911 = VECTOR ( 'NONE', #3491, 1000.000000000000000 ) ;
#3912 = VERTEX_POINT ( 'NONE', #3953 ) ;
#3913 = CIRCLE ( 'NONE', #3062, 25.02749999999999275 ) ;
#3914 = CARTESIAN_POINT ( 'NONE',  ( -9.511283720561252153, 5.844909940079745070, -23.14975676409983407 ) ) ;
#3915 = DIRECTION ( 'NONE',  ( 0.000000000000000000, 1.000000000000000000, -0.000000000000000000 ) ) ;
#3916 = FACE_OUTER_BOUND ( 'NONE', #1278, .T. ) ;
#3917 = CIRCLE ( 'NONE', #4473, 14.64608244481071431 ) ;
#3918 = DIRECTION ( 'NONE',  ( -0.08715574274696420709, 0.000000000000000000, -0.9961946980918062744 ) ) ;
#3919 = VERTEX_POINT ( 'NONE', #113 ) ;
#3920 = CARTESIAN_POINT ( 'NONE',  ( 31.80608415963043356, 6.264999999999999680, 4.337381953035670534 ) ) ;
#3921 = FACE_OUTER_BOUND ( 'NONE', #1990, .T. ) ;
#3922 = CARTESIAN_POINT ( 'NONE',  ( -20.55407337132444567, 4.221937406372789248, -11.47405542676706602 ) ) ;
#3923 = EDGE_CURVE ( 'NONE', #2302, #110, #3443, .T. ) ;
#3924 = FACE_OUTER_BOUND ( 'NONE', #1359, .T. ) ;
#3925 = EDGE_CURVE ( 'NONE', #2940, #3341, #1114, .T. ) ;
#3926 = LINE ( 'NONE', #2880, #1882 ) ;
#3927 = ORIENTED_EDGE ( 'NONE', *, *, #1747, .F. ) ;
#3928 = CARTESIAN_POINT ( 'NONE',  ( -8.528809216422883921, 5.764999999999999680, -21.91233244887132159 ) ) ;
#3929 = ADVANCED_FACE ( 'NONE', ( #3924 ), #1623, .F. ) ;
#3930 = ORIENTED_EDGE ( 'NONE', *, *, #861, .T. ) ;
#3931 = CARTESIAN_POINT ( 'NONE',  ( -11.20908218885295149, 6.264999999999999680, -29.27632191859746769 ) ) ;
#3932 = LINE ( 'NONE', #2490, #1881 ) ;
#3933 = VECTOR ( 'NONE', #1224, 1000.000000000000000 ) ;
#3934 = EDGE_LOOP ( 'NONE', ( #3887, #710, #4405, #4375 ) ) ;
#3935 = DIRECTION ( 'NONE',  ( 0.5000000000000034417, 0.000000000000000000, -0.8660254037844367092 ) ) ;
#3936 = ORIENTED_EDGE ( 'NONE', *, *, #3092, .F. ) ;
#3937 = EDGE_CURVE ( 'NONE', #1271, #3533, #2509, .T. ) ;
#3938 = EDGE_CURVE ( 'NONE', #2982, #934, #3750, .T. ) ;
#3939 = LINE ( 'NONE', #1333, #2672 ) ;
#3940 = EDGE_CURVE ( 'NONE', #4358, #3994, #503, .T. ) ;
#3941 = DIRECTION ( 'NONE',  ( 0.4226182617402906017, 0.000000000000000000, 0.9063077870368406730 ) ) ;
#3942 = ORIENTED_EDGE ( 'NONE', *, *, #1778, .T. ) ;
#3943 = EDGE_CURVE ( 'NONE', #1119, #1963, #2787, .T. ) ;
#3944 = CARTESIAN_POINT ( 'NONE',  ( -16.77838861730829123, 5.764999999999999680, 1.922747461919029899 ) ) ;
#3945 = DIRECTION ( 'NONE',  ( -0.8660254037844363761, -0.000000000000000000, -0.5000000000000038858 ) ) ;
#3946 = CARTESIAN_POINT ( 'NONE',  ( 15.36408642680076042, 6.264999999999999680, 19.11918158603543105 ) ) ;
#3947 = ORIENTED_EDGE ( 'NONE', *, *, #4438, .F. ) ;
#3948 = AXIS2_PLACEMENT_3D ( 'NONE', #2356, #4614, #3095 ) ;
#3949 = LINE ( 'NONE', #1695, #550 ) ;
#3950 = DIRECTION ( 'NONE',  ( 0.000000000000000000, 0.000000000000000000, -1.000000000000000000 ) ) ;
#3951 = DIRECTION ( 'NONE',  ( -0.000000000000000000, -1.000000000000000000, -0.000000000000000000 ) ) ;
#3952 = CIRCLE ( 'NONE', #1281, 25.02749999999999275 ) ;
#3953 = CARTESIAN_POINT ( 'NONE',  ( 30.48720104788194618, 0.000000000000000000, 6.411451255148618245 ) ) ;
#3954 = EDGE_CURVE ( 'NONE', #3610, #2940, #890, .T. ) ;
#3955 = CARTESIAN_POINT ( 'NONE',  ( 0.000000000000000000, 6.264999999999999680, 0.000000000000000000 ) ) ;
#3956 = ORIENTED_EDGE ( 'NONE', *, *, #256, .F. ) ;
#3957 = CIRCLE ( 'NONE', #4818, 24.52749999999998920 ) ;
#3958 = DIRECTION ( 'NONE',  ( 0.000000000000000000, -0.000000000000000000, -1.000000000000000000 ) ) ;
#3959 = ORIENTED_EDGE ( 'NONE', *, *, #4503, .F. ) ;
#3960 = FACE_OUTER_BOUND ( 'NONE', #260, .T. ) ;
#3961 = B_SPLINE_CURVE_WITH_KNOTS ( 'NONE', 3,
 ( #2920, #3693, #2528, #4416, #1051, #3374, #1004, #4485 ),
 .UNSPECIFIED., .F., .F.,
 ( 4, 2, 2, 4 ),
 ( 0.000000000000000000, 0.0002554680715914140724, 0.0005109361431828281447, 0.001021872286365659976 ),
 .UNSPECIFIED. ) ;
#3962 = AXIS2_PLACEMENT_3D ( 'NONE', #4880, #3666, #1437 ) ;
#3963 = EDGE_CURVE ( 'NONE', #428, #4513, #1413, .T. ) ;
#3964 = ORIENTED_EDGE ( 'NONE', *, *, #2650, .F. ) ;
#3965 = PLANE ( 'NONE',  #4322 ) ;
#3966 = DIRECTION ( 'NONE',  ( -0.000000000000000000, -1.000000000000000000, -0.000000000000000000 ) ) ;
#3967 = ORIENTED_EDGE ( 'NONE', *, *, #2911, .F. ) ;
#3968 = EDGE_CURVE ( 'NONE', #4574, #1271, #4068, .T. ) ;
#3969 = CARTESIAN_POINT ( 'NONE',  ( -9.404373085822854250, 6.052165718555740703, -23.10244361938221047 ) ) ;
#3970 = DIRECTION ( 'NONE',  ( 0.000000000000000000, 1.000000000000000000, 0.000000000000000000 ) ) ;
#3971 = ORIENTED_EDGE ( 'NONE', *, *, #816, .T. ) ;
#3972 = CARTESIAN_POINT ( 'NONE',  ( 16.42414633486759712, 5.764999999999999680, 3.931755278064975823 ) ) ;
#3973 = DIRECTION ( 'NONE',  ( 0.000000000000000000, 1.000000000000000000, -0.000000000000000000 ) ) ;
#3974 = CARTESIAN_POINT ( 'NONE',  ( -4.807073215166054680, 6.264999999999999680, -16.18960560050088304 ) ) ;
#3975 = CARTESIAN_POINT ( 'NONE',  ( 0.000000000000000000, 6.264999999999999680, 0.000000000000000000 ) ) ;
#3976 = CARTESIAN_POINT ( 'NONE',  ( -16.07282071980270644, 5.764999999999999680, 0.9150920754742549734 ) ) ;
#3977 = ORIENTED_EDGE ( 'NONE', *, *, #2381, .T. ) ;
#3978 = CARTESIAN_POINT ( 'NONE',  ( 20.79608018602494823, 6.264999999999999680, 23.19696497017266879 ) ) ;
#3979 = ORIENTED_EDGE ( 'NONE', *, *, #542, .F. ) ;
#3980 = CARTESIAN_POINT ( 'NONE',  ( 6.790763482220103064, 5.764999999999999680, -14.16570796068911697 ) ) ;
#3981 = CARTESIAN_POINT ( 'NONE',  ( 9.163793737081096680, 6.228710827149448015, -22.99530284201738439 ) ) ;
#3982 = CARTESIAN_POINT ( 'NONE',  ( 8.922703380819116958, 6.107364916962998436, -21.91329314355895619 ) ) ;
#3983 = EDGE_LOOP ( 'NONE', ( #3897, #1275, #4013, #326 ) ) ;
#3984 = CARTESIAN_POINT ( 'NONE',  ( 0.000000000000000000, 6.264999999999999680, 0.000000000000000000 ) ) ;
#3985 = EDGE_CURVE ( 'NONE', #2444, #4369, #4462, .T. ) ;
#3986 = DIRECTION ( 'NONE',  ( -0.7660444431189774583, 0.000000000000000000, 0.6427876096865401401 ) ) ;
#3987 = EDGE_LOOP ( 'NONE', ( #2336, #3292, #3730, #2951 ) ) ;
#3988 = VECTOR ( 'NONE', #4450, 1000.000000000000114 ) ;
#3989 = CARTESIAN_POINT ( 'NONE',  ( -0.3402132016513380042, 4.221937406372606283, 23.53737740419976276 ) ) ;
#3990 = VECTOR ( 'NONE', #4746, 1000.000000000000114 ) ;
#3991 = ADVANCED_FACE ( 'NONE', ( #1814 ), #4046, .T. ) ;
#3992 = CARTESIAN_POINT ( 'NONE',  ( 6.724046161570117697, 5.764999999999999680, -15.49188450811890938 ) ) ;
#3993 = B_SPLINE_CURVE_WITH_KNOTS ( 'NONE', 3,
 ( #3946, #904, #3209, #4343, #2892, #4665, #568, #587 ),
 .UNSPECIFIED., .F., .F.,
 ( 4, 2, 2, 4 ),
 ( -4.472650285585017221E-06, 0.0004674945079885423375, 0.0007034780871256016577, 0.0009394616662626609780 ),
 .UNSPECIFIED. ) ;
#3994 = VERTEX_POINT ( 'NONE', #228 ) ;
#3995 = VECTOR ( 'NONE', #2943, 1000.000000000000114 ) ;
#3996 = CARTESIAN_POINT ( 'NONE',  ( 31.84909871781022872, 5.764999999999999680, 3.696875540764982038 ) ) ;
#3997 = DIRECTION ( 'NONE',  ( -0.9848077530122080203, -0.000000000000000000, -0.1736481776669302757 ) ) ;
#3998 = EDGE_CURVE ( 'NONE', #2588, #2026, #3668, .T. ) ;
#3999 = CARTESIAN_POINT ( 'NONE',  ( -15.85313804900485835, 6.264999999999999680, 17.90980453887913981 ) ) ;
#4000 = ADVANCED_FACE ( 'NONE', ( #2207 ), #4437, .F. ) ;
#4001 = STYLED_ITEM ( 'NONE', ( #3071 ), #4114 ) ;
#4002 = CARTESIAN_POINT ( 'NONE',  ( 18.55582418244931731, 5.213217292514716661, -11.89100463592403045 ) ) ;
#4003 = CARTESIAN_POINT ( 'NONE',  ( -7.551528890804138250, 6.264999999999999680, -22.26803339793057290 ) ) ;
#4004 = AXIS2_PLACEMENT_3D ( 'NONE', #3765, #1530, #3035 ) ;
#4005 = ORIENTED_EDGE ( 'NONE', *, *, #3030, .F. ) ;
#4006 = DIRECTION ( 'NONE',  ( 0.000000000000000000, 0.000000000000000000, -1.000000000000000000 ) ) ;
#4007 = ORIENTED_EDGE ( 'NONE', *, *, #4353, .T. ) ;
#4008 = CYLINDRICAL_SURFACE ( 'NONE', #451, 0.5000000000000002220 ) ;
#4009 = CARTESIAN_POINT ( 'NONE',  ( 24.66046542770950367, 6.105064749884387076, 3.442502592033705788 ) ) ;
#4010 = CARTESIAN_POINT ( 'NONE',  ( 8.986714950591430551, 5.924496569424236192, -21.76847556502827530 ) ) ;
#4011 = VERTEX_POINT ( 'NONE', #1079 ) ;
#4012 = DIRECTION ( 'NONE',  ( -0.9063077870368977385, 0.000000000000000000, -0.4226182617401681441 ) ) ;
#4013 = ORIENTED_EDGE ( 'NONE', *, *, #1649, .F. ) ;
#4014 = EDGE_CURVE ( 'NONE', #1680, #3908, #3833, .T. ) ;
#4015 = CARTESIAN_POINT ( 'NONE',  ( 6.724046161570117697, 6.264999999999999680, -15.49188450811890938 ) ) ;
#4016 = DIRECTION ( 'NONE',  ( 0.9961946980917977257, -0.000000000000000000, 0.08715574274706106017 ) ) ;
#4017 = ORIENTED_EDGE ( 'NONE', *, *, #35, .T. ) ;
#4018 = EDGE_CURVE ( 'NONE', #4516, #1579, #2669, .T. ) ;
#4019 = FACE_OUTER_BOUND ( 'NONE', #3901, .T. ) ;
#4020 = DIRECTION ( 'NONE',  ( -0.000000000000000000, -1.000000000000000000, -0.000000000000000000 ) ) ;
#4021 = DIRECTION ( 'NONE',  ( -0.000000000000000000, -1.000000000000000000, 0.000000000000000000 ) ) ;
#4022 = DIRECTION ( 'NONE',  ( -0.7256903291925866917, 0.5457393103138311607, 0.4189775069076369651 ) ) ;
#4023 = VECTOR ( 'NONE', #808, 999.9999999999998863 ) ;
#4024 = ORIENTED_EDGE ( 'NONE', *, *, #3568, .F. ) ;
#4025 = EDGE_CURVE ( 'NONE', #686, #3248, #4373, .T. ) ;
#4026 = DIRECTION ( 'NONE',  ( -0.000000000000000000, -1.000000000000000000, 0.000000000000000000 ) ) ;
#4027 = FACE_OUTER_BOUND ( 'NONE', #3197, .T. ) ;
#4028 = VECTOR ( 'NONE', #3369, 1000.000000000000114 ) ;
#4029 = VERTEX_POINT ( 'NONE', #593 ) ;
#4030 = CARTESIAN_POINT ( 'NONE',  ( -9.142192579634333072, 6.191524577312446986, 13.25646802931864165 ) ) ;
#4031 = CARTESIAN_POINT ( 'NONE',  ( 7.243917375738558206, 6.264999999999999680, -14.37701709155918550 ) ) ;
#4032 = VECTOR ( 'NONE', #732, 1000.000000000000114 ) ;
#4033 = LINE ( 'NONE', #1853, #1417 ) ;
#4034 = ORIENTED_EDGE ( 'NONE', *, *, #4834, .T. ) ;
#4035 = AXIS2_PLACEMENT_3D ( 'NONE', #472, #2756, #1234 ) ;
#4036 = CARTESIAN_POINT ( 'NONE',  ( -19.74949741644991263, 6.264999999999999680, 24.34551088795294405 ) ) ;
#4037 = ORIENTED_EDGE ( 'NONE', *, *, #2491, .F. ) ;
#4038 = EDGE_CURVE ( 'NONE', #2332, #3686, #2118, .T. ) ;
#4039 = DIRECTION ( 'NONE',  ( 0.8191520442886223163, 0.000000000000000000, -0.5735764363515737374 ) ) ;
#4040 = DIRECTION ( 'NONE',  ( 0.9063077870368544398, 0.000000000000000000, 0.4226182617402610697 ) ) ;
#4041 = ORIENTED_EDGE ( 'NONE', *, *, #2427, .F. ) ;
#4042 = CARTESIAN_POINT ( 'NONE',  ( -16.85536625282397338, 3.265000000000000124, 18.50060498289616362 ) ) ;
#4043 = FACE_OUTER_BOUND ( 'NONE', #2521, .T. ) ;
#4044 = DIRECTION ( 'NONE',  ( 0.000000000000000000, 0.000000000000000000, -1.000000000000000000 ) ) ;
#4045 = ADVANCED_FACE ( 'NONE', ( #294 ), #4074, .T. ) ;
#4046 = CYLINDRICAL_SURFACE ( 'NONE', #2664, 14.64608244481071431 ) ;
#4047 = VERTEX_POINT ( 'NONE', #1439 ) ;
#4048 = CARTESIAN_POINT ( 'NONE',  ( 15.46107583811673614, 6.063953584472932867, 4.493235816092100876 ) ) ;
#4049 = CARTESIAN_POINT ( 'NONE',  ( -11.61707311970166501, 5.764999999999999680, 12.25785032243587658 ) ) ;
#4050 = CARTESIAN_POINT ( 'NONE',  ( -19.23334952206178272, 0.000000000000000000, 24.50825169393615610 ) ) ;
#4051 = ORIENTED_EDGE ( 'NONE', *, *, #3596, .F. ) ;
#4052 = CARTESIAN_POINT ( 'NONE',  ( -9.485192156496715654, 6.264999999999999680, 13.01743292839939414 ) ) ;
#4053 = EDGE_CURVE ( 'NONE', #3051, #2143, #1843, .T. ) ;
#4054 = FACE_OUTER_BOUND ( 'NONE', #894, .T. ) ;
#4055 = CARTESIAN_POINT ( 'NONE',  ( 0.000000000000000000, 5.764999999999999680, 0.000000000000000000 ) ) ;
#4056 = ORIENTED_EDGE ( 'NONE', *, *, #1867, .F. ) ;
#4057 = CARTESIAN_POINT ( 'NONE',  ( -1.899663625341974971, 6.264999999999999680, 21.71325459514593348 ) ) ;
#4058 = ORIENTED_EDGE ( 'NONE', *, *, #1249, .F. ) ;
#4059 = CARTESIAN_POINT ( 'NONE',  ( 7.243917375738558206, 0.000000000000000000, -14.37701709155918550 ) ) ;
#4060 = AXIS2_PLACEMENT_3D ( 'NONE', #1706, #4314, #3986 ) ;
#4061 = LINE ( 'NONE', #3449, #3911 ) ;
#4062 = B_SPLINE_CURVE_WITH_KNOTS ( 'NONE', 3,
 ( #2400, #1635, #3890, #2039, #3869, #3519, #2452, #3140 ),
 .UNSPECIFIED., .F., .F.,
 ( 4, 2, 2, 4 ),
 ( 0.000000000000000000, 0.0002402254661766081104, 0.0004804509323532162209, 0.0009609018647064324417 ),
 .UNSPECIFIED. ) ;
#4063 = ORIENTED_EDGE ( 'NONE', *, *, #4591, .F. ) ;
#4064 = AXIS2_PLACEMENT_3D ( 'NONE', #4031, #4817, #3336 ) ;
#4065 = DIRECTION ( 'NONE',  ( -0.5735764363506832275, -0.000000000000000000, 0.8191520442892458176 ) ) ;
#4066 = DIRECTION ( 'NONE',  ( -0.3420201433256716550, 0.000000000000000000, 0.9396926207859073177 ) ) ;
#4067 = VECTOR ( 'NONE', #2139, 1000.000000000000227 ) ;
#4068 = LINE ( 'NONE', #2554, #4067 ) ;
#4069 = AXIS2_PLACEMENT_3D ( 'NONE', #629, #4754, #242 ) ;
#4070 = VERTEX_POINT ( 'NONE', #3601 ) ;
#4071 = CARTESIAN_POINT ( 'NONE',  ( 7.243917375738559983, 5.851862816039439252, -14.37701709155918373 ) ) ;
#4072 = DIRECTION ( 'NONE',  ( 0.000000000000000000, 1.000000000000000000, -0.000000000000000000 ) ) ;
#4073 = EDGE_CURVE ( 'NONE', #1196, #1330, #3913, .T. ) ;
#4074 = TOROIDAL_SURFACE ( 'NONE', #2985, 24.52749999999999631, 0.5000000000000000000 ) ;
#4075 = DIRECTION ( 'NONE',  ( -1.000000000000000000, 0.000000000000000000, 0.000000000000000000 ) ) ;
#4076 = ORIENTED_EDGE ( 'NONE', *, *, #1778, .F. ) ;
#4077 = DIRECTION ( 'NONE',  ( -0.000000000000000000, -1.000000000000000000, -0.000000000000000000 ) ) ;
#4078 = CARTESIAN_POINT ( 'NONE',  ( -15.89194039108521039, 0.000000000000000000, 17.35243875097084398 ) ) ;
#4079 = ORIENTED_EDGE ( 'NONE', *, *, #4220, .F. ) ;
#4080 = ADVANCED_FACE ( 'NONE', ( #3622 ), #2879, .T. ) ;
#4081 = VERTEX_POINT ( 'NONE', #2899 ) ;
#4082 = DIRECTION ( 'NONE',  ( 0.7660444431189717962, 0.000000000000000000, 0.6427876096865466904 ) ) ;
#4083 = ORIENTED_EDGE ( 'NONE', *, *, #3634, .T. ) ;
#4084 = EDGE_CURVE ( 'NONE', #2646, #3822, #4639, .T. ) ;
#4085 = DIRECTION ( 'NONE',  ( -0.8191520442893337473, -0.000000000000000000, 0.5735764363505576613 ) ) ;
#4086 = EDGE_CURVE ( 'NONE', #2630, #2565, #819, .T. ) ;
#4087 = CARTESIAN_POINT ( 'NONE',  ( 21.68385673245087375, 6.265000000000001457, 23.66055076116682088 ) ) ;
#4088 = ORIENTED_EDGE ( 'NONE', *, *, #4750, .F. ) ;
#4089 = CARTESIAN_POINT ( 'NONE',  ( -16.77838861730829123, 5.764999999999999680, 1.922747461919029899 ) ) ;
#4090 = DIRECTION ( 'NONE',  ( -0.08715574274696419321, -0.000000000000000000, -0.9961946980918062744 ) ) ;
#4091 = DIRECTION ( 'NONE',  ( -0.9063077870364198985, 0.000000000000000000, 0.4226182617411926024 ) ) ;
#4092 = LINE ( 'NONE', #3042, #1642 ) ;
#4093 = ORIENTED_EDGE ( 'NONE', *, *, #1591, .T. ) ;
#4094 = CARTESIAN_POINT ( 'NONE',  ( 22.02151929896932359, 6.264999999999999680, 23.30417700039738449 ) ) ;
#4095 = CARTESIAN_POINT ( 'NONE',  ( -16.30701005988716190, 6.264999999999999680, 3.403387686423853253 ) ) ;
#4096 = CYLINDRICAL_SURFACE ( 'NONE', #1161, 23.52999999999999758 ) ;
#4097 = ORIENTED_EDGE ( 'NONE', *, *, #4812, .T. ) ;
#4098 = DIRECTION ( 'NONE',  ( -0.5735764363512209085, -0.000000000000000000, -0.8191520442888693410 ) ) ;
#4099 = VECTOR ( 'NONE', #1003, 1000.000000000000114 ) ;
#4100 = CYLINDRICAL_SURFACE ( 'NONE', #281, 14.64608244481090438 ) ;
#4101 = FACE_OUTER_BOUND ( 'NONE', #3117, .T. ) ;
#4102 = ORIENTED_EDGE ( 'NONE', *, *, #4242, .T. ) ;
#4103 = AXIS2_PLACEMENT_3D ( 'NONE', #540, #125, #4712 ) ;
#4104 = ORIENTED_EDGE ( 'NONE', *, *, #3623, .T. ) ;
#4105 = DIRECTION ( 'NONE',  ( 0.000000000000000000, 1.000000000000000000, 0.000000000000000000 ) ) ;
#4106 = EDGE_CURVE ( 'NONE', #4029, #4768, #4092, .T. ) ;
#4107 = VECTOR ( 'NONE', #3146, 1000.000000000000000 ) ;
#4108 = EDGE_CURVE ( 'NONE', #1941, #855, #1211, .T. ) ;
#4109 = EDGE_LOOP ( 'NONE', ( #2567, #997, #3882, #3772 ) ) ;
#4110 = FACE_OUTER_BOUND ( 'NONE', #475, .T. ) ;
#4111 = VECTOR ( 'NONE', #2459, 1000.000000000000000 ) ;
#4112 = DIRECTION ( 'NONE',  ( -0.4226182617402615693, 0.000000000000000000, 0.9063077870368542177 ) ) ;
#4113 = EDGE_CURVE ( 'NONE', #240, #81, #4593, .T. ) ;
#4114 = MANIFOLD_SOLID_BREP ( 'Fillet1', #1502 ) ;
#4115 = ORIENTED_EDGE ( 'NONE', *, *, #1967, .T. ) ;
#4116 = DIRECTION ( 'NONE',  ( 0.000000000000000000, 1.000000000000000000, -0.000000000000000000 ) ) ;
#4117 = DIRECTION ( 'NONE',  ( 0.000000000000000000, 0.000000000000000000, -1.000000000000000000 ) ) ;
#4118 = CARTESIAN_POINT ( 'NONE',  ( -15.31152719016700736, 6.105063043677876777, 19.63534032134528218 ) ) ;
#4119 = CARTESIAN_POINT ( 'NONE',  ( 6.183365160192088261, 6.264999999999999680, -15.46827786578618458 ) ) ;
#4120 = ORIENTED_EDGE ( 'NONE', *, *, #1397, .T. ) ;
#4121 = DIRECTION ( 'NONE',  ( -0.000000000000000000, -1.000000000000000000, -0.000000000000000000 ) ) ;
#4122 = CARTESIAN_POINT ( 'NONE',  ( -16.30701005988716190, 6.264999999999999680, 3.403387686423853253 ) ) ;
#4123 = CARTESIAN_POINT ( 'NONE',  ( 15.86490037205822290, 6.228980324420344772, 17.74806328844876191 ) ) ;
#4124 = CARTESIAN_POINT ( 'NONE',  ( 9.794555928166381875, 6.264999999999999680, -30.56969980137531806 ) ) ;
#4125 = DIRECTION ( 'NONE',  ( 0.000000000000000000, 0.000000000000000000, -1.000000000000000000 ) ) ;
#4126 = CARTESIAN_POINT ( 'NONE',  ( 24.44967702698105683, 6.264999999999999680, 5.346872873588295327 ) ) ;
#4127 = EDGE_LOOP ( 'NONE', ( #3832, #2171, #2809, #3581 ) ) ;
#4128 = EDGE_LOOP ( 'NONE', ( #853, #1440, #979, #4771, #4253, #3732, #237, #800 ) ) ;
#4129 = DIRECTION ( 'NONE',  ( 0.4226182617410730868, 0.000000000000000000, -0.9063077870364758537 ) ) ;
#4130 = VERTEX_POINT ( 'NONE', #4119 ) ;
#4131 = CARTESIAN_POINT ( 'NONE',  ( -15.41649094842271239, 5.764999999999999680, 4.637323175571033573 ) ) ;
#4132 = ADVANCED_FACE ( 'NONE', ( #811 ), #3375, .T. ) ;
#4133 = LINE ( 'NONE', #2725, #3763 ) ;
#4134 = LINE ( 'NONE', #1407, #1724 ) ;
#4135 = ORIENTED_EDGE ( 'NONE', *, *, #2826, .F. ) ;
#4136 = DIRECTION ( 'NONE',  ( 0.9063077870364757427, -0.000000000000000000, 0.4226182617410730868 ) ) ;
#4137 = EDGE_CURVE ( 'NONE', #1212, #1409, #753, .T. ) ;
#4138 = CARTESIAN_POINT ( 'NONE',  ( 11.60809380826084514, 0.000000000000000000, -28.91069513294267423 ) ) ;
#4139 = CARTESIAN_POINT ( 'NONE',  ( 23.74968588415223536, 6.264999999999999680, 3.659688566544964772 ) ) ;
#4140 = UNCERTAINTY_MEASURE_WITH_UNIT (LENGTH_MEASURE( 1.000000000000000082E-05 ), #4564, 'distance_accuracy_value', 'NONE');
#4141 = DIRECTION ( 'NONE',  ( -0.08715574274824935963, 0.000000000000000000, -0.9961946980916939198 ) ) ;
#4142 = ORIENTED_EDGE ( 'NONE', *, *, #4561, .T. ) ;
#4143 = CARTESIAN_POINT ( 'NONE',  ( 0.000000000000000000, 3.265000000000000124, 0.000000000000000000 ) ) ;
#4144 = EDGE_CURVE ( 'NONE', #3686, #4418, #2677, .T. ) ;
#4145 = LINE ( 'NONE', #3725, #2281 ) ;
#4146 = EDGE_CURVE ( 'NONE', #3341, #3756, #23, .T. ) ;
#4147 = VECTOR ( 'NONE', #1269, 1000.000000000000000 ) ;
#4148 = ORIENTED_EDGE ( 'NONE', *, *, #861, .F. ) ;
#4149 = CARTESIAN_POINT ( 'NONE',  ( 0.4886401628081515347, 5.764999999999999680, 0.1778504745291598910 ) ) ;
#4150 = CARTESIAN_POINT ( 'NONE',  ( 0.000000000000000000, 5.764999999999999680, 0.000000000000000000 ) ) ;
#4151 = DIRECTION ( 'NONE',  ( -0.9063077870368824174, -0.000000000000000000, -0.4226182617402011732 ) ) ;
#4152 = VECTOR ( 'NONE', #3165, 1000.000000000000114 ) ;
#4153 = VECTOR ( 'NONE', #4732, 1000.000000000000000 ) ;
#4154 = ORIENTED_EDGE ( 'NONE', *, *, #758, .T. ) ;
#4155 = ORIENTED_EDGE ( 'NONE', *, *, #3707, .T. ) ;
#4156 = VECTOR ( 'NONE', #3538, 1000.000000000000000 ) ;
#4157 = CARTESIAN_POINT ( 'NONE',  ( 11.62171659886999819, 6.063945815778226667, 11.14314814744101945 ) ) ;
#4158 = ORIENTED_EDGE ( 'NONE', *, *, #4366, .F. ) ;
#4159 = DIRECTION ( 'NONE',  ( 0.000000000000000000, 0.000000000000000000, 1.000000000000000000 ) ) ;
#4160 = CARTESIAN_POINT ( 'NONE',  ( -15.29263558886043306, 5.764999999999999680, 19.81189170665737009 ) ) ;
#4161 = CARTESIAN_POINT ( 'NONE',  ( -22.97362297149675214, 3.265000000000000124, 5.086604718622892207 ) ) ;
#4162 = CARTESIAN_POINT ( 'NONE',  ( -21.65644285628416910, 3.265000000000000124, -12.50335311276552908 ) ) ;
#4163 = ORIENTED_EDGE ( 'NONE', *, *, #2080, .F. ) ;
#4164 = ADVANCED_FACE ( 'NONE', ( #3348 ), #1156, .T. ) ;
#4165 = EDGE_LOOP ( 'NONE', ( #321, #3977, #300, #1704 ) ) ;
#4166 = DIRECTION ( 'NONE',  ( -0.000000000000000000, -1.000000000000000000, -0.000000000000000000 ) ) ;
#4167 = DIRECTION ( 'NONE',  ( 0.9848077530122086864, 0.000000000000000000, -0.1736481776669272781 ) ) ;
#4168 = DIRECTION ( 'NONE',  ( -0.9848077530122211209, 0.000000000000000000, -0.1736481776668561960 ) ) ;
#4169 = PLANE ( 'NONE',  #1246 ) ;
#4170 = EDGE_CURVE ( 'NONE', #1041, #1850, #456, .T. ) ;
#4171 = ORIENTED_EDGE ( 'NONE', *, *, #3923, .T. ) ;
#4172 = FACE_OUTER_BOUND ( 'NONE', #838, .T. ) ;
#4173 = AXIS2_PLACEMENT_3D ( 'NONE', #4143, #3800, #420 ) ;
#4174 = DIRECTION ( 'NONE',  ( 0.4226182617402011732, 0.000000000000000000, -0.9063077870368824174 ) ) ;
#4175 = ORIENTED_EDGE ( 'NONE', *, *, #3311, .T. ) ;
#4176 = CARTESIAN_POINT ( 'NONE',  ( 22.97362297149689070, 6.264999999999999680, 5.086604718622285581 ) ) ;
#4177 = CARTESIAN_POINT ( 'NONE',  ( 7.594310774156528332, 0.000000000000000000, -23.84747785648474050 ) ) ;
#4178 = ADVANCED_FACE ( 'NONE', ( #391 ), #4169, .F. ) ;
#4179 = CARTESIAN_POINT ( 'NONE',  ( 31.84909871781022872, 5.764999999999999680, 3.696875540764980705 ) ) ;
#4180 = ORIENTED_EDGE ( 'NONE', *, *, #695, .F. ) ;
#4181 = ORIENTED_EDGE ( 'NONE', *, *, #3106, .T. ) ;
#4182 = CARTESIAN_POINT ( 'NONE',  ( 12.72296122597525603, 5.764999999999999680, -29.43056634765067159 ) ) ;
#4183 = VERTEX_POINT ( 'NONE', #3798 ) ;
#4184 = AXIS2_PLACEMENT_3D ( 'NONE', #4042, #633, #1026 ) ;
#4185 = DIRECTION ( 'NONE',  ( 0.000000000000000000, 0.000000000000000000, 1.000000000000000000 ) ) ;
#4186 = ORIENTED_EDGE ( 'NONE', *, *, #86, .F. ) ;
#4187 = CARTESIAN_POINT ( 'NONE',  ( -14.32920972712166652, 5.764999999999999680, 18.66372547473203625 ) ) ;
#4188 = VECTOR ( 'NONE', #1383, 1000.000000000000114 ) ;
#4189 = DIRECTION ( 'NONE',  ( 0.9961946980916938088, 0.000000000000000000, -0.08715574274824935963 ) ) ;
#4190 = ORIENTED_EDGE ( 'NONE', *, *, #380, .F. ) ;
#4191 = ORIENTED_EDGE ( 'NONE', *, *, #1967, .F. ) ;
#4192 = AXIS2_PLACEMENT_3D ( 'NONE', #3928, #2144, #2905 ) ;
#4193 = DIRECTION ( 'NONE',  ( -0.000000000000000000, -1.000000000000000000, -0.000000000000000000 ) ) ;
#4194 = DIRECTION ( 'NONE',  ( 0.000000000000000000, 0.000000000000000000, 1.000000000000000000 ) ) ;
#4195 = AXIS2_PLACEMENT_3D ( 'NONE', #3520, #3915, #4644 ) ;
#4196 = CARTESIAN_POINT ( 'NONE',  ( 19.12613749183849166, 5.841037802762284237, 25.73369080688132016 ) ) ;
#4197 = ORIENTED_EDGE ( 'NONE', *, *, #171, .F. ) ;
#4198 = CARTESIAN_POINT ( 'NONE',  ( 20.79608018602494823, 5.764999999999999680, 23.19696497017266879 ) ) ;
#4199 = DIRECTION ( 'NONE',  ( -0.000000000000000000, -1.000000000000000000, -0.000000000000000000 ) ) ;
#4200 = EDGE_CURVE ( 'NONE', #975, #4741, #1155, .T. ) ;
#4201 = ORIENTED_EDGE ( 'NONE', *, *, #4303, .T. ) ;
#4202 = LINE ( 'NONE', #1873, #1560 ) ;
#4203 = DIRECTION ( 'NONE',  ( -0.5735764363506855590, 0.000000000000000000, 0.8191520442892442633 ) ) ;
#4204 = LINE ( 'NONE', #3385, #3516 ) ;
#4205 = ORIENTED_EDGE ( 'NONE', *, *, #4869, .F. ) ;
#4206 = EDGE_CURVE ( 'NONE', #3555, #3905, #1693, .T. ) ;
#4207 = VERTEX_POINT ( 'NONE', #4668 ) ;
#4208 = FACE_OUTER_BOUND ( 'NONE', #1553, .T. ) ;
#4209 = ORIENTED_EDGE ( 'NONE', *, *, #3634, .F. ) ;
#4210 = DIRECTION ( 'NONE',  ( 0.6427876096865970945, 0.000000000000000000, 0.7660444431189294967 ) ) ;
#4211 = ADVANCED_FACE ( 'NONE', ( #2732 ), #3873, .T. ) ;
#4212 = CARTESIAN_POINT ( 'NONE',  ( -19.74949741644991263, 6.264999999999999680, 24.34551088795294405 ) ) ;
#4213 = EDGE_CURVE ( 'NONE', #2368, #2278, #4323, .T. ) ;
#4214 = CARTESIAN_POINT ( 'NONE',  ( -1.019999999997242446, 0.000000000000000000, 23.50788165701039034 ) ) ;
#4215 = CARTESIAN_POINT ( 'NONE',  ( -31.29149895317041086, 6.226507457126712275, 7.092834778709762311 ) ) ;
#4216 = ORIENTED_EDGE ( 'NONE', *, *, #4302, .T. ) ;
#4217 = LINE ( 'NONE', #2647, #2307 ) ;
#4218 = LINE ( 'NONE', #3769, #1687 ) ;
#4219 = LINE ( 'NONE', #2067, #2436 ) ;
#4220 = EDGE_CURVE ( 'NONE', #4130, #3416, #207, .T. ) ;
#4221 = EDGE_LOOP ( 'NONE', ( #511, #1743, #2992, #2076 ) ) ;
#4222 = LINE ( 'NONE', #841, #4259 ) ;
#4223 = DIRECTION ( 'NONE',  ( 0.08715574274824934575, -0.000000000000000000, 0.9961946980916938088 ) ) ;
#4224 = DIRECTION ( 'NONE',  ( -0.9848077530122083534, 0.000000000000000000, 0.1736481776669289434 ) ) ;
#4225 = EDGE_LOOP ( 'NONE', ( #2687, #9, #2635, #1424 ) ) ;
#4226 = CIRCLE ( 'NONE', #2347, 25.02749999999999275 ) ;
#4227 = DIRECTION ( 'NONE',  ( -0.5735764363512142472, 0.000000000000000000, -0.8191520442888741149 ) ) ;
#4228 = ADVANCED_FACE ( 'NONE', ( #2041 ), #3523, .F. ) ;
#4229 = CARTESIAN_POINT ( 'NONE',  ( 9.211470339406080399, 5.764999999999999680, -19.75406189090361408 ) ) ;
#4230 = ORIENTED_EDGE ( 'NONE', *, *, #3746, .T. ) ;
#4231 = VECTOR ( 'NONE', #2768, 1000.000000000000114 ) ;
#4232 = AXIS2_PLACEMENT_3D ( 'NONE', #2929, #2953, #4440 ) ;
#4233 = ORIENTED_EDGE ( 'NONE', *, *, #3150, .T. ) ;
#4234 = CARTESIAN_POINT ( 'NONE',  ( 11.17258253940787682, 6.264999999999999680, 11.60154428044662289 ) ) ;
#4235 = EDGE_LOOP ( 'NONE', ( #4727, #3029, #2798, #2785 ) ) ;
#4236 = AXIS2_PLACEMENT_3D ( 'NONE', #5, #423, #1518 ) ;
#4237 = EDGE_CURVE ( 'NONE', #968, #1949, #4219, .T. ) ;
#4238 = FACE_OUTER_BOUND ( 'NONE', #3017, .T. ) ;
#4239 = ORIENTED_EDGE ( 'NONE', *, *, #4291, .T. ) ;
#4240 = LINE ( 'NONE', #3791, #3216 ) ;
#4241 = CARTESIAN_POINT ( 'NONE',  ( -30.84144333032262608, 0.000000000000000000, 4.402443439002778014 ) ) ;
#4242 = EDGE_CURVE ( 'NONE', #4861, #3610, #1995, .T. ) ;
#4243 = EDGE_CURVE ( 'NONE', #1788, #3093, #497, .T. ) ;
#4244 = VECTOR ( 'NONE', #3402, 1000.000000000000114 ) ;
#4245 = DIRECTION ( 'NONE',  ( -0.000000000000000000, -1.000000000000000000, -0.000000000000000000 ) ) ;
#4246 = DIRECTION ( 'NONE',  ( -0.000000000000000000, -1.000000000000000000, 0.000000000000000000 ) ) ;
#4247 = DIRECTION ( 'NONE',  ( 0.000000000000000000, 0.000000000000000000, 1.000000000000000000 ) ) ;
#4248 = DIRECTION ( 'NONE',  ( -0.000000000000000000, -1.000000000000000000, -0.000000000000000000 ) ) ;
#4249 = ORIENTED_EDGE ( 'NONE', *, *, #1750, .T. ) ;
#4250 = DIRECTION ( 'NONE',  ( 0.3420201433256418455, -0.000000000000000000, -0.9396926207859181979 ) ) ;
#4251 = B_SPLINE_CURVE_WITH_KNOTS ( 'NONE', 3,
 ( #1490, #27, #4361, #2956, #4443, #4123, #4, #733 ),
 .UNSPECIFIED., .F., .F.,
 ( 4, 2, 2, 4 ),
 ( 0.000000000000000000, 0.0002402254661766033399, 0.0004804509323532066799, 0.0009609018647064223586 ),
 .UNSPECIFIED. ) ;
#4252 = LINE ( 'NONE', #4570, #2469 ) ;
#4253 = ORIENTED_EDGE ( 'NONE', *, *, #2718, .F. ) ;
#4254 = DIRECTION ( 'NONE',  ( 0.000000000000000000, 1.000000000000000000, -0.000000000000000000 ) ) ;
#4255 = AXIS2_PLACEMENT_3D ( 'NONE', #3133, #3886, #4159 ) ;
#4256 = DIRECTION ( 'NONE',  ( 0.9396926207859084279, 0.000000000000000000, -0.3420201433256690460 ) ) ;
#4257 = ORIENTED_EDGE ( 'NONE', *, *, #3786, .T. ) ;
#4258 = ORIENTED_EDGE ( 'NONE', *, *, #3212, .F. ) ;
#4259 = VECTOR ( 'NONE', #4250, 1000.000000000000114 ) ;
#4260 = DIRECTION ( 'NONE',  ( -0.000000000000000000, -1.000000000000000000, -0.000000000000000000 ) ) ;
#4261 = ORIENTED_EDGE ( 'NONE', *, *, #858, .F. ) ;
#4262 = DIRECTION ( 'NONE',  ( 0.000000000000000000, 0.000000000000000000, -1.000000000000000000 ) ) ;
#4263 = ORIENTED_EDGE ( 'NONE', *, *, #2258, .T. ) ;
#4264 = CARTESIAN_POINT ( 'NONE',  ( 7.728179347889266637, 6.264999999999999680, -22.75337653990848352 ) ) ;
#4265 = EDGE_CURVE ( 'NONE', #872, #2026, #2021, .T. ) ;
#4266 = CARTESIAN_POINT ( 'NONE',  ( -11.10092522531329173, 6.264999999999999680, 12.42059112841879376 ) ) ;
#4267 = CARTESIAN_POINT ( 'NONE',  ( -9.348939935154341185, 6.105063043677875889, -23.07784167809343856 ) ) ;
#4268 = VECTOR ( 'NONE', #3711, 999.9999999999998863 ) ;
#4269 = DIRECTION ( 'NONE',  ( 0.000000000000000000, -0.000000000000000000, -1.000000000000000000 ) ) ;
#4270 = EDGE_CURVE ( 'NONE', #2728, #4659, #3142, .T. ) ;
#4271 = CARTESIAN_POINT ( 'NONE',  ( -7.081682580411171379, 5.846508752381805785, -22.43904346959337204 ) ) ;
#4272 =( BOUNDED_CURVE ( )  B_SPLINE_CURVE ( 3, ( #1058, #3000, #1418, #1848 ),
 .UNSPECIFIED., .F., .F. ) 
 B_SPLINE_CURVE_WITH_KNOTS ( ( 4, 4 ),
 ( 6.239822803045045774, 6.326547811314126690 ),
 .UNSPECIFIED. ) 
 CURVE ( )  GEOMETRIC_REPRESENTATION_ITEM ( )  RATIONAL_B_SPLINE_CURVE ( ( 1.000000000000000000, 0.9993733292820589087, 0.9993733292820589087, 1.000000000000000000 ) ) 
 REPRESENTATION_ITEM ( '' )  );
#4273 = CIRCLE ( 'NONE', #2154, 25.02749999999999275 ) ;
#4274 = ORIENTED_EDGE ( 'NONE', *, *, #1378, .T. ) ;
#4275 = CARTESIAN_POINT ( 'NONE',  ( -24.80391930942172607, 5.764999999999999680, 3.337865057442499950 ) ) ;
#4276 = CYLINDRICAL_SURFACE ( 'NONE', #2944, 0.5000000000000003331 ) ;
#4277 = AXIS2_PLACEMENT_3D ( 'NONE', #4435, #2254, #4392 ) ;
#4278 = EDGE_LOOP ( 'NONE', ( #4833, #3903, #2937, #4630 ) ) ;
#4279 = DIRECTION ( 'NONE',  ( -0.6427876096865400291, 0.000000000000000000, -0.7660444431189773473 ) ) ;
#4280 = CARTESIAN_POINT ( 'NONE',  ( 16.85536625282482959, 5.764999999999999680, 18.50060498289537847 ) ) ;
#4281 = ORIENTED_EDGE ( 'NONE', *, *, #3940, .F. ) ;
#4282 = EDGE_CURVE ( 'NONE', #2396, #2630, #863, .T. ) ;
#4283 = EDGE_LOOP ( 'NONE', ( #4163, #413, #3548, #3437, #3130, #187, #4841, #2223 ) ) ;
#4284 = CARTESIAN_POINT ( 'NONE',  ( -7.594310774156567412, 5.764999999999999680, -23.84747785648472629 ) ) ;
#4285 = ORIENTED_EDGE ( 'NONE', *, *, #3841, .F. ) ;
#4286 = DIRECTION ( 'NONE',  ( 0.000000000000000000, 0.000000000000000000, 1.000000000000000000 ) ) ;
#4287 = VERTEX_POINT ( 'NONE', #905 ) ;
#4288 = CARTESIAN_POINT ( 'NONE',  ( -8.998655526815836581, 0.000000000000000000, -21.74132237720848693 ) ) ;
#4289 = CARTESIAN_POINT ( 'NONE',  ( -24.35066379023183103, 6.105063043677876777, 5.199483378698596781 ) ) ;
#4290 = ORIENTED_EDGE ( 'NONE', *, *, #4476, .T. ) ;
#4291 = EDGE_CURVE ( 'NONE', #4647, #3919, #2780, .T. ) ;
#4292 = LINE ( 'NONE', #4319, #2705 ) ;
#4293 = LINE ( 'NONE', #567, #1759 ) ;
#4294 = FACE_OUTER_BOUND ( 'NONE', #1043, .T. ) ;
#4295 = DIRECTION ( 'NONE',  ( 0.1736481776669074051, 0.000000000000000000, -0.9848077530122121281 ) ) ;
#4296 = EDGE_LOOP ( 'NONE', ( #4175, #1230, #1804, #4433 ) ) ;
#4297 = EDGE_CURVE ( 'NONE', #2819, #3365, #3547, .T. ) ;
#4298 = CARTESIAN_POINT ( 'NONE',  ( -19.12613749183868350, 3.265000000000000124, 25.73369080688125976 ) ) ;
#4299 = CARTESIAN_POINT ( 'NONE',  ( 14.32920972712218166, 6.264999999999999680, 18.66372547473164900 ) ) ;
#4300 =( BOUNDED_CURVE ( )  B_SPLINE_CURVE ( 3, ( #1525, #797, #4523, #1550 ),
 .UNSPECIFIED., .F., .T. ) 
 B_SPLINE_CURVE_WITH_KNOTS ( ( 4, 4 ),
 ( 4.712388980384696779, 6.283185307179586232 ),
 .UNSPECIFIED. ) 
 CURVE ( )  GEOMETRIC_REPRESENTATION_ITEM ( )  RATIONAL_B_SPLINE_CURVE ( ( 1.000000000000000000, 0.8047378541243667138, 0.8047378541243667138, 1.000000000000000000 ) ) 
 REPRESENTATION_ITEM ( '' )  );
#4301 = CARTESIAN_POINT ( 'NONE',  ( -9.511283720561253929, 6.264999999999999680, -23.14975676409983407 ) ) ;
#4302 = EDGE_CURVE ( 'NONE', #3428, #479, #4365, .T. ) ;
#4303 = EDGE_CURVE ( 'NONE', #33, #1212, #3088, .T. ) ;
#4304 = ORIENTED_EDGE ( 'NONE', *, *, #83, .T. ) ;
#4305 = CARTESIAN_POINT ( 'NONE',  ( -7.594310774156573629, 5.764999999999999680, -23.84747785648472274 ) ) ;
#4306 = AXIS2_PLACEMENT_3D ( 'NONE', #995, #2520, #3539 ) ;
#4307 = ORIENTED_EDGE ( 'NONE', *, *, #2454, .F. ) ;
#4308 = CARTESIAN_POINT ( 'NONE',  ( -3.692205798608257705, 5.764999999999999680, -15.66973438633325166 ) ) ;
#4309 = ORIENTED_EDGE ( 'NONE', *, *, #4744, .F. ) ;
#4310 = CARTESIAN_POINT ( 'NONE',  ( 8.705459673506920737, 6.264999999999999680, -22.39767559084970117 ) ) ;
#4311 = AXIS2_PLACEMENT_3D ( 'NONE', #2586, #1089, #2612 ) ;
#4312 = ORIENTED_EDGE ( 'NONE', *, *, #2253, .T. ) ;
#4313 = CARTESIAN_POINT ( 'NONE',  ( 14.72351928894136464, 6.228980324420344772, 18.70579573432490506 ) ) ;
#4314 = DIRECTION ( 'NONE',  ( -0.6427876096865401401, 0.000000000000000000, -0.7660444431189774583 ) ) ;
#4315 = AXIS2_PLACEMENT_3D ( 'NONE', #2608, #3048, #3777 ) ;
#4316 = VERTEX_POINT ( 'NONE', #436 ) ;
#4317 = COLOUR_RGB ( '',0.7921568627450980005, 0.8196078431372548767, 0.9333333333333333481 ) ;
#4318 = AXIS2_PLACEMENT_3D ( 'NONE', #3464, #2720, #405 ) ;
#4319 = CARTESIAN_POINT ( 'NONE',  ( 10.05434245573841068, 0.000000000000000000, 13.56913704619687699 ) ) ;
#4320 = CARTESIAN_POINT ( 'NONE',  ( 9.691120861856093782, 5.764999999999999680, -29.60841622532396400 ) ) ;
#4321 = FACE_OUTER_BOUND ( 'NONE', #569, .T. ) ;
#4322 = AXIS2_PLACEMENT_3D ( 'NONE', #2449, #2817, #2015 ) ;
#4323 = LINE ( 'NONE', #4691, #3674 ) ;
#4324 = ORIENTED_EDGE ( 'NONE', *, *, #2952, .F. ) ;
#4325 = CARTESIAN_POINT ( 'NONE',  ( 1.020000000000000018, 3.265000000000000124, 25.00670622553059985 ) ) ;
#4326 = LINE ( 'NONE', #571, #1029 ) ;
#4327 = CARTESIAN_POINT ( 'NONE',  ( -23.32786525393755994, 5.764999999999999680, 3.077596902476485319 ) ) ;
#4328 = EDGE_CURVE ( 'NONE', #1268, #1996, #3370, .T. ) ;
#4329 = CARTESIAN_POINT ( 'NONE',  ( -9.485192156496715654, 6.264999999999999680, 13.01743292839939414 ) ) ;
#4330 = CARTESIAN_POINT ( 'NONE',  ( 8.955674920446579534, 6.063953584472927538, 13.38020630970584435 ) ) ;
#4331 = VERTEX_POINT ( 'NONE', #1582 ) ;
#4332 = CARTESIAN_POINT ( 'NONE',  ( 20.54618363729410291, 6.264999999999999680, 23.67701177387600353 ) ) ;
#4333 = EDGE_CURVE ( 'NONE', #1996, #469, #4583, .T. ) ;
#4334 = CARTESIAN_POINT ( 'NONE',  ( -7.209326156193541557, 5.934027361111972709, -14.39504718728822574 ) ) ;
#4335 = VECTOR ( 'NONE', #2323, 1000.000000000000227 ) ;
#4336 = ORIENTED_EDGE ( 'NONE', *, *, #3841, .T. ) ;
#4337 = AXIS2_PLACEMENT_3D ( 'NONE', #318, #684, #2165 ) ;
#4338 = CARTESIAN_POINT ( 'NONE',  ( -24.44967702698092893, 3.265000000000000124, 5.346872873588896624 ) ) ;
#4339 = FACE_OUTER_BOUND ( 'NONE', #161, .T. ) ;
#4340 = ORIENTED_EDGE ( 'NONE', *, *, #2713, .F. ) ;
#4341 = DIRECTION ( 'NONE',  ( 0.9961946980917977257, -0.000000000000000000, 0.08715574274706107405 ) ) ;
#4342 = CARTESIAN_POINT ( 'NONE',  ( -6.724046161570257141, 6.264999999999999680, -15.49188450811626794 ) ) ;
#4343 = CARTESIAN_POINT ( 'NONE',  ( 15.31152719016750297, 6.105063043677879442, 19.63534032134487362 ) ) ;
#4344 = ORIENTED_EDGE ( 'NONE', *, *, #1862, .T. ) ;
#4345 = AXIS2_PLACEMENT_3D ( 'NONE', #2667, #1145, #4582 ) ;
#4346 = CARTESIAN_POINT ( 'NONE',  ( 0.000000000000000000, 0.000000000000000000, 0.000000000000000000 ) ) ;
#4347 = CARTESIAN_POINT ( 'NONE',  ( -15.41649094842271239, 5.764999999999999680, 4.637323175571033573 ) ) ;
#4348 = CARTESIAN_POINT ( 'NONE',  ( -19.84842270412917742, 4.241147254709429326, -12.63728674036540411 ) ) ;
#4349 = AXIS2_PLACEMENT_3D ( 'NONE', #4422, #298, #1036 ) ;
#4350 = DIRECTION ( 'NONE',  ( 0.9396926207859085389, -0.000000000000000000, 0.3420201433256684909 ) ) ;
#4351 = LINE ( 'NONE', #2440, #1719 ) ;
#4352 = VERTEX_POINT ( 'NONE', #4875 ) ;
#4353 = EDGE_CURVE ( 'NONE', #2607, #2819, #219, .T. ) ;
#4354 = AXIS2_PLACEMENT_3D ( 'NONE', #2702, #3473, #4616 ) ;
#4355 = CARTESIAN_POINT ( 'NONE',  ( 0.000000000000000000, 5.764999999999999680, 0.000000000000000000 ) ) ;
#4356 = ORIENTED_EDGE ( 'NONE', *, *, #1309, .T. ) ;
#4357 = DIRECTION ( 'NONE',  ( -0.9961946980917276706, 0.000000000000000000, 0.08715574274786326570 ) ) ;
#4358 = VERTEX_POINT ( 'NONE', #3737 ) ;
#4359 = EDGE_CURVE ( 'NONE', #1268, #334, #2668, .T. ) ;
#4360 = B_SPLINE_CURVE_WITH_KNOTS ( 'NONE', 3,
 ( #157, #2070, #1343, #4673, #2852, #547, #3550, #4695, #1738, #4347 ),
 .UNSPECIFIED., .F., .F.,
 ( 4, 2, 2, 2, 4 ),
 ( 4.336808689942017736E-19, 0.0002540264268553037315, 0.0005080528537106070294, 0.0007620792805659102730, 0.001016105707421213625 ),
 .UNSPECIFIED. ) ;
#4361 = CARTESIAN_POINT ( 'NONE',  ( 15.89000683625280175, 5.924497393407474277, 17.38203863614873157 ) ) ;
#4362 = CARTESIAN_POINT ( 'NONE',  ( -24.43447562070651813, 5.921872957827535089, 5.324177082353025448 ) ) ;
#4363 = EDGE_CURVE ( 'NONE', #739, #1471, #804, .T. ) ;
#4364 = ORIENTED_EDGE ( 'NONE', *, *, #782, .F. ) ;
#4365 = B_SPLINE_CURVE_WITH_KNOTS ( 'NONE', 3,
 ( #4646, #4271, #517, #2428, #544, #884, #2402, #18 ),
 .UNSPECIFIED., .F., .F.,
 ( 4, 2, 2, 4 ),
 ( 0.000000000000000000, 0.0002402254661766050205, 0.0004804509323532100409, 0.0009609018647064128177 ),
 .UNSPECIFIED. ) ;
#4366 = EDGE_CURVE ( 'NONE', #4369, #3756, #4240, .T. ) ;
#4367 = CARTESIAN_POINT ( 'NONE',  ( 0.3402132016513323420, 4.221937406372606283, 23.53737740419976276 ) ) ;
#4368 = LINE ( 'NONE', #958, #1241 ) ;
#4369 = VERTEX_POINT ( 'NONE', #3418 ) ;
#4370 = LINE ( 'NONE', #225, #4569 ) ;
#4371 = FACE_OUTER_BOUND ( 'NONE', #509, .T. ) ;
#4372 = EDGE_CURVE ( 'NONE', #757, #3912, #384, .T. ) ;
#4373 = LINE ( 'NONE', #1368, #3599 ) ;
#4374 = CARTESIAN_POINT ( 'NONE',  ( 22.02151929896933780, 5.764999999999999680, 23.30417700039739159 ) ) ;
#4375 = ORIENTED_EDGE ( 'NONE', *, *, #2221, .T. ) ;
#4376 = DIRECTION ( 'NONE',  ( -0.000000000000000000, -1.000000000000000000, -0.000000000000000000 ) ) ;
#4377 = ORIENTED_EDGE ( 'NONE', *, *, #523, .F. ) ;
#4378 = CARTESIAN_POINT ( 'NONE',  ( -21.57685864997098335, 6.264999999999999680, 23.76718415326719480 ) ) ;
#4379 = PLANE ( 'NONE',  #4064 ) ;
#4380 = ORIENTED_EDGE ( 'NONE', *, *, #3454, .F. ) ;
#4381 = DIRECTION ( 'NONE',  ( 0.000000000000000000, 0.000000000000000000, 1.000000000000000000 ) ) ;
#4382 = EDGE_CURVE ( 'NONE', #601, #507, #7, .T. ) ;
#4383 = ORIENTED_EDGE ( 'NONE', *, *, #2547, .F. ) ;
#4384 = VECTOR ( 'NONE', #508, 1000.000000000000114 ) ;
#4385 = CARTESIAN_POINT ( 'NONE',  ( -11.60809380826081316, 0.000000000000000000, -28.91069513293903270 ) ) ;
#4386 = LINE ( 'NONE', #608, #4153 ) ;
#4387 = EDGE_CURVE ( 'NONE', #414, #968, #2359, .T. ) ;
#4388 = ORIENTED_EDGE ( 'NONE', *, *, #229, .T. ) ;
#4389 = AXIS2_PLACEMENT_3D ( 'NONE', #444, #754, #2282 ) ;
#4390 = AXIS2_PLACEMENT_3D ( 'NONE', #1988, #41, #1205 ) ;
#4391 = CARTESIAN_POINT ( 'NONE',  ( 14.71223194868166395, 6.264999999999999680, 18.34233166988837027 ) ) ;
#4392 = DIRECTION ( 'NONE',  ( -0.5735764363506908881, 0.000000000000000000, 0.8191520442892404885 ) ) ;
#4393 = DIRECTION ( 'NONE',  ( -0.000000000000000000, -1.000000000000000000, -0.000000000000000000 ) ) ;
#4394 = VECTOR ( 'NONE', #2505, 1000.000000000000000 ) ;
#4395 = DIRECTION ( 'NONE',  ( -0.000000000000000000, -1.000000000000000000, -0.000000000000000000 ) ) ;
#4396 = ORIENTED_EDGE ( 'NONE', *, *, #3647, .T. ) ;
#4397 = CARTESIAN_POINT ( 'NONE',  ( 23.32786525393763810, 5.764999999999999680, 3.077596902475847607 ) ) ;
#4398 = AXIS2_PLACEMENT_3D ( 'NONE', #4590, #107, #1615 ) ;
#4399 = LINE ( 'NONE', #3282, #2532 ) ;
#4400 = CYLINDRICAL_SURFACE ( 'NONE', #798, 0.4999999999999995559 ) ;
#4401 = EDGE_LOOP ( 'NONE', ( #4799, #2228, #1332, #3927 ) ) ;
#4402 = CARTESIAN_POINT ( 'NONE',  ( -8.828903344063817826, 5.851846802861089714, 13.46192501608417480 ) ) ;
#4403 = CARTESIAN_POINT ( 'NONE',  ( 7.243917375738558206, 5.764999999999999680, -14.37701709155918373 ) ) ;
#4404 = CARTESIAN_POINT ( 'NONE',  ( -19.20994008068554493, 6.043643711280866526, 25.67978321647355955 ) ) ;
#4405 = ORIENTED_EDGE ( 'NONE', *, *, #531, .T. ) ;
#4406 = EDGE_CURVE ( 'NONE', #3794, #1336, #411, .T. ) ;
#4407 = DIRECTION ( 'NONE',  ( 0.8191520442886223163, -0.000000000000000000, -0.5735764363515737374 ) ) ;
#4408 = VERTEX_POINT ( 'NONE', #3391 ) ;
#4409 = VECTOR ( 'NONE', #2264, 1000.000000000000000 ) ;
#4410 = CARTESIAN_POINT ( 'NONE',  ( -24.44967702698092182, 5.764999999999999680, 5.346872873588901065 ) ) ;
#4411 = EDGE_CURVE ( 'NONE', #3350, #2447, #1569, .T. ) ;
#4412 = DIRECTION ( 'NONE',  ( -0.6427876096865972055, 0.000000000000000000, -0.7660444431189296077 ) ) ;
#4413 = ORIENTED_EDGE ( 'NONE', *, *, #2875, .T. ) ;
#4414 = DIRECTION ( 'NONE',  ( 0.000000000000000000, 1.000000000000000000, 0.000000000000000000 ) ) ;
#4415 = EDGE_CURVE ( 'NONE', #1336, #2278, #4133, .T. ) ;
#4416 = CARTESIAN_POINT ( 'NONE',  ( -3.839281557128494171, 6.063953584472927538, -15.63630235369274324 ) ) ;
#4417 = CARTESIAN_POINT ( 'NONE',  ( 16.69156452847498429, 6.264999999999999680, 2.415151338425005623 ) ) ;
#4418 = VERTEX_POINT ( 'NONE', #101 ) ;
#4419 = PRODUCT ( 'Back, Top Mesh Piece', 'Back, Top Mesh Piece', '', ( #3615 ) ) ;
#4420 = PLANE ( 'NONE',  #3355 ) ;
#4421 = CARTESIAN_POINT ( 'NONE',  ( -15.89194039108521395, 0.000000000000000000, 17.35243875097084043 ) ) ;
#4422 = CARTESIAN_POINT ( 'NONE',  ( 0.000000000000000000, 0.000000000000000000, 0.000000000000000000 ) ) ;
#4423 = CARTESIAN_POINT ( 'NONE',  ( 0.000000000000000000, 6.264999999999999680, 0.000000000000000000 ) ) ;
#4424 =( BOUNDED_CURVE ( )  B_SPLINE_CURVE ( 3, ( #3840, #1258, #2398, #72 ),
 .UNSPECIFIED., .F., .F. ) 
 B_SPLINE_CURVE_WITH_KNOTS ( ( 4, 4 ),
 ( 3.141592653589793116, 4.712388980384687898 ),
 .UNSPECIFIED. ) 
 CURVE ( )  GEOMETRIC_REPRESENTATION_ITEM ( )  RATIONAL_B_SPLINE_CURVE ( ( 1.000000000000000000, 0.8047378541243654926, 0.8047378541243654926, 1.000000000000000000 ) ) 
 REPRESENTATION_ITEM ( '' )  );
#4425 = EDGE_CURVE ( 'NONE', #3091, #4679, #2836, .T. ) ;
#4426 = ORIENTED_EDGE ( 'NONE', *, *, #1528, .F. ) ;
#4427 = VECTOR ( 'NONE', #3945, 999.9999999999998863 ) ;
#4428 = CARTESIAN_POINT ( 'NONE',  ( -0.09029705238692935232, 6.264999999999999680, -0.5121000315670637404 ) ) ;
#4429 = ORIENTED_EDGE ( 'NONE', *, *, #728, .F. ) ;
#4430 = DIRECTION ( 'NONE',  ( -0.4226182617411931020, 0.000000000000000000, -0.9063077870364197874 ) ) ;
#4431 = FACE_OUTER_BOUND ( 'NONE', #4278, .T. ) ;
#4432 = EDGE_CURVE ( 'NONE', #2496, #3489, #1176, .T. ) ;
#4433 = ORIENTED_EDGE ( 'NONE', *, *, #4242, .F. ) ;
#4434 = LINE ( 'NONE', #2599, #4575 ) ;
#4435 = CARTESIAN_POINT ( 'NONE',  ( -16.13735811669214470, 5.764999999999999680, 3.522179255920822261 ) ) ;
#4436 = CARTESIAN_POINT ( 'NONE',  ( 23.32786525393763810, 0.000000000000000000, 3.077596902475849383 ) ) ;
#4437 = PLANE ( 'NONE',  #1071 ) ;
#4438 = EDGE_CURVE ( 'NONE', #81, #691, #3838, .T. ) ;
#4439 = ORIENTED_EDGE ( 'NONE', *, *, #3460, .F. ) ;
#4440 = DIRECTION ( 'NONE',  ( 0.000000000000000000, 0.000000000000000000, 1.000000000000000000 ) ) ;
#4441 = CARTESIAN_POINT ( 'NONE',  ( -22.97362297149675214, 3.265000000000000124, 5.086604718622892207 ) ) ;
#4442 = CARTESIAN_POINT ( 'NONE',  ( 0.000000000000000000, 5.764999999999999680, 0.000000000000000000 ) ) ;
#4443 = CARTESIAN_POINT ( 'NONE',  ( 15.87938606548423870, 6.107366286027164470, 17.54001734185370154 ) ) ;
#4444 = ORIENTED_EDGE ( 'NONE', *, *, #3032, .T. ) ;
#4445 = LINE ( 'NONE', #2561, #137 ) ;
#4446 = CARTESIAN_POINT ( 'NONE',  ( -30.84144333032262608, 3.265000000000000124, 4.402443439002778014 ) ) ;
#4447 = EDGE_CURVE ( 'NONE', #4183, #170, #1609, .T. ) ;
#4448 = DIRECTION ( 'NONE',  ( -0.9848077530122211209, 0.000000000000000000, -0.1736481776668561960 ) ) ;
#4449 = ORIENTED_EDGE ( 'NONE', *, *, #1345, .T. ) ;
#4450 = DIRECTION ( 'NONE',  ( -0.9961946980916877026, 0.000000000000000000, -0.08715574274831970614 ) ) ;
#4451 = ORIENTED_EDGE ( 'NONE', *, *, #2375, .T. ) ;
#4452 = CARTESIAN_POINT ( 'NONE',  ( -8.771562925628051843, 6.264999999999999680, -22.25180371258454670 ) ) ;
#4453 = AXIS2_PLACEMENT_3D ( 'NONE', #1094, #2245, #4082 ) ;
#4454 = CARTESIAN_POINT ( 'NONE',  ( -24.44967702698092893, 0.000000000000000000, 5.346872873588896624 ) ) ;
#4455 = ORIENTED_EDGE ( 'NONE', *, *, #1192, .T. ) ;
#4456 = VECTOR ( 'NONE', #2183, 1000.000000000000114 ) ;
#4457 = DIRECTION ( 'NONE',  ( -0.1736481776669309696, 0.000000000000000000, -0.9848077530122080203 ) ) ;
#4458 = FACE_OUTER_BOUND ( 'NONE', #223, .T. ) ;
#4459 = CARTESIAN_POINT ( 'NONE',  ( 4.807073215165557301, 5.764999999999999680, -16.18960560050119213 ) ) ;
#4460 = ADVANCED_FACE ( 'NONE', ( #512 ), #3865, .F. ) ;
#4461 = B_SPLINE_CURVE_WITH_KNOTS ( 'NONE', 3,
 ( #735, #29, #2712, #1135, #818, #3164, #2240, #4862 ),
 .UNSPECIFIED., .F., .F.,
 ( 4, 2, 2, 4 ),
 ( -4.472650285588158019E-06, 0.0004674945079885309534, 0.0007034780871255946104, 0.0009394616662626582675 ),
 .UNSPECIFIED. ) ;
#4462 = LINE ( 'NONE', #3328, #2430 ) ;
#4463 = AXIS2_PLACEMENT_3D ( 'NONE', #2802, #2498, #978 ) ;
#4464 = VERTEX_POINT ( 'NONE', #4707 ) ;
#4465 = CARTESIAN_POINT ( 'NONE',  ( -12.72296122597415469, 6.264999999999999680, -29.43056634764681334 ) ) ;
#4466 = VECTOR ( 'NONE', #2249, 1000.000000000000000 ) ;
#4467 = LINE ( 'NONE', #3284, #3321 ) ;
#4468 = DIRECTION ( 'NONE',  ( 0.000000000000000000, 0.000000000000000000, -1.000000000000000000 ) ) ;
#4469 = EDGE_CURVE ( 'NONE', #2536, #12, #2773, .T. ) ;
#4470 = CARTESIAN_POINT ( 'NONE',  ( -10.09792032711190046, 5.764999999999999680, 13.07103969715132052 ) ) ;
#4471 = B_SPLINE_CURVE_WITH_KNOTS ( 'NONE', 3,
 ( #1746, #578, #2468, #2414, #1353, #3981, #3556, #3177 ),
 .UNSPECIFIED., .F., .F.,
 ( 4, 2, 2, 4 ),
 ( 0.000000000000000000, 0.0002356549434846613191, 0.0004713098869693226381, 0.0009426197739386437584 ),
 .UNSPECIFIED. ) ;
#4472 = CARTESIAN_POINT ( 'NONE',  ( 24.78187195106783847, 5.921873957769898666, 3.353993151011509966 ) ) ;
#4473 = AXIS2_PLACEMENT_3D ( 'NONE', #3379, #2634, #3677 ) ;
#4474 = CARTESIAN_POINT ( 'NONE',  ( 23.32786525393763810, 6.264999999999999680, 3.077596902475849383 ) ) ;
#4475 = VERTEX_POINT ( 'NONE', #4264 ) ;
#4476 = EDGE_CURVE ( 'NONE', #4576, #826, #2433, .T. ) ;
#4477 = VERTEX_POINT ( 'NONE', #2842 ) ;
#4478 = CARTESIAN_POINT ( 'NONE',  ( -7.645796768608452254, 6.052165718555738039, -23.74251305353372743 ) ) ;
#4479 = ORIENTED_EDGE ( 'NONE', *, *, #70, .F. ) ;
#4480 = B_SPLINE_CURVE_WITH_KNOTS ( 'NONE', 3,
 ( #2453, #515, #541, #3141, #883, #903, #957, #126, #4713, #1637 ),
 .UNSPECIFIED., .F., .F.,
 ( 4, 2, 2, 2, 4 ),
 ( 0.000000000000000000, 0.0002540264268553385886, 0.0005080528537106771773, 0.0007620792805660157659, 0.001016105707421354355 ),
 .UNSPECIFIED. ) ;
#4481 = DIRECTION ( 'NONE',  ( 0.3420201433256698231, 0.000000000000000000, 0.9396926207859079838 ) ) ;
#4482 = CARTESIAN_POINT ( 'NONE',  ( 0.000000000000000000, 0.000000000000000000, 0.000000000000000000 ) ) ;
#4483 = ORIENTED_EDGE ( 'NONE', *, *, #131, .T. ) ;
#4484 = FACE_OUTER_BOUND ( 'NONE', #3148, .T. ) ;
#4485 = CARTESIAN_POINT ( 'NONE',  ( -4.460940800293285768, 6.264999999999999680, -15.47651244522915803 ) ) ;
#4486 = CARTESIAN_POINT ( 'NONE',  ( -15.34870919560164282, 6.264999999999997904, 19.27575106910468250 ) ) ;
#4487 = VECTOR ( 'NONE', #1488, 1000.000000000000000 ) ;
#4488 = ORIENTED_EDGE ( 'NONE', *, *, #3100, .T. ) ;
#4489 = CARTESIAN_POINT ( 'NONE',  ( 11.60809380826084514, 6.264999999999999680, -28.91069513294267423 ) ) ;
#4490 = DIRECTION ( 'NONE',  ( 0.000000000000000000, 0.000000000000000000, -1.000000000000000000 ) ) ;
#4491 = CARTESIAN_POINT ( 'NONE',  ( -1.019999999997242446, 3.265000000000000124, 25.00670622553088762 ) ) ;
#4492 = VERTEX_POINT ( 'NONE', #4660 ) ;
#4493 = LINE ( 'NONE', #1113, #1476 ) ;
#4494 = FACE_OUTER_BOUND ( 'NONE', #1074, .T. ) ;
#4495 = ADVANCED_FACE ( 'NONE', ( #1657 ), #3965, .F. ) ;
#4496 = CARTESIAN_POINT ( 'NONE',  ( -19.12613749183868705, 5.841007553701612842, 25.73369080688125976 ) ) ;
#4497 = VERTEX_POINT ( 'NONE', #899 ) ;
#4498 = AXIS2_PLACEMENT_3D ( 'NONE', #1372, #4723, #618 ) ;
#4499 = ORIENTED_EDGE ( 'NONE', *, *, #4671, .T. ) ;
#4500 = DIRECTION ( 'NONE',  ( 0.4226182617401657571, 0.000000000000000000, -0.9063077870368989597 ) ) ;
#4501 = TOROIDAL_SURFACE ( 'NONE', #3475, 24.02999999999999758, 0.5000000000000000000 ) ;
#4502 = ORIENTED_EDGE ( 'NONE', *, *, #3218, .T. ) ;
#4503 = EDGE_CURVE ( 'NONE', #3390, #3047, #2418, .T. ) ;
#4504 = DIRECTION ( 'NONE',  ( -0.9961946980917633088, 0.000000000000000000, -0.08715574274745573058 ) ) ;
#4505 = VECTOR ( 'NONE', #433, 1000.000000000000000 ) ;
#4506 = DIRECTION ( 'NONE',  ( 0.000000000000000000, 1.000000000000000000, -0.000000000000000000 ) ) ;
#4507 = CARTESIAN_POINT ( 'NONE',  ( 9.691120861856093782, 5.764999999999999680, -29.60841622532396400 ) ) ;
#4508 = EDGE_CURVE ( 'NONE', #4745, #1041, #2397, .T. ) ;
#4509 = ORIENTED_EDGE ( 'NONE', *, *, #1534, .F. ) ;
#4510 = CARTESIAN_POINT ( 'NONE',  ( -15.29263558886043306, 0.000000000000000000, 19.81189170665737009 ) ) ;
#4511 = DIRECTION ( 'NONE',  ( 0.000000000000000000, 0.000000000000000000, -1.000000000000000000 ) ) ;
#4512 = CARTESIAN_POINT ( 'NONE',  ( -11.11897577065581899, 5.764999999999999680, 12.21427245106175263 ) ) ;
#4513 = VERTEX_POINT ( 'NONE', #1683 ) ;
#4514 = CYLINDRICAL_SURFACE ( 'NONE', #2689, 0.4999999999999991118 ) ;
#4515 = DIRECTION ( 'NONE',  ( -0.6427876096865573485, 0.000000000000000000, -0.7660444431189629144 ) ) ;
#4516 = VERTEX_POINT ( 'NONE', #561 ) ;
#4517 = DIRECTION ( 'NONE',  ( -0.000000000000000000, -1.000000000000000000, -0.000000000000000000 ) ) ;
#4518 = CARTESIAN_POINT ( 'NONE',  ( 7.081682580411109207, 5.764999999999999680, -22.43904346959338980 ) ) ;
#4519 = LINE ( 'NONE', #2738, #3208 ) ;
#4520 = ORIENTED_EDGE ( 'NONE', *, *, #1627, .T. ) ;
#4521 = ORIENTED_EDGE ( 'NONE', *, *, #1146, .T. ) ;
#4522 = ADVANCED_FACE ( 'NONE', ( #1356 ), #950, .T. ) ;
#4523 = CARTESIAN_POINT ( 'NONE',  ( -9.691120861856123980, 6.057893218813449998, -29.60841622532392137 ) ) ;
#4524 = ORIENTED_EDGE ( 'NONE', *, *, #35, .F. ) ;
#4525 = CARTESIAN_POINT ( 'NONE',  ( 8.828903344064009673, 6.264999999999999680, 13.46192501608482495 ) ) ;
#4526 = DIRECTION ( 'NONE',  ( -0.9396926207859079838, 0.000000000000000000, 0.3420201433256698231 ) ) ;
#4527 = DIRECTION ( 'NONE',  ( -0.000000000000000000, -0.000000000000000000, -1.000000000000000000 ) ) ;
#4528 = EDGE_CURVE ( 'NONE', #1878, #2982, #122, .T. ) ;
#4529 = CARTESIAN_POINT ( 'NONE',  ( 10.05434245573840890, 6.057893218813451774, 13.56913704619687522 ) ) ;
#4530 = B_SPLINE_CURVE_WITH_KNOTS ( 'NONE', 3,
 ( #3005, #3105, #1573, #3779, #820, #2637, #1191, #1166 ),
 .UNSPECIFIED., .F., .F.,
 ( 4, 2, 2, 4 ),
 ( 0.000000000000000000, 0.0002402254661766094928, 0.0004804509323532189856, 0.0009609018647064421995 ),
 .UNSPECIFIED. ) ;
#4531 = ORIENTED_EDGE ( 'NONE', *, *, #3344, .F. ) ;
#4532 = CARTESIAN_POINT ( 'NONE',  ( 16.85536625282482603, 5.844909940079745070, 18.50060498289537847 ) ) ;
#4533 = DIRECTION ( 'NONE',  ( 0.6427876096865237088, 0.000000000000000000, -0.7660444431189911141 ) ) ;
#4534 = DIRECTION ( 'NONE',  ( 0.8660254037844438146, 0.000000000000000000, -0.4999999999999910627 ) ) ;
#4535 = EDGE_CURVE ( 'NONE', #2371, #1324, #3909, .T. ) ;
#4536 = ORIENTED_EDGE ( 'NONE', *, *, #4025, .T. ) ;
#4537 = AXIS2_PLACEMENT_3D ( 'NONE', #3630, #643, #3312 ) ;
#4538 = VECTOR ( 'NONE', #792, 1000.000000000000114 ) ;
#4539 = DIRECTION ( 'NONE',  ( -0.000000000000000000, -1.000000000000000000, -0.000000000000000000 ) ) ;
#4540 = DIRECTION ( 'NONE',  ( 0.000000000000000000, 0.000000000000000000, 1.000000000000000000 ) ) ;
#4541 = CARTESIAN_POINT ( 'NONE',  ( -23.30272386179986199, 6.228980324420347436, 4.865375106486579782 ) ) ;
#4542 = AXIS2_PLACEMENT_3D ( 'NONE', #3172, #549, #1718 ) ;
#4543 = AXIS2_PLACEMENT_3D ( 'NONE', #3232, #3187, #3251 ) ;
#4544 = EDGE_LOOP ( 'NONE', ( #518, #4051, #1341, #919 ) ) ;
#4545 = FACE_OUTER_BOUND ( 'NONE', #648, .T. ) ;
#4546 = DIRECTION ( 'NONE',  ( -0.3420201433256689905, -0.000000000000000000, -0.9396926207859083169 ) ) ;
#4547 = DIRECTION ( 'NONE',  ( -0.000000000000000000, -1.000000000000000000, -0.000000000000000000 ) ) ;
#4548 = AXIS2_PLACEMENT_3D ( 'NONE', #1664, #474, #2825 ) ;
#4549 = CIRCLE ( 'NONE', #923, 23.52999999999999758 ) ;
#4550 = ORIENTED_EDGE ( 'NONE', *, *, #2111, .T. ) ;
#4551 = ORIENTED_EDGE ( 'NONE', *, *, #1244, .T. ) ;
#4552 = VECTOR ( 'NONE', #3598, 1000.000000000000000 ) ;
#4553 = CARTESIAN_POINT ( 'NONE',  ( 11.41023447152208448, 6.219357122083194689, 11.36428288987065294 ) ) ;
#4554 = ORIENTED_EDGE ( 'NONE', *, *, #3645, .F. ) ;
#4555 = CARTESIAN_POINT ( 'NONE',  ( 8.875653739673351694, 6.264999999999999680, -22.86527994456709223 ) ) ;
#4556 = ORIENTED_EDGE ( 'NONE', *, *, #3186, .F. ) ;
#4557 = DIRECTION ( 'NONE',  ( 0.8710089201476147736, -0.4912671992137131460, 0.000000000000000000 ) ) ;
#4558 = CARTESIAN_POINT ( 'NONE',  ( -12.14675912257044210, 6.264999999999999680, -29.71356785366570108 ) ) ;
#4559 = LINE ( 'NONE', #4640, #54 ) ;
#4560 = ORIENTED_EDGE ( 'NONE', *, *, #3124, .T. ) ;
#4561 = EDGE_CURVE ( 'NONE', #530, #4820, #147, .T. ) ;
#4562 = CARTESIAN_POINT ( 'NONE',  ( -16.77838861730829478, 6.057893218813452663, 1.922747461919029233 ) ) ;
#4563 = LINE ( 'NONE', #496, #3712 ) ;
#4564 =( LENGTH_UNIT ( ) NAMED_UNIT ( * ) SI_UNIT ( .MILLI., .METRE. ) );
#4565 = AXIS2_PLACEMENT_3D ( 'NONE', #689, #325, #3337 ) ;
#4566 = ORIENTED_EDGE ( 'NONE', *, *, #3617, .F. ) ;
#4567 = EDGE_CURVE ( 'NONE', #28, #3262, #3939, .T. ) ;
#4568 = DIRECTION ( 'NONE',  ( -0.6427876096865444699, 0.000000000000000000, 0.7660444431189736836 ) ) ;
#4569 = VECTOR ( 'NONE', #1640, 1000.000000000000000 ) ;
#4570 = CARTESIAN_POINT ( 'NONE',  ( -7.594310774156567412, 6.264999999999999680, -23.84747785648472629 ) ) ;
#4571 = ORIENTED_EDGE ( 'NONE', *, *, #1382, .F. ) ;
#4572 = DIRECTION ( 'NONE',  ( 0.000000000000000000, 0.000000000000000000, -1.000000000000000000 ) ) ;
#4573 = DIRECTION ( 'NONE',  ( -0.9063077870368542177, 0.000000000000000000, -0.4226182617402615693 ) ) ;
#4574 = VERTEX_POINT ( 'NONE', #2105 ) ;
#4575 = VECTOR ( 'NONE', #2570, 1000.000000000000000 ) ;
#4576 = VERTEX_POINT ( 'NONE', #168 ) ;
#4577 = CARTESIAN_POINT ( 'NONE',  ( 11.17258253940787682, 6.264999999999999680, 11.60154428044662289 ) ) ;
#4578 = ORIENTED_EDGE ( 'NONE', *, *, #3181, .F. ) ;
#4579 = AXIS2_PLACEMENT_3D ( 'NONE', #4753, #1831, #1406 ) ;
#4580 = CARTESIAN_POINT ( 'NONE',  ( 23.32786525393763810, 6.264999999999999680, 3.077596902475847607 ) ) ;
#4581 = ORIENTED_EDGE ( 'NONE', *, *, #1227, .F. ) ;
#4582 = DIRECTION ( 'NONE',  ( 0.3420201433256418455, 0.000000000000000000, -0.9396926207859181979 ) ) ;
#4583 = LINE ( 'NONE', #4214, #288 ) ;
#4584 = AXIS2_PLACEMENT_3D ( 'NONE', #2974, #501, #4622 ) ;
#4585 = CARTESIAN_POINT ( 'NONE',  ( 19.23334952206225523, 6.057893218813454439, 24.50825169393583636 ) ) ;
#4586 = EDGE_LOOP ( 'NONE', ( #4627, #802, #539, #4274, #2412, #4115, #3269, #3403, #1699, #2256, #556, #1256, #1777, #4102, #3179, #3745, #91, #4704, #2743, #4483, #3638, #1821, #4536, #2881, #4171, #3618, #4396, #4007, #3734, #4502, #378, #4388, #824, #2239, #1607, #1207, #3560 ) ) ;
#4587 = AXIS2_PLACEMENT_3D ( 'NONE', #1614, #4246, #3817 ) ;
#4588 = CARTESIAN_POINT ( 'NONE',  ( 16.85536625282482959, 5.764999999999999680, 18.50060498289537847 ) ) ;
#4589 = LINE ( 'NONE', #2357, #3558 ) ;
#4590 = CARTESIAN_POINT ( 'NONE',  ( -5.979726014076907958, 0.000000000000000000, -16.42916219820119750 ) ) ;
#4591 = EDGE_CURVE ( 'NONE', #4632, #1680, #1782, .T. ) ;
#4592 = CIRCLE ( 'NONE', #3962, 25.02749999999998920 ) ;
#4593 = LINE ( 'NONE', #1589, #2515 ) ;
#4594 = ORIENTED_EDGE ( 'NONE', *, *, #4106, .F. ) ;
#4595 = CARTESIAN_POINT ( 'NONE',  ( 20.69256964635039964, 6.264999999999999680, 23.39580686684044508 ) ) ;
#4596 = B_SPLINE_CURVE_WITH_KNOTS ( 'NONE', 3,
 ( #3661, #3271, #2962, #4774, #2568, #2871, #4452, #4826 ),
 .UNSPECIFIED., .F., .F.,
 ( 4, 2, 2, 4 ),
 ( 0.000000000000000000, 0.0002402254661766086254, 0.0004804509323532172508, 0.0009609018647064358027 ),
 .UNSPECIFIED. ) ;
#4597 = CARTESIAN_POINT ( 'NONE',  ( -0.5244024014048652704, 0.000000000000000000, -1.440783756571787144 ) ) ;
#4598 = ORIENTED_EDGE ( 'NONE', *, *, #4737, .T. ) ;
#4599 = EDGE_CURVE ( 'NONE', #4477, #4574, #3561, .T. ) ;
#4600 = PLANE ( 'NONE',  #1960 ) ;
#4601 = LINE ( 'NONE', #376, #2665 ) ;
#4602 = VERTEX_POINT ( 'NONE', #372 ) ;
#4603 = ORIENTED_EDGE ( 'NONE', *, *, #852, .T. ) ;
#4604 = ADVANCED_FACE ( 'NONE', ( #1515 ), #4096, .F. ) ;
#4605 = FACE_OUTER_BOUND ( 'NONE', #921, .T. ) ;
#4606 = ORIENTED_EDGE ( 'NONE', *, *, #4773, .F. ) ;
#4607 = CARTESIAN_POINT ( 'NONE',  ( 16.85536625282482959, 0.000000000000000000, 18.50060498289537847 ) ) ;
#4608 = ORIENTED_EDGE ( 'NONE', *, *, #4834, .F. ) ;
#4609 = CARTESIAN_POINT ( 'NONE',  ( -10.05434245573797369, 0.000000000000000000, 13.56913704619718430 ) ) ;
#4610 = B_SPLINE_CURVE_WITH_KNOTS ( 'NONE', 3,
 ( #4310, #1376, #2516, #3982, #2126, #4010, #3609, #1304 ),
 .UNSPECIFIED., .F., .F.,
 ( 4, 2, 2, 4 ),
 ( -4.472670360127749109E-06, 0.0004765361799138446790, 0.0007170406050508257995, 0.0009575450301878070825 ),
 .UNSPECIFIED. ) ;
#4611 = DIRECTION ( 'NONE',  ( 0.9848077530122083534, -0.000000000000000000, -0.1736481776669289434 ) ) ;
#4612 = CARTESIAN_POINT ( 'NONE',  ( -23.32786525393755639, 0.000000000000000000, 3.077596902476492868 ) ) ;
#4613 = ORIENTED_EDGE ( 'NONE', *, *, #2028, .T. ) ;
#4614 = DIRECTION ( 'NONE',  ( -0.3420201433256677137, 0.000000000000000000, -0.9396926207859088720 ) ) ;
#4615 = EDGE_CURVE ( 'NONE', #1964, #3010, #3761, .T. ) ;
#4616 = DIRECTION ( 'NONE',  ( 0.000000000000000000, 0.000000000000000000, -1.000000000000000000 ) ) ;
#4617 = CARTESIAN_POINT ( 'NONE',  ( -10.15785299541247433, 6.265000000000000568, 13.37029514952936715 ) ) ;
#4618 = DIRECTION ( 'NONE',  ( -0.08715574274746686056, 0.000000000000000000, 0.9961946980917621985 ) ) ;
#4619 =( BOUNDED_CURVE ( )  B_SPLINE_CURVE ( 3, ( #226, #4736, #1367, #2877 ),
 .UNSPECIFIED., .F., .T. ) 
 B_SPLINE_CURVE_WITH_KNOTS ( ( 4, 4 ),
 ( 4.712388980384687898, 6.283185307179586232 ),
 .UNSPECIFIED. ) 
 CURVE ( )  GEOMETRIC_REPRESENTATION_ITEM ( )  RATIONAL_B_SPLINE_CURVE ( ( 1.000000000000000000, 0.8047378541243646044, 0.8047378541243646044, 1.000000000000000000 ) ) 
 REPRESENTATION_ITEM ( '' )  );
#4620 = VERTEX_POINT ( 'NONE', #973 ) ;
#4621 = LINE ( 'NONE', #786, #1347 ) ;
#4622 = DIRECTION ( 'NONE',  ( 0.000000000000000000, 0.000000000000000000, 1.000000000000000000 ) ) ;
#4623 = ORIENTED_EDGE ( 'NONE', *, *, #4871, .T. ) ;
#4624 = TOROIDAL_SURFACE ( 'NONE', #835, 24.03000000000000114, 0.5000000000000000000 ) ;
#4625 = CARTESIAN_POINT ( 'NONE',  ( -20.79608018602539588, 0.000000000000000000, 23.19696497017492476 ) ) ;
#4626 = DIRECTION ( 'NONE',  ( 0.4226182617410740305, 0.000000000000000000, -0.9063077870364752986 ) ) ;
#4627 = ORIENTED_EDGE ( 'NONE', *, *, #4535, .T. ) ;
#4628 = EDGE_CURVE ( 'NONE', #240, #2476, #4145, .T. ) ;
#4629 = CIRCLE ( 'NONE', #4232, 23.52999999999999403 ) ;
#4630 = ORIENTED_EDGE ( 'NONE', *, *, #1986, .F. ) ;
#4631 = LINE ( 'NONE', #2662, #3676 ) ;
#4632 = VERTEX_POINT ( 'NONE', #2493 ) ;
#4633 = VECTOR ( 'NONE', #3824, 1000.000000000000000 ) ;
#4634 = CIRCLE ( 'NONE', #2511, 23.52999999999999758 ) ;
#4635 = CYLINDRICAL_SURFACE ( 'NONE', #1499, 23.53000000000000114 ) ;
#4636 = EDGE_LOOP ( 'NONE', ( #2058, #1013, #2617, #1479, #4135, #452, #438, #3183 ) ) ;
#4637 = EDGE_CURVE ( 'NONE', #3794, #4475, #75, .T. ) ;
#4638 = CARTESIAN_POINT ( 'NONE',  ( 1.020000000004275487, 3.265000000000000124, 23.50788165701008481 ) ) ;
#4639 = CIRCLE ( 'NONE', #1331, 24.52749999999999275 ) ;
#4640 = CARTESIAN_POINT ( 'NONE',  ( 5.276919525558513513, 6.264999999999999680, -16.01859552883835747 ) ) ;
#4641 = ORIENTED_EDGE ( 'NONE', *, *, #542, .T. ) ;
#4642 = AXIS2_PLACEMENT_3D ( 'NONE', #3136, #1257, #1705 ) ;
#4643 = DIRECTION ( 'NONE',  ( -0.000000000000000000, -1.000000000000000000, -0.000000000000000000 ) ) ;
#4644 = DIRECTION ( 'NONE',  ( 1.776356839400250465E-15, 0.000000000000000000, -1.000000000000000000 ) ) ;
#4645 = CARTESIAN_POINT ( 'NONE',  ( 19.84842270412693566, 0.000000000000000000, -12.63728674036868860 ) ) ;
#4646 = CARTESIAN_POINT ( 'NONE',  ( -7.081682580411170491, 5.764999999999999680, -22.43904346959336848 ) ) ;
#4647 = VERTEX_POINT ( 'NONE', #3775 ) ;
#4648 = DIRECTION ( 'NONE',  ( 0.3420201433256689905, 0.000000000000000000, 0.9396926207859083169 ) ) ;
#4649 = FACE_OUTER_BOUND ( 'NONE', #209, .T. ) ;
#4650 = ORIENTED_EDGE ( 'NONE', *, *, #814, .F. ) ;
#4651 = CARTESIAN_POINT ( 'NONE',  ( -21.95357043938909314, 6.044248922266342028, 23.37767695306506965 ) ) ;
#4652 = CIRCLE ( 'NONE', #1093, 24.02999999999999758 ) ;
#4653 = CARTESIAN_POINT ( 'NONE',  ( -16.07282071980270644, 5.851862816039505866, 0.9150920754742550844 ) ) ;
#4654 = EDGE_LOOP ( 'NONE', ( #4197, #828, #1815, #351 ) ) ;
#4655 = ORIENTED_EDGE ( 'NONE', *, *, #4561, .F. ) ;
#4656 = CARTESIAN_POINT ( 'NONE',  ( -6.835299471538871074, 6.219357122083183143, -14.58146280146476492 ) ) ;
#4657 = EDGE_CURVE ( 'NONE', #694, #2791, #395, .T. ) ;
#4658 = VERTEX_POINT ( 'NONE', #1871 ) ;
#4659 = VERTEX_POINT ( 'NONE', #3354 ) ;
#4660 = CARTESIAN_POINT ( 'NONE',  ( -16.07282071980270644, 5.764999999999999680, 0.9150920754742549734 ) ) ;
#4661 = CARTESIAN_POINT ( 'NONE',  ( -24.23723077790795699, 6.228709313982506046, 5.031485895446261125 ) ) ;
#4662 = EDGE_CURVE ( 'NONE', #2244, #686, #3917, .T. ) ;
#4663 = DIRECTION ( 'NONE',  ( 0.000000000000000000, 1.000000000000000000, -0.000000000000000000 ) ) ;
#4664 = CARTESIAN_POINT ( 'NONE',  ( 7.594310774156530108, 5.764999999999999680, -23.84747785648474050 ) ) ;
#4665 = CARTESIAN_POINT ( 'NONE',  ( 15.29557920945528338, 5.921872957827535977, 19.78473444629556255 ) ) ;
#4666 = EDGE_CURVE ( 'NONE', #2977, #1085, #1918, .T. ) ;
#4667 = EDGE_CURVE ( 'NONE', #2143, #4047, #3002, .T. ) ;
#4668 = CARTESIAN_POINT ( 'NONE',  ( 9.485192156497154414, 6.264999999999999680, 13.01743292839957888 ) ) ;
#4669 = AXIS2_PLACEMENT_3D ( 'NONE', #3774, #1944, #3401 ) ;
#4670 = EDGE_LOOP ( 'NONE', ( #3843, #1907, #1915, #340, #4842, #575 ) ) ;
#4671 = EDGE_CURVE ( 'NONE', #1404, #1301, #4251, .T. ) ;
#4672 = CARTESIAN_POINT ( 'NONE',  ( 0.000000000000000000, 6.264999999999999680, 0.000000000000000000 ) ) ;
#4673 = CARTESIAN_POINT ( 'NONE',  ( -15.54687491418168399, 6.219357122083188472, 4.199411470539478053 ) ) ;
#4674 = CARTESIAN_POINT ( 'NONE',  ( -0.3983431104218106977, 5.764999999999999680, 0.3342495570369447555 ) ) ;
#4675 = VECTOR ( 'NONE', #4020, 1000.000000000000000 ) ;
#4676 = ORIENTED_EDGE ( 'NONE', *, *, #3954, .F. ) ;
#4677 = CARTESIAN_POINT ( 'NONE',  ( 9.691120861856093782, 6.264999999999999680, -29.60841622532396400 ) ) ;
#4678 = CARTESIAN_POINT ( 'NONE',  ( 9.171249647149318562, 0.000000000000000000, -30.72328364303766790 ) ) ;
#4679 = VERTEX_POINT ( 'NONE', #2260 ) ;
#4680 = ORIENTED_EDGE ( 'NONE', *, *, #2495, .F. ) ;
#4681 = CARTESIAN_POINT ( 'NONE',  ( -6.685646264091078095, 6.255860970744405058, -14.65229168168113461 ) ) ;
#4682 = ORIENTED_EDGE ( 'NONE', *, *, #3013, .F. ) ;
#4683 = ORIENTED_EDGE ( 'NONE', *, *, #852, .F. ) ;
#4684 = CARTESIAN_POINT ( 'NONE',  ( -11.29540193480741195, 6.264999999999998792, 11.48155158095073247 ) ) ;
#4685 = DIRECTION ( 'NONE',  ( 0.000000000000000000, 0.000000000000000000, -1.000000000000000000 ) ) ;
#4686 = VERTEX_POINT ( 'NONE', #3699 ) ;
#4687 = CARTESIAN_POINT ( 'NONE',  ( 30.84144333032081420, 5.764999999999999680, 4.402443439001797465 ) ) ;
#4688 = EDGE_CURVE ( 'NONE', #3854, #3091, #3749, .T. ) ;
#4689 = CARTESIAN_POINT ( 'NONE',  ( 0.000000000000000000, 5.764999999999999680, 0.000000000000000000 ) ) ;
#4690 = DIRECTION ( 'NONE',  ( 0.000000000000000000, 0.000000000000000000, 1.000000000000000000 ) ) ;
#4691 = CARTESIAN_POINT ( 'NONE',  ( 4.807073215165557301, 6.264999999999999680, -16.18960560050119213 ) ) ;
#4692 = VERTEX_POINT ( 'NONE', #2709 ) ;
#4693 = CARTESIAN_POINT ( 'NONE',  ( -24.36764470067009825, 6.264999999999999680, 3.654496544137954217 ) ) ;
#4694 = EDGE_CURVE ( 'NONE', #739, #2284, #1612, .T. ) ;
#4695 = CARTESIAN_POINT ( 'NONE',  ( -15.42824042424707898, 5.934027361111995802, 4.600126581111359414 ) ) ;
#4696 = DIRECTION ( 'NONE',  ( 0.000000000000000000, 1.000000000000000000, 0.000000000000000000 ) ) ;
#4697 = LINE ( 'NONE', #3602, #1151 ) ;
#4698 = ORIENTED_EDGE ( 'NONE', *, *, #1532, .T. ) ;
#4699 = CARTESIAN_POINT ( 'NONE',  ( 11.60809380826084514, 6.264999999999999680, -28.91069513294267423 ) ) ;
#4700 = EDGE_CURVE ( 'NONE', #1330, #3152, #1163, .T. ) ;
#4701 = VECTOR ( 'NONE', #3830, 999.9999999999998863 ) ;
#4702 = ORIENTED_EDGE ( 'NONE', *, *, #4508, .T. ) ;
#4703 = CARTESIAN_POINT ( 'NONE',  ( 22.02151929896932359, 5.764999999999999680, 23.30417700039738449 ) ) ;
#4704 = ORIENTED_EDGE ( 'NONE', *, *, #367, .T. ) ;
#4705 = TOROIDAL_SURFACE ( 'NONE', #2581, 24.03000000000000114, 0.5000000000000000000 ) ;
#4706 = ORIENTED_EDGE ( 'NONE', *, *, #914, .T. ) ;
#4707 = CARTESIAN_POINT ( 'NONE',  ( 24.23974016647490970, 6.264999999999999680, 3.746098358530197903 ) ) ;
#4708 = AXIS2_PLACEMENT_3D ( 'NONE', #657, #1054, #3646 ) ;
#4709 = FACE_OUTER_BOUND ( 'NONE', #2837, .T. ) ;
#4710 = ORIENTED_EDGE ( 'NONE', *, *, #1932, .T. ) ;
#4711 = VECTOR ( 'NONE', #2300, 1000.000000000000000 ) ;
#4712 = DIRECTION ( 'NONE',  ( 0.000000000000000000, 0.000000000000000000, 1.000000000000000000 ) ) ;
#4713 = CARTESIAN_POINT ( 'NONE',  ( 16.07282071980215932, 5.851846802861086161, 0.9150920754745587304 ) ) ;
#4714 = CARTESIAN_POINT ( 'NONE',  ( 24.44967702698104617, 5.844909940079745070, 5.346872873588293551 ) ) ;
#4715 = VECTOR ( 'NONE', #3888, 1000.000000000000000 ) ;
#4716 = EDGE_CURVE ( 'NONE', #4352, #870, #3592, .T. ) ;
#4717 = VERTEX_POINT ( 'NONE', #614 ) ;
#4718 = CARTESIAN_POINT ( 'NONE',  ( -24.80391930942172962, 5.844909940079745070, 3.337865057442501726 ) ) ;
#4719 = LINE ( 'NONE', #180, #1847 ) ;
#4720 = CARTESIAN_POINT ( 'NONE',  ( -9.321851522238072008, 6.098599059609041362, -30.68895840426471011 ) ) ;
#4721 = ADVANCED_FACE ( 'NONE', ( #3192 ), #2138, .T. ) ;
#4722 = DIRECTION ( 'NONE',  ( -0.9063077870364198985, 0.000000000000000000, 0.4226182617411931020 ) ) ;
#4723 = DIRECTION ( 'NONE',  ( -0.000000000000000000, -1.000000000000000000, -0.000000000000000000 ) ) ;
#4724 = ORIENTED_EDGE ( 'NONE', *, *, #2111, .F. ) ;
#4725 = DIRECTION ( 'NONE',  ( 0.7660444431189911141, -0.000000000000000000, 0.6427876096865237088 ) ) ;
#4726 = EDGE_CURVE ( 'NONE', #3299, #3132, #1320, .T. ) ;
#4727 = ORIENTED_EDGE ( 'NONE', *, *, #1345, .F. ) ;
#4728 = CARTESIAN_POINT ( 'NONE',  ( 14.88484583230953540, 6.264999999999997016, 18.72229818077954988 ) ) ;
#4729 = ORIENTED_EDGE ( 'NONE', *, *, #588, .T. ) ;
#4730 = FACE_OUTER_BOUND ( 'NONE', #3463, .T. ) ;
#4731 = EDGE_CURVE ( 'NONE', #3815, #3484, #893, .T. ) ;
#4732 = DIRECTION ( 'NONE',  ( -0.000000000000000000, -1.000000000000000000, -0.000000000000000000 ) ) ;
#4733 = EDGE_LOOP ( 'NONE', ( #3704, #4566, #3706, #2267 ) ) ;
#4734 = VECTOR ( 'NONE', #2914, 1000.000000000000000 ) ;
#4735 = CARTESIAN_POINT ( 'NONE',  ( 0.000000000000000000, 0.000000000000000000, 0.000000000000000000 ) ) ;
#4736 = CARTESIAN_POINT ( 'NONE',  ( -30.88996276406534847, 6.265000000000000568, 4.621300461379135527 ) ) ;
#4737 = EDGE_CURVE ( 'NONE', #3635, #848, #2831, .T. ) ;
#4738 = CIRCLE ( 'NONE', #2624, 14.57731163100804928 ) ;
#4739 = DIRECTION ( 'NONE',  ( 0.000000000000000000, 0.000000000000000000, -1.000000000000000000 ) ) ;
#4740 = LINE ( 'NONE', #2099, #282 ) ;
#4741 = VERTEX_POINT ( 'NONE', #4758 ) ;
#4742 = TOROIDAL_SURFACE ( 'NONE', #4587, 24.03000000000000114, 0.5000000000000000000 ) ;
#4743 = PLANE ( 'NONE',  #2710 ) ;
#4744 = EDGE_CURVE ( 'NONE', #334, #4867, #2897, .T. ) ;
#4745 = VERTEX_POINT ( 'NONE', #4327 ) ;
#4746 = DIRECTION ( 'NONE',  ( 0.5735764363512209085, 0.000000000000000000, 0.8191520442888693410 ) ) ;
#4747 = CARTESIAN_POINT ( 'NONE',  ( -8.998655526815831251, 5.764999999999999680, -21.74132237720849048 ) ) ;
#4748 = ORIENTED_EDGE ( 'NONE', *, *, #3135, .T. ) ;
#4749 = ADVANCED_FACE ( 'NONE', ( #1739 ), #1005, .T. ) ;
#4750 = EDGE_CURVE ( 'NONE', #4647, #1880, #2519, .T. ) ;
#4751 = LINE ( 'NONE', #3562, #3049 ) ;
#4752 = ORIENTED_EDGE ( 'NONE', *, *, #4825, .F. ) ;
#4753 = CARTESIAN_POINT ( 'NONE',  ( -1.509956535254285193, 0.000000000000000000, 0.2662460768590320659 ) ) ;
#4754 = DIRECTION ( 'NONE',  ( -0.8191520442885953379, 0.000000000000000000, -0.5735764363516124842 ) ) ;
#4755 = ORIENTED_EDGE ( 'NONE', *, *, #906, .T. ) ;
#4756 = LINE ( 'NONE', #1811, #1185 ) ;
#4757 = CARTESIAN_POINT ( 'NONE',  ( -17.85439826556527265, 5.764999999999999680, -12.50178425576556762 ) ) ;
#4758 = CARTESIAN_POINT ( 'NONE',  ( 19.84842270412693566, 0.000000000000000000, -12.63728674036868860 ) ) ;
#4759 = DIRECTION ( 'NONE',  ( -0.08715574274831967838, 0.000000000000000000, 0.9961946980916877026 ) ) ;
#4760 = CARTESIAN_POINT ( 'NONE',  ( 20.79608018602494823, 0.000000000000000000, 23.19696497017266879 ) ) ;
#4761 = LINE ( 'NONE', #1462, #2849 ) ;
#4762 = CARTESIAN_POINT ( 'NONE',  ( 31.19276894612019291, 5.841037802762286013, 7.419106642638349847 ) ) ;
#4763 = ORIENTED_EDGE ( 'NONE', *, *, #4797, .T. ) ;
#4764 = CARTESIAN_POINT ( 'NONE',  ( -9.346433687949314617, 6.255860970744405058, 13.11608534626011213 ) ) ;
#4765 = DIRECTION ( 'NONE',  ( -0.6427876096865468014, 0.000000000000000000, 0.7660444431189717962 ) ) ;
#4766 = EDGE_CURVE ( 'NONE', #4513, #4741, #2460, .T. ) ;
#4767 = FACE_OUTER_BOUND ( 'NONE', #2194, .T. ) ;
#4768 = VERTEX_POINT ( 'NONE', #1295 ) ;
#4769 = AXIS2_PLACEMENT_3D ( 'NONE', #2197, #2960, #2616 ) ;
#4770 = DIRECTION ( 'NONE',  ( 0.000000000000000000, 0.000000000000000000, 1.000000000000000000 ) ) ;
#4771 = ORIENTED_EDGE ( 'NONE', *, *, #1215, .T. ) ;
#4772 = VECTOR ( 'NONE', #3702, 1000.000000000000000 ) ;
#4773 = EDGE_CURVE ( 'NONE', #3912, #4659, #592, .T. ) ;
#4774 = CARTESIAN_POINT ( 'NONE',  ( -8.948331360201773776, 6.055188110906356336, -21.85539800527031673 ) ) ;
#4775 = DIRECTION ( 'NONE',  ( 0.000000000000000000, 1.000000000000000000, -0.000000000000000000 ) ) ;
#4776 = ORIENTED_EDGE ( 'NONE', *, *, #1942, .T. ) ;
#4777 = VECTOR ( 'NONE', #3918, 1000.000000000000000 ) ;
#4778 = AXIS2_PLACEMENT_3D ( 'NONE', #711, #2262, #1165 ) ;
#4779 = DIRECTION ( 'NONE',  ( -0.5735764363512209085, 0.000000000000000000, -0.8191520442888693410 ) ) ;
#4780 = DIRECTION ( 'NONE',  ( -0.6427876096865391409, 0.000000000000000000, 0.7660444431189782355 ) ) ;
#4781 = VECTOR ( 'NONE', #2975, 1000.000000000000000 ) ;
#4782 = ORIENTED_EDGE ( 'NONE', *, *, #396, .F. ) ;
#4783 = DIRECTION ( 'NONE',  ( -0.000000000000000000, -1.000000000000000000, -0.000000000000000000 ) ) ;
#4784 = CARTESIAN_POINT ( 'NONE',  ( -11.61707311970166145, 6.057893218813449998, 12.25785032243587125 ) ) ;
#4785 = CARTESIAN_POINT ( 'NONE',  ( -22.16644285628605715, 0.000000000000000000, -11.62000720090157735 ) ) ;
#4786 = ORIENTED_EDGE ( 'NONE', *, *, #758, .F. ) ;
#4787 = DIRECTION ( 'NONE',  ( -0.9961946980917286698, 0.000000000000000000, 0.08715574274785163611 ) ) ;
#4788 = DIRECTION ( 'NONE',  ( -0.4999999999999910072, 0.000000000000000000, -0.8660254037844438146 ) ) ;
#4789 = DIRECTION ( 'NONE',  ( -0.000000000000000000, -1.000000000000000000, -0.000000000000000000 ) ) ;
#4790 = ORIENTED_EDGE ( 'NONE', *, *, #4432, .F. ) ;
#4791 = EDGE_CURVE ( 'NONE', #4659, #2365, #1484, .T. ) ;
#4792 = AXIS2_PLACEMENT_3D ( 'NONE', #3415, #801, #4185 ) ;
#4793 = DIRECTION ( 'NONE',  ( 0.5735764363505577723, -0.000000000000000000, 0.8191520442893338583 ) ) ;
#4794 = ORIENTED_EDGE ( 'NONE', *, *, #523, .T. ) ;
#4795 = VECTOR ( 'NONE', #2209, 1000.000000000000000 ) ;
#4796 = DIRECTION ( 'NONE',  ( 0.000000000000000000, 0.000000000000000000, -1.000000000000000000 ) ) ;
#4797 = EDGE_CURVE ( 'NONE', #1414, #4574, #3215, .T. ) ;
#4798 = DIRECTION ( 'NONE',  ( 0.000000000000000000, 0.000000000000000000, -1.000000000000000000 ) ) ;
#4799 = ORIENTED_EDGE ( 'NONE', *, *, #1371, .T. ) ;
#4800 = CARTESIAN_POINT ( 'NONE',  ( -31.84812112076912527, 5.915251510363384035, 3.719278802826714081 ) ) ;
#4801 = CARTESIAN_POINT ( 'NONE',  ( -22.02151929897088678, 3.265000000000000124, 23.30417700039917506 ) ) ;
#4802 = ADVANCED_FACE ( 'NONE', ( #3237 ), #3743, .T. ) ;
#4803 = CARTESIAN_POINT ( 'NONE',  ( -16.77838861730829123, 5.764999999999999680, 1.922747461919029899 ) ) ;
#4804 = EDGE_CURVE ( 'NONE', #2368, #257, #924, .T. ) ;
#4805 = EDGE_CURVE ( 'NONE', #251, #4130, #1890, .T. ) ;
#4806 = DIRECTION ( 'NONE',  ( -0.000000000000000000, -1.000000000000000000, 0.000000000000000000 ) ) ;
#4807 = AXIS2_PLACEMENT_3D ( 'NONE', #2551, #4457, #1386 ) ;
#4808 = ORIENTED_EDGE ( 'NONE', *, *, #4700, .T. ) ;
#4809 = CARTESIAN_POINT ( 'NONE',  ( 6.530831529806402358, 6.264999999999999680, -14.72313383150276422 ) ) ;
#4810 = B_SPLINE_CURVE_WITH_KNOTS ( 'NONE', 3,
 ( #412, #1935, #1583, #3089, #2727, #4215, #832, #103 ),
 .UNSPECIFIED., .F., .F.,
 ( 4, 2, 2, 4 ),
 ( 0.000000000000000000, 0.0002243944063326876236, 0.0004487888126653752472, 0.0008975776253307521206 ),
 .UNSPECIFIED. ) ;
#4811 = PLANE ( 'NONE',  #1097 ) ;
#4812 = EDGE_CURVE ( 'NONE', #2278, #3093, #4851, .T. ) ;
#4813 = DIRECTION ( 'NONE',  ( 0.3420201433256419010, -0.000000000000000000, -0.9396926207859180868 ) ) ;
#4814 = CARTESIAN_POINT ( 'NONE',  ( 9.691120861856093782, 5.764999999999999680, -29.60841622532396400 ) ) ;
#4815 = ORIENTED_EDGE ( 'NONE', *, *, #1556, .T. ) ;
#4816 = DIRECTION ( 'NONE',  ( -0.9063077870369108391, 0.000000000000000000, 0.4226182617401400554 ) ) ;
#4817 = DIRECTION ( 'NONE',  ( 0.9063077870369106170, 0.000000000000000000, -0.4226182617401404995 ) ) ;
#4818 = AXIS2_PLACEMENT_3D ( 'NONE', #1792, #1819, #707 ) ;
#4819 = PLANE ( 'NONE',  #4311 ) ;
#4820 = VERTEX_POINT ( 'NONE', #3667 ) ;
#4821 = VECTOR ( 'NONE', #1077, 999.9999999999998863 ) ;
#4822 = FACE_OUTER_BOUND ( 'NONE', #1221, .T. ) ;
#4823 = EDGE_LOOP ( 'NONE', ( #1982, #2910, #4058, #4479 ) ) ;
#4824 = B_SPLINE_CURVE_WITH_KNOTS ( 'NONE', 3,
 ( #1475, #3034, #1883, #383, #3790, #3059, #2724, #2349 ),
 .UNSPECIFIED., .F., .F.,
 ( 4, 2, 2, 4 ),
 ( 0.000000000000000000, 0.0002243944063325958188, 0.0004487888126651916375, 0.0008975776253303790466 ),
 .UNSPECIFIED. ) ;
#4825 = EDGE_CURVE ( 'NONE', #2344, #1590, #2649, .T. ) ;
#4826 = CARTESIAN_POINT ( 'NONE',  ( -8.705459673508087803, 6.264999999999999680, -22.39767559084925708 ) ) ;
#4827 = DIRECTION ( 'NONE',  ( 0.6427876096865392519, 0.000000000000000000, -0.7660444431189782355 ) ) ;
#4828 = ORIENTED_EDGE ( 'NONE', *, *, #1322, .T. ) ;
#4829 = EDGE_CURVE ( 'NONE', #719, #4492, #2232, .T. ) ;
#4830 = FACE_OUTER_BOUND ( 'NONE', #4823, .T. ) ;
#4831 = PRODUCT_DEFINITION_CONTEXT ( 'detailed design', #3611, 'design' ) ;
#4832 = DIRECTION ( 'NONE',  ( 0.000000000000000000, 1.000000000000000000, 0.000000000000000000 ) ) ;
#4833 = ORIENTED_EDGE ( 'NONE', *, *, #3289, .T. ) ;
#4834 = EDGE_CURVE ( 'NONE', #2646, #968, #2991, .T. ) ;
#4835 = LINE ( 'NONE', #4465, #749 ) ;
#4836 = LINE ( 'NONE', #1817, #4487 ) ;
#4837 = LINE ( 'NONE', #371, #1195 ) ;
#4838 = CARTESIAN_POINT ( 'NONE',  ( 9.691120861856093782, 6.264999999999999680, -29.60841622532396400 ) ) ;
#4839 = FACE_OUTER_BOUND ( 'NONE', #3305, .T. ) ;
#4840 = PLANE ( 'NONE',  #1069 ) ;
#4841 = ORIENTED_EDGE ( 'NONE', *, *, #4744, .T. ) ;
#4842 = ORIENTED_EDGE ( 'NONE', *, *, #1899, .F. ) ;
#4843 = CYLINDRICAL_SURFACE ( 'NONE', #4769, 0.4999999999999997780 ) ;
#4844 = ORIENTED_EDGE ( 'NONE', *, *, #4871, .F. ) ;
#4845 = LINE ( 'NONE', #2325, #4028 ) ;
#4846 = CARTESIAN_POINT ( 'NONE',  ( -9.794555928166921888, 6.264999999999999680, -30.56969980137444409 ) ) ;
#4847 = ORIENTED_EDGE ( 'NONE', *, *, #4415, .T. ) ;
#4848 = VECTOR ( 'NONE', #408, 1000.000000000000000 ) ;
#4849 = CARTESIAN_POINT ( 'NONE',  ( 19.23334952206225523, 6.264999999999999680, 24.50825169393582570 ) ) ;
#4850 = CARTESIAN_POINT ( 'NONE',  ( -23.43882127663562187, 6.107366286027166247, 3.229360204615839613 ) ) ;
#4851 = LINE ( 'NONE', #2995, #3844 ) ;
#4852 = EDGE_CURVE ( 'NONE', #2332, #2492, #1284, .T. ) ;
#4853 = EDGE_CURVE ( 'NONE', #3055, #92, #2949, .T. ) ;
#4854 = CARTESIAN_POINT ( 'NONE',  ( 19.12613749183849521, 5.764999999999999680, 25.73369080688134147 ) ) ;
#4855 = AXIS2_PLACEMENT_3D ( 'NONE', #1000, #1734, #4690 ) ;
#4856 = ORIENTED_EDGE ( 'NONE', *, *, #4170, .F. ) ;
#4857 = CARTESIAN_POINT ( 'NONE',  ( -19.23334952206178272, 3.265000000000000124, 24.50825169393615610 ) ) ;
#4858 = LINE ( 'NONE', #1894, #4795 ) ;
#4859 = DIRECTION ( 'NONE',  ( 0.000000000000000000, 0.000000000000000000, -1.000000000000000000 ) ) ;
#4860 = CARTESIAN_POINT ( 'NONE',  ( 20.48725318218211200, 4.527797336226737634, -10.65052659054495798 ) ) ;
#4861 = VERTEX_POINT ( 'NONE', #1588 ) ;
#4862 = CARTESIAN_POINT ( 'NONE',  ( -16.85536625282397338, 5.764999999999999680, 18.50060498289616362 ) ) ;
#4863 = EDGE_CURVE ( 'NONE', #3756, #2442, #1001, .T. ) ;
#4864 = DIRECTION ( 'NONE',  ( -0.4226182617402615138, 0.000000000000000000, 0.9063077870368541067 ) ) ;
#4865 = VECTOR ( 'NONE', #3951, 1000.000000000000000 ) ;
#4866 = FACE_OUTER_BOUND ( 'NONE', #1574, .T. ) ;
#4867 = VERTEX_POINT ( 'NONE', #1538 ) ;
#4868 = ORIENTED_EDGE ( 'NONE', *, *, #504, .F. ) ;
#4869 = EDGE_CURVE ( 'NONE', #4741, #1861, #3041, .T. ) ;
#4870 = DIRECTION ( 'NONE',  ( 0.9848077530122080203, 0.000000000000000000, -0.1736481776669309696 ) ) ;
#4871 = EDGE_CURVE ( 'NONE', #2476, #2488, #293, .T. ) ;
#4872 = ORIENTED_EDGE ( 'NONE', *, *, #2611, .T. ) ;
#4873 = CARTESIAN_POINT ( 'NONE',  ( -8.998655526815836581, 6.264999999999999680, -21.74132237720848693 ) ) ;
#4874 = EDGE_CURVE ( 'NONE', #81, #3262, #1950, .T. ) ;
#4875 = CARTESIAN_POINT ( 'NONE',  ( -15.89194039108521039, 5.764999999999999680, 17.35243875097084398 ) ) ;
#4876 = FACE_OUTER_BOUND ( 'NONE', #121, .T. ) ;
#4877 = ORIENTED_EDGE ( 'NONE', *, *, #1083, .F. ) ;
#4878 = FACE_OUTER_BOUND ( 'NONE', #985, .T. ) ;
#4879 = B_SPLINE_CURVE_WITH_KNOTS ( 'NONE', 3,
 ( #1243, #868, #2050, #573, #4651, #2072, #1697, #964 ),
 .UNSPECIFIED., .F., .F.,
 ( 4, 2, 2, 4 ),
 ( 0.000000000000000000, 0.0004478229640555658557, 0.0006717344460833458292, 0.0008956459281111257484 ),
 .UNSPECIFIED. ) ;
#4880 = CARTESIAN_POINT ( 'NONE',  ( 0.000000000000000000, 5.764999999999999680, 0.000000000000000000 ) ) ;
#4881 = DIRECTION ( 'NONE',  ( -0.4226182617401404995, -0.000000000000000000, -0.9063077870369106170 ) ) ;
#4882 = CIRCLE ( 'NONE', #4173, 25.02749999999999275 ) ;
#4883 = CARTESIAN_POINT ( 'NONE',  ( 19.14505048738957882, 5.915251510363442655, 25.72164255197628435 ) ) ;
#4884 = ORIENTED_EDGE ( 'NONE', *, *, #3569, .T. ) ;
ENDSEC;
END-ISO-10303-21;
