ISO-10303-21;
HEADER;
FILE_DESCRIPTION (( 'STEP AP214' ),
    '1' );
FILE_NAME ('Back, Bottom Mesh Piece (With Holes).STEP',
    '2026-03-03T06:57:47',
    ( '' ),
    ( '' ),
    'SwSTEP 2.0',
    'SolidWorks 2025',
    '' );
FILE_SCHEMA (( 'AUTOMOTIVE_DESIGN' ));
ENDSEC;

DATA;
#1 = ORIENTED_EDGE ( 'NONE', *, *, #1261, .F. ) ;
#2 = DIRECTION ( 'NONE',  ( -0.000000000000000000, -1.000000000000000000, -0.000000000000000000 ) ) ;
#3 = CARTESIAN_POINT ( 'NONE',  ( -17.85439826556527265, -2.500000000000000000, -12.50178425576556762 ) ) ;
#4 = VECTOR ( 'NONE', #519, 1000.000000000000114 ) ;
#5 = LINE ( 'NONE', #1851, #5243 ) ;
#6 = ORIENTED_EDGE ( 'NONE', *, *, #898, .F. ) ;
#7 = AXIS2_PLACEMENT_3D ( 'NONE', #1938, #4244, #2434 ) ;
#8 = CYLINDRICAL_SURFACE ( 'NONE', #242, 23.53000000000000114 ) ;
#9 = CARTESIAN_POINT ( 'NONE',  ( 4.972349239468749182, -3.000000000000000000, -16.03815802711460137 ) ) ;
#10 = DIRECTION ( 'NONE',  ( 0.7660444431189296077, 0.000000000000000000, -0.6427876096865972055 ) ) ;
#11 = CIRCLE ( 'NONE', #1189, 0.7999999999999986011 ) ;
#12 = ORIENTED_EDGE ( 'NONE', *, *, #4006, .F. ) ;
#13 = FACE_OUTER_BOUND ( 'NONE', #5059, .T. ) ;
#14 = VECTOR ( 'NONE', #2749, 1000.000000000000000 ) ;
#15 = ADVANCED_FACE ( 'NONE', ( #4577 ), #4553, .F. ) ;
#16 = ORIENTED_EDGE ( 'NONE', *, *, #5930, .F. ) ;
#17 = CARTESIAN_POINT ( 'NONE',  ( -16.06141046599243793, -2.849145032862527405, 1.137440779389998990 ) ) ;
#18 = LINE ( 'NONE', #5086, #1981 ) ;
#19 = LINE ( 'NONE', #3767, #3963 ) ;
#20 = ORIENTED_EDGE ( 'NONE', *, *, #5508, .F. ) ;
#21 = ADVANCED_FACE ( 'NONE', ( #5956 ), #3925, .T. ) ;
#22 = EDGE_CURVE ( 'NONE', #1626, #3522, #2517, .T. ) ;
#23 = ORIENTED_EDGE ( 'NONE', *, *, #4847, .T. ) ;
#24 = CARTESIAN_POINT ( 'NONE',  ( 15.52441922100480198, -2.926524577312475284, 4.278555553686809176 ) ) ;
#25 = ORIENTED_EDGE ( 'NONE', *, *, #3019, .T. ) ;
#26 = CARTESIAN_POINT ( 'NONE',  ( -24.75317804435594837, -2.731288099986386442, 3.374989680262288072 ) ) ;
#27 = DIRECTION ( 'NONE',  ( 0.9848077530122122392, 0.000000000000000000, 0.1736481776669060451 ) ) ;
#28 = EDGE_CURVE ( 'NONE', #3451, #698, #289, .T. ) ;
#29 = ORIENTED_EDGE ( 'NONE', *, *, #4353, .T. ) ;
#30 = CYLINDRICAL_SURFACE ( 'NONE', #3594, 0.5000000000000005551 ) ;
#31 = CARTESIAN_POINT ( 'NONE',  ( 10.15785299541284914, -2.999999999999999112, 13.37029514952898346 ) ) ;
#32 = CARTESIAN_POINT ( 'NONE',  ( 30.84144333032081420, -2.500000000000000000, 4.402443439001797465 ) ) ;
#33 = CARTESIAN_POINT ( 'NONE',  ( 1.020000000004275487, 3.265000000000000124, 23.50788165701008481 ) ) ;
#34 = ORIENTED_EDGE ( 'NONE', *, *, #3473, .T. ) ;
#35 = ORIENTED_EDGE ( 'NONE', *, *, #4781, .F. ) ;
#36 = DIRECTION ( 'NONE',  ( -0.000000000000000000, -1.000000000000000000, -0.000000000000000000 ) ) ;
#37 = CARTESIAN_POINT ( 'NONE',  ( -0.5244024014048652704, 3.265000000000000124, -1.440783756571787144 ) ) ;
#38 = CIRCLE ( 'NONE', #5276, 24.03000000000000114 ) ;
#39 = ORIENTED_EDGE ( 'NONE', *, *, #5254, .F. ) ;
#40 = CARTESIAN_POINT ( 'NONE',  ( 11.23820881949115780, 3.265000000000000124, 13.39317573496640357 ) ) ;
#41 = ORIENTED_EDGE ( 'NONE', *, *, #4136, .F. ) ;
#42 = CARTESIAN_POINT ( 'NONE',  ( -16.85536625282397338, 3.265000000000000124, 18.50060498289616362 ) ) ;
#43 = CARTESIAN_POINT ( 'NONE',  ( -11.61707311970166501, 3.265000000000000124, 12.25785032243587658 ) ) ;
#44 = AXIS2_PLACEMENT_3D ( 'NONE', #1606, #598, #1085 ) ;
#45 = CARTESIAN_POINT ( 'NONE',  ( 0.000000000000000000, -3.000000000000000000, 0.000000000000000000 ) ) ;
#46 = EDGE_LOOP ( 'NONE', ( #3725, #5887, #5545, #1049 ) ) ;
#47 = ORIENTED_EDGE ( 'NONE', *, *, #5832, .T. ) ;
#48 = CARTESIAN_POINT ( 'NONE',  ( 19.25567368221534181, -2.833366653769156862, 25.65008650933786782 ) ) ;
#49 = CARTESIAN_POINT ( 'NONE',  ( 15.46110767325300550, -2.798945815778286050, 4.493127736484367141 ) ) ;
#50 = VERTEX_POINT ( 'NONE', #405 ) ;
#51 = EDGE_CURVE ( 'NONE', #5064, #5019, #1526, .T. ) ;
#52 = VECTOR ( 'NONE', #5225, 1000.000000000000114 ) ;
#53 = CYLINDRICAL_SURFACE ( 'NONE', #200, 0.5000000000000007772 ) ;
#54 = VERTEX_POINT ( 'NONE', #691 ) ;
#55 = ORIENTED_EDGE ( 'NONE', *, *, #1180, .F. ) ;
#56 = CARTESIAN_POINT ( 'NONE',  ( 9.142499516022676076, -2.956055507768270640, -22.98564247604852184 ) ) ;
#57 = VECTOR ( 'NONE', #3975, 1000.000000000000000 ) ;
#58 = DIRECTION ( 'NONE',  ( 0.8191520442885953379, 0.000000000000000000, 0.5735764363516125952 ) ) ;
#59 = CARTESIAN_POINT ( 'NONE',  ( -9.691120861856122204, -3.000000000000000000, -29.60841622532391781 ) ) ;
#60 = ADVANCED_FACE ( 'NONE', ( #3157 ), #2734, .F. ) ;
#61 = ORIENTED_EDGE ( 'NONE', *, *, #827, .F. ) ;
#62 = ADVANCED_FACE ( 'NONE', ( #2573 ), #5927, .F. ) ;
#63 = ORIENTED_EDGE ( 'NONE', *, *, #4651, .F. ) ;
#64 = CARTESIAN_POINT ( 'NONE',  ( 6.724046161570117697, -2.500000000000000000, -15.49188450811890938 ) ) ;
#65 = DIRECTION ( 'NONE',  ( 0.000000000000000000, 0.000000000000000000, -1.000000000000000000 ) ) ;
#66 = DIRECTION ( 'NONE',  ( 0.08715574274745541139, 0.000000000000000000, -0.9961946980917633088 ) ) ;
#67 = ADVANCED_FACE ( 'NONE', ( #5465 ), #4993, .F. ) ;
#68 = CARTESIAN_POINT ( 'NONE',  ( -7.109761111858007077, -2.798953584472833711, -14.44594514399474150 ) ) ;
#69 = ORIENTED_EDGE ( 'NONE', *, *, #3678, .F. ) ;
#70 = LINE ( 'NONE', #2921, #2342 ) ;
#71 = ORIENTED_EDGE ( 'NONE', *, *, #5134, .F. ) ;
#72 = DIRECTION ( 'NONE',  ( 0.9848077530122211209, 0.000000000000000000, 0.1736481776668561960 ) ) ;
#73 = CARTESIAN_POINT ( 'NONE',  ( -23.37839960360636127, -2.973325924937979536, 4.813879173184461457 ) ) ;
#74 = CARTESIAN_POINT ( 'NONE',  ( -30.84144333032262608, -2.500000000000000000, 4.402443439002778014 ) ) ;
#75 = VERTEX_POINT ( 'NONE', #5499 ) ;
#76 = ORIENTED_EDGE ( 'NONE', *, *, #5928, .F. ) ;
#77 = FACE_OUTER_BOUND ( 'NONE', #3483, .T. ) ;
#78 = DIRECTION ( 'NONE',  ( -0.000000000000000000, 1.000000000000000000, -0.000000000000000000 ) ) ;
#79 = ORIENTED_EDGE ( 'NONE', *, *, #5510, .F. ) ;
#80 = LINE ( 'NONE', #3808, #2534 ) ;
#81 = VECTOR ( 'NONE', #678, 1000.000000000000000 ) ;
#82 = ORIENTED_EDGE ( 'NONE', *, *, #3240, .F. ) ;
#83 = CARTESIAN_POINT ( 'NONE',  ( -7.594310774156573629, 3.265000000000000124, -23.84747785648472274 ) ) ;
#84 = ORIENTED_EDGE ( 'NONE', *, *, #5754, .T. ) ;
#85 = CARTESIAN_POINT ( 'NONE',  ( -8.998655526815836581, 3.265000000000000124, -21.74132237720848693 ) ) ;
#86 = EDGE_CURVE ( 'NONE', #3329, #4546, #244, .T. ) ;
#87 = FACE_OUTER_BOUND ( 'NONE', #3493, .T. ) ;
#88 = DIRECTION ( 'NONE',  ( -0.000000000000000000, 1.000000000000000000, -0.000000000000000000 ) ) ;
#89 = DIRECTION ( 'NONE',  ( -0.8191520442888685638, 0.000000000000000000, 0.5735764363512223518 ) ) ;
#90 = AXIS2_PLACEMENT_3D ( 'NONE', #933, #1416, #5115 ) ;
#91 = ORIENTED_EDGE ( 'NONE', *, *, #4855, .F. ) ;
#92 = B_SPLINE_CURVE_WITH_KNOTS ( 'NONE', 3,
 ( #468, #4228, #987, #2323, #2352, #2745, #4624, #1415 ),
 .UNSPECIFIED., .F., .F.,
 ( 4, 2, 2, 4 ),
 ( 0.000000000000000000, 0.0004478229640555163619, 0.0006717344460832744887, 0.0008956459281110327238 ),
 .UNSPECIFIED. ) ;
#93 = CARTESIAN_POINT ( 'NONE',  ( -7.607250946612473363, -3.000000000000000000, -22.42112848802960201 ) ) ;
#94 = EDGE_CURVE ( 'NONE', #2593, #4133, #1346, .T. ) ;
#95 = ADVANCED_FACE ( 'NONE', ( #1319, #4529, #4211 ), #1489, .T. ) ;
#96 = LINE ( 'NONE', #1909, #4426 ) ;
#97 = CARTESIAN_POINT ( 'NONE',  ( -15.89194039108521395, 3.265000000000000124, 17.35243875097084043 ) ) ;
#98 = ORIENTED_EDGE ( 'NONE', *, *, #3686, .F. ) ;
#99 = CARTESIAN_POINT ( 'NONE',  ( 7.081682580411110095, 3.265000000000000124, -22.43904346959338980 ) ) ;
#100 = DIRECTION ( 'NONE',  ( -0.000000000000000000, -1.000000000000000000, -0.000000000000000000 ) ) ;
#101 = ADVANCED_FACE ( 'NONE', ( #5646 ), #5610, .T. ) ;
#102 = CIRCLE ( 'NONE', #5248, 23.53000000000000114 ) ;
#103 = ORIENTED_EDGE ( 'NONE', *, *, #3232, .F. ) ;
#104 = DIRECTION ( 'NONE',  ( 0.000000000000000000, -1.000000000000000000, 0.000000000000000000 ) ) ;
#105 = DIRECTION ( 'NONE',  ( -0.000000000000000000, -1.000000000000000000, -0.000000000000000000 ) ) ;
#106 = CARTESIAN_POINT ( 'NONE',  ( -16.50770360160265682, -2.935926026334251038, 18.47649049042983904 ) ) ;
#107 = VECTOR ( 'NONE', #4936, 1000.000000000000114 ) ;
#108 = LINE ( 'NONE', #1956, #882 ) ;
#109 = ORIENTED_EDGE ( 'NONE', *, *, #3538, .T. ) ;
#110 = ORIENTED_EDGE ( 'NONE', *, *, #1599, .F. ) ;
#111 = CARTESIAN_POINT ( 'NONE',  ( 0.000000000000000000, -3.000000000000000000, 0.000000000000000000 ) ) ;
#112 = AXIS2_PLACEMENT_3D ( 'NONE', #4126, #5054, #900 ) ;
#113 = EDGE_LOOP ( 'NONE', ( #3731, #4182, #3028, #4996, #2898, #5889 ) ) ;
#114 = LINE ( 'NONE', #5153, #587 ) ;
#115 = ORIENTED_EDGE ( 'NONE', *, *, #5374, .T. ) ;
#116 = CARTESIAN_POINT ( 'NONE',  ( 4.807073215165557301, -2.500000000000000000, -16.18960560050119213 ) ) ;
#117 = EDGE_LOOP ( 'NONE', ( #4401, #4147, #2219, #800 ) ) ;
#118 = CARTESIAN_POINT ( 'NONE',  ( 7.508755512586415826, -2.990141373521780555, -22.70909322701249522 ) ) ;
#119 = CARTESIAN_POINT ( 'NONE',  ( -22.16644285628408184, -0.9761472547093537067, -11.62000720090535388 ) ) ;
#120 = TOROIDAL_SURFACE ( 'NONE', #1350, 24.52749999999999631, 0.5000000000000000000 ) ;
#121 = FACE_OUTER_BOUND ( 'NONE', #3338, .T. ) ;
#122 = CARTESIAN_POINT ( 'NONE',  ( 19.23334952206225523, -2.792893218813452094, 24.50825169393582570 ) ) ;
#123 = EDGE_LOOP ( 'NONE', ( #3866, #2177, #4110, #300 ) ) ;
#124 = ADVANCED_FACE ( 'NONE', ( #87 ), #970, .F. ) ;
#125 = VERTEX_POINT ( 'NONE', #119 ) ;
#126 = ORIENTED_EDGE ( 'NONE', *, *, #353, .T. ) ;
#127 = LINE ( 'NONE', #3823, #52 ) ;
#128 = VECTOR ( 'NONE', #499, 1000.000000000000227 ) ;
#129 = EDGE_CURVE ( 'NONE', #5312, #1623, #152, .T. ) ;
#130 = CARTESIAN_POINT ( 'NONE',  ( -0.09029705238680629797, -3.000000000000000000, 0.5121000315663446489 ) ) ;
#131 = ADVANCED_FACE ( 'NONE', ( #2784 ), #5556, .T. ) ;
#132 = ORIENTED_EDGE ( 'NONE', *, *, #5099, .T. ) ;
#133 = FACE_OUTER_BOUND ( 'NONE', #1300, .T. ) ;
#134 = DIRECTION ( 'NONE',  ( 0.000000000000000000, -1.000000000000000000, 0.000000000000000000 ) ) ;
#135 = VERTEX_POINT ( 'NONE', #2814 ) ;
#136 = CARTESIAN_POINT ( 'NONE',  ( -24.44967702698092182, -2.500000000000000000, 5.346872873588901065 ) ) ;
#137 = DIRECTION ( 'NONE',  ( -0.000000000000000000, 1.000000000000000000, -0.000000000000000000 ) ) ;
#138 = DIRECTION ( 'NONE',  ( -0.000000000000000000, 1.000000000000000000, -0.000000000000000000 ) ) ;
#139 = ADVANCED_FACE ( 'NONE', ( #5188 ), #1373, .T. ) ;
#140 = AXIS2_PLACEMENT_3D ( 'NONE', #556, #2408, #4248 ) ;
#141 = ADVANCED_FACE ( 'NONE', ( #5124 ), #3780, .T. ) ;
#142 = CARTESIAN_POINT ( 'NONE',  ( -14.32920972712166652, 3.265000000000000124, 18.66372547473203625 ) ) ;
#143 = ORIENTED_EDGE ( 'NONE', *, *, #3785, .T. ) ;
#144 = ORIENTED_EDGE ( 'NONE', *, *, #2325, .T. ) ;
#145 = CARTESIAN_POINT ( 'NONE',  ( -24.19172554510032214, -2.970787267806925147, 4.964675980282092560 ) ) ;
#146 = CIRCLE ( 'NONE', #3530, 14.64608244481071431 ) ;
#147 = CARTESIAN_POINT ( 'NONE',  ( 0.4886401628093650085, -2.500000000000000000, -0.1778504745295992062 ) ) ;
#148 = ORIENTED_EDGE ( 'NONE', *, *, #1151, .T. ) ;
#149 = CARTESIAN_POINT ( 'NONE',  ( 4.460940800293260011, -3.000000000000000000, -15.47651244522894309 ) ) ;
#150 = CARTESIAN_POINT ( 'NONE',  ( -9.268435803289293062, -2.778643711280875284, -30.70128925157557731 ) ) ;
#151 = VERTEX_POINT ( 'NONE', #4610 ) ;
#152 = B_SPLINE_CURVE_WITH_KNOTS ( 'NONE', 3,
 ( #1003, #3262, #1936, #2310, #2432, #518, #1873, #3688, #5100, #943 ),
 .UNSPECIFIED., .F., .F.,
 ( 4, 2, 2, 2, 4 ),
 ( 0.000000000000000000, 0.0002540264268554403410, 0.0005080528537108806820, 0.0007620792805663209688, 0.001016105707421761364 ),
 .UNSPECIFIED. ) ;
#153 = CARTESIAN_POINT ( 'NONE',  ( -1.019999999997242668, -0.9782539753336698674, 25.00994098812986266 ) ) ;
#154 = ORIENTED_EDGE ( 'NONE', *, *, #3344, .T. ) ;
#155 = CARTESIAN_POINT ( 'NONE',  ( 31.84909871781022872, 3.265000000000000124, 3.696875540764980705 ) ) ;
#156 = CARTESIAN_POINT ( 'NONE',  ( 8.023111437219503372, -3.000000000000000000, -23.56369579561588523 ) ) ;
#157 = CARTESIAN_POINT ( 'NONE',  ( -6.500088757882004131, -2.999999999999999112, -15.48210631669995507 ) ) ;
#158 =( BOUNDED_CURVE ( )  B_SPLINE_CURVE ( 3, ( #64, #3242, #1461, #3726 ),
 .UNSPECIFIED., .F., .F. ) 
 B_SPLINE_CURVE_WITH_KNOTS ( ( 4, 4 ),
 ( 0.000000000000000000, 1.570796326794895004 ),
 .UNSPECIFIED. ) 
 CURVE ( )  GEOMETRIC_REPRESENTATION_ITEM ( )  RATIONAL_B_SPLINE_CURVE ( ( 1.000000000000000000, 0.8047378541243653816, 0.8047378541243653816, 1.000000000000000000 ) ) 
 REPRESENTATION_ITEM ( '' )  );
#159 = EDGE_LOOP ( 'NONE', ( #3458, #4168, #1303, #928 ) ) ;
#160 = ORIENTED_EDGE ( 'NONE', *, *, #1668, .F. ) ;
#161 = CARTESIAN_POINT ( 'NONE',  ( 1.020000000004273266, -1.663673931621374669, 26.06236854481450393 ) ) ;
#162 = DIRECTION ( 'NONE',  ( 0.000000000000000000, 0.000000000000000000, 1.000000000000000000 ) ) ;
#163 = ORIENTED_EDGE ( 'NONE', *, *, #2286, .F. ) ;
#164 = PLANE ( 'NONE',  #5356 ) ;
#165 = CARTESIAN_POINT ( 'NONE',  ( 8.303821354729477022, 3.265000000000000568, -22.81456166729532953 ) ) ;
#166 = VECTOR ( 'NONE', #3651, 1000.000000000000114 ) ;
#167 = VERTEX_POINT ( 'NONE', #4668 ) ;
#168 = CARTESIAN_POINT ( 'NONE',  ( -24.33213438064621670, -3.000000000000000888, 3.533518983270087954 ) ) ;
#169 = ADVANCED_FACE ( 'NONE', ( #1456 ), #1850, .T. ) ;
#170 = CARTESIAN_POINT ( 'NONE',  ( 9.044380299794889666, -2.999999999999999112, -23.13011348130476108 ) ) ;
#171 = ORIENTED_EDGE ( 'NONE', *, *, #926, .T. ) ;
#172 = FACE_OUTER_BOUND ( 'NONE', #975, .T. ) ;
#173 = EDGE_CURVE ( 'NONE', #2583, #2295, #3363, .T. ) ;
#174 = CARTESIAN_POINT ( 'NONE',  ( -7.081682580411170491, -2.500000000000000000, -22.43904346959336848 ) ) ;
#175 = EDGE_CURVE ( 'NONE', #5219, #4815, #1819, .T. ) ;
#176 = ORIENTED_EDGE ( 'NONE', *, *, #5110, .T. ) ;
#177 = VERTEX_POINT ( 'NONE', #2339 ) ;
#178 = CARTESIAN_POINT ( 'NONE',  ( 0.000000000000000000, -3.000000000000000000, 24.52749999999999275 ) ) ;
#179 = ORIENTED_EDGE ( 'NONE', *, *, #2998, .T. ) ;
#180 = CARTESIAN_POINT ( 'NONE',  ( 11.72428514981459635, 3.265000000000000124, 11.03241121076136544 ) ) ;
#181 = ORIENTED_EDGE ( 'NONE', *, *, #1759, .F. ) ;
#182 = DIRECTION ( 'NONE',  ( -0.000000000000000000, 1.000000000000000000, -0.000000000000000000 ) ) ;
#183 = CARTESIAN_POINT ( 'NONE',  ( 31.33256639292909185, -2.999999999999999556, 6.948495401740673039 ) ) ;
#184 = EDGE_CURVE ( 'NONE', #3196, #1195, #4177, .T. ) ;
#185 = DIRECTION ( 'NONE',  ( 0.000000000000000000, 0.000000000000000000, 1.000000000000000000 ) ) ;
#186 = CARTESIAN_POINT ( 'NONE',  ( -6.724046161570254476, -2.792893218813452094, -15.49188450811626971 ) ) ;
#187 = ORIENTED_EDGE ( 'NONE', *, *, #779, .F. ) ;
#188 = AXIS2_PLACEMENT_3D ( 'NONE', #3176, #4464, #1283 ) ;
#189 = ORIENTED_EDGE ( 'NONE', *, *, #1334, .T. ) ;
#190 = CARTESIAN_POINT ( 'NONE',  ( 23.90990065744913906, 3.265000000000000568, 4.215960591969848181 ) ) ;
#191 = CARTESIAN_POINT ( 'NONE',  ( -14.71223194868115236, -2.500000000000000000, 18.34233166988876462 ) ) ;
#192 = VECTOR ( 'NONE', #338, 1000.000000000000000 ) ;
#193 = EDGE_LOOP ( 'NONE', ( #1952, #3254, #3869, #335, #246, #2179 ) ) ;
#194 = SHAPE_DEFINITION_REPRESENTATION ( #2353, #1845 ) ;
#195 = CARTESIAN_POINT ( 'NONE',  ( -31.23834335489625857, -2.833599059609036352, 7.271518973567530963 ) ) ;
#196 = ORIENTED_EDGE ( 'NONE', *, *, #241, .F. ) ;
#197 = UNCERTAINTY_MEASURE_WITH_UNIT (LENGTH_MEASURE( 1.000000000000000082E-05 ), #3017, 'distance_accuracy_value', 'NONE');
#198 = DIRECTION ( 'NONE',  ( 0.9961946980916877026, 0.000000000000000000, 0.08715574274831970614 ) ) ;
#199 = CARTESIAN_POINT ( 'NONE',  ( 9.000391762839338838, -3.000000000000000000, -23.20799484656305722 ) ) ;
#200 = AXIS2_PLACEMENT_3D ( 'NONE', #2780, #5182, #4145 ) ;
#201 = CARTESIAN_POINT ( 'NONE',  ( -23.46945635335701752, -3.000000000000000000, 4.886483353202147661 ) ) ;
#202 = EDGE_CURVE ( 'NONE', #256, #2302, #2978, .T. ) ;
#203 = AXIS2_PLACEMENT_3D ( 'NONE', #343, #3489, #2194 ) ;
#204 = ORIENTED_EDGE ( 'NONE', *, *, #1862, .F. ) ;
#205 = DIRECTION ( 'NONE',  ( -0.08715574274745541139, -0.000000000000000000, 0.9961946980917633088 ) ) ;
#206 = CARTESIAN_POINT ( 'NONE',  ( -8.828903344063832037, -2.586862816039483093, 13.46192501608418368 ) ) ;
#207 = ORIENTED_EDGE ( 'NONE', *, *, #3986, .F. ) ;
#208 = VECTOR ( 'NONE', #3238, 1000.000000000000114 ) ;
#209 = VERTEX_POINT ( 'NONE', #3357 ) ;
#210 = DIRECTION ( 'NONE',  ( 0.000000000000000000, 0.000000000000000000, 1.000000000000000000 ) ) ;
#211 = EDGE_CURVE ( 'NONE', #514, #2328, #1163, .T. ) ;
#212 = CARTESIAN_POINT ( 'NONE',  ( 22.97362297149689070, -2.500000000000000000, 5.086604718622285581 ) ) ;
#213 = EDGE_CURVE ( 'NONE', #3248, #2840, #5574, .T. ) ;
#214 = VERTEX_POINT ( 'NONE', #3485 ) ;
#215 = FACE_BOUND ( 'NONE', #1097, .T. ) ;
#216 = B_SPLINE_CURVE_WITH_KNOTS ( 'NONE', 3,
 ( #907, #1861, #2746, #4109, #958, #1811, #3704, #3649 ),
 .UNSPECIFIED., .F., .F.,
 ( 4, 2, 2, 4 ),
 ( 0.0002326562781569318714, 0.0004093576251833615730, 0.0005860589722097912747, 0.0009394616662626521959 ),
 .UNSPECIFIED. ) ;
#217 = EDGE_LOOP ( 'NONE', ( #5593, #2273, #1029, #1031, #5973 ) ) ;
#218 = DIRECTION ( 'NONE',  ( 0.000000000000000000, 0.000000000000000000, 1.000000000000000000 ) ) ;
#219 = CARTESIAN_POINT ( 'NONE',  ( -15.31316792674630101, -2.849944888432961676, 19.61960431790204851 ) ) ;
#220 = DIRECTION ( 'NONE',  ( -0.000000000000000000, 1.000000000000000000, -0.000000000000000000 ) ) ;
#221 = PLANE ( 'NONE',  #1284 ) ;
#222 = ORIENTED_EDGE ( 'NONE', *, *, #429, .F. ) ;
#223 = EDGE_CURVE ( 'NONE', #2069, #4497, #5679, .T. ) ;
#224 = EDGE_LOOP ( 'NONE', ( #1840, #3348, #2032, #4764 ) ) ;
#225 = ORIENTED_EDGE ( 'NONE', *, *, #3848, .F. ) ;
#226 = DIRECTION ( 'NONE',  ( -0.8191520442886223163, 0.000000000000000000, 0.5735764363515737374 ) ) ;
#227 = FACE_OUTER_BOUND ( 'NONE', #4737, .T. ) ;
#228 = ORIENTED_EDGE ( 'NONE', *, *, #874, .F. ) ;
#229 = FACE_OUTER_BOUND ( 'NONE', #5546, .T. ) ;
#230 = DIRECTION ( 'NONE',  ( 0.9848077530122080203, 0.000000000000000000, 0.1736481776669306643 ) ) ;
#231 = CARTESIAN_POINT ( 'NONE',  ( 16.39539829303679497, -2.970787267806020537, 18.46831089329654318 ) ) ;
#232 = DIRECTION ( 'NONE',  ( -0.6427876096865237088, 0.000000000000000000, 0.7660444431189912251 ) ) ;
#233 = CARTESIAN_POINT ( 'NONE',  ( -7.243917375737632725, -3.000000000000000000, -14.37701709155922636 ) ) ;
#234 = AXIS2_PLACEMENT_3D ( 'NONE', #564, #986, #3673 ) ;
#235 = CARTESIAN_POINT ( 'NONE',  ( -24.59890898943532989, -3.000000000000000000, 3.809429512648095262 ) ) ;
#236 = AXIS2_PLACEMENT_3D ( 'NONE', #4531, #4011, #899 ) ;
#237 = ORIENTED_EDGE ( 'NONE', *, *, #2624, .F. ) ;
#238 = DIRECTION ( 'NONE',  ( -0.000000000000000000, 1.000000000000000000, -0.000000000000000000 ) ) ;
#239 = FACE_OUTER_BOUND ( 'NONE', #3773, .T. ) ;
#240 = VERTEX_POINT ( 'NONE', #5777 ) ;
#241 = EDGE_CURVE ( 'NONE', #3442, #2243, #380, .T. ) ;
#242 = AXIS2_PLACEMENT_3D ( 'NONE', #3665, #1378, #4641 ) ;
#243 = ORIENTED_EDGE ( 'NONE', *, *, #5221, .T. ) ;
#244 =( BOUNDED_CURVE ( )  B_SPLINE_CURVE ( 3, ( #5981, #3661, #4388, #1146 ),
 .UNSPECIFIED., .F., .F. ) 
 B_SPLINE_CURVE_WITH_KNOTS ( ( 4, 4 ),
 ( 3.141592653589793116, 4.712388980384688786 ),
 .UNSPECIFIED. ) 
 CURVE ( )  GEOMETRIC_REPRESENTATION_ITEM ( )  RATIONAL_B_SPLINE_CURVE ( ( 1.000000000000000000, 0.8047378541243652705, 0.8047378541243652705, 1.000000000000000000 ) ) 
 REPRESENTATION_ITEM ( '' )  );
#245 = DIRECTION ( 'NONE',  ( 0.000000000000000000, -1.000000000000000000, 0.000000000000000000 ) ) ;
#246 = ORIENTED_EDGE ( 'NONE', *, *, #5002, .F. ) ;
#247 = DIRECTION ( 'NONE',  ( -0.000000000000000000, 1.000000000000000000, -0.000000000000000000 ) ) ;
#248 = VERTEX_POINT ( 'NONE', #1551 ) ;
#249 = CARTESIAN_POINT ( 'NONE',  ( 9.691120861856093782, -3.000000000000000000, -29.60841622532396400 ) ) ;
#250 = DIRECTION ( 'NONE',  ( -0.4226182617401404995, -0.000000000000000000, -0.9063077870369106170 ) ) ;
#251 = DIRECTION ( 'NONE',  ( -0.000000000000000000, 1.000000000000000000, -0.000000000000000000 ) ) ;
#252 = ADVANCED_FACE ( 'NONE', ( #3038 ), #5348, .F. ) ;
#253 = DIRECTION ( 'NONE',  ( -0.000000000000000000, -1.000000000000000000, -0.000000000000000000 ) ) ;
#254 = CIRCLE ( 'NONE', #4112, 23.52999999999999758 ) ;
#255 = ORIENTED_EDGE ( 'NONE', *, *, #211, .T. ) ;
#256 = VERTEX_POINT ( 'NONE', #4866 ) ;
#257 = ORIENTED_EDGE ( 'NONE', *, *, #3259, .T. ) ;
#258 = ADVANCED_FACE ( 'NONE', ( #3814 ), #2466, .T. ) ;
#259 = DIRECTION ( 'NONE',  ( -2.664535259100376091E-15, 0.000000000000000000, 1.000000000000000000 ) ) ;
#260 = EDGE_CURVE ( 'NONE', #3274, #2464, #2587, .T. ) ;
#261 =( BOUNDED_CURVE ( )  B_SPLINE_CURVE ( 3, ( #1101, #2844, #3263, #4212 ),
 .UNSPECIFIED., .F., .F. ) 
 B_SPLINE_CURVE_WITH_KNOTS ( ( 4, 4 ),
 ( 4.712388980384689674, 6.283185307179586232 ),
 .UNSPECIFIED. ) 
 CURVE ( )  GEOMETRIC_REPRESENTATION_ITEM ( )  RATIONAL_B_SPLINE_CURVE ( ( 1.000000000000000000, 0.8047378541243649375, 0.8047378541243649375, 1.000000000000000000 ) ) 
 REPRESENTATION_ITEM ( '' )  );
#262 = LINE ( 'NONE', #2110, #4956 ) ;
#263 = ORIENTED_EDGE ( 'NONE', *, *, #5592, .F. ) ;
#264 =( NAMED_UNIT ( * ) SI_UNIT ( $, .STERADIAN. ) SOLID_ANGLE_UNIT ( ) );
#265 = CARTESIAN_POINT ( 'NONE',  ( -31.19276894612026751, -2.500000000000000000, 7.419106642638173099 ) ) ;
#266 = ORIENTED_EDGE ( 'NONE', *, *, #5372, .F. ) ;
#267 = CARTESIAN_POINT ( 'NONE',  ( -15.87481365298585168, -2.894543664874053235, 17.60662364911272704 ) ) ;
#268 = CARTESIAN_POINT ( 'NONE',  ( -8.800362019751924336, -2.973325924937780584, -22.18730783671603746 ) ) ;
#269 = CARTESIAN_POINT ( 'NONE',  ( 0.3401884274348119797, -0.9942063823211613194, 25.03443509944814949 ) ) ;
#271 = B_SPLINE_CURVE_WITH_KNOTS ( 'NONE', 3,
 ( #1855, #3694, #1408, #3244 ),
 .UNSPECIFIED., .F., .F.,
 ( 4, 4 ),
 ( 0.000000000000000000, 0.0002492957699725943275 ),
 .UNSPECIFIED. ) ;
#270 = AXIS2_PLACEMENT_3D ( 'NONE', #1839, #3336, #5198 ) ;
#272 = EDGE_LOOP ( 'NONE', ( #3663, #3588, #464, #2771, #3110, #2525 ) ) ;
#273 = CYLINDRICAL_SURFACE ( 'NONE', #3139, 0.4999999999999997780 ) ;
#274 = CARTESIAN_POINT ( 'NONE',  ( 0.000000000000000000, -2.500000000000000000, 0.000000000000000000 ) ) ;
#275 = VECTOR ( 'NONE', #5230, 1000.000000000000000 ) ;
#276 = DIRECTION ( 'NONE',  ( 0.7660444431189717962, -0.000000000000000000, 0.6427876096865468014 ) ) ;
#277 = VERTEX_POINT ( 'NONE', #4832 ) ;
#278 = PLANE ( 'NONE',  #1145 ) ;
#279 = PRODUCT_DEFINITION ( 'UNKNOWN', '', #600, #4450 ) ;
#280 = VERTEX_POINT ( 'NONE', #156 ) ;
#281 = CARTESIAN_POINT ( 'NONE',  ( -7.771325233821313461, -2.956055507769038471, -23.48470910075942086 ) ) ;
#282 = LINE ( 'NONE', #1652, #493 ) ;
#283 = VERTEX_POINT ( 'NONE', #1620 ) ;
#284 = CARTESIAN_POINT ( 'NONE',  ( 31.84429173039757899, -2.779248922266253086, 3.796856456105555555 ) ) ;
#285 = EDGE_CURVE ( 'NONE', #698, #1339, #4439, .T. ) ;
#286 = ORIENTED_EDGE ( 'NONE', *, *, #3916, .F. ) ;
#287 = LINE ( 'NONE', #3523, #3675 ) ;
#288 = DIRECTION ( 'NONE',  ( 0.000000000000000000, 0.000000000000000000, 1.000000000000000000 ) ) ;
#289 = CIRCLE ( 'NONE', #4247, 0.8000000000020074387 ) ;
#290 = PLANE ( 'NONE',  #1675 ) ;
#291 = EDGE_CURVE ( 'NONE', #488, #1767, #3006, .T. ) ;
#292 = EDGE_CURVE ( 'NONE', #2658, #2038, #1946, .T. ) ;
#293 = DIRECTION ( 'NONE',  ( -0.9063077870365631172, 0.000000000000000000, 0.4226182617408856812 ) ) ;
#294 = B_SPLINE_CURVE_WITH_KNOTS ( 'NONE', 3,
 ( #5016, #1662, #2599, #3497, #2700, #2278 ),
 .UNSPECIFIED., .F., .F.,
 ( 4, 2, 4 ),
 ( 0.000000000000000000, 0.0003644118814599082426, 0.0007288237629198164851 ),
 .UNSPECIFIED. ) ;
#295 = LINE ( 'NONE', #5447, #3696 ) ;
#296 = CARTESIAN_POINT ( 'NONE',  ( 0.000000000000000000, -3.000000000000000000, 0.000000000000000000 ) ) ;
#297 = DIRECTION ( 'NONE',  ( -0.000000000000000000, -1.000000000000000000, -0.000000000000000000 ) ) ;
#298 = EDGE_CURVE ( 'NONE', #2397, #5900, #3423, .T. ) ;
#299 = VECTOR ( 'NONE', #2426, 1000.000000000000000 ) ;
#300 = ORIENTED_EDGE ( 'NONE', *, *, #2926, .F. ) ;
#301 = CARTESIAN_POINT ( 'NONE',  ( 9.268876903125670808, -2.779248922266227773, -30.70118818081474998 ) ) ;
#302 = ORIENTED_EDGE ( 'NONE', *, *, #1589, .F. ) ;
#303 = AXIS2_PLACEMENT_3D ( 'NONE', #4277, #2907, #483 ) ;
#304 = CARTESIAN_POINT ( 'NONE',  ( -11.29383136056979176, -2.990860970744408043, 11.48202467740932953 ) ) ;
#305 = ORIENTED_EDGE ( 'NONE', *, *, #3354, .T. ) ;
#306 = LINE ( 'NONE', #2159, #1335 ) ;
#307 = VERTEX_POINT ( 'NONE', #3454 ) ;
#308 = CARTESIAN_POINT ( 'NONE',  ( -14.69617227522683400, -2.945085216637785219, 18.70292564783748190 ) ) ;
#309 = CIRCLE ( 'NONE', #3396, 0.8000000000030464964 ) ;
#310 = DIRECTION ( 'NONE',  ( -0.000000000000000000, -1.000000000000000000, -0.000000000000000000 ) ) ;
#311 = DIRECTION ( 'NONE',  ( 0.000000000000000000, 0.000000000000000000, 1.000000000000000000 ) ) ;
#312 = LINE ( 'NONE', #3576, #3399 ) ;
#313 = DIRECTION ( 'NONE',  ( -0.000000000000000000, 1.000000000000000000, -0.000000000000000000 ) ) ;
#314 = ORIENTED_EDGE ( 'NONE', *, *, #213, .F. ) ;
#315 = DIRECTION ( 'NONE',  ( 0.000000000000000000, 0.000000000000000000, -1.000000000000000000 ) ) ;
#316 = DIRECTION ( 'NONE',  ( -0.7256903291925818067, -0.5457393103138248325, -0.4189775069076535075 ) ) ;
#317 = EDGE_CURVE ( 'NONE', #603, #4188, #5316, .T. ) ;
#318 = ORIENTED_EDGE ( 'NONE', *, *, #5260, .T. ) ;
#319 = DIRECTION ( 'NONE',  ( 0.000000000000000000, 1.000000000000000000, 0.000000000000000000 ) ) ;
#320 = DIRECTION ( 'NONE',  ( 0.000000000000000000, 0.000000000000000000, -1.000000000000000000 ) ) ;
#321 = CARTESIAN_POINT ( 'NONE',  ( 9.691120861856093782, 3.265000000000000124, -29.60841622532396400 ) ) ;
#322 = CARTESIAN_POINT ( 'NONE',  ( -23.24104116510408957, -2.500000000000000000, 3.570000778982597378 ) ) ;
#323 = AXIS2_PLACEMENT_3D ( 'NONE', #4896, #4404, #218 ) ;
#324 = EDGE_CURVE ( 'NONE', #1195, #894, #2808, .T. ) ;
#325 = DIRECTION ( 'NONE',  ( 0.7256903291925903554, -0.5457393103138244994, -0.4189775069076392411 ) ) ;
#326 = ADVANCED_FACE ( 'NONE', ( #4086 ), #4056, .T. ) ;
#327 = ORIENTED_EDGE ( 'NONE', *, *, #502, .T. ) ;
#328 = VECTOR ( 'NONE', #383, 1000.000000000000114 ) ;
#329 = VERTEX_POINT ( 'NONE', #5891 ) ;
#330 = CARTESIAN_POINT ( 'NONE',  ( 9.511283720560113508, -2.500000000000000000, -23.14975676410030303 ) ) ;
#331 = LINE ( 'NONE', #2182, #4998 ) ;
#332 = EDGE_CURVE ( 'NONE', #2457, #5306, #3982, .T. ) ;
#333 = ADVANCED_FACE ( 'NONE', ( #833 ), #1713, .T. ) ;
#334 = LINE ( 'NONE', #2185, #4458 ) ;
#335 = ORIENTED_EDGE ( 'NONE', *, *, #5691, .F. ) ;
#336 = DIRECTION ( 'NONE',  ( -0.08715574274706019975, 0.000000000000000000, 0.9961946980917978367 ) ) ;
#337 = ORIENTED_EDGE ( 'NONE', *, *, #3337, .F. ) ;
#338 = DIRECTION ( 'NONE',  ( -0.000000000000000000, 1.000000000000000000, -0.000000000000000000 ) ) ;
#339 = AXIS2_PLACEMENT_3D ( 'NONE', #4430, #5732, #1090 ) ;
#340 = CARTESIAN_POINT ( 'NONE',  ( -14.32920972712166652, -2.623645333210776975, 18.66372547473203980 ) ) ;
#341 = CARTESIAN_POINT ( 'NONE',  ( 15.85814145653025697, -2.973325924937955556, 17.83934836995437934 ) ) ;
#342 = ADVANCED_FACE ( 'NONE', ( #1340 ), #1736, .F. ) ;
#343 = CARTESIAN_POINT ( 'NONE',  ( 23.06044706033034686, -2.500000000000000000, 4.594200842116179295 ) ) ;
#344 = ORIENTED_EDGE ( 'NONE', *, *, #3344, .F. ) ;
#345 = TOROIDAL_SURFACE ( 'NONE', #1014, 24.03000000000000114, 0.5000000000000000000 ) ;
#346 = VECTOR ( 'NONE', #5969, 1000.000000000000000 ) ;
#347 = ORIENTED_EDGE ( 'NONE', *, *, #5508, .T. ) ;
#348 = CARTESIAN_POINT ( 'NONE',  ( -15.77980646323074509, -2.988063204682252394, 17.81334215754430517 ) ) ;
#349 = CARTESIAN_POINT ( 'NONE',  ( 15.85814145653025697, -2.973325924937955556, 17.83934836995437934 ) ) ;
#350 = VECTOR ( 'NONE', #1638, 1000.000000000000114 ) ;
#351 = ORIENTED_EDGE ( 'NONE', *, *, #1774, .T. ) ;
#352 = CARTESIAN_POINT ( 'NONE',  ( 23.78454326885250580, -3.000000000000000000, 3.425843179727144250 ) ) ;
#353 = EDGE_CURVE ( 'NONE', #2343, #4204, #4633, .T. ) ;
#354 = DIRECTION ( 'NONE',  ( -0.000000000000000000, 1.000000000000000000, -0.000000000000000000 ) ) ;
#355 = CARTESIAN_POINT ( 'NONE',  ( 11.72428514981459813, -2.500000000000000000, 11.03241121076136366 ) ) ;
#356 = ORIENTED_EDGE ( 'NONE', *, *, #1738, .T. ) ;
#357 = EDGE_CURVE ( 'NONE', #2009, #5709, #1790, .T. ) ;
#358 = ORIENTED_EDGE ( 'NONE', *, *, #3911, .F. ) ;
#359 = CYLINDRICAL_SURFACE ( 'NONE', #1104, 14.64608244481090615 ) ;
#360 = LINE ( 'NONE', #3030, #5669 ) ;
#361 = CARTESIAN_POINT ( 'NONE',  ( -7.081682580411170491, -2.500000000000000000, -22.43904346959336848 ) ) ;
#362 = ORIENTED_EDGE ( 'NONE', *, *, #2693, .F. ) ;
#363 = FACE_OUTER_BOUND ( 'NONE', #5702, .T. ) ;
#364 = EDGE_CURVE ( 'NONE', #2565, #2095, #1010, .T. ) ;
#365 = EDGE_CURVE ( 'NONE', #3902, #1654, #4453, .T. ) ;
#366 = ORIENTED_EDGE ( 'NONE', *, *, #1427, .F. ) ;
#367 = VECTOR ( 'NONE', #4794, 1000.000000000000000 ) ;
#368 = CARTESIAN_POINT ( 'NONE',  ( 14.32920972712218344, 3.265000000000000124, 18.66372547473165255 ) ) ;
#369 = ORIENTED_EDGE ( 'NONE', *, *, #1141, .F. ) ;
#370 = CYLINDRICAL_SURFACE ( 'NONE', #3784, 25.02749999999999631 ) ;
#371 = CARTESIAN_POINT ( 'NONE',  ( 20.86842270412931200, 0.000000000000000000, -10.87059491664489386 ) ) ;
#372 = CARTESIAN_POINT ( 'NONE',  ( 31.80608415963043356, -3.000000000000000000, 4.337381953035672311 ) ) ;
#373 = EDGE_CURVE ( 'NONE', #4491, #1890, #966, .T. ) ;
#374 = ORIENTED_EDGE ( 'NONE', *, *, #1546, .T. ) ;
#375 = CARTESIAN_POINT ( 'NONE',  ( 11.60809380826084514, -3.000000000000000000, -28.91069513294267423 ) ) ;
#376 = CARTESIAN_POINT ( 'NONE',  ( 9.691120861856093782, -3.000000000000000000, -29.60841622532396400 ) ) ;
#377 = DIRECTION ( 'NONE',  ( -0.000000000000000000, -1.000000000000000000, -0.000000000000000000 ) ) ;
#378 = CARTESIAN_POINT ( 'NONE',  ( -10.09792032711190046, -2.500000000000000000, 13.07103969715132052 ) ) ;
#379 = DIRECTION ( 'NONE',  ( -0.000000000000000000, -1.000000000000000000, -0.000000000000000000 ) ) ;
#380 = CIRCLE ( 'NONE', #3754, 14.64608244481071075 ) ;
#381 = CARTESIAN_POINT ( 'NONE',  ( 23.37839960360200209, -2.973325924936954134, 4.813879173186844440 ) ) ;
#382 = ORIENTED_EDGE ( 'NONE', *, *, #947, .T. ) ;
#383 = DIRECTION ( 'NONE',  ( -0.08715574274824935963, -0.000000000000000000, -0.9961946980916938088 ) ) ;
#384 = CARTESIAN_POINT ( 'NONE',  ( -1.899663625341974971, -2.500000000000000000, 21.71325459514593348 ) ) ;
#385 = AXIS2_PLACEMENT_3D ( 'NONE', #5034, #5145, #4166 ) ;
#386 = EDGE_CURVE ( 'NONE', #4793, #2125, #872, .T. ) ;
#387 = CARTESIAN_POINT ( 'NONE',  ( 21.51036255179759848, -0.9942063823211492180, -12.81182936995592492 ) ) ;
#388 = ORIENTED_EDGE ( 'NONE', *, *, #5205, .F. ) ;
#389 = DIRECTION ( 'NONE',  ( 0.000000000000000000, 0.000000000000000000, -1.000000000000000000 ) ) ;
#390 = ORIENTED_EDGE ( 'NONE', *, *, #202, .F. ) ;
#391 = CARTESIAN_POINT ( 'NONE',  ( 19.23334952206225523, 3.265000000000000124, 24.50825169393582570 ) ) ;
#392 = EDGE_LOOP ( 'NONE', ( #3915, #4131 ) ) ;
#393 = LINE ( 'NONE', #5069, #411 ) ;
#394 = AXIS2_PLACEMENT_3D ( 'NONE', #5797, #297, #2146 ) ;
#395 = ADVANCED_FACE ( 'NONE', ( #1250 ), #857, .F. ) ;
#396 = VERTEX_POINT ( 'NONE', #4545 ) ;
#397 = EDGE_CURVE ( 'NONE', #4964, #5425, #3092, .T. ) ;
#398 = CARTESIAN_POINT ( 'NONE',  ( 20.79608018602494823, 3.265000000000000124, 23.19696497017266879 ) ) ;
#399 = CARTESIAN_POINT ( 'NONE',  ( 21.95357043938770758, -2.779248922266248645, 23.37767695306321158 ) ) ;
#400 = CARTESIAN_POINT ( 'NONE',  ( -22.00638717967836300, -2.650060844301305618, 23.32069090788819921 ) ) ;
#401 = B_SPLINE_CURVE_WITH_KNOTS ( 'NONE', 3,
 ( #5229, #658, #5623, #3301, #5137, #1530, #4745, #1468 ),
 .UNSPECIFIED., .F., .F.,
 ( 4, 2, 2, 4 ),
 ( 0.0002326562781551811830, 0.0004093576251820505016, 0.0005860589722089197930, 0.0009394616662626547980 ),
 .UNSPECIFIED. ) ;
#402 = AXIS2_PLACEMENT_3D ( 'NONE', #2992, #4941, #3505 ) ;
#403 = EDGE_LOOP ( 'NONE', ( #1975, #4904, #1286, #1994, #2491, #3360 ) ) ;
#404 = LINE ( 'NONE', #919, #1375 ) ;
#405 = CARTESIAN_POINT ( 'NONE',  ( -3.692205798608258149, 3.265000000000000124, -15.66973438633325166 ) ) ;
#406 = LINE ( 'NONE', #866, #2248 ) ;
#407 = EDGE_CURVE ( 'NONE', #5513, #4035, #4521, .T. ) ;
#408 = TOROIDAL_SURFACE ( 'NONE', #703, 24.52749999999999275, 0.5000000000000000000 ) ;
#409 = CARTESIAN_POINT ( 'NONE',  ( -7.081682580411170491, -3.000000000000000000, -22.43904346959336848 ) ) ;
#410 = ORIENTED_EDGE ( 'NONE', *, *, #3670, .T. ) ;
#411 = VECTOR ( 'NONE', #5094, 1000.000000000000114 ) ;
#412 = DIRECTION ( 'NONE',  ( -0.9848077530122083534, 0.000000000000000000, 0.1736481776669289434 ) ) ;
#413 = FACE_OUTER_BOUND ( 'NONE', #2911, .T. ) ;
#414 = CARTESIAN_POINT ( 'NONE',  ( -10.05434245573797369, -2.500000000000000000, 13.56913704619718430 ) ) ;
#415 = VERTEX_POINT ( 'NONE', #391 ) ;
#416 = DIRECTION ( 'NONE',  ( 0.3420201433256677137, 0.000000000000000000, 0.9396926207859087610 ) ) ;
#417 = LINE ( 'NONE', #5760, #3716 ) ;
#418 = CARTESIAN_POINT ( 'NONE',  ( -11.62171659887044228, -2.798945815778278945, 11.14314814744128412 ) ) ;
#419 = ORIENTED_EDGE ( 'NONE', *, *, #4935, .T. ) ;
#420 = FACE_OUTER_BOUND ( 'NONE', #4903, .T. ) ;
#421 = EDGE_LOOP ( 'NONE', ( #471, #2903, #5696, #963, #4403, #5463 ) ) ;
#422 = CARTESIAN_POINT ( 'NONE',  ( 9.210267474636774310, -2.954357122083209664, 13.21027438555991118 ) ) ;
#423 = DIRECTION ( 'NONE',  ( 0.000000000000000000, 0.000000000000000000, -1.000000000000000000 ) ) ;
#424 = ORIENTED_EDGE ( 'NONE', *, *, #3075, .F. ) ;
#425 = VECTOR ( 'NONE', #931, 1000.000000000000000 ) ;
#426 = CARTESIAN_POINT ( 'NONE',  ( -30.77798550052900239, -3.000000000000000000, 5.955011093778559861 ) ) ;
#427 = VERTEX_POINT ( 'NONE', #5603 ) ;
#428 = CARTESIAN_POINT ( 'NONE',  ( 16.77838861730841558, -3.000000000000000000, 1.922747461918894674 ) ) ;
#429 = EDGE_CURVE ( 'NONE', #3620, #3227, #2360, .T. ) ;
#430 = ORIENTED_EDGE ( 'NONE', *, *, #2513, .F. ) ;
#431 = CARTESIAN_POINT ( 'NONE',  ( 0.000000000000000000, -2.500000000000000000, 0.000000000000000000 ) ) ;
#432 = AXIS2_PLACEMENT_3D ( 'NONE', #1390, #1448, #3681 ) ;
#433 = ORIENTED_EDGE ( 'NONE', *, *, #5396, .T. ) ;
#434 = CARTESIAN_POINT ( 'NONE',  ( 9.511283720560113508, 3.265000000000000124, -23.14975676410030303 ) ) ;
#435 = ADVANCED_FACE ( 'NONE', ( #6001 ), #995, .F. ) ;
#436 = VECTOR ( 'NONE', #4979, 1000.000000000000000 ) ;
#437 = EDGE_CURVE ( 'NONE', #1234, #1584, #3180, .T. ) ;
#438 = CARTESIAN_POINT ( 'NONE',  ( -9.691120861856122204, 3.265000000000000124, -29.60841622532391781 ) ) ;
#439 = DIRECTION ( 'NONE',  ( 0.000000000000000000, -1.000000000000000000, 0.000000000000000000 ) ) ;
#440 = COLOUR_RGB ( '',0.7921568627450980005, 0.8196078431372548767, 0.9333333333333333481 ) ;
#441 = ORIENTED_EDGE ( 'NONE', *, *, #5475, .F. ) ;
#442 = CARTESIAN_POINT ( 'NONE',  ( -16.39539829303299356, -2.970787267806749732, 18.46831089329719688 ) ) ;
#443 = ORIENTED_EDGE ( 'NONE', *, *, #4867, .F. ) ;
#444 = FACE_OUTER_BOUND ( 'NONE', #1726, .T. ) ;
#445 = DIRECTION ( 'NONE',  ( 0.000000000000000000, 0.000000000000000000, -1.000000000000000000 ) ) ;
#446 =( BOUNDED_CURVE ( )  B_SPLINE_CURVE ( 3, ( #5621, #5755, #1045, #2507 ),
 .UNSPECIFIED., .F., .F. ) 
 B_SPLINE_CURVE_WITH_KNOTS ( ( 4, 4 ),
 ( 3.141592653589793116, 4.712388980384688786 ),
 .UNSPECIFIED. ) 
 CURVE ( )  GEOMETRIC_REPRESENTATION_ITEM ( )  RATIONAL_B_SPLINE_CURVE ( ( 1.000000000000000000, 0.8047378541243652705, 0.8047378541243652705, 1.000000000000000000 ) ) 
 REPRESENTATION_ITEM ( '' )  );
#447 = EDGE_LOOP ( 'NONE', ( #2133, #918, #3303, #144, #2271 ) ) ;
#448 = CARTESIAN_POINT ( 'NONE',  ( -16.42414633486748698, -2.500000000000000000, 3.931755278065442560 ) ) ;
#449 = ORIENTED_EDGE ( 'NONE', *, *, #3510, .F. ) ;
#450 = LINE ( 'NONE', #4492, #192 ) ;
#451 = CARTESIAN_POINT ( 'NONE',  ( 24.01045617635273999, -3.000000000000000000, 5.009615798985402435 ) ) ;
#452 = AXIS2_PLACEMENT_3D ( 'NONE', #1628, #3044, #3073 ) ;
#453 = LINE ( 'NONE', #1369, #3100 ) ;
#454 = AXIS2_PLACEMENT_3D ( 'NONE', #1645, #3482, #5345 ) ;
#455 = EDGE_LOOP ( 'NONE', ( #3355, #5046, #608, #2561 ) ) ;
#456 = CARTESIAN_POINT ( 'NONE',  ( 23.22089232545602400, -3.000000000000000000, 4.622491671284755910 ) ) ;
#457 = DIRECTION ( 'NONE',  ( 0.000000000000000000, 0.000000000000000000, 1.000000000000000000 ) ) ;
#458 = CARTESIAN_POINT ( 'NONE',  ( 20.54618363729410646, -3.000000000000000000, 23.67701177387600708 ) ) ;
#459 = EDGE_CURVE ( 'NONE', #5210, #1330, #1094, .T. ) ;
#460 = DIRECTION ( 'NONE',  ( -0.000000000000000000, -1.000000000000000000, -0.000000000000000000 ) ) ;
#461 = CARTESIAN_POINT ( 'NONE',  ( 21.14644285628408937, -0.9761472547092341356, -13.38669902462525485 ) ) ;
#462 = SURFACE_STYLE_FILL_AREA ( #5534 ) ;
#463 = ADVANCED_FACE ( 'NONE', ( #4630 ), #541, .F. ) ;
#464 = ORIENTED_EDGE ( 'NONE', *, *, #3548, .F. ) ;
#465 = FACE_OUTER_BOUND ( 'NONE', #224, .T. ) ;
#466 = ORIENTED_EDGE ( 'NONE', *, *, #4513, .F. ) ;
#467 = PLANE ( 'NONE',  #234 ) ;
#468 = CARTESIAN_POINT ( 'NONE',  ( -12.14675912257043677, -3.000000000000000000, -29.71356785366570463 ) ) ;
#469 = EDGE_CURVE ( 'NONE', #3210, #2397, #3315, .T. ) ;
#470 = DIRECTION ( 'NONE',  ( -0.6427876096865237088, 0.000000000000000000, 0.7660444431189911141 ) ) ;
#471 = ORIENTED_EDGE ( 'NONE', *, *, #4741, .F. ) ;
#472 = ORIENTED_EDGE ( 'NONE', *, *, #213, .T. ) ;
#473 = CARTESIAN_POINT ( 'NONE',  ( -20.79608018602539588, 3.265000000000000124, 23.19696497017492476 ) ) ;
#474 = CARTESIAN_POINT ( 'NONE',  ( -30.48720104788181828, 3.265000000000000124, 6.411451255149191120 ) ) ;
#475 = ORIENTED_EDGE ( 'NONE', *, *, #4101, .F. ) ;
#476 = CARTESIAN_POINT ( 'NONE',  ( -24.64765971487496188, -2.849944888433183721, 3.451790278028590730 ) ) ;
#477 = VECTOR ( 'NONE', #5163, 1000.000000000000000 ) ;
#478 = DIRECTION ( 'NONE',  ( 0.000000000000000000, -1.000000000000000000, 0.000000000000000000 ) ) ;
#479 = ORIENTED_EDGE ( 'NONE', *, *, #4196, .F. ) ;
#480 = DIRECTION ( 'NONE',  ( 0.000000000000000000, 0.000000000000000000, -1.000000000000000000 ) ) ;
#481 = DIRECTION ( 'NONE',  ( 0.4226182617402011732, 0.000000000000000000, -0.9063077870368824174 ) ) ;
#482 = AXIS2_PLACEMENT_3D ( 'NONE', #1087, #3182, #4687 ) ;
#483 = DIRECTION ( 'NONE',  ( 0.000000000000000000, 0.000000000000000000, 1.000000000000000000 ) ) ;
#484 = B_SPLINE_CURVE_WITH_KNOTS ( 'NONE', 3,
 ( #1458, #4213, #3850, #4735 ),
 .UNSPECIFIED., .F., .F.,
 ( 4, 4 ),
 ( 0.0001025846719159069254, 0.0002802587738169887567 ),
 .UNSPECIFIED. ) ;
#485 = DIRECTION ( 'NONE',  ( 0.9848077530122086864, 0.000000000000000000, -0.1736481776669272503 ) ) ;
#486 = ORIENTED_EDGE ( 'NONE', *, *, #1441, .T. ) ;
#487 = VECTOR ( 'NONE', #220, 1000.000000000000000 ) ;
#488 = VERTEX_POINT ( 'NONE', #2396 ) ;
#489 = CARTESIAN_POINT ( 'NONE',  ( 0.000000000000000000, 3.265000000000000124, 0.000000000000000000 ) ) ;
#490 = LINE ( 'NONE', #3727, #5637 ) ;
#491 = EDGE_CURVE ( 'NONE', #5111, #5783, #3370, .T. ) ;
#492 = FILL_AREA_STYLE_COLOUR ( '', #440 ) ;
#493 = VECTOR ( 'NONE', #3912, 1000.000000000000000 ) ;
#494 = VERTEX_POINT ( 'NONE', #2275 ) ;
#495 = CARTESIAN_POINT ( 'NONE',  ( 9.090100452104977080, -2.970787267805290455, -22.96209193887855804 ) ) ;
#496 = AXIS2_PLACEMENT_3D ( 'NONE', #2540, #814, #2142 ) ;
#497 = PRODUCT ( 'Back, Bottom Mesh Piece (With Holes)', 'Back, Bottom Mesh Piece (With Holes)', '', ( #1263 ) ) ;
#498 = VERTEX_POINT ( 'NONE', #3710 ) ;
#499 = DIRECTION ( 'NONE',  ( -0.3420201433256716550, 0.000000000000000000, 0.9396926207859073177 ) ) ;
#500 = ADVANCED_FACE ( 'NONE', ( #1027 ), #4146, .T. ) ;
#501 = CARTESIAN_POINT ( 'NONE',  ( 24.43080516915147982, -2.970787267806586307, 3.608788054964906067 ) ) ;
#502 = EDGE_CURVE ( 'NONE', #4690, #3768, #1842, .T. ) ;
#503 = CARTESIAN_POINT ( 'NONE',  ( -7.081682580411170491, 3.265000000000000124, -22.43904346959336848 ) ) ;
#504 = FACE_OUTER_BOUND ( 'NONE', #2508, .T. ) ;
#505 = VERTEX_POINT ( 'NONE', #5638 ) ;
#506 = ORIENTED_EDGE ( 'NONE', *, *, #1261, .T. ) ;
#507 = B_SPLINE_CURVE_WITH_KNOTS ( 'NONE', 3,
 ( #268, #3107, #3561, #4479 ),
 .UNSPECIFIED., .F., .F.,
 ( 4, 4 ),
 ( 0.0001800410528631736159, 0.0003576883151077447963 ),
 .UNSPECIFIED. ) ;
#508 = LINE ( 'NONE', #1054, #2839 ) ;
#509 = EDGE_CURVE ( 'NONE', #2335, #1339, #1225, .T. ) ;
#510 = DIRECTION ( 'NONE',  ( -0.000000000000000000, 1.000000000000000000, 0.000000000000000000 ) ) ;
#511 = EDGE_CURVE ( 'NONE', #5425, #3775, #5975, .T. ) ;
#512 = ORIENTED_EDGE ( 'NONE', *, *, #4638, .T. ) ;
#513 = DIRECTION ( 'NONE',  ( 0.000000000000000000, 0.000000000000000000, 1.000000000000000000 ) ) ;
#514 = VERTEX_POINT ( 'NONE', #2779 ) ;
#515 = ORIENTED_EDGE ( 'NONE', *, *, #1476, .T. ) ;
#516 = DIRECTION ( 'NONE',  ( -0.9961946980918062744, 0.000000000000000000, 0.08715574274696420709 ) ) ;
#517 = TOROIDAL_SURFACE ( 'NONE', #3143, 24.02999999999999403, 0.5000000000000000000 ) ;
#518 = CARTESIAN_POINT ( 'NONE',  ( -3.909195156315918407, -2.849145032862546945, -15.61988703267549461 ) ) ;
#519 = DIRECTION ( 'NONE',  ( -0.08715574274696419321, -0.000000000000000000, -0.9961946980918062744 ) ) ;
#520 = CARTESIAN_POINT ( 'NONE',  ( -24.07354673684032420, -3.000000000000003109, 5.001622272329690588 ) ) ;
#521 = ORIENTED_EDGE ( 'NONE', *, *, #4129, .F. ) ;
#522 = ORIENTED_EDGE ( 'NONE', *, *, #3070, .T. ) ;
#523 = FACE_OUTER_BOUND ( 'NONE', #2949, .T. ) ;
#524 = CARTESIAN_POINT ( 'NONE',  ( -20.79608018602539588, 3.265000000000000124, 23.19696497017492476 ) ) ;
#525 = CARTESIAN_POINT ( 'NONE',  ( -21.52761237823121476, -1.262797336226601175, -13.60676735072549981 ) ) ;
#526 = DIRECTION ( 'NONE',  ( 0.000000000000000000, 0.000000000000000000, 1.000000000000000000 ) ) ;
#527 = EDGE_LOOP ( 'NONE', ( #3345, #3061, #724, #2331, #3101, #196 ) ) ;
#528 = CARTESIAN_POINT ( 'NONE',  ( -9.074030300863638487, -2.986667247834898120, -23.04773960883037986 ) ) ;
#529 = CIRCLE ( 'NONE', #3903, 24.52749999999999275 ) ;
#530 = ORIENTED_EDGE ( 'NONE', *, *, #3393, .T. ) ;
#531 = DIRECTION ( 'NONE',  ( -0.6427876096865972055, 0.000000000000000000, -0.7660444431189294967 ) ) ;
#532 = CARTESIAN_POINT ( 'NONE',  ( 24.49694315149038815, -2.986667247834615235, 3.665529049156063479 ) ) ;
#533 = CARTESIAN_POINT ( 'NONE',  ( -16.85536625282397338, -2.500000000000000000, 18.50060498289616362 ) ) ;
#534 = AXIS2_PLACEMENT_3D ( 'NONE', #2346, #439, #2710 ) ;
#535 = CARTESIAN_POINT ( 'NONE',  ( -30.88996276406535202, -3.000000000000000000, 4.621300461379132862 ) ) ;
#536 = ADVANCED_FACE ( 'NONE', ( #4171 ), #912, .F. ) ;
#537 = CARTESIAN_POINT ( 'NONE',  ( -16.77838861730829123, -2.500000000000000000, 1.922747461919029899 ) ) ;
#538 = ORIENTED_EDGE ( 'NONE', *, *, #2039, .T. ) ;
#539 = ORIENTED_EDGE ( 'NONE', *, *, #3574, .F. ) ;
#540 = DIRECTION ( 'NONE',  ( 0.3420201433256684909, -0.000000000000000000, 0.9396926207859084279 ) ) ;
#541 = PLANE ( 'NONE',  #2414 ) ;
#542 = VERTEX_POINT ( 'NONE', #4661 ) ;
#543 = PLANE ( 'NONE',  #3971 ) ;
#544 = ADVANCED_FACE ( 'NONE', ( #3256 ), #3230, .T. ) ;
#545 = EDGE_CURVE ( 'NONE', #1491, #4321, #5209, .T. ) ;
#546 = EDGE_LOOP ( 'NONE', ( #4774, #3002, #1806, #2835 ) ) ;
#547 = EDGE_LOOP ( 'NONE', ( #4864, #5739, #5116, #3300 ) ) ;
#548 = DIRECTION ( 'NONE',  ( 0.000000000000000000, 0.000000000000000000, 1.000000000000000000 ) ) ;
#549 = CIRCLE ( 'NONE', #3935, 23.52999999999999758 ) ;
#550 = DIRECTION ( 'NONE',  ( 0.5735764363506853369, 0.000000000000000000, -0.8191520442892443743 ) ) ;
#551 = B_SPLINE_CURVE_WITH_KNOTS ( 'NONE', 3,
 ( #3562, #4336, #4305, #150, #3872, #3417, #5278, #673 ),
 .UNSPECIFIED., .F., .F.,
 ( 4, 2, 2, 4 ),
 ( 0.000000000000000000, 0.0002243944063326966767, 0.0004487888126653933533, 0.0008975776253307867067 ),
 .UNSPECIFIED. ) ;
#552 = LINE ( 'NONE', #3358, #1272 ) ;
#553 = CARTESIAN_POINT ( 'NONE',  ( 8.303821354729477022, -3.000000000000000000, -22.81456166729532953 ) ) ;
#554 = VECTOR ( 'NONE', #4323, 1000.000000000000000 ) ;
#555 = ADVANCED_FACE ( 'NONE', ( #5801 ), #1612, .T. ) ;
#556 = CARTESIAN_POINT ( 'NONE',  ( -1.019999999997242446, 3.265000000000000124, 23.50788165701039034 ) ) ;
#557 = CIRCLE ( 'NONE', #5309, 0.8000000000020074387 ) ;
#558 = LINE ( 'NONE', #4250, #2848 ) ;
#559 = DIRECTION ( 'NONE',  ( -0.9848077530122070211, -0.000000000000000000, -0.1736481776669361876 ) ) ;
#560 = ORIENTED_EDGE ( 'NONE', *, *, #3547, .T. ) ;
#561 = CARTESIAN_POINT ( 'NONE',  ( 16.01602368630241102, -3.000000000000000000, 1.705700903103352095 ) ) ;
#562 = DIRECTION ( 'NONE',  ( -0.000000000000000000, 1.000000000000000000, -0.000000000000000000 ) ) ;
#563 = ORIENTED_EDGE ( 'NONE', *, *, #4736, .F. ) ;
#564 = CARTESIAN_POINT ( 'NONE',  ( 30.84144333032081420, -3.000000000000000000, 4.402443439001797465 ) ) ;
#565 = LINE ( 'NONE', #3862, #3627 ) ;
#566 = CARTESIAN_POINT ( 'NONE',  ( 30.84144333032081420, -3.000000000000000000, 4.402443439001797465 ) ) ;
#567 = VERTEX_POINT ( 'NONE', #1993 ) ;
#568 = EDGE_LOOP ( 'NONE', ( #2697, #2740, #2836, #181, #5213 ) ) ;
#569 = DIRECTION ( 'NONE',  ( -0.9063077870364757427, -0.000000000000000000, -0.4226182617410730313 ) ) ;
#570 = DIRECTION ( 'NONE',  ( 0.000000000000000000, -1.000000000000000000, 0.000000000000000000 ) ) ;
#571 = VERTEX_POINT ( 'NONE', #2490 ) ;
#572 = EDGE_CURVE ( 'NONE', #3769, #1609, #4856, .T. ) ;
#573 = ORIENTED_EDGE ( 'NONE', *, *, #5372, .T. ) ;
#574 = CARTESIAN_POINT ( 'NONE',  ( -16.34368263329292503, -3.000000000000000000, 18.28885710568593481 ) ) ;
#575 = ORIENTED_EDGE ( 'NONE', *, *, #5502, .T. ) ;
#576 = CARTESIAN_POINT ( 'NONE',  ( 4.807073215165557301, 3.265000000000000124, -16.18960560050119213 ) ) ;
#577 = ORIENTED_EDGE ( 'NONE', *, *, #737, .T. ) ;
#578 = CARTESIAN_POINT ( 'NONE',  ( -16.77838861730829123, 3.265000000000000124, 1.922747461919029899 ) ) ;
#579 = DIRECTION ( 'NONE',  ( -0.000000000000000000, 1.000000000000000000, 0.000000000000000000 ) ) ;
#580 = DIRECTION ( 'NONE',  ( -0.9961946980916877026, -0.000000000000000000, -0.08715574274831970614 ) ) ;
#581 = EDGE_CURVE ( 'NONE', #5835, #514, #3900, .T. ) ;
#582 = CARTESIAN_POINT ( 'NONE',  ( 17.85439826558050314, -2.500000000000000000, -12.50178425576351415 ) ) ;
#583 = EDGE_CURVE ( 'NONE', #4429, #5586, #1312, .T. ) ;
#584 = AXIS2_PLACEMENT_3D ( 'NONE', #3145, #3171, #2606 ) ;
#585 = ORIENTED_EDGE ( 'NONE', *, *, #1743, .T. ) ;
#586 =( BOUNDED_CURVE ( )  B_SPLINE_CURVE ( 3, ( #3462, #4907, #1719, #755 ),
 .UNSPECIFIED., .F., .F. ) 
 B_SPLINE_CURVE_WITH_KNOTS ( ( 4, 4 ),
 ( 0.000000000000000000, 1.570796326794896558 ),
 .UNSPECIFIED. ) 
 CURVE ( )  GEOMETRIC_REPRESENTATION_ITEM ( )  RATIONAL_B_SPLINE_CURVE ( ( 1.000000000000000000, 0.8047378541243649375, 0.8047378541243649375, 1.000000000000000000 ) ) 
 REPRESENTATION_ITEM ( '' )  );
#587 = VECTOR ( 'NONE', #4632, 1000.000000000000114 ) ;
#588 = DIRECTION ( 'NONE',  ( 0.8191520442892409326, 0.000000000000000000, 0.5735764363506903329 ) ) ;
#589 = ADVANCED_FACE ( 'NONE', ( #2025 ), #3444, .T. ) ;
#590 = AXIS2_PLACEMENT_3D ( 'NONE', #3410, #3832, #5631 ) ;
#591 = CARTESIAN_POINT ( 'NONE',  ( 19.84842270412693566, 3.265000000000000124, -12.63728674036868860 ) ) ;
#592 = ORIENTED_EDGE ( 'NONE', *, *, #1546, .F. ) ;
#593 = PLANE ( 'NONE',  #1950 ) ;
#594 = CARTESIAN_POINT ( 'NONE',  ( -8.023111437220544317, -3.000000000000000000, -23.56369579561860661 ) ) ;
#595 = VECTOR ( 'NONE', #1874, 1000.000000000000000 ) ;
#596 = VERTEX_POINT ( 'NONE', #669 ) ;
#597 = LINE ( 'NONE', #2449, #1968 ) ;
#598 = DIRECTION ( 'NONE',  ( 0.1736481776669289434, -0.000000000000000000, 0.9848077530122083534 ) ) ;
#599 = LINE ( 'NONE', #2515, #3286 ) ;
#600 = PRODUCT_DEFINITION_FORMATION_WITH_SPECIFIED_SOURCE ( 'ANY', '', #497, .NOT_KNOWN. ) ;
#601 = DIRECTION ( 'NONE',  ( -0.8660254037844367092, 0.000000000000000000, -0.5000000000000034417 ) ) ;
#602 = EDGE_LOOP ( 'NONE', ( #3934, #739, #228, #5228, #4526, #4671 ) ) ;
#603 = VERTEX_POINT ( 'NONE', #2997 ) ;
#604 = CARTESIAN_POINT ( 'NONE',  ( 19.12613749183849521, -2.576007553701658015, 25.73369080688133437 ) ) ;
#605 = AXIS2_PLACEMENT_3D ( 'NONE', #1351, #3666, #4674 ) ;
#606 = CARTESIAN_POINT ( 'NONE',  ( -7.081682580411171379, -2.623645333209589037, -22.43904346959336493 ) ) ;
#607 = ORIENTED_EDGE ( 'NONE', *, *, #3538, .F. ) ;
#608 = ORIENTED_EDGE ( 'NONE', *, *, #921, .F. ) ;
#609 = CARTESIAN_POINT ( 'NONE',  ( 3.839281557129018196, -2.798953584472826162, -15.63630235369227783 ) ) ;
#610 = CARTESIAN_POINT ( 'NONE',  ( -24.27328148202275671, -2.986667247834797756, 4.933977408943442278 ) ) ;
#611 = VERTEX_POINT ( 'NONE', #2895 ) ;
#612 = CARTESIAN_POINT ( 'NONE',  ( 11.23405089814261082, -2.500000000000000000, 12.57924412727885333 ) ) ;
#613 = VERTEX_POINT ( 'NONE', #2456 ) ;
#614 = DIRECTION ( 'NONE',  ( 0.000000000000000000, -1.000000000000000000, 0.000000000000000000 ) ) ;
#615 = CARTESIAN_POINT ( 'NONE',  ( -20.79608018602539588, -2.500000000000000000, 23.19696497017492476 ) ) ;
#616 = FACE_OUTER_BOUND ( 'NONE', #4725, .T. ) ;
#617 = ORIENTED_EDGE ( 'NONE', *, *, #5852, .T. ) ;
#618 = EDGE_CURVE ( 'NONE', #5488, #4698, #4299, .T. ) ;
#619 = ORIENTED_EDGE ( 'NONE', *, *, #5607, .T. ) ;
#620 = ORIENTED_EDGE ( 'NONE', *, *, #3740, .T. ) ;
#621 = CARTESIAN_POINT ( 'NONE',  ( -20.21386016967401034, -0.01920984833664341959, -12.06332197743127743 ) ) ;
#622 = DIRECTION ( 'NONE',  ( 0.000000000000000000, -1.000000000000000000, 0.000000000000000000 ) ) ;
#623 = ORIENTED_EDGE ( 'NONE', *, *, #1841, .T. ) ;
#624 = DIRECTION ( 'NONE',  ( 0.000000000000000000, -0.5457393103138269419, 0.8379550138152933592 ) ) ;
#625 = EDGE_CURVE ( 'NONE', #4815, #5455, #701, .T. ) ;
#626 = EDGE_CURVE ( 'NONE', #2397, #2539, #5670, .T. ) ;
#627 = B_SPLINE_CURVE_WITH_KNOTS ( 'NONE', 3,
 ( #2852, #5942, #5972, #4111 ),
 .UNSPECIFIED., .F., .F.,
 ( 4, 4 ),
 ( 3.730663897181825168E-18, 0.0002492957699710371964 ),
 .UNSPECIFIED. ) ;
#628 = CARTESIAN_POINT ( 'NONE',  ( -31.19276894612027107, -2.576037802762248141, 7.419106642638175764 ) ) ;
#629 = VERTEX_POINT ( 'NONE', #2521 ) ;
#630 = PLANE ( 'NONE',  #1002 ) ;
#631 = CARTESIAN_POINT ( 'NONE',  ( -23.72583277445927763, -3.000000000000001332, 3.435157990597446975 ) ) ;
#632 = LINE ( 'NONE', #566, #3014 ) ;
#633 = AXIS2_PLACEMENT_3D ( 'NONE', #2933, #570, #2424 ) ;
#634 = ADVANCED_FACE ( 'NONE', ( #239 ), #1511, .F. ) ;
#635 = PLANE ( 'NONE',  #3870 ) ;
#636 = EDGE_LOOP ( 'NONE', ( #5256, #5826, #4541, #3591 ) ) ;
#637 = EDGE_LOOP ( 'NONE', ( #996, #2356, #5893, #5393, #449, #4634 ) ) ;
#638 = LINE ( 'NONE', #2519, #5767 ) ;
#639 = AXIS2_PLACEMENT_3D ( 'NONE', #384, #2634, #4946 ) ;
#640 = FACE_OUTER_BOUND ( 'NONE', #999, .T. ) ;
#641 = ORIENTED_EDGE ( 'NONE', *, *, #5583, .T. ) ;
#642 = ORIENTED_EDGE ( 'NONE', *, *, #4319, .F. ) ;
#643 = CARTESIAN_POINT ( 'NONE',  ( 0.000000000000000000, -3.000000000000000000, 0.000000000000000000 ) ) ;
#644 = VECTOR ( 'NONE', #4784, 1000.000000000000227 ) ;
#645 = VERTEX_POINT ( 'NONE', #1642 ) ;
#646 = DIRECTION ( 'NONE',  ( 0.000000000000000000, 0.000000000000000000, 1.000000000000000000 ) ) ;
#647 = EDGE_LOOP ( 'NONE', ( #84, #1306, #1061, #2994, #1450, #1073, #5175, #4362 ) ) ;
#648 = DIRECTION ( 'NONE',  ( 0.5735764363516123732, -0.000000000000000000, -0.8191520442885952269 ) ) ;
#649 = CARTESIAN_POINT ( 'NONE',  ( -15.33490054855278473, -2.956055507769853818, 19.41045807298295500 ) ) ;
#650 = CARTESIAN_POINT ( 'NONE',  ( -4.807073215166054680, 3.265000000000000124, -16.18960560050088304 ) ) ;
#651 = CARTESIAN_POINT ( 'NONE',  ( -15.41649094842271239, 3.265000000000000124, 4.637323175571033573 ) ) ;
#652 = EDGE_LOOP ( 'NONE', ( #4339, #5392, #3320, #1483 ) ) ;
#653 = ORIENTED_EDGE ( 'NONE', *, *, #2249, .T. ) ;
#654 = EDGE_LOOP ( 'NONE', ( #4536, #736, #4721, #2141 ) ) ;
#655 = EDGE_CURVE ( 'NONE', #3434, #3885, #2393, .T. ) ;
#656 = FACE_OUTER_BOUND ( 'NONE', #1830, .T. ) ;
#657 = ORIENTED_EDGE ( 'NONE', *, *, #5560, .F. ) ;
#658 = CARTESIAN_POINT ( 'NONE',  ( -9.142499516018460781, -2.956055507770247726, -22.98564247604565836 ) ) ;
#659 = CARTESIAN_POINT ( 'NONE',  ( 24.33238979119713363, -3.000000000000002220, 3.533650364023243728 ) ) ;
#660 = AXIS2_PLACEMENT_3D ( 'NONE', #4460, #1756, #3597 ) ;
#661 = VERTEX_POINT ( 'NONE', #1091 ) ;
#662 = DIRECTION ( 'NONE',  ( 0.000000000000000000, -1.000000000000000000, 0.000000000000000000 ) ) ;
#663 = LINE ( 'NONE', #5727, #3821 ) ;
#664 = EDGE_CURVE ( 'NONE', #1411, #2817, #2663, .T. ) ;
#665 = LINE ( 'NONE', #2019, #976 ) ;
#666 = ADVANCED_FACE ( 'NONE', ( #640 ), #345, .T. ) ;
#667 = VERTEX_POINT ( 'NONE', #1577 ) ;
#668 = CARTESIAN_POINT ( 'NONE',  ( 23.37839960360200209, -2.973325924936954134, 4.813879173186844440 ) ) ;
#669 = CARTESIAN_POINT ( 'NONE',  ( -8.800362019751924336, -2.973325924937780584, -22.18730783671603746 ) ) ;
#670 = EDGE_CURVE ( 'NONE', #1867, #4773, #3142, .T. ) ;
#671 = ORIENTED_EDGE ( 'NONE', *, *, #429, .T. ) ;
#672 = CARTESIAN_POINT ( 'NONE',  ( 4.129868449637073446, -2.964921559809616358, -15.56599728911051983 ) ) ;
#673 = CARTESIAN_POINT ( 'NONE',  ( -9.794555928166921888, -3.000000000000000000, -30.56969980137444409 ) ) ;
#674 = ORIENTED_EDGE ( 'NONE', *, *, #5445, .F. ) ;
#675 = CARTESIAN_POINT ( 'NONE',  ( 11.61707311970207712, -3.000000000000000000, 12.25785032243555506 ) ) ;
#676 = ORIENTED_EDGE ( 'NONE', *, *, #260, .F. ) ;
#677 = LINE ( 'NONE', #712, #3691 ) ;
#678 = DIRECTION ( 'NONE',  ( -0.000000000000000000, 1.000000000000000000, -0.000000000000000000 ) ) ;
#679 = CARTESIAN_POINT ( 'NONE',  ( 0.000000000000000000, -3.000000000000000000, 0.000000000000000000 ) ) ;
#680 = CARTESIAN_POINT ( 'NONE',  ( 15.60607930272259658, 9.530000000000001137, 19.39860107533459654 ) ) ;
#681 = ORIENTED_EDGE ( 'NONE', *, *, #756, .T. ) ;
#682 = AXIS2_PLACEMENT_3D ( 'NONE', #3, #1969, #58 ) ;
#683 = ORIENTED_EDGE ( 'NONE', *, *, #4481, .F. ) ;
#684 = ORIENTED_EDGE ( 'NONE', *, *, #1322, .T. ) ;
#685 = CARTESIAN_POINT ( 'NONE',  ( 9.691120861856093782, -2.500000000000000000, -29.60841622532396400 ) ) ;
#686 = DIRECTION ( 'NONE',  ( -0.000000000000000000, 1.000000000000000000, -0.000000000000000000 ) ) ;
#687 = VECTOR ( 'NONE', #3118, 1000.000000000000114 ) ;
#688 = ORIENTED_EDGE ( 'NONE', *, *, #459, .T. ) ;
#689 = DIRECTION ( 'NONE',  ( -0.5735764363506832275, 0.000000000000000000, 0.8191520442892459286 ) ) ;
#690 = DIRECTION ( 'NONE',  ( -0.9063077870364197874, 0.000000000000000000, 0.4226182617411931020 ) ) ;
#691 = CARTESIAN_POINT ( 'NONE',  ( 6.183365160192089149, -3.000000000000000000, -15.46827786578618458 ) ) ;
#692 = CARTESIAN_POINT ( 'NONE',  ( 15.60607930272259658, -3.000000000000000000, 18.59860107533160445 ) ) ;
#693 = DIRECTION ( 'NONE',  ( -0.000000000000000000, -1.000000000000000000, -0.000000000000000000 ) ) ;
#694 = VECTOR ( 'NONE', #1173, 1000.000000000000114 ) ;
#695 = CARTESIAN_POINT ( 'NONE',  ( 16.39539829303679497, -2.970787267806020537, 18.46831089329654318 ) ) ;
#696 = VECTOR ( 'NONE', #310, 1000.000000000000000 ) ;
#697 = EDGE_CURVE ( 'NONE', #3515, #1257, #3509, .T. ) ;
#698 = VERTEX_POINT ( 'NONE', #1301 ) ;
#699 = DIRECTION ( 'NONE',  ( -0.000000000000000000, 1.000000000000000000, -0.000000000000000000 ) ) ;
#700 = B_SPLINE_CURVE_WITH_KNOTS ( 'NONE', 3,
 ( #1144, #659, #5757, #2014 ),
 .UNSPECIFIED., .F., .F.,
 ( 4, 4 ),
 ( 0.0008311576356460918715, 0.001020059700433842680 ),
 .UNSPECIFIED. ) ;
#701 = LINE ( 'NONE', #5701, #1792 ) ;
#702 = ORIENTED_EDGE ( 'NONE', *, *, #3034, .F. ) ;
#703 = AXIS2_PLACEMENT_3D ( 'NONE', #3456, #4376, #4466 ) ;
#704 = CARTESIAN_POINT ( 'NONE',  ( 0.000000000000000000, -3.000000000000000000, 0.000000000000000000 ) ) ;
#705 = VERTEX_POINT ( 'NONE', #5367 ) ;
#706 = FACE_BOUND ( 'NONE', #1640, .T. ) ;
#707 = AXIS2_PLACEMENT_3D ( 'NONE', #4765, #2841, #5123 ) ;
#708 = EDGE_CURVE ( 'NONE', #1257, #2210, #4078, .T. ) ;
#709 = ADVANCED_FACE ( 'NONE', ( #3961 ), #764, .F. ) ;
#710 = VECTOR ( 'NONE', #5329, 1000.000000000000000 ) ;
#711 = ORIENTED_EDGE ( 'NONE', *, *, #260, .T. ) ;
#712 = CARTESIAN_POINT ( 'NONE',  ( 15.50891816952660385, -3.000000000000000000, 17.67383255581335533 ) ) ;
#713 = CARTESIAN_POINT ( 'NONE',  ( 31.19276894612021778, -2.576007553701658459, 7.419106642638354288 ) ) ;
#714 = DIRECTION ( 'NONE',  ( -0.000000000000000000, 1.000000000000000000, -0.000000000000000000 ) ) ;
#715 = LINE ( 'NONE', #4898, #3289 ) ;
#716 = B_SPLINE_CURVE_WITH_KNOTS ( 'NONE', 3,
 ( #877, #3992, #5450, #4537 ),
 .UNSPECIFIED., .F., .F.,
 ( 4, 4 ),
 ( 3.496446946337351263E-18, 0.0002492957699708149891 ),
 .UNSPECIFIED. ) ;
#717 = ORIENTED_EDGE ( 'NONE', *, *, #223, .F. ) ;
#718 = EDGE_CURVE ( 'NONE', #5455, #5287, #4906, .T. ) ;
#719 = ORIENTED_EDGE ( 'NONE', *, *, #2221, .F. ) ;
#720 = ORIENTED_EDGE ( 'NONE', *, *, #4838, .T. ) ;
#721 = CARTESIAN_POINT ( 'NONE',  ( 8.303821354729477022, -3.000000000000000000, -22.81456166729532953 ) ) ;
#722 = DIRECTION ( 'NONE',  ( 0.000000000000000000, 0.000000000000000000, 1.000000000000000000 ) ) ;
#723 = DIRECTION ( 'NONE',  ( -0.000000000000000000, 1.000000000000000000, 0.000000000000000000 ) ) ;
#724 = ORIENTED_EDGE ( 'NONE', *, *, #4334, .F. ) ;
#725 = FACE_OUTER_BOUND ( 'NONE', #1522, .T. ) ;
#726 = CARTESIAN_POINT ( 'NONE',  ( 1.509956535253397014, 3.265000000000000124, 0.2662460768645632525 ) ) ;
#727 = CARTESIAN_POINT ( 'NONE',  ( 0.000000000000000000, -3.000000000000000000, 0.000000000000000000 ) ) ;
#728 = DIRECTION ( 'NONE',  ( 0.9063077870365631172, -0.000000000000000000, -0.4226182617408856812 ) ) ;
#729 = CARTESIAN_POINT ( 'NONE',  ( -23.22089232546112925, -3.000000000000000000, 4.622491671286289794 ) ) ;
#730 = AXIS2_PLACEMENT_3D ( 'NONE', #2017, #1605, #5267 ) ;
#731 = CARTESIAN_POINT ( 'NONE',  ( 16.85536625282482603, -2.500000000000000000, 18.50060498289538202 ) ) ;
#732 = VERTEX_POINT ( 'NONE', #4048 ) ;
#733 = APPLICATION_CONTEXT ( 'automotive_design' ) ;
#734 = DIRECTION ( 'NONE',  ( -0.000000000000000000, 1.000000000000000000, -0.000000000000000000 ) ) ;
#735 = CARTESIAN_POINT ( 'NONE',  ( 31.84909871781022872, -2.500000000000000000, 3.696875540764980705 ) ) ;
#736 = ORIENTED_EDGE ( 'NONE', *, *, #778, .T. ) ;
#737 = EDGE_CURVE ( 'NONE', #5219, #3568, #3593, .T. ) ;
#738 = CARTESIAN_POINT ( 'NONE',  ( -19.12613749183868350, -2.576037802762247253, 25.73369080688125976 ) ) ;
#739 = ORIENTED_EDGE ( 'NONE', *, *, #3098, .F. ) ;
#740 = LINE ( 'NONE', #2584, #4525 ) ;
#741 = AXIS2_PLACEMENT_3D ( 'NONE', #147, #5308, #5274 ) ;
#742 = VERTEX_POINT ( 'NONE', #1219 ) ;
#743 = PLANE ( 'NONE',  #2231 ) ;
#744 = CARTESIAN_POINT ( 'NONE',  ( 31.22231432244318583, -2.778643711280970763, 7.323943766794003274 ) ) ;
#745 = CARTESIAN_POINT ( 'NONE',  ( 1.058176061977110560, -3.000000000000000000, 12.09500773390135286 ) ) ;
#746 = LINE ( 'NONE', #3093, #1568 ) ;
#747 = EDGE_CURVE ( 'NONE', #1584, #1618, #3057, .T. ) ;
#748 = VECTOR ( 'NONE', #1881, 1000.000000000000000 ) ;
#749 = VERTEX_POINT ( 'NONE', #4456 ) ;
#750 = ADVANCED_FACE ( 'NONE', ( #3535 ), #4538, .T. ) ;
#751 = CARTESIAN_POINT ( 'NONE',  ( -15.42291285062477968, -2.986667247834868810, 19.38221055967398243 ) ) ;
#752 = ORIENTED_EDGE ( 'NONE', *, *, #3430, .T. ) ;
#753 = CIRCLE ( 'NONE', #1507, 0.8000000000030464964 ) ;
#754 = CARTESIAN_POINT ( 'NONE',  ( 8.828903344064009673, -3.000000000000000000, 13.46192501608482672 ) ) ;
#755 = CARTESIAN_POINT ( 'NONE',  ( 16.30701005988695584, -3.000000000000000000, 3.403387686423335445 ) ) ;
#756 = EDGE_CURVE ( 'NONE', #125, #1282, #4724, .T. ) ;
#757 = CARTESIAN_POINT ( 'NONE',  ( 15.59851722660272877, -3.000000000000000000, 19.39856533391416704 ) ) ;
#758 = DIRECTION ( 'NONE',  ( 0.9961946980917286698, 0.000000000000000000, -0.08715574274785163611 ) ) ;
#759 = DIRECTION ( 'NONE',  ( 0.000000000000000000, 1.000000000000000000, -0.000000000000000000 ) ) ;
#760 = DIRECTION ( 'NONE',  ( 0.000000000000000000, -1.000000000000000000, 0.000000000000000000 ) ) ;
#761 = AXIS2_PLACEMENT_3D ( 'NONE', #726, #2987, #2958 ) ;
#762 = ORIENTED_EDGE ( 'NONE', *, *, #2926, .T. ) ;
#763 = DIRECTION ( 'NONE',  ( -0.000000000000000000, -1.000000000000000000, -0.000000000000000000 ) ) ;
#764 = CYLINDRICAL_SURFACE ( 'NONE', #2576, 0.8000000000020074387 ) ;
#765 = CARTESIAN_POINT ( 'NONE',  ( 22.16644285628431987, -0.9761472547094184327, -11.62000720090513184 ) ) ;
#766 = ORIENTED_EDGE ( 'NONE', *, *, #2798, .F. ) ;
#767 = CYLINDRICAL_SURFACE ( 'NONE', #1896, 14.57731163100802796 ) ;
#768 = ORIENTED_EDGE ( 'NONE', *, *, #2031, .T. ) ;
#769 = FACE_OUTER_BOUND ( 'NONE', #3397, .T. ) ;
#770 = EDGE_CURVE ( 'NONE', #3362, #283, #331, .T. ) ;
#771 = DIRECTION ( 'NONE',  ( -0.000000000000000000, -1.000000000000000000, -0.000000000000000000 ) ) ;
#772 = LINE ( 'NONE', #3910, #696 ) ;
#773 = CARTESIAN_POINT ( 'NONE',  ( 16.77838861730841558, -3.000000000000000000, 1.922747461918894674 ) ) ;
#774 = ORIENTED_EDGE ( 'NONE', *, *, #5707, .F. ) ;
#775 = CARTESIAN_POINT ( 'NONE',  ( 21.68384748107624915, -3.000000000000001776, 23.66055998100922153 ) ) ;
#776 = CLOSED_SHELL ( 'NONE', ( #5748, #4587, #2956, #709, #1333, #4933, #849, #4995, #1775, #4170, #2751, #252, #395, #4207, #4700, #3579, #3790, #62, #463, #536, #4507, #4215, #5987, #3648, #60, #3883, #1107, #4652, #5793, #2476, #3864, #2357, #3209, #2317, #3647, #342, #5045, #3478, #4811, #2203, #2294, #953, #1699, #2484, #5258, #3429, #1115, #3822, #2139, #5170, #3459, #4820, #5029, #2332, #1633, #124, #5827, #435, #1804, #5993, #5406, #5654, #634, #3657, #555, #1232, #15, #3091, #5334, #2736, #2686, #4487, #4444, #4059, #5577, #2916, #4689, #2630, #5078, #3747, #1949, #5664, #1827, #5952, #5105, #5477, #544, #4026, #101, #4469, #2183, #1294, #1409, #2173, #5895, #4572, #3996, #3273, #4246, #169, #2505, #3712, #1869, #5959, #4190, #4580, #95, #5858, #2843, #333, #5104, #5062, #666, #2531, #1632, #3097, #4154, #500, #1596, #1810, #5750, #2280, #4411, #1545, #3619, #5439, #2399, #5305, #3137, #750, #3976, #1222, #4940, #4548, #2389, #3027, #3503, #3035, #3724, #4644, #1933, #4663, #3343, #4808, #3463, #4549, #589, #3605, #3104, #3163, #5967, #1152, #4483, #4058, #2598, #131, #258, #2520, #2791, #2485, #326, #139, #5552, #4804, #141, #4540, #2983, #3298, #21, #5252, #4370, #4124, #5038, #4819, #67, #3130 ) ) ;
#777 = ORIENTED_EDGE ( 'NONE', *, *, #1024, .F. ) ;
#778 = EDGE_CURVE ( 'NONE', #3414, #2457, #3993, .T. ) ;
#779 = EDGE_CURVE ( 'NONE', #307, #2840, #4314, .T. ) ;
#780 = CARTESIAN_POINT ( 'NONE',  ( 15.87481365298655156, -2.894543664875631084, 17.60662364911448918 ) ) ;
#781 = LINE ( 'NONE', #5788, #1889 ) ;
#782 = AXIS2_PLACEMENT_3D ( 'NONE', #4142, #5179, #4235 ) ;
#783 = LINE ( 'NONE', #434, #4681 ) ;
#784 = EDGE_CURVE ( 'NONE', #2054, #3786, #3328, .T. ) ;
#785 = EDGE_CURVE ( 'NONE', #2539, #3551, #360, .T. ) ;
#786 = CARTESIAN_POINT ( 'NONE',  ( 0.000000000000000000, -2.500000000000000000, 0.000000000000000000 ) ) ;
#787 = DIRECTION ( 'NONE',  ( 0.000000000000000000, -1.000000000000000000, 0.000000000000000000 ) ) ;
#788 = CARTESIAN_POINT ( 'NONE',  ( 7.796327252067372982, -2.970787267806913601, -23.43298687357884091 ) ) ;
#789 = CIRCLE ( 'NONE', #4151, 25.02749999999998920 ) ;
#790 = EDGE_CURVE ( 'NONE', #256, #1411, #4284, .T. ) ;
#791 = VECTOR ( 'NONE', #88, 1000.000000000000000 ) ;
#792 = ORIENTED_EDGE ( 'NONE', *, *, #3144, .F. ) ;
#793 = CARTESIAN_POINT ( 'NONE',  ( -1.019999999997242446, 3.265000000000000124, 23.50788165701039034 ) ) ;
#794 = CARTESIAN_POINT ( 'NONE',  ( -7.666773543057051832, -3.000000000000000000, -23.29847290466652510 ) ) ;
#795 = VERTEX_POINT ( 'NONE', #735 ) ;
#796 = VECTOR ( 'NONE', #4294, 1000.000000000000114 ) ;
#797 = CARTESIAN_POINT ( 'NONE',  ( -11.69794669199094983, -2.669027361112072061, 11.06118485253649553 ) ) ;
#798 = EDGE_LOOP ( 'NONE', ( #1537, #5072, #4489, #5634 ) ) ;
#799 = DIRECTION ( 'NONE',  ( 0.000000000000000000, 0.000000000000000000, -1.000000000000000000 ) ) ;
#800 = ORIENTED_EDGE ( 'NONE', *, *, #670, .F. ) ;
#801 = CARTESIAN_POINT ( 'NONE',  ( -14.83785266611240949, -3.000000000000179412, 18.82960063085411662 ) ) ;
#802 = CARTESIAN_POINT ( 'NONE',  ( -6.270892268051830420, -3.000000000000000000, -15.28057537724613901 ) ) ;
#803 = CIRCLE ( 'NONE', #4378, 0.8000000000029927616 ) ;
#804 = CARTESIAN_POINT ( 'NONE',  ( 15.60607930272259658, 3.265000000000000568, 19.39860107533459654 ) ) ;
#805 = DIRECTION ( 'NONE',  ( -0.000000000000000000, -1.000000000000000000, -0.000000000000000000 ) ) ;
#806 = VECTOR ( 'NONE', #5618, 1000.000000000000114 ) ;
#807 = VECTOR ( 'NONE', #4132, 1000.000000000000227 ) ;
#808 = CARTESIAN_POINT ( 'NONE',  ( -22.02151929897088678, -2.500000000000000000, 23.30417700039917506 ) ) ;
#809 = ORIENTED_EDGE ( 'NONE', *, *, #1669, .F. ) ;
#810 = DIRECTION ( 'NONE',  ( -0.000000000000000000, -1.000000000000000000, -0.000000000000000000 ) ) ;
#811 = DIRECTION ( 'NONE',  ( 0.000000000000000000, -1.000000000000000000, 0.000000000000000000 ) ) ;
#812 = EDGE_CURVE ( 'NONE', #5455, #4662, #2207, .T. ) ;
#813 = VERTEX_POINT ( 'NONE', #1672 ) ;
#814 = DIRECTION ( 'NONE',  ( -0.000000000000000000, 1.000000000000000000, 0.000000000000000000 ) ) ;
#815 = CARTESIAN_POINT ( 'NONE',  ( 15.34070471704966643, -2.970787267805324650, 19.35330388391502865 ) ) ;
#816 = CYLINDRICAL_SURFACE ( 'NONE', #3920, 0.5000000000000002220 ) ;
#817 = DIRECTION ( 'NONE',  ( -0.000000000000000000, 1.000000000000000000, -0.000000000000000000 ) ) ;
#818 = CARTESIAN_POINT ( 'NONE',  ( 22.43904137795963294, -1.948217292514337728, -14.13298112907362736 ) ) ;
#819 = EDGE_CURVE ( 'NONE', #3312, #4720, #1752, .T. ) ;
#820 = ORIENTED_EDGE ( 'NONE', *, *, #3437, .F. ) ;
#821 = EDGE_CURVE ( 'NONE', #2125, #1365, #18, .T. ) ;
#822 = CARTESIAN_POINT ( 'NONE',  ( 7.796327252067372982, -2.970787267806913601, -23.43298687357884091 ) ) ;
#823 = VECTOR ( 'NONE', #4883, 999.9999999999998863 ) ;
#824 = ORIENTED_EDGE ( 'NONE', *, *, #4522, .F. ) ;
#825 = CARTESIAN_POINT ( 'NONE',  ( -20.79608018602539588, -2.500000000000000000, 23.19696497017492476 ) ) ;
#826 = CARTESIAN_POINT ( 'NONE',  ( -1.899663625341975193, -3.000000000000000000, 21.71325459514593703 ) ) ;
#827 = EDGE_CURVE ( 'NONE', #248, #427, #5281, .T. ) ;
#828 = DIRECTION ( 'NONE',  ( 8.881784197001252323E-16, 0.000000000000000000, 1.000000000000000000 ) ) ;
#829 = EDGE_LOOP ( 'NONE', ( #2622, #3446, #2812, #1574, #1025, #4947 ) ) ;
#830 = CARTESIAN_POINT ( 'NONE',  ( 15.33490054855280782, -2.956055507768267088, 19.41045807298725023 ) ) ;
#831 = ORIENTED_EDGE ( 'NONE', *, *, #4727, .F. ) ;
#832 = CARTESIAN_POINT ( 'NONE',  ( -15.59101631136786992, -3.000000000000000000, 4.041329231023568447 ) ) ;
#833 = FACE_OUTER_BOUND ( 'NONE', #3420, .T. ) ;
#834 = FACE_OUTER_BOUND ( 'NONE', #5453, .T. ) ;
#835 = CIRCLE ( 'NONE', #1315, 24.52749999999999275 ) ;
#836 = CARTESIAN_POINT ( 'NONE',  ( -7.243917375737628284, -3.000000000000000000, -14.37701709155922813 ) ) ;
#837 = CARTESIAN_POINT ( 'NONE',  ( -11.11897577065581899, -2.500000000000000000, 12.21427245106175263 ) ) ;
#838 = EDGE_LOOP ( 'NONE', ( #2411, #5751, #3428, #4519, #4989, #681, #922, #1217 ) ) ;
#839 = CARTESIAN_POINT ( 'NONE',  ( 0.3983431104224928743, -3.000000000000000000, 0.3342495570375241809 ) ) ;
#840 = DIRECTION ( 'NONE',  ( -0.000000000000000000, -1.000000000000000000, -0.000000000000000000 ) ) ;
#841 = DIRECTION ( 'NONE',  ( 0.9063077870368824174, 0.000000000000000000, 0.4226182617402011732 ) ) ;
#842 = CARTESIAN_POINT ( 'NONE',  ( 23.32786525393763810, -3.000000000000000000, 3.077596902475849383 ) ) ;
#843 = EDGE_CURVE ( 'NONE', #5019, #5874, #1035, .T. ) ;
#844 = CARTESIAN_POINT ( 'NONE',  ( -19.12613749183868350, -2.500000000000000000, 25.73369080688125976 ) ) ;
#845 = CARTESIAN_POINT ( 'NONE',  ( -22.97362297149675214, -2.500000000000000000, 5.086604718622892207 ) ) ;
#846 = ORIENTED_EDGE ( 'NONE', *, *, #3911, .T. ) ;
#847 = CARTESIAN_POINT ( 'NONE',  ( -9.171249647149551265, -2.500000000000000000, -30.72328364303758264 ) ) ;
#848 = DIRECTION ( 'NONE',  ( -0.000000000000000000, 1.000000000000000000, -0.000000000000000000 ) ) ;
#849 = ADVANCED_FACE ( 'NONE', ( #4194 ), #924, .T. ) ;
#850 = VECTOR ( 'NONE', #5740, 1000.000000000000114 ) ;
#851 = CARTESIAN_POINT ( 'NONE',  ( 21.85055097923240197, -0.9942063823211489959, -12.22260572949187285 ) ) ;
#852 = EDGE_LOOP ( 'NONE', ( #5486, #1092, #1706, #4089 ) ) ;
#853 = DIRECTION ( 'NONE',  ( -0.000000000000000000, 1.000000000000000000, -0.000000000000000000 ) ) ;
#854 = ORIENTED_EDGE ( 'NONE', *, *, #3124, .T. ) ;
#855 = CARTESIAN_POINT ( 'NONE',  ( 20.86842270412794775, 3.265000000000000124, -10.87059491664726174 ) ) ;
#856 = VECTOR ( 'NONE', #2922, 1000.000000000000000 ) ;
#857 = PLANE ( 'NONE',  #3571 ) ;
#858 = EDGE_CURVE ( 'NONE', #396, #3532, #2270, .T. ) ;
#859 = VERTEX_POINT ( 'NONE', #5597 ) ;
#860 = CARTESIAN_POINT ( 'NONE',  ( -24.47740006457192408, -2.956055507770033675, 3.575184403063537797 ) ) ;
#861 = DIRECTION ( 'NONE',  ( 0.000000000000000000, -1.000000000000000000, 0.000000000000000000 ) ) ;
#862 = CARTESIAN_POINT ( 'NONE',  ( 31.84909871781022872, -2.500000000000000000, 3.696875540764980705 ) ) ;
#863 = ORIENTED_EDGE ( 'NONE', *, *, #291, .T. ) ;
#864 = DIRECTION ( 'NONE',  ( -0.000000000000000000, 1.000000000000000000, -0.000000000000000000 ) ) ;
#865 = ORIENTED_EDGE ( 'NONE', *, *, #898, .T. ) ;
#866 = CARTESIAN_POINT ( 'NONE',  ( 30.84144333032081420, 3.265000000000000124, 4.402443439001797465 ) ) ;
#867 = EDGE_LOOP ( 'NONE', ( #5943, #5804, #466, #4841 ) ) ;
#868 = DIRECTION ( 'NONE',  ( 0.8660254037844363761, 0.000000000000000000, 0.5000000000000038858 ) ) ;
#869 = ORIENTED_EDGE ( 'NONE', *, *, #5662, .F. ) ;
#870 = LINE ( 'NONE', #842, #4676 ) ;
#871 = CARTESIAN_POINT ( 'NONE',  ( -22.97362297149675214, 3.265000000000000124, 5.086604718622892207 ) ) ;
#872 = CIRCLE ( 'NONE', #4249, 14.57731163100803862 ) ;
#873 = DIRECTION ( 'NONE',  ( 0.9961946980918062744, 0.000000000000000000, -0.08715574274696448465 ) ) ;
#874 = EDGE_CURVE ( 'NONE', #5734, #5290, #5027, .T. ) ;
#875 = B_SPLINE_CURVE_WITH_KNOTS ( 'NONE', 3,
 ( #2849, #5262, #2953, #68, #1912, #5327, #3658, #5522 ),
 .UNSPECIFIED., .F., .F.,
 ( 4, 2, 2, 4 ),
 ( 4.336808689942017736E-19, 0.0002554680715912366969, 0.0005109361431824729601, 0.001021872286364943535 ),
 .UNSPECIFIED. ) ;
#876 = ORIENTED_EDGE ( 'NONE', *, *, #5899, .T. ) ;
#877 = CARTESIAN_POINT ( 'NONE',  ( 15.61364137884714687, -3.000000000000000000, 17.79863681674908804 ) ) ;
#878 = DIRECTION ( 'NONE',  ( 0.000000000000000000, 0.000000000000000000, -1.000000000000000000 ) ) ;
#879 = VECTOR ( 'NONE', #880, 1000.000000000000000 ) ;
#880 = DIRECTION ( 'NONE',  ( -0.000000000000000000, -1.000000000000000000, -0.000000000000000000 ) ) ;
#881 = EDGE_CURVE ( 'NONE', #4720, #1178, #92, .T. ) ;
#882 = VECTOR ( 'NONE', #2452, 1000.000000000000000 ) ;
#883 = ORIENTED_EDGE ( 'NONE', *, *, #3144, .T. ) ;
#884 = LINE ( 'NONE', #909, #1725 ) ;
#885 = ORIENTED_EDGE ( 'NONE', *, *, #28, .F. ) ;
#886 = DIRECTION ( 'NONE',  ( 0.000000000000000000, 0.000000000000000000, 1.000000000000000000 ) ) ;
#887 = CARTESIAN_POINT ( 'NONE',  ( -24.43080516915058809, -2.970787267806803467, 3.608788054966185488 ) ) ;
#888 = AXIS2_PLACEMENT_3D ( 'NONE', #3374, #5235, #1475 ) ;
#889 = CARTESIAN_POINT ( 'NONE',  ( -30.60764791189551914, -3.000000000000001332, 6.222387549897714365 ) ) ;
#890 = EDGE_CURVE ( 'NONE', #1717, #3329, #4595, .T. ) ;
#891 = EDGE_CURVE ( 'NONE', #1168, #3802, #146, .T. ) ;
#892 = CARTESIAN_POINT ( 'NONE',  ( -6.963911218291616301, -3.000000000000000000, 9.945495925541417037 ) ) ;
#893 = VECTOR ( 'NONE', #3327, 1000.000000000000000 ) ;
#894 = VERTEX_POINT ( 'NONE', #73 ) ;
#895 = CARTESIAN_POINT ( 'NONE',  ( -16.40990215530898411, -2.999999999999998668, 18.64183670989111263 ) ) ;
#896 = CARTESIAN_POINT ( 'NONE',  ( 16.36819497488591679, -3.000000000000000444, 18.34722913732691651 ) ) ;
#897 = CARTESIAN_POINT ( 'NONE',  ( -23.06044706033021896, -2.500000000000000000, 4.594200842116787697 ) ) ;
#898 = EDGE_CURVE ( 'NONE', #2267, #3582, #4726, .T. ) ;
#899 = DIRECTION ( 'NONE',  ( 0.000000000000000000, 0.000000000000000000, 1.000000000000000000 ) ) ;
#900 = DIRECTION ( 'NONE',  ( 0.6427876096865237088, 0.000000000000000000, -0.7660444431189911141 ) ) ;
#901 = EDGE_LOOP ( 'NONE', ( #4232, #2154, #1543, #521 ) ) ;
#902 = LINE ( 'NONE', #4561, #4080 ) ;
#903 = ORIENTED_EDGE ( 'NONE', *, *, #4901, .T. ) ;
#904 = CARTESIAN_POINT ( 'NONE',  ( 9.648722270782077004, -3.000000000000001776, -30.60904276090633047 ) ) ;
#905 = CARTESIAN_POINT ( 'NONE',  ( 9.101323949736135788, -2.989204070909998734, -22.90227505186195245 ) ) ;
#906 = B_SPLINE_CURVE_WITH_KNOTS ( 'NONE', 3,
 ( #4045, #610, #1127, #2461 ),
 .UNSPECIFIED., .F., .F.,
 ( 4, 4 ),
 ( 0.0002259430207380448143, 0.0004897447509139422114 ),
 .UNSPECIFIED. ) ;
#907 = CARTESIAN_POINT ( 'NONE',  ( 24.43080516915147982, -2.970787267806586307, 3.608788054964906067 ) ) ;
#908 = VERTEX_POINT ( 'NONE', #2796 ) ;
#909 = CARTESIAN_POINT ( 'NONE',  ( 12.72296122597525603, -3.000000000000000000, -29.43056634765067159 ) ) ;
#910 = ORIENTED_EDGE ( 'NONE', *, *, #2834, .F. ) ;
#911 = PLANE ( 'NONE',  #3099 ) ;
#912 = PLANE ( 'NONE',  #1314 ) ;
#913 = VERTEX_POINT ( 'NONE', #4135 ) ;
#914 = EDGE_CURVE ( 'NONE', #214, #2954, #1709, .T. ) ;
#915 = CARTESIAN_POINT ( 'NONE',  ( 0.000000000000000000, -3.000000000000000000, 0.000000000000000000 ) ) ;
#916 = VECTOR ( 'NONE', #4217, 1000.000000000000000 ) ;
#917 = FACE_OUTER_BOUND ( 'NONE', #4958, .T. ) ;
#918 = ORIENTED_EDGE ( 'NONE', *, *, #583, .F. ) ;
#919 = CARTESIAN_POINT ( 'NONE',  ( -14.32920972712166652, 3.265000000000000124, 18.66372547473203625 ) ) ;
#920 = CARTESIAN_POINT ( 'NONE',  ( 10.05434245573841068, -2.500000000000000000, 13.56913704619687699 ) ) ;
#921 = EDGE_CURVE ( 'NONE', #1371, #2977, #2826, .T. ) ;
#922 = ORIENTED_EDGE ( 'NONE', *, *, #5335, .F. ) ;
#923 = DIRECTION ( 'NONE',  ( -0.000000000000000000, -1.000000000000000000, -0.000000000000000000 ) ) ;
#924 = TOROIDAL_SURFACE ( 'NONE', #2756, 24.52749999999999275, 0.5000000000000000000 ) ;
#925 = CARTESIAN_POINT ( 'NONE',  ( -23.47813231448427373, -2.894543664875562250, 3.283322686269437352 ) ) ;
#926 = EDGE_CURVE ( 'NONE', #1058, #1417, #5571, .T. ) ;
#927 = AXIS2_PLACEMENT_3D ( 'NONE', #4650, #2269, #878 ) ;
#928 = ORIENTED_EDGE ( 'NONE', *, *, #1258, .F. ) ;
#929 = DIRECTION ( 'NONE',  ( 0.08715574274696420709, 0.000000000000000000, 0.9961946980918062744 ) ) ;
#930 = ORIENTED_EDGE ( 'NONE', *, *, #1434, .T. ) ;
#931 = DIRECTION ( 'NONE',  ( -0.6427876096865468014, 0.000000000000000000, 0.7660444431189717962 ) ) ;
#932 = CARTESIAN_POINT ( 'NONE',  ( 24.59890898943810456, -3.000000000000000000, 3.809429512647910077 ) ) ;
#933 = CARTESIAN_POINT ( 'NONE',  ( -6.790763482219201563, -2.500000000000000000, -14.16570796068909743 ) ) ;
#934 = EDGE_LOOP ( 'NONE', ( #225, #5215, #3628, #5005 ) ) ;
#935 = VERTEX_POINT ( 'NONE', #3674 ) ;
#936 = CARTESIAN_POINT ( 'NONE',  ( 19.14502818090561576, -2.650060844301350471, 25.72165618842414858 ) ) ;
#937 = CARTESIAN_POINT ( 'NONE',  ( 16.07282071980216287, -3.000000000000000000, 0.9150920754745583974 ) ) ;
#938 = VERTEX_POINT ( 'NONE', #5542 ) ;
#939 = CARTESIAN_POINT ( 'NONE',  ( 14.82292676008904131, -2.990216944178048841, 18.77167529994897421 ) ) ;
#940 = EDGE_CURVE ( 'NONE', #1623, #2777, #1332, .T. ) ;
#941 = VECTOR ( 'NONE', #3120, 1000.000000000000000 ) ;
#942 = CARTESIAN_POINT ( 'NONE',  ( 22.97362297149689070, -3.000000000000000000, 5.086604718622282917 ) ) ;
#943 = CARTESIAN_POINT ( 'NONE',  ( -3.692205798608258149, -2.500000000000000000, -15.66973438633325166 ) ) ;
#944 = LINE ( 'NONE', #376, #4758 ) ;
#945 = EDGE_LOOP ( 'NONE', ( #5519, #1921, #5057, #5781 ) ) ;
#946 = EDGE_CURVE ( 'NONE', #2054, #3312, #417, .T. ) ;
#947 = EDGE_CURVE ( 'NONE', #954, #4793, #663, .T. ) ;
#948 = DIRECTION ( 'NONE',  ( -0.08715574274824935963, 0.000000000000000000, -0.9961946980916938088 ) ) ;
#949 = CARTESIAN_POINT ( 'NONE',  ( -16.30701005988716545, -3.000000000000000000, 3.403387686423853253 ) ) ;
#950 = SURFACE_STYLE_USAGE ( .BOTH. , #1438 ) ;
#951 = DIRECTION ( 'NONE',  ( -0.000000000000000000, -1.000000000000000000, -0.000000000000000000 ) ) ;
#952 = EDGE_CURVE ( 'NONE', #2954, #5734, #1698, .T. ) ;
#953 = ADVANCED_FACE ( 'NONE', ( #4749 ), #1504, .F. ) ;
#954 = VERTEX_POINT ( 'NONE', #2514 ) ;
#955 = CARTESIAN_POINT ( 'NONE',  ( 0.4886401628081498139, -3.000000000000000000, 0.1778504745291592803 ) ) ;
#956 = CARTESIAN_POINT ( 'NONE',  ( 23.54529487373250518, -2.945085216637939318, 3.375795704819961607 ) ) ;
#957 = VECTOR ( 'NONE', #2642, 1000.000000000000114 ) ;
#958 = CARTESIAN_POINT ( 'NONE',  ( 24.64765971487543439, -2.849944888432822676, 3.451790278027654146 ) ) ;
#959 = EDGE_CURVE ( 'NONE', #3990, #2802, #1505, .T. ) ;
#960 = ORIENTED_EDGE ( 'NONE', *, *, #3402, .T. ) ;
#961 = VERTEX_POINT ( 'NONE', #2050 ) ;
#962 = DIRECTION ( 'NONE',  ( -0.1736481776669362431, 0.000000000000000000, 0.9848077530122070211 ) ) ;
#963 = ORIENTED_EDGE ( 'NONE', *, *, #881, .T. ) ;
#964 = CIRCLE ( 'NONE', #4253, 25.02749999999999275 ) ;
#965 = FACE_OUTER_BOUND ( 'NONE', #2312, .T. ) ;
#966 =( BOUNDED_CURVE ( )  B_SPLINE_CURVE ( 3, ( #4003, #5490, #2130, #5402 ),
 .UNSPECIFIED., .F., .F. ) 
 B_SPLINE_CURVE_WITH_KNOTS ( ( 4, 4 ),
 ( 3.098230149455253102, 3.184955157724515207 ),
 .UNSPECIFIED. ) 
 CURVE ( )  GEOMETRIC_REPRESENTATION_ITEM ( )  RATIONAL_B_SPLINE_CURVE ( ( 1.000000000000000000, 0.9993733292820563552, 0.9993733292820563552, 1.000000000000000000 ) ) 
 REPRESENTATION_ITEM ( '' )  );
#967 = ORIENTED_EDGE ( 'NONE', *, *, #4838, .F. ) ;
#968 = ORIENTED_EDGE ( 'NONE', *, *, #2326, .T. ) ;
#969 = CARTESIAN_POINT ( 'NONE',  ( 14.85913885744919050, -3.000000000000000000, 18.88509709837478212 ) ) ;
#970 = PLANE ( 'NONE',  #3858 ) ;
#971 = AXIS2_PLACEMENT_3D ( 'NONE', #5195, #622, #526 ) ;
#972 = CYLINDRICAL_SURFACE ( 'NONE', #3108, 0.4999999999999997780 ) ;
#973 = DIRECTION ( 'NONE',  ( 0.000000000000000000, -1.000000000000000000, 0.000000000000000000 ) ) ;
#974 = EDGE_CURVE ( 'NONE', #167, #3802, #1012, .T. ) ;
#975 = EDGE_LOOP ( 'NONE', ( #98, #2105, #2087, #539 ) ) ;
#976 = VECTOR ( 'NONE', #3863, 1000.000000000000000 ) ;
#977 = DIRECTION ( 'NONE',  ( 0.000000000000000000, 0.000000000000000000, -1.000000000000000000 ) ) ;
#978 = CARTESIAN_POINT ( 'NONE',  ( -23.54529487373214280, -2.945085216637747028, 3.375795704820238718 ) ) ;
#979 = LINE ( 'NONE', #4072, #3330 ) ;
#980 = VECTOR ( 'NONE', #2501, 1000.000000000000114 ) ;
#981 = EDGE_CURVE ( 'NONE', #4461, #3140, #1988, .T. ) ;
#982 = ORIENTED_EDGE ( 'NONE', *, *, #1289, .F. ) ;
#983 = CARTESIAN_POINT ( 'NONE',  ( -8.303821354723572412, -3.000000000000000000, -22.81456166729534374 ) ) ;
#984 = AXIS2_PLACEMENT_3D ( 'NONE', #4242, #516, #5187 ) ;
#985 = ORIENTED_EDGE ( 'NONE', *, *, #5298, .T. ) ;
#986 = DIRECTION ( 'NONE',  ( 0.5735764363505577723, 0.000000000000000000, 0.8191520442893338583 ) ) ;
#987 = CARTESIAN_POINT ( 'NONE',  ( -12.41882725091065076, -2.961413309392037618, -29.58443282727938239 ) ) ;
#988 = EDGE_CURVE ( 'NONE', #1226, #3082, #2545, .T. ) ;
#989 = CARTESIAN_POINT ( 'NONE',  ( -16.66243473851394441, -2.849944888433107337, 18.48743503378794273 ) ) ;
#990 = EDGE_CURVE ( 'NONE', #2641, #2095, #254, .T. ) ;
#991 = DIRECTION ( 'NONE',  ( 0.000000000000000000, 0.000000000000000000, 1.000000000000000000 ) ) ;
#992 = EDGE_LOOP ( 'NONE', ( #6002, #1053, #3705, #3426 ) ) ;
#993 = EDGE_LOOP ( 'NONE', ( #1079, #1616, #2091, #2551, #5223 ) ) ;
#994 = CARTESIAN_POINT ( 'NONE',  ( 19.12613749183848810, -2.500000000000000000, 25.73369080688133081 ) ) ;
#995 = PLANE ( 'NONE',  #5033 ) ;
#996 = ORIENTED_EDGE ( 'NONE', *, *, #2787, .T. ) ;
#997 = EDGE_CURVE ( 'NONE', #2302, #1654, #3831, .T. ) ;
#998 = LINE ( 'NONE', #4269, #2237 ) ;
#999 = EDGE_LOOP ( 'NONE', ( #79, #71, #5667, #2213, #5152, #20 ) ) ;
#1000 = ORIENTED_EDGE ( 'NONE', *, *, #3194, .F. ) ;
#1001 = CARTESIAN_POINT ( 'NONE',  ( 9.511283720560115285, -2.619670988163046221, -23.14975676410030303 ) ) ;
#1002 = AXIS2_PLACEMENT_3D ( 'NONE', #2960, #3502, #198 ) ;
#1003 = CARTESIAN_POINT ( 'NONE',  ( -4.460940800293284880, -3.000000000000000000, -15.47651244522915626 ) ) ;
#1004 = CARTESIAN_POINT ( 'NONE',  ( -19.23334952206178272, 3.265000000000000124, 24.50825169393615610 ) ) ;
#1005 = FACE_OUTER_BOUND ( 'NONE', #4612, .T. ) ;
#1006 = DIRECTION ( 'NONE',  ( -0.6427876096865392519, 0.000000000000000000, 0.7660444431189782355 ) ) ;
#1007 = CARTESIAN_POINT ( 'NONE',  ( 1.020000000004275487, 3.265000000000000124, 25.00670622553059985 ) ) ;
#1008 = AXIS2_PLACEMENT_3D ( 'NONE', #4455, #3379, #2489 ) ;
#1009 = DIRECTION ( 'NONE',  ( 0.6427876096865444699, 0.000000000000000000, -0.7660444431189736836 ) ) ;
#1010 = B_SPLINE_CURVE_WITH_KNOTS ( 'NONE', 3,
 ( #5041, #308, #3123, #3544, #340, #3151 ),
 .UNSPECIFIED., .F., .F.,
 ( 4, 2, 4 ),
 ( 0.0002278709715151242335, 0.0005927080008514696696, 0.0009575450301878149972 ),
 .UNSPECIFIED. ) ;
#1011 = VERTEX_POINT ( 'NONE', #1986 ) ;
#1012 = B_SPLINE_CURVE_WITH_KNOTS ( 'NONE', 3,
 ( #4326, #1148, #3896, #1474, #5202, #2990, #2018, #4717 ),
 .UNSPECIFIED., .F., .F.,
 ( 4, 2, 2, 4 ),
 ( 8.673617379884035472E-19, 0.0002243944063327149455, 0.0004487888126654290236, 0.0008975776253308579387 ),
 .UNSPECIFIED. ) ;
#1013 = CARTESIAN_POINT ( 'NONE',  ( 16.39520344744573066, -3.000000000000000000, 18.73006621983681441 ) ) ;
#1014 = AXIS2_PLACEMENT_3D ( 'NONE', #2056, #1960, #5422 ) ;
#1015 = CARTESIAN_POINT ( 'NONE',  ( -8.998655526815836581, -3.000000000000000000, -21.74132237720848693 ) ) ;
#1016 = EDGE_CURVE ( 'NONE', #5846, #3329, #565, .T. ) ;
#1017 = EDGE_LOOP ( 'NONE', ( #1592, #5799, #222, #1604 ) ) ;
#1018 = FACE_OUTER_BOUND ( 'NONE', #5997, .T. ) ;
#1019 = DIRECTION ( 'NONE',  ( 0.000000000000000000, 0.000000000000000000, 1.000000000000000000 ) ) ;
#1020 = DIRECTION ( 'NONE',  ( -0.000000000000000000, -1.000000000000000000, -0.000000000000000000 ) ) ;
#1021 = DIRECTION ( 'NONE',  ( -0.9396926207859079838, 0.000000000000000000, 0.3420201433256698231 ) ) ;
#1022 = DIRECTION ( 'NONE',  ( 0.000000000000000000, 0.000000000000000000, -1.000000000000000000 ) ) ;
#1023 = EDGE_LOOP ( 'NONE', ( #1644, #302, #1207, #2995, #831 ) ) ;
#1024 = EDGE_CURVE ( 'NONE', #859, #4944, #2184, .T. ) ;
#1025 = ORIENTED_EDGE ( 'NONE', *, *, #3059, .T. ) ;
#1026 = FACE_OUTER_BOUND ( 'NONE', #867, .T. ) ;
#1027 = FACE_OUTER_BOUND ( 'NONE', #1023, .T. ) ;
#1028 = ORIENTED_EDGE ( 'NONE', *, *, #3308, .T. ) ;
#1029 = ORIENTED_EDGE ( 'NONE', *, *, #317, .F. ) ;
#1030 = CARTESIAN_POINT ( 'NONE',  ( 14.83770344138113906, -3.000000000000000000, 18.82921157838597637 ) ) ;
#1031 = ORIENTED_EDGE ( 'NONE', *, *, #5009, .F. ) ;
#1032 = LINE ( 'NONE', #576, #850 ) ;
#1033 = EDGE_CURVE ( 'NONE', #2210, #5579, #3373, .T. ) ;
#1034 = VERTEX_POINT ( 'NONE', #2482 ) ;
#1035 = B_SPLINE_CURVE_WITH_KNOTS ( 'NONE', 3,
 ( #1444, #4107, #1385, #5970 ),
 .UNSPECIFIED., .F., .F.,
 ( 4, 4 ),
 ( 0.0002259430207401244496, 0.0004897447509200686042 ),
 .UNSPECIFIED. ) ;
#1036 = FACE_OUTER_BOUND ( 'NONE', #1381, .T. ) ;
#1037 = DIRECTION ( 'NONE',  ( 0.6427876096865468014, 0.000000000000000000, -0.7660444431189719072 ) ) ;
#1038 = CARTESIAN_POINT ( 'NONE',  ( 7.081682580411110095, -2.500000000000000000, -22.43904346959338980 ) ) ;
#1039 = CARTESIAN_POINT ( 'NONE',  ( 19.74949741645048107, -3.000000000000000000, 24.34551088795272733 ) ) ;
#1040 = ORIENTED_EDGE ( 'NONE', *, *, #990, .F. ) ;
#1041 = CIRCLE ( 'NONE', #761, 14.57731163100814697 ) ;
#1042 = EDGE_LOOP ( 'NONE', ( #337, #39, #4747, #110, #4899 ) ) ;
#1043 = VECTOR ( 'NONE', #841, 1000.000000000000114 ) ;
#1044 = CARTESIAN_POINT ( 'NONE',  ( -16.77838861730829123, 3.265000000000000124, 1.922747461919029899 ) ) ;
#1045 = CARTESIAN_POINT ( 'NONE',  ( 16.65794175329466142, -3.000000000000000000, 2.111811167170372094 ) ) ;
#1046 = ORIENTED_EDGE ( 'NONE', *, *, #819, .T. ) ;
#1047 = CARTESIAN_POINT ( 'NONE',  ( 20.55407337132391987, -0.01920984833667554667, -11.47405542676808032 ) ) ;
#1048 = CARTESIAN_POINT ( 'NONE',  ( 11.60809380826084514, 3.265000000000000124, -28.91069513294267423 ) ) ;
#1049 = ORIENTED_EDGE ( 'NONE', *, *, #1799, .F. ) ;
#1050 = CARTESIAN_POINT ( 'NONE',  ( 7.081682580411110095, 3.265000000000000124, -22.43904346959338980 ) ) ;
#1051 = CARTESIAN_POINT ( 'NONE',  ( 0.000000000000000000, -2.500000000000000000, 0.000000000000000000 ) ) ;
#1052 = ORIENTED_EDGE ( 'NONE', *, *, #502, .F. ) ;
#1053 = ORIENTED_EDGE ( 'NONE', *, *, #708, .F. ) ;
#1054 = CARTESIAN_POINT ( 'NONE',  ( 19.12613749183849521, -2.500000000000000000, 25.73369080688134147 ) ) ;
#1055 = CARTESIAN_POINT ( 'NONE',  ( -9.945495925549495908, -3.000000000000000000, -6.963911218297145211 ) ) ;
#1056 = VECTOR ( 'NONE', #2003, 1000.000000000000000 ) ;
#1057 = EDGE_LOOP ( 'NONE', ( #2691, #2850, #5644, #4427, #5300, #4628 ) ) ;
#1058 = VERTEX_POINT ( 'NONE', #2084 ) ;
#1059 = EDGE_CURVE ( 'NONE', #2609, #1867, #2417, .T. ) ;
#1060 = CARTESIAN_POINT ( 'NONE',  ( -31.84909871781260904, 3.265000000000000124, 3.696875540765334645 ) ) ;
#1061 = ORIENTED_EDGE ( 'NONE', *, *, #1870, .T. ) ;
#1062 = ORIENTED_EDGE ( 'NONE', *, *, #2869, .F. ) ;
#1063 = DIRECTION ( 'NONE',  ( -0.000000000000000000, -1.000000000000000000, -0.000000000000000000 ) ) ;
#1064 = CARTESIAN_POINT ( 'NONE',  ( 31.23825961836370624, -2.833366653769156418, 7.271797776904089794 ) ) ;
#1065 = CARTESIAN_POINT ( 'NONE',  ( -7.551528890804138250, -2.500000000000000000, -22.26803339793057290 ) ) ;
#1066 = DIRECTION ( 'NONE',  ( -0.000000000000000000, -1.000000000000000000, -0.000000000000000000 ) ) ;
#1067 = CIRCLE ( 'NONE', #1747, 14.57731163100802796 ) ;
#1068 = EDGE_CURVE ( 'NONE', #1011, #2967, #5171, .T. ) ;
#1069 = ORIENTED_EDGE ( 'NONE', *, *, #3317, .T. ) ;
#1070 = EDGE_CURVE ( 'NONE', #3515, #596, #2680, .T. ) ;
#1071 = ORIENTED_EDGE ( 'NONE', *, *, #3916, .T. ) ;
#1072 = CIRCLE ( 'NONE', #5920, 24.02999999999999403 ) ;
#1073 = ORIENTED_EDGE ( 'NONE', *, *, #1393, .T. ) ;
#1074 = ORIENTED_EDGE ( 'NONE', *, *, #4476, .F. ) ;
#1075 = LINE ( 'NONE', #2917, #3441 ) ;
#1076 = EDGE_CURVE ( 'NONE', #2658, #2343, #2762, .T. ) ;
#1077 = AXIS2_PLACEMENT_3D ( 'NONE', #5317, #3486, #1164 ) ;
#1078 = CARTESIAN_POINT ( 'NONE',  ( 0.000000000000000000, -3.000000000000000000, 0.000000000000000000 ) ) ;
#1079 = ORIENTED_EDGE ( 'NONE', *, *, #3098, .T. ) ;
#1080 = DIRECTION ( 'NONE',  ( 0.000000000000000000, 0.000000000000000000, -1.000000000000000000 ) ) ;
#1081 = LINE ( 'NONE', #3893, #856 ) ;
#1082 = AXIS2_PLACEMENT_3D ( 'NONE', #2074, #810, #4037 ) ;
#1083 = VERTEX_POINT ( 'NONE', #3023 ) ;
#1084 = FACE_OUTER_BOUND ( 'NONE', #3069, .T. ) ;
#1085 = DIRECTION ( 'NONE',  ( 0.9848077530122083534, 0.000000000000000000, -0.1736481776669289434 ) ) ;
#1086 = CARTESIAN_POINT ( 'NONE',  ( -16.61240484443270304, -2.883090468737808276, 18.48393734068741168 ) ) ;
#1087 = CARTESIAN_POINT ( 'NONE',  ( 0.09029705238705150461, -2.500000000000000000, -0.5121000315677521897 ) ) ;
#1088 = VERTEX_POINT ( 'NONE', #355 ) ;
#1089 = ORIENTED_EDGE ( 'NONE', *, *, #5784, .T. ) ;
#1090 = DIRECTION ( 'NONE',  ( 0.000000000000000000, 0.000000000000000000, -1.000000000000000000 ) ) ;
#1091 = CARTESIAN_POINT ( 'NONE',  ( 24.27583800419692039, -3.000000000000000000, 3.504560663476692817 ) ) ;
#1092 = ORIENTED_EDGE ( 'NONE', *, *, #4556, .T. ) ;
#1093 = CARTESIAN_POINT ( 'NONE',  ( -19.12613749183868350, -2.500000000000000000, 25.73369080688125976 ) ) ;
#1094 = B_SPLINE_CURVE_WITH_KNOTS ( 'NONE', 3,
 ( #5150, #3284, #1391, #451 ),
 .UNSPECIFIED., .F., .F.,
 ( 4, 4 ),
 ( 0.0004210925497337130591, 0.0006098211500723891686 ),
 .UNSPECIFIED. ) ;
#1095 = EDGE_LOOP ( 'NONE', ( #1740, #1103, #2873, #4398 ) ) ;
#1096 = CARTESIAN_POINT ( 'NONE',  ( -24.34180575933150337, -2.849944888433302292, 5.186374255559718982 ) ) ;
#1097 = EDGE_LOOP ( 'NONE', ( #4893, #266 ) ) ;
#1098 = DIRECTION ( 'NONE',  ( -0.08715574274745420402, 0.000000000000000000, 0.9961946980917635308 ) ) ;
#1099 = EDGE_CURVE ( 'NONE', #5874, #5219, #5389, .T. ) ;
#1100 = CARTESIAN_POINT ( 'NONE',  ( 15.89194039108607015, -3.000000000000000000, 17.35243875097005528 ) ) ;
#1101 = CARTESIAN_POINT ( 'NONE',  ( 30.95857960530109665, -3.000000000000000000, 4.930811030643379667 ) ) ;
#1102 = LINE ( 'NONE', #3359, #3496 ) ;
#1103 = ORIENTED_EDGE ( 'NONE', *, *, #2513, .T. ) ;
#1104 = AXIS2_PLACEMENT_3D ( 'NONE', #1275, #3645, #5006 ) ;
#1105 = ORIENTED_EDGE ( 'NONE', *, *, #4766, .T. ) ;
#1106 = ORIENTED_EDGE ( 'NONE', *, *, #5607, .F. ) ;
#1107 = ADVANCED_FACE ( 'NONE', ( #3134 ), #4015, .F. ) ;
#1108 = EDGE_CURVE ( 'NONE', #3414, #2328, #2684, .T. ) ;
#1109 = CYLINDRICAL_SURFACE ( 'NONE', #3722, 0.7999999999999986011 ) ;
#1110 = CARTESIAN_POINT ( 'NONE',  ( -15.60607930272161070, -3.000000000000000000, 18.59860107532878004 ) ) ;
#1111 = ORIENTED_EDGE ( 'NONE', *, *, #4251, .F. ) ;
#1112 = DIRECTION ( 'NONE',  ( 0.9848077530122070211, -0.000000000000000000, 0.1736481776669361876 ) ) ;
#1113 = CARTESIAN_POINT ( 'NONE',  ( -15.60607930272161070, 9.530000000000001137, 19.39860107532878075 ) ) ;
#1114 = AXIS2_PLACEMENT_3D ( 'NONE', #3770, #3803, #2864 ) ;
#1115 = ADVANCED_FACE ( 'NONE', ( #3585 ), #3927, .T. ) ;
#1116 = VERTEX_POINT ( 'NONE', #3470 ) ;
#1117 = DIRECTION ( 'NONE',  ( 0.000000000000000000, 1.000000000000000000, 0.000000000000000000 ) ) ;
#1118 = CARTESIAN_POINT ( 'NONE',  ( -8.970579615198358781, -2.737084624032596114, -21.80517578750599483 ) ) ;
#1119 = DIRECTION ( 'NONE',  ( 0.000000000000000000, 1.000000000000000000, 0.000000000000000000 ) ) ;
#1120 = ORIENTED_EDGE ( 'NONE', *, *, #469, .F. ) ;
#1121 = CARTESIAN_POINT ( 'NONE',  ( 24.34180575933345025, -2.849944888430821166, 5.186374255561818636 ) ) ;
#1122 = VECTOR ( 'NONE', #105, 1000.000000000000000 ) ;
#1123 = CARTESIAN_POINT ( 'NONE',  ( -7.144234157465639612, -2.737084624030751812, -22.46991117160707319 ) ) ;
#1124 = VERTEX_POINT ( 'NONE', #1724 ) ;
#1125 = EDGE_LOOP ( 'NONE', ( #2350, #5666, #5628, #5363 ) ) ;
#1126 = CARTESIAN_POINT ( 'NONE',  ( 3.692205798609079270, -3.000000000000000000, -15.66973438633268856 ) ) ;
#1128 = VECTOR ( 'NONE', #4776, 1000.000000000000114 ) ;
#1127 = CARTESIAN_POINT ( 'NONE',  ( -24.34939323302191028, -3.000000000000000000, 4.890360202015050284 ) ) ;
#1129 = ORIENTED_EDGE ( 'NONE', *, *, #511, .T. ) ;
#1130 = LINE ( 'NONE', #3352, #367 ) ;
#1131 = ORIENTED_EDGE ( 'NONE', *, *, #2832, .F. ) ;
#1132 = CARTESIAN_POINT ( 'NONE',  ( 0.000000000000000000, -2.500000000000000000, 0.000000000000000000 ) ) ;
#1133 = CARTESIAN_POINT ( 'NONE',  ( 31.19950434987518761, -2.650060844301351359, 7.397744889173384131 ) ) ;
#1134 = DIRECTION ( 'NONE',  ( -0.000000000000000000, -1.000000000000000000, -0.000000000000000000 ) ) ;
#1135 = DIRECTION ( 'NONE',  ( 0.000000000000000000, 0.000000000000000000, 1.000000000000000000 ) ) ;
#1136 = ORIENTED_EDGE ( 'NONE', *, *, #509, .F. ) ;
#1137 = EDGE_CURVE ( 'NONE', #596, #248, #507, .T. ) ;
#1138 = ORIENTED_EDGE ( 'NONE', *, *, #2148, .F. ) ;
#1139 = ORIENTED_EDGE ( 'NONE', *, *, #2693, .T. ) ;
#1140 = DIRECTION ( 'NONE',  ( 0.000000000000000000, 0.000000000000000000, 1.000000000000000000 ) ) ;
#1141 = EDGE_CURVE ( 'NONE', #4812, #3990, #5361, .T. ) ;
#1142 = CARTESIAN_POINT ( 'NONE',  ( -9.511283720561264587, -2.500000000000000000, -23.14975676409983407 ) ) ;
#1143 = ORIENTED_EDGE ( 'NONE', *, *, #5910, .F. ) ;
#1144 = CARTESIAN_POINT ( 'NONE',  ( 24.27583800419692039, -3.000000000000000000, 3.504560663476692817 ) ) ;
#1145 = AXIS2_PLACEMENT_3D ( 'NONE', #3938, #2667, #2126 ) ;
#1146 = CARTESIAN_POINT ( 'NONE',  ( -11.10092522531329173, -3.000000000000000000, 12.42059112841879376 ) ) ;
#1147 = CARTESIAN_POINT ( 'NONE',  ( -22.16644285628606070, 3.265000000000000124, -11.62000720090157557 ) ) ;
#1148 = CARTESIAN_POINT ( 'NONE',  ( -31.84909871781261259, -2.576007553701626041, 3.696875540765331092 ) ) ;
#1149 =( BOUNDED_CURVE ( )  B_SPLINE_CURVE ( 3, ( #4539, #387, #851, #765 ),
 .UNSPECIFIED., .F., .F. ) 
 B_SPLINE_CURVE_WITH_KNOTS ( ( 4, 4 ),
 ( 3.100826193555325627, 3.182359113624260161 ),
 .UNSPECIFIED. ) 
 CURVE ( )  GEOMETRIC_REPRESENTATION_ITEM ( )  RATIONAL_B_SPLINE_CURVE ( ( 1.000000000000000000, 0.9994461086279967654, 0.9994461086279967654, 1.000000000000000000 ) ) 
 REPRESENTATION_ITEM ( '' )  );
#1150 = CARTESIAN_POINT ( 'NONE',  ( 7.749457208444795242, -2.989134702174653491, -23.39452422605319981 ) ) ;
#1151 = EDGE_CURVE ( 'NONE', #2158, #151, #2145, .T. ) ;
#1152 = ADVANCED_FACE ( 'NONE', ( #3080 ), #5796, .T. ) ;
#1153 = PLANE ( 'NONE',  #5616 ) ;
#1154 = ORIENTED_EDGE ( 'NONE', *, *, #1639, .F. ) ;
#1155 = CARTESIAN_POINT ( 'NONE',  ( -24.80391930942172607, -2.500000000000000000, 3.337865057442499950 ) ) ;
#1156 = CARTESIAN_POINT ( 'NONE',  ( 11.61707311970207712, 3.265000000000000124, 12.25785032243555506 ) ) ;
#1157 = DIRECTION ( 'NONE',  ( -0.000000000000000000, 1.000000000000000000, -0.000000000000000000 ) ) ;
#1158 = CARTESIAN_POINT ( 'NONE',  ( 7.771325233822694578, -2.956055507770138924, -23.48470910075649343 ) ) ;
#1159 = VERTEX_POINT ( 'NONE', #844 ) ;
#1160 = DIRECTION ( 'NONE',  ( -0.6427876096865573485, -0.000000000000000000, -0.7660444431189630254 ) ) ;
#1161 = ORIENTED_EDGE ( 'NONE', *, *, #1356, .T. ) ;
#1162 = DIRECTION ( 'NONE',  ( 0.000000000000000000, 0.000000000000000000, 1.000000000000000000 ) ) ;
#1163 = LINE ( 'NONE', #2098, #3957 ) ;
#1164 = DIRECTION ( 'NONE',  ( 0.1736481776669309418, 0.000000000000000000, 0.9848077530122080203 ) ) ;
#1165 = LINE ( 'NONE', #5779, #4165 ) ;
#1166 = ORIENTED_EDGE ( 'NONE', *, *, #4272, .T. ) ;
#1167 = VECTOR ( 'NONE', #3389, 1000.000000000000114 ) ;
#1168 = VERTEX_POINT ( 'NONE', #4508 ) ;
#1169 = ORIENTED_EDGE ( 'NONE', *, *, #4028, .T. ) ;
#1170 = AXIS2_PLACEMENT_3D ( 'NONE', #1581, #276, #2936 ) ;
#1171 = CARTESIAN_POINT ( 'NONE',  ( 9.171249647149318562, -3.000000000000000000, -30.72328364303766790 ) ) ;
#1172 = CARTESIAN_POINT ( 'NONE',  ( -9.794555928166921888, -3.000000000000000000, -30.56969980137444409 ) ) ;
#1173 = DIRECTION ( 'NONE',  ( -0.8191520442892442633, 0.000000000000000000, -0.5735764363506854480 ) ) ;
#1174 = AXIS2_PLACEMENT_3D ( 'NONE', #3736, #5599, #1022 ) ;
#1175 = VERTEX_POINT ( 'NONE', #3504 ) ;
#1176 = FACE_BOUND ( 'NONE', #1940, .T. ) ;
#1177 = CARTESIAN_POINT ( 'NONE',  ( -20.86842270413104927, 3.265000000000000124, -10.87059491664131272 ) ) ;
#1178 = VERTEX_POINT ( 'NONE', #4939 ) ;
#1179 = LINE ( 'NONE', #4423, #4582 ) ;
#1180 = EDGE_CURVE ( 'NONE', #1330, #1175, #2188, .T. ) ;
#1181 = DIRECTION ( 'NONE',  ( 0.6427876096865400291, 0.000000000000000000, 0.7660444431189773473 ) ) ;
#1182 = VECTOR ( 'NONE', #5440, 1000.000000000000000 ) ;
#1183 = VECTOR ( 'NONE', #5253, 1000.000000000000000 ) ;
#1184 = VERTEX_POINT ( 'NONE', #2201 ) ;
#1185 = LINE ( 'NONE', #2088, #3703 ) ;
#1186 = EDGE_CURVE ( 'NONE', #2305, #5806, #5001, .T. ) ;
#1187 = DIRECTION ( 'NONE',  ( 0.000000000000000000, 0.000000000000000000, 1.000000000000000000 ) ) ;
#1188 = EDGE_CURVE ( 'NONE', #3825, #3172, #5003, .T. ) ;
#1189 = AXIS2_PLACEMENT_3D ( 'NONE', #5584, #3662, #5050 ) ;
#1190 = DIRECTION ( 'NONE',  ( 0.000000000000000000, 0.000000000000000000, 1.000000000000000000 ) ) ;
#1191 = ORIENTED_EDGE ( 'NONE', *, *, #4855, .T. ) ;
#1192 = DIRECTION ( 'NONE',  ( -0.9961946980917979477, -0.000000000000000000, -0.08715574274706108793 ) ) ;
#1193 = VECTOR ( 'NONE', #3755, 999.9999999999998863 ) ;
#1194 = AXIS2_PLACEMENT_3D ( 'NONE', #3698, #5448, #5565 ) ;
#1195 = VERTEX_POINT ( 'NONE', #729 ) ;
#1196 = CARTESIAN_POINT ( 'NONE',  ( -15.42807299760151807, -2.668231137178780354, 4.600667168400171647 ) ) ;
#1197 = CARTESIAN_POINT ( 'NONE',  ( 0.000000000000000000, -3.000000000000000000, 0.000000000000000000 ) ) ;
#1198 = EDGE_CURVE ( 'NONE', #913, #5488, #4502, .T. ) ;
#1199 = FACE_OUTER_BOUND ( 'NONE', #5721, .T. ) ;
#1200 = CARTESIAN_POINT ( 'NONE',  ( -16.48760416466078027, -3.000000000000000000, 2.379187623289604758 ) ) ;
#1201 = CARTESIAN_POINT ( 'NONE',  ( 30.48720104788194618, -2.500000000000000000, 6.411451255148618245 ) ) ;
#1202 = ORIENTED_EDGE ( 'NONE', *, *, #952, .T. ) ;
#1203 = VERTEX_POINT ( 'NONE', #1211 ) ;
#1204 = FACE_OUTER_BOUND ( 'NONE', #1883, .T. ) ;
#1205 = CARTESIAN_POINT ( 'NONE',  ( 15.41649094842345136, -2.500000000000000000, 4.637323175571752110 ) ) ;
#1206 = CARTESIAN_POINT ( 'NONE',  ( -0.09029705238692943559, -3.000000000000000000, -0.5121000315670641845 ) ) ;
#1207 = ORIENTED_EDGE ( 'NONE', *, *, #2249, .F. ) ;
#1208 = CARTESIAN_POINT ( 'NONE',  ( 16.48760416466110712, -3.000000000000000000, 2.379187623289519937 ) ) ;
#1209 = CARTESIAN_POINT ( 'NONE',  ( -20.79608018602539588, -2.500000000000000000, 23.19696497017492476 ) ) ;
#1210 = CARTESIAN_POINT ( 'NONE',  ( 0.000000000000000000, -3.000000000000000000, 0.000000000000000000 ) ) ;
#1211 = CARTESIAN_POINT ( 'NONE',  ( 23.90990065744913906, -3.000000000000000000, 3.415960591966801907 ) ) ;
#1212 = AXIS2_PLACEMENT_3D ( 'NONE', #4564, #104, #3763 ) ;
#1213 = CARTESIAN_POINT ( 'NONE',  ( 7.666773543061884411, -3.000000000000000000, -23.29847290466493348 ) ) ;
#1214 = EDGE_LOOP ( 'NONE', ( #5479, #2985, #4753, #5640 ) ) ;
#1215 =( BOUNDED_CURVE ( )  B_SPLINE_CURVE ( 3, ( #2932, #3836, #5700, #1539 ),
 .UNSPECIFIED., .F., .T. ) 
 B_SPLINE_CURVE_WITH_KNOTS ( ( 4, 4 ),
 ( 4.712388980384686121, 6.283185307179586232 ),
 .UNSPECIFIED. ) 
 CURVE ( )  GEOMETRIC_REPRESENTATION_ITEM ( )  RATIONAL_B_SPLINE_CURVE ( ( 1.000000000000000000, 0.8047378541243641603, 0.8047378541243641603, 1.000000000000000000 ) ) 
 REPRESENTATION_ITEM ( '' )  );
#1216 = EDGE_CURVE ( 'NONE', #4773, #1226, #2376, .T. ) ;
#1217 = ORIENTED_EDGE ( 'NONE', *, *, #2662, .F. ) ;
#1218 = DIRECTION ( 'NONE',  ( -0.9396926207859082059, 0.000000000000000000, 0.3420201433256693790 ) ) ;
#1219 = CARTESIAN_POINT ( 'NONE',  ( -9.691120861856122204, -2.500000000000000000, -29.60841622532391781 ) ) ;
#1220 = CARTESIAN_POINT ( 'NONE',  ( 14.81695515800023522, -3.000000000000000000, 18.46713593082176885 ) ) ;
#1221 = EDGE_CURVE ( 'NONE', #611, #2639, #3148, .T. ) ;
#1222 = ADVANCED_FACE ( 'NONE', ( #413 ), #5986, .T. ) ;
#1223 = ORIENTED_EDGE ( 'NONE', *, *, #5134, .T. ) ;
#1224 = CARTESIAN_POINT ( 'NONE',  ( 15.29263558886092866, -2.500000000000000000, 19.81189170665698640 ) ) ;
#1225 = CIRCLE ( 'NONE', #5872, 0.8000000000020074387 ) ;
#1226 = VERTEX_POINT ( 'NONE', #1803 ) ;
#1227 = DIRECTION ( 'NONE',  ( 0.000000000000000000, 1.000000000000000000, -0.000000000000000000 ) ) ;
#1228 = CARTESIAN_POINT ( 'NONE',  ( 8.998655526814696159, -2.623645333209810637, -21.74132237720895944 ) ) ;
#1229 = CYLINDRICAL_SURFACE ( 'NONE', #5138, 0.5000000000000004441 ) ;
#1230 = FACE_OUTER_BOUND ( 'NONE', #2528, .T. ) ;
#1231 = STYLED_ITEM ( 'NONE', ( #4185 ), #1291 ) ;
#1232 = ADVANCED_FACE ( 'NONE', ( #2739 ), #2316, .F. ) ;
#1233 = EDGE_CURVE ( 'NONE', #2644, #2038, #1649, .T. ) ;
#1234 = VERTEX_POINT ( 'NONE', #3728 ) ;
#1235 = LINE ( 'NONE', #1171, #1182 ) ;
#1236 = DIRECTION ( 'NONE',  ( -0.000000000000000000, -1.000000000000000000, -0.000000000000000000 ) ) ;
#1237 = FACE_OUTER_BOUND ( 'NONE', #3650, .T. ) ;
#1238 = CARTESIAN_POINT ( 'NONE',  ( -24.59890898943532989, -3.000000000000000000, 3.809429512648095262 ) ) ;
#1239 = CARTESIAN_POINT ( 'NONE',  ( 11.62179428098779077, -2.798953584472874567, 11.14306653760040788 ) ) ;
#1240 = TOROIDAL_SURFACE ( 'NONE', #2677, 24.52749999999999275, 0.5000000000000000000 ) ;
#1241 = CARTESIAN_POINT ( 'NONE',  ( -7.081682580411170491, 3.265000000000000124, -22.43904346959336848 ) ) ;
#1242 = CARTESIAN_POINT ( 'NONE',  ( 16.50770360160581163, -2.935926026333293137, 18.47649049042923153 ) ) ;
#1243 = CIRCLE ( 'NONE', #2867, 0.7999999999999990452 ) ;
#1244 = ORIENTED_EDGE ( 'NONE', *, *, #4578, .F. ) ;
#1245 = CARTESIAN_POINT ( 'NONE',  ( 12.14675912257063040, -3.000000000000000000, -29.71356785366922892 ) ) ;
#1246 = CARTESIAN_POINT ( 'NONE',  ( -7.749356533275926218, -2.989174111802613165, -23.39444160967445896 ) ) ;
#1247 = ORIENTED_EDGE ( 'NONE', *, *, #718, .F. ) ;
#1248 = CARTESIAN_POINT ( 'NONE',  ( 15.89194039108607015, 3.265000000000000124, 17.35243875097005528 ) ) ;
#1249 = ORIENTED_EDGE ( 'NONE', *, *, #1186, .F. ) ;
#1250 = FACE_OUTER_BOUND ( 'NONE', #3812, .T. ) ;
#1251 = EDGE_CURVE ( 'NONE', #5579, #50, #1798, .T. ) ;
#1252 = LINE ( 'NONE', #5318, #5349 ) ;
#1253 = CARTESIAN_POINT ( 'NONE',  ( -1.509956535254285193, 3.265000000000000124, 0.2662460768590320659 ) ) ;
#1254 = ORIENTED_EDGE ( 'NONE', *, *, #2798, .T. ) ;
#1255 = CARTESIAN_POINT ( 'NONE',  ( 11.61707311970207712, -2.500000000000000000, 12.25785032243555506 ) ) ;
#1256 = CARTESIAN_POINT ( 'NONE',  ( 31.19276894612020712, -3.000000000000000000, 7.419106642638352511 ) ) ;
#1257 = VERTEX_POINT ( 'NONE', #4675 ) ;
#1258 = EDGE_CURVE ( 'NONE', #494, #3939, #979, .T. ) ;
#1259 = FACE_OUTER_BOUND ( 'NONE', #527, .T. ) ;
#1260 = CARTESIAN_POINT ( 'NONE',  ( 10.23180186323414453, -3.000000000000000000, -29.63202286765672966 ) ) ;
#1261 = EDGE_CURVE ( 'NONE', #4274, #1376, #2768, .T. ) ;
#1262 = AXIS2_PLACEMENT_3D ( 'NONE', #3325, #2875, #550 ) ;
#1263 = PRODUCT_CONTEXT ( 'NONE', #1575, 'mechanical' ) ;
#1264 = ORIENTED_EDGE ( 'NONE', *, *, #3612, .T. ) ;
#1265 = PLANE ( 'NONE',  #3643 ) ;
#1266 = DIRECTION ( 'NONE',  ( 0.000000000000000000, 1.000000000000000000, 0.000000000000000000 ) ) ;
#1267 = DIRECTION ( 'NONE',  ( 0.8660254037844367092, 0.000000000000000000, 0.5000000000000034417 ) ) ;
#1268 = EDGE_CURVE ( 'NONE', #4337, #4662, #1828, .T. ) ;
#1269 = CARTESIAN_POINT ( 'NONE',  ( 15.60607930272259658, -3.000000000000000000, 18.59860107533160445 ) ) ;
#1270 = AXIS2_PLACEMENT_3D ( 'NONE', #2011, #3299, #5293 ) ;
#1271 = ORIENTED_EDGE ( 'NONE', *, *, #756, .F. ) ;
#1272 = VECTOR ( 'NONE', #580, 1000.000000000000114 ) ;
#1273 = EDGE_LOOP ( 'NONE', ( #2195, #2373, #4952, #3468 ) ) ;
#1274 = VECTOR ( 'NONE', #3771, 1000.000000000000114 ) ;
#1275 = CARTESIAN_POINT ( 'NONE',  ( 17.21793483357267363, -3.000000000000000000, 3.035986463248324885 ) ) ;
#1276 = CARTESIAN_POINT ( 'NONE',  ( 11.60809380826084514, 3.265000000000000124, -28.91069513294267423 ) ) ;
#1277 = AXIS2_PLACEMENT_3D ( 'NONE', #4407, #805, #2101 ) ;
#1278 = CARTESIAN_POINT ( 'NONE',  ( 30.48720104788194618, 3.265000000000000124, 6.411451255148618245 ) ) ;
#1279 = B_SPLINE_CURVE_WITH_KNOTS ( 'NONE', 3,
 ( #3416, #2900, #4759, #609, #4304, #672, #2523, #149 ),
 .UNSPECIFIED., .F., .F.,
 ( 4, 2, 2, 4 ),
 ( 0.000000000000000000, 0.0002554680715912227107, 0.0005109361431824454213, 0.001021872286364890843 ),
 .UNSPECIFIED. ) ;
#1280 = ORIENTED_EDGE ( 'NONE', *, *, #2729, .F. ) ;
#1281 = FACE_OUTER_BOUND ( 'NONE', #3907, .T. ) ;
#1282 = VERTEX_POINT ( 'NONE', #4643 ) ;
#1283 = DIRECTION ( 'NONE',  ( 0.000000000000000000, 0.000000000000000000, 1.000000000000000000 ) ) ;
#1284 = AXIS2_PLACEMENT_3D ( 'NONE', #773, #2100, #1622 ) ;
#1285 = CYLINDRICAL_SURFACE ( 'NONE', #5531, 14.57731163100803862 ) ;
#1286 = ORIENTED_EDGE ( 'NONE', *, *, #4289, .T. ) ;
#1287 = VECTOR ( 'NONE', #2, 1000.000000000000000 ) ;
#1288 = FACE_OUTER_BOUND ( 'NONE', #1885, .T. ) ;
#1289 = EDGE_CURVE ( 'NONE', #3939, #1626, #4617, .T. ) ;
#1290 = EDGE_LOOP ( 'NONE', ( #1772, #61, #3820, #1000, #163 ) ) ;
#1291 = MANIFOLD_SOLID_BREP ( 'Cut-Extrude4', #776 ) ;
#1292 = CARTESIAN_POINT ( 'NONE',  ( -8.303821354723572412, 3.265000000000000568, -22.81456166729534374 ) ) ;
#1293 = CARTESIAN_POINT ( 'NONE',  ( 16.13735811669181075, -2.500000000000000000, 3.522179255920664609 ) ) ;
#1294 = ADVANCED_FACE ( 'NONE', ( #5503 ), #1352, .T. ) ;
#1295 = FACE_OUTER_BOUND ( 'NONE', #4254, .T. ) ;
#1296 = CARTESIAN_POINT ( 'NONE',  ( 11.29540193480724319, -3.000000000000000000, 11.48155158095040029 ) ) ;
#1297 = DIRECTION ( 'NONE',  ( 0.000000000000000000, 0.000000000000000000, -1.000000000000000000 ) ) ;
#1298 = DIRECTION ( 'NONE',  ( 0.000000000000000000, 0.000000000000000000, -1.000000000000000000 ) ) ;
#1299 = EDGE_CURVE ( 'NONE', #3775, #596, #271, .T. ) ;
#1300 = EDGE_LOOP ( 'NONE', ( #4887, #3281, #2794, #3071 ) ) ;
#1301 = CARTESIAN_POINT ( 'NONE',  ( -8.303821354723572412, 3.265000000000000568, -22.01456166729333574 ) ) ;
#1302 = DIRECTION ( 'NONE',  ( 0.000000000000000000, -1.000000000000000000, 0.000000000000000000 ) ) ;
#1303 = ORIENTED_EDGE ( 'NONE', *, *, #1591, .T. ) ;
#1304 = DIRECTION ( 'NONE',  ( 0.9961946980917977257, 0.000000000000000000, 0.08715574274706106017 ) ) ;
#1305 = DIRECTION ( 'NONE',  ( 0.000000000000000000, 0.000000000000000000, 1.000000000000000000 ) ) ;
#1306 = ORIENTED_EDGE ( 'NONE', *, *, #4136, .T. ) ;
#1307 = DIRECTION ( 'NONE',  ( -0.000000000000000000, 1.000000000000000000, -0.000000000000000000 ) ) ;
#1308 = AXIS2_PLACEMENT_3D ( 'NONE', #3932, #699, #3475 ) ;
#1309 = CARTESIAN_POINT ( 'NONE',  ( -16.42414633486748698, 3.265000000000000124, 3.931755278065442560 ) ) ;
#1310 = DIRECTION ( 'NONE',  ( -0.9063077870364197874, 0.000000000000000000, 0.4226182617411931020 ) ) ;
#1311 = ORIENTED_EDGE ( 'NONE', *, *, #5008, .F. ) ;
#1312 = B_SPLINE_CURVE_WITH_KNOTS ( 'NONE', 3,
 ( #174, #606, #1123, #4824, #4331, #3476 ),
 .UNSPECIFIED., .F., .F.,
 ( 4, 2, 4 ),
 ( 0.000000000000000000, 0.0003644118814590581738, 0.0007288237629181163477 ),
 .UNSPECIFIED. ) ;
#1313 = DIRECTION ( 'NONE',  ( 0.000000000000000000, 0.000000000000000000, 1.000000000000000000 ) ) ;
#1314 = AXIS2_PLACEMENT_3D ( 'NONE', #3655, #5576, #2752 ) ;
#1315 = AXIS2_PLACEMENT_3D ( 'NONE', #4071, #2601, #4014 ) ;
#1316 = CARTESIAN_POINT ( 'NONE',  ( 31.84812112076676627, -2.650251510363329732, 3.719278802826327279 ) ) ;
#1317 = ORIENTED_EDGE ( 'NONE', *, *, #2910, .T. ) ;
#1318 = DIRECTION ( 'NONE',  ( -0.000000000000000000, 1.000000000000000000, -0.000000000000000000 ) ) ;
#1319 = FACE_BOUND ( 'NONE', #4821, .T. ) ;
#1320 = DIRECTION ( 'NONE',  ( -0.5735764363516123732, 0.000000000000000000, 0.8191520442885952269 ) ) ;
#1321 = AXIS2_PLACEMENT_3D ( 'NONE', #4585, #2820, #2290 ) ;
#1322 = EDGE_CURVE ( 'NONE', #4377, #135, #5095, .T. ) ;
#1323 = EDGE_LOOP ( 'NONE', ( #5346, #2757, #2923, #752, #3596, #2870, #2699, #1069, #4942, #2429 ) ) ;
#1324 = CARTESIAN_POINT ( 'NONE',  ( 16.36881259516397691, -3.000000000000000000, 2.209535680094501853 ) ) ;
#1325 = LINE ( 'NONE', #5903, #2086 ) ;
#1326 =( NAMED_UNIT ( * ) PLANE_ANGLE_UNIT ( ) SI_UNIT ( $, .RADIAN. ) );
#1327 = EDGE_CURVE ( 'NONE', #1984, #1824, #4807, .T. ) ;
#1328 = CARTESIAN_POINT ( 'NONE',  ( -1.020000000000000018, -0.9761472547094258712, 25.00670622553088762 ) ) ;
#1329 = VECTOR ( 'NONE', #4382, 1000.000000000000000 ) ;
#1330 = VERTEX_POINT ( 'NONE', #4710 ) ;
#1331 = CARTESIAN_POINT ( 'NONE',  ( 12.41879045059344122, -2.961507457126754783, -29.58445293864368253 ) ) ;
#1332 = LINE ( 'NONE', #3169, #2668 ) ;
#1333 = ADVANCED_FACE ( 'NONE', ( #5685 ), #1109, .F. ) ;
#1334 = EDGE_CURVE ( 'NONE', #3806, #1371, #96, .T. ) ;
#1335 = VECTOR ( 'NONE', #1707, 1000.000000000000000 ) ;
#1336 = DIRECTION ( 'NONE',  ( -0.9063077870365632283, 0.000000000000000000, 0.4226182617408857367 ) ) ;
#1337 = ORIENTED_EDGE ( 'NONE', *, *, #5697, .T. ) ;
#1338 = DIRECTION ( 'NONE',  ( -0.9396926207859089830, 0.000000000000000000, -0.3420201433256673806 ) ) ;
#1339 = VERTEX_POINT ( 'NONE', #2847 ) ;
#1340 = FACE_OUTER_BOUND ( 'NONE', #3668, .T. ) ;
#1341 = CARTESIAN_POINT ( 'NONE',  ( -24.80391930942172607, -2.500000000000000000, 3.337865057442499950 ) ) ;
#1342 = CARTESIAN_POINT ( 'NONE',  ( -0.5244024014048652704, -3.000000000000000000, -1.440783756571787144 ) ) ;
#1343 = FACE_OUTER_BOUND ( 'NONE', #2702, .T. ) ;
#1344 = VERTEX_POINT ( 'NONE', #2378 ) ;
#1345 = CARTESIAN_POINT ( 'NONE',  ( -0.3983431104218756458, -3.000000000000000000, -0.3342495570370129232 ) ) ;
#1346 = LINE ( 'NONE', #3128, #5906 ) ;
#1347 = DIRECTION ( 'NONE',  ( 1.776356839400250465E-15, 0.000000000000000000, 1.000000000000000000 ) ) ;
#1348 = B_SPLINE_CURVE_WITH_KNOTS ( 'NONE', 3,
 ( #2412, #528, #1914, #5197 ),
 .UNSPECIFIED., .F., .F.,
 ( 4, 4 ),
 ( 0.0002259430207375593628, 0.0004897447509128168095 ),
 .UNSPECIFIED. ) ;
#1349 = LINE ( 'NONE', #1324, #3221 ) ;
#1350 = AXIS2_PLACEMENT_3D ( 'NONE', #1132, #182, #2096 ) ;
#1351 = CARTESIAN_POINT ( 'NONE',  ( 0.000000000000000000, 3.265000000000000124, 0.000000000000000000 ) ) ;
#1352 = PLANE ( 'NONE',  #5680 ) ;
#1353 = CARTESIAN_POINT ( 'NONE',  ( 0.000000000000000000, 3.265000000000000124, 0.000000000000000000 ) ) ;
#1354 = ORIENTED_EDGE ( 'NONE', *, *, #4929, .T. ) ;
#1355 = DIRECTION ( 'NONE',  ( 0.9848077530122122392, 0.000000000000000000, 0.1736481776669060451 ) ) ;
#1356 = EDGE_CURVE ( 'NONE', #3768, #2678, #1800, .T. ) ;
#1357 = ORIENTED_EDGE ( 'NONE', *, *, #4100, .F. ) ;
#1358 = CARTESIAN_POINT ( 'NONE',  ( -15.17295756577378540, -3.000000000000000000, 19.27121207805123149 ) ) ;
#1359 = CARTESIAN_POINT ( 'NONE',  ( 9.102880438427794374, -3.000000000000000000, -22.77577274152708497 ) ) ;
#1360 = AXIS2_PLACEMENT_3D ( 'NONE', #2299, #3676, #991 ) ;
#1361 = AXIS2_PLACEMENT_3D ( 'NONE', #5096, #4174, #5578 ) ;
#1362 = EDGE_LOOP ( 'NONE', ( #69, #1700, #4345, #82 ) ) ;
#1363 = CARTESIAN_POINT ( 'NONE',  ( -23.90990065744811588, -3.000000000000000000, 4.215960591966999793 ) ) ;
#1364 = EDGE_CURVE ( 'NONE', #732, #3914, #558, .T. ) ;
#1365 = VERTEX_POINT ( 'NONE', #1044 ) ;
#1366 = LINE ( 'NONE', #2215, #2324 ) ;
#1367 = CARTESIAN_POINT ( 'NONE',  ( 21.14644285628196485, 3.265000000000000124, -13.38669902462893191 ) ) ;
#1368 = CARTESIAN_POINT ( 'NONE',  ( 3.692205798609079270, -3.000000000000000000, -15.66973438633268856 ) ) ;
#1369 = CARTESIAN_POINT ( 'NONE',  ( -9.691120861856122204, -3.000000000000000000, -29.60841622532391781 ) ) ;
#1370 = EDGE_CURVE ( 'NONE', #1584, #3362, #2881, .T. ) ;
#1371 = VERTEX_POINT ( 'NONE', #1007 ) ;
#1372 = CARTESIAN_POINT ( 'NONE',  ( 16.42414633486759712, 3.265000000000000124, 3.931755278064975823 ) ) ;
#1373 = CYLINDRICAL_SURFACE ( 'NONE', #4943, 0.5000000000000001110 ) ;
#1374 = DIRECTION ( 'NONE',  ( 0.000000000000000000, 0.000000000000000000, -1.000000000000000000 ) ) ;
#1375 = VECTOR ( 'NONE', #2758, 1000.000000000000000 ) ;
#1376 = VERTEX_POINT ( 'NONE', #2441 ) ;
#1377 = VECTOR ( 'NONE', #951, 1000.000000000000000 ) ;
#1378 = DIRECTION ( 'NONE',  ( -0.000000000000000000, -1.000000000000000000, -0.000000000000000000 ) ) ;
#1379 = DIRECTION ( 'NONE',  ( -0.000000000000000000, -1.000000000000000000, -0.000000000000000000 ) ) ;
#1380 = DIRECTION ( 'NONE',  ( -0.000000000000000000, -1.000000000000000000, -0.000000000000000000 ) ) ;
#1381 = EDGE_LOOP ( 'NONE', ( #16, #4503, #5718, #3598, #263 ) ) ;
#1382 = LINE ( 'NONE', #5936, #2547 ) ;
#1383 = ORIENTED_EDGE ( 'NONE', *, *, #974, .F. ) ;
#1384 = LINE ( 'NONE', #955, #128 ) ;
#1385 = CARTESIAN_POINT ( 'NONE',  ( 16.40987278511658332, -3.000000000000000888, 18.64201300552868190 ) ) ;
#1386 = EDGE_CURVE ( 'NONE', #2358, #645, #753, .T. ) ;
#1387 = DIRECTION ( 'NONE',  ( 0.08715574274696420709, 0.000000000000000000, 0.9961946980918062744 ) ) ;
#1388 = ORIENTED_EDGE ( 'NONE', *, *, #1948, .F. ) ;
#1389 = EDGE_LOOP ( 'NONE', ( #1748, #1161, #356, #792, #671, #846, #1891, #3323 ) ) ;
#1390 = CARTESIAN_POINT ( 'NONE',  ( 0.000000000000000000, -2.500000000000000000, 0.000000000000000000 ) ) ;
#1391 = CARTESIAN_POINT ( 'NONE',  ( 24.07377999747265918, -2.999999999999999556, 5.001592718388959469 ) ) ;
#1392 = CARTESIAN_POINT ( 'NONE',  ( -24.80391930942172607, -2.619670988164068071, 3.337865057442500838 ) ) ;
#1393 = EDGE_CURVE ( 'NONE', #2367, #5709, #2212, .T. ) ;
#1394 = EDGE_CURVE ( 'NONE', #1282, #2367, #1942, .T. ) ;
#1395 = DIRECTION ( 'NONE',  ( 0.000000000000000000, 0.000000000000000000, -1.000000000000000000 ) ) ;
#1396 =( BOUNDED_CURVE ( )  B_SPLINE_CURVE ( 3, ( #5652, #1405, #3296, #5160 ),
 .UNSPECIFIED., .F., .F. ) 
 B_SPLINE_CURVE_WITH_KNOTS ( ( 4, 4 ),
 ( 0.000000000000000000, 1.570796326794896558 ),
 .UNSPECIFIED. ) 
 CURVE ( )  GEOMETRIC_REPRESENTATION_ITEM ( )  RATIONAL_B_SPLINE_CURVE ( ( 1.000000000000000000, 0.8047378541243649375, 0.8047378541243649375, 1.000000000000000000 ) ) 
 REPRESENTATION_ITEM ( '' )  );
#1397 = VECTOR ( 'NONE', #2831, 1000.000000000000000 ) ;
#1398 = ORIENTED_EDGE ( 'NONE', *, *, #2366, .T. ) ;
#1399 = CARTESIAN_POINT ( 'NONE',  ( -11.61707311970166501, -2.500000000000000000, 12.25785032243587658 ) ) ;
#1400 = CARTESIAN_POINT ( 'NONE',  ( 0.000000000000000000, -3.000000000000000000, 0.000000000000000000 ) ) ;
#1401 = LINE ( 'NONE', #2260, #208 ) ;
#1402 = EDGE_CURVE ( 'NONE', #2335, #505, #3788, .T. ) ;
#1403 = VECTOR ( 'NONE', #5394, 1000.000000000000000 ) ;
#1404 = EDGE_CURVE ( 'NONE', #4412, #3948, #4347, .T. ) ;
#1405 = CARTESIAN_POINT ( 'NONE',  ( -4.807073215166054680, -2.792893218813452982, -16.18960560050088304 ) ) ;
#1406 = AXIS2_PLACEMENT_3D ( 'NONE', #1746, #379, #5417 ) ;
#1407 = DIRECTION ( 'NONE',  ( 0.000000000000000000, 0.000000000000000000, -1.000000000000000000 ) ) ;
#1408 = CARTESIAN_POINT ( 'NONE',  ( -8.735336071101523103, -2.988133748785012145, -22.13583261853020545 ) ) ;
#1409 = ADVANCED_FACE ( 'NONE', ( #2041 ), #3888, .T. ) ;
#1410 = VECTOR ( 'NONE', #2627, 1000.000000000000000 ) ;
#1411 = VERTEX_POINT ( 'NONE', #3756 ) ;
#1412 = LINE ( 'NONE', #4589, #4763 ) ;
#1413 = VERTEX_POINT ( 'NONE', #1560 ) ;
#1414 = CARTESIAN_POINT ( 'NONE',  ( -15.60607930272161070, -3.000000000000000000, 18.59860107532878004 ) ) ;
#1415 = CARTESIAN_POINT ( 'NONE',  ( -12.72296122597416002, -2.500000000000000000, -29.43056634764681334 ) ) ;
#1416 = DIRECTION ( 'NONE',  ( 0.4226182617402615693, 0.000000000000000000, -0.9063077870368542177 ) ) ;
#1417 = VERTEX_POINT ( 'NONE', #5619 ) ;
#1418 = LINE ( 'NONE', #839, #4279 ) ;
#1419 = EDGE_LOOP ( 'NONE', ( #2878, #1169, #1555, #2669 ) ) ;
#1420 = DIRECTION ( 'NONE',  ( 0.000000000000000000, 0.000000000000000000, 1.000000000000000000 ) ) ;
#1421 = DIRECTION ( 'NONE',  ( -0.9063077870364758537, 0.000000000000000000, -0.4226182617410730868 ) ) ;
#1422 = CIRCLE ( 'NONE', #2200, 23.52999999999999403 ) ;
#1423 = FACE_OUTER_BOUND ( 'NONE', #159, .T. ) ;
#1424 = CIRCLE ( 'NONE', #4714, 0.7999999999999986011 ) ;
#1425 = ORIENTED_EDGE ( 'NONE', *, *, #1393, .F. ) ;
#1426 = DIRECTION ( 'NONE',  ( -0.000000000000000000, 1.000000000000000000, -0.000000000000000000 ) ) ;
#1427 = EDGE_CURVE ( 'NONE', #1890, #2977, #5194, .T. ) ;
#1428 = CARTESIAN_POINT ( 'NONE',  ( 10.05434245573840357, -2.792893218813452094, 13.56913704619687344 ) ) ;
#1429 = CARTESIAN_POINT ( 'NONE',  ( 16.85536625282482959, 3.265000000000000124, 18.50060498289537847 ) ) ;
#1430 = DIRECTION ( 'NONE',  ( 0.000000000000000000, -1.000000000000000000, 0.000000000000000000 ) ) ;
#1431 = ORIENTED_EDGE ( 'NONE', *, *, #2657, .T. ) ;
#1432 = ORIENTED_EDGE ( 'NONE', *, *, #4129, .T. ) ;
#1433 = FACE_OUTER_BOUND ( 'NONE', #838, .T. ) ;
#1434 = EDGE_CURVE ( 'NONE', #3802, #5249, #127, .T. ) ;
#1435 = B_SPLINE_CURVE_WITH_KNOTS ( 'NONE', 3,
 ( #2483, #2451, #201, #1572 ),
 .UNSPECIFIED., .F., .F.,
 ( 4, 4 ),
 ( 0.0002530704856821661846, 0.0004294922445860957483 ),
 .UNSPECIFIED. ) ;
#1436 = EDGE_CURVE ( 'NONE', #5835, #3414, #1075, .T. ) ;
#1437 = DIRECTION ( 'NONE',  ( 0.6427876096865401401, 0.000000000000000000, 0.7660444431189774583 ) ) ;
#1438 = SURFACE_SIDE_STYLE ('',( #462 ) ) ;
#1439 = ORIENTED_EDGE ( 'NONE', *, *, #1556, .F. ) ;
#1440 = CARTESIAN_POINT ( 'NONE',  ( 8.663563913385242898, -3.000000000000000444, -22.09504205703917279 ) ) ;
#1441 = EDGE_CURVE ( 'NONE', #1083, #4328, #3400, .T. ) ;
#1442 = ORIENTED_EDGE ( 'NONE', *, *, #3714, .T. ) ;
#1443 = CARTESIAN_POINT ( 'NONE',  ( -16.07282071980270644, -2.586846802861105132, 0.9150920754742641883 ) ) ;
#1444 = CARTESIAN_POINT ( 'NONE',  ( 16.39539829303679497, -2.970787267806020537, 18.46831089329654318 ) ) ;
#1445 = DIRECTION ( 'NONE',  ( 0.000000000000000000, -1.000000000000000000, 0.000000000000000000 ) ) ;
#1446 = ORIENTED_EDGE ( 'NONE', *, *, #4614, .T. ) ;
#1447 = ORIENTED_EDGE ( 'NONE', *, *, #1895, .F. ) ;
#1448 = DIRECTION ( 'NONE',  ( 0.000000000000000000, -1.000000000000000000, 0.000000000000000000 ) ) ;
#1449 = CARTESIAN_POINT ( 'NONE',  ( 15.41649094842345136, -2.586846802861127781, 4.637323175571753886 ) ) ;
#1450 = ORIENTED_EDGE ( 'NONE', *, *, #3873, .T. ) ;
#1451 = AXIS2_PLACEMENT_3D ( 'NONE', #5834, #2665, #4516 ) ;
#1452 = CARTESIAN_POINT ( 'NONE',  ( -9.511283720561264587, -3.000000000000000000, -23.14975676409983407 ) ) ;
#1453 = ORIENTED_EDGE ( 'NONE', *, *, #1327, .T. ) ;
#1454 = ORIENTED_EDGE ( 'NONE', *, *, #747, .T. ) ;
#1455 = CARTESIAN_POINT ( 'NONE',  ( -0.3983431104224306463, -3.000000000000000000, -0.3342495570374582337 ) ) ;
#1456 = FACE_OUTER_BOUND ( 'NONE', #5168, .T. ) ;
#1457 = CIRCLE ( 'NONE', #1557, 14.64608244481071075 ) ;
#1458 = CARTESIAN_POINT ( 'NONE',  ( 23.52186717384439518, -3.000000000000000000, 4.915553341793946984 ) ) ;
#1459 = EDGE_CURVE ( 'NONE', #5709, #125, #5323, .T. ) ;
#1460 = CIRCLE ( 'NONE', #590, 0.8000000000030464964 ) ;
#1461 = CARTESIAN_POINT ( 'NONE',  ( 6.500088757881872681, -2.999999999999999556, -15.48210631670260007 ) ) ;
#1462 = FACE_OUTER_BOUND ( 'NONE', #1419, .T. ) ;
#1463 = CARTESIAN_POINT ( 'NONE',  ( -15.60607930272161070, 9.530000000000001137, 18.59860107532878004 ) ) ;
#1464 = AXIS2_PLACEMENT_3D ( 'NONE', #431, #2228, #2284 ) ;
#1465 = LINE ( 'NONE', #130, #1554 ) ;
#1466 = EDGE_CURVE ( 'NONE', #151, #961, #1422, .T. ) ;
#1467 = ORIENTED_EDGE ( 'NONE', *, *, #1370, .F. ) ;
#1468 = CARTESIAN_POINT ( 'NONE',  ( -9.511283720561264587, -2.500000000000000000, -23.14975676409983407 ) ) ;
#1469 = TOROIDAL_SURFACE ( 'NONE', #2340, 24.03000000000000114, 0.5000000000000000000 ) ;
#1470 = AXIS2_PLACEMENT_3D ( 'NONE', #1829, #3617, #5058 ) ;
#1471 = CARTESIAN_POINT ( 'NONE',  ( 8.887658524024031337, -3.000000000000000000, -22.26435328922415025 ) ) ;
#1472 = ORIENTED_EDGE ( 'NONE', *, *, #22, .F. ) ;
#1473 = CARTESIAN_POINT ( 'NONE',  ( 8.998655526814697936, 3.265000000000000124, -21.74132237720895944 ) ) ;
#1474 = CARTESIAN_POINT ( 'NONE',  ( -31.84431466948615252, -2.778643711280890827, 3.796404506813498614 ) ) ;
#1475 = DIRECTION ( 'NONE',  ( -0.6427876096865391409, 0.000000000000000000, 0.7660444431189782355 ) ) ;
#1476 = EDGE_CURVE ( 'NONE', #1501, #2009, #2391, .T. ) ;
#1477 = PLANE ( 'NONE',  #5612 ) ;
#1478 = CYLINDRICAL_SURFACE ( 'NONE', #4467, 0.4999999999999990563 ) ;
#1479 = ORIENTED_EDGE ( 'NONE', *, *, #4886, .T. ) ;
#1480 = ORIENTED_EDGE ( 'NONE', *, *, #173, .F. ) ;
#1481 = DIRECTION ( 'NONE',  ( 0.000000000000000000, 0.000000000000000000, -1.000000000000000000 ) ) ;
#1482 = DIRECTION ( 'NONE',  ( 0.4226182617410730868, 0.000000000000000000, -0.9063077870364758537 ) ) ;
#1483 = ORIENTED_EDGE ( 'NONE', *, *, #819, .F. ) ;
#1484 = CARTESIAN_POINT ( 'NONE',  ( 14.81459121830372894, -2.973325924937204157, 18.71499098996230259 ) ) ;
#1485 = ORIENTED_EDGE ( 'NONE', *, *, #914, .F. ) ;
#1486 = DIRECTION ( 'NONE',  ( 0.8191520442892442633, 0.000000000000000000, 0.5735764363506855590 ) ) ;
#1487 = ORIENTED_EDGE ( 'NONE', *, *, #5918, .F. ) ;
#1488 = DIRECTION ( 'NONE',  ( 0.3420201433256698786, 0.000000000000000000, 0.9396926207859079838 ) ) ;
#1489 = PLANE ( 'NONE',  #5715 ) ;
#1490 = DIRECTION ( 'NONE',  ( 0.000000000000000000, -1.000000000000000000, 0.000000000000000000 ) ) ;
#1491 = VERTEX_POINT ( 'NONE', #3524 ) ;
#1492 = CIRCLE ( 'NONE', #4498, 0.8000000000029927616 ) ;
#1493 = ORIENTED_EDGE ( 'NONE', *, *, #175, .T. ) ;
#1494 = FACE_OUTER_BOUND ( 'NONE', #1931, .T. ) ;
#1495 = DIRECTION ( 'NONE',  ( 0.9961946980917633088, 0.000000000000000000, 0.08715574274745541139 ) ) ;
#1496 = AXIS2_PLACEMENT_3D ( 'NONE', #2423, #4234, #962 ) ;
#1497 = CARTESIAN_POINT ( 'NONE',  ( -15.29263558886042063, 3.265000000000000124, 19.81189170665737365 ) ) ;
#1498 = ORIENTED_EDGE ( 'NONE', *, *, #1589, .T. ) ;
#1499 = CARTESIAN_POINT ( 'NONE',  ( 16.07282071980215932, -2.586862816039485757, 0.9150920754745593966 ) ) ;
#1500 = DIRECTION ( 'NONE',  ( 0.000000000000000000, -1.000000000000000000, 0.000000000000000000 ) ) ;
#1501 = VERTEX_POINT ( 'NONE', #2620 ) ;
#1502 = CARTESIAN_POINT ( 'NONE',  ( -15.60607930272161070, 3.265000000000000568, 18.59860107532878004 ) ) ;
#1503 = EDGE_CURVE ( 'NONE', #3750, #5506, #2973, .T. ) ;
#1504 = PLANE ( 'NONE',  #44 ) ;
#1505 = CIRCLE ( 'NONE', #3239, 23.52999999999999758 ) ;
#1506 = ORIENTED_EDGE ( 'NONE', *, *, #2068, .T. ) ;
#1507 = AXIS2_PLACEMENT_3D ( 'NONE', #190, #3853, #1140 ) ;
#1508 = ORIENTED_EDGE ( 'NONE', *, *, #4101, .T. ) ;
#1509 = CARTESIAN_POINT ( 'NONE',  ( 11.20908218885301011, -3.000000000000000000, -29.27632191860117317 ) ) ;
#1510 = EDGE_CURVE ( 'NONE', #3362, #5705, #586, .T. ) ;
#1511 = PLANE ( 'NONE',  #3623 ) ;
#1512 = EDGE_CURVE ( 'NONE', #2135, #280, #3215, .T. ) ;
#1513 = ORIENTED_EDGE ( 'NONE', *, *, #5894, .F. ) ;
#1514 = PLANE ( 'NONE',  #1170 ) ;
#1515 = ORIENTED_EDGE ( 'NONE', *, *, #4935, .F. ) ;
#1516 = DIRECTION ( 'NONE',  ( 0.000000000000000000, -0.000000000000000000, 1.000000000000000000 ) ) ;
#1517 = ORIENTED_EDGE ( 'NONE', *, *, #2021, .T. ) ;
#1518 = DIRECTION ( 'NONE',  ( 0.000000000000000000, -1.000000000000000000, 0.000000000000000000 ) ) ;
#1519 = CARTESIAN_POINT ( 'NONE',  ( -11.23820881949889028, 3.265000000000000124, 13.39317573496176550 ) ) ;
#1520 = CARTESIAN_POINT ( 'NONE',  ( -9.101228093024730015, -2.989046778226012169, -22.90278593090360104 ) ) ;
#1521 = DIRECTION ( 'NONE',  ( 0.000000000000000000, -1.000000000000000000, 0.000000000000000000 ) ) ;
#1522 = EDGE_LOOP ( 'NONE', ( #683, #5818, #1972, #4443 ) ) ;
#1523 = VECTOR ( 'NONE', #3436, 1000.000000000000000 ) ;
#1524 = ORIENTED_EDGE ( 'NONE', *, *, #386, .T. ) ;
#1525 = ORIENTED_EDGE ( 'NONE', *, *, #4164, .F. ) ;
#1526 = B_SPLINE_CURVE_WITH_KNOTS ( 'NONE', 3,
 ( #4882, #896, #3608, #231 ),
 .UNSPECIFIED., .F., .F.,
 ( 4, 4 ),
 ( 0.0004331434541823674794, 0.0006219894502968318153 ),
 .UNSPECIFIED. ) ;
#1527 = DIRECTION ( 'NONE',  ( 0.000000000000000000, 0.000000000000000000, -1.000000000000000000 ) ) ;
#1528 = CYLINDRICAL_SURFACE ( 'NONE', #1270, 0.7999999999999986011 ) ;
#1529 = ORIENTED_EDGE ( 'NONE', *, *, #3124, .F. ) ;
#1530 = CARTESIAN_POINT ( 'NONE',  ( -9.453762221560387147, -2.731288099986604490, -23.12437585094253478 ) ) ;
#1531 = DIRECTION ( 'NONE',  ( 0.000000000000000000, -1.000000000000000000, 0.000000000000000000 ) ) ;
#1532 = ORIENTED_EDGE ( 'NONE', *, *, #4068, .F. ) ;
#1533 = CARTESIAN_POINT ( 'NONE',  ( -16.07282071980270644, -2.500000000000000000, 0.9150920754742549734 ) ) ;
#1534 = DIRECTION ( 'NONE',  ( -0.3420201433256689905, -0.000000000000000000, -0.9396926207859083169 ) ) ;
#1535 = AXIS2_PLACEMENT_3D ( 'NONE', #2283, #3501, #5048 ) ;
#1536 = EDGE_CURVE ( 'NONE', #3032, #2583, #781, .T. ) ;
#1537 = ORIENTED_EDGE ( 'NONE', *, *, #5260, .F. ) ;
#1538 = VERTEX_POINT ( 'NONE', #4446 ) ;
#1539 = CARTESIAN_POINT ( 'NONE',  ( -9.691120861856122204, -2.500000000000000000, -29.60841622532391781 ) ) ;
#1540 = DIRECTION ( 'NONE',  ( 0.9848077530122080203, -0.000000000000000000, -0.1736481776669309696 ) ) ;
#1541 = AXIS2_PLACEMENT_3D ( 'NONE', #1893, #78, #5067 ) ;
#1542 = VERTEX_POINT ( 'NONE', #1172 ) ;
#1543 = ORIENTED_EDGE ( 'NONE', *, *, #4606, .F. ) ;
#1544 = CARTESIAN_POINT ( 'NONE',  ( 4.460940800293260011, -3.000000000000000000, -15.47651244522894309 ) ) ;
#1545 = ADVANCED_FACE ( 'NONE', ( #5814 ), #1240, .T. ) ;
#1546 = EDGE_CURVE ( 'NONE', #1816, #1899, #5873, .T. ) ;
#1547 = ORIENTED_EDGE ( 'NONE', *, *, #1579, .T. ) ;
#1548 = CARTESIAN_POINT ( 'NONE',  ( -24.19172554510032214, -2.970787267806925147, 4.964675980282092560 ) ) ;
#1549 = ORIENTED_EDGE ( 'NONE', *, *, #2759, .T. ) ;
#1550 = LINE ( 'NONE', #1455, #5648 ) ;
#1551 = CARTESIAN_POINT ( 'NONE',  ( -8.925404411400807092, -3.000000000000000000, -22.31094027810005187 ) ) ;
#1552 = DIRECTION ( 'NONE',  ( 0.8191520442888743370, 0.000000000000000000, -0.5735764363512141362 ) ) ;
#1553 = LINE ( 'NONE', #1971, #893 ) ;
#1554 = VECTOR ( 'NONE', #559, 1000.000000000000114 ) ;
#1555 = ORIENTED_EDGE ( 'NONE', *, *, #94, .F. ) ;
#1556 = EDGE_CURVE ( 'NONE', #3835, #3210, #4220, .T. ) ;
#1557 = AXIS2_PLACEMENT_3D ( 'NONE', #3603, #861, #4547 ) ;
#1558 = ORIENTED_EDGE ( 'NONE', *, *, #1370, .T. ) ;
#1559 = ORIENTED_EDGE ( 'NONE', *, *, #1364, .F. ) ;
#1560 = CARTESIAN_POINT ( 'NONE',  ( 7.503939519277181169, -3.000000000000000000, -22.82831118788750757 ) ) ;
#1561 = B_SPLINE_CURVE_WITH_KNOTS ( 'NONE', 3,
 ( #887, #860, #2698, #3656, #476, #26, #1392, #1341 ),
 .UNSPECIFIED., .F., .F.,
 ( 4, 2, 2, 4 ),
 ( 0.0002326562781559125587, 0.0004093576251825982405, 0.0005860589722092839765, 0.0009394616662626539307 ),
 .UNSPECIFIED. ) ;
#1562 = AXIS2_PLACEMENT_3D ( 'NONE', #1269, #760, #3987 ) ;
#1563 = B_SPLINE_CURVE_WITH_KNOTS ( 'NONE', 3,
 ( #4210, #56, #2874, #5710, #2783, #2904, #1001, #3261 ),
 .UNSPECIFIED., .F., .F.,
 ( 4, 2, 2, 4 ),
 ( 0.0002326562781619657678, 0.0004093576251871421860, 0.0005860589722123186584, 0.0009394616662626714947 ),
 .UNSPECIFIED. ) ;
#1564 = DIRECTION ( 'NONE',  ( -0.000000000000000000, -1.000000000000000000, -0.000000000000000000 ) ) ;
#1565 = ORIENTED_EDGE ( 'NONE', *, *, #921, .T. ) ;
#1566 = LINE ( 'NONE', #1884, #2726 ) ;
#1567 = CARTESIAN_POINT ( 'NONE',  ( -0.09029705238692785352, -3.000000000000000000, -0.5121000315670560799 ) ) ;
#1568 = VECTOR ( 'NONE', #4955, 1000.000000000000000 ) ;
#1569 = EDGE_LOOP ( 'NONE', ( #1711, #4192, #305, #1979 ) ) ;
#1570 = CARTESIAN_POINT ( 'NONE',  ( 16.01792765457020096, -3.000000000000000000, 17.91275784609827681 ) ) ;
#1571 = CARTESIAN_POINT ( 'NONE',  ( 11.60809380826084514, -3.000000000000000000, -28.91069513294267423 ) ) ;
#1572 = CARTESIAN_POINT ( 'NONE',  ( -23.52186717384547521, -3.000000000000000000, 4.915553341788779562 ) ) ;
#1573 = VECTOR ( 'NONE', #3335, 1000.000000000000114 ) ;
#1574 = ORIENTED_EDGE ( 'NONE', *, *, #2407, .T. ) ;
#1575 = APPLICATION_CONTEXT ( 'automotive_design' ) ;
#1576 = CARTESIAN_POINT ( 'NONE',  ( -7.081682580411170491, -3.000000000000000000, -22.43904346959336848 ) ) ;
#1577 = CARTESIAN_POINT ( 'NONE',  ( -15.63352333970059327, -3.000000000000000000, 3.874968164782187863 ) ) ;
#1578 = ORIENTED_EDGE ( 'NONE', *, *, #2156, .T. ) ;
#1579 = EDGE_CURVE ( 'NONE', #2251, #1344, #5114, .T. ) ;
#1580 = EDGE_LOOP ( 'NONE', ( #2716, #1863, #3687, #5174 ) ) ;
#1581 = CARTESIAN_POINT ( 'NONE',  ( -16.85536625282397338, 3.265000000000000124, 18.50060498289616362 ) ) ;
#1582 = ORIENTED_EDGE ( 'NONE', *, *, #4966, .T. ) ;
#1583 = CARTESIAN_POINT ( 'NONE',  ( 0.000000000000000000, 3.265000000000000124, 0.000000000000000000 ) ) ;
#1584 = VERTEX_POINT ( 'NONE', #1205 ) ;
#1585 = FACE_OUTER_BOUND ( 'NONE', #3010, .T. ) ;
#1586 = CARTESIAN_POINT ( 'NONE',  ( -15.32925843554703604, -2.935926026334120476, 19.46532339463001904 ) ) ;
#1587 = ORIENTED_EDGE ( 'NONE', *, *, #1536, .T. ) ;
#1588 = CYLINDRICAL_SURFACE ( 'NONE', #4557, 0.8000000000019068525 ) ;
#1589 = EDGE_CURVE ( 'NONE', #4511, #2641, #549, .T. ) ;
#1590 = DIRECTION ( 'NONE',  ( 0.000000000000000000, 0.000000000000000000, 1.000000000000000000 ) ) ;
#1591 = EDGE_CURVE ( 'NONE', #3855, #3939, #4962, .T. ) ;
#1592 = ORIENTED_EDGE ( 'NONE', *, *, #2991, .T. ) ;
#1593 = AXIS2_PLACEMENT_3D ( 'NONE', #4938, #1266, #1802 ) ;
#1594 = ORIENTED_EDGE ( 'NONE', *, *, #86, .T. ) ;
#1595 = ORIENTED_EDGE ( 'NONE', *, *, #3723, .T. ) ;
#1596 = ADVANCED_FACE ( 'NONE', ( #227 ), #2108, .T. ) ;
#1597 = B_SPLINE_CURVE_WITH_KNOTS ( 'NONE', 3,
 ( #372, #2645, #4471, #3126, #284, #1316, #5380, #862 ),
 .UNSPECIFIED., .F., .F.,
 ( 4, 2, 2, 4 ),
 ( 0.000000000000000000, 0.0004478229640553248376, 0.0006717344460829866330, 0.0008956459281106484826 ),
 .UNSPECIFIED. ) ;
#1598 = DIRECTION ( 'NONE',  ( -0.000000000000000000, -1.000000000000000000, -0.000000000000000000 ) ) ;
#1599 = EDGE_CURVE ( 'NONE', #4618, #2026, #2871, .T. ) ;
#1600 = DIRECTION ( 'NONE',  ( -0.7660444431189739056, 0.000000000000000000, -0.6427876096865442479 ) ) ;
#1601 = EDGE_LOOP ( 'NONE', ( #5790, #5068, #585, #3053, #1506, #5398, #4116, #5971, #688, #3901 ) ) ;
#1602 = CARTESIAN_POINT ( 'NONE',  ( 4.807073215165557301, -2.500000000000000000, -16.18960560050119213 ) ) ;
#1603 = CIRCLE ( 'NONE', #4590, 24.52749999999999275 ) ;
#1604 = ORIENTED_EDGE ( 'NONE', *, *, #5553, .F. ) ;
#1605 = DIRECTION ( 'NONE',  ( 0.000000000000000000, 1.000000000000000000, 0.000000000000000000 ) ) ;
#1606 = CARTESIAN_POINT ( 'NONE',  ( -24.80391930942172607, 3.265000000000000124, 3.337865057442499950 ) ) ;
#1607 = VECTOR ( 'NONE', #1540, 1000.000000000000000 ) ;
#1608 = VECTOR ( 'NONE', #2660, 1000.000000000000114 ) ;
#1609 = VERTEX_POINT ( 'NONE', #180 ) ;
#1610 = CARTESIAN_POINT ( 'NONE',  ( 0.000000000000000000, -3.000000000000000000, 0.000000000000000000 ) ) ;
#1611 = AXIS2_PLACEMENT_3D ( 'NONE', #322, #2174, #4972 ) ;
#1612 = CYLINDRICAL_SURFACE ( 'NONE', #4201, 14.64608244481026667 ) ;
#1613 = VERTEX_POINT ( 'NONE', #1965 ) ;
#1614 = ORIENTED_EDGE ( 'NONE', *, *, #545, .F. ) ;
#1615 = CARTESIAN_POINT ( 'NONE',  ( 23.61495323805836222, -2.973325924938046594, 3.472316846753365827 ) ) ;
#1616 = ORIENTED_EDGE ( 'NONE', *, *, #4417, .F. ) ;
#1617 = DIRECTION ( 'NONE',  ( -0.5735764363506855590, 0.000000000000000000, 0.8191520442892442633 ) ) ;
#1618 = VERTEX_POINT ( 'NONE', #3811 ) ;
#1619 = DIRECTION ( 'NONE',  ( 0.9063077870368406730, 0.000000000000000000, -0.4226182617402906572 ) ) ;
#1620 = CARTESIAN_POINT ( 'NONE',  ( 16.42414633486759712, 3.265000000000000124, 3.931755278064975823 ) ) ;
#1621 = CARTESIAN_POINT ( 'NONE',  ( 0.000000000000000000, -3.000000000000000000, 0.000000000000000000 ) ) ;
#1622 = DIRECTION ( 'NONE',  ( -0.9848077530122211209, 0.000000000000000000, -0.1736481776668561960 ) ) ;
#1623 = VERTEX_POINT ( 'NONE', #2000 ) ;
#1624 = EDGE_CURVE ( 'NONE', #2258, #3769, #4368, .T. ) ;
#1625 = ORIENTED_EDGE ( 'NONE', *, *, #5960, .F. ) ;
#1626 = VERTEX_POINT ( 'NONE', #3419 ) ;
#1627 = DIRECTION ( 'NONE',  ( 0.3420201433256418455, 0.000000000000000000, -0.9396926207859181979 ) ) ;
#1628 = CARTESIAN_POINT ( 'NONE',  ( 15.60607930272259658, 3.265000000000000568, 18.59860107533160445 ) ) ;
#1629 = CARTESIAN_POINT ( 'NONE',  ( -16.42414633486748343, -2.792893218813452538, 3.931755278065442560 ) ) ;
#1630 = EDGE_LOOP ( 'NONE', ( #5642, #2382, #2072, #4981 ) ) ;
#1631 = CARTESIAN_POINT ( 'NONE',  ( 0.000000000000000000, 3.265000000000000124, 0.000000000000000000 ) ) ;
#1632 = ADVANCED_FACE ( 'NONE', ( #3450 ), #4338, .T. ) ;
#1633 = ADVANCED_FACE ( 'NONE', ( #706, #215, #5676 ), #3906, .T. ) ;
#1634 = CARTESIAN_POINT ( 'NONE',  ( -16.07282071980270644, 3.265000000000000124, 0.9150920754742549734 ) ) ;
#1635 = AXIS2_PLACEMENT_3D ( 'NONE', #3132, #2198, #5961 ) ;
#1636 = ORIENTED_EDGE ( 'NONE', *, *, #3354, .F. ) ;
#1637 = FACE_OUTER_BOUND ( 'NONE', #2554, .T. ) ;
#1638 = DIRECTION ( 'NONE',  ( 0.08715574274746686056, 0.000000000000000000, -0.9961946980917621985 ) ) ;
#1639 = EDGE_CURVE ( 'NONE', #3606, #1816, #4271, .T. ) ;
#1640 = EDGE_LOOP ( 'NONE', ( #702, #2308 ) ) ;
#1641 = DIRECTION ( 'NONE',  ( -0.3420201433255953272, 0.000000000000000000, -0.9396926207859350733 ) ) ;
#1642 = CARTESIAN_POINT ( 'NONE',  ( 23.90990065744913906, 3.265000000000000568, 3.415960591966801907 ) ) ;
#1643 = PLANE ( 'NONE',  #2136 ) ;
#1644 = ORIENTED_EDGE ( 'NONE', *, *, #5672, .F. ) ;
#1645 = CARTESIAN_POINT ( 'NONE',  ( -5.979726014076907958, -3.000000000000000000, -16.42916219820119750 ) ) ;
#1646 = ORIENTED_EDGE ( 'NONE', *, *, #5468, .T. ) ;
#1647 = VECTOR ( 'NONE', #5157, 1000.000000000000000 ) ;
#1648 = LINE ( 'NONE', #1712, #5297 ) ;
#1649 = B_SPLINE_CURVE_WITH_KNOTS ( 'NONE', 3,
 ( #3217, #4128, #2264, #5964 ),
 .UNSPECIFIED., .F., .F.,
 ( 4, 4 ),
 ( 0.0003040922579796389550, 0.0004930293277759503420 ),
 .UNSPECIFIED. ) ;
#1650 = DIRECTION ( 'NONE',  ( 0.000000000000000000, 0.000000000000000000, -1.000000000000000000 ) ) ;
#1651 = CARTESIAN_POINT ( 'NONE',  ( 31.84909871781022872, -3.000000000000000000, 3.696875540764980705 ) ) ;
#1652 = CARTESIAN_POINT ( 'NONE',  ( 20.86842270412794065, 3.265000000000000124, -10.87059491664726352 ) ) ;
#1653 = FACE_OUTER_BOUND ( 'NONE', #2649, .T. ) ;
#1654 = VERTEX_POINT ( 'NONE', #83 ) ;
#1655 = VECTOR ( 'NONE', #4202, 1000.000000000000000 ) ;
#1656 = ORIENTED_EDGE ( 'NONE', *, *, #2349, .F. ) ;
#1657 = ORIENTED_EDGE ( 'NONE', *, *, #3946, .F. ) ;
#1658 = AXIS2_PLACEMENT_3D ( 'NONE', #3962, #3624, #5884 ) ;
#1659 = DIRECTION ( 'NONE',  ( 0.9396926207859181979, 0.000000000000000000, 0.3420201433256418455 ) ) ;
#1660 = DIRECTION ( 'NONE',  ( 0.000000000000000000, 1.000000000000000000, -0.000000000000000000 ) ) ;
#1661 = EDGE_CURVE ( 'NONE', #3762, #2343, #2007, .T. ) ;
#1662 = CARTESIAN_POINT ( 'NONE',  ( 22.97362297149689425, -2.623645333209878139, 5.086604718622282917 ) ) ;
#1663 = CARTESIAN_POINT ( 'NONE',  ( 8.584531272230275789, -3.000000000000000000, -22.06542753897133835 ) ) ;
#1664 = CARTESIAN_POINT ( 'NONE',  ( -31.33256975185975790, -2.999999999999999556, 6.948482779894414207 ) ) ;
#1665 = DIRECTION ( 'NONE',  ( -0.000000000000000000, 1.000000000000000000, 0.000000000000000000 ) ) ;
#1666 = DIRECTION ( 'NONE',  ( -0.000000000000000000, -1.000000000000000000, -0.000000000000000000 ) ) ;
#1667 = CARTESIAN_POINT ( 'NONE',  ( -16.48760416466078027, -3.000000000000000000, 2.379187623289604758 ) ) ;
#1668 = EDGE_CURVE ( 'NONE', #3825, #5039, #5313, .T. ) ;
#1669 = EDGE_CURVE ( 'NONE', #1344, #1613, #1130, .T. ) ;
#1670 = ORIENTED_EDGE ( 'NONE', *, *, #1251, .T. ) ;
#1671 = FACE_OUTER_BOUND ( 'NONE', #3085, .T. ) ;
#1672 = CARTESIAN_POINT ( 'NONE',  ( -16.07282071980270644, -2.500000000000000000, 0.9150920754742549734 ) ) ;
#1673 = ORIENTED_EDGE ( 'NONE', *, *, #2221, .T. ) ;
#1674 = EDGE_CURVE ( 'NONE', #5294, #4029, #4333, .T. ) ;
#1675 = AXIS2_PLACEMENT_3D ( 'NONE', #2570, #2650, #4420 ) ;
#1676 = LINE ( 'NONE', #361, #4852 ) ;
#1677 = ORIENTED_EDGE ( 'NONE', *, *, #3382, .F. ) ;
#1678 = CYLINDRICAL_SURFACE ( 'NONE', #4038, 0.5000000000000003331 ) ;
#1679 = VECTOR ( 'NONE', #1768, 1000.000000000000000 ) ;
#1680 = ORIENTED_EDGE ( 'NONE', *, *, #2918, .T. ) ;
#1681 = CARTESIAN_POINT ( 'NONE',  ( -0.3983431104218093655, -2.500000000000000000, 0.3342495570369435898 ) ) ;
#1682 = DIRECTION ( 'NONE',  ( -0.000000000000000000, -1.000000000000000000, -0.000000000000000000 ) ) ;
#1683 = CARTESIAN_POINT ( 'NONE',  ( -14.80252534601752856, -2.988133748785103183, 18.63293925743413482 ) ) ;
#1684 = DIRECTION ( 'NONE',  ( -0.000000000000000000, -1.000000000000000000, -0.000000000000000000 ) ) ;
#1685 = ORIENTED_EDGE ( 'NONE', *, *, #3201, .F. ) ;
#1686 = CARTESIAN_POINT ( 'NONE',  ( -1.020000000000000018, 0.000000000000000000, 23.50788165701038679 ) ) ;
#1687 = ORIENTED_EDGE ( 'NONE', *, *, #625, .F. ) ;
#1688 = DIRECTION ( 'NONE',  ( 0.7660444431189847858, 0.000000000000000000, -0.6427876096865312583 ) ) ;
#1689 = CARTESIAN_POINT ( 'NONE',  ( 7.863690963167950798, -2.986667247834827954, -23.48826710111377380 ) ) ;
#1690 = ORIENTED_EDGE ( 'NONE', *, *, #4172, .T. ) ;
#1691 = CARTESIAN_POINT ( 'NONE',  ( 8.303821354729477022, 9.530000000000001137, -22.01456166729342456 ) ) ;
#1692 = EDGE_CURVE ( 'NONE', #5749, #4491, #2029, .T. ) ;
#1693 = CARTESIAN_POINT ( 'NONE',  ( 11.72428514981459635, -2.586862816039486646, 11.03241121076136544 ) ) ;
#1694 = CARTESIAN_POINT ( 'NONE',  ( -6.530831529805279700, -3.000000000000000000, -14.72313383150301291 ) ) ;
#1695 = ORIENTED_EDGE ( 'NONE', *, *, #397, .T. ) ;
#1696 = AXIS2_PLACEMENT_3D ( 'NONE', #111, #5547, #3707 ) ;
#1697 =( BOUNDED_CURVE ( )  B_SPLINE_CURVE ( 3, ( #5362, #269, #3081, #2656 ),
 .UNSPECIFIED., .F., .F. ) 
 B_SPLINE_CURVE_WITH_KNOTS ( ( 4, 4 ),
 ( 3.100826193555326071, 3.182359113624260161 ),
 .UNSPECIFIED. ) 
 CURVE ( )  GEOMETRIC_REPRESENTATION_ITEM ( )  RATIONAL_B_SPLINE_CURVE ( ( 1.000000000000000000, 0.9994461086279967654, 0.9994461086279967654, 1.000000000000000000 ) ) 
 REPRESENTATION_ITEM ( '' )  );
#1698 = B_SPLINE_CURVE_WITH_KNOTS ( 'NONE', 3,
 ( #199, #170, #2889, #3440 ),
 .UNSPECIFIED., .F., .F.,
 ( 4, 4 ),
 ( 0.000000000000000000, 0.0002633906062292415136 ),
 .UNSPECIFIED. ) ;
#1699 = ADVANCED_FACE ( 'NONE', ( #4828 ), #5772, .F. ) ;
#1700 = ORIENTED_EDGE ( 'NONE', *, *, #1327, .F. ) ;
#1701 = DIRECTION ( 'NONE',  ( 0.08715574274746686056, 0.000000000000000000, -0.9961946980917621985 ) ) ;
#1702 = CARTESIAN_POINT ( 'NONE',  ( -7.796327252065910152, -2.970787267805949483, -23.43298687358217336 ) ) ;
#1703 = ORIENTED_EDGE ( 'NONE', *, *, #821, .T. ) ;
#1704 = CIRCLE ( 'NONE', #1696, 24.02999999999999758 ) ;
#1705 = CYLINDRICAL_SURFACE ( 'NONE', #5043, 23.53000000000000114 ) ;
#1706 = ORIENTED_EDGE ( 'NONE', *, *, #5544, .F. ) ;
#1707 = DIRECTION ( 'NONE',  ( -0.000000000000000000, -1.000000000000000000, -0.000000000000000000 ) ) ;
#1708 = EDGE_CURVE ( 'NONE', #3558, #4216, #4300, .T. ) ;
#1709 = CIRCLE ( 'NONE', #927, 0.8000000000019068525 ) ;
#1710 = EDGE_CURVE ( 'NONE', #2058, #2838, #1032, .T. ) ;
#1711 = ORIENTED_EDGE ( 'NONE', *, *, #2998, .F. ) ;
#1712 = CARTESIAN_POINT ( 'NONE',  ( 1.899663625333126493, -3.000000000000000000, 21.71325459515938050 ) ) ;
#1713 = PLANE ( 'NONE',  #4844 ) ;
#1714 = PLANE ( 'NONE',  #5052 ) ;
#1715 = FACE_OUTER_BOUND ( 'NONE', #1630, .T. ) ;
#1716 = AXIS2_PLACEMENT_3D ( 'NONE', #4849, #693, #2450 ) ;
#1717 = VERTEX_POINT ( 'NONE', #5706 ) ;
#1718 = FACE_OUTER_BOUND ( 'NONE', #3513, .T. ) ;
#1719 = CARTESIAN_POINT ( 'NONE',  ( 16.37562690112475039, -3.000000000000000000, 3.712898255688598770 ) ) ;
#1720 = ORIENTED_EDGE ( 'NONE', *, *, #3928, .T. ) ;
#1721 = APPLICATION_PROTOCOL_DEFINITION ( 'draft international standard', 'automotive_design', 1998, #1575 ) ;
#1722 = CARTESIAN_POINT ( 'NONE',  ( -8.303821354723572412, 3.265000000000000568, -22.81456166729534374 ) ) ;
#1723 = DIRECTION ( 'NONE',  ( -0.9396926207859085389, 0.000000000000000000, -0.3420201433256684909 ) ) ;
#1724 = CARTESIAN_POINT ( 'NONE',  ( 6.530831529806402358, -3.000000000000000000, -14.72313383150276422 ) ) ;
#1725 = VECTOR ( 'NONE', #2748, 1000.000000000000000 ) ;
#1726 = EDGE_LOOP ( 'NONE', ( #563, #4805, #419, #2806 ) ) ;
#1727 = LINE ( 'NONE', #4512, #4796 ) ;
#1728 = CARTESIAN_POINT ( 'NONE',  ( 8.998655526814697936, -2.500000000000000000, -21.74132237720895944 ) ) ;
#1729 = ORIENTED_EDGE ( 'NONE', *, *, #129, .F. ) ;
#1730 = EDGE_CURVE ( 'NONE', #2471, #3551, #3695, .T. ) ;
#1731 = CARTESIAN_POINT ( 'NONE',  ( 5.206084834573427855, -3.000000000000000000, -15.82397881484278912 ) ) ;
#1732 = VERTEX_POINT ( 'NONE', #3088 ) ;
#1733 = CARTESIAN_POINT ( 'NONE',  ( -24.41469320344696925, -2.731288099986487250, 5.294632604725309832 ) ) ;
#1734 = ORIENTED_EDGE ( 'NONE', *, *, #1579, .F. ) ;
#1735 = CARTESIAN_POINT ( 'NONE',  ( 9.015757843248527692, -2.849145032862545612, 13.34086909446359925 ) ) ;
#1736 = PLANE ( 'NONE',  #5331 ) ;
#1737 = CARTESIAN_POINT ( 'NONE',  ( -7.243917375737628284, 3.265000000000000124, -14.37701709155922813 ) ) ;
#1738 = EDGE_CURVE ( 'NONE', #2678, #629, #3965, .T. ) ;
#1739 = EDGE_CURVE ( 'NONE', #1654, #4588, #740, .T. ) ;
#1740 = ORIENTED_EDGE ( 'NONE', *, *, #3422, .T. ) ;
#1741 = DIRECTION ( 'NONE',  ( 0.9848077530122086864, 0.000000000000000000, -0.1736481776669272781 ) ) ;
#1742 = AXIS2_PLACEMENT_3D ( 'NONE', #727, #1665, #5021 ) ;
#1743 = EDGE_CURVE ( 'NONE', #645, #1203, #3147, .T. ) ;
#1744 = CARTESIAN_POINT ( 'NONE',  ( 14.39854635836636021, -2.737084624031873137, 18.67133772718520035 ) ) ;
#1745 = CYLINDRICAL_SURFACE ( 'NONE', #5472, 0.5000000000000000000 ) ;
#1746 = CARTESIAN_POINT ( 'NONE',  ( 0.000000000000000000, 3.265000000000000124, 0.000000000000000000 ) ) ;
#1747 = AXIS2_PLACEMENT_3D ( 'NONE', #4335, #2552, #1190 ) ;
#1748 = ORIENTED_EDGE ( 'NONE', *, *, #1769, .F. ) ;
#1749 = AXIS2_PLACEMENT_3D ( 'NONE', #4879, #723, #3181 ) ;
#1750 = VERTEX_POINT ( 'NONE', #5888 ) ;
#1751 = LINE ( 'NONE', #3592, #328 ) ;
#1752 = LINE ( 'NONE', #1833, #4596 ) ;
#1753 = VECTOR ( 'NONE', #3455, 1000.000000000000114 ) ;
#1754 = FACE_OUTER_BOUND ( 'NONE', #3004, .T. ) ;
#1755 = ORIENTED_EDGE ( 'NONE', *, *, #4049, .T. ) ;
#1756 = DIRECTION ( 'NONE',  ( 0.000000000000000000, -1.000000000000000000, 0.000000000000000000 ) ) ;
#1757 = ORIENTED_EDGE ( 'NONE', *, *, #1402, .T. ) ;
#1758 = CARTESIAN_POINT ( 'NONE',  ( 6.909341788029664144, -2.926524577312415332, -14.54560503491243040 ) ) ;
#1759 = EDGE_CURVE ( 'NONE', #4204, #4607, #4830, .T. ) ;
#1760 = CARTESIAN_POINT ( 'NONE',  ( 8.998655526814697936, -2.500000000000000000, -21.74132237720895944 ) ) ;
#1761 = AXIS2_PLACEMENT_3D ( 'NONE', #2785, #5466, #1320 ) ;
#1762 = ORIENTED_EDGE ( 'NONE', *, *, #988, .F. ) ;
#1763 = CARTESIAN_POINT ( 'NONE',  ( 0.000000000000000000, -2.500000000000000000, 0.000000000000000000 ) ) ;
#1764 = ORIENTED_EDGE ( 'NONE', *, *, #3761, .F. ) ;
#1765 = CARTESIAN_POINT ( 'NONE',  ( -7.520258147069932342, -2.973325924939345111, -22.65322754313617182 ) ) ;
#1766 = AXIS2_PLACEMENT_3D ( 'NONE', #1631, #319, #2986 ) ;
#1767 = VERTEX_POINT ( 'NONE', #1248 ) ;
#1768 = DIRECTION ( 'NONE',  ( -0.000000000000000000, 1.000000000000000000, -0.000000000000000000 ) ) ;
#1769 = EDGE_CURVE ( 'NONE', #3768, #5294, #5914, .T. ) ;
#1770 = CARTESIAN_POINT ( 'NONE',  ( 23.90990065744913906, 9.530000000000001137, 4.215960591969848181 ) ) ;
#1771 = CARTESIAN_POINT ( 'NONE',  ( -23.90990065744811588, -3.000000000000000000, 4.215960591966999793 ) ) ;
#1772 = ORIENTED_EDGE ( 'NONE', *, *, #2730, .T. ) ;
#1773 = CARTESIAN_POINT ( 'NONE',  ( 10.23180186323414453, -3.000000000000000000, -29.63202286765672966 ) ) ;
#1774 = EDGE_CURVE ( 'NONE', #3778, #1124, #5199, .T. ) ;
#1775 = ADVANCED_FACE ( 'NONE', ( #1281 ), #278, .F. ) ;
#1776 = CARTESIAN_POINT ( 'NONE',  ( 11.72428514981459813, -2.500000000000000000, 11.03241121076136366 ) ) ;
#1777 = B_SPLINE_CURVE_WITH_KNOTS ( 'NONE', 3,
 ( #845, #4712, #3826, #3730, #4813, #4679 ),
 .UNSPECIFIED., .F., .F.,
 ( 4, 2, 4 ),
 ( 0.000000000000000000, 0.0003644118814626484551, 0.0007288237629252969103 ),
 .UNSPECIFIED. ) ;
#1778 = DIRECTION ( 'NONE',  ( -0.000000000000000000, -1.000000000000000000, -0.000000000000000000 ) ) ;
#1779 = VECTOR ( 'NONE', #5759, 1000.000000000000000 ) ;
#1780 = EDGE_CURVE ( 'NONE', #705, #2295, #4000, .T. ) ;
#1781 = EDGE_LOOP ( 'NONE', ( #768, #2776, #5829, #4324, #5289, #930 ) ) ;
#1782 = CARTESIAN_POINT ( 'NONE',  ( 12.70309359613290390, -2.650060844301381557, -29.44090885504920507 ) ) ;
#1783 = CARTESIAN_POINT ( 'NONE',  ( -22.16644285628408184, -0.9761472547093537067, -11.62000720090535388 ) ) ;
#1784 = CARTESIAN_POINT ( 'NONE',  ( -9.211470339405375185, -2.500000000000000000, -19.75406189091275877 ) ) ;
#1785 = VERTEX_POINT ( 'NONE', #2640 ) ;
#1786 = CARTESIAN_POINT ( 'NONE',  ( 24.41831488466944577, -3.000000000000000000, 4.833629575783065846 ) ) ;
#1787 = ORIENTED_EDGE ( 'NONE', *, *, #1108, .T. ) ;
#1788 = FACE_OUTER_BOUND ( 'NONE', #4658, .T. ) ;
#1789 = AXIS2_PLACEMENT_3D ( 'NONE', #5561, #5103, #948 ) ;
#1790 = LINE ( 'NONE', #2247, #3477 ) ;
#1791 = LINE ( 'NONE', #4117, #5337 ) ;
#1792 = VECTOR ( 'NONE', #4395, 1000.000000000000114 ) ;
#1793 = CARTESIAN_POINT ( 'NONE',  ( 21.57685864997011649, -3.000000000000000000, 23.76718415326528344 ) ) ;
#1794 = ORIENTED_EDGE ( 'NONE', *, *, #3586, .T. ) ;
#1795 = LINE ( 'NONE', #2309, #1287 ) ;
#1796 = CARTESIAN_POINT ( 'NONE',  ( 0.000000000000000000, -3.000000000000000000, 0.000000000000000000 ) ) ;
#1797 = CARTESIAN_POINT ( 'NONE',  ( 23.52186717384439518, -3.000000000000000000, 4.915553341793946984 ) ) ;
#1798 = CIRCLE ( 'NONE', #2579, 14.57731163100804928 ) ;
#1799 = EDGE_CURVE ( 'NONE', #1159, #3558, #2211, .T. ) ;
#1800 = CIRCLE ( 'NONE', #5191, 25.02749999999999275 ) ;
#1801 = CARTESIAN_POINT ( 'NONE',  ( -22.16644285628606070, 3.265000000000000124, -11.62000720090157557 ) ) ;
#1802 = DIRECTION ( 'NONE',  ( 0.000000000000000000, 0.000000000000000000, 1.000000000000000000 ) ) ;
#1803 = CARTESIAN_POINT ( 'NONE',  ( 9.171249647149318562, 3.265000000000000124, -30.72328364303766790 ) ) ;
#1804 = ADVANCED_FACE ( 'NONE', ( #4025 ), #5012, .T. ) ;
#1805 = CARTESIAN_POINT ( 'NONE',  ( -14.32920972712166652, 3.265000000000000124, 18.66372547473203625 ) ) ;
#1806 = ORIENTED_EDGE ( 'NONE', *, *, #2293, .F. ) ;
#1807 = LINE ( 'NONE', #793, #346 ) ;
#1808 = CARTESIAN_POINT ( 'NONE',  ( 24.55354683889489564, -3.000000000000000888, 3.732547568631873425 ) ) ;
#1809 = VECTOR ( 'NONE', #2061, 1000.000000000000000 ) ;
#1810 = ADVANCED_FACE ( 'NONE', ( #5836 ), #1678, .T. ) ;
#1811 = CARTESIAN_POINT ( 'NONE',  ( 24.75317804435616864, -2.731288099986077800, 3.374989680261520686 ) ) ;
#1812 = ORIENTED_EDGE ( 'NONE', *, *, #1099, .T. ) ;
#1813 = CARTESIAN_POINT ( 'NONE',  ( 1.020000000004281038, 0.000000000000000000, 23.50788165701008126 ) ) ;
#1814 = ORIENTED_EDGE ( 'NONE', *, *, #5910, .T. ) ;
#1815 = CARTESIAN_POINT ( 'NONE',  ( -8.528809216422883921, -3.000000000000000000, -21.91233244887132159 ) ) ;
#1816 = VERTEX_POINT ( 'NONE', #4518 ) ;
#1817 = CARTESIAN_POINT ( 'NONE',  ( 7.520258147077397481, -2.973325924938200693, -22.65322754313980269 ) ) ;
#1818 = CARTESIAN_POINT ( 'NONE',  ( -7.508778896591167040, -2.990107188949999273, -22.70897965618266312 ) ) ;
#1819 =( BOUNDED_CURVE ( )  B_SPLINE_CURVE ( 3, ( #3719, #3292, #4243, #2760 ),
 .UNSPECIFIED., .F., .F. ) 
 B_SPLINE_CURVE_WITH_KNOTS ( ( 4, 4 ),
 ( 4.712388980384686121, 6.283185307179586232 ),
 .UNSPECIFIED. ) 
 CURVE ( )  GEOMETRIC_REPRESENTATION_ITEM ( )  RATIONAL_B_SPLINE_CURVE ( ( 1.000000000000000000, 0.8047378541243641603, 0.8047378541243641603, 1.000000000000000000 ) ) 
 REPRESENTATION_ITEM ( '' )  );
#1820 = ORIENTED_EDGE ( 'NONE', *, *, #5437, .T. ) ;
#1821 = LINE ( 'NONE', #942, #2445 ) ;
#1822 = ORIENTED_EDGE ( 'NONE', *, *, #4289, .F. ) ;
#1823 = DIRECTION ( 'NONE',  ( -0.1736481776669281663, 0.000000000000000000, -0.9848077530122084644 ) ) ;
#1824 = VERTEX_POINT ( 'NONE', #3033 ) ;
#1825 = DIRECTION ( 'NONE',  ( 0.7660444431189781245, 0.000000000000000000, 0.6427876096865392519 ) ) ;
#1826 = CARTESIAN_POINT ( 'NONE',  ( -31.19276894612026751, 3.265000000000000124, 7.419106642638173099 ) ) ;
#1827 = ADVANCED_FACE ( 'NONE', ( #363 ), #767, .F. ) ;
#1828 = LINE ( 'NONE', #5591, #4911 ) ;
#1829 = CARTESIAN_POINT ( 'NONE',  ( 15.60607930272259658, 9.530000000000001137, 18.59860107533160445 ) ) ;
#1830 = EDGE_LOOP ( 'NONE', ( #3121, #3449, #3644, #3407, #1046, #143, #3036 ) ) ;
#1831 = CARTESIAN_POINT ( 'NONE',  ( -16.01602368630264550, -3.000000000000000000, 1.705700903103305466 ) ) ;
#1832 = EDGE_CURVE ( 'NONE', #1058, #125, #306, .T. ) ;
#1833 = CARTESIAN_POINT ( 'NONE',  ( 9.211470339406080399, -3.000000000000000000, -19.75406189090361408 ) ) ;
#1834 = EDGE_CURVE ( 'NONE', #4377, #2291, #1424, .T. ) ;
#1835 = CIRCLE ( 'NONE', #2797, 0.8000000000019068525 ) ;
#1836 = CARTESIAN_POINT ( 'NONE',  ( -30.95857960530295472, -3.000000000000000000, 4.930811030644368209 ) ) ;
#1837 = AXIS2_PLACEMENT_3D ( 'NONE', #2861, #5173, #601 ) ;
#1838 = ORIENTED_EDGE ( 'NONE', *, *, #2522, .T. ) ;
#1839 = CARTESIAN_POINT ( 'NONE',  ( -0.5244024014048652704, -3.000000000000000000, -1.440783756571787144 ) ) ;
#1840 = ORIENTED_EDGE ( 'NONE', *, *, #3353, .F. ) ;
#1841 = EDGE_CURVE ( 'NONE', #283, #1184, #2244, .T. ) ;
#1842 = LINE ( 'NONE', #2865, #1274 ) ;
#1843 = EDGE_CURVE ( 'NONE', #567, #5210, #4462, .T. ) ;
#1844 = CARTESIAN_POINT ( 'NONE',  ( 7.144234157466943458, -2.737084624033127689, -22.46991117160776241 ) ) ;
#1845 = ADVANCED_BREP_SHAPE_REPRESENTATION ( 'Back, Bottom Mesh Piece (With Holes)', ( #1291, #5151 ), #4273 ) ;
#1846 = DIRECTION ( 'NONE',  ( -0.000000000000000000, 1.000000000000000000, -0.000000000000000000 ) ) ;
#1847 = VECTOR ( 'NONE', #5125, 999.9999999999998863 ) ;
#1848 = ORIENTED_EDGE ( 'NONE', *, *, #3395, .T. ) ;
#1849 = PLANE ( 'NONE',  #2052 ) ;
#1850 = PLANE ( 'NONE',  #2229 ) ;
#1851 = CARTESIAN_POINT ( 'NONE',  ( 4.807073215165557301, -3.000000000000000000, -16.18960560050119213 ) ) ;
#1852 = CIRCLE ( 'NONE', #5742, 14.57731163100803684 ) ;
#1853 = CARTESIAN_POINT ( 'NONE',  ( 15.60607930272259658, -3.000000000000000000, 18.59860107533160445 ) ) ;
#1854 = CARTESIAN_POINT ( 'NONE',  ( 4.807073215165559077, -2.792893218813452982, -16.18960560050119213 ) ) ;
#1855 = CARTESIAN_POINT ( 'NONE',  ( -8.584531272232691634, -3.000000000000000000, -22.06542753897436526 ) ) ;
#1856 = VERTEX_POINT ( 'NONE', #3173 ) ;
#1857 = CARTESIAN_POINT ( 'NONE',  ( 19.74949741645048107, -3.000000000000000000, 24.34551088795272733 ) ) ;
#1858 = ORIENTED_EDGE ( 'NONE', *, *, #2522, .F. ) ;
#1859 = CARTESIAN_POINT ( 'NONE',  ( 23.24104116510420681, -3.000000000000000000, 3.570000778981960110 ) ) ;
#1860 = CARTESIAN_POINT ( 'NONE',  ( 0.000000000000000000, -2.500000000000000000, 0.000000000000000000 ) ) ;
#1861 = CARTESIAN_POINT ( 'NONE',  ( 24.47740006457273765, -2.956055507769737023, 3.575184403062362737 ) ) ;
#1862 = EDGE_CURVE ( 'NONE', #4570, #3582, #627, .T. ) ;
#1863 = ORIENTED_EDGE ( 'NONE', *, *, #223, .T. ) ;
#1864 = EDGE_LOOP ( 'NONE', ( #4499, #5860, #2732, #2497, #5659, #4264, #3966, #1926, #3602, #3905 ) ) ;
#1865 = CARTESIAN_POINT ( 'NONE',  ( 9.211470339406080399, -2.500000000000000000, -19.75406189090361408 ) ) ;
#1866 = DIRECTION ( 'NONE',  ( 0.000000000000000000, 0.000000000000000000, 1.000000000000000000 ) ) ;
#1867 = VERTEX_POINT ( 'NONE', #1048 ) ;
#1868 = CARTESIAN_POINT ( 'NONE',  ( -23.90990065744811588, 9.530000000000001137, 4.215960591966999793 ) ) ;
#1869 = ADVANCED_FACE ( 'NONE', ( #4290 ), #3302, .F. ) ;
#1870 = EDGE_CURVE ( 'NONE', #3515, #961, #2885, .T. ) ;
#1871 = ORIENTED_EDGE ( 'NONE', *, *, #2553, .T. ) ;
#1872 = DIRECTION ( 'NONE',  ( 0.000000000000000000, -1.000000000000000000, 0.000000000000000000 ) ) ;
#1873 = CARTESIAN_POINT ( 'NONE',  ( -3.839391074382553892, -2.798945815778281165, -15.63627588392562195 ) ) ;
#1874 = DIRECTION ( 'NONE',  ( -0.000000000000000000, -1.000000000000000000, -0.000000000000000000 ) ) ;
#1875 = VECTOR ( 'NONE', #5909, 1000.000000000000000 ) ;
#1876 = ORIENTED_EDGE ( 'NONE', *, *, #1076, .F. ) ;
#1877 = EDGE_CURVE ( 'NONE', #2457, #5111, #5690, .T. ) ;
#1878 = EDGE_LOOP ( 'NONE', ( #2673, #5102, #1532, #2104 ) ) ;
#1879 = CARTESIAN_POINT ( 'NONE',  ( 0.3983431104224915975, -2.500000000000000000, 0.3342495570375230707 ) ) ;
#1880 = FACE_OUTER_BOUND ( 'NONE', #1864, .T. ) ;
#1881 = DIRECTION ( 'NONE',  ( -0.000000000000000000, -1.000000000000000000, -0.000000000000000000 ) ) ;
#1882 = CARTESIAN_POINT ( 'NONE',  ( -10.05434245573796659, -2.792893218813452982, 13.56913704619718430 ) ) ;
#1883 = EDGE_LOOP ( 'NONE', ( #5314, #5606, #5122, #1467 ) ) ;
#1884 = CARTESIAN_POINT ( 'NONE',  ( 30.48720104788194618, -2.500000000000000000, 6.411451255148618245 ) ) ;
#1885 = EDGE_LOOP ( 'NONE', ( #2111, #3288, #5990, #4757 ) ) ;
#1886 = CARTESIAN_POINT ( 'NONE',  ( -16.07113963096463038, -2.669027361112047636, 0.9540639982119017981 ) ) ;
#1887 = CARTESIAN_POINT ( 'NONE',  ( 23.36912597356492327, -2.737084624032930957, 3.133838060319907637 ) ) ;
#1888 = DIRECTION ( 'NONE',  ( 0.000000000000000000, -1.000000000000000000, 0.000000000000000000 ) ) ;
#1889 = VECTOR ( 'NONE', #2168, 1000.000000000000114 ) ;
#1890 = VERTEX_POINT ( 'NONE', #1813 ) ;
#1891 = ORIENTED_EDGE ( 'NONE', *, *, #2021, .F. ) ;
#1892 = CARTESIAN_POINT ( 'NONE',  ( -19.84842270413053100, 0.000000000000000000, -12.63728674036303268 ) ) ;
#1893 = CARTESIAN_POINT ( 'NONE',  ( 0.000000000000000000, -2.500000000000000000, 0.000000000000000000 ) ) ;
#1894 = ORIENTED_EDGE ( 'NONE', *, *, #5445, .T. ) ;
#1895 = EDGE_CURVE ( 'NONE', #5874, #4949, #4825, .T. ) ;
#1896 = AXIS2_PLACEMENT_3D ( 'NONE', #4894, #3514, #2608 ) ;
#1897 = CARTESIAN_POINT ( 'NONE',  ( -7.081682580411170491, -2.500000000000000000, -22.43904346959336848 ) ) ;
#1898 = EDGE_LOOP ( 'NONE', ( #4790, #2866, #1, #2782 ) ) ;
#1899 = VERTEX_POINT ( 'NONE', #3793 ) ;
#1900 = FACE_OUTER_BOUND ( 'NONE', #852, .T. ) ;
#1901 = DIRECTION ( 'NONE',  ( -0.7660444431189717962, 0.000000000000000000, -0.6427876096865466904 ) ) ;
#1902 = EDGE_CURVE ( 'NONE', #2840, #3096, #5658, .T. ) ;
#1903 = PLANE ( 'NONE',  #3884 ) ;
#1904 = EDGE_CURVE ( 'NONE', #2883, #5039, #2204, .T. ) ;
#1905 = ORIENTED_EDGE ( 'NONE', *, *, #3201, .T. ) ;
#1906 =( BOUNDED_CURVE ( )  B_SPLINE_CURVE ( 3, ( #2568, #5044, #1629, #3045 ),
 .UNSPECIFIED., .F., .F. ) 
 B_SPLINE_CURVE_WITH_KNOTS ( ( 4, 4 ),
 ( 1.570796326794897446, 3.141592653589793116 ),
 .UNSPECIFIED. ) 
 CURVE ( )  GEOMETRIC_REPRESENTATION_ITEM ( )  RATIONAL_B_SPLINE_CURVE ( ( 1.000000000000000000, 0.8047378541243652705, 0.8047378541243652705, 1.000000000000000000 ) ) 
 REPRESENTATION_ITEM ( '' )  );
#1907 = CARTESIAN_POINT ( 'NONE',  ( 0.3983431104226142216, -3.000000000000000000, 0.3342495570376306513 ) ) ;
#1908 = LINE ( 'NONE', #438, #1193 ) ;
#1909 = CARTESIAN_POINT ( 'NONE',  ( 1.020000000004275487, 3.265000000000000124, 23.50788165701008481 ) ) ;
#1910 = EDGE_CURVE ( 'NONE', #1785, #498, #2301, .T. ) ;
#1911 = B_SPLINE_CURVE_WITH_KNOTS ( 'NONE', 3,
 ( #3189, #5562, #5589, #925, #978, #3693 ),
 .UNSPECIFIED., .F., .F.,
 ( 4, 2, 4 ),
 ( 0.000000000000000000, 0.0003644118814624978595, 0.0007288237629249957189 ),
 .UNSPECIFIED. ) ;
#1912 = CARTESIAN_POINT ( 'NONE',  ( -7.046071276609506384, -2.848831634978273186, -14.47809968294343008 ) ) ;
#1913 = ORIENTED_EDGE ( 'NONE', *, *, #2015, .T. ) ;
#1914 = CARTESIAN_POINT ( 'NONE',  ( -9.044292404175992672, -3.000000000000000444, -23.13026909980756329 ) ) ;
#1915 = ORIENTED_EDGE ( 'NONE', *, *, #2694, .T. ) ;
#1916 = DIRECTION ( 'NONE',  ( -0.3420201433256690460, -0.000000000000000000, -0.9396926207859084279 ) ) ;
#1917 = CARTESIAN_POINT ( 'NONE',  ( 0.000000000000000000, 3.265000000000000124, 0.000000000000000000 ) ) ;
#1918 = DIRECTION ( 'NONE',  ( 0.000000000000000000, 0.000000000000000000, 1.000000000000000000 ) ) ;
#1919 = VECTOR ( 'NONE', #4954, 1000.000000000000114 ) ;
#1920 = CARTESIAN_POINT ( 'NONE',  ( 14.32920972712218166, -3.000000000000000000, 18.66372547473164900 ) ) ;
#1921 = ORIENTED_EDGE ( 'NONE', *, *, #697, .T. ) ;
#1922 = VECTOR ( 'NONE', #470, 1000.000000000000114 ) ;
#1923 = ORIENTED_EDGE ( 'NONE', *, *, #1503, .F. ) ;
#1924 = CYLINDRICAL_SURFACE ( 'NONE', #4900, 14.64608244481071431 ) ;
#1925 = CARTESIAN_POINT ( 'NONE',  ( 15.42824042424783570, -2.669027361112080055, 4.600126581111984692 ) ) ;
#1926 = ORIENTED_EDGE ( 'NONE', *, *, #51, .T. ) ;
#1927 = VERTEX_POINT ( 'NONE', #594 ) ;
#1928 = AXIS2_PLACEMENT_3D ( 'NONE', #1110, #2043, #5226 ) ;
#1929 = CARTESIAN_POINT ( 'NONE',  ( 8.925404411405171601, -3.000000000000000000, -22.31094027809829683 ) ) ;
#1930 = B_SPLINE_CURVE_WITH_KNOTS ( 'NONE', 3,
 ( #3278, #5142, #106, #1086, #989, #4357, #3766, #533 ),
 .UNSPECIFIED., .F., .F.,
 ( 4, 2, 2, 4 ),
 ( 0.0002326562781561233818, 0.0004093576251827568593, 0.0005860589722093904452, 0.0009394616662626580506 ),
 .UNSPECIFIED. ) ;
#1931 = EDGE_LOOP ( 'NONE', ( #4931, #5837, #3077, #2763 ) ) ;
#1932 = CARTESIAN_POINT ( 'NONE',  ( -23.90990065744811588, 9.530000000000001137, 5.015960591966998727 ) ) ;
#1933 = ADVANCED_FACE ( 'NONE', ( #2272 ), #2446, .T. ) ;
#1934 = VERTEX_POINT ( 'NONE', #5514 ) ;
#1935 = CARTESIAN_POINT ( 'NONE',  ( -24.44967702698092893, -2.500000000000000000, 5.346872873588896624 ) ) ;
#1936 = CARTESIAN_POINT ( 'NONE',  ( -4.296809377231538996, -2.990860970744409375, -15.52175720301539208 ) ) ;
#1937 = AXIS2_PLACEMENT_3D ( 'NONE', #4414, #1688, #5813 ) ;
#1938 = CARTESIAN_POINT ( 'NONE',  ( 0.000000000000000000, 3.265000000000000124, 0.000000000000000000 ) ) ;
#1939 = DIRECTION ( 'NONE',  ( -0.1736481776669306643, 0.000000000000000000, 0.9848077530122080203 ) ) ;
#1940 = EDGE_LOOP ( 'NONE', ( #5871, #3672 ) ) ;
#1941 = EDGE_CURVE ( 'NONE', #5039, #135, #1243, .T. ) ;
#1942 = LINE ( 'NONE', #525, #1128 ) ;
#1943 = VECTOR ( 'NONE', #5689, 1000.000000000000114 ) ;
#1944 = CARTESIAN_POINT ( 'NONE',  ( -8.303821354723572412, 9.530000000000001137, -23.61456166729735173 ) ) ;
#1945 = ORIENTED_EDGE ( 'NONE', *, *, #4104, .F. ) ;
#1946 = B_SPLINE_CURVE_WITH_KNOTS ( 'NONE', 3,
 ( #4373, #5217, #2942, #219, #4799, #1586, #649, #2499 ),
 .UNSPECIFIED., .F., .F.,
 ( 4, 2, 2, 4 ),
 ( 0.000000000000000000, 0.0003529081950049692881, 0.0005293622925074532816, 0.0007058163900099372751 ),
 .UNSPECIFIED. ) ;
#1947 = CIRCLE ( 'NONE', #605, 25.02749999999999275 ) ;
#1948 = EDGE_CURVE ( 'NONE', #4964, #5312, #3453, .T. ) ;
#1949 = ADVANCED_FACE ( 'NONE', ( #420 ), #3626, .T. ) ;
#1950 = AXIS2_PLACEMENT_3D ( 'NONE', #5165, #3759, #624 ) ;
#1951 = DIRECTION ( 'NONE',  ( 0.9063077870368824174, 0.000000000000000000, 0.4226182617402012287 ) ) ;
#1952 = ORIENTED_EDGE ( 'NONE', *, *, #790, .F. ) ;
#1953 = CARTESIAN_POINT ( 'NONE',  ( -4.807073215166054680, -2.500000000000000000, -16.18960560050088304 ) ) ;
#1954 = CARTESIAN_POINT ( 'NONE',  ( -8.998655526815838357, -2.623645333210663733, -21.74132237720848693 ) ) ;
#1955 = DIRECTION ( 'NONE',  ( -0.000000000000000000, -1.000000000000000000, -0.000000000000000000 ) ) ;
#1956 = CARTESIAN_POINT ( 'NONE',  ( -15.29263558886043306, 3.265000000000000124, 19.81189170665737009 ) ) ;
#1957 = ORIENTED_EDGE ( 'NONE', *, *, #4104, .T. ) ;
#1958 = ORIENTED_EDGE ( 'NONE', *, *, #4448, .T. ) ;
#1959 = CARTESIAN_POINT ( 'NONE',  ( 19.41149257663108685, -2.961507457126743681, 25.54721448380859172 ) ) ;
#1960 = DIRECTION ( 'NONE',  ( -0.000000000000000000, 1.000000000000000000, -0.000000000000000000 ) ) ;
#1961 = EDGE_LOOP ( 'NONE', ( #2488, #2892, #5310, #3874 ) ) ;
#1962 = ORIENTED_EDGE ( 'NONE', *, *, #4892, .F. ) ;
#1963 = CYLINDRICAL_SURFACE ( 'NONE', #2899, 0.7999999999999990452 ) ;
#1964 = ORIENTED_EDGE ( 'NONE', *, *, #5135, .F. ) ;
#1965 = CARTESIAN_POINT ( 'NONE',  ( 7.594310774156538102, -2.500000000000000000, -23.84747785648473695 ) ) ;
#1966 = ORIENTED_EDGE ( 'NONE', *, *, #2730, .F. ) ;
#1967 = CARTESIAN_POINT ( 'NONE',  ( 7.502921995042108883, -3.000000000000000000, -22.76911645834689324 ) ) ;
#1968 = VECTOR ( 'NONE', #4292, 1000.000000000000000 ) ;
#1969 = DIRECTION ( 'NONE',  ( -0.5735764363516123732, 0.000000000000000000, 0.8191520442885952269 ) ) ;
#1970 = FACE_OUTER_BOUND ( 'NONE', #447, .T. ) ;
#1971 = CARTESIAN_POINT ( 'NONE',  ( 0.09029705238693430669, -3.000000000000000000, 0.5121000315670865000 ) ) ;
#1972 = ORIENTED_EDGE ( 'NONE', *, *, #4741, .T. ) ;
#1973 = EDGE_LOOP ( 'NONE', ( #1129, #1143, #1136, #1757, #5328, #1388, #1695 ) ) ;
#1974 = VERTEX_POINT ( 'NONE', #4139 ) ;
#1975 = ORIENTED_EDGE ( 'NONE', *, *, #184, .T. ) ;
#1976 = DIRECTION ( 'NONE',  ( -7.273801074561665284E-16, -0.5457393103138269419, 0.8379550138152933592 ) ) ;
#1977 = EDGE_CURVE ( 'NONE', #5925, #4773, #884, .T. ) ;
#1978 = CARTESIAN_POINT ( 'NONE',  ( -23.90990065744811588, 9.530000000000001137, 3.415960591967000859 ) ) ;
#1979 = ORIENTED_EDGE ( 'NONE', *, *, #1441, .F. ) ;
#1980 = DIRECTION ( 'NONE',  ( 0.000000000000000000, -1.000000000000000000, 0.000000000000000000 ) ) ;
#1981 = VECTOR ( 'NONE', #3646, 1000.000000000000114 ) ;
#1982 = CARTESIAN_POINT ( 'NONE',  ( 22.97362297149689070, 3.265000000000000124, 5.086604718622284693 ) ) ;
#1983 = B_SPLINE_CURVE_WITH_KNOTS ( 'NONE', 3,
 ( #2851, #1499, #3271, #4322, #2383, #3856, #4350, #561 ),
 .UNSPECIFIED., .F., .F.,
 ( 4, 2, 2, 4 ),
 ( 0.000000000000000000, 0.0002554680715913120489, 0.0005109361431826238810, 0.001021872286365246895 ),
 .UNSPECIFIED. ) ;
#1984 = VERTEX_POINT ( 'NONE', #448 ) ;
#1985 = CARTESIAN_POINT ( 'NONE',  ( -15.60607930272161070, -3.000000000000000000, 17.79860107532878288 ) ) ;
#1986 = CARTESIAN_POINT ( 'NONE',  ( -15.60607930272161070, 3.265000000000000568, 17.79860107532878288 ) ) ;
#1987 = FACE_OUTER_BOUND ( 'NONE', #602, .T. ) ;
#1988 = CIRCLE ( 'NONE', #1716, 23.52999999999999758 ) ;
#1989 = EDGE_CURVE ( 'NONE', #4454, #5306, #2652, .T. ) ;
#1990 = ORIENTED_EDGE ( 'NONE', *, *, #4397, .F. ) ;
#1991 = ORIENTED_EDGE ( 'NONE', *, *, #4130, .T. ) ;
#1992 = CARTESIAN_POINT ( 'NONE',  ( -24.44967702698092893, 3.265000000000000124, 5.346872873588896624 ) ) ;
#1993 = CARTESIAN_POINT ( 'NONE',  ( 24.41831488466944577, -3.000000000000000000, 4.833629575783065846 ) ) ;
#1994 = ORIENTED_EDGE ( 'NONE', *, *, #618, .T. ) ;
#1995 = EDGE_CURVE ( 'NONE', #4410, #5651, #3760, .T. ) ;
#1996 = EDGE_LOOP ( 'NONE', ( #4199, #5615, #5756, #5238 ) ) ;
#1997 = DIRECTION ( 'NONE',  ( 0.9848077530122211209, 0.000000000000000000, 0.1736481776668561960 ) ) ;
#1998 = B_SPLINE_CURVE_WITH_KNOTS ( 'NONE', 3,
 ( #3005, #5347, #1196, #5428, #4544, #4985, #832, #5489 ),
 .UNSPECIFIED., .F., .F.,
 ( 4, 2, 2, 4 ),
 ( 8.673617379884035472E-19, 0.0002554680715912736682, 0.0005109361431825464690, 0.001021872286365092071 ),
 .UNSPECIFIED. ) ;
#1999 = ORIENTED_EDGE ( 'NONE', *, *, #4513, .T. ) ;
#2000 = CARTESIAN_POINT ( 'NONE',  ( -3.692205798608258149, -2.500000000000000000, -15.66973438633325166 ) ) ;
#2001 = ORIENTED_EDGE ( 'NONE', *, *, #1739, .T. ) ;
#2002 = FACE_OUTER_BOUND ( 'NONE', #1042, .T. ) ;
#2003 = DIRECTION ( 'NONE',  ( -0.000000000000000000, -1.000000000000000000, -0.000000000000000000 ) ) ;
#2004 = CYLINDRICAL_SURFACE ( 'NONE', #4645, 0.5000000000000002220 ) ;
#2005 = DIRECTION ( 'NONE',  ( 0.9063077870364758537, -0.000000000000000000, 0.4226182617410730868 ) ) ;
#2006 = EDGE_LOOP ( 'NONE', ( #4459, #3438, #2403, #4380 ) ) ;
#2007 = CIRCLE ( 'NONE', #3074, 0.5000000000000004441 ) ;
#2008 = VERTEX_POINT ( 'NONE', #757 ) ;
#2009 = VERTEX_POINT ( 'NONE', #1177 ) ;
#2010 = DIRECTION ( 'NONE',  ( -0.4226182617401404995, 0.000000000000000000, -0.9063077870369106170 ) ) ;
#2011 = CARTESIAN_POINT ( 'NONE',  ( -15.60607930272161070, 9.530000000000001137, 18.59860107532878004 ) ) ;
#2012 = ORIENTED_EDGE ( 'NONE', *, *, #5784, .F. ) ;
#2013 = CARTESIAN_POINT ( 'NONE',  ( -30.48720104788181828, -2.500000000000000000, 6.411451255149191120 ) ) ;
#2014 = CARTESIAN_POINT ( 'NONE',  ( 24.43080516915147982, -2.970787267806586307, 3.608788054964906067 ) ) ;
#2015 = EDGE_CURVE ( 'NONE', #2639, #4772, #3048, .T. ) ;
#2016 = ORIENTED_EDGE ( 'NONE', *, *, #5786, .T. ) ;
#2017 = CARTESIAN_POINT ( 'NONE',  ( 15.60607930272259658, 3.265000000000000568, 18.59860107533160445 ) ) ;
#2018 = CARTESIAN_POINT ( 'NONE',  ( -31.81950682292148613, -2.999999999999999556, 4.186918993889551466 ) ) ;
#2019 = CARTESIAN_POINT ( 'NONE',  ( 7.081682580411110095, -3.000000000000000000, -22.43904346959338980 ) ) ;
#2020 = CARTESIAN_POINT ( 'NONE',  ( -16.36802661928150471, -3.000000000000000000, 18.34682822669036639 ) ) ;
#2021 = EDGE_CURVE ( 'NONE', #4029, #1491, #4881, .T. ) ;
#2022 = EDGE_CURVE ( 'NONE', #954, #1984, #4447, .T. ) ;
#2023 = VERTEX_POINT ( 'NONE', #3018 ) ;
#2024 = DIRECTION ( 'NONE',  ( -0.4226182617410740305, 0.000000000000000000, 0.9063077870364752986 ) ) ;
#2025 = FACE_OUTER_BOUND ( 'NONE', #2896, .T. ) ;
#2026 = VERTEX_POINT ( 'NONE', #1602 ) ;
#2027 = DIRECTION ( 'NONE',  ( 0.000000000000000000, 0.000000000000000000, -1.000000000000000000 ) ) ;
#2028 = ORIENTED_EDGE ( 'NONE', *, *, #3208, .T. ) ;
#2029 = LINE ( 'NONE', #153, #2774 ) ;
#2030 = EDGE_CURVE ( 'NONE', #1899, #1618, #1041, .T. ) ;
#2031 = EDGE_CURVE ( 'NONE', #5249, #5024, #4351, .T. ) ;
#2032 = ORIENTED_EDGE ( 'NONE', *, *, #4408, .T. ) ;
#2033 = CARTESIAN_POINT ( 'NONE',  ( 0.000000000000000000, -3.000000000000000000, 0.000000000000000000 ) ) ;
#2034 = CARTESIAN_POINT ( 'NONE',  ( -7.701356876777438742, -2.883090468736674516, -23.62873328357590808 ) ) ;
#2035 = CARTESIAN_POINT ( 'NONE',  ( -10.05434245573797369, 3.265000000000000124, 13.56913704619718430 ) ) ;
#2036 = DIRECTION ( 'NONE',  ( 0.4226182617401404995, 0.000000000000000000, 0.9063077870369106170 ) ) ;
#2037 = VECTOR ( 'NONE', #3333, 1000.000000000000114 ) ;
#2038 = VERTEX_POINT ( 'NONE', #4912 ) ;
#2039 = EDGE_CURVE ( 'NONE', #935, #1195, #4926, .T. ) ;
#2040 = ORIENTED_EDGE ( 'NONE', *, *, #843, .F. ) ;
#2041 = FACE_OUTER_BOUND ( 'NONE', #1214, .T. ) ;
#2042 = AXIS2_PLACEMENT_3D ( 'NONE', #2418, #1020, #2856 ) ;
#2043 = DIRECTION ( 'NONE',  ( 0.000000000000000000, -1.000000000000000000, 0.000000000000000000 ) ) ;
#2044 = ORIENTED_EDGE ( 'NONE', *, *, #4206, .T. ) ;
#2045 = CYLINDRICAL_SURFACE ( 'NONE', #5446, 0.4999999999999985567 ) ;
#2046 = CARTESIAN_POINT ( 'NONE',  ( 8.800362019752785869, -2.973325924936811138, -22.18730783671198736 ) ) ;
#2047 = CIRCLE ( 'NONE', #2437, 0.8000000000019068525 ) ;
#2048 = ORIENTED_EDGE ( 'NONE', *, *, #28, .T. ) ;
#2049 = DIRECTION ( 'NONE',  ( 0.000000000000000000, 0.000000000000000000, -1.000000000000000000 ) ) ;
#2050 = CARTESIAN_POINT ( 'NONE',  ( -8.998655526815836581, 3.265000000000000124, -21.74132237720848693 ) ) ;
#2051 = FACE_OUTER_BOUND ( 'NONE', #901, .T. ) ;
#2052 = AXIS2_PLACEMENT_3D ( 'NONE', #5047, #2733, #5898 ) ;
#2053 = EDGE_CURVE ( 'NONE', #5921, #4024, #3841, .T. ) ;
#2054 = VERTEX_POINT ( 'NONE', #5265 ) ;
#2055 = CARTESIAN_POINT ( 'NONE',  ( 24.44967702698105683, -2.500000000000000000, 5.346872873588295327 ) ) ;
#2056 = CARTESIAN_POINT ( 'NONE',  ( 0.000000000000000000, -2.500000000000000000, 0.000000000000000000 ) ) ;
#2057 = EDGE_CURVE ( 'NONE', #1168, #3241, #2076, .T. ) ;
#2058 = VERTEX_POINT ( 'NONE', #3500 ) ;
#2059 = DIRECTION ( 'NONE',  ( 0.000000000000000000, -1.000000000000000000, 0.000000000000000000 ) ) ;
#2060 = ORIENTED_EDGE ( 'NONE', *, *, #2070, .F. ) ;
#2061 = DIRECTION ( 'NONE',  ( -0.000000000000000000, -1.000000000000000000, -0.000000000000000000 ) ) ;
#2062 = ORIENTED_EDGE ( 'NONE', *, *, #4196, .T. ) ;
#2063 = CARTESIAN_POINT ( 'NONE',  ( -16.01792765456935896, -3.000000000000000000, 17.91275784609902999 ) ) ;
#2064 = DIRECTION ( 'NONE',  ( -0.9961946980917275596, -0.000000000000000000, 0.08715574274786325182 ) ) ;
#2065 = LINE ( 'NONE', #2035, #3671 ) ;
#2067 = B_SPLINE_CURVE_WITH_KNOTS ( 'NONE', 3,
 ( #3031, #3936, #5277, #5703, #5244, #5673, #738, #1093 ),
 .UNSPECIFIED., .F., .F.,
 ( 4, 2, 2, 4 ),
 ( 0.000000000000000000, 0.0004478229640554489245, 0.0006717344460831769105, 0.0008956459281109050048 ),
 .UNSPECIFIED. ) ;
#2066 = DIRECTION ( 'NONE',  ( -0.000000000000000000, -1.000000000000000000, -0.000000000000000000 ) ) ;
#2068 = EDGE_CURVE ( 'NONE', #661, #396, #700, .T. ) ;
#2069 = VERTEX_POINT ( 'NONE', #1209 ) ;
#2070 = EDGE_CURVE ( 'NONE', #4024, #5196, #5850, .T. ) ;
#2071 = VECTOR ( 'NONE', #4478, 1000.000000000000000 ) ;
#2072 = ORIENTED_EDGE ( 'NONE', *, *, #812, .T. ) ;
#2073 = ORIENTED_EDGE ( 'NONE', *, *, #2057, .T. ) ;
#2074 = CARTESIAN_POINT ( 'NONE',  ( -11.23820881949889028, 3.265000000000000124, 13.39317573496176550 ) ) ;
#2075 = DIRECTION ( 'NONE',  ( -0.000000000000000000, -1.000000000000000000, -0.000000000000000000 ) ) ;
#2076 = B_SPLINE_CURVE_WITH_KNOTS ( 'NONE', 3,
 ( #5819, #1664, #2113, #195, #3406, #4421, #628, #265 ),
 .UNSPECIFIED., .F., .F.,
 ( 4, 2, 2, 4 ),
 ( 0.000000000000000000, 0.0004478229640554521771, 0.0006717344460831782115, 0.0008956459281109043543 ),
 .UNSPECIFIED. ) ;
#2077 = EDGE_CURVE ( 'NONE', #4204, #2093, #1081, .T. ) ;
#2078 = DIRECTION ( 'NONE',  ( 0.000000000000000000, 0.000000000000000000, 1.000000000000000000 ) ) ;
#2079 = ORIENTED_EDGE ( 'NONE', *, *, #1512, .T. ) ;
#2080 = CARTESIAN_POINT ( 'NONE',  ( 6.724046161570117697, -3.000000000000000000, -15.49188450811890938 ) ) ;
#2081 = CARTESIAN_POINT ( 'NONE',  ( 0.000000000000000000, -2.500000000000000000, 0.000000000000000000 ) ) ;
#2082 = ORIENTED_EDGE ( 'NONE', *, *, #2963, .F. ) ;
#2083 = LINE ( 'NONE', #3469, #2828 ) ;
#2084 = CARTESIAN_POINT ( 'NONE',  ( -22.16644285628605715, 3.265000000000000124, -11.62000720090157735 ) ) ;
#2085 = VECTOR ( 'NONE', #2966, 1000.000000000000000 ) ;
#2086 = VECTOR ( 'NONE', #5934, 1000.000000000000114 ) ;
#2087 = ORIENTED_EDGE ( 'NONE', *, *, #1404, .T. ) ;
#2088 = CARTESIAN_POINT ( 'NONE',  ( 11.11897577065619558, -3.000000000000000000, 12.21427245106182724 ) ) ;
#2089 = AXIS2_PLACEMENT_3D ( 'NONE', #2790, #3165, #3270 ) ;
#2090 = DIRECTION ( 'NONE',  ( 0.9396926207859085389, 0.000000000000000000, 0.3420201433256684909 ) ) ;
#2091 = ORIENTED_EDGE ( 'NONE', *, *, #5429, .F. ) ;
#2092 = FACE_OUTER_BOUND ( 'NONE', #637, .T. ) ;
#2093 = VERTEX_POINT ( 'NONE', #4843 ) ;
#2094 = CARTESIAN_POINT ( 'NONE',  ( 24.80391930942181489, -3.000000000000000000, 3.337865057441846250 ) ) ;
#2095 = VERTEX_POINT ( 'NONE', #4780 ) ;
#2096 = DIRECTION ( 'NONE',  ( 0.000000000000000000, 0.000000000000000000, 1.000000000000000000 ) ) ;
#2097 = EDGE_CURVE ( 'NONE', #2026, #749, #4814, .T. ) ;
#2098 = CARTESIAN_POINT ( 'NONE',  ( 6.724046161570117697, 3.265000000000000124, -15.49188450811890938 ) ) ;
#2099 = LINE ( 'NONE', #2500, #1753 ) ;
#2100 = DIRECTION ( 'NONE',  ( 0.1736481776668561960, 0.000000000000000000, -0.9848077530122211209 ) ) ;
#2101 = DIRECTION ( 'NONE',  ( 0.000000000000000000, 0.000000000000000000, -1.000000000000000000 ) ) ;
#2102 = ORIENTED_EDGE ( 'NONE', *, *, #5270, .T. ) ;
#2103 = VECTOR ( 'NONE', #2938, 999.9999999999998863 ) ;
#2104 = ORIENTED_EDGE ( 'NONE', *, *, #4766, .F. ) ;
#2105 = ORIENTED_EDGE ( 'NONE', *, *, #2447, .T. ) ;
#2106 = EDGE_CURVE ( 'NONE', #3532, #5525, #2541, .T. ) ;
#2107 = CARTESIAN_POINT ( 'NONE',  ( 8.998655526814697936, -3.000000000000000000, -21.74132237720895944 ) ) ;
#2108 = CYLINDRICAL_SURFACE ( 'NONE', #5491, 0.4999999999999996114 ) ;
#2109 = VECTOR ( 'NONE', #853, 1000.000000000000000 ) ;
#2110 = CARTESIAN_POINT ( 'NONE',  ( -19.23334952206178272, 3.265000000000000124, 24.50825169393615610 ) ) ;
#2111 = ORIENTED_EDGE ( 'NONE', *, *, #2993, .F. ) ;
#2112 = DIRECTION ( 'NONE',  ( 0.000000000000000000, -1.000000000000000000, 0.000000000000000000 ) ) ;
#2113 = CARTESIAN_POINT ( 'NONE',  ( -31.29148553765471874, -2.961413309392026072, 7.092874512249079721 ) ) ;
#2114 =( BOUNDED_CURVE ( )  B_SPLINE_CURVE ( 3, ( #4480, #4391, #5823, #3052 ),
 .UNSPECIFIED., .F., .F. ) 
 B_SPLINE_CURVE_WITH_KNOTS ( ( 4, 4 ),
 ( 4.712388980384694115, 6.283185307179586232 ),
 .UNSPECIFIED. ) 
 CURVE ( )  GEOMETRIC_REPRESENTATION_ITEM ( )  RATIONAL_B_SPLINE_CURVE ( ( 1.000000000000000000, 0.8047378541243661587, 0.8047378541243661587, 1.000000000000000000 ) ) 
 REPRESENTATION_ITEM ( '' )  );
#2115 = EDGE_CURVE ( 'NONE', #4429, #4618, #2872, .T. ) ;
#2116 = DIRECTION ( 'NONE',  ( -0.9396926207859073177, 0.000000000000000000, -0.3420201433256716550 ) ) ;
#2117 = DIRECTION ( 'NONE',  ( -0.000000000000000000, 1.000000000000000000, -0.000000000000000000 ) ) ;
#2118 = CARTESIAN_POINT ( 'NONE',  ( -16.77838861730829123, -2.500000000000000000, 1.922747461919029899 ) ) ;
#2119 = CARTESIAN_POINT ( 'NONE',  ( 16.45269206483489910, -2.956055507769096202, 18.47251962393955793 ) ) ;
#2120 = ORIENTED_EDGE ( 'NONE', *, *, #3995, .F. ) ;
#2121 = ORIENTED_EDGE ( 'NONE', *, *, #2908, .F. ) ;
#2122 = CARTESIAN_POINT ( 'NONE',  ( 24.41469320344778282, -2.731288099984373829, 5.294632604725737934 ) ) ;
#2123 = CARTESIAN_POINT ( 'NONE',  ( 16.85536625282482603, -3.000000000000000000, 18.50060498289538202 ) ) ;
#2124 = CARTESIAN_POINT ( 'NONE',  ( -23.90990065744811588, 3.265000000000000568, 5.015960591966998727 ) ) ;
#2125 = VERTEX_POINT ( 'NONE', #1634 ) ;
#2126 = DIRECTION ( 'NONE',  ( 0.000000000000000000, 0.000000000000000000, 1.000000000000000000 ) ) ;
#2127 = ORIENTED_EDGE ( 'NONE', *, *, #298, .T. ) ;
#2128 = VECTOR ( 'NONE', #2064, 1000.000000000000000 ) ;
#2129 = CARTESIAN_POINT ( 'NONE',  ( 21.57685864997011649, -3.000000000000000000, 23.76718415326528344 ) ) ;
#2130 = CARTESIAN_POINT ( 'NONE',  ( 0.3402132016541833393, -0.01920984833663840277, 23.53737740419975921 ) ) ;
#2131 = DIRECTION ( 'NONE',  ( -0.9961946980917285588, -0.000000000000000000, 0.08715574274785162223 ) ) ;
#2132 = CARTESIAN_POINT ( 'NONE',  ( 19.84842270412693566, 3.265000000000000124, -12.63728674036868860 ) ) ;
#2133 = ORIENTED_EDGE ( 'NONE', *, *, #3395, .F. ) ;
#2134 = CYLINDRICAL_SURFACE ( 'NONE', #482, 0.5000000000000001110 ) ;
#2135 = VERTEX_POINT ( 'NONE', #3467 ) ;
#2136 = AXIS2_PLACEMENT_3D ( 'NONE', #643, #2968, #3384 ) ;
#2137 = DIRECTION ( 'NONE',  ( 0.000000000000000000, 0.000000000000000000, -1.000000000000000000 ) ) ;
#2138 = DIRECTION ( 'NONE',  ( -0.000000000000000000, 1.000000000000000000, -0.000000000000000000 ) ) ;
#2139 = ADVANCED_FACE ( 'NONE', ( #3161 ), #1265, .F. ) ;
#2140 = AXIS2_PLACEMENT_3D ( 'NONE', #4092, #313, #2224 ) ;
#2141 = ORIENTED_EDGE ( 'NONE', *, *, #2770, .F. ) ;
#2142 = DIRECTION ( 'NONE',  ( 0.000000000000000000, 0.000000000000000000, 1.000000000000000000 ) ) ;
#2143 = CARTESIAN_POINT ( 'NONE',  ( 22.16644285628295208, 3.265000000000000124, -11.62000720090749972 ) ) ;
#2144 = CARTESIAN_POINT ( 'NONE',  ( 30.77798550052926529, -3.000000000000000000, 5.955011093778010967 ) ) ;
#2145 = LINE ( 'NONE', #3528, #5965 ) ;
#2146 = DIRECTION ( 'NONE',  ( 0.000000000000000000, 0.000000000000000000, -1.000000000000000000 ) ) ;
#2147 = EDGE_CURVE ( 'NONE', #505, #5312, #4558, .T. ) ;
#2148 = EDGE_CURVE ( 'NONE', #698, #3451, #557, .T. ) ;
#2149 = TOROIDAL_SURFACE ( 'NONE', #1464, 24.52749999999998920, 0.5000000000000000000 ) ;
#2150 = ORIENTED_EDGE ( 'NONE', *, *, #5880, .T. ) ;
#2151 = CARTESIAN_POINT ( 'NONE',  ( 11.10092522531384951, -3.000000000000000000, 12.42059112841867830 ) ) ;
#2152 = CARTESIAN_POINT ( 'NONE',  ( -21.14644285628553888, -0.9761472547094224295, -13.38669902462328309 ) ) ;
#2153 = VECTOR ( 'NONE', #2703, 1000.000000000000000 ) ;
#2154 = ORIENTED_EDGE ( 'NONE', *, *, #5816, .T. ) ;
#2155 = AXIS2_PLACEMENT_3D ( 'NONE', #3193, #2266, #3220 ) ;
#2156 = EDGE_CURVE ( 'NONE', #4607, #2023, #4974, .T. ) ;
#2157 = CARTESIAN_POINT ( 'NONE',  ( -11.46754741149818990, -2.926524577312470843, 11.30526364754602220 ) ) ;
#2158 = VERTEX_POINT ( 'NONE', #5500 ) ;
#2159 = CARTESIAN_POINT ( 'NONE',  ( -22.16644285628605715, 3.265000000000000124, -11.62000720090157735 ) ) ;
#2160 = CARTESIAN_POINT ( 'NONE',  ( -12.72296122597416002, 3.265000000000000124, -29.43056634764681334 ) ) ;
#2161 = ORIENTED_EDGE ( 'NONE', *, *, #2148, .T. ) ;
#2162 = CARTESIAN_POINT ( 'NONE',  ( -23.22089232546112925, -3.000000000000000000, 4.622491671286289794 ) ) ;
#2163 = DIRECTION ( 'NONE',  ( 0.9063077870364198985, 0.000000000000000000, -0.4226182617411931020 ) ) ;
#2164 = CARTESIAN_POINT ( 'NONE',  ( 10.05434245573841068, 3.265000000000000124, 13.56913704619687699 ) ) ;
#2165 = FACE_OUTER_BOUND ( 'NONE', #1057, .T. ) ;
#2166 = ORIENTED_EDGE ( 'NONE', *, *, #1843, .F. ) ;
#2167 = CARTESIAN_POINT ( 'NONE',  ( -14.85913885745172713, -3.000000000000000000, 18.88509709837278194 ) ) ;
#2168 = DIRECTION ( 'NONE',  ( -0.6427876096865573485, -0.000000000000000000, -0.7660444431189629144 ) ) ;
#2169 = CARTESIAN_POINT ( 'NONE',  ( 0.000000000000000000, 0.000000000000000000, 0.000000000000000000 ) ) ;
#2170 = CYLINDRICAL_SURFACE ( 'NONE', #236, 23.53000000000000114 ) ;
#2171 = VERTEX_POINT ( 'NONE', #5387 ) ;
#2172 = DIRECTION ( 'NONE',  ( -0.08715574274785124753, 0.000000000000000000, -0.9961946980917286698 ) ) ;
#2173 = ADVANCED_FACE ( 'NONE', ( #1295 ), #4937, .F. ) ;
#2174 = DIRECTION ( 'NONE',  ( -0.9848077530122082424, 0.000000000000000000, 0.1736481776669292487 ) ) ;
#2175 = AXIS2_PLACEMENT_3D ( 'NONE', #1879, #1006, #1825 ) ;
#2176 = LINE ( 'NONE', #5843, #3879 ) ;
#2177 = ORIENTED_EDGE ( 'NONE', *, *, #1459, .T. ) ;
#2178 = AXIS2_PLACEMENT_3D ( 'NONE', #1576, #4360, #1641 ) ;
#2179 = ORIENTED_EDGE ( 'NONE', *, *, #4448, .F. ) ;
#2180 = CARTESIAN_POINT ( 'NONE',  ( 19.12613749183849521, -3.000000000000000000, 25.73369080688134147 ) ) ;
#2181 = EDGE_CURVE ( 'NONE', #2967, #1538, #5023, .T. ) ;
#2182 = CARTESIAN_POINT ( 'NONE',  ( 16.42414633486759712, -3.000000000000000000, 3.931755278064975823 ) ) ;
#2183 = ADVANCED_FACE ( 'NONE', ( #2262 ), #2170, .F. ) ;
#2184 = B_SPLINE_CURVE_WITH_KNOTS ( 'NONE', 3,
 ( #4259, #631, #3409, #2855 ),
 .UNSPECIFIED., .F., .F.,
 ( 4, 4 ),
 ( 0.0002562351900787367695, 0.0004339471171326499447 ),
 .UNSPECIFIED. ) ;
#2185 = CARTESIAN_POINT ( 'NONE',  ( 15.29263558886092866, 3.265000000000000124, 19.81189170665698640 ) ) ;
#2186 = ORIENTED_EDGE ( 'NONE', *, *, #664, .F. ) ;
#2187 = CARTESIAN_POINT ( 'NONE',  ( 15.29263558886093044, -2.619670988163045333, 19.81189170665698285 ) ) ;
#2188 = CIRCLE ( 'NONE', #4697, 0.8000000000030464964 ) ;
#2189 = ORIENTED_EDGE ( 'NONE', *, *, #1948, .T. ) ;
#2190 = CYLINDRICAL_SURFACE ( 'NONE', #5424, 0.5000000000000001110 ) ;
#2191 = CARTESIAN_POINT ( 'NONE',  ( -23.26391297032662919, -3.000000000000000000, 4.695405119403020855 ) ) ;
#2192 = EDGE_CURVE ( 'NONE', #629, #1867, #783, .T. ) ;
#2193 = DIRECTION ( 'NONE',  ( -0.000000000000000000, -1.000000000000000000, -0.000000000000000000 ) ) ;
#2194 = DIRECTION ( 'NONE',  ( -0.1736481776669074051, 0.000000000000000000, 0.9848077530122121281 ) ) ;
#2195 = ORIENTED_EDGE ( 'NONE', *, *, #1364, .T. ) ;
#2196 = CYLINDRICAL_SURFACE ( 'NONE', #1082, 14.64608244481071075 ) ;
#2197 = ORIENTED_EDGE ( 'NONE', *, *, #1708, .T. ) ;
#2198 = DIRECTION ( 'NONE',  ( -0.000000000000000000, 1.000000000000000000, -0.000000000000000000 ) ) ;
#2199 = FACE_OUTER_BOUND ( 'NONE', #1878, .T. ) ;
#2200 = AXIS2_PLACEMENT_3D ( 'NONE', #3918, #2075, #5385 ) ;
#2201 = CARTESIAN_POINT ( 'NONE',  ( 22.97362297149689070, 3.265000000000000124, 5.086604718622285581 ) ) ;
#2202 = CARTESIAN_POINT ( 'NONE',  ( 7.679371020817387539, -2.849944888433308510, -23.67380928934731088 ) ) ;
#2203 = ADVANCED_FACE ( 'NONE', ( #2232 ), #5901, .F. ) ;
#2204 = CIRCLE ( 'NONE', #5496, 0.7999999999999990452 ) ;
#2205 = EDGE_LOOP ( 'NONE', ( #824, #717, #362, #3492 ) ) ;
#2206 = CARTESIAN_POINT ( 'NONE',  ( -20.79608018602539232, -2.792893218813451650, 23.19696497017492831 ) ) ;
#2207 = LINE ( 'NONE', #2123, #1875 ) ;
#2208 = DIRECTION ( 'NONE',  ( -0.3420201433255953272, 0.000000000000000000, -0.9396926207859350733 ) ) ;
#2209 = EDGE_CURVE ( 'NONE', #2302, #742, #5876, .T. ) ;
#2210 = VERTEX_POINT ( 'NONE', #2737 ) ;
#2211 = LINE ( 'NONE', #5805, #941 ) ;
#2212 =( BOUNDED_CURVE ( )  B_SPLINE_CURVE ( 3, ( #2506, #621, #4283, #2982 ),
 .UNSPECIFIED., .F., .F. ) 
 B_SPLINE_CURVE_WITH_KNOTS ( ( 4, 4 ),
 ( 3.098230149455369009, 3.184955157724333130 ),
 .UNSPECIFIED. ) 
 CURVE ( )  GEOMETRIC_REPRESENTATION_ITEM ( )  RATIONAL_B_SPLINE_CURVE ( ( 1.000000000000000000, 0.9993733292820605740, 0.9993733292820605740, 1.000000000000000000 ) ) 
 REPRESENTATION_ITEM ( '' )  );
#2213 = ORIENTED_EDGE ( 'NONE', *, *, #4288, .T. ) ;
#2214 = B_SPLINE_CURVE_WITH_KNOTS ( 'NONE', 3,
 ( #994, #604, #936, #2804, #48, #1959, #4755, #4722 ),
 .UNSPECIFIED., .F., .F.,
 ( 4, 2, 2, 4 ),
 ( 8.673617379884035472E-19, 0.0002243944063328079971, 0.0004487888126656151269, 0.0008975776253312357832 ),
 .UNSPECIFIED. ) ;
#2215 = CARTESIAN_POINT ( 'NONE',  ( 19.23334952206225523, -3.000000000000000000, 24.50825169393582570 ) ) ;
#2216 = DIRECTION ( 'NONE',  ( 0.6427876096865571265, -0.000000000000000000, 0.7660444431189631365 ) ) ;
#2217 = EDGE_LOOP ( 'NONE', ( #5206, #2082, #347, #4419, #55 ) ) ;
#2218 = DIRECTION ( 'NONE',  ( -0.000000000000000000, 1.000000000000000000, -0.000000000000000000 ) ) ;
#2219 = ORIENTED_EDGE ( 'NONE', *, *, #1977, .T. ) ;
#2220 = CARTESIAN_POINT ( 'NONE',  ( 16.77838861730841558, 3.265000000000000124, 1.922747461918894674 ) ) ;
#2221 = EDGE_CURVE ( 'NONE', #3418, #2171, #4586, .T. ) ;
#2222 = EDGE_CURVE ( 'NONE', #5024, #3367, #2781, .T. ) ;
#2223 = DIRECTION ( 'NONE',  ( -0.9063077870368542177, 0.000000000000000000, -0.4226182617402615693 ) ) ;
#2224 = DIRECTION ( 'NONE',  ( 0.000000000000000000, 0.000000000000000000, 1.000000000000000000 ) ) ;
#2225 = ORIENTED_EDGE ( 'NONE', *, *, #324, .T. ) ;
#2226 = CARTESIAN_POINT ( 'NONE',  ( -15.69803653025217827, -3.000000000000000888, 17.79943460559119117 ) ) ;
#2227 = ORIENTED_EDGE ( 'NONE', *, *, #5672, .T. ) ;
#2228 = DIRECTION ( 'NONE',  ( -0.000000000000000000, 1.000000000000000000, -0.000000000000000000 ) ) ;
#2229 = AXIS2_PLACEMENT_3D ( 'NONE', #3748, #481, #5527 ) ;
#2230 = ORIENTED_EDGE ( 'NONE', *, *, #1076, .T. ) ;
#2231 = AXIS2_PLACEMENT_3D ( 'NONE', #2033, #3877, #4798 ) ;
#2232 = FACE_OUTER_BOUND ( 'NONE', #123, .T. ) ;
#2233 = DIRECTION ( 'NONE',  ( -0.000000000000000000, 1.000000000000000000, -0.000000000000000000 ) ) ;
#2234 = DIRECTION ( 'NONE',  ( 0.5735764363512184660, 0.000000000000000000, 0.8191520442888711173 ) ) ;
#2235 = CIRCLE ( 'NONE', #385, 23.52999999999999403 ) ;
#2236 = CARTESIAN_POINT ( 'NONE',  ( 23.26378080656369107, -3.000000000000000444, 4.695181121940067648 ) ) ;
#2237 = VECTOR ( 'NONE', #3258, 1000.000000000000000 ) ;
#2238 = ORIENTED_EDGE ( 'NONE', *, *, #4738, .T. ) ;
#2239 = CARTESIAN_POINT ( 'NONE',  ( 5.018382346036154296, -3.000000000000000000, -15.73645170698298479 ) ) ;
#2240 = CARTESIAN_POINT ( 'NONE',  ( 17.21793483357267363, -3.000000000000000000, 3.035986463248324885 ) ) ;
#2241 = AXIS2_PLACEMENT_3D ( 'NONE', #3897, #1955, #1918 ) ;
#2242 = CARTESIAN_POINT ( 'NONE',  ( 19.12613749183849521, 3.265000000000000124, 25.73369080688134147 ) ) ;
#2243 = VERTEX_POINT ( 'NONE', #5025 ) ;
#2244 = LINE ( 'NONE', #1982, #2298 ) ;
#2245 = VERTEX_POINT ( 'NONE', #352 ) ;
#2246 = CARTESIAN_POINT ( 'NONE',  ( -30.77798550052900239, -3.000000000000000000, 5.955011093778559861 ) ) ;
#2247 = CARTESIAN_POINT ( 'NONE',  ( -20.86842270413104927, 3.265000000000000124, -10.87059491664131272 ) ) ;
#2248 = VECTOR ( 'NONE', #4066, 1000.000000000000114 ) ;
#2249 = EDGE_CURVE ( 'NONE', #5457, #4511, #4823, .T. ) ;
#2250 = CARTESIAN_POINT ( 'NONE',  ( 7.081682580411110095, -2.500000000000000000, -22.43904346959338980 ) ) ;
#2251 = VERTEX_POINT ( 'NONE', #1773 ) ;
#2252 = CIRCLE ( 'NONE', #3025, 23.53000000000000114 ) ;
#2253 = CARTESIAN_POINT ( 'NONE',  ( 0.000000000000000000, -3.000000000000000000, 0.000000000000000000 ) ) ;
#2254 = CIRCLE ( 'NONE', #3684, 0.5000000000000004441 ) ;
#2255 = FACE_OUTER_BOUND ( 'NONE', #934, .T. ) ;
#2256 = EDGE_LOOP ( 'NONE', ( #1529, #2281, #5344, #3260 ) ) ;
#2257 = CARTESIAN_POINT ( 'NONE',  ( -16.40965477430583874, -2.986739144610423224, 18.55467896208174139 ) ) ;
#2258 = VERTEX_POINT ( 'NONE', #3613 ) ;
#2259 = EDGE_CURVE ( 'NONE', #1732, #5983, #1349, .T. ) ;
#2260 = CARTESIAN_POINT ( 'NONE',  ( 16.51097042370104973, -3.000000000000000000, 3.439351401558869537 ) ) ;
#2261 = EDGE_CURVE ( 'NONE', #4429, #3990, #2707, .T. ) ;
#2262 = FACE_OUTER_BOUND ( 'NONE', #3351, .T. ) ;
#2263 = CARTESIAN_POINT ( 'NONE',  ( -24.80391930942172607, 3.265000000000000124, 3.337865057442499950 ) ) ;
#2264 = CARTESIAN_POINT ( 'NONE',  ( -15.28344895142711302, -2.989153092219935637, 19.33317115761412452 ) ) ;
#2265 = EDGE_CURVE ( 'NONE', #542, #3285, #1492, .T. ) ;
#2266 = DIRECTION ( 'NONE',  ( -0.000000000000000000, 1.000000000000000000, -0.000000000000000000 ) ) ;
#2267 = VERTEX_POINT ( 'NONE', #2344 ) ;
#2268 = LINE ( 'NONE', #4106, #1403 ) ;
#2269 = DIRECTION ( 'NONE',  ( 0.000000000000000000, -1.000000000000000000, 0.000000000000000000 ) ) ;
#2270 = B_SPLINE_CURVE_WITH_KNOTS ( 'NONE', 3,
 ( #501, #532, #1808, #932 ),
 .UNSPECIFIED., .F., .F.,
 ( 4, 4 ),
 ( 0.0002259430207387316293, 0.0004897447509169365609 ),
 .UNSPECIFIED. ) ;
#2271 = ORIENTED_EDGE ( 'NONE', *, *, #1402, .F. ) ;
#2272 = FACE_OUTER_BOUND ( 'NONE', #4648, .T. ) ;
#2273 = ORIENTED_EDGE ( 'NONE', *, *, #5866, .T. ) ;
#2274 = CARTESIAN_POINT ( 'NONE',  ( 6.530831529806402358, -3.000000000000000000, -14.72313383150276422 ) ) ;
#2275 = CARTESIAN_POINT ( 'NONE',  ( 24.44967702698105683, 3.265000000000000124, 5.346872873588295327 ) ) ;
#2276 =( BOUNDED_CURVE ( )  B_SPLINE_CURVE ( 3, ( #426, #889, #3464, #3153 ),
 .UNSPECIFIED., .F., .F. ) 
 B_SPLINE_CURVE_WITH_KNOTS ( ( 4, 4 ),
 ( 4.712388980384685233, 6.283185307179586232 ),
 .UNSPECIFIED. ) 
 CURVE ( )  GEOMETRIC_REPRESENTATION_ITEM ( )  RATIONAL_B_SPLINE_CURVE ( ( 1.000000000000000000, 0.8047378541243640493, 0.8047378541243640493, 1.000000000000000000 ) ) 
 REPRESENTATION_ITEM ( '' )  );
#2277 = CARTESIAN_POINT ( 'NONE',  ( 7.413107330147229668, -2.945085216638151149, -22.60138816629257619 ) ) ;
#2278 = CARTESIAN_POINT ( 'NONE',  ( 23.37839960360200209, -2.973325924936954134, 4.813879173186844440 ) ) ;
#2279 = CARTESIAN_POINT ( 'NONE',  ( 11.10092522531384951, -3.000000000000000000, 12.42059112841867830 ) ) ;
#2280 = ADVANCED_FACE ( 'NONE', ( #523 ), #3751, .T. ) ;
#2281 = ORIENTED_EDGE ( 'NONE', *, *, #2647, .F. ) ;
#2282 = FACE_OUTER_BOUND ( 'NONE', #2319, .T. ) ;
#2283 = CARTESIAN_POINT ( 'NONE',  ( -16.13735811669214470, -2.500000000000000000, 3.522179255920822261 ) ) ;
#2284 = DIRECTION ( 'NONE',  ( 0.000000000000000000, 0.000000000000000000, 1.000000000000000000 ) ) ;
#2285 = AXIS2_PLACEMENT_3D ( 'NONE', #1917, #5992, #3764 ) ;
#2286 = EDGE_CURVE ( 'NONE', #908, #5764, #5271, .T. ) ;
#2287 = EDGE_CURVE ( 'NONE', #1613, #2302, #3616, .T. ) ;
#2288 = DIRECTION ( 'NONE',  ( -0.5000000000000038858, 0.000000000000000000, 0.8660254037844363761 ) ) ;
#2289 = PLANE ( 'NONE',  #112 ) ;
#2290 = DIRECTION ( 'NONE',  ( -0.9063077870365631172, 0.000000000000000000, 0.4226182617408856812 ) ) ;
#2291 = VERTEX_POINT ( 'NONE', #2438 ) ;
#2292 = CARTESIAN_POINT ( 'NONE',  ( 11.60809380826084514, -2.500000000000000000, -28.91069513294267423 ) ) ;
#2293 = EDGE_CURVE ( 'NONE', #3414, #54, #158, .T. ) ;
#2294 = ADVANCED_FACE ( 'NONE', ( #1433 ), #4282, .T. ) ;
#2295 = VERTEX_POINT ( 'NONE', #4673 ) ;
#2296 = DIRECTION ( 'NONE',  ( 0.000000000000000000, 0.000000000000000000, -1.000000000000000000 ) ) ;
#2297 = CARTESIAN_POINT ( 'NONE',  ( 23.32786525393763810, -2.500000000000000000, 3.077596902475849383 ) ) ;
#2298 = VECTOR ( 'NONE', #4083, 1000.000000000000227 ) ;
#2299 = CARTESIAN_POINT ( 'NONE',  ( 1.509956535253397014, -3.000000000000000000, 0.2662460768645632525 ) ) ;
#2300 = EDGE_LOOP ( 'NONE', ( #4349, #3542, #3577, #3625, #5635 ) ) ;
#2301 = LINE ( 'NONE', #4569, #2683 ) ;
#2302 = VERTEX_POINT ( 'NONE', #3787 ) ;
#2303 = CARTESIAN_POINT ( 'NONE',  ( -14.81459121830629044, -2.973325924937941789, 18.71499098996302379 ) ) ;
#2304 = DIRECTION ( 'NONE',  ( 0.5735764363516123732, -0.000000000000000000, -0.8191520442885952269 ) ) ;
#2305 = VERTEX_POINT ( 'NONE', #5532 ) ;
#2306 = CARTESIAN_POINT ( 'NONE',  ( 0.000000000000000000, -2.500000000000000000, 24.02999999999999758 ) ) ;
#2307 = CARTESIAN_POINT ( 'NONE',  ( -15.60607930272161070, 3.265000000000000568, 19.39860107532878075 ) ) ;
#2308 = ORIENTED_EDGE ( 'NONE', *, *, #1188, .F. ) ;
#2309 = CARTESIAN_POINT ( 'NONE',  ( -24.80391930942172607, 3.265000000000000124, 3.337865057442499950 ) ) ;
#2310 = CARTESIAN_POINT ( 'NONE',  ( -4.136640442660056927, -2.954357122083210552, -15.56369436041065768 ) ) ;
#2311 = CARTESIAN_POINT ( 'NONE',  ( 7.551528890804066307, -3.000000000000000000, -22.26803339793055514 ) ) ;
#2312 = EDGE_LOOP ( 'NONE', ( #160, #5089, #2062, #2462, #4093, #4354, #538, #2225, #903, #4286 ) ) ;
#2313 = PLANE ( 'NONE',  #1789 ) ;
#2314 = AXIS2_PLACEMENT_3D ( 'NONE', #3878, #2974, #2557 ) ;
#2315 = CYLINDRICAL_SURFACE ( 'NONE', #4770, 0.5000000000000001110 ) ;
#2316 = PLANE ( 'NONE',  #1321 ) ;
#2317 = ADVANCED_FACE ( 'NONE', ( #2846 ), #8, .F. ) ;
#2318 = DIRECTION ( 'NONE',  ( 0.000000000000000000, 0.000000000000000000, 1.000000000000000000 ) ) ;
#2319 = EDGE_LOOP ( 'NONE', ( #2127, #1680, #3937, #5382 ) ) ;
#2320 = PLANE ( 'NONE',  #1194 ) ;
#2321 = ORIENTED_EDGE ( 'NONE', *, *, #3986, .T. ) ;
#2322 = DIRECTION ( 'NONE',  ( -0.9063077870368823064, -0.000000000000000000, -0.4226182617402011732 ) ) ;
#2323 = CARTESIAN_POINT ( 'NONE',  ( -12.58552965825654013, -2.833599059609058557, -29.50107670852860409 ) ) ;
#2324 = VECTOR ( 'NONE', #1307, 1000.000000000000000 ) ;
#2325 = EDGE_CURVE ( 'NONE', #2777, #505, #1396, .T. ) ;
#2326 = EDGE_CURVE ( 'NONE', #277, #1538, #5079, .T. ) ;
#2327 = ORIENTED_EDGE ( 'NONE', *, *, #1668, .T. ) ;
#2328 = VERTEX_POINT ( 'NONE', #4709 ) ;
#2329 = CARTESIAN_POINT ( 'NONE',  ( 0.000000000000000000, -3.000000000000000000, 0.000000000000000000 ) ) ;
#2330 = DIRECTION ( 'NONE',  ( -0.3420201433256698231, -0.000000000000000000, -0.9396926207859079838 ) ) ;
#2331 = ORIENTED_EDGE ( 'NONE', *, *, #3798, .T. ) ;
#2332 = ADVANCED_FACE ( 'NONE', ( #1494 ), #3692, .F. ) ;
#2333 = CIRCLE ( 'NONE', #5730, 0.7999999999999986011 ) ;
#2334 = FACE_OUTER_BOUND ( 'NONE', #5237, .T. ) ;
#2335 = VERTEX_POINT ( 'NONE', #93 ) ;
#2336 = VECTOR ( 'NONE', #5355, 1000.000000000000000 ) ;
#2337 = ORIENTED_EDGE ( 'NONE', *, *, #1730, .F. ) ;
#2338 = CYLINDRICAL_SURFACE ( 'NONE', #707, 0.4999999999999998890 ) ;
#2339 = CARTESIAN_POINT ( 'NONE',  ( -9.090100452100148942, -2.970787267807006415, -22.96209193887530375 ) ) ;
#2340 = AXIS2_PLACEMENT_3D ( 'NONE', #4951, #4027, #1305 ) ;
#2341 = ORIENTED_EDGE ( 'NONE', *, *, #4613, .T. ) ;
#2342 = VECTOR ( 'NONE', #5722, 1000.000000000000000 ) ;
#2343 = VERTEX_POINT ( 'NONE', #5193 ) ;
#2344 = CARTESIAN_POINT ( 'NONE',  ( 23.32786525393763810, -2.500000000000000000, 3.077596902475849383 ) ) ;
#2345 = DIRECTION ( 'NONE',  ( -0.4226182617402906017, -0.000000000000000000, -0.9063077870368406730 ) ) ;
#2346 = CARTESIAN_POINT ( 'NONE',  ( 5.979726014091932385, -3.000000000000000000, -16.42916219819833756 ) ) ;
#2347 = ORIENTED_EDGE ( 'NONE', *, *, #1394, .F. ) ;
#2348 = PLANE ( 'NONE',  #3889 ) ;
#2349 = EDGE_CURVE ( 'NONE', #3750, #542, #4739, .T. ) ;
#2350 = ORIENTED_EDGE ( 'NONE', *, *, #3679, .F. ) ;
#2351 = CARTESIAN_POINT ( 'NONE',  ( -16.06542898214510018, -2.798945815778256296, 1.065851284156505763 ) ) ;
#2352 = CARTESIAN_POINT ( 'NONE',  ( -12.63397171968913746, -2.779248922266327693, -29.47639383210207953 ) ) ;
#2353 = PRODUCT_DEFINITION_SHAPE ( 'NONE', 'NONE',  #279 ) ;
#2354 = FACE_OUTER_BOUND ( 'NONE', #2533, .T. ) ;
#2355 = VECTOR ( 'NONE', #728, 1000.000000000000114 ) ;
#2356 = ORIENTED_EDGE ( 'NONE', *, *, #5110, .F. ) ;
#2357 = ADVANCED_FACE ( 'NONE', ( #2764 ), #2313, .F. ) ;
#2358 = VERTEX_POINT ( 'NONE', #2788 ) ;
#2359 = DIRECTION ( 'NONE',  ( -0.08715574274746686056, -0.000000000000000000, 0.9961946980917621985 ) ) ;
#2360 = LINE ( 'NONE', #1367, #1655 ) ;
#2361 = ORIENTED_EDGE ( 'NONE', *, *, #1591, .F. ) ;
#2362 = AXIS2_PLACEMENT_3D ( 'NONE', #4504, #377, #5415 ) ;
#2363 = DIRECTION ( 'NONE',  ( -0.8191520442886223163, -0.000000000000000000, 0.5735764363515737374 ) ) ;
#2364 = ORIENTED_EDGE ( 'NONE', *, *, #2662, .T. ) ;
#2365 = TOROIDAL_SURFACE ( 'NONE', #1308, 24.52749999999999275, 0.5000000000000000000 ) ;
#2366 = EDGE_CURVE ( 'NONE', #2593, #4274, #5958, .T. ) ;
#2367 = VERTEX_POINT ( 'NONE', #1892 ) ;
#2368 = DIRECTION ( 'NONE',  ( -0.9396926207859084279, 0.000000000000000000, -0.3420201433256688239 ) ) ;
#2369 = DIRECTION ( 'NONE',  ( 0.000000000000000000, -0.000000000000000000, 1.000000000000000000 ) ) ;
#2370 = B_SPLINE_CURVE_WITH_KNOTS ( 'NONE', 3,
 ( #2405, #520, #2371, #5159 ),
 .UNSPECIFIED., .F., .F.,
 ( 4, 4 ),
 ( 0.0008311576356461834866, 0.001020059700433108892 ),
 .UNSPECIFIED. ) ;
#2371 = CARTESIAN_POINT ( 'NONE',  ( -24.13525282321784715, -2.989046778225939782, 4.985932947546734439 ) ) ;
#2372 = AXIS2_PLACEMENT_3D ( 'NONE', #5831, #4514, #5857 ) ;
#2373 = ORIENTED_EDGE ( 'NONE', *, *, #4781, .T. ) ;
#2374 = ORIENTED_EDGE ( 'NONE', *, *, #5483, .T. ) ;
#2375 = DIRECTION ( 'NONE',  ( 0.000000000000000000, 0.000000000000000000, -1.000000000000000000 ) ) ;
#2376 = CIRCLE ( 'NONE', #5780, 14.64608244481026667 ) ;
#2377 = DIRECTION ( 'NONE',  ( -0.000000000000000000, -1.000000000000000000, -0.000000000000000000 ) ) ;
#2378 = CARTESIAN_POINT ( 'NONE',  ( 9.691120861856093782, -2.500000000000000000, -29.60841622532396400 ) ) ;
#2379 =( BOUNDED_CURVE ( )  B_SPLINE_CURVE ( 3, ( #1836, #535, #4230, #74 ),
 .UNSPECIFIED., .F., .F. ) 
 B_SPLINE_CURVE_WITH_KNOTS ( ( 4, 4 ),
 ( 1.570796326794897890, 3.141592653589793116 ),
 .UNSPECIFIED. ) 
 CURVE ( )  GEOMETRIC_REPRESENTATION_ITEM ( )  RATIONAL_B_SPLINE_CURVE ( ( 1.000000000000000000, 0.8047378541243652705, 0.8047378541243652705, 1.000000000000000000 ) ) 
 REPRESENTATION_ITEM ( '' )  );
#2380 =( GEOMETRIC_REPRESENTATION_CONTEXT ( 3 ) GLOBAL_UNCERTAINTY_ASSIGNED_CONTEXT ( ( #5725 ) ) GLOBAL_UNIT_ASSIGNED_CONTEXT ( ( #5474, #1326, #5026 ) ) REPRESENTATION_CONTEXT ( 'NONE', 'WORKASPACE' ) );
#2381 = DIRECTION ( 'NONE',  ( -0.4999999999999910072, 0.000000000000000000, -0.8660254037844438146 ) ) ;
#2382 = ORIENTED_EDGE ( 'NONE', *, *, #625, .T. ) ;
#2383 = CARTESIAN_POINT ( 'NONE',  ( 16.06143776225719932, -2.848831634978305605, 1.136973119051433834 ) ) ;
#2384 = B_SPLINE_CURVE_WITH_KNOTS ( 'NONE', 3,
 ( #3252, #3200, #3309, #4625 ),
 .UNSPECIFIED., .F., .F.,
 ( 4, 4 ),
 ( 3.496446946337351263E-18, 0.0002633906062304228603 ),
 .UNSPECIFIED. ) ;
#2385 = ORIENTED_EDGE ( 'NONE', *, *, #1862, .T. ) ;
#2386 = DIRECTION ( 'NONE',  ( 0.000000000000000000, 0.000000000000000000, 1.000000000000000000 ) ) ;
#2387 = DIRECTION ( 'NONE',  ( -0.9063077870364758537, -0.000000000000000000, -0.4226182617410730868 ) ) ;
#2388 = CARTESIAN_POINT ( 'NONE',  ( 12.50178425574276808, -3.000000000000000000, 17.85439826558164000 ) ) ;
#2389 = ADVANCED_FACE ( 'NONE', ( #1026 ), #3739, .T. ) ;
#2390 = DIRECTION ( 'NONE',  ( 0.000000000000000000, 0.000000000000000000, -1.000000000000000000 ) ) ;
#2391 = CIRCLE ( 'NONE', #5587, 23.53000000000000114 ) ;
#2392 = VERTEX_POINT ( 'NONE', #4691 ) ;
#2393 = B_SPLINE_CURVE_WITH_KNOTS ( 'NONE', 3,
 ( #4361, #206, #3380, #4266, #3933, #5240, #4789, #5340 ),
 .UNSPECIFIED., .F., .F.,
 ( 4, 2, 2, 4 ),
 ( 8.673617379884035472E-19, 0.0002554680715913111274, 0.0005109361431826213874, 0.001021872286365238655 ),
 .UNSPECIFIED. ) ;
#2394 = ORIENTED_EDGE ( 'NONE', *, *, #827, .T. ) ;
#2395 = FACE_OUTER_BOUND ( 'NONE', #4329, .T. ) ;
#2396 = CARTESIAN_POINT ( 'NONE',  ( 15.89194039108607015, -2.500000000000000000, 17.35243875097005528 ) ) ;
#2397 = VERTEX_POINT ( 'NONE', #3346 ) ;
#2398 = VECTOR ( 'NONE', #562, 1000.000000000000000 ) ;
#2399 = ADVANCED_FACE ( 'NONE', ( #2395 ), #5118, .T. ) ;
#2400 = DIRECTION ( 'NONE',  ( -0.1736481776669060728, 0.000000000000000000, 0.9848077530122123502 ) ) ;
#2401 = EDGE_LOOP ( 'NONE', ( #5184, #5595, #5231, #1120 ) ) ;
#2402 = VECTOR ( 'NONE', #230, 1000.000000000000114 ) ;
#2403 = ORIENTED_EDGE ( 'NONE', *, *, #5754, .F. ) ;
#2404 = LINE ( 'NONE', #85, #3997 ) ;
#2405 = CARTESIAN_POINT ( 'NONE',  ( -24.01045617635403673, -3.000000000000000000, 5.009615798979187851 ) ) ;
#2406 = EDGE_CURVE ( 'NONE', #1413, #2817, #1704, .T. ) ;
#2407 = EDGE_CURVE ( 'NONE', #2023, #3762, #1603, .T. ) ;
#2408 = DIRECTION ( 'NONE',  ( -1.000000000000000000, 0.000000000000000000, 0.000000000000000000 ) ) ;
#2409 = CARTESIAN_POINT ( 'NONE',  ( 0.000000000000000000, -2.500000000000000000, 0.000000000000000000 ) ) ;
#2410 = LINE ( 'NONE', #97, #2037 ) ;
#2411 = ORIENTED_EDGE ( 'NONE', *, *, #4408, .F. ) ;
#2412 = CARTESIAN_POINT ( 'NONE',  ( -9.090100452100148942, -2.970787267807006415, -22.96209193887530375 ) ) ;
#2413 = DIRECTION ( 'NONE',  ( 1.000000000000000000, 0.000000000000000000, 0.000000000000000000 ) ) ;
#2414 = AXIS2_PLACEMENT_3D ( 'NONE', #3741, #510, #1866 ) ;
#2415 = ORIENTED_EDGE ( 'NONE', *, *, #2918, .F. ) ;
#2416 = CARTESIAN_POINT ( 'NONE',  ( -7.503939519271208169, -3.000000000000000000, -22.82831118788947578 ) ) ;
#2417 = LINE ( 'NONE', #1571, #3435 ) ;
#2418 = CARTESIAN_POINT ( 'NONE',  ( -23.90990065744811588, 9.530000000000001137, 4.215960591966999793 ) ) ;
#2419 = CYLINDRICAL_SURFACE ( 'NONE', #1174, 0.8000000000030464964 ) ;
#2420 = ORIENTED_EDGE ( 'NONE', *, *, #2859, .F. ) ;
#2421 = CIRCLE ( 'NONE', #5129, 14.64608244481071431 ) ;
#2422 = ORIENTED_EDGE ( 'NONE', *, *, #5518, .F. ) ;
#2423 = CARTESIAN_POINT ( 'NONE',  ( -0.09029705238680615920, -2.500000000000000000, 0.5121000315663439828 ) ) ;
#2424 = DIRECTION ( 'NONE',  ( 0.000000000000000000, 0.000000000000000000, -1.000000000000000000 ) ) ;
#2425 = EDGE_LOOP ( 'NONE', ( #3891, #2341, #2238, #1673, #25, #1991, #1398, #5354, #382, #1524, #1703, #433, #515, #762, #171, #522, #5245, #3316, #4297, #3385, #1317, #3791, #876, #4160, #1446, #1432, #5564, #3204 ) ) ;
#2426 = DIRECTION ( 'NONE',  ( -0.000000000000000000, 1.000000000000000000, -0.000000000000000000 ) ) ;
#2427 = ORIENTED_EDGE ( 'NONE', *, *, #3177, .T. ) ;
#2428 = CARTESIAN_POINT ( 'NONE',  ( -24.22401729865408271, -2.956055507770132706, 5.012189476816712563 ) ) ;
#2429 = ORIENTED_EDGE ( 'NONE', *, *, #1068, .F. ) ;
#2430 = CARTESIAN_POINT ( 'NONE',  ( 5.276919525558512625, -2.500000000000000000, -16.01859552883835747 ) ) ;
#2431 = EDGE_CURVE ( 'NONE', #2464, #3653, #3255, .T. ) ;
#2432 = CARTESIAN_POINT ( 'NONE',  ( -4.056871809506609416, -2.926524577312472619, -15.58381920123282605 ) ) ;
#2433 = AXIS2_PLACEMENT_3D ( 'NONE', #5712, #3391, #4179 ) ;
#2434 = DIRECTION ( 'NONE',  ( 0.000000000000000000, 0.000000000000000000, -1.000000000000000000 ) ) ;
#2435 = LINE ( 'NONE', #4278, #5535 ) ;
#2436 = ORIENTED_EDGE ( 'NONE', *, *, #3437, .T. ) ;
#2437 = AXIS2_PLACEMENT_3D ( 'NONE', #3917, #5787, #1374 ) ;
#2438 = CARTESIAN_POINT ( 'NONE',  ( -16.01792765456935896, -3.000000000000000000, 17.91275784609902999 ) ) ;
#2439 = EDGE_CURVE ( 'NONE', #4412, #2305, #2214, .T. ) ;
#2440 = EDGE_CURVE ( 'NONE', #4772, #2609, #3445, .T. ) ;
#2441 = CARTESIAN_POINT ( 'NONE',  ( -22.97362297149675214, -2.500000000000000000, 5.086604718622892207 ) ) ;
#2442 = DIRECTION ( 'NONE',  ( -0.000000000000000000, -1.000000000000000000, -0.000000000000000000 ) ) ;
#2443 = ORIENTED_EDGE ( 'NONE', *, *, #5886, .F. ) ;
#2444 = CARTESIAN_POINT ( 'NONE',  ( -20.79608018602539588, 3.265000000000000124, 23.19696497017492476 ) ) ;
#2445 = VECTOR ( 'NONE', #1318, 1000.000000000000000 ) ;
#2446 = CYLINDRICAL_SURFACE ( 'NONE', #5798, 0.5000000000000000000 ) ;
#2447 = EDGE_CURVE ( 'NONE', #2093, #4412, #508, .T. ) ;
#2448 = ORIENTED_EDGE ( 'NONE', *, *, #940, .F. ) ;
#2449 = CARTESIAN_POINT ( 'NONE',  ( -6.724046161570257141, -3.000000000000000000, -15.49188450811626794 ) ) ;
#2450 = DIRECTION ( 'NONE',  ( 0.000000000000000000, 0.000000000000000000, 1.000000000000000000 ) ) ;
#2451 = CARTESIAN_POINT ( 'NONE',  ( -23.42142866329130158, -2.990298868960519219, 4.852128512286451034 ) ) ;
#2452 = DIRECTION ( 'NONE',  ( -0.000000000000000000, -1.000000000000000000, -0.000000000000000000 ) ) ;
#2453 = ORIENTED_EDGE ( 'NONE', *, *, #2694, .F. ) ;
#2454 = ORIENTED_EDGE ( 'NONE', *, *, #1068, .T. ) ;
#2455 = LINE ( 'NONE', #4200, #1397 ) ;
#2456 = CARTESIAN_POINT ( 'NONE',  ( -19.23334952206178272, 3.265000000000000124, 24.50825169393615610 ) ) ;
#2457 = VERTEX_POINT ( 'NONE', #2894 ) ;
#2458 = EDGE_LOOP ( 'NONE', ( #1508, #2487, #5647, #1154 ) ) ;
#2459 = ORIENTED_EDGE ( 'NONE', *, *, #5437, .F. ) ;
#2460 = CARTESIAN_POINT ( 'NONE',  ( -8.303821354723572412, -3.000000000000000000, -23.61456166729735173 ) ) ;
#2461 = CARTESIAN_POINT ( 'NONE',  ( -24.41831488466117150, -3.000000000000000000, 4.833629575782238064 ) ) ;
#2462 = ORIENTED_EDGE ( 'NONE', *, *, #3194, .T. ) ;
#2463 = DIRECTION ( 'NONE',  ( -0.7660444431189626924, 0.000000000000000000, 0.6427876096865574596 ) ) ;
#2464 = VERTEX_POINT ( 'NONE', #4265 ) ;
#2465 = DIRECTION ( 'NONE',  ( 0.000000000000000000, 0.000000000000000000, 1.000000000000000000 ) ) ;
#2466 = CYLINDRICAL_SURFACE ( 'NONE', #2314, 0.5000000000000001110 ) ;
#2467 = CARTESIAN_POINT ( 'NONE',  ( 24.80391930942181489, -3.000000000000000000, 3.337865057441843586 ) ) ;
#2468 =( BOUNDED_CURVE ( )  B_SPLINE_CURVE ( 3, ( #4769, #157, #186, #5611 ),
 .UNSPECIFIED., .F., .F. ) 
 B_SPLINE_CURVE_WITH_KNOTS ( ( 4, 4 ),
 ( 4.712388980384691450, 6.283185307179586232 ),
 .UNSPECIFIED. ) 
 CURVE ( )  GEOMETRIC_REPRESENTATION_ITEM ( )  RATIONAL_B_SPLINE_CURVE ( ( 1.000000000000000000, 0.8047378541243654926, 0.8047378541243654926, 1.000000000000000000 ) ) 
 REPRESENTATION_ITEM ( '' )  );
#2469 = ORIENTED_EDGE ( 'NONE', *, *, #952, .F. ) ;
#2470 = EDGE_CURVE ( 'NONE', #3210, #3241, #2455, .T. ) ;
#2471 = VERTEX_POINT ( 'NONE', #145 ) ;
#2472 = ORIENTED_EDGE ( 'NONE', *, *, #1624, .T. ) ;
#2473 = DIRECTION ( 'NONE',  ( 0.000000000000000000, 0.000000000000000000, 1.000000000000000000 ) ) ;
#2474 = EDGE_CURVE ( 'NONE', #4133, #1376, #3049, .T. ) ;
#2475 = LINE ( 'NONE', #1944, #5528 ) ;
#2476 = ADVANCED_FACE ( 'NONE', ( #3229 ), #2778, .F. ) ;
#2477 = VERTEX_POINT ( 'NONE', #473 ) ;
#2478 = CARTESIAN_POINT ( 'NONE',  ( 12.72296122597525603, -2.500000000000000000, -29.43056634765067159 ) ) ;
#2479 = DIRECTION ( 'NONE',  ( 0.000000000000000000, 1.000000000000000000, 0.000000000000000000 ) ) ;
#2480 = ORIENTED_EDGE ( 'NONE', *, *, #5381, .T. ) ;
#2481 = DIRECTION ( 'NONE',  ( -0.000000000000000000, 1.000000000000000000, -0.000000000000000000 ) ) ;
#2482 = CARTESIAN_POINT ( 'NONE',  ( -19.65932503706203960, -3.000000000000000000, 25.37618590062913171 ) ) ;
#2483 = CARTESIAN_POINT ( 'NONE',  ( -23.37839960360636127, -2.973325924937979536, 4.813879173184461457 ) ) ;
#2484 = ADVANCED_FACE ( 'NONE', ( #77 ), #1924, .T. ) ;
#2485 = ADVANCED_FACE ( 'NONE', ( #3314 ), #5176, .T. ) ;
#2486 = CARTESIAN_POINT ( 'NONE',  ( -16.39539829303299356, -2.970787267806749732, 18.46831089329719688 ) ) ;
#2487 = ORIENTED_EDGE ( 'NONE', *, *, #2259, .F. ) ;
#2488 = ORIENTED_EDGE ( 'NONE', *, *, #2879, .F. ) ;
#2489 = DIRECTION ( 'NONE',  ( 0.000000000000000000, 0.000000000000000000, -1.000000000000000000 ) ) ;
#2490 = CARTESIAN_POINT ( 'NONE',  ( -16.39520344744173030, -3.000000000000000000, 18.73006621983385145 ) ) ;
#2491 = ORIENTED_EDGE ( 'NONE', *, *, #5935, .F. ) ;
#2492 = VERTEX_POINT ( 'NONE', #3508 ) ;
#2493 = LINE ( 'NONE', #3350, #3277 ) ;
#2494 = CARTESIAN_POINT ( 'NONE',  ( 7.701356876778335803, -2.883090468738008116, -23.62873328357398606 ) ) ;
#2495 = ORIENTED_EDGE ( 'NONE', *, *, #2440, .F. ) ;
#2496 = CARTESIAN_POINT ( 'NONE',  ( -30.84144333032262608, 3.265000000000000124, 4.402443439002778014 ) ) ;
#2497 = ORIENTED_EDGE ( 'NONE', *, *, #2265, .T. ) ;
#2498 = PLANE ( 'NONE',  #4743 ) ;
#2499 = CARTESIAN_POINT ( 'NONE',  ( -15.34070471704969130, -2.970787267808553178, 19.35330388391095013 ) ) ;
#2500 = CARTESIAN_POINT ( 'NONE',  ( -16.85536625282397338, -2.500000000000000000, 18.50060498289616362 ) ) ;
#2501 = DIRECTION ( 'NONE',  ( -0.9848077530122082424, -0.000000000000000000, 0.1736481776669292765 ) ) ;
#2502 = ORIENTED_EDGE ( 'NONE', *, *, #1216, .T. ) ;
#2503 = ORIENTED_EDGE ( 'NONE', *, *, #5994, .F. ) ;
#2504 = ORIENTED_EDGE ( 'NONE', *, *, #1466, .T. ) ;
#2505 = ADVANCED_FACE ( 'NONE', ( #1671 ), #3443, .T. ) ;
#2506 = CARTESIAN_POINT ( 'NONE',  ( -19.84842270413053100, 0.000000000000000000, -12.63728674036303268 ) ) ;
#2507 = CARTESIAN_POINT ( 'NONE',  ( 16.48760416466110712, -3.000000000000000000, 2.379187623289519937 ) ) ;
#2508 = EDGE_LOOP ( 'NONE', ( #1354, #5035, #2102, #4729, #4392, #176, #2385, #620, #3119, #4873 ) ) ;
#2509 = CARTESIAN_POINT ( 'NONE',  ( 8.735645853096935198, -2.988063204681493445, -22.13607784518039878 ) ) ;
#2510 = CARTESIAN_POINT ( 'NONE',  ( 3.692205798609079270, -2.500000000000000000, -15.66973438633268856 ) ) ;
#2511 = ORIENTED_EDGE ( 'NONE', *, *, #373, .F. ) ;
#2512 = CARTESIAN_POINT ( 'NONE',  ( -15.85814145652984486, -2.973325924943416965, 17.83934836995003081 ) ) ;
#2513 = EDGE_CURVE ( 'NONE', #2095, #938, #2578, .T. ) ;
#2514 = CARTESIAN_POINT ( 'NONE',  ( -16.42414633486748698, 3.265000000000000124, 3.931755278065442560 ) ) ;
#2515 = CARTESIAN_POINT ( 'NONE',  ( -12.72296122597416002, -3.000000000000000000, -29.43056634764681334 ) ) ;
#2516 = B_SPLINE_CURVE_WITH_KNOTS ( 'NONE', 3,
 ( #1793, #775, #5523, #2614, #399, #4470, #4091, #5950 ),
 .UNSPECIFIED., .F., .F.,
 ( 4, 2, 2, 4 ),
 ( 0.000000000000000000, 0.0004478229640553196876, 0.0006717344460829731889, 0.0008956459281106266901 ),
 .UNSPECIFIED. ) ;
#2517 = CIRCLE ( 'NONE', #5902, 14.64608244481090438 ) ;
#2518 = ORIENTED_EDGE ( 'NONE', *, *, #2910, .F. ) ;
#2519 = CARTESIAN_POINT ( 'NONE',  ( -11.72428514981518255, 3.265000000000000124, 11.03241121076153597 ) ) ;
#2520 = ADVANCED_FACE ( 'NONE', ( #4918 ), #2365, .T. ) ;
#2521 = CARTESIAN_POINT ( 'NONE',  ( 9.511283720560113508, 3.265000000000000124, -23.14975676410030303 ) ) ;
#2522 = EDGE_CURVE ( 'NONE', #5210, #5287, #5482, .T. ) ;
#2523 = CARTESIAN_POINT ( 'NONE',  ( 4.295614376561237790, -2.999999999999999556, -15.52288081197412239 ) ) ;
#2524 = CARTESIAN_POINT ( 'NONE',  ( 16.30701005988695584, -3.000000000000000000, 3.403387686423335445 ) ) ;
#2525 = ORIENTED_EDGE ( 'NONE', *, *, #583, .T. ) ;
#2526 = DIRECTION ( 'NONE',  ( -0.5735764363512142472, 0.000000000000000000, -0.8191520442888740039 ) ) ;
#2527 = B_SPLINE_CURVE_WITH_KNOTS ( 'NONE', 3,
 ( #4355, #3895, #168, #4783 ),
 .UNSPECIFIED., .F., .F.,
 ( 4, 4 ),
 ( 0.0002644019892951849889, 0.0004523754029709911887 ),
 .UNSPECIFIED. ) ;
#2528 = EDGE_LOOP ( 'NONE', ( #2459, #4568, #1244, #4140, #607, #2337 ) ) ;
#2529 = LINE ( 'NONE', #5283, #2930 ) ;
#2530 = DIRECTION ( 'NONE',  ( 0.000000000000000000, 0.000000000000000000, 1.000000000000000000 ) ) ;
#2531 = ADVANCED_FACE ( 'NONE', ( #5800 ), #3867, .T. ) ;
#2532 = CARTESIAN_POINT ( 'NONE',  ( -14.80304302291103191, -3.000000000000000000, 18.55064401006295327 ) ) ;
#2533 = EDGE_LOOP ( 'NONE', ( #4581, #4413, #1454, #5272, #592, #3461 ) ) ;
#2534 = VECTOR ( 'NONE', #2363, 1000.000000000000000 ) ;
#2535 = EDGE_LOOP ( 'NONE', ( #4895, #3160, #1111, #3046 ) ) ;
#2536 = VERTEX_POINT ( 'NONE', #1155 ) ;
#2537 = CARTESIAN_POINT ( 'NONE',  ( 30.48720104788194618, -3.000000000000000000, 6.411451255148618245 ) ) ;
#2538 = CARTESIAN_POINT ( 'NONE',  ( 7.520258147077397481, -2.973325924938200693, -22.65322754313980269 ) ) ;
#2539 = VERTEX_POINT ( 'NONE', #1992 ) ;
#2540 = CARTESIAN_POINT ( 'NONE',  ( 0.000000000000000000, -3.000000000000000000, 0.000000000000000000 ) ) ;
#2541 = LINE ( 'NONE', #4387, #2402 ) ;
#2542 = CIRCLE ( 'NONE', #4560, 0.8000000000030464964 ) ;
#2543 = DIRECTION ( 'NONE',  ( -0.000000000000000000, -1.000000000000000000, -0.000000000000000000 ) ) ;
#2544 = CYLINDRICAL_SURFACE ( 'NONE', #4999, 0.4999999999999991118 ) ;
#2545 = LINE ( 'NONE', #4390, #644 ) ;
#2546 = DIRECTION ( 'NONE',  ( 0.000000000000000000, -1.000000000000000000, 0.000000000000000000 ) ) ;
#2547 = VECTOR ( 'NONE', #2713, 1000.000000000000114 ) ;
#2548 = EDGE_CURVE ( 'NONE', #5287, #494, #4394, .T. ) ;
#2549 = VERTEX_POINT ( 'NONE', #668 ) ;
#2550 = DIRECTION ( 'NONE',  ( -0.000000000000000000, 1.000000000000000000, -0.000000000000000000 ) ) ;
#2551 = ORIENTED_EDGE ( 'NONE', *, *, #4397, .T. ) ;
#2552 = DIRECTION ( 'NONE',  ( -0.000000000000000000, -1.000000000000000000, -0.000000000000000000 ) ) ;
#2553 = EDGE_CURVE ( 'NONE', #4949, #2008, #2946, .T. ) ;
#2554 = EDGE_LOOP ( 'NONE', ( #5752, #5844, #2436, #4316, #2964, #3113, #5375, #2079, #5537, #2981 ) ) ;
#2555 = CARTESIAN_POINT ( 'NONE',  ( -24.44967702698093248, -2.619670988164124470, 5.346872873588897512 ) ) ;
#2556 = ORIENTED_EDGE ( 'NONE', *, *, #5475, .T. ) ;
#2557 = DIRECTION ( 'NONE',  ( -0.1736481776669289434, 0.000000000000000000, -0.9848077530122084644 ) ) ;
#2558 = FACE_OUTER_BOUND ( 'NONE', #2006, .T. ) ;
#2559 = CARTESIAN_POINT ( 'NONE',  ( -14.81459121830629044, -2.973325924937941789, 18.71499098996302379 ) ) ;
#2560 = LINE ( 'NONE', #4848, #2807 ) ;
#2561 = ORIENTED_EDGE ( 'NONE', *, *, #1334, .F. ) ;
#2562 = EDGE_CURVE ( 'NONE', #2171, #5846, #638, .T. ) ;
#2563 = AXIS2_PLACEMENT_3D ( 'NONE', #1414, #4593, #2296 ) ;
#2564 = ORIENTED_EDGE ( 'NONE', *, *, #4353, .F. ) ;
#2565 = VERTEX_POINT ( 'NONE', #3899 ) ;
#2566 = DIRECTION ( 'NONE',  ( 0.000000000000000000, -1.000000000000000000, 0.000000000000000000 ) ) ;
#2567 = CARTESIAN_POINT ( 'NONE',  ( 9.915078265544348568, -2.999999999999999112, -29.61819441674029108 ) ) ;
#2568 = CARTESIAN_POINT ( 'NONE',  ( -16.30701005988716545, -3.000000000000000000, 3.403387686423853253 ) ) ;
#2569 = ORIENTED_EDGE ( 'NONE', *, *, #5444, .T. ) ;
#2570 = CARTESIAN_POINT ( 'NONE',  ( -9.171249647149551265, -3.000000000000000000, -30.72328364303758264 ) ) ;
#2571 = DIRECTION ( 'NONE',  ( 0.000000000000000000, 0.000000000000000000, 1.000000000000000000 ) ) ;
#2572 = AXIS2_PLACEMENT_3D ( 'NONE', #5091, #4629, #3283 ) ;
#2573 = FACE_OUTER_BOUND ( 'NONE', #403, .T. ) ;
#2574 = DIRECTION ( 'NONE',  ( 0.000000000000000000, 0.000000000000000000, 1.000000000000000000 ) ) ;
#2575 = LINE ( 'NONE', #818, #5434 ) ;
#2576 = AXIS2_PLACEMENT_3D ( 'NONE', #5883, #2605, #5007 ) ;
#2577 = ORIENTED_EDGE ( 'NONE', *, *, #3070, .F. ) ;
#2578 = LINE ( 'NONE', #4330, #5665 ) ;
#2579 = AXIS2_PLACEMENT_3D ( 'NONE', #37, #1380, #5132 ) ;
#2580 = CARTESIAN_POINT ( 'NONE',  ( -6.724046161570257141, -2.500000000000000000, -15.49188450811626794 ) ) ;
#2581 =( BOUNDED_CURVE ( )  B_SPLINE_CURVE ( 3, ( #5536, #4187, #1882, #3218 ),
 .UNSPECIFIED., .F., .F. ) 
 B_SPLINE_CURVE_WITH_KNOTS ( ( 4, 4 ),
 ( 4.712388980384689674, 6.283185307179586232 ),
 .UNSPECIFIED. ) 
 CURVE ( )  GEOMETRIC_REPRESENTATION_ITEM ( )  RATIONAL_B_SPLINE_CURVE ( ( 1.000000000000000000, 0.8047378541243649375, 0.8047378541243649375, 1.000000000000000000 ) ) 
 REPRESENTATION_ITEM ( '' )  );
#2582 = CARTESIAN_POINT ( 'NONE',  ( 22.97362297149689070, -2.500000000000000000, 5.086604718622282917 ) ) ;
#2583 = VERTEX_POINT ( 'NONE', #5366 ) ;
#2584 = CARTESIAN_POINT ( 'NONE',  ( -7.594310774156573629, 3.265000000000000124, -23.84747785648472274 ) ) ;
#2585 = ORIENTED_EDGE ( 'NONE', *, *, #5070, .T. ) ;
#2586 = PLANE ( 'NONE',  #323 ) ;
#2587 = LINE ( 'NONE', #5745, #1167 ) ;
#2588 = LINE ( 'NONE', #1651, #487 ) ;
#2589 = EDGE_CURVE ( 'NONE', #5613, #2636, #1185, .T. ) ;
#2590 = CARTESIAN_POINT ( 'NONE',  ( -14.81695515800141116, -3.000000000000000000, 18.46713593082417759 ) ) ;
#2591 = EDGE_LOOP ( 'NONE', ( #410, #1071, #5897, #47, #5946, #2666, #4598, #5164, #3411, #3737, #5093, #5400, #4263, #4433, #4039, #486, #3318, #4393, #154, #623, #641, #1549, #5090, #720, #4051, #3381, #4601, #189 ) ) ;
#2592 = CYLINDRICAL_SURFACE ( 'NONE', #2711, 0.5000000000000003331 ) ;
#2593 = VERTEX_POINT ( 'NONE', #5765 ) ;
#2594 = ORIENTED_EDGE ( 'NONE', *, *, #5324, .F. ) ;
#2595 = EDGE_CURVE ( 'NONE', #248, #859, #38, .T. ) ;
#2596 = CARTESIAN_POINT ( 'NONE',  ( 15.86682264772926487, -2.945085216637810532, 17.72063335203317536 ) ) ;
#2597 = CARTESIAN_POINT ( 'NONE',  ( 8.023111437219503372, -3.000000000000000000, -23.56369579561588523 ) ) ;
#2598 = ADVANCED_FACE ( 'NONE', ( #4888 ), #273, .T. ) ;
#2599 = CARTESIAN_POINT ( 'NONE',  ( 23.03163097412470961, -2.737084624031248747, 5.047867314853005105 ) ) ;
#2600 = DIRECTION ( 'NONE',  ( -0.000000000000000000, -1.000000000000000000, -0.000000000000000000 ) ) ;
#2601 = DIRECTION ( 'NONE',  ( 0.000000000000000000, -1.000000000000000000, 0.000000000000000000 ) ) ;
#2602 = DIRECTION ( 'NONE',  ( 0.000000000000000000, 0.000000000000000000, -1.000000000000000000 ) ) ;
#2603 = FACE_OUTER_BOUND ( 'NONE', #3127, .T. ) ;
#2604 = ORIENTED_EDGE ( 'NONE', *, *, #2447, .F. ) ;
#2605 = DIRECTION ( 'NONE',  ( -0.000000000000000000, -1.000000000000000000, -0.000000000000000000 ) ) ;
#2606 = DIRECTION ( 'NONE',  ( 0.000000000000000000, 0.000000000000000000, -1.000000000000000000 ) ) ;
#2607 = ORIENTED_EDGE ( 'NONE', *, *, #5994, .T. ) ;
#2608 = DIRECTION ( 'NONE',  ( 0.000000000000000000, 0.000000000000000000, 1.000000000000000000 ) ) ;
#2609 = VERTEX_POINT ( 'NONE', #3055 ) ;
#2610 = AXIS2_PLACEMENT_3D ( 'NONE', #3629, #5015, #886 ) ;
#2611 = DIRECTION ( 'NONE',  ( -0.9848077530122086864, 0.000000000000000000, 0.1736481776669272503 ) ) ;
#2612 = CARTESIAN_POINT ( 'NONE',  ( -12.14675912257043677, -3.000000000000000000, -29.71356785366570463 ) ) ;
#2613 = CYLINDRICAL_SURFACE ( 'NONE', #1277, 0.8000000000020074387 ) ;
#2614 = CARTESIAN_POINT ( 'NONE',  ( 21.91649183265698042, -2.833599059608989279, 23.41743943069514344 ) ) ;
#2615 = PLANE ( 'NONE',  #3009 ) ;
#2616 = EDGE_CURVE ( 'NONE', #1750, #742, #1215, .T. ) ;
#2617 = ORIENTED_EDGE ( 'NONE', *, *, #4620, .F. ) ;
#2618 = VECTOR ( 'NONE', #5738, 1000.000000000000000 ) ;
#2619 = FACE_OUTER_BOUND ( 'NONE', #654, .T. ) ;
#2620 = CARTESIAN_POINT ( 'NONE',  ( -23.32786525393755994, 3.265000000000000124, 3.077596902476485319 ) ) ;
#2621 = VECTOR ( 'NONE', #3833, 1000.000000000000114 ) ;
#2622 = ORIENTED_EDGE ( 'NONE', *, *, #5708, .T. ) ;
#2623 =( NAMED_UNIT ( * ) PLANE_ANGLE_UNIT ( ) SI_UNIT ( $, .RADIAN. ) );
#2624 = EDGE_CURVE ( 'NONE', #3568, #2305, #3618, .T. ) ;
#2625 = DIRECTION ( 'NONE',  ( 0.3420201433256716550, 0.000000000000000000, -0.9396926207859073177 ) ) ;
#2626 = LINE ( 'NONE', #4559, #2071 ) ;
#2627 = DIRECTION ( 'NONE',  ( -0.000000000000000000, 1.000000000000000000, -0.000000000000000000 ) ) ;
#2628 = VECTOR ( 'NONE', #2890, 1000.000000000000227 ) ;
#2629 = CARTESIAN_POINT ( 'NONE',  ( -15.60607930272161070, -3.000000000000000000, 18.59860107532878004 ) ) ;
#2630 = ADVANCED_FACE ( 'NONE', ( #172 ), #4047, .F. ) ;
#2631 = AXIS2_PLACEMENT_3D ( 'NONE', #4312, #3749, #1590 ) ;
#2632 = ORIENTED_EDGE ( 'NONE', *, *, #1186, .T. ) ;
#2633 = FACE_OUTER_BOUND ( 'NONE', #3192, .T. ) ;
#2634 = DIRECTION ( 'NONE',  ( 0.9961946980916878136, 0.000000000000000000, 0.08715574274831970614 ) ) ;
#2635 = VECTOR ( 'NONE', #5977, 1000.000000000000227 ) ;
#2636 = VERTEX_POINT ( 'NONE', #2151 ) ;
#2637 = AXIS2_PLACEMENT_3D ( 'NONE', #40, #3589, #1298 ) ;
#2638 = DIRECTION ( 'NONE',  ( -0.000000000000000000, -1.000000000000000000, -0.000000000000000000 ) ) ;
#2639 = VERTEX_POINT ( 'NONE', #1245 ) ;
#2640 = CARTESIAN_POINT ( 'NONE',  ( -30.84144333032262608, 3.265000000000000124, 4.402443439002778014 ) ) ;
#2641 = VERTEX_POINT ( 'NONE', #4945 ) ;
#2642 = DIRECTION ( 'NONE',  ( 0.4226182617402615138, -0.000000000000000000, -0.9063077870368541067 ) ) ;
#2643 = LINE ( 'NONE', #680, #5931 ) ;
#2644 = VERTEX_POINT ( 'NONE', #1358 ) ;
#2645 = CARTESIAN_POINT ( 'NONE',  ( 31.81950566235579458, -3.000000000000000888, 4.186932003366884203 ) ) ;
#2646 = EDGE_LOOP ( 'NONE', ( #3843, #5693, #2415, #4672, #5066 ) ) ;
#2647 = EDGE_CURVE ( 'NONE', #2258, #1088, #4020, .T. ) ;
#2648 = CIRCLE ( 'NONE', #1212, 24.52749999999999275 ) ;
#2649 = EDGE_LOOP ( 'NONE', ( #4046, #2161, #5915, #34, #5736, #5948, #4754, #5414, #1848, #5675 ) ) ;
#2650 = DIRECTION ( 'NONE',  ( -0.9063077870368988487, 0.000000000000000000, -0.4226182617401657016 ) ) ;
#2651 = CARTESIAN_POINT ( 'NONE',  ( -9.691120861856122204, -2.500000000000000000, -29.60841622532391781 ) ) ;
#2652 = B_SPLINE_CURVE_WITH_KNOTS ( 'NONE', 3,
 ( #5626, #1471, #5330, #2046 ),
 .UNSPECIFIED., .F., .F.,
 ( 4, 4 ),
 ( 0.0001598850651057431621, 0.0003375829448586446205 ),
 .UNSPECIFIED. ) ;
#2653 = LINE ( 'NONE', #3133, #4186 ) ;
#2654 = CARTESIAN_POINT ( 'NONE',  ( 0.000000000000000000, -2.500000000000000000, 0.000000000000000000 ) ) ;
#2655 = EDGE_CURVE ( 'NONE', #1750, #1927, #1727, .T. ) ;
#2656 = CARTESIAN_POINT ( 'NONE',  ( -1.020000000000000018, -0.9761472547094258712, 25.00670622553088762 ) ) ;
#2657 = EDGE_CURVE ( 'NONE', #280, #2251, #2268, .T. ) ;
#2658 = VERTEX_POINT ( 'NONE', #3564 ) ;
#2659 = EDGE_LOOP ( 'NONE', ( #4363, #3219, #5622, #5604, #617 ) ) ;
#2660 = DIRECTION ( 'NONE',  ( 0.9063077870364197874, -0.000000000000000000, -0.4226182617411931020 ) ) ;
#2661 = DIRECTION ( 'NONE',  ( -0.000000000000000000, 1.000000000000000000, -0.000000000000000000 ) ) ;
#2662 = EDGE_CURVE ( 'NONE', #3653, #2158, #5567, .T. ) ;
#2663 = CIRCLE ( 'NONE', #633, 0.8000000000020074387 ) ;
#2664 = EDGE_CURVE ( 'NONE', #5504, #4461, #1807, .T. ) ;
#2665 = DIRECTION ( 'NONE',  ( 0.000000000000000000, -1.000000000000000000, 0.000000000000000000 ) ) ;
#2666 = ORIENTED_EDGE ( 'NONE', *, *, #1268, .T. ) ;
#2667 = DIRECTION ( 'NONE',  ( -0.000000000000000000, 1.000000000000000000, 0.000000000000000000 ) ) ;
#2668 = VECTOR ( 'NONE', #5032, 1000.000000000000114 ) ;
#2669 = ORIENTED_EDGE ( 'NONE', *, *, #4130, .F. ) ;
#2670 = DIRECTION ( 'NONE',  ( 0.000000000000000000, 0.000000000000000000, 1.000000000000000000 ) ) ;
#2671 = CARTESIAN_POINT ( 'NONE',  ( 30.77798550052926529, -3.000000000000000000, 5.955011093778010967 ) ) ;
#2672 = CARTESIAN_POINT ( 'NONE',  ( -15.50925443471618692, -3.000000000000000888, 19.39772153117579379 ) ) ;
#2673 = ORIENTED_EDGE ( 'NONE', *, *, #655, .F. ) ;
#2674 = CARTESIAN_POINT ( 'NONE',  ( -11.20908218885295682, -3.000000000000000000, -29.27632191859747124 ) ) ;
#2675 = DIRECTION ( 'NONE',  ( 0.000000000000000000, 0.000000000000000000, 1.000000000000000000 ) ) ;
#2676 = PLANE ( 'NONE',  #1761 ) ;
#2677 = AXIS2_PLACEMENT_3D ( 'NONE', #4009, #2138, #722 ) ;
#2678 = VERTEX_POINT ( 'NONE', #330 ) ;
#2679 = DIRECTION ( 'NONE',  ( 0.000000000000000000, -1.000000000000000000, 0.000000000000000000 ) ) ;
#2680 = B_SPLINE_CURVE_WITH_KNOTS ( 'NONE', 3,
 ( #5268, #1954, #1118, #3796, #2961, #4817 ),
 .UNSPECIFIED., .F., .F.,
 ( 4, 2, 4 ),
 ( 0.000000000000000000, 0.0003644118814622198700, 0.0007288237629244397400 ),
 .UNSPECIFIED. ) ;
#2681 = EDGE_CURVE ( 'NONE', #4546, #209, #1751, .T. ) ;
#2682 = CARTESIAN_POINT ( 'NONE',  ( 14.81695515800023522, -3.000000000000000000, 18.46713593082176885 ) ) ;
#2683 = VECTOR ( 'NONE', #100, 1000.000000000000000 ) ;
#2684 = LINE ( 'NONE', #4424, #1410 ) ;
#2685 = FACE_OUTER_BOUND ( 'NONE', #46, .T. ) ;
#2686 = ADVANCED_FACE ( 'NONE', ( #2633 ), #359, .T. ) ;
#2687 = ORIENTED_EDGE ( 'NONE', *, *, #1910, .F. ) ;
#2688 = CARTESIAN_POINT ( 'NONE',  ( 12.72296122597525603, -2.500000000000000000, -29.43056634765067159 ) ) ;
#2689 = CARTESIAN_POINT ( 'NONE',  ( -7.243917375737630060, -2.500000000000000000, -14.37701709155922458 ) ) ;
#2690 = CARTESIAN_POINT ( 'NONE',  ( -11.41023447152234560, -2.954357122083207887, 11.36428288987097623 ) ) ;
#2691 = ORIENTED_EDGE ( 'NONE', *, *, #5935, .T. ) ;
#2692 = CARTESIAN_POINT ( 'NONE',  ( -5.018382346036155184, -2.500000000000000000, -15.73645170698244300 ) ) ;
#2693 = EDGE_CURVE ( 'NONE', #5905, #2069, #4067, .T. ) ;
#2694 = EDGE_CURVE ( 'NONE', #3778, #3930, #3197, .T. ) ;
#2695 = ORIENTED_EDGE ( 'NONE', *, *, #947, .F. ) ;
#2696 = CARTESIAN_POINT ( 'NONE',  ( -9.511283720561253929, -2.500000000000000000, -23.14975676409983407 ) ) ;
#2697 = ORIENTED_EDGE ( 'NONE', *, *, #1661, .F. ) ;
#2698 = CARTESIAN_POINT ( 'NONE',  ( -24.52209377040226457, -2.935926026334318983, 3.542865529045966966 ) ) ;
#2699 = ORIENTED_EDGE ( 'NONE', *, *, #3580, .T. ) ;
#2700 = CARTESIAN_POINT ( 'NONE',  ( 23.27992997787186269, -2.945085216636077252, 4.880754814260368946 ) ) ;
#2701 = EDGE_CURVE ( 'NONE', #3285, #240, #716, .T. ) ;
#2702 = EDGE_LOOP ( 'NONE', ( #5717, #3054, #1447, #1812, #577, #3539, #2632 ) ) ;
#2703 = DIRECTION ( 'NONE',  ( 0.8191520442886223163, -0.000000000000000000, -0.5735764363515737374 ) ) ;
#2704 = ORIENTED_EDGE ( 'NONE', *, *, #5825, .F. ) ;
#2705 = CARTESIAN_POINT ( 'NONE',  ( 23.90990065744913906, -3.000000000000000000, 4.215960591969848181 ) ) ;
#2706 = ORIENTED_EDGE ( 'NONE', *, *, #175, .F. ) ;
#2707 = LINE ( 'NONE', #409, #916 ) ;
#2708 = VERTEX_POINT ( 'NONE', #5060 ) ;
#2709 = DIRECTION ( 'NONE',  ( 0.000000000000000000, 0.000000000000000000, 1.000000000000000000 ) ) ;
#2710 = DIRECTION ( 'NONE',  ( 0.000000000000000000, 0.000000000000000000, -1.000000000000000000 ) ) ;
#2711 = AXIS2_PLACEMENT_3D ( 'NONE', #837, #5462, #3154 ) ;
#2712 = PRODUCT_RELATED_PRODUCT_CATEGORY ( 'part', '', ( #497 ) ) ;
#2713 = DIRECTION ( 'NONE',  ( -0.4226182617402632902, 0.000000000000000000, 0.9063077870368533295 ) ) ;
#2714 = B_SPLINE_CURVE_WITH_KNOTS ( 'NONE', 3,
 ( #3601, #4573, #5520, #2754 ),
 .UNSPECIFIED., .F., .F.,
 ( 4, 4 ),
 ( 0.0002320008640053571698, 0.0004814755168987376599 ),
 .UNSPECIFIED. ) ;
#2715 = TOROIDAL_SURFACE ( 'NONE', #402, 24.02999999999999758, 0.5000000000000000000 ) ;
#2716 = ORIENTED_EDGE ( 'NONE', *, *, #3170, .T. ) ;
#2717 = CARTESIAN_POINT ( 'NONE',  ( 12.14675912257063040, -3.000000000000000000, -29.71356785366922892 ) ) ;
#2718 = DIRECTION ( 'NONE',  ( 0.000000000000000000, -1.000000000000000000, 0.000000000000000000 ) ) ;
#2719 = EDGE_CURVE ( 'NONE', #611, #3447, #3804, .T. ) ;
#2720 = AXIS2_PLACEMENT_3D ( 'NONE', #5351, #4440, #3067 ) ;
#2721 = CARTESIAN_POINT ( 'NONE',  ( 14.81459121830372894, -2.973325924937204157, 18.71499098996230259 ) ) ;
#2722 = VERTEX_POINT ( 'NONE', #847 ) ;
#2723 = DIRECTION ( 'NONE',  ( 0.000000000000000000, 0.000000000000000000, -1.000000000000000000 ) ) ;
#2724 = EDGE_LOOP ( 'NONE', ( #5370, #4563, #3922, #1685, #1223 ) ) ;
#2725 = CARTESIAN_POINT ( 'NONE',  ( -23.31641477216531300, -2.988133748785121835, 4.758779692639737213 ) ) ;
#2726 = VECTOR ( 'NONE', #1112, 1000.000000000000114 ) ;
#2727 = ORIENTED_EDGE ( 'NONE', *, *, #2939, .T. ) ;
#2728 = DIRECTION ( 'NONE',  ( -0.000000000000000000, 1.000000000000000000, -0.000000000000000000 ) ) ;
#2729 = EDGE_CURVE ( 'NONE', #5925, #2639, #4916, .T. ) ;
#2730 = EDGE_CURVE ( 'NONE', #908, #427, #2648, .T. ) ;
#2731 = CARTESIAN_POINT ( 'NONE',  ( 7.666773543061884411, -3.000000000000000000, -23.29847290466493348 ) ) ;
#2732 = ORIENTED_EDGE ( 'NONE', *, *, #2349, .T. ) ;
#2733 = DIRECTION ( 'NONE',  ( -0.1736481776669309696, 0.000000000000000000, -0.9848077530122080203 ) ) ;
#2734 = PLANE ( 'NONE',  #1742 ) ;
#2735 = CARTESIAN_POINT ( 'NONE',  ( 9.102880438427794374, -3.000000000000000000, -22.77577274152708497 ) ) ;
#2736 = ADVANCED_FACE ( 'NONE', ( #444 ), #467, .F. ) ;
#2737 = CARTESIAN_POINT ( 'NONE',  ( -7.243917375737632725, -2.500000000000000000, -14.37701709155922636 ) ) ;
#2738 = CARTESIAN_POINT ( 'NONE',  ( -14.32920972712166652, 3.265000000000000124, 18.66372547473203625 ) ) ;
#2739 = FACE_OUTER_BOUND ( 'NONE', #117, .T. ) ;
#2740 = ORIENTED_EDGE ( 'NONE', *, *, #2407, .F. ) ;
#2741 = DIRECTION ( 'NONE',  ( -0.7660444431189736836, 0.000000000000000000, -0.6427876096865444699 ) ) ;
#2742 = VECTOR ( 'NONE', #412, 1000.000000000000114 ) ;
#2743 = ORIENTED_EDGE ( 'NONE', *, *, #981, .F. ) ;
#2744 = CARTESIAN_POINT ( 'NONE',  ( 9.503133255363993115, -2.961413309391994098, -30.64565865388739496 ) ) ;
#2745 = CARTESIAN_POINT ( 'NONE',  ( -12.70307063337962461, -2.650251510363388352, -29.44092135480318362 ) ) ;
#2746 = CARTESIAN_POINT ( 'NONE',  ( 24.52209377040299643, -2.935926026333993910, 3.542865529044850970 ) ) ;
#2747 = ORIENTED_EDGE ( 'NONE', *, *, #4738, .F. ) ;
#2748 = DIRECTION ( 'NONE',  ( -0.000000000000000000, 1.000000000000000000, -0.000000000000000000 ) ) ;
#2749 = DIRECTION ( 'NONE',  ( -0.5735764363512143582, 0.000000000000000000, -0.8191520442888740039 ) ) ;
#2750 = VERTEX_POINT ( 'NONE', #4649 ) ;
#2751 = ADVANCED_FACE ( 'NONE', ( #3795 ), #3732, .F. ) ;
#2752 = DIRECTION ( 'NONE',  ( 0.000000000000000000, 0.000000000000000000, 1.000000000000000000 ) ) ;
#2753 = EDGE_LOOP ( 'NONE', ( #642, #1498, #4303, #4472, #2743, #2374, #3202, #5181, #3999 ) ) ;
#2754 = CARTESIAN_POINT ( 'NONE',  ( -23.40148643023471209, -3.000000000000000000, 3.598291608152048848 ) ) ;
#2755 = CARTESIAN_POINT ( 'NONE',  ( 22.97362297149689070, -3.000000000000000000, 5.086604718622285581 ) ) ;
#2756 = AXIS2_PLACEMENT_3D ( 'NONE', #1860, #5570, #5509 ) ;
#2757 = ORIENTED_EDGE ( 'NONE', *, *, #1995, .T. ) ;
#2758 = DIRECTION ( 'NONE',  ( -0.000000000000000000, -1.000000000000000000, -0.000000000000000000 ) ) ;
#2759 = EDGE_CURVE ( 'NONE', #1767, #3769, #3249, .T. ) ;
#2760 = CARTESIAN_POINT ( 'NONE',  ( 20.79608018602494823, -2.500000000000000000, 23.19696497017266879 ) ) ;
#2761 = LINE ( 'NONE', #3721, #4075 ) ;
#2762 = CIRCLE ( 'NONE', #4021, 25.02749999999999275 ) ;
#2763 = ORIENTED_EDGE ( 'NONE', *, *, #2664, .F. ) ;
#2764 = FACE_OUTER_BOUND ( 'NONE', #3087, .T. ) ;
#2765 = EDGE_CURVE ( 'NONE', #732, #2477, #5596, .T. ) ;
#2766 = EDGE_CURVE ( 'NONE', #1011, #4410, #4203, .T. ) ;
#2767 = CARTESIAN_POINT ( 'NONE',  ( -23.90990065744811588, 3.265000000000000568, 3.415960591967000859 ) ) ;
#2768 = LINE ( 'NONE', #871, #748 ) ;
#2769 = DIRECTION ( 'NONE',  ( 0.6427876096865391409, -0.000000000000000000, -0.7660444431189782355 ) ) ;
#2770 = EDGE_CURVE ( 'NONE', #2328, #5111, #2824, .T. ) ;
#2771 = ORIENTED_EDGE ( 'NONE', *, *, #5614, .F. ) ;
#2772 = CARTESIAN_POINT ( 'NONE',  ( -16.03207995204115122, -2.990860970744406711, 1.536206335420642111 ) ) ;
#2773 = CARTESIAN_POINT ( 'NONE',  ( -8.303821354723572412, -3.000000000000000000, -22.81456166729534374 ) ) ;
#2774 = VECTOR ( 'NONE', #5643, 1000.000000000000000 ) ;
#2775 = CYLINDRICAL_SURFACE ( 'NONE', #1360, 14.57731163100814697 ) ;
#2776 = ORIENTED_EDGE ( 'NONE', *, *, #5221, .F. ) ;
#2777 = VERTEX_POINT ( 'NONE', #1953 ) ;
#2778 = PLANE ( 'NONE',  #2572 ) ;
#2779 = CARTESIAN_POINT ( 'NONE',  ( 7.243917375738558206, 3.265000000000000124, -14.37701709155918550 ) ) ;
#2780 = CARTESIAN_POINT ( 'NONE',  ( 21.71325459516049960, -2.500000000000000000, 1.899663625324518490 ) ) ;
#2781 = B_SPLINE_CURVE_WITH_KNOTS ( 'NONE', 3,
 ( #1238, #3559, #5984, #3526 ),
 .UNSPECIFIED., .F., .F.,
 ( 4, 4 ),
 ( 4.358438792651350852E-18, 0.0002633906062245015985 ),
 .UNSPECIFIED. ) ;
#2782 = ORIENTED_EDGE ( 'NONE', *, *, #2366, .F. ) ;
#2783 = CARTESIAN_POINT ( 'NONE',  ( 9.334491788129993139, -2.849944888431048984, -23.07139459593192399 ) ) ;
#2784 = FACE_OUTER_BOUND ( 'NONE', #5322, .T. ) ;
#2785 = CARTESIAN_POINT ( 'NONE',  ( -30.48720104788181828, 3.265000000000000124, 6.411451255149191120 ) ) ;
#2786 = ORIENTED_EDGE ( 'NONE', *, *, #858, .F. ) ;
#2787 = EDGE_CURVE ( 'NONE', #5983, #4570, #3223, .T. ) ;
#2788 = CARTESIAN_POINT ( 'NONE',  ( 23.90990065744913906, 3.265000000000000568, 5.015960591972895344 ) ) ;
#2789 = LINE ( 'NONE', #4642, #806 ) ;
#2790 = CARTESIAN_POINT ( 'NONE',  ( 0.4886401628081499249, -2.500000000000000000, 0.1778504745291593081 ) ) ;
#2791 = ADVANCED_FACE ( 'NONE', ( #5085 ), #3339, .T. ) ;
#2792 = LINE ( 'NONE', #414, #3295 ) ;
#2793 = B_SPLINE_CURVE_WITH_KNOTS ( 'NONE', 3,
 ( #5360, #5726, #3022, #267, #3926, #2512 ),
 .UNSPECIFIED., .F., .F.,
 ( 4, 2, 4 ),
 ( 0.000000000000000000, 0.0003644118814603701127, 0.0007288237629207402254 ),
 .UNSPECIFIED. ) ;
#2794 = ORIENTED_EDGE ( 'NONE', *, *, #2879, .T. ) ;
#2795 = DIRECTION ( 'NONE',  ( 0.000000000000000000, 1.000000000000000000, 0.000000000000000000 ) ) ;
#2796 = CARTESIAN_POINT ( 'NONE',  ( -24.27583800419677118, -3.000000000000000000, 3.504560663477721327 ) ) ;
#2797 = AXIS2_PLACEMENT_3D ( 'NONE', #4792, #2059, #2027 ) ;
#2798 = EDGE_CURVE ( 'NONE', #50, #4812, #3304, .T. ) ;
#2799 = FACE_OUTER_BOUND ( 'NONE', #5862, .T. ) ;
#2800 = CARTESIAN_POINT ( 'NONE',  ( -16.34368263329292503, -3.000000000000000000, 18.28885710568593481 ) ) ;
#2801 = AXIS2_PLACEMENT_3D ( 'NONE', #591, #2381, #5720 ) ;
#2802 = VERTEX_POINT ( 'NONE', #1050 ) ;
#2803 = ORIENTED_EDGE ( 'NONE', *, *, #4775, .T. ) ;
#2804 = CARTESIAN_POINT ( 'NONE',  ( 19.20994008068545611, -2.778643711280969431, 25.67978321647348139 ) ) ;
#2805 = DIRECTION ( 'NONE',  ( -0.5735764363512142472, 0.000000000000000000, -0.8191520442888740039 ) ) ;
#2806 = ORIENTED_EDGE ( 'NONE', *, *, #5288, .F. ) ;
#2807 = VECTOR ( 'NONE', #3861, 1000.000000000000114 ) ;
#2808 = B_SPLINE_CURVE_WITH_KNOTS ( 'NONE', 3,
 ( #2162, #2191, #2725, #3573 ),
 .UNSPECIFIED., .F., .F.,
 ( 4, 4 ),
 ( 1.788112030672749005E-18, 0.0002492957699710362206 ),
 .UNSPECIFIED. ) ;
#2809 = CARTESIAN_POINT ( 'NONE',  ( 19.12613749183848810, -2.500000000000000000, 25.73369080688133081 ) ) ;
#2810 = ORIENTED_EDGE ( 'NONE', *, *, #129, .T. ) ;
#2811 = AXIS2_PLACEMENT_3D ( 'NONE', #5101, #1430, #1347 ) ;
#2812 = ORIENTED_EDGE ( 'NONE', *, *, #4959, .F. ) ;
#2813 = CARTESIAN_POINT ( 'NONE',  ( 7.594310774156538102, -3.000000000000000000, -23.84747785648473695 ) ) ;
#2814 = CARTESIAN_POINT ( 'NONE',  ( -24.01045617635403673, -3.000000000000000000, 5.009615798979187851 ) ) ;
#2815 = DIRECTION ( 'NONE',  ( 0.5735764363512142472, 0.000000000000000000, 0.8191520442888741149 ) ) ;
#2816 = DIRECTION ( 'NONE',  ( 0.000000000000000000, 0.000000000000000000, -1.000000000000000000 ) ) ;
#2817 = VERTEX_POINT ( 'NONE', #2416 ) ;
#2818 = DIRECTION ( 'NONE',  ( 0.000000000000000000, 0.000000000000000000, -1.000000000000000000 ) ) ;
#2819 = CARTESIAN_POINT ( 'NONE',  ( 15.60607930272259658, 9.530000000000001137, 18.59860107533160445 ) ) ;
#2820 = DIRECTION ( 'NONE',  ( -0.4226182617408856812, 0.000000000000000000, -0.9063077870365631172 ) ) ;
#2821 = EDGE_LOOP ( 'NONE', ( #2556, #4239, #4523, #5139, #5358, #719 ) ) ;
#2822 = CARTESIAN_POINT ( 'NONE',  ( 20.86842270412931200, 0.000000000000000000, -10.87059491664489386 ) ) ;
#2823 = ORIENTED_EDGE ( 'NONE', *, *, #2181, .F. ) ;
#2824 = LINE ( 'NONE', #1473, #5761 ) ;
#2825 = EDGE_CURVE ( 'NONE', #1376, #1984, #3700, .T. ) ;
#2826 = LINE ( 'NONE', #4684, #5183 ) ;
#2827 = CARTESIAN_POINT ( 'NONE',  ( 0.000000000000000000, 3.265000000000000124, 0.000000000000000000 ) ) ;
#2828 = VECTOR ( 'NONE', #2117, 1000.000000000000000 ) ;
#2829 = ORIENTED_EDGE ( 'NONE', *, *, #5212, .F. ) ;
#2830 = EDGE_LOOP ( 'NONE', ( #5224, #4917, #774, #4484, #4880 ) ) ;
#2831 = DIRECTION ( 'NONE',  ( -0.000000000000000000, -1.000000000000000000, -0.000000000000000000 ) ) ;
#2832 = EDGE_CURVE ( 'NONE', #4772, #2954, #1384, .T. ) ;
#2833 = CARTESIAN_POINT ( 'NONE',  ( 15.54687491418240519, -2.954357122083210552, 4.199411470539671676 ) ) ;
#2834 = EDGE_CURVE ( 'NONE', #1974, #5651, #5162, .T. ) ;
#2835 = ORIENTED_EDGE ( 'NONE', *, *, #1436, .F. ) ;
#2836 = ORIENTED_EDGE ( 'NONE', *, *, #2156, .F. ) ;
#2837 = FACE_OUTER_BOUND ( 'NONE', #3334, .T. ) ;
#2838 = VERTEX_POINT ( 'NONE', #5140 ) ;
#2839 = VECTOR ( 'NONE', #2359, 1000.000000000000114 ) ;
#2840 = VERTEX_POINT ( 'NONE', #5169 ) ;
#2841 = DIRECTION ( 'NONE',  ( -0.3420201433256418455, 0.000000000000000000, 0.9396926207859183089 ) ) ;
#2842 = CARTESIAN_POINT ( 'NONE',  ( -7.796327252065910152, -2.970787267805949483, -23.43298687358217336 ) ) ;
#2843 = ADVANCED_FACE ( 'NONE', ( #1018 ), #2854, .T. ) ;
#2844 = CARTESIAN_POINT ( 'NONE',  ( 30.88996276406351882, -3.000000000000000000, 4.621300461378149649 ) ) ;
#2845 = AXIS2_PLACEMENT_3D ( 'NONE', #937, #5119, #2805 ) ;
#2846 = FACE_OUTER_BOUND ( 'NONE', #1898, .T. ) ;
#2847 = CARTESIAN_POINT ( 'NONE',  ( -8.303821354723572412, -3.000000000000000000, -22.01456166729333574 ) ) ;
#2848 = VECTOR ( 'NONE', #5291, 1000.000000000000000 ) ;
#2849 = CARTESIAN_POINT ( 'NONE',  ( -7.243917375737632725, -2.500000000000000000, -14.37701709155922636 ) ) ;
#2850 = ORIENTED_EDGE ( 'NONE', *, *, #2859, .T. ) ;
#2851 = CARTESIAN_POINT ( 'NONE',  ( 16.07282071980216287, -2.500000000000000000, 0.9150920754745598407 ) ) ;
#2852 = CARTESIAN_POINT ( 'NONE',  ( 23.40148643023512065, -3.000000000000000000, 3.598291608151450660 ) ) ;
#2853 = ORIENTED_EDGE ( 'NONE', *, *, #5886, .T. ) ;
#2854 = PLANE ( 'NONE',  #5947 ) ;
#2855 = CARTESIAN_POINT ( 'NONE',  ( -23.61495323805793234, -2.973325924937916032, 3.472316846753560782 ) ) ;
#2856 = DIRECTION ( 'NONE',  ( 0.000000000000000000, 0.000000000000000000, -1.000000000000000000 ) ) ;
#2857 = B_SPLINE_CURVE_WITH_KNOTS ( 'NONE', 3,
 ( #1831, #4716, #2772, #4623, #4258, #17, #2351, #1886, #1443, #1533 ),
 .UNSPECIFIED., .F., .F.,
 ( 4, 2, 2, 2, 4 ),
 ( 0.000000000000000000, 0.0002540264268553961056, 0.0005080528537107922111, 0.0007620792805661882625, 0.001016105707421584422 ),
 .UNSPECIFIED. ) ;
#2858 = CARTESIAN_POINT ( 'NONE',  ( 22.16644285628295208, 3.265000000000000124, -11.62000720090749972 ) ) ;
#2859 = EDGE_CURVE ( 'NONE', #4698, #813, #2857, .T. ) ;
#2860 = VECTOR ( 'NONE', #3321, 1000.000000000000000 ) ;
#2861 = CARTESIAN_POINT ( 'NONE',  ( -21.14644285628553888, 3.265000000000000124, -13.38669902462328487 ) ) ;
#2862 = EDGE_LOOP ( 'NONE', ( #5420, #3481, #5656, #5222, #4657 ) ) ;
#2863 = ORIENTED_EDGE ( 'NONE', *, *, #4034, .T. ) ;
#2864 = DIRECTION ( 'NONE',  ( -0.5735764363505591046, 0.000000000000000000, -0.8191520442893327481 ) ) ;
#2865 = CARTESIAN_POINT ( 'NONE',  ( 24.80391930942181489, -2.500000000000000000, 3.337865057441843586 ) ) ;
#2866 = ORIENTED_EDGE ( 'NONE', *, *, #2474, .T. ) ;
#2867 = AXIS2_PLACEMENT_3D ( 'NONE', #5036, #134, #389 ) ;
#2868 = DIRECTION ( 'NONE',  ( -0.000000000000000000, 1.000000000000000000, -0.000000000000000000 ) ) ;
#2869 = EDGE_CURVE ( 'NONE', #5506, #3750, #3131, .T. ) ;
#2870 = ORIENTED_EDGE ( 'NONE', *, *, #1834, .T. ) ;
#2871 = LINE ( 'NONE', #116, #2103 ) ;
#2872 = CIRCLE ( 'NONE', #5204, 23.52999999999999758 ) ;
#2873 = ORIENTED_EDGE ( 'NONE', *, *, #2939, .F. ) ;
#2874 = CARTESIAN_POINT ( 'NONE',  ( 9.192835334858214580, -2.935926026332390748, -23.00818892367783519 ) ) ;
#2875 = DIRECTION ( 'NONE',  ( 0.8191520442892441523, 0.000000000000000000, 0.5735764363506855590 ) ) ;
#2876 = CARTESIAN_POINT ( 'NONE',  ( 22.02151929896932359, -3.000000000000000000, 23.30417700039738449 ) ) ;
#2877 = CARTESIAN_POINT ( 'NONE',  ( 19.44714498010817749, -2.999999999999999112, 24.44084224494610069 ) ) ;
#2878 = ORIENTED_EDGE ( 'NONE', *, *, #890, .T. ) ;
#2879 = EDGE_CURVE ( 'NONE', #2295, #5513, #2083, .T. ) ;
#2880 = CARTESIAN_POINT ( 'NONE',  ( 0.000000000000000000, -2.500000000000000000, 0.000000000000000000 ) ) ;
#2881 = LINE ( 'NONE', #4740, #3630 ) ;
#2882 = CARTESIAN_POINT ( 'NONE',  ( 30.84144333032081420, -2.500000000000000000, 4.402443439001797465 ) ) ;
#2883 = VERTEX_POINT ( 'NONE', #3829 ) ;
#2884 = DIRECTION ( 'NONE',  ( 0.9961946980917977257, 0.000000000000000000, 0.08715574274706106017 ) ) ;
#2885 = LINE ( 'NONE', #1015, #2398 ) ;
#2886 = AXIS2_PLACEMENT_3D ( 'NONE', #3517, #5917, #5377 ) ;
#2887 = ORIENTED_EDGE ( 'NONE', *, *, #285, .T. ) ;
#2888 = LINE ( 'NONE', #5332, #3432 ) ;
#2889 = CARTESIAN_POINT ( 'NONE',  ( 9.073957543090429567, -2.986739144609748209, -23.04812737955647606 ) ) ;
#2890 = DIRECTION ( 'NONE',  ( -0.3420201433256687684, -0.000000000000000000, 0.9396926207859083169 ) ) ;
#2891 = DIRECTION ( 'NONE',  ( 0.6427876096865573485, 0.000000000000000000, 0.7660444431189629144 ) ) ;
#2892 = ORIENTED_EDGE ( 'NONE', *, *, #5071, .T. ) ;
#2893 = ORIENTED_EDGE ( 'NONE', *, *, #3266, .T. ) ;
#2894 = CARTESIAN_POINT ( 'NONE',  ( 8.998655526814697936, -2.500000000000000000, -21.74132237720895944 ) ) ;
#2895 = CARTESIAN_POINT ( 'NONE',  ( 9.794555928166385428, -3.000000000000000000, -30.56969980137531806 ) ) ;
#2896 = EDGE_LOOP ( 'NONE', ( #1074, #5365, #4385, #2980, #390 ) ) ;
#2897 = EDGE_CURVE ( 'NONE', #3367, #908, #2527, .T. ) ;
#2898 = ORIENTED_EDGE ( 'NONE', *, *, #5076, .T. ) ;
#2899 = AXIS2_PLACEMENT_3D ( 'NONE', #1868, #6003, #1395 ) ;
#2900 = CARTESIAN_POINT ( 'NONE',  ( 3.692205798609078826, -2.586862816039454227, -15.66973438633268856 ) ) ;
#2901 = ORIENTED_EDGE ( 'NONE', *, *, #1692, .F. ) ;
#2902 = CARTESIAN_POINT ( 'NONE',  ( -19.23334952206178272, -2.500000000000000000, 24.50825169393615610 ) ) ;
#2903 = ORIENTED_EDGE ( 'NONE', *, *, #5698, .T. ) ;
#2904 = CARTESIAN_POINT ( 'NONE',  ( 9.453762221560344514, -2.731288099984567452, -23.12437585094349402 ) ) ;
#2905 = CARTESIAN_POINT ( 'NONE',  ( 31.19276894612020712, -2.500000000000000000, 7.419106642638352511 ) ) ;
#2906 = CIRCLE ( 'NONE', #3390, 14.57731163100814342 ) ;
#2907 = DIRECTION ( 'NONE',  ( -0.000000000000000000, -1.000000000000000000, -0.000000000000000000 ) ) ;
#2908 = EDGE_CURVE ( 'NONE', #2609, #5925, #3439, .T. ) ;
#2909 = DIRECTION ( 'NONE',  ( 0.000000000000000000, 0.000000000000000000, -1.000000000000000000 ) ) ;
#2910 = EDGE_CURVE ( 'NONE', #2539, #732, #5773, .T. ) ;
#2911 = EDGE_LOOP ( 'NONE', ( #2469, #1131, #3947, #2704, #4744 ) ) ;
#2912 = CIRCLE ( 'NONE', #2811, 24.52749999999998920 ) ;
#2913 = ORIENTED_EDGE ( 'NONE', *, *, #4449, .F. ) ;
#2914 = ORIENTED_EDGE ( 'NONE', *, *, #2834, .T. ) ;
#2915 = AXIS2_PLACEMENT_3D ( 'NONE', #4616, #2345, #5106 ) ;
#2916 = ADVANCED_FACE ( 'NONE', ( #5301 ), #630, .F. ) ;
#2917 = CARTESIAN_POINT ( 'NONE',  ( 6.724046161570117697, -2.500000000000000000, -15.49188450811890938 ) ) ;
#2918 = EDGE_CURVE ( 'NONE', #5900, #3551, #5821, .T. ) ;
#2919 = DIRECTION ( 'NONE',  ( -0.000000000000000000, 1.000000000000000000, 0.000000000000000000 ) ) ;
#2920 = ORIENTED_EDGE ( 'NONE', *, *, #1436, .T. ) ;
#2921 = CARTESIAN_POINT ( 'NONE',  ( 16.77838861730841558, -2.500000000000000000, 1.922747461918894674 ) ) ;
#2922 = DIRECTION ( 'NONE',  ( 0.6427876096865312583, -0.000000000000000000, 0.7660444431189847858 ) ) ;
#2923 = ORIENTED_EDGE ( 'NONE', *, *, #5212, .T. ) ;
#2924 = DIRECTION ( 'NONE',  ( -0.000000000000000000, -1.000000000000000000, -0.000000000000000000 ) ) ;
#2925 = CARTESIAN_POINT ( 'NONE',  ( 0.000000000000000000, 3.265000000000000124, 0.000000000000000000 ) ) ;
#2926 = EDGE_CURVE ( 'NONE', #2009, #1058, #4846, .T. ) ;
#2927 = CYLINDRICAL_SURFACE ( 'NONE', #2042, 0.7999999999999990452 ) ;
#2928 = LINE ( 'NONE', #537, #3765 ) ;
#2929 = ORIENTED_EDGE ( 'NONE', *, *, #5592, .T. ) ;
#2930 = VECTOR ( 'NONE', #1098, 999.9999999999998863 ) ;
#2931 = EDGE_LOOP ( 'NONE', ( #5682, #3913, #809, #1734, #4922 ) ) ;
#2932 = CARTESIAN_POINT ( 'NONE',  ( -10.23180186323415874, -3.000000000000000000, -29.63202286765664084 ) ) ;
#2933 = CARTESIAN_POINT ( 'NONE',  ( -8.303821354723572412, -3.000000000000000000, -22.81456166729534374 ) ) ;
#2934 = ORIENTED_EDGE ( 'NONE', *, *, #3266, .F. ) ;
#2935 = AXIS2_PLACEMENT_3D ( 'NONE', #692, #662, #2049 ) ;
#2936 = DIRECTION ( 'NONE',  ( 0.6427876096865468014, 0.000000000000000000, -0.7660444431189717962 ) ) ;
#2937 = ORIENTED_EDGE ( 'NONE', *, *, #2287, .T. ) ;
#2938 = DIRECTION ( 'NONE',  ( -0.3420201433256673806, 0.000000000000000000, 0.9396926207859089830 ) ) ;
#2939 = EDGE_CURVE ( 'NONE', #5435, #938, #2888, .T. ) ;
#2940 = ORIENTED_EDGE ( 'NONE', *, *, #2957, .T. ) ;
#2941 = DIRECTION ( 'NONE',  ( -0.6427876096865312583, -0.000000000000000000, -0.7660444431189847858 ) ) ;
#2942 = CARTESIAN_POINT ( 'NONE',  ( -15.29941582279536938, -2.731288099986199036, 19.74938617068045588 ) ) ;
#2943 = CARTESIAN_POINT ( 'NONE',  ( -23.32786525393755639, 3.265000000000000124, 3.077596902476492868 ) ) ;
#2944 = LINE ( 'NONE', #3392, #5056 ) ;
#2945 = ORIENTED_EDGE ( 'NONE', *, *, #1198, .F. ) ;
#2946 = CIRCLE ( 'NONE', #339, 0.8000000000029927616 ) ;
#2947 = EDGE_CURVE ( 'NONE', #2777, #4812, #3408, .T. ) ;
#2948 = EDGE_LOOP ( 'NONE', ( #1923, #1062 ) ) ;
#2949 = EDGE_LOOP ( 'NONE', ( #4678, #5600, #4241, #2197, #5558 ) ) ;
#2950 = VECTOR ( 'NONE', #2330, 1000.000000000000000 ) ;
#2951 = DIRECTION ( 'NONE',  ( 0.000000000000000000, 0.000000000000000000, 1.000000000000000000 ) ) ;
#2952 = AXIS2_PLACEMENT_3D ( 'NONE', #4485, #5421, #5031 ) ;
#2953 = CARTESIAN_POINT ( 'NONE',  ( -7.209829457414850040, -2.668231137178755041, -14.39478843223204052 ) ) ;
#2954 = VERTEX_POINT ( 'NONE', #3860 ) ;
#2955 = CARTESIAN_POINT ( 'NONE',  ( 8.800362019752785869, -2.973325924936811138, -22.18730783671198736 ) ) ;
#2956 = ADVANCED_FACE ( 'NONE', ( #1637 ), #2989, .F. ) ;
#2957 = EDGE_CURVE ( 'NONE', #4133, #5731, #2793, .T. ) ;
#2958 = DIRECTION ( 'NONE',  ( 0.000000000000000000, 0.000000000000000000, 1.000000000000000000 ) ) ;
#2959 = EDGE_LOOP ( 'NONE', ( #1636, #5126, #374, #5979 ) ) ;
#2960 = CARTESIAN_POINT ( 'NONE',  ( 20.79608018602494823, -3.000000000000000000, 23.19696497017266879 ) ) ;
#2961 = CARTESIAN_POINT ( 'NONE',  ( -8.849122598505536175, -2.945085216637567616, -22.07872135265726143 ) ) ;
#2962 = B_SPLINE_CURVE_WITH_KNOTS ( 'NONE', 3,
 ( #5120, #1030, #939, #1484 ),
 .UNSPECIFIED., .F., .F.,
 ( 4, 4 ),
 ( 0.0004616423012655680030, 0.0006392070580646568500 ),
 .UNSPECIFIED. ) ;
#2963 = EDGE_CURVE ( 'NONE', #2971, #5064, #5269, .T. ) ;
#2964 = ORIENTED_EDGE ( 'NONE', *, *, #3548, .T. ) ;
#2965 = DIRECTION ( 'NONE',  ( 0.9961946980917633088, 0.000000000000000000, 0.08715574274745573058 ) ) ;
#2966 = DIRECTION ( 'NONE',  ( -0.000000000000000000, 1.000000000000000000, -0.000000000000000000 ) ) ;
#2967 = VERTEX_POINT ( 'NONE', #1985 ) ;
#2968 = DIRECTION ( 'NONE',  ( -0.000000000000000000, 1.000000000000000000, 0.000000000000000000 ) ) ;
#2969 = EDGE_LOOP ( 'NONE', ( #2060, #1720, #2803, #5077, #1202, #3313, #132, #3376, #4909, #3185 ) ) ;
#2970 = DIRECTION ( 'NONE',  ( 0.000000000000000000, 1.000000000000000000, 0.000000000000000000 ) ) ;
#2971 = VERTEX_POINT ( 'NONE', #1570 ) ;
#2972 = DIRECTION ( 'NONE',  ( 0.000000000000000000, 0.000000000000000000, -1.000000000000000000 ) ) ;
#2973 = CIRCLE ( 'NONE', #452, 0.8000000000029927616 ) ;
#2974 = DIRECTION ( 'NONE',  ( 0.9848077530122083534, 0.000000000000000000, -0.1736481776669289434 ) ) ;
#2975 = DIRECTION ( 'NONE',  ( 0.000000000000000000, 0.000000000000000000, -1.000000000000000000 ) ) ;
#2976 = DIRECTION ( 'NONE',  ( 0.9961946980917977257, -0.000000000000000000, 0.08715574274706107405 ) ) ;
#2977 = VERTEX_POINT ( 'NONE', #5232 ) ;
#2978 = B_SPLINE_CURVE_WITH_KNOTS ( 'NONE', 3,
 ( #2842, #281, #3942, #2034, #4310, #4341, #4767, #5284 ),
 .UNSPECIFIED., .F., .F.,
 ( 4, 2, 2, 4 ),
 ( 0.0002326562781593348157, 0.0004093576251851675828, 0.0005860589722110002685, 0.0009394616662626588096 ),
 .UNSPECIFIED. ) ;
#2979 = VECTOR ( 'NONE', #4950, 1000.000000000000000 ) ;
#2980 = ORIENTED_EDGE ( 'NONE', *, *, #2209, .F. ) ;
#2981 = ORIENTED_EDGE ( 'NONE', *, *, #4775, .F. ) ;
#2982 = CARTESIAN_POINT ( 'NONE',  ( -20.86842270412917344, 0.000000000000000000, -10.87059491664514965 ) ) ;
#2983 = ADVANCED_FACE ( 'NONE', ( #1084 ), #2544, .T. ) ;
#2984 = CYLINDRICAL_SURFACE ( 'NONE', #5133, 14.57731163100804928 ) ;
#2985 = ORIENTED_EDGE ( 'NONE', *, *, #2647, .T. ) ;
#2986 = DIRECTION ( 'NONE',  ( 0.000000000000000000, -0.000000000000000000, 1.000000000000000000 ) ) ;
#2987 = DIRECTION ( 'NONE',  ( -0.000000000000000000, -1.000000000000000000, -0.000000000000000000 ) ) ;
#2988 = ORIENTED_EDGE ( 'NONE', *, *, #2106, .F. ) ;
#2989 = CYLINDRICAL_SURFACE ( 'NONE', #4890, 0.8000000000019068525 ) ;
#2990 = CARTESIAN_POINT ( 'NONE',  ( -31.83028302722383529, -2.961507457126717924, 4.037238454830840872 ) ) ;
#2991 = EDGE_CURVE ( 'NONE', #5783, #2392, #1179, .T. ) ;
#2992 = CARTESIAN_POINT ( 'NONE',  ( 0.000000000000000000, -2.500000000000000000, 0.000000000000000000 ) ) ;
#2993 = EDGE_CURVE ( 'NONE', #1257, #2492, #597, .T. ) ;
#2994 = ORIENTED_EDGE ( 'NONE', *, *, #1466, .F. ) ;
#2995 = ORIENTED_EDGE ( 'NONE', *, *, #4358, .F. ) ;
#2996 = DIRECTION ( 'NONE',  ( -0.08715574274745542527, 0.000000000000000000, 0.9961946980917633088 ) ) ;
#2997 = CARTESIAN_POINT ( 'NONE',  ( -11.60809380826081316, -2.500000000000000000, -28.91069513293903270 ) ) ;
#2998 = EDGE_CURVE ( 'NONE', #2267, #1083, #870, .T. ) ;
#2999 = CARTESIAN_POINT ( 'NONE',  ( 23.78454326885250580, -3.000000000000000000, 3.425843179727144250 ) ) ;
#3000 = CARTESIAN_POINT ( 'NONE',  ( 7.747258336692171454, -2.935926026334432670, -23.53433592234647875 ) ) ;
#3001 = CIRCLE ( 'NONE', #3757, 14.57731163100815408 ) ;
#3002 = ORIENTED_EDGE ( 'NONE', *, *, #5381, .F. ) ;
#3003 = DIRECTION ( 'NONE',  ( 0.000000000000000000, 1.000000000000000000, 0.000000000000000000 ) ) ;
#3004 = EDGE_LOOP ( 'NONE', ( #1280, #2121, #2495, #5409 ) ) ;
#3005 = CARTESIAN_POINT ( 'NONE',  ( -15.41649094842271239, -2.500000000000000000, 4.637323175571033573 ) ) ;
#3006 = LINE ( 'NONE', #1100, #81 ) ;
#3007 = CARTESIAN_POINT ( 'NONE',  ( 3.903514929479675821, -2.500000000000000000, -15.21658049281447944 ) ) ;
#3008 = CARTESIAN_POINT ( 'NONE',  ( -15.61364137884575420, -3.000000000000000000, 17.79863681674925502 ) ) ;
#3009 = AXIS2_PLACEMENT_3D ( 'NONE', #5896, #5433, #5870 ) ;
#3010 = EDGE_LOOP ( 'NONE', ( #3222, #5688, #985, #1762 ) ) ;
#3011 = CIRCLE ( 'NONE', #971, 23.53000000000000114 ) ;
#3012 = ORIENTED_EDGE ( 'NONE', *, *, #3537, .F. ) ;
#3013 = ORIENTED_EDGE ( 'NONE', *, *, #1904, .F. ) ;
#3014 = VECTOR ( 'NONE', #138, 1000.000000000000000 ) ;
#3015 = DIRECTION ( 'NONE',  ( -0.000000000000000000, 1.000000000000000000, -0.000000000000000000 ) ) ;
#3016 = ORIENTED_EDGE ( 'NONE', *, *, #2022, .F. ) ;
#3017 =( LENGTH_UNIT ( ) NAMED_UNIT ( * ) SI_UNIT ( .MILLI., .METRE. ) );
#3018 = CARTESIAN_POINT ( 'NONE',  ( 15.17295756576977084, -3.000000000000000000, 19.27121207805439695 ) ) ;
#3019 = EDGE_CURVE ( 'NONE', #2171, #1717, #2653, .T. ) ;
#3020 = AXIS2_PLACEMENT_3D ( 'NONE', #582, #4245, #89 ) ;
#3021 = ORIENTED_EDGE ( 'NONE', *, *, #2759, .F. ) ;
#3022 = CARTESIAN_POINT ( 'NONE',  ( -15.88739681665826353, -2.737084624031517865, 17.42204385675413292 ) ) ;
#3023 = CARTESIAN_POINT ( 'NONE',  ( 23.32786525393763810, 3.265000000000000124, 3.077596902475849383 ) ) ;
#3024 = CARTESIAN_POINT ( 'NONE',  ( 16.79263294112206850, -2.731288099985417439, 18.49642823742529529 ) ) ;
#3025 = AXIS2_PLACEMENT_3D ( 'NONE', #3746, #1063, #2465 ) ;
#3026 = VECTOR ( 'NONE', #3206, 1000.000000000000114 ) ;
#3027 = ADVANCED_FACE ( 'NONE', ( #3106 ), #5388, .T. ) ;
#3028 = ORIENTED_EDGE ( 'NONE', *, *, #1221, .F. ) ;
#3029 = DIRECTION ( 'NONE',  ( 0.000000000000000000, 0.000000000000000000, 1.000000000000000000 ) ) ;
#3030 = CARTESIAN_POINT ( 'NONE',  ( -24.44967702698092893, 3.265000000000000124, 5.346872873588896624 ) ) ;
#3031 = CARTESIAN_POINT ( 'NONE',  ( -19.65932503706203960, -3.000000000000000000, 25.37618590062913171 ) ) ;
#3032 = VERTEX_POINT ( 'NONE', #2682 ) ;
#3033 = CARTESIAN_POINT ( 'NONE',  ( -15.41649094842271239, -2.500000000000000000, 4.637323175571033573 ) ) ;
#3034 = EDGE_CURVE ( 'NONE', #3172, #3825, #5368, .T. ) ;
#3035 = ADVANCED_FACE ( 'NONE', ( #3079 ), #517, .T. ) ;
#3036 = ORIENTED_EDGE ( 'NONE', *, *, #4162, .T. ) ;
#3037 = CARTESIAN_POINT ( 'NONE',  ( -15.96679494837938407, -3.000000000000007994, 17.88205269385380802 ) ) ;
#3038 = FACE_OUTER_BOUND ( 'NONE', #2217, .T. ) ;
#3039 = CARTESIAN_POINT ( 'NONE',  ( 16.01792765457020096, -3.000000000000000000, 17.91275784609827681 ) ) ;
#3040 = VECTOR ( 'NONE', #72, 1000.000000000000000 ) ;
#3041 = ORIENTED_EDGE ( 'NONE', *, *, #365, .T. ) ;
#3042 = VERTEX_POINT ( 'NONE', #5473 ) ;
#3043 = CARTESIAN_POINT ( 'NONE',  ( 15.89194039108607015, -2.500000000000000000, 17.35243875097005528 ) ) ;
#3044 = DIRECTION ( 'NONE',  ( 0.000000000000000000, 1.000000000000000000, 0.000000000000000000 ) ) ;
#3045 = CARTESIAN_POINT ( 'NONE',  ( -16.42414633486748698, -2.500000000000000000, 3.931755278065442560 ) ) ;
#3046 = ORIENTED_EDGE ( 'NONE', *, *, #4614, .F. ) ;
#3047 = PLANE ( 'NONE',  #1766 ) ;
#3048 = LINE ( 'NONE', #3857, #4127 ) ;
#3049 = CIRCLE ( 'NONE', #432, 23.53000000000000114 ) ;
#3050 = DIRECTION ( 'NONE',  ( 0.9063077870369108391, 0.000000000000000000, -0.4226182617401400554 ) ) ;
#3051 = CARTESIAN_POINT ( 'NONE',  ( 5.979726014091932385, 3.265000000000000124, -16.42916219819833756 ) ) ;
#3052 = CARTESIAN_POINT ( 'NONE',  ( -11.60809380826081316, -2.500000000000000000, -28.91069513293903270 ) ) ;
#3053 = ORIENTED_EDGE ( 'NONE', *, *, #4417, .T. ) ;
#3054 = ORIENTED_EDGE ( 'NONE', *, *, #2553, .F. ) ;
#3055 = CARTESIAN_POINT ( 'NONE',  ( 11.60809380826084514, -2.500000000000000000, -28.91069513294267423 ) ) ;
#3056 = VECTOR ( 'NONE', #2234, 1000.000000000000227 ) ;
#3057 = LINE ( 'NONE', #4919, #4012 ) ;
#3058 = ORIENTED_EDGE ( 'NONE', *, *, #291, .F. ) ;
#3059 = EDGE_CURVE ( 'NONE', #3762, #2644, #529, .T. ) ;
#3060 = CARTESIAN_POINT ( 'NONE',  ( 0.000000000000000000, -2.500000000000000000, 0.000000000000000000 ) ) ;
#3061 = ORIENTED_EDGE ( 'NONE', *, *, #4522, .T. ) ;
#3062 = CARTESIAN_POINT ( 'NONE',  ( -24.44967702698092893, -2.500000000000000000, 5.346872873588896624 ) ) ;
#3063 = EDGE_LOOP ( 'NONE', ( #5013, #4208, #3772, #4797 ) ) ;
#3064 = CARTESIAN_POINT ( 'NONE',  ( -15.85814145652984486, -2.973325924943416965, 17.83934836995003081 ) ) ;
#3065 = CARTESIAN_POINT ( 'NONE',  ( 8.895625302111195509, -2.894543664873582056, -21.97432036088796892 ) ) ;
#3066 = CYLINDRICAL_SURFACE ( 'NONE', #1077, 0.5000000000000000000 ) ;
#3067 = DIRECTION ( 'NONE',  ( 0.6427876096865400291, 0.000000000000000000, 0.7660444431189773473 ) ) ;
#3068 = EDGE_CURVE ( 'NONE', #2536, #498, #2626, .T. ) ;
#3069 = EDGE_LOOP ( 'NONE', ( #5758, #4267, #3974, #1594, #3012 ) ) ;
#3070 = EDGE_CURVE ( 'NONE', #1417, #1785, #5963, .T. ) ;
#3071 = ORIENTED_EDGE ( 'NONE', *, *, #5585, .F. ) ;
#3072 = LINE ( 'NONE', #754, #2336 ) ;
#3073 = DIRECTION ( 'NONE',  ( 0.000000000000000000, 0.000000000000000000, 1.000000000000000000 ) ) ;
#3074 = AXIS2_PLACEMENT_3D ( 'NONE', #5280, #5185, #4307 ) ;
#3075 = EDGE_CURVE ( 'NONE', #913, #4198, #295, .T. ) ;
#3076 = CARTESIAN_POINT ( 'NONE',  ( -9.171249647149551265, -2.500000000000000000, -30.72328364303758264 ) ) ;
#3077 = ORIENTED_EDGE ( 'NONE', *, *, #5483, .F. ) ;
#3078 = CARTESIAN_POINT ( 'NONE',  ( 15.17295756576977084, -3.000000000000000000, 19.27121207805439695 ) ) ;
#3079 = FACE_OUTER_BOUND ( 'NONE', #4778, .T. ) ;
#3080 = FACE_OUTER_BOUND ( 'NONE', #5128, .T. ) ;
#3081 = CARTESIAN_POINT ( 'NONE',  ( -0.3401884274348059289, -0.9942063823211610973, 25.03443509944814949 ) ) ;
#3082 = VERTEX_POINT ( 'NONE', #321 ) ;
#3083 = DIRECTION ( 'NONE',  ( 0.08715574274745541139, -0.000000000000000000, -0.9961946980917633088 ) ) ;
#3084 = DIRECTION ( 'NONE',  ( 0.3420201433256418455, -0.000000000000000000, -0.9396926207859181979 ) ) ;
#3085 = EDGE_LOOP ( 'NONE', ( #4551, #4708, #4076, #369 ) ) ;
#3086 = CARTESIAN_POINT ( 'NONE',  ( -16.85536625282397338, -2.500000000000000000, 18.50060498289616362 ) ) ;
#3087 = EDGE_LOOP ( 'NONE', ( #5117, #5601, #4885, #5683 ) ) ;
#3088 = CARTESIAN_POINT ( 'NONE',  ( 16.01602368630241102, -3.000000000000000000, 1.705700903103352095 ) ) ;
#3089 = ORIENTED_EDGE ( 'NONE', *, *, #364, .T. ) ;
#3090 = CARTESIAN_POINT ( 'NONE',  ( 8.861813474770109167, -2.669027361112075170, 13.44098318907620104 ) ) ;
#3091 = ADVANCED_FACE ( 'NONE', ( #3638 ), #5416, .T. ) ;
#3092 = LINE ( 'NONE', #802, #957 ) ;
#3093 = CARTESIAN_POINT ( 'NONE',  ( -1.019999999997242446, 3.265000000000000124, 23.50788165701039034 ) ) ;
#3094 = DIRECTION ( 'NONE',  ( -0.8191520442892409326, -0.000000000000000000, -0.5735764363506903329 ) ) ;
#3095 = CARTESIAN_POINT ( 'NONE',  ( -21.57685864997098335, -3.000000000000000000, 23.76718415326719125 ) ) ;
#3096 = VERTEX_POINT ( 'NONE', #2144 ) ;
#3097 = ADVANCED_FACE ( 'NONE', ( #2199 ), #816, .T. ) ;
#3098 = EDGE_CURVE ( 'NONE', #5290, #661, #835, .T. ) ;
#3099 = AXIS2_PLACEMENT_3D ( 'NONE', #855, #4085, #5040 ) ;
#3100 = VECTOR ( 'NONE', #1846, 1000.000000000000000 ) ;
#3101 = ORIENTED_EDGE ( 'NONE', *, *, #3988, .F. ) ;
#3102 = CARTESIAN_POINT ( 'NONE',  ( -16.36881259516366427, -2.500000000000000000, 2.209535680094371735 ) ) ;
#3103 = CARTESIAN_POINT ( 'NONE',  ( -3.903514929478358209, -3.000000000000000000, -15.21658049281480984 ) ) ;
#3104 = ADVANCED_FACE ( 'NONE', ( #4042 ), #1745, .T. ) ;
#3105 = EDGE_CURVE ( 'NONE', #4029, #2750, #1325, .T. ) ;
#3106 = FACE_OUTER_BOUND ( 'NONE', #546, .T. ) ;
#3107 = CARTESIAN_POINT ( 'NONE',  ( -8.845277618579194367, -2.990214431438288578, -22.22286349253601045 ) ) ;
#3108 = AXIS2_PLACEMENT_3D ( 'NONE', #1065, #3781, #3326 ) ;
#3109 = CARTESIAN_POINT ( 'NONE',  ( 0.000000000000000000, -2.500000000000000000, 0.000000000000000000 ) ) ;
#3110 = ORIENTED_EDGE ( 'NONE', *, *, #2115, .F. ) ;
#3111 = DIRECTION ( 'NONE',  ( 0.000000000000000000, 0.000000000000000000, 1.000000000000000000 ) ) ;
#3112 = CIRCLE ( 'NONE', #2631, 0.7999999999999986011 ) ;
#3113 = ORIENTED_EDGE ( 'NONE', *, *, #3753, .T. ) ;
#3114 = CARTESIAN_POINT ( 'NONE',  ( 9.794555928166385428, -3.000000000000000000, -30.56969980137531806 ) ) ;
#3115 = DIRECTION ( 'NONE',  ( 0.9063077870365631172, 0.000000000000000000, -0.4226182617408856257 ) ) ;
#3116 = AXIS2_PLACEMENT_3D ( 'NONE', #5955, #5926, #3236 ) ;
#3117 = AXIS2_PLACEMENT_3D ( 'NONE', #2080, #3499, #5791 ) ;
#3118 = DIRECTION ( 'NONE',  ( -0.9848077530122080203, -0.000000000000000000, -0.1736481776669302757 ) ) ;
#3119 = ORIENTED_EDGE ( 'NONE', *, *, #5429, .T. ) ;
#3120 = DIRECTION ( 'NONE',  ( -0.08715574274696420709, -0.000000000000000000, -0.9961946980918062744 ) ) ;
#3121 = ORIENTED_EDGE ( 'NONE', *, *, #2655, .T. ) ;
#3122 = CARTESIAN_POINT ( 'NONE',  ( 8.828903344064009673, -2.500000000000000000, 13.46192501608482672 ) ) ;
#3123 = CARTESIAN_POINT ( 'NONE',  ( -14.58250701237325231, -2.894543664875606215, 18.69099767462104467 ) ) ;
#3124 = EDGE_CURVE ( 'NONE', #1088, #5613, #4978, .T. ) ;
#3125 = PLANE ( 'NONE',  #5061 ) ;
#3126 = CARTESIAN_POINT ( 'NONE',  ( 31.84144669770516600, -2.833599059608990611, 3.851149950131090627 ) ) ;
#3127 = EDGE_LOOP ( 'NONE', ( #5207, #2230, #126, #2607, #3711, #1565, #3152, #657, #443 ) ) ;
#3128 = CARTESIAN_POINT ( 'NONE',  ( -15.89194039108521039, 3.265000000000000124, 17.35243875097084398 ) ) ;
#3129 = PLANE ( 'NONE',  #5840 ) ;
#3130 = ADVANCED_FACE ( 'NONE', ( #1880 ), #4184, .F. ) ;
#3131 = CIRCLE ( 'NONE', #730, 0.8000000000029927616 ) ;
#3132 = CARTESIAN_POINT ( 'NONE',  ( 0.9855541338458263523, -3.000000000000000000, 1.174537679710378146 ) ) ;
#3133 = CARTESIAN_POINT ( 'NONE',  ( -11.61707311970166501, 3.265000000000000124, 12.25785032243587658 ) ) ;
#3134 = FACE_OUTER_BOUND ( 'NONE', #4233, .T. ) ;
#3135 = AXIS2_PLACEMENT_3D ( 'NONE', #5588, #460, #977 ) ;
#3136 = EDGE_CURVE ( 'NONE', #3442, #4497, #490, .T. ) ;
#3137 = ADVANCED_FACE ( 'NONE', ( #5131 ), #2315, .T. ) ;
#3138 = CARTESIAN_POINT ( 'NONE',  ( 7.243917375738558206, -2.500000000000000000, -14.37701709155918550 ) ) ;
#3139 = AXIS2_PLACEMENT_3D ( 'NONE', #3960, #5830, #1218 ) ;
#3140 = VERTEX_POINT ( 'NONE', #2738 ) ;
#3141 = CARTESIAN_POINT ( 'NONE',  ( 9.193142795375001342, -2.650251510363310192, -30.71843061225920835 ) ) ;
#3142 = LINE ( 'NONE', #1276, #3708 ) ;
#3143 = AXIS2_PLACEMENT_3D ( 'NONE', #786, #3560, #4532 ) ;
#3144 = EDGE_CURVE ( 'NONE', #3620, #629, #1947, .T. ) ;
#3145 = CARTESIAN_POINT ( 'NONE',  ( -0.9855541338493460923, 3.265000000000000124, 1.174537679707344129 ) ) ;
#3146 = ORIENTED_EDGE ( 'NONE', *, *, #3531, .T. ) ;
#3147 = LINE ( 'NONE', #4923, #3251 ) ;
#3148 = CIRCLE ( 'NONE', #534, 14.64608244481026667 ) ;
#3149 = EDGE_LOOP ( 'NONE', ( #2120, #1964, #2569, #5282, #3851 ) ) ;
#3150 = CARTESIAN_POINT ( 'NONE',  ( 7.243917375738558206, -2.500000000000000000, -14.37701709155918550 ) ) ;
#3151 = CARTESIAN_POINT ( 'NONE',  ( -14.32920972712166652, -2.500000000000000000, 18.66372547473203625 ) ) ;
#3152 = ORIENTED_EDGE ( 'NONE', *, *, #4975, .T. ) ;
#3153 = CARTESIAN_POINT ( 'NONE',  ( -30.48720104788181828, -2.500000000000000000, 6.411451255149191120 ) ) ;
#3154 = DIRECTION ( 'NONE',  ( 0.9961946980916938088, 0.000000000000000000, -0.08715574274825022005 ) ) ;
#3155 = EDGE_LOOP ( 'NONE', ( #2048, #2887, #1814, #3361, #3991, #2394, #4157, #2150, #3744, #1525 ) ) ;
#3156 = CARTESIAN_POINT ( 'NONE',  ( -7.520258147069932342, -2.973325924939345111, -22.65322754313617182 ) ) ;
#3157 = FACE_OUTER_BOUND ( 'NONE', #5677, .T. ) ;
#3158 = DIRECTION ( 'NONE',  ( 0.000000000000000000, -1.000000000000000000, 0.000000000000000000 ) ) ;
#3159 = AXIS2_PLACEMENT_3D ( 'NONE', #5849, #1660, #3553 ) ;
#3160 = ORIENTED_EDGE ( 'NONE', *, *, #1799, .T. ) ;
#3161 = FACE_OUTER_BOUND ( 'NONE', #1580, .T. ) ;
#3162 = CARTESIAN_POINT ( 'NONE',  ( 11.57294291280548038, -2.848831634978306937, 11.19506512715537738 ) ) ;
#3163 = ADVANCED_FACE ( 'NONE', ( #4584 ), #5533, .T. ) ;
#3164 = VECTOR ( 'NONE', #2600, 1000.000000000000000 ) ;
#3165 = DIRECTION ( 'NONE',  ( -0.3420201433256717105, 0.000000000000000000, 0.9396926207859074287 ) ) ;
#3166 = CARTESIAN_POINT ( 'NONE',  ( -20.86842270412917344, 0.000000000000000000, -10.87059491664514965 ) ) ;
#3167 = ORIENTED_EDGE ( 'NONE', *, *, #5624, .T. ) ;
#3168 = CARTESIAN_POINT ( 'NONE',  ( 12.28377519916511496, -2.999999999999999556, -29.64996074149073735 ) ) ;
#3169 = CARTESIAN_POINT ( 'NONE',  ( -4.807073215166054680, -2.500000000000000000, -16.18960560050088304 ) ) ;
#3170 = EDGE_CURVE ( 'NONE', #2477, #2069, #5501, .T. ) ;
#3171 = DIRECTION ( 'NONE',  ( -0.000000000000000000, -1.000000000000000000, -0.000000000000000000 ) ) ;
#3172 = VERTEX_POINT ( 'NONE', #2767 ) ;
#3173 = CARTESIAN_POINT ( 'NONE',  ( -9.171249647149551265, 3.265000000000000124, -30.72328364303758264 ) ) ;
#3174 = ORIENTED_EDGE ( 'NONE', *, *, #2947, .T. ) ;
#3175 = CARTESIAN_POINT ( 'NONE',  ( 7.243917375738559983, -2.586846802861041184, -14.37701709155918550 ) ) ;
#3176 = CARTESIAN_POINT ( 'NONE',  ( 0.000000000000000000, -2.500000000000000000, 0.000000000000000000 ) ) ;
#3177 = EDGE_CURVE ( 'NONE', #4198, #4944, #1911, .T. ) ;
#3178 = ORIENTED_EDGE ( 'NONE', *, *, #3753, .F. ) ;
#3179 = LINE ( 'NONE', #5549, #3026 ) ;
#3180 = B_SPLINE_CURVE_WITH_KNOTS ( 'NONE', 3,
 ( #3683, #5517, #4693, #2833, #24, #5092, #49, #1925, #1449, #4603 ),
 .UNSPECIFIED., .F., .F.,
 ( 4, 2, 2, 2, 4 ),
 ( 0.000000000000000000, 0.0002540264268554478220, 0.0005080528537108956440, 0.0007620792805663435202, 0.001016105707421791288 ),
 .UNSPECIFIED. ) ;
#3181 = DIRECTION ( 'NONE',  ( 0.000000000000000000, 0.000000000000000000, 1.000000000000000000 ) ) ;
#3182 = DIRECTION ( 'NONE',  ( 0.9848077530122081313, 0.000000000000000000, 0.1736481776669306920 ) ) ;
#3183 = EDGE_LOOP ( 'NONE', ( #2422, #4214, #4296, #430, #4622 ) ) ;
#3184 = CARTESIAN_POINT ( 'NONE',  ( 6.724046161570117697, -2.500000000000000000, -15.49188450811890938 ) ) ;
#3185 = ORIENTED_EDGE ( 'NONE', *, *, #5177, .T. ) ;
#3186 = CARTESIAN_POINT ( 'NONE',  ( 8.800362019752785869, -2.973325924936811138, -22.18730783671198736 ) ) ;
#3187 = CIRCLE ( 'NONE', #4065, 23.53000000000000114 ) ;
#3188 = CARTESIAN_POINT ( 'NONE',  ( -15.60607930272161070, -3.000000000000000000, 18.59860107532878004 ) ) ;
#3189 = CARTESIAN_POINT ( 'NONE',  ( -23.32786525393755994, -2.500000000000000000, 3.077596902476485319 ) ) ;
#3190 = DIRECTION ( 'NONE',  ( -0.6427876096865970945, 0.000000000000000000, -0.7660444431189294967 ) ) ;
#3191 = VECTOR ( 'NONE', #1564, 1000.000000000000000 ) ;
#3192 = EDGE_LOOP ( 'NONE', ( #2564, #472, #187, #1999, #3290, #1472 ) ) ;
#3193 = CARTESIAN_POINT ( 'NONE',  ( 0.000000000000000000, -3.000000000000000000, 0.000000000000000000 ) ) ;
#3194 = EDGE_CURVE ( 'NONE', #5764, #859, #3682, .T. ) ;
#3195 = AXIS2_PLACEMENT_3D ( 'NONE', #3109, #4915, #5854 ) ;
#3196 = VERTEX_POINT ( 'NONE', #949 ) ;
#3197 = LINE ( 'NONE', #2239, #1608 ) ;
#3198 = DIRECTION ( 'NONE',  ( 0.000000000000000000, -1.000000000000000000, 0.000000000000000000 ) ) ;
#3199 = CIRCLE ( 'NONE', #3977, 0.7999999999999990452 ) ;
#3200 = CARTESIAN_POINT ( 'NONE',  ( 15.50907571732947154, -3.000000000000000000, 19.39771984176356057 ) ) ;
#3201 = EDGE_CURVE ( 'NONE', #488, #2258, #2789, .T. ) ;
#3202 = ORIENTED_EDGE ( 'NONE', *, *, #373, .T. ) ;
#3203 = CARTESIAN_POINT ( 'NONE',  ( 24.27365072738550822, -2.986739144609661167, 4.933838420844901762 ) ) ;
#3204 = ORIENTED_EDGE ( 'NONE', *, *, #2664, .T. ) ;
#3205 = CARTESIAN_POINT ( 'NONE',  ( -11.60809380826081316, -3.000000000000000000, -28.91069513293903270 ) ) ;
#3206 = DIRECTION ( 'NONE',  ( 0.5735764363512209085, -0.000000000000000000, 0.8191520442888693410 ) ) ;
#3207 = FACE_OUTER_BOUND ( 'NONE', #4008, .T. ) ;
#3208 = EDGE_CURVE ( 'NONE', #4588, #1856, #1908, .T. ) ;
#3209 = ADVANCED_FACE ( 'NONE', ( #1462 ), #2289, .F. ) ;
#3210 = VERTEX_POINT ( 'NONE', #1826 ) ;
#3211 = CARTESIAN_POINT ( 'NONE',  ( -7.607250946612473363, -3.000000000000000000, -22.42112848802960201 ) ) ;
#3212 = DIRECTION ( 'NONE',  ( 0.000000000000000000, -1.000000000000000000, 0.000000000000000000 ) ) ;
#3213 = EDGE_LOOP ( 'NONE', ( #2040, #1582, #1687, #2706, #5699 ) ) ;
#3214 = CIRCLE ( 'NONE', #5550, 25.02749999999999275 ) ;
#3215 = B_SPLINE_CURVE_WITH_KNOTS ( 'NONE', 3,
 ( #3949, #1689, #3495, #2597 ),
 .UNSPECIFIED., .F., .F.,
 ( 4, 4 ),
 ( 0.0002259430207375642146, 0.0004897447509138199134 ),
 .UNSPECIFIED. ) ;
#3216 = DIRECTION ( 'NONE',  ( -0.6427876096865444699, -0.000000000000000000, 0.7660444431189736836 ) ) ;
#3217 = CARTESIAN_POINT ( 'NONE',  ( -15.17295756577378540, -3.000000000000000000, 19.27121207805123149 ) ) ;
#3218 = CARTESIAN_POINT ( 'NONE',  ( -10.05434245573797369, -2.500000000000000000, 13.56913704619718430 ) ) ;
#3219 = ORIENTED_EDGE ( 'NONE', *, *, #184, .F. ) ;
#3220 = DIRECTION ( 'NONE',  ( 0.000000000000000000, 0.000000000000000000, 1.000000000000000000 ) ) ;
#3221 = VECTOR ( 'NONE', #4099, 1000.000000000000114 ) ;
#3222 = ORIENTED_EDGE ( 'NONE', *, *, #5076, .F. ) ;
#3223 = LINE ( 'NONE', #1859, #3040 ) ;
#3224 = DIRECTION ( 'NONE',  ( -0.000000000000000000, -1.000000000000000000, -0.000000000000000000 ) ) ;
#3225 = VECTOR ( 'NONE', #238, 1000.000000000000000 ) ;
#3226 = FACE_OUTER_BOUND ( 'NONE', #992, .T. ) ;
#3227 = VERTEX_POINT ( 'NONE', #461 ) ;
#3228 = ORIENTED_EDGE ( 'NONE', *, *, #2719, .F. ) ;
#3229 = FACE_OUTER_BOUND ( 'NONE', #3383, .T. ) ;
#3230 = PLANE ( 'NONE',  #2845 ) ;
#3231 = ORIENTED_EDGE ( 'NONE', *, *, #581, .F. ) ;
#3232 = EDGE_CURVE ( 'NONE', #3930, #2026, #4686, .T. ) ;
#3233 = CARTESIAN_POINT ( 'NONE',  ( 7.310376528512866123, -2.894543664876007671, -22.55130372838772246 ) ) ;
#3234 = DIRECTION ( 'NONE',  ( 0.1736481776669362154, 0.000000000000000000, -0.9848077530122071321 ) ) ;
#3235 = ORIENTED_EDGE ( 'NONE', *, *, #1774, .F. ) ;
#3236 = DIRECTION ( 'NONE',  ( 0.000000000000000000, 0.000000000000000000, 1.000000000000000000 ) ) ;
#3237 = DIRECTION ( 'NONE',  ( 0.000000000000000000, 1.000000000000000000, 0.000000000000000000 ) ) ;
#3238 = DIRECTION ( 'NONE',  ( -0.9848077530122122392, -0.000000000000000000, -0.1736481776669060451 ) ) ;
#3239 = AXIS2_PLACEMENT_3D ( 'NONE', #2925, #3340, #5302 ) ;
#3240 = EDGE_CURVE ( 'NONE', #667, #3196, #5080, .T. ) ;
#3241 = VERTEX_POINT ( 'NONE', #4032 ) ;
#3242 = CARTESIAN_POINT ( 'NONE',  ( 6.724046161570117697, -2.792893218813452538, -15.49188450811890227 ) ) ;
#3243 = CARTESIAN_POINT ( 'NONE',  ( 0.3983431104229284703, -2.500000000000000000, -0.3342495570378904435 ) ) ;
#3244 = CARTESIAN_POINT ( 'NONE',  ( -8.800362019751924336, -2.973325924937780584, -22.18730783671603746 ) ) ;
#3245 = EDGE_CURVE ( 'NONE', #2636, #2258, #4656, .T. ) ;
#3246 = DIRECTION ( 'NONE',  ( 0.000000000000000000, 0.000000000000000000, 1.000000000000000000 ) ) ;
#3247 = CARTESIAN_POINT ( 'NONE',  ( 23.22089232545602400, -3.000000000000000000, 4.622491671284755910 ) ) ;
#3248 = VERTEX_POINT ( 'NONE', #5017 ) ;
#3249 = LINE ( 'NONE', #3275, #4399 ) ;
#3250 = DIRECTION ( 'NONE',  ( -0.000000000000000000, -1.000000000000000000, -0.000000000000000000 ) ) ;
#3251 = VECTOR ( 'NONE', #5371, 1000.000000000000000 ) ;
#3252 = CARTESIAN_POINT ( 'NONE',  ( 15.59851722660272877, -3.000000000000000000, 19.39856533391416704 ) ) ;
#3253 = ORIENTED_EDGE ( 'NONE', *, *, #785, .T. ) ;
#3254 = ORIENTED_EDGE ( 'NONE', *, *, #202, .T. ) ;
#3255 = LINE ( 'NONE', #5668, #4791 ) ;
#3256 = FACE_OUTER_BOUND ( 'NONE', #2959, .T. ) ;
#3257 = EDGE_LOOP ( 'NONE', ( #1547, #4306, #3228, #2012 ) ) ;
#3258 = DIRECTION ( 'NONE',  ( -0.000000000000000000, -1.000000000000000000, -0.000000000000000000 ) ) ;
#3259 = EDGE_CURVE ( 'NONE', #2583, #3882, #4118, .T. ) ;
#3260 = ORIENTED_EDGE ( 'NONE', *, *, #2589, .F. ) ;
#3261 = CARTESIAN_POINT ( 'NONE',  ( 9.511283720560113508, -2.500000000000000000, -23.14975676410030303 ) ) ;
#3262 = CARTESIAN_POINT ( 'NONE',  ( -4.378220219635831967, -3.000000000000000000, -15.49971271857153887 ) ) ;
#3263 = CARTESIAN_POINT ( 'NONE',  ( 30.84144333032081775, -2.792893218813452982, 4.402443439001797465 ) ) ;
#3264 = CYLINDRICAL_SURFACE ( 'NONE', #4562, 0.5000000000000002220 ) ;
#3265 = ORIENTED_EDGE ( 'NONE', *, *, #891, .F. ) ;
#3266 = EDGE_CURVE ( 'NONE', #3568, #1934, #2516, .T. ) ;
#3267 = ORIENTED_EDGE ( 'NONE', *, *, #670, .T. ) ;
#3268 = DIRECTION ( 'NONE',  ( 0.000000000000000000, -1.000000000000000000, 0.000000000000000000 ) ) ;
#3269 = DIRECTION ( 'NONE',  ( 0.7660444431189773473, 0.000000000000000000, -0.6427876096865400291 ) ) ;
#3270 = DIRECTION ( 'NONE',  ( 0.9396926207859073177, 0.000000000000000000, 0.3420201433256716550 ) ) ;
#3271 = CARTESIAN_POINT ( 'NONE',  ( 16.07116719312273645, -2.668231137178802115, 0.9534987490406660049 ) ) ;
#3272 = EDGE_CURVE ( 'NONE', #3447, #1344, #312, .T. ) ;
#3273 = ADVANCED_FACE ( 'NONE', ( #1288 ), #3125, .T. ) ;
#3274 = VERTEX_POINT ( 'NONE', #2160 ) ;
#3275 = CARTESIAN_POINT ( 'NONE',  ( 15.89194039108607015, 3.265000000000000124, 17.35243875097005528 ) ) ;
#3276 = CARTESIAN_POINT ( 'NONE',  ( 9.105945697316967014, -3.000000000000003553, -22.83891764463389862 ) ) ;
#3277 = VECTOR ( 'NONE', #5211, 1000.000000000000000 ) ;
#3278 = CARTESIAN_POINT ( 'NONE',  ( -16.39539829303299356, -2.970787267806749732, 18.46831089329719688 ) ) ;
#3279 = PLANE ( 'NONE',  #1837 ) ;
#3280 = CIRCLE ( 'NONE', #1928, 0.7999999999999986011 ) ;
#3281 = ORIENTED_EDGE ( 'NONE', *, *, #1780, .T. ) ;
#3282 = ORIENTED_EDGE ( 'NONE', *, *, #5716, .T. ) ;
#3283 = DIRECTION ( 'NONE',  ( -0.9961946980917285588, 0.000000000000000000, 0.08715574274785160835 ) ) ;
#3284 = CARTESIAN_POINT ( 'NONE',  ( 24.13496598329170340, -2.989139523120299291, 4.986040917325638588 ) ) ;
#3285 = VERTEX_POINT ( 'NONE', #4053 ) ;
#3286 = VECTOR ( 'NONE', #5729, 1000.000000000000000 ) ;
#3287 = DIRECTION ( 'NONE',  ( 1.776356839400250465E-15, 0.000000000000000000, 1.000000000000000000 ) ) ;
#3288 = ORIENTED_EDGE ( 'NONE', *, *, #708, .T. ) ;
#3289 = VECTOR ( 'NONE', #2193, 1000.000000000000000 ) ;
#3290 = ORIENTED_EDGE ( 'NONE', *, *, #4736, .T. ) ;
#3291 = CARTESIAN_POINT ( 'NONE',  ( 0.000000000000000000, -2.500000000000000000, 0.000000000000000000 ) ) ;
#3292 = CARTESIAN_POINT ( 'NONE',  ( 20.69256964635040319, -3.000000000000001332, 23.39580686684044508 ) ) ;
#3293 = DIRECTION ( 'NONE',  ( 0.9848077530122080203, 0.000000000000000000, 0.1736481776669306643 ) ) ;
#3294 = AXIS2_PLACEMENT_3D ( 'NONE', #578, #5156, #3388 ) ;
#3295 = VECTOR ( 'NONE', #4647, 1000.000000000000000 ) ;
#3296 = CARTESIAN_POINT ( 'NONE',  ( -4.972349239469208371, -3.000000000000000000, -16.03815802711417149 ) ) ;
#3297 = DIRECTION ( 'NONE',  ( 0.000000000000000000, 0.000000000000000000, 1.000000000000000000 ) ) ;
#3298 = ADVANCED_FACE ( 'NONE', ( #3541 ), #1469, .T. ) ;
#3299 = DIRECTION ( 'NONE',  ( -0.000000000000000000, -1.000000000000000000, -0.000000000000000000 ) ) ;
#3300 = ORIENTED_EDGE ( 'NONE', *, *, #4281, .F. ) ;
#3301 = CARTESIAN_POINT ( 'NONE',  ( -9.288675347336877053, -2.883090468738139123, -23.05099660798956407 ) ) ;
#3302 = PLANE ( 'NONE',  #5018 ) ;
#3303 = ORIENTED_EDGE ( 'NONE', *, *, #3958, .F. ) ;
#3304 = LINE ( 'NONE', #5201, #3799 ) ;
#3305 = DIRECTION ( 'NONE',  ( -0.000000000000000000, 1.000000000000000000, -0.000000000000000000 ) ) ;
#3306 = EDGE_CURVE ( 'NONE', #4328, #1899, #4983, .T. ) ;
#3307 = FACE_OUTER_BOUND ( 'NONE', #5907, .T. ) ;
#3308 = EDGE_CURVE ( 'NONE', #1974, #4216, #1418, .T. ) ;
#3309 = CARTESIAN_POINT ( 'NONE',  ( 15.42328504881005635, -2.986739144609695362, 19.38234143495688500 ) ) ;
#3310 = AXIS2_PLACEMENT_3D ( 'NONE', #1502, #2795, #2386 ) ;
#3311 = DIRECTION ( 'NONE',  ( -0.7660444431189629144, 0.000000000000000000, 0.6427876096865573485 ) ) ;
#3312 = VERTEX_POINT ( 'NONE', #2674 ) ;
#3313 = ORIENTED_EDGE ( 'NONE', *, *, #874, .T. ) ;
#3314 = FACE_OUTER_BOUND ( 'NONE', #652, .T. ) ;
#3315 = LINE ( 'NONE', #474, #5815 ) ;
#3316 = ORIENTED_EDGE ( 'NONE', *, *, #1556, .T. ) ;
#3317 = EDGE_CURVE ( 'NONE', #5731, #5572, #5770, .T. ) ;
#3318 = ORIENTED_EDGE ( 'NONE', *, *, #3306, .T. ) ;
#3319 = CARTESIAN_POINT ( 'NONE',  ( 0.000000000000000000, -3.000000000000000000, 0.000000000000000000 ) ) ;
#3320 = ORIENTED_EDGE ( 'NONE', *, *, #881, .F. ) ;
#3321 = DIRECTION ( 'NONE',  ( -0.000000000000000000, 1.000000000000000000, -0.000000000000000000 ) ) ;
#3322 = AXIS2_PLACEMENT_3D ( 'NONE', #1865, #569, #2024 ) ;
#3323 = ORIENTED_EDGE ( 'NONE', *, *, #1674, .F. ) ;
#3324 = CARTESIAN_POINT ( 'NONE',  ( 7.520258147077397481, -2.973325924938200693, -22.65322754313980269 ) ) ;
#3325 = CARTESIAN_POINT ( 'NONE',  ( -12.50178425574864782, -2.500000000000000000, 17.85439826558410203 ) ) ;
#3326 = DIRECTION ( 'NONE',  ( 0.9396926207859359614, 0.000000000000000000, -0.3420201433255930512 ) ) ;
#3327 = DIRECTION ( 'NONE',  ( -0.9848077530122080203, 0.000000000000000000, 0.1736481776669309696 ) ) ;
#3328 = CIRCLE ( 'NONE', #2372, 0.8000000000020074387 ) ;
#3329 = VERTEX_POINT ( 'NONE', #1399 ) ;
#3330 = VECTOR ( 'NONE', #4155, 1000.000000000000114 ) ;
#3331 =( BOUNDED_CURVE ( )  B_SPLINE_CURVE ( 3, ( #2671, #3457, #5319, #1201 ),
 .UNSPECIFIED., .F., .F. ) 
 B_SPLINE_CURVE_WITH_KNOTS ( ( 4, 4 ),
 ( 4.712388980384684345, 6.283185307179586232 ),
 .UNSPECIFIED. ) 
 CURVE ( )  GEOMETRIC_REPRESENTATION_ITEM ( )  RATIONAL_B_SPLINE_CURVE ( ( 1.000000000000000000, 0.8047378541243637162, 0.8047378541243637162, 1.000000000000000000 ) ) 
 REPRESENTATION_ITEM ( '' )  );
#3332 = CARTESIAN_POINT ( 'NONE',  ( -16.42414633486748698, -2.500000000000000000, 3.931755278065442560 ) ) ;
#3333 = DIRECTION ( 'NONE',  ( -0.6427876096865237088, -0.000000000000000000, 0.7660444431189911141 ) ) ;
#3334 = EDGE_LOOP ( 'NONE', ( #3944, #2604, #5681, #1249 ) ) ;
#3335 = DIRECTION ( 'NONE',  ( -0.3420201433256672696, 0.000000000000000000, 0.9396926207859088720 ) ) ;
#3336 = DIRECTION ( 'NONE',  ( 0.000000000000000000, -1.000000000000000000, 0.000000000000000000 ) ) ;
#3337 = EDGE_CURVE ( 'NONE', #75, #4367, #5686, .T. ) ;
#3338 = EDGE_LOOP ( 'NONE', ( #5811, #4236, #237, #2893, #512, #4665 ) ) ;
#3339 = CYLINDRICAL_SURFACE ( 'NONE', #5459, 0.5000000000000001110 ) ;
#3340 = DIRECTION ( 'NONE',  ( -0.000000000000000000, -1.000000000000000000, -0.000000000000000000 ) ) ;
#3341 = DIRECTION ( 'NONE',  ( -0.5735764363506832275, 0.000000000000000000, 0.8191520442892458176 ) ) ;
#3342 = ORIENTED_EDGE ( 'NONE', *, *, #2147, .F. ) ;
#3343 = ADVANCED_FACE ( 'NONE', ( #4527 ), #5741, .T. ) ;
#3344 = EDGE_CURVE ( 'NONE', #1618, #283, #4036, .T. ) ;
#3345 = ORIENTED_EDGE ( 'NONE', *, *, #3136, .T. ) ;
#3346 = CARTESIAN_POINT ( 'NONE',  ( -30.48720104788181828, 3.265000000000000124, 6.411451255149191120 ) ) ;
#3347 = CARTESIAN_POINT ( 'NONE',  ( 7.594310774156530108, -3.000000000000000000, -23.84747785648474050 ) ) ;
#3348 = ORIENTED_EDGE ( 'NONE', *, *, #317, .T. ) ;
#3349 = B_SPLINE_CURVE_WITH_KNOTS ( 'NONE', 3,
 ( #2590, #2532, #1683, #2559 ),
 .UNSPECIFIED., .F., .F.,
 ( 4, 4 ),
 ( 0.000000000000000000, 0.0002492957699711635059 ),
 .UNSPECIFIED. ) ;
#3350 = CARTESIAN_POINT ( 'NONE',  ( 11.72428514981459813, -3.000000000000000000, 11.03241121076136366 ) ) ;
#3351 = EDGE_LOOP ( 'NONE', ( #1677, #4001, #863, #3699 ) ) ;
#3352 = CARTESIAN_POINT ( 'NONE',  ( 7.594310774156530108, -2.500000000000000000, -23.84747785648474050 ) ) ;
#3353 = EDGE_CURVE ( 'NONE', #603, #2464, #5980, .T. ) ;
#3354 = EDGE_CURVE ( 'NONE', #3606, #4328, #5098, .T. ) ;
#3355 = ORIENTED_EDGE ( 'NONE', *, *, #5189, .T. ) ;
#3356 = DIRECTION ( 'NONE',  ( 0.000000000000000000, 0.000000000000000000, -1.000000000000000000 ) ) ;
#3357 = CARTESIAN_POINT ( 'NONE',  ( -11.17258253940795854, -3.000000000000000000, 11.60154428044696218 ) ) ;
#3358 = CARTESIAN_POINT ( 'NONE',  ( 20.79608018602494823, -2.500000000000000000, 23.19696497017266879 ) ) ;
#3359 = CARTESIAN_POINT ( 'NONE',  ( -21.14644285628553888, 3.265000000000000124, -13.38669902462328487 ) ) ;
#3360 = ORIENTED_EDGE ( 'NONE', *, *, #3240, .T. ) ;
#3361 = ORIENTED_EDGE ( 'NONE', *, *, #1299, .T. ) ;
#3362 = VERTEX_POINT ( 'NONE', #5464 ) ;
#3363 =( BOUNDED_CURVE ( )  B_SPLINE_CURVE ( 3, ( #5074, #31, #1428, #920 ),
 .UNSPECIFIED., .F., .F. ) 
 B_SPLINE_CURVE_WITH_KNOTS ( ( 4, 4 ),
 ( 4.712388980384692339, 6.283185307179586232 ),
 .UNSPECIFIED. ) 
 CURVE ( )  GEOMETRIC_REPRESENTATION_ITEM ( )  RATIONAL_B_SPLINE_CURVE ( ( 1.000000000000000000, 0.8047378541243654926, 0.8047378541243654926, 1.000000000000000000 ) ) 
 REPRESENTATION_ITEM ( '' )  );
#3364 = B_SPLINE_CURVE_WITH_KNOTS ( 'NONE', 3,
 ( #3156, #5526, #4500, #3211 ),
 .UNSPECIFIED., .F., .F.,
 ( 4, 4 ),
 ( 0.0002320008640105927821, 0.0004814755169071874980 ),
 .UNSPECIFIED. ) ;
#3365 = DIRECTION ( 'NONE',  ( 0.8191520442886223163, -0.000000000000000000, -0.5735764363515737374 ) ) ;
#3366 = FACE_OUTER_BOUND ( 'NONE', #3183, .T. ) ;
#3367 = VERTEX_POINT ( 'NONE', #4608 ) ;
#3368 = CARTESIAN_POINT ( 'NONE',  ( -20.54618363729464292, -3.000000000000000000, 23.67701177387835898 ) ) ;
#3369 = CARTESIAN_POINT ( 'NONE',  ( 17.85439826558050314, -3.000000000000000000, -12.50178425576351593 ) ) ;
#3370 = CIRCLE ( 'NONE', #782, 23.52999999999999403 ) ;
#3371 = ORIENTED_EDGE ( 'NONE', *, *, #1599, .T. ) ;
#3372 = CARTESIAN_POINT ( 'NONE',  ( 12.72296122597525603, -2.500000000000000000, -29.43056634765067159 ) ) ;
#3373 = LINE ( 'NONE', #233, #4806 ) ;
#3374 = CARTESIAN_POINT ( 'NONE',  ( -15.29263558886042063, 3.265000000000000124, 19.81189170665737365 ) ) ;
#3375 = FACE_OUTER_BOUND ( 'NONE', #5148, .T. ) ;
#3376 = ORIENTED_EDGE ( 'NONE', *, *, #1989, .T. ) ;
#3377 = AXIS2_PLACEMENT_3D ( 'NONE', #249, #1619, #3484 ) ;
#3378 = EDGE_LOOP ( 'NONE', ( #1040, #2227, #3783, #4441, #3089 ) ) ;
#3379 = DIRECTION ( 'NONE',  ( 0.000000000000000000, -1.000000000000000000, 0.000000000000000000 ) ) ;
#3380 = CARTESIAN_POINT ( 'NONE',  ( -8.861337735707213170, -2.668231137178802559, 13.44128968319090589 ) ) ;
#3381 = ORIENTED_EDGE ( 'NONE', *, *, #407, .T. ) ;
#3382 = EDGE_CURVE ( 'NONE', #3819, #1184, #1821, .T. ) ;
#3383 = EDGE_LOOP ( 'NONE', ( #2727, #2016, #441, #2747 ) ) ;
#3384 = DIRECTION ( 'NONE',  ( 0.000000000000000000, 0.000000000000000000, 1.000000000000000000 ) ) ;
#3385 = ORIENTED_EDGE ( 'NONE', *, *, #626, .T. ) ;
#3386 = CARTESIAN_POINT ( 'NONE',  ( -24.25496193829483005, -2.935926026334426453, 5.057845431917008305 ) ) ;
#3387 = ORIENTED_EDGE ( 'NONE', *, *, #4018, .F. ) ;
#3388 = DIRECTION ( 'NONE',  ( 0.5735764363506832275, 0.000000000000000000, -0.8191520442892458176 ) ) ;
#3389 = DIRECTION ( 'NONE',  ( 0.9063077870364757427, -0.000000000000000000, 0.4226182617410730868 ) ) ;
#3390 = AXIS2_PLACEMENT_3D ( 'NONE', #4751, #1445, #3797 ) ;
#3391 = DIRECTION ( 'NONE',  ( -0.000000000000000000, 1.000000000000000000, -0.000000000000000000 ) ) ;
#3392 = CARTESIAN_POINT ( 'NONE',  ( -11.60809380826081316, -2.500000000000000000, -28.91069513293903270 ) ) ;
#3393 = EDGE_CURVE ( 'NONE', #1417, #2536, #1795, .T. ) ;
#3394 = VERTEX_POINT ( 'NONE', #456 ) ;
#3395 = EDGE_CURVE ( 'NONE', #5586, #2335, #3364, .T. ) ;
#3396 = AXIS2_PLACEMENT_3D ( 'NONE', #3425, #973, #2816 ) ;
#3397 = EDGE_LOOP ( 'NONE', ( #506, #3742, #3016, #4291 ) ) ;
#3398 = ORIENTED_EDGE ( 'NONE', *, *, #5412, .F. ) ;
#3399 = VECTOR ( 'NONE', #5432, 999.9999999999998863 ) ;
#3400 = LINE ( 'NONE', #5259, #4428 ) ;
#3401 = VECTOR ( 'NONE', #1355, 1000.000000000000114 ) ;
#3402 = EDGE_CURVE ( 'NONE', #5905, #571, #5020, .T. ) ;
#3403 = CARTESIAN_POINT ( 'NONE',  ( -23.32786525393755994, -2.500000000000000000, 3.077596902476485319 ) ) ;
#3404 = EDGE_LOOP ( 'NONE', ( #5263, #2044, #2189, #2810, #4344, #3818 ) ) ;
#3405 = CARTESIAN_POINT ( 'NONE',  ( 10.05434245573841068, -3.000000000000000000, 13.56913704619687699 ) ) ;
#3406 = CARTESIAN_POINT ( 'NONE',  ( -31.22244734251497178, -2.779248922266303712, 7.323511227749280650 ) ) ;
#3407 = ORIENTED_EDGE ( 'NONE', *, *, #946, .T. ) ;
#3408 = LINE ( 'NONE', #4325, #4098 ) ;
#3409 = CARTESIAN_POINT ( 'NONE',  ( -23.66832073232320965, -2.990251726932342535, 3.451149984510477609 ) ) ;
#3410 = CARTESIAN_POINT ( 'NONE',  ( 23.90990065744913906, 3.265000000000000568, 4.215960591969848181 ) ) ;
#3411 = ORIENTED_EDGE ( 'NONE', *, *, #1289, .T. ) ;
#3412 = CARTESIAN_POINT ( 'NONE',  ( 24.19172554510434381, -2.970787267805217180, 4.964675980287141854 ) ) ;
#3413 = CARTESIAN_POINT ( 'NONE',  ( 22.54761237822867770, -1.262797336226633371, -11.84007552700973953 ) ) ;
#3414 = VERTEX_POINT ( 'NONE', #3184 ) ;
#3415 = AXIS2_PLACEMENT_3D ( 'NONE', #3955, #1117, #2574 ) ;
#3416 = CARTESIAN_POINT ( 'NONE',  ( 3.692205798609079270, -2.500000000000000000, -15.66973438633268856 ) ) ;
#3417 = CARTESIAN_POINT ( 'NONE',  ( -9.503174373376753081, -2.961507457126711262, -30.64565040529461015 ) ) ;
#3418 = VERTEX_POINT ( 'NONE', #5073 ) ;
#3419 = CARTESIAN_POINT ( 'NONE',  ( 31.19276894612020712, 3.265000000000000124, 7.419106642638352511 ) ) ;
#3420 = EDGE_LOOP ( 'NONE', ( #1425, #2347, #1271, #3717 ) ) ;
#3421 = FACE_OUTER_BOUND ( 'NONE', #3876, .T. ) ;
#3422 = EDGE_CURVE ( 'NONE', #3140, #2095, #404, .T. ) ;
#3423 = LINE ( 'NONE', #4405, #4352 ) ;
#3424 = CARTESIAN_POINT ( 'NONE',  ( 8.303821354729477022, 9.530000000000001137, -22.81456166729532953 ) ) ;
#3425 = CARTESIAN_POINT ( 'NONE',  ( 23.90990065744913906, -3.000000000000000000, 4.215960591969848181 ) ) ;
#3426 = ORIENTED_EDGE ( 'NONE', *, *, #397, .F. ) ;
#3427 = ORIENTED_EDGE ( 'NONE', *, *, #988, .T. ) ;
#3428 = ORIENTED_EDGE ( 'NONE', *, *, #3393, .F. ) ;
#3429 = ADVANCED_FACE ( 'NONE', ( #2282 ), #1849, .F. ) ;
#3430 = EDGE_CURVE ( 'NONE', #571, #5820, #4313, .T. ) ;
#3431 = DIRECTION ( 'NONE',  ( 0.000000000000000000, -1.000000000000000000, 0.000000000000000000 ) ) ;
#3432 = VECTOR ( 'NONE', #2924, 1000.000000000000000 ) ;
#3433 = FACE_OUTER_BOUND ( 'NONE', #5320, .T. ) ;
#3434 = VERTEX_POINT ( 'NONE', #3578 ) ;
#3435 = VECTOR ( 'NONE', #5630, 1000.000000000000000 ) ;
#3436 = DIRECTION ( 'NONE',  ( 0.9848077530122083534, 0.000000000000000000, -0.1736481776669289434 ) ) ;
#3437 = EDGE_CURVE ( 'NONE', #5196, #75, #5443, .T. ) ;
#3438 = ORIENTED_EDGE ( 'NONE', *, *, #3075, .T. ) ;
#3439 = LINE ( 'NONE', #3372, #2355 ) ;
#3440 = CARTESIAN_POINT ( 'NONE',  ( 9.090100452104977080, -2.970787267805290455, -22.96209193887855804 ) ) ;
#3441 = VECTOR ( 'NONE', #2010, 1000.000000000000114 ) ;
#3442 = VERTEX_POINT ( 'NONE', #4732 ) ;
#3443 = PLANE ( 'NONE',  #2178 ) ;
#3444 = CYLINDRICAL_SURFACE ( 'NONE', #741, 0.5000000000000001110 ) ;
#3445 =( BOUNDED_CURVE ( )  B_SPLINE_CURVE ( 3, ( #1509, #4659, #5602, #4298 ),
 .UNSPECIFIED., .F., .T. ) 
 B_SPLINE_CURVE_WITH_KNOTS ( ( 4, 4 ),
 ( 4.712388980384687898, 6.283185307179586232 ),
 .UNSPECIFIED. ) 
 CURVE ( )  GEOMETRIC_REPRESENTATION_ITEM ( )  RATIONAL_B_SPLINE_CURVE ( ( 1.000000000000000000, 0.8047378541243646044, 0.8047378541243646044, 1.000000000000000000 ) ) 
 REPRESENTATION_ITEM ( '' )  );
#3446 = ORIENTED_EDGE ( 'NONE', *, *, #4727, .T. ) ;
#3447 = VERTEX_POINT ( 'NONE', #4309 ) ;
#3448 = CARTESIAN_POINT ( 'NONE',  ( -5.979726014076907958, -3.000000000000000000, -16.42916219820119750 ) ) ;
#3449 = ORIENTED_EDGE ( 'NONE', *, *, #3473, .F. ) ;
#3450 = FACE_OUTER_BOUND ( 'NONE', #2724, .T. ) ;
#3451 = VERTEX_POINT ( 'NONE', #4176 ) ;
#3452 = DIRECTION ( 'NONE',  ( 0.000000000000000000, 1.000000000000000000, 0.000000000000000000 ) ) ;
#3453 = CIRCLE ( 'NONE', #270, 14.57731163100804928 ) ;
#3454 = CARTESIAN_POINT ( 'NONE',  ( 31.80608415963043356, -3.000000000000000000, 4.337381953035672311 ) ) ;
#3455 = DIRECTION ( 'NONE',  ( -0.6427876096865468014, -0.000000000000000000, 0.7660444431189717962 ) ) ;
#3456 = CARTESIAN_POINT ( 'NONE',  ( 0.000000000000000000, -2.500000000000000000, 0.000000000000000000 ) ) ;
#3457 = CARTESIAN_POINT ( 'NONE',  ( 30.60764791189569678, -3.000000000000002665, 6.222387549897145043 ) ) ;
#3458 = ORIENTED_EDGE ( 'NONE', *, *, #2548, .F. ) ;
#3459 = ADVANCED_FACE ( 'NONE', ( #5250 ), #3718, .F. ) ;
#3460 = VECTOR ( 'NONE', #690, 1000.000000000000114 ) ;
#3461 = ORIENTED_EDGE ( 'NONE', *, *, #5885, .T. ) ;
#3462 = CARTESIAN_POINT ( 'NONE',  ( 16.42414633486759712, -2.500000000000000000, 3.931755278064975823 ) ) ;
#3463 = ADVANCED_FACE ( 'NONE', ( #2002 ), #30, .T. ) ;
#3464 = CARTESIAN_POINT ( 'NONE',  ( -30.48720104788181828, -2.792893218813453871, 6.411451255149193784 ) ) ;
#3465 = ORIENTED_EDGE ( 'NONE', *, *, #5698, .F. ) ;
#3466 = LINE ( 'NONE', #3076, #107 ) ;
#3467 = CARTESIAN_POINT ( 'NONE',  ( 7.796327252067372982, -2.970787267806913601, -23.43298687357884091 ) ) ;
#3468 = ORIENTED_EDGE ( 'NONE', *, *, #2765, .F. ) ;
#3469 = CARTESIAN_POINT ( 'NONE',  ( 10.05434245573841068, -3.000000000000000000, 13.56913704619687699 ) ) ;
#3470 = CARTESIAN_POINT ( 'NONE',  ( 15.29263558886092866, 3.265000000000000124, 19.81189170665698640 ) ) ;
#3471 = CARTESIAN_POINT ( 'NONE',  ( 16.66243473851619328, -2.849944888432046852, 18.48743503378725705 ) ) ;
#3472 = EDGE_CURVE ( 'NONE', #5734, #2678, #1563, .T. ) ;
#3473 = EDGE_CURVE ( 'NONE', #3786, #1927, #3989, .T. ) ;
#3474 = ORIENTED_EDGE ( 'NONE', *, *, #1710, .T. ) ;
#3475 = DIRECTION ( 'NONE',  ( 0.000000000000000000, 0.000000000000000000, 1.000000000000000000 ) ) ;
#3476 = CARTESIAN_POINT ( 'NONE',  ( -7.520258147069932342, -2.973325924939345111, -22.65322754313617182 ) ) ;
#3477 = VECTOR ( 'NONE', #771, 1000.000000000000000 ) ;
#3478 = ADVANCED_FACE ( 'NONE', ( #1900 ), #5216, .F. ) ;
#3479 = CARTESIAN_POINT ( 'NONE',  ( 24.80391930942181489, -2.500000000000000000, 3.337865057441846250 ) ) ;
#3480 = AXIS2_PLACEMENT_3D ( 'NONE', #1681, #2941, #4925 ) ;
#3481 = ORIENTED_EDGE ( 'NONE', *, *, #2031, .F. ) ;
#3482 = DIRECTION ( 'NONE',  ( -0.000000000000000000, 1.000000000000000000, -0.000000000000000000 ) ) ;
#3483 = EDGE_LOOP ( 'NONE', ( #3265, #2073, #4209, #1439, #4019, #3845 ) ) ;
#3484 = DIRECTION ( 'NONE',  ( -0.4226182617402906017, 0.000000000000000000, -0.9063077870368405620 ) ) ;
#3485 = CARTESIAN_POINT ( 'NONE',  ( 8.303821354729477022, -3.000000000000000000, -23.61456166729723805 ) ) ;
#3486 = DIRECTION ( 'NONE',  ( -0.9848077530122080203, 0.000000000000000000, 0.1736481776669309696 ) ) ;
#3487 = PLANE ( 'NONE',  #2720 ) ;
#3488 = AXIS2_PLACEMENT_3D ( 'NONE', #4728, #478, #3287 ) ;
#3489 = DIRECTION ( 'NONE',  ( -0.9848077530122123502, -0.000000000000000000, -0.1736481776669060728 ) ) ;
#3490 = ORIENTED_EDGE ( 'NONE', *, *, #4966, .F. ) ;
#3491 = VECTOR ( 'NONE', #714, 1000.000000000000000 ) ;
#3492 = ORIENTED_EDGE ( 'NONE', *, *, #3612, .F. ) ;
#3493 = EDGE_LOOP ( 'NONE', ( #960, #2829, #910, #1028, #1755, #4862, #1264 ) ) ;
#3494 = CARTESIAN_POINT ( 'NONE',  ( 23.90990065744913906, -3.000000000000000000, 4.215960591969848181 ) ) ;
#3495 = CARTESIAN_POINT ( 'NONE',  ( 7.939520447909643508, -3.000000000000001332, -23.53237320754163164 ) ) ;
#3496 = VECTOR ( 'NONE', #1066, 1000.000000000000000 ) ;
#3497 = CARTESIAN_POINT ( 'NONE',  ( 23.18519018149600797, -2.894543664873723721, 4.944680079273628515 ) ) ;
#3498 = EDGE_LOOP ( 'NONE', ( #1493, #63, #2934, #4308 ) ) ;
#3499 = DIRECTION ( 'NONE',  ( 0.9063077870369106170, 0.000000000000000000, -0.4226182617401404995 ) ) ;
#3500 = CARTESIAN_POINT ( 'NONE',  ( 4.807073215165557301, 3.265000000000000124, -16.18960560050119213 ) ) ;
#3501 = DIRECTION ( 'NONE',  ( 0.8191520442892409326, 0.000000000000000000, 0.5735764363506903329 ) ) ;
#3502 = DIRECTION ( 'NONE',  ( -0.08715574274831970614, 0.000000000000000000, 0.9961946980916877026 ) ) ;
#3503 = ADVANCED_FACE ( 'NONE', ( #1036 ), #2338, .T. ) ;
#3504 = CARTESIAN_POINT ( 'NONE',  ( 23.90990065744913906, -3.000000000000000000, 5.015960591972895344 ) ) ;
#3505 = DIRECTION ( 'NONE',  ( 0.000000000000000000, 0.000000000000000000, 1.000000000000000000 ) ) ;
#3506 = AXIS2_PLACEMENT_3D ( 'NONE', #4218, #5985, #65 ) ;
#3507 = VERTEX_POINT ( 'NONE', #969 ) ;
#3508 = CARTESIAN_POINT ( 'NONE',  ( -6.724046161570257141, 3.265000000000000124, -15.49188450811626794 ) ) ;
#3509 = LINE ( 'NONE', #2580, #436 ) ;
#3510 = EDGE_CURVE ( 'NONE', #1732, #1234, #4079, .T. ) ;
#3511 = B_SPLINE_CURVE_WITH_KNOTS ( 'NONE', 3,
 ( #2955, #2509, #1440, #1663 ),
 .UNSPECIFIED., .F., .F.,
 ( 4, 4 ),
 ( 0.0002320008640101774784, 0.0004814755169075214322 ),
 .UNSPECIFIED. ) ;
#3512 = DIRECTION ( 'NONE',  ( 0.4226182617408856257, 0.000000000000000000, 0.9063077870365632283 ) ) ;
#3513 = EDGE_LOOP ( 'NONE', ( #2503, #3959, #5714, #286 ) ) ;
#3514 = DIRECTION ( 'NONE',  ( -0.000000000000000000, 1.000000000000000000, -0.000000000000000000 ) ) ;
#3515 = VERTEX_POINT ( 'NONE', #5580 ) ;
#3516 = DIRECTION ( 'NONE',  ( 0.9961946980917275596, 0.000000000000000000, -0.08715574274786325182 ) ) ;
#3517 = CARTESIAN_POINT ( 'NONE',  ( 1.899663625333126493, -2.500000000000000000, 21.71325459515938050 ) ) ;
#3518 = EDGE_CURVE ( 'NONE', #4035, #3806, #2252, .T. ) ;
#3519 = CARTESIAN_POINT ( 'NONE',  ( -15.41649094842271239, 3.265000000000000124, 4.637323175571033573 ) ) ;
#3520 = CARTESIAN_POINT ( 'NONE',  ( 30.95857960530109665, -3.000000000000000000, 4.930811030643379667 ) ) ;
#3521 = CARTESIAN_POINT ( 'NONE',  ( -22.02151929897088678, -2.500000000000000000, 23.30417700039917506 ) ) ;
#3522 = VERTEX_POINT ( 'NONE', #155 ) ;
#3523 = CARTESIAN_POINT ( 'NONE',  ( -22.97362297149675214, 3.265000000000000124, 5.086604718622892207 ) ) ;
#3524 = CARTESIAN_POINT ( 'NONE',  ( 22.16644285628431987, -0.9761472547094184327, -11.62000720090513184 ) ) ;
#3525 = PLANE ( 'NONE',  #496 ) ;
#3526 = CARTESIAN_POINT ( 'NONE',  ( -24.43080516915058809, -2.970787267806803467, 3.608788054966185488 ) ) ;
#3527 = CARTESIAN_POINT ( 'NONE',  ( 11.69833114099270510, -2.668231137178802115, 11.06076956316354831 ) ) ;
#3528 = CARTESIAN_POINT ( 'NONE',  ( -21.14644285628553888, 3.265000000000000124, -13.38669902462328487 ) ) ;
#3529 = FACE_OUTER_BOUND ( 'NONE', #3378, .T. ) ;
#3530 = AXIS2_PLACEMENT_3D ( 'NONE', #5113, #2718, #445 ) ;
#3531 = EDGE_CURVE ( 'NONE', #1613, #3902, #5609, .T. ) ;
#3532 = VERTEX_POINT ( 'NONE', #3779 ) ;
#3533 = CARTESIAN_POINT ( 'NONE',  ( 9.171249647149318562, -2.500000000000000000, -30.72328364303766790 ) ) ;
#3534 = VECTOR ( 'NONE', #137, 1000.000000000000000 ) ;
#3535 = FACE_OUTER_BOUND ( 'NONE', #3498, .T. ) ;
#3536 = CARTESIAN_POINT ( 'NONE',  ( 7.594310774156530108, 3.265000000000000124, -23.84747785648474050 ) ) ;
#3537 = EDGE_CURVE ( 'NONE', #5572, #4546, #1550, .T. ) ;
#3538 = EDGE_CURVE ( 'NONE', #3551, #3914, #3214, .T. ) ;
#3539 = ORIENTED_EDGE ( 'NONE', *, *, #2624, .T. ) ;
#3540 = CARTESIAN_POINT ( 'NONE',  ( -15.60607930272161070, -3.000000000000000000, 18.59860107532878004 ) ) ;
#3541 = FACE_OUTER_BOUND ( 'NONE', #4175, .T. ) ;
#3542 = ORIENTED_EDGE ( 'NONE', *, *, #511, .F. ) ;
#3543 = CARTESIAN_POINT ( 'NONE',  ( -5.979726014076907958, 3.265000000000000124, -16.42916219820119750 ) ) ;
#3544 = CARTESIAN_POINT ( 'NONE',  ( -14.39854635836643126, -2.737084624032796398, 18.67133772718565865 ) ) ;
#3545 = DIRECTION ( 'NONE',  ( 0.000000000000000000, 0.000000000000000000, 1.000000000000000000 ) ) ;
#3546 = CARTESIAN_POINT ( 'NONE',  ( 10.05434245573841068, 3.265000000000000124, 13.56913704619687699 ) ) ;
#3547 = EDGE_CURVE ( 'NONE', #961, #2492, #2404, .T. ) ;
#3548 = EDGE_CURVE ( 'NONE', #4367, #1413, #4594, .T. ) ;
#3549 = CARTESIAN_POINT ( 'NONE',  ( 11.40327766165615664, -3.000000000000000000, 12.32525977142529605 ) ) ;
#3550 = CARTESIAN_POINT ( 'NONE',  ( 14.32920972712218166, -2.500000000000000000, 18.66372547473164900 ) ) ;
#3551 = VERTEX_POINT ( 'NONE', #1935 ) ;
#3552 = CARTESIAN_POINT ( 'NONE',  ( 15.88739681665906822, -2.737084624032815938, 17.42204385675417555 ) ) ;
#3553 = DIRECTION ( 'NONE',  ( 0.000000000000000000, 0.000000000000000000, -1.000000000000000000 ) ) ;
#3554 = AXIS2_PLACEMENT_3D ( 'NONE', #5487, #1338, #5065 ) ;
#3555 = EDGE_CURVE ( 'NONE', #3241, #5900, #4002, .T. ) ;
#3556 = EDGE_LOOP ( 'NONE', ( #3680, #5266, #5136, #1838, #1247, #3490 ) ) ;
#3557 = DIRECTION ( 'NONE',  ( 0.000000000000000000, 0.000000000000000000, -1.000000000000000000 ) ) ;
#3558 = VERTEX_POINT ( 'NONE', #3940 ) ;
#3559 = CARTESIAN_POINT ( 'NONE',  ( -24.55345601711815462, -2.999999999999999556, 3.732393639541937258 ) ) ;
#3560 = DIRECTION ( 'NONE',  ( -0.000000000000000000, 1.000000000000000000, -0.000000000000000000 ) ) ;
#3561 = CARTESIAN_POINT ( 'NONE',  ( -8.887580435260147738, -2.999999999999999556, -22.26425690997947626 ) ) ;
#3562 = CARTESIAN_POINT ( 'NONE',  ( -9.171249647149551265, -2.500000000000000000, -30.72328364303758264 ) ) ;
#3563 = ORIENTED_EDGE ( 'NONE', *, *, #211, .F. ) ;
#3564 = CARTESIAN_POINT ( 'NONE',  ( -15.29263558886043306, -2.500000000000000000, 19.81189170665737009 ) ) ;
#3565 = DIRECTION ( 'NONE',  ( 0.000000000000000000, 0.000000000000000000, -1.000000000000000000 ) ) ;
#3566 = ORIENTED_EDGE ( 'NONE', *, *, #1989, .F. ) ;
#3567 = CARTESIAN_POINT ( 'NONE',  ( 0.000000000000000000, 3.265000000000000124, 0.000000000000000000 ) ) ;
#3568 = VERTEX_POINT ( 'NONE', #2129 ) ;
#3569 = CARTESIAN_POINT ( 'NONE',  ( 9.511283720560113508, -3.000000000000000000, -23.14975676410030303 ) ) ;
#3570 = ORIENTED_EDGE ( 'NONE', *, *, #2181, .T. ) ;
#3571 = AXIS2_PLACEMENT_3D ( 'NONE', #4986, #5865, #2670 ) ;
#3572 = CARTESIAN_POINT ( 'NONE',  ( 8.955768779808524371, -2.798945815778282498, 13.38014397915407017 ) ) ;
#3573 = CARTESIAN_POINT ( 'NONE',  ( -23.37839960360636127, -2.973325924937979536, 4.813879173184461457 ) ) ;
#3574 = EDGE_CURVE ( 'NONE', #415, #3948, #2529, .T. ) ;
#3575 = DIRECTION ( 'NONE',  ( 0.000000000000000000, 0.000000000000000000, 1.000000000000000000 ) ) ;
#3576 = CARTESIAN_POINT ( 'NONE',  ( 9.691120861856093782, -2.500000000000000000, -29.60841622532396400 ) ) ;
#3577 = ORIENTED_EDGE ( 'NONE', *, *, #5364, .T. ) ;
#3578 = CARTESIAN_POINT ( 'NONE',  ( -8.828903344063828484, -2.500000000000000000, 13.46192501608416947 ) ) ;
#3579 = ADVANCED_FACE ( 'NONE', ( #4372 ), #2586, .F. ) ;
#3580 = EDGE_CURVE ( 'NONE', #2291, #5731, #3951, .T. ) ;
#3581 = CIRCLE ( 'NONE', #4859, 0.8000000000030464964 ) ;
#3582 = VERTEX_POINT ( 'NONE', #4436 ) ;
#3583 = CARTESIAN_POINT ( 'NONE',  ( -20.79608018602539588, 3.265000000000000124, 23.19696497017492476 ) ) ;
#3584 = CARTESIAN_POINT ( 'NONE',  ( 11.41561486279117155, -2.964921559809628349, 11.35956963622842153 ) ) ;
#3585 = FACE_OUTER_BOUND ( 'NONE', #5084, .T. ) ;
#3586 = EDGE_CURVE ( 'NONE', #2636, #3285, #677, .T. ) ;
#3587 = CIRCLE ( 'NONE', #5833, 25.02749999999999275 ) ;
#3588 = ORIENTED_EDGE ( 'NONE', *, *, #2406, .F. ) ;
#3589 = DIRECTION ( 'NONE',  ( 0.000000000000000000, 1.000000000000000000, -0.000000000000000000 ) ) ;
#3590 = AXIS2_PLACEMENT_3D ( 'NONE', #59, #3881, #4801 ) ;
#3591 = ORIENTED_EDGE ( 'NONE', *, *, #1151, .F. ) ;
#3592 = CARTESIAN_POINT ( 'NONE',  ( -12.09500773390940331, -3.000000000000000000, 1.058176061982680993 ) ) ;
#3593 = LINE ( 'NONE', #826, #5566 ) ;
#3594 = AXIS2_PLACEMENT_3D ( 'NONE', #2430, #5645, #2368 ) ;
#3595 = DIRECTION ( 'NONE',  ( 0.000000000000000000, 0.000000000000000000, -1.000000000000000000 ) ) ;
#3596 = ORIENTED_EDGE ( 'NONE', *, *, #4578, .T. ) ;
#3597 = DIRECTION ( 'NONE',  ( 0.000000000000000000, 0.000000000000000000, -1.000000000000000000 ) ) ;
#3598 = ORIENTED_EDGE ( 'NONE', *, *, #2293, .T. ) ;
#3599 = CARTESIAN_POINT ( 'NONE',  ( 7.209326156194499013, -2.669027361111939722, -14.39504718728815824 ) ) ;
#3600 = CARTESIAN_POINT ( 'NONE',  ( 8.970579615197593171, -2.737084624031131508, -21.80517578750559693 ) ) ;
#3601 = CARTESIAN_POINT ( 'NONE',  ( -23.61495323805793234, -2.973325924937916032, 3.472316846753560782 ) ) ;
#3602 = ORIENTED_EDGE ( 'NONE', *, *, #843, .T. ) ;
#3603 = CARTESIAN_POINT ( 'NONE',  ( -11.23820881949889028, -3.000000000000000000, 13.39317573496176550 ) ) ;
#3604 = CARTESIAN_POINT ( 'NONE',  ( -21.78832457979373416, -2.961507457126720144, 23.55281562658473149 ) ) ;
#3605 = ADVANCED_FACE ( 'NONE', ( #5838 ), #120, .T. ) ;
#3606 = VERTEX_POINT ( 'NONE', #5863 ) ;
#3607 = DIRECTION ( 'NONE',  ( -0.6427876096865391409, 0.000000000000000000, 0.7660444431189782355 ) ) ;
#3608 = CARTESIAN_POINT ( 'NONE',  ( 16.38547907119808045, -2.989217596471201777, 18.40821864349027592 ) ) ;
#3609 = DIRECTION ( 'NONE',  ( 0.000000000000000000, 0.000000000000000000, -1.000000000000000000 ) ) ;
#3610 = VECTOR ( 'NONE', #4161, 1000.000000000000000 ) ;
#3611 = ORIENTED_EDGE ( 'NONE', *, *, #4920, .T. ) ;
#3612 = EDGE_CURVE ( 'NONE', #4695, #5905, #1648, .T. ) ;
#3613 = CARTESIAN_POINT ( 'NONE',  ( 11.61707311970207712, -2.500000000000000000, 12.25785032243555506 ) ) ;
#3614 = DIRECTION ( 'NONE',  ( 0.4226182617401405550, 0.000000000000000000, 0.9063077870369106170 ) ) ;
#3615 = CARTESIAN_POINT ( 'NONE',  ( 11.61707311970207712, -3.000000000000000000, 12.25785032243555506 ) ) ;
#3616 = CIRCLE ( 'NONE', #5953, 25.02749999999999631 ) ;
#3617 = DIRECTION ( 'NONE',  ( -0.000000000000000000, -1.000000000000000000, -0.000000000000000000 ) ) ;
#3618 = CIRCLE ( 'NONE', #1008, 14.64608244481091859 ) ;
#3619 = ADVANCED_FACE ( 'NONE', ( #3967 ), #3908, .T. ) ;
#3620 = VERTEX_POINT ( 'NONE', #5376 ) ;
#3621 = CARTESIAN_POINT ( 'NONE',  ( 12.63437458880169650, -2.778643711281010287, -29.47618772329111536 ) ) ;
#3622 = DIRECTION ( 'NONE',  ( 0.000000000000000000, -1.000000000000000000, 0.000000000000000000 ) ) ;
#3623 = AXIS2_PLACEMENT_3D ( 'NONE', #3347, #2090, #5733 ) ;
#3624 = DIRECTION ( 'NONE',  ( 0.000000000000000000, 1.000000000000000000, 0.000000000000000000 ) ) ;
#3625 = ORIENTED_EDGE ( 'NONE', *, *, #697, .F. ) ;
#3626 = PLANE ( 'NONE',  #3554 ) ;
#3627 = VECTOR ( 'NONE', #5695, 1000.000000000000114 ) ;
#3628 = ORIENTED_EDGE ( 'NONE', *, *, #86, .F. ) ;
#3629 = CARTESIAN_POINT ( 'NONE',  ( 0.000000000000000000, 3.265000000000000124, 0.000000000000000000 ) ) ;
#3630 = VECTOR ( 'NONE', #3365, 1000.000000000000000 ) ;
#3631 = DIRECTION ( 'NONE',  ( -0.000000000000000000, 1.000000000000000000, 0.000000000000000000 ) ) ;
#3632 = ORIENTED_EDGE ( 'NONE', *, *, #1434, .F. ) ;
#3633 = CARTESIAN_POINT ( 'NONE',  ( 7.607250946614798615, -3.000000000000000000, -22.42112848803613900 ) ) ;
#3634 = DIRECTION ( 'NONE',  ( 0.000000000000000000, 1.000000000000000000, 0.000000000000000000 ) ) ;
#3635 = FACE_OUTER_BOUND ( 'NONE', #3556, .T. ) ;
#3636 = VECTOR ( 'NONE', #316, 1000.000000000000114 ) ;
#3637 = DIRECTION ( 'NONE',  ( 0.000000000000000000, 0.000000000000000000, 1.000000000000000000 ) ) ;
#3638 = FACE_OUTER_BOUND ( 'NONE', #1389, .T. ) ;
#3639 = VECTOR ( 'NONE', #5723, 1000.000000000000000 ) ;
#3640 = EDGE_CURVE ( 'NONE', #1856, #3274, #2421, .T. ) ;
#3641 = ORIENTED_EDGE ( 'NONE', *, *, #2832, .T. ) ;
#3642 = CARTESIAN_POINT ( 'NONE',  ( 23.31671006634970311, -2.988063204681549845, 4.759042185190335061 ) ) ;
#3643 = AXIS2_PLACEMENT_3D ( 'NONE', #3583, #4125, #4997 ) ;
#3644 = ORIENTED_EDGE ( 'NONE', *, *, #784, .F. ) ;
#3645 = DIRECTION ( 'NONE',  ( -0.000000000000000000, 1.000000000000000000, -0.000000000000000000 ) ) ;
#3646 = DIRECTION ( 'NONE',  ( -0.5735764363506832275, -0.000000000000000000, 0.8191520442892460396 ) ) ;
#3647 = ADVANCED_FACE ( 'NONE', ( #769 ), #2498, .F. ) ;
#3648 = ADVANCED_FACE ( 'NONE', ( #3421 ), #743, .F. ) ;
#3649 = CARTESIAN_POINT ( 'NONE',  ( 24.80391930942181489, -2.500000000000000000, 3.337865057441846250 ) ) ;
#3650 = EDGE_LOOP ( 'NONE', ( #684, #3659, #3013, #4626, #3810 ) ) ;
#3651 = DIRECTION ( 'NONE',  ( -0.5735764363512209085, -0.000000000000000000, -0.8191520442888693410 ) ) ;
#3652 = DIRECTION ( 'NONE',  ( -0.4226182617402615138, 0.000000000000000000, 0.9063077870368541067 ) ) ;
#3653 = VERTEX_POINT ( 'NONE', #5744 ) ;
#3654 = CARTESIAN_POINT ( 'NONE',  ( 8.828903344064006120, -2.586846802861124228, 13.46192501608482850 ) ) ;
#3655 = CARTESIAN_POINT ( 'NONE',  ( 0.000000000000000000, -3.000000000000000000, 0.000000000000000000 ) ) ;
#3656 = CARTESIAN_POINT ( 'NONE',  ( -24.60708631873665908, -2.883090468737881995, 3.481269485694558519 ) ) ;
#3657 = ADVANCED_FACE ( 'NONE', ( #1585 ), #4831, .F. ) ;
#3658 = CARTESIAN_POINT ( 'NONE',  ( -6.687283929631141710, -3.000000000000000444, -14.65238428445593222 ) ) ;
#3659 = ORIENTED_EDGE ( 'NONE', *, *, #1941, .F. ) ;
#3660 = CARTESIAN_POINT ( 'NONE',  ( 7.536983281243773369, -2.988133748785215982, -22.57199736419028113 ) ) ;
#3661 = CARTESIAN_POINT ( 'NONE',  ( -11.61707311970166323, -2.792893218813452094, 12.25785032243587303 ) ) ;
#3662 = DIRECTION ( 'NONE',  ( 0.000000000000000000, -1.000000000000000000, 0.000000000000000000 ) ) ;
#3663 = ORIENTED_EDGE ( 'NONE', *, *, #4327, .F. ) ;
#3664 = VECTOR ( 'NONE', #1387, 1000.000000000000000 ) ;
#3665 = CARTESIAN_POINT ( 'NONE',  ( 0.000000000000000000, 3.265000000000000124, 0.000000000000000000 ) ) ;
#3666 = DIRECTION ( 'NONE',  ( 0.000000000000000000, 1.000000000000000000, 0.000000000000000000 ) ) ;
#3667 = DIRECTION ( 'NONE',  ( -0.6427876096865401401, -0.000000000000000000, -0.7660444431189773473 ) ) ;
#3668 = EDGE_LOOP ( 'NONE', ( #5353, #1453, #3398, #2695 ) ) ;
#3669 = CYLINDRICAL_SURFACE ( 'NONE', #1470, 0.8000000000029927616 ) ;
#3670 = EDGE_CURVE ( 'NONE', #1371, #1116, #964, .T. ) ;
#3671 = VECTOR ( 'NONE', #5867, 1000.000000000000227 ) ;
#3672 = ORIENTED_EDGE ( 'NONE', *, *, #1386, .F. ) ;
#3673 = DIRECTION ( 'NONE',  ( 0.8191520442893337473, 0.000000000000000000, -0.5735764363505576613 ) ) ;
#3674 = CARTESIAN_POINT ( 'NONE',  ( -23.40148643023471209, -3.000000000000000000, 3.598291608152048848 ) ) ;
#3675 = VECTOR ( 'NONE', #1741, 1000.000000000000000 ) ;
#3676 = DIRECTION ( 'NONE',  ( -0.000000000000000000, 1.000000000000000000, -0.000000000000000000 ) ) ;
#3677 = EDGE_LOOP ( 'NONE', ( #5108, #5275, #1876, #5881, #4787 ) ) ;
#3678 = EDGE_CURVE ( 'NONE', #1824, #667, #1998, .T. ) ;
#3679 = EDGE_CURVE ( 'NONE', #3882, #705, #4088, .T. ) ;
#3680 = ORIENTED_EDGE ( 'NONE', *, *, #51, .F. ) ;
#3681 = DIRECTION ( 'NONE',  ( 0.000000000000000000, 0.000000000000000000, 1.000000000000000000 ) ) ;
#3682 = CIRCLE ( 'NONE', #3506, 0.7999999999999990452 ) ;
#3683 = CARTESIAN_POINT ( 'NONE',  ( 15.63352333970124342, -3.000000000000000000, 3.874968164782151892 ) ) ;
#3684 = AXIS2_PLACEMENT_3D ( 'NONE', #2306, #4144, #3111 ) ;
#3685 = DIRECTION ( 'NONE',  ( 0.000000000000000000, -1.000000000000000000, 0.000000000000000000 ) ) ;
#3686 = EDGE_CURVE ( 'NONE', #2093, #415, #1366, .T. ) ;
#3687 = ORIENTED_EDGE ( 'NONE', *, *, #3136, .F. ) ;
#3688 = CARTESIAN_POINT ( 'NONE',  ( -3.730293732256875217, -2.669027361112075170, -15.66131143364843759 ) ) ;
#3689 = DIRECTION ( 'NONE',  ( 0.000000000000000000, 0.000000000000000000, -1.000000000000000000 ) ) ;
#3690 = VERTEX_POINT ( 'NONE', #2246 ) ;
#3691 = VECTOR ( 'NONE', #4463, 1000.000000000000114 ) ;
#3692 = PLANE ( 'NONE',  #140 ) ;
#3693 = CARTESIAN_POINT ( 'NONE',  ( -23.61495323805793234, -2.973325924937916032, 3.472316846753560782 ) ) ;
#3694 = CARTESIAN_POINT ( 'NONE',  ( -8.663807457820292157, -3.000000000000000000, -22.09513331618492771 ) ) ;
#3695 = B_SPLINE_CURVE_WITH_KNOTS ( 'NONE', 3,
 ( #1548, #2428, #3386, #5246, #1096, #1733, #2555, #3062 ),
 .UNSPECIFIED., .F., .F.,
 ( 4, 2, 2, 4 ),
 ( 0.0002326562781555736371, 0.0004093576251823434530, 0.0005860589722091132147, 0.0009394616662626537138 ),
 .UNSPECIFIED. ) ;
#3696 = VECTOR ( 'NONE', #4506, 999.9999999999998863 ) ;
#3697 = EDGE_LOOP ( 'NONE', ( #5913, #366, #2511, #2901 ) ) ;
#3698 = CARTESIAN_POINT ( 'NONE',  ( -9.511283720561253929, -3.000000000000000000, -23.14975676409983407 ) ) ;
#3699 = ORIENTED_EDGE ( 'NONE', *, *, #5583, .F. ) ;
#3700 = LINE ( 'NONE', #4193, #3610 ) ;
#3701 = DIRECTION ( 'NONE',  ( 0.000000000000000000, 0.000000000000000000, -1.000000000000000000 ) ) ;
#3702 = EDGE_CURVE ( 'NONE', #1124, #5835, #4468, .T. ) ;
#3703 = VECTOR ( 'NONE', #205, 999.9999999999998863 ) ;
#3704 = CARTESIAN_POINT ( 'NONE',  ( 24.80391930942180778, -2.619670988163893544, 3.337865057441845806 ) ) ;
#3705 = ORIENTED_EDGE ( 'NONE', *, *, #5364, .F. ) ;
#3706 = ORIENTED_EDGE ( 'NONE', *, *, #5502, .F. ) ;
#3707 = DIRECTION ( 'NONE',  ( 0.000000000000000000, 0.000000000000000000, 1.000000000000000000 ) ) ;
#3708 = VECTOR ( 'NONE', #3115, 1000.000000000000227 ) ;
#3709 = AXIS2_PLACEMENT_3D ( 'NONE', #2180, #5908, #1701 ) ;
#3710 = CARTESIAN_POINT ( 'NONE',  ( -30.84144333032262608, -2.500000000000000000, 4.402443439002778014 ) ) ;
#3711 = ORIENTED_EDGE ( 'NONE', *, *, #3670, .F. ) ;
#3712 = ADVANCED_FACE ( 'NONE', ( #5974 ), #911, .F. ) ;
#3713 = B_SPLINE_CURVE_WITH_KNOTS ( 'NONE', 3,
 ( #5452, #4948, #304, #2690, #2157, #4567, #418, #797, #5911, #4921 ),
 .UNSPECIFIED., .F., .F.,
 ( 4, 2, 2, 2, 4 ),
 ( 0.000000000000000000, 0.0002540264268554370884, 0.0005080528537108741768, 0.0007620792805663112110, 0.001016105707421748354 ),
 .UNSPECIFIED. ) ;
#3714 = EDGE_CURVE ( 'NONE', #2565, #5155, #5051, .T. ) ;
#3715 = CARTESIAN_POINT ( 'NONE',  ( 30.48720104788194618, -3.000000000000000000, 6.411451255148618245 ) ) ;
#3716 = VECTOR ( 'NONE', #1534, 1000.000000000000114 ) ;
#3717 = ORIENTED_EDGE ( 'NONE', *, *, #1459, .F. ) ;
#3718 = PLANE ( 'NONE',  #984 ) ;
#3719 = CARTESIAN_POINT ( 'NONE',  ( 20.54618363729410646, -3.000000000000000000, 23.67701177387600708 ) ) ;
#3720 = LINE ( 'NONE', #2876, #791 ) ;
#3721 = CARTESIAN_POINT ( 'NONE',  ( 20.79608018602494823, 3.265000000000000124, 23.19696497017266879 ) ) ;
#3722 = AXIS2_PLACEMENT_3D ( 'NONE', #1463, #1598, #1527 ) ;
#3723 = EDGE_CURVE ( 'NONE', #4815, #4337, #450, .T. ) ;
#3724 = ADVANCED_FACE ( 'NONE', ( #1788 ), #2190, .T. ) ;
#3725 = ORIENTED_EDGE ( 'NONE', *, *, #3798, .F. ) ;
#3726 = CARTESIAN_POINT ( 'NONE',  ( 6.183365160192089149, -3.000000000000000000, -15.46827786578618458 ) ) ;
#3727 = CARTESIAN_POINT ( 'NONE',  ( -22.02151929897088678, 3.265000000000000124, 23.30417700039917506 ) ) ;
#3728 = CARTESIAN_POINT ( 'NONE',  ( 15.63352333970124342, -3.000000000000000000, 3.874968164782151892 ) ) ;
#3729 = ORIENTED_EDGE ( 'NONE', *, *, #2474, .F. ) ;
#3730 = CARTESIAN_POINT ( 'NONE',  ( -23.18519018149848776, -2.894543664875672384, 4.944680079272480100 ) ) ;
#3731 = ORIENTED_EDGE ( 'NONE', *, *, #1977, .F. ) ;
#3732 = PLANE ( 'NONE',  #4495 ) ;
#3733 = CARTESIAN_POINT ( 'NONE',  ( 23.47813231448455085, -2.894543664875772304, 3.283322686269054103 ) ) ;
#3734 = VECTOR ( 'NONE', #247, 1000.000000000000000 ) ;
#3735 = DIRECTION ( 'NONE',  ( -0.000000000000000000, 1.000000000000000000, -0.000000000000000000 ) ) ;
#3736 = CARTESIAN_POINT ( 'NONE',  ( 23.90990065744913906, 9.530000000000001137, 4.215960591969848181 ) ) ;
#3737 = ORIENTED_EDGE ( 'NONE', *, *, #22, .T. ) ;
#3738 = ORIENTED_EDGE ( 'NONE', *, *, #1941, .T. ) ;
#3739 = CYLINDRICAL_SURFACE ( 'NONE', #1114, 0.5000000000000000000 ) ;
#3740 = EDGE_CURVE ( 'NONE', #3582, #2245, #4528, .T. ) ;
#3741 = CARTESIAN_POINT ( 'NONE',  ( 0.000000000000000000, -3.000000000000000000, 0.000000000000000000 ) ) ;
#3742 = ORIENTED_EDGE ( 'NONE', *, *, #2825, .T. ) ;
#3743 = PLANE ( 'NONE',  #4554 ) ;
#3744 = ORIENTED_EDGE ( 'NONE', *, *, #784, .T. ) ;
#3745 = ORIENTED_EDGE ( 'NONE', *, *, #3995, .T. ) ;
#3746 = CARTESIAN_POINT ( 'NONE',  ( 0.000000000000000000, 3.265000000000000124, 0.000000000000000000 ) ) ;
#3747 = ADVANCED_FACE ( 'NONE', ( #5769 ), #3842, .F. ) ;
#3748 = CARTESIAN_POINT ( 'NONE',  ( -4.807073215166054680, -3.000000000000000000, -16.18960560050088304 ) ) ;
#3749 = DIRECTION ( 'NONE',  ( 0.000000000000000000, 1.000000000000000000, 0.000000000000000000 ) ) ;
#3750 = VERTEX_POINT ( 'NONE', #5343 ) ;
#3751 = CYLINDRICAL_SURFACE ( 'NONE', #2175, 0.5000000000000001110 ) ;
#3752 = EDGE_CURVE ( 'NONE', #2838, #514, #1067, .T. ) ;
#3753 = EDGE_CURVE ( 'NONE', #1413, #4317, #1835, .T. ) ;
#3754 = AXIS2_PLACEMENT_3D ( 'NONE', #1519, #5711, #1650 ) ;
#3755 = DIRECTION ( 'NONE',  ( 0.4226182617401680330, 0.000000000000000000, -0.9063077870368978495 ) ) ;
#3756 = CARTESIAN_POINT ( 'NONE',  ( -7.666773543057051832, -3.000000000000000000, -23.29847290466652510 ) ) ;
#3757 = AXIS2_PLACEMENT_3D ( 'NONE', #4718, #1888, #2390 ) ;
#3758 = ORIENTED_EDGE ( 'NONE', *, *, #3531, .F. ) ;
#3759 = DIRECTION ( 'NONE',  ( -0.000000000000000000, 0.8379550138152933592, 0.5457393103138269419 ) ) ;
#3760 = LINE ( 'NONE', #1113, #3639 ) ;
#3761 = EDGE_CURVE ( 'NONE', #749, #2838, #5803, .T. ) ;
#3762 = VERTEX_POINT ( 'NONE', #178 ) ;
#3763 = DIRECTION ( 'NONE',  ( 0.000000000000000000, 0.000000000000000000, 1.000000000000000000 ) ) ;
#3764 = DIRECTION ( 'NONE',  ( 0.000000000000000000, 0.000000000000000000, 1.000000000000000000 ) ) ;
#3765 = VECTOR ( 'NONE', #3341, 1000.000000000000114 ) ;
#3766 = CARTESIAN_POINT ( 'NONE',  ( -16.85536625282397338, -2.619670988164033432, 18.50060498289615651 ) ) ;
#3767 = CARTESIAN_POINT ( 'NONE',  ( -19.12613749183868350, 3.265000000000000124, 25.73369080688125976 ) ) ;
#3768 = VERTEX_POINT ( 'NONE', #3479 ) ;
#3769 = VERTEX_POINT ( 'NONE', #4400 ) ;
#3770 = CARTESIAN_POINT ( 'NONE',  ( 12.50178425574276631, -2.500000000000000000, 17.85439826558163645 ) ) ;
#3771 = DIRECTION ( 'NONE',  ( -0.9848077530122080203, -0.000000000000000000, -0.1736481776669306643 ) ) ;
#3772 = ORIENTED_EDGE ( 'NONE', *, *, #1059, .T. ) ;
#3773 = EDGE_LOOP ( 'NONE', ( #4062, #4711, #3146, #3817 ) ) ;
#3774 = CARTESIAN_POINT ( 'NONE',  ( -7.939353086312203267, -3.000000000000000000, -23.53231049506329597 ) ) ;
#3775 = VERTEX_POINT ( 'NONE', #3871 ) ;
#3776 = CARTESIAN_POINT ( 'NONE',  ( 14.71223194868166217, -2.500000000000000000, 18.34233166988837027 ) ) ;
#3777 = VECTOR ( 'NONE', #5809, 1000.000000000000000 ) ;
#3778 = VERTEX_POINT ( 'NONE', #1544 ) ;
#3779 = CARTESIAN_POINT ( 'NONE',  ( 24.59890898943810456, -3.000000000000000000, 3.809429512647910077 ) ) ;
#3780 = CYLINDRICAL_SURFACE ( 'NONE', #682, 0.5000000000000011102 ) ;
#3781 = DIRECTION ( 'NONE',  ( 0.3420201433255953827, 0.000000000000000000, 0.9396926207859351843 ) ) ;
#3782 = CARTESIAN_POINT ( 'NONE',  ( 15.60607930272259658, -3.000000000000000000, 18.59860107533160445 ) ) ;
#3783 = ORIENTED_EDGE ( 'NONE', *, *, #5708, .F. ) ;
#3784 = AXIS2_PLACEMENT_3D ( 'NONE', #915, #2218, #5458 ) ;
#3785 = EDGE_CURVE ( 'NONE', #4720, #1542, #5227, .T. ) ;
#3786 = VERTEX_POINT ( 'NONE', #2460 ) ;
#3787 = CARTESIAN_POINT ( 'NONE',  ( -7.594310774156573629, -2.500000000000000000, -23.84747785648472274 ) ) ;
#3788 = LINE ( 'NONE', #5653, #4609 ) ;
#3789 = PLANE ( 'NONE',  #4069 ) ;
#3790 = ADVANCED_FACE ( 'NONE', ( #2092 ), #1643, .F. ) ;
#3791 = ORIENTED_EDGE ( 'NONE', *, *, #2765, .T. ) ;
#3792 = DIRECTION ( 'NONE',  ( -0.08715574274706107405, 0.000000000000000000, 0.9961946980917978367 ) ) ;
#3793 = CARTESIAN_POINT ( 'NONE',  ( 16.07282071980216287, 3.265000000000000124, 0.9150920754745583974 ) ) ;
#3794 = ORIENTED_EDGE ( 'NONE', *, *, #1902, .T. ) ;
#3795 = FACE_OUTER_BOUND ( 'NONE', #1290, .T. ) ;
#3796 = CARTESIAN_POINT ( 'NONE',  ( -8.895625302111172417, -2.894543664875364630, -21.97432036089014318 ) ) ;
#3797 = DIRECTION ( 'NONE',  ( 0.000000000000000000, 0.000000000000000000, -1.000000000000000000 ) ) ;
#3798 = EDGE_CURVE ( 'NONE', #1034, #1159, #2067, .T. ) ;
#3799 = VECTOR ( 'NONE', #2322, 1000.000000000000227 ) ;
#3800 = LINE ( 'NONE', #142, #2621 ) ;
#3801 = ORIENTED_EDGE ( 'NONE', *, *, #581, .T. ) ;
#3802 = VERTEX_POINT ( 'NONE', #4826 ) ;
#3803 = DIRECTION ( 'NONE',  ( 0.8191520442893338583, 0.000000000000000000, -0.5735764363505577723 ) ) ;
#3804 = B_SPLINE_CURVE_WITH_KNOTS ( 'NONE', 3,
 ( #3114, #904, #2744, #5856, #301, #3141, #4077, #3533 ),
 .UNSPECIFIED., .F., .F.,
 ( 4, 2, 2, 4 ),
 ( 0.000000000000000000, 0.0004478229640552622249, 0.0006717344460828924158, 0.0008956459281105224983 ),
 .UNSPECIFIED. ) ;
#3805 = DIRECTION ( 'NONE',  ( 0.08715574274745555017, 0.000000000000000000, -0.9961946980917633088 ) ) ;
#3806 = VERTEX_POINT ( 'NONE', #3904 ) ;
#3807 = VECTOR ( 'NONE', #5470, 1000.000000000000114 ) ;
#3808 = CARTESIAN_POINT ( 'NONE',  ( 15.12970273024766499, -3.000000000000000000, 4.227747153427441340 ) ) ;
#3809 = B_SPLINE_CURVE_WITH_KNOTS ( 'NONE', 3,
 ( #4850, #2119, #1242, #5303, #3471, #3024, #5879, #731 ),
 .UNSPECIFIED., .F., .F.,
 ( 4, 2, 2, 4 ),
 ( 0.0002326562781591159153, 0.0004093576251849976883, 0.0005860589722108794884, 0.0009394616662626430886 ),
 .UNSPECIFIED. ) ;
#3810 = ORIENTED_EDGE ( 'NONE', *, *, #1834, .F. ) ;
#3811 = CARTESIAN_POINT ( 'NONE',  ( 15.41649094842345136, 3.265000000000000124, 4.637323175571752110 ) ) ;
#3812 = EDGE_LOOP ( 'NONE', ( #1794, #5968, #674, #1587, #257, #91, #5540 ) ) ;
#3813 = DIRECTION ( 'NONE',  ( 0.6427876096865237088, -0.000000000000000000, -0.7660444431189911141 ) ) ;
#3814 = FACE_OUTER_BOUND ( 'NONE', #2862, .T. ) ;
#3815 = CARTESIAN_POINT ( 'NONE',  ( 15.66324469765772598, -2.500000000000000000, 1.201880293650165576 ) ) ;
#3816 = CARTESIAN_POINT ( 'NONE',  ( 19.23334952206225523, -2.500000000000000000, 24.50825169393582570 ) ) ;
#3817 = ORIENTED_EDGE ( 'NONE', *, *, #4847, .F. ) ;
#3818 = ORIENTED_EDGE ( 'NONE', *, *, #1251, .F. ) ;
#3819 = VERTEX_POINT ( 'NONE', #2582 ) ;
#3820 = ORIENTED_EDGE ( 'NONE', *, *, #2595, .T. ) ;
#3821 = VECTOR ( 'NONE', #4356, 1000.000000000000114 ) ;
#3822 = ADVANCED_FACE ( 'NONE', ( #4432 ), #1514, .F. ) ;
#3823 = CARTESIAN_POINT ( 'NONE',  ( -12.50178425574864960, -3.000000000000000000, 17.85439826558410559 ) ) ;
#3824 = LINE ( 'NONE', #1978, #3191 ) ;
#3825 = VERTEX_POINT ( 'NONE', #2124 ) ;
#3826 = CARTESIAN_POINT ( 'NONE',  ( -23.03163097412542371, -2.737084624032850133, 5.047867314853045961 ) ) ;
#3827 = CARTESIAN_POINT ( 'NONE',  ( 24.34925524162816046, -2.999999999999999112, 4.890473785172032350 ) ) ;
#3828 = ORIENTED_EDGE ( 'NONE', *, *, #1769, .T. ) ;
#3829 = CARTESIAN_POINT ( 'NONE',  ( -23.52186717384547521, -3.000000000000000000, 4.915553341788779562 ) ) ;
#3830 = EDGE_CURVE ( 'NONE', #1088, #1609, #2493, .T. ) ;
#3831 = LINE ( 'NONE', #4293, #3534 ) ;
#3832 = DIRECTION ( 'NONE',  ( 0.000000000000000000, 1.000000000000000000, 0.000000000000000000 ) ) ;
#3833 = DIRECTION ( 'NONE',  ( 0.6427876096865444699, 0.000000000000000000, -0.7660444431189737946 ) ) ;
#3834 = ORIENTED_EDGE ( 'NONE', *, *, #3740, .F. ) ;
#3835 = VERTEX_POINT ( 'NONE', #1060 ) ;
#3836 = CARTESIAN_POINT ( 'NONE',  ( -9.915078265544369884, -3.000000000000001332, -29.61819441674022357 ) ) ;
#3837 = EDGE_CURVE ( 'NONE', #749, #3778, #1279, .T. ) ;
#3838 = DIRECTION ( 'NONE',  ( 0.5735764363506832275, -0.000000000000000000, -0.8191520442892458176 ) ) ;
#3839 = EDGE_CURVE ( 'NONE', #5457, #3032, #5326, .T. ) ;
#3840 = ORIENTED_EDGE ( 'NONE', *, *, #2222, .T. ) ;
#3841 = CIRCLE ( 'NONE', #4442, 0.8000000000019068525 ) ;
#3842 = CYLINDRICAL_SURFACE ( 'NONE', #3865, 23.52999999999999758 ) ;
#3843 = ORIENTED_EDGE ( 'NONE', *, *, #5697, .F. ) ;
#3844 = CARTESIAN_POINT ( 'NONE',  ( -19.44714498010766945, -2.999999999999998224, 24.44084224494638491 ) ) ;
#3845 = ORIENTED_EDGE ( 'NONE', *, *, #974, .T. ) ;
#3846 = DIRECTION ( 'NONE',  ( 0.000000000000000000, 0.000000000000000000, -1.000000000000000000 ) ) ;
#3847 = CARTESIAN_POINT ( 'NONE',  ( 31.29149895317024388, -2.961507457126741016, 7.092834778709486088 ) ) ;
#3848 = EDGE_CURVE ( 'NONE', #209, #5846, #3713, .T. ) ;
#3849 = FACE_OUTER_BOUND ( 'NONE', #2753, .T. ) ;
#3850 = CARTESIAN_POINT ( 'NONE',  ( 23.42114678168099928, -2.990187679899222406, 4.851877942436651381 ) ) ;
#3851 = ORIENTED_EDGE ( 'NONE', *, *, #1759, .T. ) ;
#3852 = ORIENTED_EDGE ( 'NONE', *, *, #2097, .F. ) ;
#3853 = DIRECTION ( 'NONE',  ( 0.000000000000000000, 1.000000000000000000, 0.000000000000000000 ) ) ;
#3854 = LINE ( 'NONE', #1497, #477 ) ;
#3855 = VERTEX_POINT ( 'NONE', #5423 ) ;
#3856 = CARTESIAN_POINT ( 'NONE',  ( 16.04665894396671533, -2.964921559809628349, 1.364119405300193488 ) ) ;
#3857 = CARTESIAN_POINT ( 'NONE',  ( -9.211470339405375185, -3.000000000000000000, -19.75406189091275877 ) ) ;
#3858 = AXIS2_PLACEMENT_3D ( 'NONE', #1400, #579, #457 ) ;
#3859 = ORIENTED_EDGE ( 'NONE', *, *, #5177, .F. ) ;
#3860 = CARTESIAN_POINT ( 'NONE',  ( 9.000391762839338838, -3.000000000000000000, -23.20799484656305722 ) ) ;
#3861 = DIRECTION ( 'NONE',  ( 0.6427876096865573485, 0.000000000000000000, 0.7660444431189629144 ) ) ;
#3862 = CARTESIAN_POINT ( 'NONE',  ( -11.61707311970166501, -2.500000000000000000, 12.25785032243587658 ) ) ;
#3863 = DIRECTION ( 'NONE',  ( -0.000000000000000000, 1.000000000000000000, -0.000000000000000000 ) ) ;
#3864 = ADVANCED_FACE ( 'NONE', ( #5369 ), #4050, .F. ) ;
#3865 = AXIS2_PLACEMENT_3D ( 'NONE', #704, #1157, #210 ) ;
#3866 = ORIENTED_EDGE ( 'NONE', *, *, #357, .T. ) ;
#3867 = CYLINDRICAL_SURFACE ( 'NONE', #5864, 0.5000000000000002220 ) ;
#3868 = CARTESIAN_POINT ( 'NONE',  ( -24.44967702698092182, 3.265000000000000124, 5.346872873588901065 ) ) ;
#3869 = ORIENTED_EDGE ( 'NONE', *, *, #2287, .F. ) ;
#3870 = AXIS2_PLACEMENT_3D ( 'NONE', #1920, #3311, #2891 ) ;
#3871 = CARTESIAN_POINT ( 'NONE',  ( -8.584531272232691634, -3.000000000000000000, -22.06542753897436526 ) ) ;
#3872 = CARTESIAN_POINT ( 'NONE',  ( -9.321568203199646518, -2.833366653769067156, -30.68902528796870044 ) ) ;
#3873 = EDGE_CURVE ( 'NONE', #151, #2367, #5010, .T. ) ;
#3874 = ORIENTED_EDGE ( 'NONE', *, *, #407, .F. ) ;
#3875 = CARTESIAN_POINT ( 'NONE',  ( -19.23334952206178983, -2.792893218813451650, 24.50825169393615610 ) ) ;
#3876 = EDGE_LOOP ( 'NONE', ( #4332, #820, #3859, #2929, #2480, #3235, #1915 ) ) ;
#3877 = DIRECTION ( 'NONE',  ( -0.000000000000000000, 1.000000000000000000, 0.000000000000000000 ) ) ;
#3878 = CARTESIAN_POINT ( 'NONE',  ( -0.09029705238692785352, -2.500000000000000000, -0.5121000315670560799 ) ) ;
#3879 = VECTOR ( 'NONE', #1684, 1000.000000000000000 ) ;
#3880 = LINE ( 'NONE', #745, #5627 ) ;
#3881 = DIRECTION ( 'NONE',  ( -0.9396926207859087610, 0.000000000000000000, 0.3420201433256677137 ) ) ;
#3882 = VERTEX_POINT ( 'NONE', #4457 ) ;
#3883 = ADVANCED_FACE ( 'NONE', ( #4488 ), #1705, .F. ) ;
#3884 = AXIS2_PLACEMENT_3D ( 'NONE', #2467, #1939, #3293 ) ;
#3885 = VERTEX_POINT ( 'NONE', #4980 ) ;
#3886 = ORIENTED_EDGE ( 'NONE', *, *, #2325, .F. ) ;
#3887 = VECTOR ( 'NONE', #864, 1000.000000000000000 ) ;
#3888 = PLANE ( 'NONE',  #4707 ) ;
#3889 = AXIS2_PLACEMENT_3D ( 'NONE', #1805, #2741, #5082 ) ;
#3890 = DIRECTION ( 'NONE',  ( -0.4226182617401657016, 0.000000000000000000, 0.9063077870368988487 ) ) ;
#3891 = ORIENTED_EDGE ( 'NONE', *, *, #981, .T. ) ;
#3892 = B_SPLINE_CURVE_WITH_KNOTS ( 'NONE', 3,
 ( #1213, #4425, #1150, #788 ),
 .UNSPECIFIED., .F., .F.,
 ( 4, 4 ),
 ( 0.0001441701427656852299, 0.0003329011101887610321 ),
 .UNSPECIFIED. ) ;
#3893 = CARTESIAN_POINT ( 'NONE',  ( 19.23334952206225523, -2.500000000000000000, 24.50825169393582570 ) ) ;
#3894 = ORIENTED_EDGE ( 'NONE', *, *, #2261, .F. ) ;
#3895 = CARTESIAN_POINT ( 'NONE',  ( -24.38454315250664450, -2.989232308106817726, 3.569099018124497480 ) ) ;
#3896 = CARTESIAN_POINT ( 'NONE',  ( -31.84812177703741298, -2.650060844301293184, 3.719252666621009507 ) ) ;
#3897 = CARTESIAN_POINT ( 'NONE',  ( 0.9855541338458263523, 3.265000000000000124, 1.174537679710378146 ) ) ;
#3898 = ORIENTED_EDGE ( 'NONE', *, *, #3830, .F. ) ;
#3899 = CARTESIAN_POINT ( 'NONE',  ( -14.81459121830629044, -2.973325924937941789, 18.71499098996302379 ) ) ;
#3900 = LINE ( 'NONE', #5766, #2085 ) ;
#3901 = ORIENTED_EDGE ( 'NONE', *, *, #1180, .T. ) ;
#3902 = VERTEX_POINT ( 'NONE', #3536 ) ;
#3903 = AXIS2_PLACEMENT_3D ( 'NONE', #4971, #5851, #2709 ) ;
#3904 = CARTESIAN_POINT ( 'NONE',  ( 1.020000000004275487, 3.265000000000000124, 23.50788165701008481 ) ) ;
#3905 = ORIENTED_EDGE ( 'NONE', *, *, #1895, .T. ) ;
#3906 = PLANE ( 'NONE',  #5590 ) ;
#3907 = EDGE_LOOP ( 'NONE', ( #5608, #2186, #1958, #3178 ) ) ;
#3908 = CYLINDRICAL_SURFACE ( 'NONE', #3480, 0.5000000000000000000 ) ;
#3909 = DIRECTION ( 'NONE',  ( -0.000000000000000000, -1.000000000000000000, -0.000000000000000000 ) ) ;
#3910 = CARTESIAN_POINT ( 'NONE',  ( 8.303821354729477022, 9.530000000000001137, -23.61456166729723805 ) ) ;
#3911 = EDGE_CURVE ( 'NONE', #3227, #1491, #1149, .T. ) ;
#3912 = DIRECTION ( 'NONE',  ( -0.000000000000000000, -1.000000000000000000, -0.000000000000000000 ) ) ;
#3913 = ORIENTED_EDGE ( 'NONE', *, *, #5691, .T. ) ;
#3914 = VERTEX_POINT ( 'NONE', #3086 ) ;
#3915 = ORIENTED_EDGE ( 'NONE', *, *, #2053, .F. ) ;
#3916 = EDGE_CURVE ( 'NONE', #1116, #415, #334, .T. ) ;
#3917 = CARTESIAN_POINT ( 'NONE',  ( 8.303821354729477022, -3.000000000000000000, -22.81456166729532953 ) ) ;
#3918 = CARTESIAN_POINT ( 'NONE',  ( 0.000000000000000000, 3.265000000000000124, 0.000000000000000000 ) ) ;
#3919 = EDGE_CURVE ( 'NONE', #3819, #488, #3187, .T. ) ;
#3920 = AXIS2_PLACEMENT_3D ( 'NONE', #378, #758, #2172 ) ;
#3921 = DIRECTION ( 'NONE',  ( -0.000000000000000000, -1.000000000000000000, -0.000000000000000000 ) ) ;
#3922 = ORIENTED_EDGE ( 'NONE', *, *, #3245, .T. ) ;
#3923 = FACE_BOUND ( 'NONE', #2948, .T. ) ;
#3924 = DIRECTION ( 'NONE',  ( 0.000000000000000000, -1.000000000000000000, 0.000000000000000000 ) ) ;
#3925 = CYLINDRICAL_SURFACE ( 'NONE', #1535, 0.5000000000000001110 ) ;
#3926 = CARTESIAN_POINT ( 'NONE',  ( -15.86682264772863427, -2.945085216636375236, 17.72063335203041845 ) ) ;
#3927 = CYLINDRICAL_SURFACE ( 'NONE', #1406, 25.02749999999999275 ) ;
#3928 = EDGE_CURVE ( 'NONE', #4024, #5921, #5912, .T. ) ;
#3929 = CYLINDRICAL_SURFACE ( 'NONE', #394, 25.02749999999999275 ) ;
#3930 = VERTEX_POINT ( 'NONE', #1731 ) ;
#3931 = EDGE_LOOP ( 'NONE', ( #4301, #2853, #3474, #5011, #255, #4270, #4682, #4858, #883, #4992, #3267, #2502, #3427, #23, #3041, #2001, #2028, #4575, #711, #4510, #2364, #148, #2504, #560, #3282, #1670, #1254, #5200 ) ) ;
#3932 = CARTESIAN_POINT ( 'NONE',  ( 0.000000000000000000, -2.500000000000000000, 0.000000000000000000 ) ) ;
#3933 = CARTESIAN_POINT ( 'NONE',  ( -9.015366485647115624, -2.848831634978306493, 13.34112656389160101 ) ) ;
#3934 = ORIENTED_EDGE ( 'NONE', *, *, #2068, .F. ) ;
#3935 = AXIS2_PLACEMENT_3D ( 'NONE', #5411, #811, #259 ) ;
#3936 = CARTESIAN_POINT ( 'NONE',  ( -19.53574231001348593, -3.000000000000000444, 25.46303423778075370 ) ) ;
#3937 = ORIENTED_EDGE ( 'NONE', *, *, #785, .F. ) ;
#3938 = CARTESIAN_POINT ( 'NONE',  ( 0.000000000000000000, -3.000000000000000000, 0.000000000000000000 ) ) ;
#3939 = VERTEX_POINT ( 'NONE', #1278 ) ;
#3940 = CARTESIAN_POINT ( 'NONE',  ( -19.23334952206178272, -2.500000000000000000, 24.50825169393615610 ) ) ;
#3941 = VECTOR ( 'NONE', #1304, 1000.000000000000227 ) ;
#3942 = CARTESIAN_POINT ( 'NONE',  ( -7.747258336690954650, -2.935926026333228744, -23.53433592234906513 ) ) ;
#3943 = DIRECTION ( 'NONE',  ( 0.000000000000000000, 0.000000000000000000, -1.000000000000000000 ) ) ;
#3944 = ORIENTED_EDGE ( 'NONE', *, *, #2439, .F. ) ;
#3945 = AXIS2_PLACEMENT_3D ( 'NONE', #3188, #2679, #320 ) ;
#3946 = EDGE_CURVE ( 'NONE', #329, #5294, #5484, .T. ) ;
#3947 = ORIENTED_EDGE ( 'NONE', *, *, #2440, .T. ) ;
#3948 = VERTEX_POINT ( 'NONE', #2242 ) ;
#3949 = CARTESIAN_POINT ( 'NONE',  ( 7.796327252067372982, -2.970787267806913601, -23.43298687357884091 ) ) ;
#3950 = CARTESIAN_POINT ( 'NONE',  ( -22.97362297149675214, 3.265000000000000124, 5.086604718622892207 ) ) ;
#3951 = B_SPLINE_CURVE_WITH_KNOTS ( 'NONE', 3,
 ( #2063, #3037, #4340, #3064 ),
 .UNSPECIFIED., .F., .F.,
 ( 4, 4 ),
 ( 0.0003246416362646097628, 0.0005024386044344989963 ),
 .UNSPECIFIED. ) ;
#3952 = EDGE_CURVE ( 'NONE', #3532, #567, #5521, .T. ) ;
#3953 = CARTESIAN_POINT ( 'NONE',  ( -16.42414633486748698, 3.265000000000000124, 3.931755278065442560 ) ) ;
#3954 = DIRECTION ( 'NONE',  ( 0.000000000000000000, 0.000000000000000000, -1.000000000000000000 ) ) ;
#3955 = CARTESIAN_POINT ( 'NONE',  ( 0.000000000000000000, 3.265000000000000124, 0.000000000000000000 ) ) ;
#3956 = CARTESIAN_POINT ( 'NONE',  ( -16.77838861730829123, -2.792893218813452982, 1.922747461919030787 ) ) ;
#3957 = VECTOR ( 'NONE', #250, 1000.000000000000114 ) ;
#3958 = EDGE_CURVE ( 'NONE', #2777, #4429, #1676, .T. ) ;
#3959 = ORIENTED_EDGE ( 'NONE', *, *, #2077, .T. ) ;
#3960 = CARTESIAN_POINT ( 'NONE',  ( -6.254199851177303593, -2.500000000000000000, -15.66289457977910260 ) ) ;
#3961 = FACE_OUTER_BOUND ( 'NONE', #3155, .T. ) ;
#3962 = CARTESIAN_POINT ( 'NONE',  ( 8.303821354729477022, 3.265000000000000568, -22.81456166729532953 ) ) ;
#3963 = VECTOR ( 'NONE', #5633, 1000.000000000000000 ) ;
#3964 = ORIENTED_EDGE ( 'NONE', *, *, #3382, .T. ) ;
#3965 = LINE ( 'NONE', #3569, #2979 ) ;
#3966 = ORIENTED_EDGE ( 'NONE', *, *, #2963, .T. ) ;
#3967 = FACE_OUTER_BOUND ( 'NONE', #3149, .T. ) ;
#3968 = DIRECTION ( 'NONE',  ( -0.8710089201476196585, -0.4912671992137045418, 0.000000000000000000 ) ) ;
#3969 = CARTESIAN_POINT ( 'NONE',  ( 12.72296122597525603, 3.265000000000000124, -29.43056634765067159 ) ) ;
#3970 = CARTESIAN_POINT ( 'NONE',  ( -1.019999999997242446, 3.265000000000000124, 25.00670622553088762 ) ) ;
#3971 = AXIS2_PLACEMENT_3D ( 'NONE', #2755, #2400, #27 ) ;
#3972 = ORIENTED_EDGE ( 'NONE', *, *, #770, .F. ) ;
#3973 = CARTESIAN_POINT ( 'NONE',  ( -21.95387851915410948, -2.778643711280908590, 23.37734548478139729 ) ) ;
#3974 = ORIENTED_EDGE ( 'NONE', *, *, #4028, .F. ) ;
#3975 = DIRECTION ( 'NONE',  ( -0.000000000000000000, 1.000000000000000000, -0.000000000000000000 ) ) ;
#3976 = ADVANCED_FACE ( 'NONE', ( #1754 ), #5940, .T. ) ;
#3977 = AXIS2_PLACEMENT_3D ( 'NONE', #1771, #3212, #3609 ) ;
#3978 = ORIENTED_EDGE ( 'NONE', *, *, #779, .T. ) ;
#3979 = LINE ( 'NONE', #4386, #710 ) ;
#3980 = ORIENTED_EDGE ( 'NONE', *, *, #940, .T. ) ;
#3981 = DIRECTION ( 'NONE',  ( 0.000000000000000000, -1.000000000000000000, 0.000000000000000000 ) ) ;
#3982 = B_SPLINE_CURVE_WITH_KNOTS ( 'NONE', 3,
 ( #1760, #1228, #3600, #3065, #5945, #4571 ),
 .UNSPECIFIED., .F., .F.,
 ( 4, 2, 4 ),
 ( 0.000000000000000000, 0.0003644118814597118935, 0.0007288237629194237871 ),
 .UNSPECIFIED. ) ;
#3983 = CIRCLE ( 'NONE', #2155, 24.02999999999999758 ) ;
#3984 = DIRECTION ( 'NONE',  ( 0.3420201433256684909, 0.000000000000000000, -0.9396926207859085389 ) ) ;
#3985 = DIRECTION ( 'NONE',  ( -0.3420201433255952717, -0.000000000000000000, -0.9396926207859350733 ) ) ;
#3986 = EDGE_CURVE ( 'NONE', #2457, #2267, #2235, .T. ) ;
#3987 = DIRECTION ( 'NONE',  ( 0.000000000000000000, 0.000000000000000000, -1.000000000000000000 ) ) ;
#3988 = EDGE_CURVE ( 'NONE', #2243, #1159, #19, .T. ) ;
#3989 = CIRCLE ( 'NONE', #4381, 0.8000000000020074387 ) ;
#3990 = VERTEX_POINT ( 'NONE', #503 ) ;
#3991 = ORIENTED_EDGE ( 'NONE', *, *, #1137, .T. ) ;
#3992 = CARTESIAN_POINT ( 'NONE',  ( 15.69829659962642943, -3.000000000000000000, 17.79943706403139814 ) ) ;
#3993 = LINE ( 'NONE', #1728, #4795 ) ;
#3994 = ORIENTED_EDGE ( 'NONE', *, *, #3702, .T. ) ;
#3995 = EDGE_CURVE ( 'NONE', #2008, #4607, #2384, .T. ) ;
#3996 = ADVANCED_FACE ( 'NONE', ( #4137 ), #1477, .T. ) ;
#3997 = VECTOR ( 'NONE', #1488, 1000.000000000000000 ) ;
#3998 = CARTESIAN_POINT ( 'NONE',  ( -19.84842270413053456, 3.265000000000000124, -12.63728674036303268 ) ) ;
#3999 = ORIENTED_EDGE ( 'NONE', *, *, #3518, .F. ) ;
#4000 = LINE ( 'NONE', #5861, #3941 ) ;
#4001 = ORIENTED_EDGE ( 'NONE', *, *, #3919, .T. ) ;
#4002 = LINE ( 'NONE', #5807, #5261 ) ;
#4003 = CARTESIAN_POINT ( 'NONE',  ( -1.020000000000000018, 0.000000000000000000, 23.50788165701038679 ) ) ;
#4004 = DIRECTION ( 'NONE',  ( 0.9848077530122083534, 0.000000000000000000, -0.1736481776669292765 ) ) ;
#4005 = LINE ( 'NONE', #2132, #3777 ) ;
#4006 = EDGE_CURVE ( 'NONE', #3885, #209, #3001, .T. ) ;
#4007 = DIRECTION ( 'NONE',  ( 0.000000000000000000, 0.000000000000000000, -1.000000000000000000 ) ) ;
#4008 = EDGE_LOOP ( 'NONE', ( #4315, #5954, #41, #2427, #777, #5937 ) ) ;
#4009 = CARTESIAN_POINT ( 'NONE',  ( 0.000000000000000000, -2.500000000000000000, 0.000000000000000000 ) ) ;
#4010 = ORIENTED_EDGE ( 'NONE', *, *, #959, .F. ) ;
#4011 = DIRECTION ( 'NONE',  ( -0.000000000000000000, 1.000000000000000000, -0.000000000000000000 ) ) ;
#4012 = VECTOR ( 'NONE', #5451, 1000.000000000000000 ) ;
#4013 = VECTOR ( 'NONE', #3083, 999.9999999999998863 ) ;
#4014 = DIRECTION ( 'NONE',  ( 0.000000000000000000, 0.000000000000000000, 1.000000000000000000 ) ) ;
#4015 = CYLINDRICAL_SURFACE ( 'NONE', #4509, 23.52999999999999403 ) ;
#4016 = B_SPLINE_CURVE_WITH_KNOTS ( 'NONE', 3,
 ( #2250, #4631, #1844, #3233, #2277, #1817 ),
 .UNSPECIFIED., .F., .F.,
 ( 4, 2, 4 ),
 ( 0.000000000000000000, 0.0003644118814631202999, 0.0007288237629262405998 ),
 .UNSPECIFIED. ) ;
#4017 = ORIENTED_EDGE ( 'NONE', *, *, #4638, .F. ) ;
#4018 = EDGE_CURVE ( 'NONE', #5249, #498, #2379, .T. ) ;
#4019 = ORIENTED_EDGE ( 'NONE', *, *, #5037, .T. ) ;
#4020 = LINE ( 'NONE', #5882, #4013 ) ;
#4021 = AXIS2_PLACEMENT_3D ( 'NONE', #2654, #817, #4914 ) ;
#4022 = CARTESIAN_POINT ( 'NONE',  ( -21.85055097923268264, -0.9942063823211366724, -12.22260572949132928 ) ) ;
#4023 = DIRECTION ( 'NONE',  ( 0.6427876096865312583, 0.000000000000000000, 0.7660444431189847858 ) ) ;
#4024 = VERTEX_POINT ( 'NONE', #5063 ) ;
#4025 = FACE_OUTER_BOUND ( 'NONE', #421, .T. ) ;
#4026 = ADVANCED_FACE ( 'NONE', ( #2354 ), #2775, .F. ) ;
#4027 = DIRECTION ( 'NONE',  ( -0.000000000000000000, 1.000000000000000000, -0.000000000000000000 ) ) ;
#4028 = EDGE_CURVE ( 'NONE', #3329, #4133, #5172, .T. ) ;
#4029 = VERTEX_POINT ( 'NONE', #2858 ) ;
#4030 = DIRECTION ( 'NONE',  ( 0.000000000000000000, 0.000000000000000000, 1.000000000000000000 ) ) ;
#4031 = DIRECTION ( 'NONE',  ( -0.000000000000000000, -1.000000000000000000, -0.000000000000000000 ) ) ;
#4032 = CARTESIAN_POINT ( 'NONE',  ( -31.19276894612026751, -2.500000000000000000, 7.419106642638173099 ) ) ;
#4033 = DIRECTION ( 'NONE',  ( -0.5735764363512209085, 0.000000000000000000, -0.8191520442888693410 ) ) ;
#4034 = EDGE_CURVE ( 'NONE', #396, #3768, #216, .T. ) ;
#4035 = VERTEX_POINT ( 'NONE', #4597 ) ;
#4036 = LINE ( 'NONE', #1372, #2153 ) ;
#4037 = DIRECTION ( 'NONE',  ( 0.000000000000000000, 0.000000000000000000, -1.000000000000000000 ) ) ;
#4038 = AXIS2_PLACEMENT_3D ( 'NONE', #4490, #1192, #336 ) ;
#4039 = ORIENTED_EDGE ( 'NONE', *, *, #4680, .T. ) ;
#4040 = CARTESIAN_POINT ( 'NONE',  ( 14.58250701237195734, -2.894543664874484445, 18.69099767462045847 ) ) ;
#4041 = B_SPLINE_CURVE_WITH_KNOTS ( 'NONE', 3,
 ( #4060, #5922, #1818, #1765 ),
 .UNSPECIFIED., .F., .F.,
 ( 4, 4 ),
 ( 0.0008322773059485251684, 0.001009903885905367440 ),
 .UNSPECIFIED. ) ;
#4042 = FACE_OUTER_BOUND ( 'NONE', #2931, .T. ) ;
#4043 = DIRECTION ( 'NONE',  ( 0.000000000000000000, 1.000000000000000000, 0.000000000000000000 ) ) ;
#4044 = ORIENTED_EDGE ( 'NONE', *, *, #2286, .T. ) ;
#4045 = CARTESIAN_POINT ( 'NONE',  ( -24.19172554510032214, -2.970787267806925147, 4.964675980282092560 ) ) ;
#4046 = ORIENTED_EDGE ( 'NONE', *, *, #285, .F. ) ;
#4047 = PLANE ( 'NONE',  #3709 ) ;
#4048 = CARTESIAN_POINT ( 'NONE',  ( -16.85536625282397338, 3.265000000000000124, 18.50060498289616362 ) ) ;
#4049 = EDGE_CURVE ( 'NONE', #4216, #1034, #5512, .T. ) ;
#4050 = CYLINDRICAL_SURFACE ( 'NONE', #584, 14.57731163100815763 ) ;
#4051 = ORIENTED_EDGE ( 'NONE', *, *, #5585, .T. ) ;
#4052 = CARTESIAN_POINT ( 'NONE',  ( 15.29941582279576373, -2.731288099984562567, 19.74938617068102076 ) ) ;
#4053 = CARTESIAN_POINT ( 'NONE',  ( 15.61364137884714687, -3.000000000000000000, 17.79863681674908804 ) ) ;
#4054 = ORIENTED_EDGE ( 'NONE', *, *, #2106, .T. ) ;
#4055 = CARTESIAN_POINT ( 'NONE',  ( 6.609112019196367704, -3.000000000000000000, -14.68773450766287603 ) ) ;
#4056 = CYLINDRICAL_SURFACE ( 'NONE', #2886, 0.5000000000000007772 ) ;
#4057 = FACE_OUTER_BOUND ( 'NONE', #798, .T. ) ;
#4058 = ADVANCED_FACE ( 'NONE', ( #3226 ), #5088, .T. ) ;
#4059 = ADVANCED_FACE ( 'NONE', ( #2799 ), #4654, .T. ) ;
#4060 = CARTESIAN_POINT ( 'NONE',  ( -7.503939519271208169, -3.000000000000000000, -22.82831118788947578 ) ) ;
#4061 = CARTESIAN_POINT ( 'NONE',  ( -15.34070471704969130, -2.970787267808553178, 19.35330388391095013 ) ) ;
#4062 = ORIENTED_EDGE ( 'NONE', *, *, #5298, .F. ) ;
#4063 = CARTESIAN_POINT ( 'NONE',  ( -15.61364137884575420, -3.000000000000000000, 17.79863681674925502 ) ) ;
#4064 = DIRECTION ( 'NONE',  ( 0.000000000000000000, 0.000000000000000000, -1.000000000000000000 ) ) ;
#4065 = AXIS2_PLACEMENT_3D ( 'NONE', #3060, #1302, #828 ) ;
#4066 = DIRECTION ( 'NONE',  ( -0.8191520442893337473, -0.000000000000000000, 0.5735764363505576613 ) ) ;
#4067 =( BOUNDED_CURVE ( )  B_SPLINE_CURVE ( 3, ( #5507, #4977, #2206, #825 ),
 .UNSPECIFIED., .F., .F. ) 
 B_SPLINE_CURVE_WITH_KNOTS ( ( 4, 4 ),
 ( 1.570796326794902331, 3.141592653589793116 ),
 .UNSPECIFIED. ) 
 CURVE ( )  GEOMETRIC_REPRESENTATION_ITEM ( )  RATIONAL_B_SPLINE_CURVE ( ( 1.000000000000000000, 0.8047378541243663808, 0.8047378541243663808, 1.000000000000000000 ) ) 
 REPRESENTATION_ITEM ( '' )  );
#4068 = EDGE_CURVE ( 'NONE', #277, #938, #2581, .T. ) ;
#4069 = AXIS2_PLACEMENT_3D ( 'NONE', #1078, #2919, #162 ) ;
#4070 = CARTESIAN_POINT ( 'NONE',  ( 14.32920972712218166, -2.623645333210239627, 18.66372547473165255 ) ) ;
#4071 = CARTESIAN_POINT ( 'NONE',  ( 0.000000000000000000, -3.000000000000000000, 0.000000000000000000 ) ) ;
#4072 = CARTESIAN_POINT ( 'NONE',  ( 24.44967702698105683, 3.265000000000000124, 5.346872873588295327 ) ) ;
#4073 = CIRCLE ( 'NONE', #5924, 24.02999999999999758 ) ;
#4074 = CYLINDRICAL_SURFACE ( 'NONE', #5639, 0.4999999999999996114 ) ;
#4075 = VECTOR ( 'NONE', #4555, 1000.000000000000114 ) ;
#4076 = ORIENTED_EDGE ( 'NONE', *, *, #2261, .T. ) ;
#4077 = CARTESIAN_POINT ( 'NONE',  ( 9.171249647149320339, -2.576037802762216167, -30.72328364303767501 ) ) ;
#4078 = LINE ( 'NONE', #2689, #4415 ) ;
#4079 = CIRCLE ( 'NONE', #4875, 14.57731163100814697 ) ;
#4080 = VECTOR ( 'NONE', #5989, 999.9999999999998863 ) ;
#4081 = CARTESIAN_POINT ( 'NONE',  ( 24.80391930942181133, 3.265000000000000124, 3.337865057441845362 ) ) ;
#4082 = ORIENTED_EDGE ( 'NONE', *, *, #3068, .T. ) ;
#4083 = DIRECTION ( 'NONE',  ( 0.9848077530122122392, -0.000000000000000000, 0.1736481776669059340 ) ) ;
#4084 = EDGE_LOOP ( 'NONE', ( #3058, #1905, #2472, #3021 ) ) ;
#4085 = DIRECTION ( 'NONE',  ( 0.4999999999999928946, -0.000000000000000000, 0.8660254037844428154 ) ) ;
#4086 = FACE_OUTER_BOUND ( 'NONE', #2205, .T. ) ;
#4087 = ORIENTED_EDGE ( 'NONE', *, *, #3837, .T. ) ;
#4088 = B_SPLINE_CURVE_WITH_KNOTS ( 'NONE', 3,
 ( #4520, #5516, #4602, #422, #5014, #1735, #3572, #3090, #3654, #3122 ),
 .UNSPECIFIED., .F., .F.,
 ( 4, 2, 2, 2, 4 ),
 ( 0.000000000000000000, 0.0002540264268554390400, 0.0005080528537108780799, 0.0007620792805663170657, 0.001016105707421756160 ),
 .UNSPECIFIED. ) ;
#4089 = ORIENTED_EDGE ( 'NONE', *, *, #821, .F. ) ;
#4090 = LINE ( 'NONE', #5949, #5234 ) ;
#4091 = CARTESIAN_POINT ( 'NONE',  ( 22.02151929896934845, -2.576037802762227713, 23.30417700039739159 ) ) ;
#4092 = CARTESIAN_POINT ( 'NONE',  ( 0.000000000000000000, -3.000000000000000000, 0.000000000000000000 ) ) ;
#4093 = ORIENTED_EDGE ( 'NONE', *, *, #1024, .T. ) ;
#4094 = CARTESIAN_POINT ( 'NONE',  ( -16.39539829303299356, -2.970787267806749732, 18.46831089329719688 ) ) ;
#4095 = EDGE_CURVE ( 'NONE', #4662, #494, #789, .T. ) ;
#4096 = DIRECTION ( 'NONE',  ( -0.3420201433256716550, 0.000000000000000000, 0.9396926207859073177 ) ) ;
#4097 = DIRECTION ( 'NONE',  ( -0.000000000000000000, 1.000000000000000000, -0.000000000000000000 ) ) ;
#4098 = VECTOR ( 'NONE', #2481, 1000.000000000000000 ) ;
#4099 = DIRECTION ( 'NONE',  ( 0.5735764363512142472, 0.000000000000000000, 0.8191520442888740039 ) ) ;
#4100 = EDGE_CURVE ( 'NONE', #1623, #50, #5107, .T. ) ;
#4101 = EDGE_CURVE ( 'NONE', #3606, #5983, #446, .T. ) ;
#4102 = CARTESIAN_POINT ( 'NONE',  ( 6.270892268051662555, -2.500000000000000000, -15.28057537724883908 ) ) ;
#4103 = FACE_OUTER_BOUND ( 'NONE', #1095, .T. ) ;
#4104 = EDGE_CURVE ( 'NONE', #3096, #567, #1465, .T. ) ;
#4105 = EDGE_LOOP ( 'NONE', ( #4666, #3852, #103, #2453 ) ) ;
#4106 = CARTESIAN_POINT ( 'NONE',  ( -0.4886401628094300120, -3.000000000000000000, -0.1778504745296233813 ) ) ;
#4107 = CARTESIAN_POINT ( 'NONE',  ( 16.40959051885899100, -2.986667247834404293, 18.55428969217148349 ) ) ;
#4108 = B_SPLINE_CURVE_WITH_KNOTS ( 'NONE', 3,
 ( #4061, #751, #2672, #5923 ),
 .UNSPECIFIED., .F., .F.,
 ( 4, 4 ),
 ( 0.0002259430207391099617, 0.0004897447509142544616 ),
 .UNSPECIFIED. ) ;
#4109 = CARTESIAN_POINT ( 'NONE',  ( 24.60708631873723107, -2.883090468737522283, 3.481269485693558874 ) ) ;
#4110 = ORIENTED_EDGE ( 'NONE', *, *, #1832, .F. ) ;
#4111 = CARTESIAN_POINT ( 'NONE',  ( 23.61495323805836222, -2.973325924938046594, 3.472316846753365827 ) ) ;
#4112 = AXIS2_PLACEMENT_3D ( 'NONE', #1051, #5233, #1019 ) ;
#4113 = ORIENTED_EDGE ( 'NONE', *, *, #2991, .F. ) ;
#4114 = CARTESIAN_POINT ( 'NONE',  ( 6.835299471539944882, -2.954357122083175025, -14.58146280146458729 ) ) ;
#4115 = CARTESIAN_POINT ( 'NONE',  ( -8.303821354723572412, -3.000000000000000000, -22.81456166729534374 ) ) ;
#4116 = ORIENTED_EDGE ( 'NONE', *, *, #3952, .T. ) ;
#4117 = CARTESIAN_POINT ( 'NONE',  ( 14.32920972712218166, -3.000000000000000000, 18.66372547473164900 ) ) ;
#4118 = LINE ( 'NONE', #5869, #2635 ) ;
#4119 = ORIENTED_EDGE ( 'NONE', *, *, #4621, .F. ) ;
#4120 = CARTESIAN_POINT ( 'NONE',  ( -15.85814145652984486, -2.973325924943416965, 17.83934836995003081 ) ) ;
#4121 = DIRECTION ( 'NONE',  ( 0.000000000000000000, 0.000000000000000000, 1.000000000000000000 ) ) ;
#4122 = CARTESIAN_POINT ( 'NONE',  ( -4.460940800293284880, -3.000000000000000000, -15.47651244522915626 ) ) ;
#4123 = ORIENTED_EDGE ( 'NONE', *, *, #1233, .T. ) ;
#4124 = ADVANCED_FACE ( 'NONE', ( #3433 ), #1528, .F. ) ;
#4125 = DIRECTION ( 'NONE',  ( 0.08715574274786326570, -0.000000000000000000, 0.9961946980917276706 ) ) ;
#4126 = CARTESIAN_POINT ( 'NONE',  ( -15.89194039108521395, 3.265000000000000124, 17.35243875097084043 ) ) ;
#4127 = VECTOR ( 'NONE', #293, 1000.000000000000114 ) ;
#4128 = CARTESIAN_POINT ( 'NONE',  ( -15.22651638959479214, -3.000000000000000444, 19.30570079546492934 ) ) ;
#4129 = EDGE_CURVE ( 'NONE', #613, #4786, #3854, .T. ) ;
#4130 = EDGE_CURVE ( 'NONE', #1717, #2593, #2410, .T. ) ;
#4131 = ORIENTED_EDGE ( 'NONE', *, *, #3928, .F. ) ;
#4132 = DIRECTION ( 'NONE',  ( 0.3420201433256716550, -0.000000000000000000, -0.9396926207859073177 ) ) ;
#4133 = VERTEX_POINT ( 'NONE', #4777 ) ;
#4134 = DIRECTION ( 'NONE',  ( 0.4726241065755732995, 0.8379550138152949135, -0.2728696551569084194 ) ) ;
#4135 = CARTESIAN_POINT ( 'NONE',  ( -16.77838861730829123, -2.500000000000000000, 1.922747461919029899 ) ) ;
#4136 = EDGE_CURVE ( 'NONE', #4198, #3515, #3011, .T. ) ;
#4137 = FACE_OUTER_BOUND ( 'NONE', #945, .T. ) ;
#4138 = ORIENTED_EDGE ( 'NONE', *, *, #3580, .F. ) ;
#4139 = CARTESIAN_POINT ( 'NONE',  ( -15.59851722659697515, -3.000000000000000000, 19.39856533390830506 ) ) ;
#4140 = ORIENTED_EDGE ( 'NONE', *, *, #4857, .T. ) ;
#4141 = CARTESIAN_POINT ( 'NONE',  ( -14.85913885745172713, -3.000000000000000000, 18.88509709837278194 ) ) ;
#4142 = CARTESIAN_POINT ( 'NONE',  ( 0.000000000000000000, 3.265000000000000124, 0.000000000000000000 ) ) ;
#4143 = AXIS2_PLACEMENT_3D ( 'NONE', #375, #2116, #4096 ) ;
#4144 = DIRECTION ( 'NONE',  ( -1.000000000000000000, 0.000000000000000000, 0.000000000000000000 ) ) ;
#4145 = DIRECTION ( 'NONE',  ( -0.9961946980917621985, 0.000000000000000000, -0.08715574274746690220 ) ) ;
#4146 = TOROIDAL_SURFACE ( 'NONE', #1541, 24.02999999999999758, 0.5000000000000000000 ) ;
#4147 = ORIENTED_EDGE ( 'NONE', *, *, #2908, .T. ) ;
#4148 = DIRECTION ( 'NONE',  ( 0.8191520442886223163, 0.000000000000000000, -0.5735764363515737374 ) ) ;
#4149 = FACE_OUTER_BOUND ( 'NONE', #2401, .T. ) ;
#4150 = ORIENTED_EDGE ( 'NONE', *, *, #1221, .T. ) ;
#4151 = AXIS2_PLACEMENT_3D ( 'NONE', #1353, #5081, #2318 ) ;
#4152 = DIRECTION ( 'NONE',  ( -0.000000000000000000, 1.000000000000000000, -0.000000000000000000 ) ) ;
#4153 = CARTESIAN_POINT ( 'NONE',  ( 5.206084834573427855, -3.000000000000000000, -15.82397881484278912 ) ) ;
#4154 = ADVANCED_FACE ( 'NONE', ( #3366 ), #4810, .T. ) ;
#4155 = DIRECTION ( 'NONE',  ( 0.9848077530122070211, 0.000000000000000000, 0.1736481776669362154 ) ) ;
#4156 = AXIS2_PLACEMENT_3D ( 'NONE', #2253, #3631, #1313 ) ;
#4157 = ORIENTED_EDGE ( 'NONE', *, *, #4620, .T. ) ;
#4158 = CARTESIAN_POINT ( 'NONE',  ( 0.000000000000000000, -3.000000000000000000, 24.02999999999999758 ) ) ;
#4159 = CIRCLE ( 'NONE', #1562, 0.8000000000029927616 ) ;
#4160 = ORIENTED_EDGE ( 'NONE', *, *, #241, .T. ) ;
#4161 = DIRECTION ( 'NONE',  ( 0.9848077530122086864, 0.000000000000000000, -0.1736481776669272503 ) ) ;
#4162 = EDGE_CURVE ( 'NONE', #1542, #1750, #4348, .T. ) ;
#4163 = CARTESIAN_POINT ( 'NONE',  ( 9.090100452104977080, -2.970787267805290455, -22.96209193887855804 ) ) ;
#4164 = EDGE_CURVE ( 'NONE', #3451, #3786, #2475, .T. ) ;
#4165 = VECTOR ( 'NONE', #253, 1000.000000000000000 ) ;
#4166 = DIRECTION ( 'NONE',  ( 0.000000000000000000, 0.000000000000000000, 1.000000000000000000 ) ) ;
#4167 = EDGE_LOOP ( 'NONE', ( #4017, #5782, #1595, #388 ) ) ;
#4168 = ORIENTED_EDGE ( 'NONE', *, *, #5928, .T. ) ;
#4169 = CARTESIAN_POINT ( 'NONE',  ( -17.21793483357565790, 3.265000000000000124, 3.035986463239486621 ) ) ;
#4170 = ADVANCED_FACE ( 'NONE', ( #656 ), #3789, .F. ) ;
#4171 = FACE_OUTER_BOUND ( 'NONE', #1781, .T. ) ;
#4172 = EDGE_CURVE ( 'NONE', #5155, #2644, #3280, .T. ) ;
#4173 = CIRCLE ( 'NONE', #2637, 14.64608244481093280 ) ;
#4174 = DIRECTION ( 'NONE',  ( -0.000000000000000000, 1.000000000000000000, -0.000000000000000000 ) ) ;
#4175 = EDGE_LOOP ( 'NONE', ( #4257, #4592, #3729, #2940, #4138, #4517 ) ) ;
#4176 = CARTESIAN_POINT ( 'NONE',  ( -8.303821354723572412, 3.265000000000000568, -23.61456166729735173 ) ) ;
#4177 = LINE ( 'NONE', #5581, #1647 ) ;
#4178 = EDGE_CURVE ( 'NONE', #795, #4690, #4677, .T. ) ;
#4179 = DIRECTION ( 'NONE',  ( 0.000000000000000000, 0.000000000000000000, 1.000000000000000000 ) ) ;
#4180 = CARTESIAN_POINT ( 'NONE',  ( -17.85439826556527265, -3.000000000000000000, -12.50178425576556585 ) ) ;
#4181 = ORIENTED_EDGE ( 'NONE', *, *, #3679, .T. ) ;
#4182 = ORIENTED_EDGE ( 'NONE', *, *, #2729, .T. ) ;
#4183 = CARTESIAN_POINT ( 'NONE',  ( -23.90990065744811588, -3.000000000000000000, 4.215960591966999793 ) ) ;
#4184 = CYLINDRICAL_SURFACE ( 'NONE', #5247, 0.8000000000029927616 ) ;
#4185 = PRESENTATION_STYLE_ASSIGNMENT (( #950 ) ) ;
#4186 = VECTOR ( 'NONE', #4451, 1000.000000000000000 ) ;
#4187 = CARTESIAN_POINT ( 'NONE',  ( -10.15785299541247433, -3.000000000000000000, 13.37029514952936360 ) ) ;
#4188 = VERTEX_POINT ( 'NONE', #1142 ) ;
#4189 = LINE ( 'NONE', #5966, #4878 ) ;
#4190 = ADVANCED_FACE ( 'NONE', ( #4285 ), #4320, .F. ) ;
#4191 = AXIS2_PLACEMENT_3D ( 'NONE', #1801, #2288, #868 ) ;
#4192 = ORIENTED_EDGE ( 'NONE', *, *, #5918, .T. ) ;
#4193 = CARTESIAN_POINT ( 'NONE',  ( -22.97362297149675214, -2.500000000000000000, 5.086604718622892207 ) ) ;
#4194 = FACE_OUTER_BOUND ( 'NONE', #3677, .T. ) ;
#4195 = CARTESIAN_POINT ( 'NONE',  ( -15.89194039108521395, -2.500000000000000000, 17.35243875097084043 ) ) ;
#4196 = EDGE_CURVE ( 'NONE', #3172, #5764, #3824, .T. ) ;
#4197 = CARTESIAN_POINT ( 'NONE',  ( -19.75406189090918829, -2.500000000000000000, -9.211470339384602468 ) ) ;
#4198 = VERTEX_POINT ( 'NONE', #3403 ) ;
#4199 = ORIENTED_EDGE ( 'NONE', *, *, #997, .F. ) ;
#4200 = CARTESIAN_POINT ( 'NONE',  ( -31.19276894612026751, 3.265000000000000124, 7.419106642638173099 ) ) ;
#4201 = AXIS2_PLACEMENT_3D ( 'NONE', #4723, #2550, #1187 ) ;
#4202 = DIRECTION ( 'NONE',  ( -0.000000000000000000, -1.000000000000000000, -0.000000000000000000 ) ) ;
#4203 = CIRCLE ( 'NONE', #3310, 0.7999999999999986011 ) ;
#4204 = VERTEX_POINT ( 'NONE', #4221 ) ;
#4205 = LINE ( 'NONE', #1452, #299 ) ;
#4206 = EDGE_CURVE ( 'NONE', #2210, #4964, #875, .T. ) ;
#4207 = ADVANCED_FACE ( 'NONE', ( #5461 ), #4840, .F. ) ;
#4208 = ORIENTED_EDGE ( 'NONE', *, *, #5825, .T. ) ;
#4209 = ORIENTED_EDGE ( 'NONE', *, *, #2470, .F. ) ;
#4210 = CARTESIAN_POINT ( 'NONE',  ( 9.090100452104977080, -2.970787267805290455, -22.96209193887855804 ) ) ;
#4211 = FACE_OUTER_BOUND ( 'NONE', #3931, .T. ) ;
#4212 = CARTESIAN_POINT ( 'NONE',  ( 30.84144333032081420, -2.500000000000000000, 4.402443439001797465 ) ) ;
#4213 = CARTESIAN_POINT ( 'NONE',  ( 23.46999816308321840, -3.000000000000038636, 4.886783871352996300 ) ) ;
#4214 = ORIENTED_EDGE ( 'NONE', *, *, #2326, .F. ) ;
#4215 = ADVANCED_FACE ( 'NONE', ( #5789 ), #4384, .F. ) ;
#4216 = VERTEX_POINT ( 'NONE', #4574 ) ;
#4217 = DIRECTION ( 'NONE',  ( -0.000000000000000000, 1.000000000000000000, -0.000000000000000000 ) ) ;
#4218 = CARTESIAN_POINT ( 'NONE',  ( -23.90990065744811588, -3.000000000000000000, 4.215960591966999793 ) ) ;
#4219 = DIRECTION ( 'NONE',  ( -0.000000000000000000, 1.000000000000000000, -0.000000000000000000 ) ) ;
#4220 = CIRCLE ( 'NONE', #3159, 14.64608244481071431 ) ;
#4221 = CARTESIAN_POINT ( 'NONE',  ( 15.29263558886092866, -2.500000000000000000, 19.81189170665698640 ) ) ;
#4222 = VERTEX_POINT ( 'NONE', #5493 ) ;
#4223 = LINE ( 'NONE', #2444, #1943 ) ;
#4224 = AXIS2_PLACEMENT_3D ( 'NONE', #612, #4863, #4761 ) ;
#4225 = B_SPLINE_CURVE_WITH_KNOTS ( 'NONE', 3,
 ( #381, #3642, #2236, #3247 ),
 .UNSPECIFIED., .F., .F.,
 ( 4, 4 ),
 ( 0.0002320008640099568433, 0.0004814755169068628878 ),
 .UNSPECIFIED. ) ;
#4226 = ORIENTED_EDGE ( 'NONE', *, *, #5127, .T. ) ;
#4227 = DIRECTION ( 'NONE',  ( 0.3420201433256419010, -0.000000000000000000, -0.9396926207859180868 ) ) ;
#4228 = CARTESIAN_POINT ( 'NONE',  ( -12.28376335234446870, -3.000000000000000444, -29.64996624114849766 ) ) ;
#4229 = PLANE ( 'NONE',  #888 ) ;
#4230 = CARTESIAN_POINT ( 'NONE',  ( -30.84144333032263674, -2.792893218813452094, 4.402443439002778014 ) ) ;
#4231 = CARTESIAN_POINT ( 'NONE',  ( 23.40148643023512065, -3.000000000000000000, 3.598291608151450660 ) ) ;
#4232 = ORIENTED_EDGE ( 'NONE', *, *, #4251, .T. ) ;
#4233 = EDGE_LOOP ( 'NONE', ( #4829, #2321, #179, #5941, #575, #5671, #4113, #5154 ) ) ;
#4234 = DIRECTION ( 'NONE',  ( -0.9848077530122071321, -0.000000000000000000, -0.1736481776669362154 ) ) ;
#4235 = DIRECTION ( 'NONE',  ( 0.000000000000000000, 0.000000000000000000, 1.000000000000000000 ) ) ;
#4236 = ORIENTED_EDGE ( 'NONE', *, *, #2439, .T. ) ;
#4237 = EDGE_CURVE ( 'NONE', #3196, #1984, #1906, .T. ) ;
#4238 = CARTESIAN_POINT ( 'NONE',  ( -8.023111437220544317, -3.000000000000000000, -23.56369579561860661 ) ) ;
#4239 = ORIENTED_EDGE ( 'NONE', *, *, #655, .T. ) ;
#4240 = CARTESIAN_POINT ( 'NONE',  ( 16.07282071980216287, -2.500000000000000000, 0.9150920754745588415 ) ) ;
#4241 = ORIENTED_EDGE ( 'NONE', *, *, #5816, .F. ) ;
#4242 = CARTESIAN_POINT ( 'NONE',  ( -19.23334952206178272, 3.265000000000000124, 24.50825169393615610 ) ) ;
#4243 = CARTESIAN_POINT ( 'NONE',  ( 20.79608018602494823, -2.792893218813453426, 23.19696497017266879 ) ) ;
#4244 = DIRECTION ( 'NONE',  ( -0.000000000000000000, -1.000000000000000000, -0.000000000000000000 ) ) ;
#4245 = DIRECTION ( 'NONE',  ( -0.5735764363512210195, -0.000000000000000000, -0.8191520442888694520 ) ) ;
#4246 = ADVANCED_FACE ( 'NONE', ( #4418 ), #2984, .F. ) ;
#4247 = AXIS2_PLACEMENT_3D ( 'NONE', #1292, #3634, #4121 ) ;
#4248 = DIRECTION ( 'NONE',  ( 0.000000000000000000, 0.000000000000000000, 1.000000000000000000 ) ) ;
#4249 = AXIS2_PLACEMENT_3D ( 'NONE', #5839, #1682, #4030 ) ;
#4250 = CARTESIAN_POINT ( 'NONE',  ( -16.85536625282397338, 3.265000000000000124, 18.50060498289616362 ) ) ;
#4251 = EDGE_CURVE ( 'NONE', #613, #3558, #262, .T. ) ;
#4252 = DIRECTION ( 'NONE',  ( -0.000000000000000000, 1.000000000000000000, -0.000000000000000000 ) ) ;
#4253 = AXIS2_PLACEMENT_3D ( 'NONE', #5315, #3452, #1162 ) ;
#4254 = EDGE_LOOP ( 'NONE', ( #3898, #854, #1191, #4181, #4226, #967 ) ) ;
#4255 = LINE ( 'NONE', #99, #1573 ) ;
#4256 = CARTESIAN_POINT ( 'NONE',  ( 15.60607930272259658, -3.000000000000000000, 18.59860107533160445 ) ) ;
#4257 = ORIENTED_EDGE ( 'NONE', *, *, #4901, .F. ) ;
#4258 = CARTESIAN_POINT ( 'NONE',  ( -16.05153436766386577, -2.926524577312462405, 1.289137005593462115 ) ) ;
#4259 = CARTESIAN_POINT ( 'NONE',  ( -23.78454326885249515, -3.000000000000000000, 3.425843179727221077 ) ) ;
#4260 = TOROIDAL_SURFACE ( 'NONE', #1361, 24.03000000000000114, 0.5000000000000000000 ) ;
#4261 = CARTESIAN_POINT ( 'NONE',  ( -9.691120861856122204, 3.265000000000000124, -29.60841622532391781 ) ) ;
#4262 = AXIS2_PLACEMENT_3D ( 'NONE', #721, #4994, #315 ) ;
#4263 = ORIENTED_EDGE ( 'NONE', *, *, #1674, .T. ) ;
#4264 = ORIENTED_EDGE ( 'NONE', *, *, #5510, .T. ) ;
#4265 = CARTESIAN_POINT ( 'NONE',  ( -11.60809380826081316, 3.265000000000000124, -28.91069513293903270 ) ) ;
#4266 = CARTESIAN_POINT ( 'NONE',  ( -8.955674920446281106, -2.798953584472875455, 13.38020630970532210 ) ) ;
#4267 = ORIENTED_EDGE ( 'NONE', *, *, #2957, .F. ) ;
#4268 = VECTOR ( 'NONE', #5848, 1000.000000000000000 ) ;
#4269 = CARTESIAN_POINT ( 'NONE',  ( 23.90990065744913906, 9.530000000000001137, 5.015960591972895344 ) ) ;
#4270 = ORIENTED_EDGE ( 'NONE', *, *, #2770, .T. ) ;
#4271 = LINE ( 'NONE', #4240, #4438 ) ;
#4272 = EDGE_CURVE ( 'NONE', #3690, #5900, #2276, .T. ) ;
#4273 =( GEOMETRIC_REPRESENTATION_CONTEXT ( 3 ) GLOBAL_UNCERTAINTY_ASSIGNED_CONTEXT ( ( #197 ) ) GLOBAL_UNIT_ASSIGNED_CONTEXT ( ( #3017, #2623, #264 ) ) REPRESENTATION_CONTEXT ( 'NONE', 'WORKASPACE' ) );
#4274 = VERTEX_POINT ( 'NONE', #3950 ) ;
#4275 = CARTESIAN_POINT ( 'NONE',  ( 1.509956535253397014, -3.000000000000000000, 0.2662460768645632525 ) ) ;
#4276 = CARTESIAN_POINT ( 'NONE',  ( 0.000000000000000000, 3.265000000000000124, 0.000000000000000000 ) ) ;
#4277 = CARTESIAN_POINT ( 'NONE',  ( 0.000000000000000000, 3.265000000000000124, 0.000000000000000000 ) ) ;
#4278 = CARTESIAN_POINT ( 'NONE',  ( 6.790763482220103064, -3.000000000000000000, -14.16570796068911697 ) ) ;
#4279 = VECTOR ( 'NONE', #3607, 1000.000000000000114 ) ;
#4280 = ORIENTED_EDGE ( 'NONE', *, *, #3177, .F. ) ;
#4281 = EDGE_CURVE ( 'NONE', #1785, #3835, #5976, .T. ) ;
#4282 = CYLINDRICAL_SURFACE ( 'NONE', #3135, 25.02749999999999275 ) ;
#4283 = CARTESIAN_POINT ( 'NONE',  ( -20.55407337132485424, -0.01920984833661999736, -11.47405542676626844 ) ) ;
#4284 = B_SPLINE_CURVE_WITH_KNOTS ( 'NONE', 3,
 ( #1702, #1246, #4431, #794 ),
 .UNSPECIFIED., .F., .F.,
 ( 4, 4 ),
 ( 0.0001890504693360075996, 0.0003778069175773300431 ),
 .UNSPECIFIED. ) ;
#4285 = FACE_OUTER_BOUND ( 'NONE', #1017, .T. ) ;
#4286 = ORIENTED_EDGE ( 'NONE', *, *, #1904, .T. ) ;
#4287 = CARTESIAN_POINT ( 'NONE',  ( 19.84842270412693566, 0.000000000000000000, -12.63728674036868505 ) ) ;
#4288 = EDGE_CURVE ( 'NONE', #3819, #2549, #294, .T. ) ;
#4289 = EDGE_CURVE ( 'NONE', #935, #5488, #5357, .T. ) ;
#4290 = FACE_OUTER_BOUND ( 'NONE', #455, .T. ) ;
#4291 = ORIENTED_EDGE ( 'NONE', *, *, #5143, .F. ) ;
#4292 = DIRECTION ( 'NONE',  ( -0.000000000000000000, 1.000000000000000000, -0.000000000000000000 ) ) ;
#4293 = CARTESIAN_POINT ( 'NONE',  ( -7.594310774156573629, -3.000000000000000000, -23.84747785648472274 ) ) ;
#4294 = DIRECTION ( 'NONE',  ( 0.8191520442893337473, 0.000000000000000000, -0.5735764363505576613 ) ) ;
#4295 = CARTESIAN_POINT ( 'NONE',  ( 15.34070471704966643, -2.970787267805324650, 19.35330388391502865 ) ) ;
#4296 = ORIENTED_EDGE ( 'NONE', *, *, #4068, .T. ) ;
#4297 = ORIENTED_EDGE ( 'NONE', *, *, #469, .T. ) ;
#4298 = CARTESIAN_POINT ( 'NONE',  ( 11.60809380826084514, -2.500000000000000000, -28.91069513294267423 ) ) ;
#4299 = LINE ( 'NONE', #1055, #5471 ) ;
#4300 =( BOUNDED_CURVE ( )  B_SPLINE_CURVE ( 3, ( #2902, #3875, #3844, #4730 ),
 .UNSPECIFIED., .F., .F. ) 
 B_SPLINE_CURVE_WITH_KNOTS ( ( 4, 4 ),
 ( 0.000000000000000000, 1.570796326794890563 ),
 .UNSPECIFIED. ) 
 CURVE ( )  GEOMETRIC_REPRESENTATION_ITEM ( )  RATIONAL_B_SPLINE_CURVE ( ( 1.000000000000000000, 0.8047378541243663808, 0.8047378541243663808, 1.000000000000000000 ) ) 
 REPRESENTATION_ITEM ( '' )  );
#4301 = ORIENTED_EDGE ( 'NONE', *, *, #959, .T. ) ;
#4302 = EDGE_LOOP ( 'NONE', ( #4731, #4961, #1139, #35, #5097 ) ) ;
#4303 = ORIENTED_EDGE ( 'NONE', *, *, #990, .T. ) ;
#4304 = CARTESIAN_POINT ( 'NONE',  ( 3.908739340735691847, -2.848831634978266969, -15.61999512261425416 ) ) ;
#4305 = CARTESIAN_POINT ( 'NONE',  ( -9.193117170197046661, -2.650060844301281193, -30.71843579706168370 ) ) ;
#4306 = ORIENTED_EDGE ( 'NONE', *, *, #3272, .F. ) ;
#4307 = DIRECTION ( 'NONE',  ( 0.000000000000000000, 0.000000000000000000, 1.000000000000000000 ) ) ;
#4308 = ORIENTED_EDGE ( 'NONE', *, *, #737, .F. ) ;
#4309 = CARTESIAN_POINT ( 'NONE',  ( 9.171249647149318562, -2.500000000000000000, -30.72328364303766790 ) ) ;
#4310 = CARTESIAN_POINT ( 'NONE',  ( -7.679371020816665450, -2.849944888431977130, -23.67380928934887052 ) ) ;
#4311 = CARTESIAN_POINT ( 'NONE',  ( -9.102880438422101150, -3.000000000000000000, -22.77577274152935871 ) ) ;
#4313 = B_SPLINE_CURVE_WITH_KNOTS ( 'NONE', 3,
 ( #5436, #895, #2257, #4094 ),
 .UNSPECIFIED., .F., .F.,
 ( 4, 4 ),
 ( 3.496446946337351263E-18, 0.0002633906062246402680 ),
 .UNSPECIFIED. ) ;
#4312 = CARTESIAN_POINT ( 'NONE',  ( -15.60607930272161070, 3.265000000000000568, 18.59860107532878004 ) ) ;
#4314 = CIRCLE ( 'NONE', #4505, 14.64608244481090438 ) ;
#4315 = ORIENTED_EDGE ( 'NONE', *, *, #1137, .F. ) ;
#4316 = ORIENTED_EDGE ( 'NONE', *, *, #3337, .T. ) ;
#4317 = VERTEX_POINT ( 'NONE', #2731 ) ;
#4318 = CARTESIAN_POINT ( 'NONE',  ( 19.12613749183848810, -3.000000000000000000, 25.73369080688133081 ) ) ;
#4319 = EDGE_CURVE ( 'NONE', #4511, #4035, #1791, .T. ) ;
#4320 = PLANE ( 'NONE',  #2801 ) ;
#4321 = VERTEX_POINT ( 'NONE', #371 ) ;
#4322 = CARTESIAN_POINT ( 'NONE',  ( 16.06543603230490547, -2.798953584472875011, 1.065738834288999515 ) ) ;
#4323 = DIRECTION ( 'NONE',  ( -0.000000000000000000, -1.000000000000000000, -0.000000000000000000 ) ) ;
#4324 = ORIENTED_EDGE ( 'NONE', *, *, #5180, .T. ) ;
#4325 = CARTESIAN_POINT ( 'NONE',  ( -4.807073215166054680, -3.000000000000000000, -16.18960560050088304 ) ) ;
#4326 = CARTESIAN_POINT ( 'NONE',  ( -31.84909871781260904, -2.500000000000000000, 3.696875540765334645 ) ) ;
#4327 = EDGE_CURVE ( 'NONE', #2817, #5586, #4041, .T. ) ;
#4328 = VERTEX_POINT ( 'NONE', #2220 ) ;
#4329 = EDGE_LOOP ( 'NONE', ( #2166, #1945, #2585, #76, #1858 ) ) ;
#4330 = CARTESIAN_POINT ( 'NONE',  ( -14.32920972712166652, -2.500000000000000000, 18.66372547473203625 ) ) ;
#4331 = CARTESIAN_POINT ( 'NONE',  ( -7.413107330141428974, -2.945085216635529690, -22.60138816628972691 ) ) ;
#4332 = ORIENTED_EDGE ( 'NONE', *, *, #5254, .T. ) ;
#4333 = CIRCLE ( 'NONE', #5401, 25.02749999999999275 ) ;
#4334 = EDGE_CURVE ( 'NONE', #1034, #4695, #1457, .T. ) ;
#4335 = CARTESIAN_POINT ( 'NONE',  ( 0.5244024014076339446, 3.265000000000000124, -1.440783756570812146 ) ) ;
#4336 = CARTESIAN_POINT ( 'NONE',  ( -9.171249647149551265, -2.576007553701618935, -30.72328364303758264 ) ) ;
#4337 = VERTEX_POINT ( 'NONE', #398 ) ;
#4338 = CYLINDRICAL_SURFACE ( 'NONE', #4224, 0.5000000000000009992 ) ;
#4339 = ORIENTED_EDGE ( 'NONE', *, *, #5009, .T. ) ;
#4340 = CARTESIAN_POINT ( 'NONE',  ( -15.91241274480451118, -2.990184511341509754, 17.85736574113532882 ) ) ;
#4341 = CARTESIAN_POINT ( 'NONE',  ( -7.622060262325697444, -2.731288099985358819, -23.79106084215159456 ) ) ;
#4342 = CARTESIAN_POINT ( 'NONE',  ( 20.79608018602494823, -2.500000000000000000, 23.19696497017266879 ) ) ;
#4343 = CARTESIAN_POINT ( 'NONE',  ( -23.32786525393755639, 3.265000000000000124, 3.077596902476492868 ) ) ;
#4344 = ORIENTED_EDGE ( 'NONE', *, *, #4100, .T. ) ;
#4345 = ORIENTED_EDGE ( 'NONE', *, *, #4237, .F. ) ;
#4346 = ORIENTED_EDGE ( 'NONE', *, *, #2548, .T. ) ;
#4347 = LINE ( 'NONE', #4318, #5292 ) ;
#4348 = LINE ( 'NONE', #5655, #4364 ) ;
#4349 = ORIENTED_EDGE ( 'NONE', *, *, #1299, .F. ) ;
#4350 = CARTESIAN_POINT ( 'NONE',  ( 16.03297898116631970, -3.000000000000000000, 1.534834376847521220 ) ) ;
#4351 = LINE ( 'NONE', #1567, #1523 ) ;
#4352 = VECTOR ( 'NONE', #3909, 1000.000000000000000 ) ;
#4353 = EDGE_CURVE ( 'NONE', #3248, #1626, #4090, .T. ) ;
#4354 = ORIENTED_EDGE ( 'NONE', *, *, #5662, .T. ) ;
#4355 = CARTESIAN_POINT ( 'NONE',  ( -24.43080516915058809, -2.970787267806803467, 3.608788054966185488 ) ) ;
#4356 = DIRECTION ( 'NONE',  ( 0.8191520442892409326, 0.000000000000000000, 0.5735764363506902219 ) ) ;
#4357 = CARTESIAN_POINT ( 'NONE',  ( -16.79263294112069005, -2.731288099986321605, 18.49642823742604492 ) ) ;
#4358 = EDGE_CURVE ( 'NONE', #3507, #5457, #2962, .T. ) ;
#4359 = ORIENTED_EDGE ( 'NONE', *, *, #1198, .T. ) ;
#4360 = DIRECTION ( 'NONE',  ( 0.9396926207859351843, 0.000000000000000000, -0.3420201433255953827 ) ) ;
#4361 = CARTESIAN_POINT ( 'NONE',  ( -8.828903344063828484, -2.500000000000000000, 13.46192501608416947 ) ) ;
#4362 = ORIENTED_EDGE ( 'NONE', *, *, #1476, .F. ) ;
#4363 = ORIENTED_EDGE ( 'NONE', *, *, #324, .F. ) ;
#4364 = VECTOR ( 'NONE', #3890, 1000.000000000000114 ) ;
#4365 = CARTESIAN_POINT ( 'NONE',  ( 23.66839836025024013, -2.990276347067463369, 3.451119195363277825 ) ) ;
#4366 = LINE ( 'NONE', #212, #3401 ) ;
#4367 = VERTEX_POINT ( 'NONE', #2538 ) ;
#4368 = LINE ( 'NONE', #675, #2860 ) ;
#4369 = EDGE_CURVE ( 'NONE', #5705, #1234, #80, .T. ) ;
#4370 = ADVANCED_FACE ( 'NONE', ( #965 ), #1963, .F. ) ;
#4371 = ORIENTED_EDGE ( 'NONE', *, *, #1503, .T. ) ;
#4372 = FACE_OUTER_BOUND ( 'NONE', #993, .T. ) ;
#4373 = CARTESIAN_POINT ( 'NONE',  ( -15.29263558886043306, -2.500000000000000000, 19.81189170665737009 ) ) ;
#4374 = CIRCLE ( 'NONE', #303, 23.52999999999999758 ) ;
#4375 = DIRECTION ( 'NONE',  ( -0.000000000000000000, 1.000000000000000000, 0.000000000000000000 ) ) ;
#4376 = DIRECTION ( 'NONE',  ( -0.000000000000000000, 1.000000000000000000, -0.000000000000000000 ) ) ;
#4377 = VERTEX_POINT ( 'NONE', #574 ) ;
#4378 = AXIS2_PLACEMENT_3D ( 'NONE', #3782, #1521, #3943 ) ;
#4379 = ORIENTED_EDGE ( 'NONE', *, *, #4967, .F. ) ;
#4380 = ORIENTED_EDGE ( 'NONE', *, *, #5396, .F. ) ;
#4381 = AXIS2_PLACEMENT_3D ( 'NONE', #4635, #614, #480 ) ;
#4382 = DIRECTION ( 'NONE',  ( -0.000000000000000000, 1.000000000000000000, -0.000000000000000000 ) ) ;
#4383 = AXIS2_PLACEMENT_3D ( 'NONE', #1368, #5919, #1310 ) ;
#4384 = PLANE ( 'NONE',  #4156 ) ;
#4385 = ORIENTED_EDGE ( 'NONE', *, *, #2616, .T. ) ;
#4386 = CARTESIAN_POINT ( 'NONE',  ( 15.29263558886092866, -3.000000000000000000, 19.81189170665698640 ) ) ;
#4387 = CARTESIAN_POINT ( 'NONE',  ( 0.09029705238705149073, -3.000000000000000000, -0.5121000315677520787 ) ) ;
#4388 = CARTESIAN_POINT ( 'NONE',  ( -11.40327766165568413, -3.000000000000000000, 12.32525977142552343 ) ) ;
#4389 = CARTESIAN_POINT ( 'NONE',  ( -15.50891816952571745, -2.500000000000000000, 17.67383255581410140 ) ) ;
#4390 = CARTESIAN_POINT ( 'NONE',  ( 9.691120861856093782, 3.265000000000000124, -29.60841622532396400 ) ) ;
#4391 = CARTESIAN_POINT ( 'NONE',  ( -11.44281778395762750, -2.999999999999999112, -29.06214270632564123 ) ) ;
#4392 = ORIENTED_EDGE ( 'NONE', *, *, #5737, .T. ) ;
#4393 = ORIENTED_EDGE ( 'NONE', *, *, #2030, .T. ) ;
#4394 = LINE ( 'NONE', #4822, #3225 ) ;
#4395 = DIRECTION ( 'NONE',  ( -0.6427876096865400291, -0.000000000000000000, -0.7660444431189773473 ) ) ;
#4396 = ORIENTED_EDGE ( 'NONE', *, *, #2115, .T. ) ;
#4397 = EDGE_CURVE ( 'NONE', #2245, #4454, #1072, .T. ) ;
#4398 = ORIENTED_EDGE ( 'NONE', *, *, #4613, .F. ) ;
#4399 = VECTOR ( 'NONE', #531, 1000.000000000000000 ) ;
#4400 = CARTESIAN_POINT ( 'NONE',  ( 11.61707311970207712, 3.265000000000000124, 12.25785032243555506 ) ) ;
#4401 = ORIENTED_EDGE ( 'NONE', *, *, #1059, .F. ) ;
#4402 = CARTESIAN_POINT ( 'NONE',  ( 15.34070471704966643, -2.970787267805324650, 19.35330388391502865 ) ) ;
#4403 = ORIENTED_EDGE ( 'NONE', *, *, #4892, .T. ) ;
#4404 = DIRECTION ( 'NONE',  ( -0.000000000000000000, 1.000000000000000000, 0.000000000000000000 ) ) ;
#4405 = CARTESIAN_POINT ( 'NONE',  ( -30.48720104788181828, 3.265000000000000124, 6.411451255149191120 ) ) ;
#4406 = CARTESIAN_POINT ( 'NONE',  ( 16.85536625282482603, -2.500000000000000000, 18.50060498289538202 ) ) ;
#4407 = CARTESIAN_POINT ( 'NONE',  ( -8.303821354723572412, 9.530000000000001137, -22.81456166729534374 ) ) ;
#4408 = EDGE_CURVE ( 'NONE', #4188, #3653, #4205, .T. ) ;
#4409 = B_SPLINE_CURVE_WITH_KNOTS ( 'NONE', 3,
 ( #4311, #5649, #1520, #4669 ),
 .UNSPECIFIED., .F., .F.,
 ( 4, 4 ),
 ( 0.0008311576356461158324, 0.001020059700432508678 ),
 .UNSPECIFIED. ) ;
#4410 = VERTEX_POINT ( 'NONE', #2307 ) ;
#4411 = ADVANCED_FACE ( 'NONE', ( #2837 ), #53, .T. ) ;
#4412 = VERTEX_POINT ( 'NONE', #2809 ) ;
#4413 = ORIENTED_EDGE ( 'NONE', *, *, #437, .T. ) ;
#4414 = CARTESIAN_POINT ( 'NONE',  ( 19.23334952206225523, -3.000000000000000000, 24.50825169393582570 ) ) ;
#4415 = VECTOR ( 'NONE', #4486, 1000.000000000000114 ) ;
#4416 = CARTESIAN_POINT ( 'NONE',  ( 9.691120861856095559, -2.792893218813452094, -29.60841622532397110 ) ) ;
#4417 = EDGE_CURVE ( 'NONE', #1203, #661, #3581, .T. ) ;
#4418 = FACE_OUTER_BOUND ( 'NONE', #3404, .T. ) ;
#4419 = ORIENTED_EDGE ( 'NONE', *, *, #5270, .F. ) ;
#4420 = DIRECTION ( 'NONE',  ( -0.4226182617401657016, 0.000000000000000000, 0.9063077870368988487 ) ) ;
#4421 = CARTESIAN_POINT ( 'NONE',  ( -31.19951267229360781, -2.650251510363370588, 7.397720104716650980 ) ) ;
#4422 = DIRECTION ( 'NONE',  ( -0.000000000000000000, 1.000000000000000000, 0.000000000000000000 ) ) ;
#4423 = CARTESIAN_POINT ( 'NONE',  ( 19.84842270412693566, 3.265000000000000124, -12.63728674036868860 ) ) ;
#4424 = CARTESIAN_POINT ( 'NONE',  ( 6.724046161570117697, -3.000000000000000000, -15.49188450811890938 ) ) ;
#4425 = CARTESIAN_POINT ( 'NONE',  ( 7.705266465701541279, -3.000000000000000444, -23.34914714043093298 ) ) ;
#4426 = VECTOR ( 'NONE', #2473, 1000.000000000000000 ) ;
#4427 = ORIENTED_EDGE ( 'NONE', *, *, #386, .F. ) ;
#4428 = VECTOR ( 'NONE', #4474, 1000.000000000000114 ) ;
#4429 = VERTEX_POINT ( 'NONE', #1897 ) ;
#4430 = CARTESIAN_POINT ( 'NONE',  ( 15.60607930272259658, -3.000000000000000000, 18.59860107533160445 ) ) ;
#4431 = CARTESIAN_POINT ( 'NONE',  ( -7.705420974455940097, -3.000000000000000000, -23.34935054440256508 ) ) ;
#4432 = FACE_OUTER_BOUND ( 'NONE', #1273, .T. ) ;
#4433 = ORIENTED_EDGE ( 'NONE', *, *, #3105, .T. ) ;
#4434 = CARTESIAN_POINT ( 'NONE',  ( 15.31841097139950314, -2.883090468735741485, 19.56972712229826428 ) ) ;
#4435 = ORIENTED_EDGE ( 'NONE', *, *, #2897, .F. ) ;
#4436 = CARTESIAN_POINT ( 'NONE',  ( 23.61495323805836222, -2.973325924938046594, 3.472316846753365827 ) ) ;
#4437 = EDGE_CURVE ( 'NONE', #2358, #1175, #998, .T. ) ;
#4438 = VECTOR ( 'NONE', #2526, 1000.000000000000114 ) ;
#4439 = LINE ( 'NONE', #5251, #1056 ) ;
#4440 = DIRECTION ( 'NONE',  ( -0.7660444431189774583, 0.000000000000000000, 0.6427876096865401401 ) ) ;
#4441 = ORIENTED_EDGE ( 'NONE', *, *, #3714, .F. ) ;
#4442 = AXIS2_PLACEMENT_3D ( 'NONE', #165, #2479, #2571 ) ;
#4443 = ORIENTED_EDGE ( 'NONE', *, *, #3208, .F. ) ;
#4444 = ADVANCED_FACE ( 'NONE', ( #1423 ), #3743, .F. ) ;
#4445 = LINE ( 'NONE', #5410, #4268 ) ;
#4446 = CARTESIAN_POINT ( 'NONE',  ( -14.81695515800141116, -3.000000000000000000, 18.46713593082417759 ) ) ;
#4447 = LINE ( 'NONE', #3953, #554 ) ;
#4448 = EDGE_CURVE ( 'NONE', #1411, #4317, #5828, .T. ) ;
#4449 = EDGE_CURVE ( 'NONE', #498, #167, #114, .T. ) ;
#4450 = PRODUCT_DEFINITION_CONTEXT ( 'detailed design', #733, 'design' ) ;
#4451 = DIRECTION ( 'NONE',  ( 0.08715574274824934575, -0.000000000000000000, 0.9961946980916938088 ) ) ;
#4452 = DIRECTION ( 'NONE',  ( 0.000000000000000000, 0.000000000000000000, 1.000000000000000000 ) ) ;
#4453 = CIRCLE ( 'NONE', #2610, 25.02749999999999631 ) ;
#4454 = VERTEX_POINT ( 'NONE', #1929 ) ;
#4455 = CARTESIAN_POINT ( 'NONE',  ( 11.23820881949115780, -3.000000000000000000, 13.39317573496640357 ) ) ;
#4456 = CARTESIAN_POINT ( 'NONE',  ( 3.692205798609079270, -2.500000000000000000, -15.66973438633268856 ) ) ;
#4457 = CARTESIAN_POINT ( 'NONE',  ( 9.485192156497154414, -3.000000000000000000, 13.01743292839957888 ) ) ;
#4458 = VECTOR ( 'NONE', #4023, 1000.000000000000000 ) ;
#4459 = ORIENTED_EDGE ( 'NONE', *, *, #5544, .T. ) ;
#4460 = CARTESIAN_POINT ( 'NONE',  ( 0.5244024014076339446, -3.000000000000000000, -1.440783756570812146 ) ) ;
#4461 = VERTEX_POINT ( 'NONE', #4696 ) ;
#4462 = B_SPLINE_CURVE_WITH_KNOTS ( 'NONE', 3,
 ( #1786, #3827, #3203, #4746 ),
 .UNSPECIFIED., .F., .F.,
 ( 4, 4 ),
 ( 4.358438792651350852E-18, 0.0002633906062302661388 ),
 .UNSPECIFIED. ) ;
#4463 = DIRECTION ( 'NONE',  ( 0.6427876096865970945, 0.000000000000000000, 0.7660444431189294967 ) ) ;
#4464 = DIRECTION ( 'NONE',  ( -0.000000000000000000, 1.000000000000000000, -0.000000000000000000 ) ) ;
#4465 = LINE ( 'NONE', #4869, #3491 ) ;
#4466 = DIRECTION ( 'NONE',  ( 0.000000000000000000, 0.000000000000000000, 1.000000000000000000 ) ) ;
#4467 = AXIS2_PLACEMENT_3D ( 'NONE', #4197, #4719, #5146 ) ;
#4468 = B_SPLINE_CURVE_WITH_KNOTS ( 'NONE', 3,
 ( #2274, #4055, #5916, #4114, #1758, #6000, #4953, #3599, #3175, #3150 ),
 .UNSPECIFIED., .F., .F.,
 ( 4, 2, 2, 2, 4 ),
 ( 0.000000000000000000, 0.0002540264268552068581, 0.0005080528537104137161, 0.0007620792805656205742, 0.001016105707420827432 ),
 .UNSPECIFIED. ) ;
#4469 = ADVANCED_FACE ( 'NONE', ( #2334 ), #543, .T. ) ;
#4470 = CARTESIAN_POINT ( 'NONE',  ( 22.00636987691699531, -2.650251510363326179, 23.32071050754042219 ) ) ;
#4471 = CARTESIAN_POINT ( 'NONE',  ( 31.83028401043139866, -2.961413309392003868, 4.037196529139913892 ) ) ;
#4472 = ORIENTED_EDGE ( 'NONE', *, *, #3422, .F. ) ;
#4473 = CYLINDRICAL_SURFACE ( 'NONE', #4475, 0.4999999999999995559 ) ;
#4474 = DIRECTION ( 'NONE',  ( -0.9848077530122211209, 0.000000000000000000, -0.1736481776668561960 ) ) ;
#4475 = AXIS2_PLACEMENT_3D ( 'NONE', #1293, #226, #4501 ) ;
#4476 = EDGE_CURVE ( 'NONE', #1927, #256, #4699, .T. ) ;
#4477 = CARTESIAN_POINT ( 'NONE',  ( 14.81459121830372894, -2.973325924937204157, 18.71499098996230259 ) ) ;
#4478 = DIRECTION ( 'NONE',  ( -0.9848077530122083534, -0.000000000000000000, 0.1736481776669289434 ) ) ;
#4479 = CARTESIAN_POINT ( 'NONE',  ( -8.925404411400807092, -3.000000000000000000, -22.31094027810005187 ) ) ;
#4480 = CARTESIAN_POINT ( 'NONE',  ( -11.20908218885295682, -3.000000000000000000, -29.27632191859747124 ) ) ;
#4481 = EDGE_CURVE ( 'NONE', #742, #4588, #453, .T. ) ;
#4482 = ORIENTED_EDGE ( 'NONE', *, *, #3555, .F. ) ;
#4483 = ADVANCED_FACE ( 'NONE', ( #3207 ), #4260, .T. ) ;
#4484 = ORIENTED_EDGE ( 'NONE', *, *, #1510, .T. ) ;
#4485 = CARTESIAN_POINT ( 'NONE',  ( 0.000000000000000000, 3.265000000000000124, 0.000000000000000000 ) ) ;
#4486 = DIRECTION ( 'NONE',  ( -0.4226182617402615138, 0.000000000000000000, 0.9063077870368541067 ) ) ;
#4487 = ADVANCED_FACE ( 'NONE', ( #917 ), #1153, .F. ) ;
#4488 = FACE_OUTER_BOUND ( 'NONE', #647, .T. ) ;
#4489 = ORIENTED_EDGE ( 'NONE', *, *, #3761, .T. ) ;
#4490 = CARTESIAN_POINT ( 'NONE',  ( 10.09792032711194132, -2.500000000000000000, 13.07103969715097769 ) ) ;
#4491 = VERTEX_POINT ( 'NONE', #1686 ) ;
#4492 = CARTESIAN_POINT ( 'NONE',  ( 20.79608018602494823, -3.000000000000000000, 23.19696497017266879 ) ) ;
#4493 = CARTESIAN_POINT ( 'NONE',  ( -20.35842270412916832, 0.000000000000000000, -11.75394082850527333 ) ) ;
#4494 = DIRECTION ( 'NONE',  ( -0.000000000000000000, 1.000000000000000000, -0.000000000000000000 ) ) ;
#4495 = AXIS2_PLACEMENT_3D ( 'NONE', #4683, #5629, #5660 ) ;
#4496 = CYLINDRICAL_SURFACE ( 'NONE', #203, 0.5000000000000001110 ) ;
#4497 = VERTEX_POINT ( 'NONE', #3521 ) ;
#4498 = AXIS2_PLACEMENT_3D ( 'NONE', #1853, #3268, #2818 ) ;
#4499 = ORIENTED_EDGE ( 'NONE', *, *, #5468, .F. ) ;
#4500 = CARTESIAN_POINT ( 'NONE',  ( -7.565744276311876071, -3.000000000000000444, -22.49461572752622729 ) ) ;
#4501 = DIRECTION ( 'NONE',  ( 0.5735764363515727382, 0.000000000000000000, 0.8191520442886230935 ) ) ;
#4502 =( BOUNDED_CURVE ( )  B_SPLINE_CURVE ( 3, ( #2118, #3956, #5822, #1667 ),
 .UNSPECIFIED., .F., .T. ) 
 B_SPLINE_CURVE_WITH_KNOTS ( ( 4, 4 ),
 ( 0.000000000000000000, 1.570796326794897224 ),
 .UNSPECIFIED. ) 
 CURVE ( )  GEOMETRIC_REPRESENTATION_ITEM ( )  RATIONAL_B_SPLINE_CURVE ( ( 1.000000000000000000, 0.8047378541243649375, 0.8047378541243649375, 1.000000000000000000 ) ) 
 REPRESENTATION_ITEM ( '' )  );
#4503 = ORIENTED_EDGE ( 'NONE', *, *, #332, .F. ) ;
#4504 = CARTESIAN_POINT ( 'NONE',  ( -0.9855541338493460923, 3.265000000000000124, 1.174537679707344129 ) ) ;
#4505 = AXIS2_PLACEMENT_3D ( 'NONE', #2240, #3622, #3565 ) ;
#4506 = DIRECTION ( 'NONE',  ( -0.9848077530122083534, 0.000000000000000000, 0.1736481776669292765 ) ) ;
#4507 = ADVANCED_FACE ( 'NONE', ( #1343 ), #2615, .F. ) ;
#4508 = CARTESIAN_POINT ( 'NONE',  ( -31.37141457813785195, -3.000000000000000000, 6.802515648107203994 ) ) ;
#4509 = AXIS2_PLACEMENT_3D ( 'NONE', #296, #4533, #4452 ) ;
#4510 = ORIENTED_EDGE ( 'NONE', *, *, #2431, .T. ) ;
#4511 = VERTEX_POINT ( 'NONE', #3550 ) ;
#4512 = CARTESIAN_POINT ( 'NONE',  ( 0.4886401628093650085, -3.000000000000000000, -0.1778504745295992062 ) ) ;
#4513 = EDGE_CURVE ( 'NONE', #307, #795, #1597, .T. ) ;
#4514 = DIRECTION ( 'NONE',  ( 0.000000000000000000, -1.000000000000000000, 0.000000000000000000 ) ) ;
#4515 = EDGE_CURVE ( 'NONE', #2883, #2291, #4750, .T. ) ;
#4516 = DIRECTION ( 'NONE',  ( 0.000000000000000000, 0.000000000000000000, -1.000000000000000000 ) ) ;
#4517 = ORIENTED_EDGE ( 'NONE', *, *, #4515, .F. ) ;
#4518 = CARTESIAN_POINT ( 'NONE',  ( 16.07282071980216287, -2.500000000000000000, 0.9150920754745598407 ) ) ;
#4519 = ORIENTED_EDGE ( 'NONE', *, *, #926, .F. ) ;
#4520 = CARTESIAN_POINT ( 'NONE',  ( 9.485192156497154414, -3.000000000000000000, 13.01743292839957888 ) ) ;
#4521 = LINE ( 'NONE', #368, #5995 ) ;
#4522 = EDGE_CURVE ( 'NONE', #4497, #4695, #5492, .T. ) ;
#4523 = ORIENTED_EDGE ( 'NONE', *, *, #4006, .T. ) ;
#4524 = DIRECTION ( 'NONE',  ( -0.000000000000000000, 1.000000000000000000, -0.000000000000000000 ) ) ;
#4525 = VECTOR ( 'NONE', #4982, 999.9999999999998863 ) ;
#4526 = ORIENTED_EDGE ( 'NONE', *, *, #1356, .F. ) ;
#4527 = FACE_OUTER_BOUND ( 'NONE', #272, .T. ) ;
#4528 = B_SPLINE_CURVE_WITH_KNOTS ( 'NONE', 3,
 ( #1615, #4365, #5311, #2999 ),
 .UNSPECIFIED., .F., .F.,
 ( 4, 4 ),
 ( 0.0004692997782875837475, 0.0006468385292473305881 ),
 .UNSPECIFIED. ) ;
#4529 = FACE_BOUND ( 'NONE', #392, .T. ) ;
#4530 = CARTESIAN_POINT ( 'NONE',  ( 24.44967702698105683, -2.500000000000000000, 5.346872873588295327 ) ) ;
#4531 = CARTESIAN_POINT ( 'NONE',  ( 0.000000000000000000, -3.000000000000000000, 0.000000000000000000 ) ) ;
#4532 = DIRECTION ( 'NONE',  ( 0.000000000000000000, 0.000000000000000000, 1.000000000000000000 ) ) ;
#4533 = DIRECTION ( 'NONE',  ( -0.000000000000000000, 1.000000000000000000, -0.000000000000000000 ) ) ;
#4534 = CARTESIAN_POINT ( 'NONE',  ( -21.71325459514958922, -2.500000000000000000, 1.899663625312524307 ) ) ;
#4535 = EDGE_CURVE ( 'NONE', #2038, #1974, #4108, .T. ) ;
#4536 = ORIENTED_EDGE ( 'NONE', *, *, #1108, .F. ) ;
#4537 = CARTESIAN_POINT ( 'NONE',  ( 15.85814145653025697, -2.973325924937955556, 17.83934836995437934 ) ) ;
#4538 = CYLINDRICAL_SURFACE ( 'NONE', #639, 0.4999999999999998890 ) ;
#4539 = CARTESIAN_POINT ( 'NONE',  ( 21.14644285628408937, -0.9761472547092341356, -13.38669902462525485 ) ) ;
#4540 = ADVANCED_FACE ( 'NONE', ( #2255 ), #2592, .T. ) ;
#4541 = ORIENTED_EDGE ( 'NONE', *, *, #3873, .F. ) ;
#4542 = DIRECTION ( 'NONE',  ( 0.000000000000000000, 0.000000000000000000, -1.000000000000000000 ) ) ;
#4543 = EDGE_LOOP ( 'NONE', ( #1166, #4482, #4835, #5241 ) ) ;
#4544 = CARTESIAN_POINT ( 'NONE',  ( -15.48168225354038263, -2.848831634978290506, 4.424929995458654730 ) ) ;
#4545 = CARTESIAN_POINT ( 'NONE',  ( 24.43080516915147982, -2.970787267806586307, 3.608788054964906067 ) ) ;
#4546 = VERTEX_POINT ( 'NONE', #5495 ) ;
#4547 = DIRECTION ( 'NONE',  ( 0.000000000000000000, 0.000000000000000000, -1.000000000000000000 ) ) ;
#4548 = ADVANCED_FACE ( 'NONE', ( #4902 ), #2134, .T. ) ;
#4549 = ADVANCED_FACE ( 'NONE', ( #3375 ), #1478, .T. ) ;
#4550 = DIRECTION ( 'NONE',  ( 0.8191520442888694520, 0.000000000000000000, -0.5735764363512210195 ) ) ;
#4551 = ORIENTED_EDGE ( 'NONE', *, *, #2947, .F. ) ;
#4552 = DIRECTION ( 'NONE',  ( 0.6427876096865468014, 0.000000000000000000, -0.7660444431189717962 ) ) ;
#4553 = PLANE ( 'NONE',  #4143 ) ;
#4554 = AXIS2_PLACEMENT_3D ( 'NONE', #3715, #3234, #5605 ) ;
#4555 = DIRECTION ( 'NONE',  ( -0.9961946980916877026, -0.000000000000000000, -0.08715574274831972001 ) ) ;
#4556 = EDGE_CURVE ( 'NONE', #813, #913, #2928, .T. ) ;
#4557 = AXIS2_PLACEMENT_3D ( 'NONE', #3424, #1134, #2975 ) ;
#4558 = LINE ( 'NONE', #3103, #1043 ) ;
#4559 = CARTESIAN_POINT ( 'NONE',  ( -24.80391930942172607, -2.500000000000000000, 3.337865057442499950 ) ) ;
#4560 = AXIS2_PLACEMENT_3D ( 'NONE', #2705, #3158, #3689 ) ;
#4561 = CARTESIAN_POINT ( 'NONE',  ( 19.75406189091075504, -3.000000000000000000, -9.211470339388647233 ) ) ;
#4562 = AXIS2_PLACEMENT_3D ( 'NONE', #897, #485, #1823 ) ;
#4563 = ORIENTED_EDGE ( 'NONE', *, *, #3586, .F. ) ;
#4564 = CARTESIAN_POINT ( 'NONE',  ( 0.000000000000000000, -3.000000000000000000, 0.000000000000000000 ) ) ;
#4565 = CARTESIAN_POINT ( 'NONE',  ( 23.32786525393763455, -2.623645333210853803, 3.077596902475848939 ) ) ;
#4566 = AXIS2_PLACEMENT_3D ( 'NONE', #1763, #2728, #3575 ) ;
#4567 = CARTESIAN_POINT ( 'NONE',  ( -11.57262139638229925, -2.849145032862545168, 11.19540583005836254 ) ) ;
#4568 = ORIENTED_EDGE ( 'NONE', *, *, #1322, .F. ) ;
#4569 = CARTESIAN_POINT ( 'NONE',  ( -30.84144333032262608, 3.265000000000000124, 4.402443439002778014 ) ) ;
#4570 = VERTEX_POINT ( 'NONE', #4231 ) ;
#4571 = CARTESIAN_POINT ( 'NONE',  ( 8.800362019752785869, -2.973325924936811138, -22.18730783671198736 ) ) ;
#4572 = ADVANCED_FACE ( 'NONE', ( #4785 ), #635, .T. ) ;
#4573 = CARTESIAN_POINT ( 'NONE',  ( -23.53822868062902174, -2.988063204682018359, 3.502747695346277723 ) ) ;
#4574 = CARTESIAN_POINT ( 'NONE',  ( -19.74949741644991619, -3.000000000000000000, 24.34551088795294760 ) ) ;
#4575 = ORIENTED_EDGE ( 'NONE', *, *, #3640, .T. ) ;
#4576 = CARTESIAN_POINT ( 'NONE',  ( 7.565616370701220283, -3.000000000000000000, -22.49484218343521746 ) ) ;
#4577 = FACE_OUTER_BOUND ( 'NONE', #3063, .T. ) ;
#4578 = EDGE_CURVE ( 'NONE', #5820, #4377, #5802, .T. ) ;
#4579 = LINE ( 'NONE', #33, #595 ) ;
#4580 = ADVANCED_FACE ( 'NONE', ( #4655 ), #3279, .F. ) ;
#4581 = ORIENTED_EDGE ( 'NONE', *, *, #3510, .T. ) ;
#4582 = VECTOR ( 'NONE', #4748, 1000.000000000000000 ) ;
#4583 = CARTESIAN_POINT ( 'NONE',  ( 15.28362398822344304, -2.989096945994451193, 19.33323270544598316 ) ) ;
#4584 = FACE_OUTER_BOUND ( 'NONE', #3257, .T. ) ;
#4585 = CARTESIAN_POINT ( 'NONE',  ( 12.72296122597525603, -3.000000000000000000, -29.43056634765067159 ) ) ;
#4586 = CIRCLE ( 'NONE', #2362, 14.57731163100815586 ) ;
#4587 = ADVANCED_FACE ( 'NONE', ( #504 ), #2419, .F. ) ;
#4588 = VERTEX_POINT ( 'NONE', #4261 ) ;
#4589 = CARTESIAN_POINT ( 'NONE',  ( -15.29263558886042063, -2.500000000000000000, 19.81189170665737365 ) ) ;
#4590 = AXIS2_PLACEMENT_3D ( 'NONE', #2329, #5149, #5208 ) ;
#4591 = B_SPLINE_CURVE_WITH_KNOTS ( 'NONE', 3,
 ( #341, #5842, #4870, #3039 ),
 .UNSPECIFIED., .F., .F.,
 ( 4, 4 ),
 ( 6.841348785408469569E-05, 0.0002466269969112137969 ),
 .UNSPECIFIED. ) ;
#4592 = ORIENTED_EDGE ( 'NONE', *, *, #5852, .F. ) ;
#4593 = DIRECTION ( 'NONE',  ( 0.000000000000000000, -1.000000000000000000, 0.000000000000000000 ) ) ;
#4594 = B_SPLINE_CURVE_WITH_KNOTS ( 'NONE', 3,
 ( #3324, #118, #1967, #5678 ),
 .UNSPECIFIED., .F., .F.,
 ( 4, 4 ),
 ( 0.0003137610113323348847, 0.0004909606842042768147 ),
 .UNSPECIFIED. ) ;
#4595 = LINE ( 'NONE', #43, #5087 ) ;
#4596 = VECTOR ( 'NONE', #2387, 999.9999999999998863 ) ;
#4597 = CARTESIAN_POINT ( 'NONE',  ( 14.32920972712218166, 3.265000000000000124, 18.66372547473164900 ) ) ;
#4598 = ORIENTED_EDGE ( 'NONE', *, *, #4095, .T. ) ;
#4599 = DIRECTION ( 'NONE',  ( 0.4226182617402020059, 0.000000000000000000, -0.9063077870368820843 ) ) ;
#4600 = PRESENTATION_LAYER_ASSIGNMENT (  '', '', ( #1231 ) ) ;
#4601 = ORIENTED_EDGE ( 'NONE', *, *, #3518, .T. ) ;
#4602 = CARTESIAN_POINT ( 'NONE',  ( 9.346433687949730285, -2.990860970744409375, 13.11608534626037681 ) ) ;
#4603 = CARTESIAN_POINT ( 'NONE',  ( 15.41649094842345136, -2.500000000000000000, 4.637323175571752110 ) ) ;
#4604 = PLANE ( 'NONE',  #4383 ) ;
#4605 = CARTESIAN_POINT ( 'NONE',  ( -7.863995953073386502, -2.986739144610074614, -23.48851738292543700 ) ) ;
#4606 = EDGE_CURVE ( 'NONE', #4786, #2658, #108, .T. ) ;
#4607 = VERTEX_POINT ( 'NONE', #4295 ) ;
#4608 = CARTESIAN_POINT ( 'NONE',  ( -24.43080516915058809, -2.970787267806803467, 3.608788054966185488 ) ) ;
#4609 = VECTOR ( 'NONE', #5161, 1000.000000000000114 ) ;
#4610 = CARTESIAN_POINT ( 'NONE',  ( -19.84842270413053456, 3.265000000000000124, -12.63728674036303268 ) ) ;
#4611 = CARTESIAN_POINT ( 'NONE',  ( 8.303821354729477022, -3.000000000000000000, -22.01456166729342456 ) ) ;
#4612 = EDGE_LOOP ( 'NONE', ( #314, #1106, #5568, #5684 ) ) ;
#4613 = EDGE_CURVE ( 'NONE', #3140, #5435, #3800, .T. ) ;
#4614 = EDGE_CURVE ( 'NONE', #2243, #613, #5158, .T. ) ;
#4615 = CARTESIAN_POINT ( 'NONE',  ( 15.60607930272259658, 9.530000000000001137, 17.79860107532861235 ) ) ;
#4616 = CARTESIAN_POINT ( 'NONE',  ( 19.75406189091075504, -2.500000000000000000, -9.211470339388647233 ) ) ;
#4617 = LINE ( 'NONE', #5563, #3056 ) ;
#4618 = VERTEX_POINT ( 'NONE', #1038 ) ;
#4619 = LINE ( 'NONE', #2292, #807 ) ;
#4620 = EDGE_CURVE ( 'NONE', #427, #177, #4409, .T. ) ;
#4621 = EDGE_CURVE ( 'NONE', #5525, #4690, #261, .T. ) ;
#4622 = ORIENTED_EDGE ( 'NONE', *, *, #364, .F. ) ;
#4623 = CARTESIAN_POINT ( 'NONE',  ( -16.04556694617612322, -2.954357122083203890, 1.371188415904754709 ) ) ;
#4624 = CARTESIAN_POINT ( 'NONE',  ( -12.72296122597416357, -2.576037802762259243, -29.43056634764681334 ) ) ;
#4625 = CARTESIAN_POINT ( 'NONE',  ( 15.34070471704966643, -2.970787267805324650, 19.35330388391502865 ) ) ;
#4626 = ORIENTED_EDGE ( 'NONE', *, *, #4515, .T. ) ;
#4627 = CARTESIAN_POINT ( 'NONE',  ( 16.77838861730841558, 3.265000000000000124, 1.922747461918894674 ) ) ;
#4628 = ORIENTED_EDGE ( 'NONE', *, *, #3678, .T. ) ;
#4629 = DIRECTION ( 'NONE',  ( -0.08715574274785162223, 0.000000000000000000, -0.9961946980917286698 ) ) ;
#4630 = FACE_OUTER_BOUND ( 'NONE', #1973, .T. ) ;
#4631 = CARTESIAN_POINT ( 'NONE',  ( 7.081682580411109207, -2.623645333210968378, -22.43904346959339335 ) ) ;
#4632 = DIRECTION ( 'NONE',  ( -0.8191520442892442633, -0.000000000000000000, -0.5735764363506855590 ) ) ;
#4633 = CIRCLE ( 'NONE', #188, 25.02749999999999275 ) ;
#4634 = ORIENTED_EDGE ( 'NONE', *, *, #2259, .T. ) ;
#4635 = CARTESIAN_POINT ( 'NONE',  ( -8.303821354723572412, -3.000000000000000000, -22.81456166729534374 ) ) ;
#4636 = CARTESIAN_POINT ( 'NONE',  ( -0.3983431104218729812, -2.500000000000000000, -0.3342495570370107028 ) ) ;
#4637 = DIRECTION ( 'NONE',  ( -0.000000000000000000, 1.000000000000000000, -0.000000000000000000 ) ) ;
#4638 = EDGE_CURVE ( 'NONE', #1934, #2708, #3720, .T. ) ;
#4639 = ORIENTED_EDGE ( 'NONE', *, *, #4556, .F. ) ;
#4640 = VECTOR ( 'NONE', #4252, 1000.000000000000000 ) ;
#4641 = DIRECTION ( 'NONE',  ( 0.000000000000000000, 0.000000000000000000, -1.000000000000000000 ) ) ;
#4642 = CARTESIAN_POINT ( 'NONE',  ( 11.61707311970207712, -2.500000000000000000, 12.25785032243555506 ) ) ;
#4643 = CARTESIAN_POINT ( 'NONE',  ( -21.14644285628553888, -0.9761472547094224295, -13.38669902462328309 ) ) ;
#4644 = ADVANCED_FACE ( 'NONE', ( #4704 ), #2004, .T. ) ;
#4645 = AXIS2_PLACEMENT_3D ( 'NONE', #3815, #2815, #1552 ) ;
#4646 = VERTEX_POINT ( 'NONE', #4734 ) ;
#4647 = DIRECTION ( 'NONE',  ( 0.9961946980917285588, 0.000000000000000000, -0.08715574274785162223 ) ) ;
#4648 = EDGE_LOOP ( 'NONE', ( #1729, #3342, #3886, #2448 ) ) ;
#4649 = CARTESIAN_POINT ( 'NONE',  ( 20.86842270412794065, 3.265000000000000124, -10.87059491664726352 ) ) ;
#4650 = CARTESIAN_POINT ( 'NONE',  ( 8.303821354729477022, -3.000000000000000000, -22.81456166729532953 ) ) ;
#4651 = EDGE_CURVE ( 'NONE', #1934, #4815, #552, .T. ) ;
#4652 = ADVANCED_FACE ( 'NONE', ( #3849 ), #5582, .F. ) ;
#4653 = AXIS2_PLACEMENT_3D ( 'NONE', #553, #1490, #2909 ) ;
#4654 = CYLINDRICAL_SURFACE ( 'NONE', #5336, 25.02749999999998920 ) ;
#4655 = FACE_OUTER_BOUND ( 'NONE', #636, .T. ) ;
#4656 =( BOUNDED_CURVE ( )  B_SPLINE_CURVE ( 3, ( #2279, #3549, #4990, #1255 ),
 .UNSPECIFIED., .F., .F. ) 
 B_SPLINE_CURVE_WITH_KNOTS ( ( 4, 4 ),
 ( 4.712388980384690562, 6.283185307179586232 ),
 .UNSPECIFIED. ) 
 CURVE ( )  GEOMETRIC_REPRESENTATION_ITEM ( )  RATIONAL_B_SPLINE_CURVE ( ( 1.000000000000000000, 0.8047378541243652705, 0.8047378541243652705, 1.000000000000000000 ) ) 
 REPRESENTATION_ITEM ( '' )  );
#4657 = ORIENTED_EDGE ( 'NONE', *, *, #5624, .F. ) ;
#4658 = EDGE_LOOP ( 'NONE', ( #204, #4701, #475, #1487, #865 ) ) ;
#4659 = CARTESIAN_POINT ( 'NONE',  ( 11.44281778395766658, -3.000000000000000888, -29.06214270632930052 ) ) ;
#4660 = VECTOR ( 'NONE', #4552, 1000.000000000000114 ) ;
#4661 = CARTESIAN_POINT ( 'NONE',  ( 15.60607930272259658, -3.000000000000000000, 17.79860107532861235 ) ) ;
#4662 = VERTEX_POINT ( 'NONE', #1429 ) ;
#4663 = ADVANCED_FACE ( 'NONE', ( #1970 ), #972, .T. ) ;
#4664 = CARTESIAN_POINT ( 'NONE',  ( 23.90990065744913906, -3.000000000000000000, 4.215960591969848181 ) ) ;
#4665 = ORIENTED_EDGE ( 'NONE', *, *, #5832, .F. ) ;
#4666 = ORIENTED_EDGE ( 'NONE', *, *, #3837, .F. ) ;
#4667 = CARTESIAN_POINT ( 'NONE',  ( 8.303821354729477022, -3.000000000000000000, -22.81456166729532953 ) ) ;
#4668 = CARTESIAN_POINT ( 'NONE',  ( -31.84909871781260904, -2.500000000000000000, 3.696875540765334645 ) ) ;
#4669 = CARTESIAN_POINT ( 'NONE',  ( -9.090100452100148942, -2.970787267807006415, -22.96209193887530375 ) ) ;
#4670 = CYLINDRICAL_SURFACE ( 'NONE', #3020, 0.4999999999999995559 ) ;
#4671 = ORIENTED_EDGE ( 'NONE', *, *, #4034, .F. ) ;
#4672 = ORIENTED_EDGE ( 'NONE', *, *, #4272, .F. ) ;
#4673 = CARTESIAN_POINT ( 'NONE',  ( 10.05434245573841068, -2.500000000000000000, 13.56913704619687699 ) ) ;
#4674 = DIRECTION ( 'NONE',  ( 0.000000000000000000, 0.000000000000000000, 1.000000000000000000 ) ) ;
#4675 = CARTESIAN_POINT ( 'NONE',  ( -6.724046161570257141, -2.500000000000000000, -15.49188450811626794 ) ) ;
#4676 = VECTOR ( 'NONE', #2233, 1000.000000000000000 ) ;
#4677 = LINE ( 'NONE', #2882, #5728 ) ;
#4678 = ORIENTED_EDGE ( 'NONE', *, *, #4535, .F. ) ;
#4679 = CARTESIAN_POINT ( 'NONE',  ( -23.37839960360636127, -2.973325924937979536, 4.813879173184461457 ) ) ;
#4680 = EDGE_CURVE ( 'NONE', #2750, #1083, #4374, .T. ) ;
#4681 = VECTOR ( 'NONE', #2625, 1000.000000000000000 ) ;
#4682 = ORIENTED_EDGE ( 'NONE', *, *, #491, .T. ) ;
#4683 = CARTESIAN_POINT ( 'NONE',  ( 0.000000000000000000, -3.000000000000000000, 0.000000000000000000 ) ) ;
#4684 = CARTESIAN_POINT ( 'NONE',  ( 1.020000000004275487, 3.265000000000000124, 25.00670622553059985 ) ) ;
#4685 = DIRECTION ( 'NONE',  ( 0.000000000000000000, 0.000000000000000000, 1.000000000000000000 ) ) ;
#4686 =( BOUNDED_CURVE ( )  B_SPLINE_CURVE ( 3, ( #4153, #9, #1854, #5494 ),
 .UNSPECIFIED., .F., .F. ) 
 B_SPLINE_CURVE_WITH_KNOTS ( ( 4, 4 ),
 ( 4.712388980384689674, 6.283185307179586232 ),
 .UNSPECIFIED. ) 
 CURVE ( )  GEOMETRIC_REPRESENTATION_ITEM ( )  RATIONAL_B_SPLINE_CURVE ( ( 1.000000000000000000, 0.8047378541243649375, 0.8047378541243649375, 1.000000000000000000 ) ) 
 REPRESENTATION_ITEM ( '' )  );
#4687 = DIRECTION ( 'NONE',  ( 0.1736481776669306920, 0.000000000000000000, -0.9848077530122080203 ) ) ;
#4688 = ORIENTED_EDGE ( 'NONE', *, *, #5625, .F. ) ;
#4689 = ADVANCED_FACE ( 'NONE', ( #121 ), #4768, .T. ) ;
#4690 = VERTEX_POINT ( 'NONE', #32 ) ;
#4691 = CARTESIAN_POINT ( 'NONE',  ( 19.84842270412693566, 0.000000000000000000, -12.63728674036868505 ) ) ;
#4692 = VECTOR ( 'NONE', #3805, 1000.000000000000000 ) ;
#4693 = CARTESIAN_POINT ( 'NONE',  ( 15.59064073780133164, -2.990860970744408931, 4.039732525606038571 ) ) ;
#4694 = AXIS2_PLACEMENT_3D ( 'NONE', #4102, #3614, #3050 ) ;
#4695 = VERTEX_POINT ( 'NONE', #4833 ) ;
#4696 = CARTESIAN_POINT ( 'NONE',  ( -1.019999999997242446, 3.265000000000000124, 23.50788165701039034 ) ) ;
#4697 = AXIS2_PLACEMENT_3D ( 'NONE', #5853, #787, #1297 ) ;
#4698 = VERTEX_POINT ( 'NONE', #5350 ) ;
#4699 = B_SPLINE_CURVE_WITH_KNOTS ( 'NONE', 3,
 ( #4238, #3774, #4605, #5641 ),
 .UNSPECIFIED., .F., .F.,
 ( 4, 4 ),
 ( 4.925667812690175113E-18, 0.0002633906062267504507 ),
 .UNSPECIFIED. ) ;
#4700 = ADVANCED_FACE ( 'NONE', ( #1199 ), #1714, .F. ) ;
#4701 = ORIENTED_EDGE ( 'NONE', *, *, #2787, .F. ) ;
#4702 = DIRECTION ( 'NONE',  ( -0.000000000000000000, 1.000000000000000000, -0.000000000000000000 ) ) ;
#4703 = CARTESIAN_POINT ( 'NONE',  ( 16.42414633486759712, -3.000000000000000000, 3.931755278064975823 ) ) ;
#4704 = FACE_OUTER_BOUND ( 'NONE', #2458, .T. ) ;
#4705 = FACE_OUTER_BOUND ( 'NONE', #1996, .T. ) ;
#4706 = ORIENTED_EDGE ( 'NONE', *, *, #4886, .F. ) ;
#4707 = AXIS2_PLACEMENT_3D ( 'NONE', #5719, #1495, #66 ) ;
#4708 = ORIENTED_EDGE ( 'NONE', *, *, #3958, .T. ) ;
#4709 = CARTESIAN_POINT ( 'NONE',  ( 6.724046161570117697, 3.265000000000000124, -15.49188450811890938 ) ) ;
#4710 = CARTESIAN_POINT ( 'NONE',  ( 24.01045617635273999, -3.000000000000000000, 5.009615798985402435 ) ) ;
#4711 = ORIENTED_EDGE ( 'NONE', *, *, #1669, .T. ) ;
#4712 = CARTESIAN_POINT ( 'NONE',  ( -22.97362297149674504, -2.623645333210808506, 5.086604718622891319 ) ) ;
#4713 = DIRECTION ( 'NONE',  ( 0.000000000000000000, 0.000000000000000000, -1.000000000000000000 ) ) ;
#4714 = AXIS2_PLACEMENT_3D ( 'NONE', #3540, #5399, #799 ) ;
#4715 = ORIENTED_EDGE ( 'NONE', *, *, #4959, .T. ) ;
#4716 = CARTESIAN_POINT ( 'NONE',  ( -16.02450721727552008, -3.000000000000000000, 1.620208348750909577 ) ) ;
#4717 = CARTESIAN_POINT ( 'NONE',  ( -31.80608415963236979, -3.000000000000000000, 4.337381953036411275 ) ) ;
#4718 = CARTESIAN_POINT ( 'NONE',  ( -0.9855541338493460923, -3.000000000000000000, 1.174537679707344129 ) ) ;
#4719 = DIRECTION ( 'NONE',  ( -0.4226182617401657571, 0.000000000000000000, 0.9063077870368989597 ) ) ;
#4720 = VERTEX_POINT ( 'NONE', #2612 ) ;
#4721 = ORIENTED_EDGE ( 'NONE', *, *, #1877, .T. ) ;
#4722 = CARTESIAN_POINT ( 'NONE',  ( 19.65932503706210355, -3.000000000000000000, 25.37618590062854196 ) ) ;
#4723 = CARTESIAN_POINT ( 'NONE',  ( 5.979726014091932385, -3.000000000000000000, -16.42916219819833756 ) ) ;
#4724 =( BOUNDED_CURVE ( )  B_SPLINE_CURVE ( 3, ( #1783, #4022, #5395, #2152 ),
 .UNSPECIFIED., .F., .T. ) 
 B_SPLINE_CURVE_WITH_KNOTS ( ( 4, 4 ),
 ( 3.100826193555326515, 3.182359113624150915 ),
 .UNSPECIFIED. ) 
 CURVE ( )  GEOMETRIC_REPRESENTATION_ITEM ( )  RATIONAL_B_SPLINE_CURVE ( ( 1.000000000000000000, 0.9994461086279982087, 0.9994461086279982087, 1.000000000000000000 ) ) 
 REPRESENTATION_ITEM ( '' )  );
#4725 = EDGE_LOOP ( 'NONE', ( #1515, #327, #3828, #1657 ) ) ;
#4726 = B_SPLINE_CURVE_WITH_KNOTS ( 'NONE', 3,
 ( #2297, #4565, #1887, #3733, #956, #5141 ),
 .UNSPECIFIED., .F., .F.,
 ( 4, 2, 4 ),
 ( 0.000000000000000000, 0.0003644118814627858235, 0.0007288237629255716471 ),
 .UNSPECIFIED. ) ;
#4727 = EDGE_CURVE ( 'NONE', #5724, #3507, #4073, .T. ) ;
#4728 = CARTESIAN_POINT ( 'NONE',  ( 0.000000000000000000, -3.000000000000000000, 0.000000000000000000 ) ) ;
#4729 = ORIENTED_EDGE ( 'NONE', *, *, #5407, .T. ) ;
#4730 = CARTESIAN_POINT ( 'NONE',  ( -19.74949741644991619, -3.000000000000000000, 24.34551088795294760 ) ) ;
#4731 = ORIENTED_EDGE ( 'NONE', *, *, #3430, .F. ) ;
#4732 = CARTESIAN_POINT ( 'NONE',  ( -22.02151929897088678, 3.265000000000000124, 23.30417700039917506 ) ) ;
#4733 = DIRECTION ( 'NONE',  ( 0.5735764363515737374, 0.000000000000000000, 0.8191520442886223163 ) ) ;
#4734 = CARTESIAN_POINT ( 'NONE',  ( 8.828903344064009673, 3.265000000000000124, 13.46192501608482672 ) ) ;
#4735 = CARTESIAN_POINT ( 'NONE',  ( 23.37839960360200209, -2.973325924936954134, 4.813879173186844440 ) ) ;
#4736 = EDGE_CURVE ( 'NONE', #795, #3522, #2588, .T. ) ;
#4737 = EDGE_LOOP ( 'NONE', ( #5530, #653, #5147, #1480, #4874 ) ) ;
#4738 = EDGE_CURVE ( 'NONE', #5435, #3418, #2065, .T. ) ;
#4739 = LINE ( 'NONE', #4615, #5467 ) ;
#4740 = CARTESIAN_POINT ( 'NONE',  ( 16.42414633486759712, -2.500000000000000000, 3.931755278064975823 ) ) ;
#4741 = EDGE_CURVE ( 'NONE', #2722, #1856, #4465, .T. ) ;
#4742 = DIRECTION ( 'NONE',  ( -0.8191520442893337473, -0.000000000000000000, 0.5735764363505576613 ) ) ;
#4743 = AXIS2_PLACEMENT_3D ( 'NONE', #4865, #5775, #2611 ) ;
#4744 = ORIENTED_EDGE ( 'NONE', *, *, #3472, .F. ) ;
#4745 = CARTESIAN_POINT ( 'NONE',  ( -9.511283720561259258, -2.619670988164193748, -23.14975676409982341 ) ) ;
#4746 = CARTESIAN_POINT ( 'NONE',  ( 24.19172554510434381, -2.970787267805217180, 4.964675980287141854 ) ) ;
#4747 = ORIENTED_EDGE ( 'NONE', *, *, #3232, .T. ) ;
#4748 = DIRECTION ( 'NONE',  ( -0.000000000000000000, -1.000000000000000000, -0.000000000000000000 ) ) ;
#4749 = FACE_OUTER_BOUND ( 'NONE', #5257, .T. ) ;
#4750 = CIRCLE ( 'NONE', #2140, 24.03000000000000114 ) ;
#4751 = CARTESIAN_POINT ( 'NONE',  ( 0.9855541338458263523, -3.000000000000000000, 1.174537679710378146 ) ) ;
#4752 = CARTESIAN_POINT ( 'NONE',  ( -16.38554547784855941, -2.989094210134092933, 18.40862094573680352 ) ) ;
#4753 = ORIENTED_EDGE ( 'NONE', *, *, #3830, .T. ) ;
#4754 = ORIENTED_EDGE ( 'NONE', *, *, #664, .T. ) ;
#4755 = CARTESIAN_POINT ( 'NONE',  ( 19.53573162375691652, -3.000000000000000444, 25.46304174759692529 ) ) ;
#4756 = DIRECTION ( 'NONE',  ( -0.7256903291925905775, 0.5457393103138246104, 0.4189775069076390190 ) ) ;
#4757 = ORIENTED_EDGE ( 'NONE', *, *, #5716, .F. ) ;
#4758 = VECTOR ( 'NONE', #4097, 1000.000000000000000 ) ;
#4759 = CARTESIAN_POINT ( 'NONE',  ( 3.729741856609732675, -2.668231137178746604, -15.66143673156398641 ) ) ;
#4760 = ORIENTED_EDGE ( 'NONE', *, *, #2897, .T. ) ;
#4761 = DIRECTION ( 'NONE',  ( 0.7660444431189292747, 0.000000000000000000, -0.6427876096865973166 ) ) ;
#4762 = VECTOR ( 'NONE', #1379, 1000.000000000000000 ) ;
#4763 = VECTOR ( 'NONE', #2769, 1000.000000000000114 ) ;
#4764 = ORIENTED_EDGE ( 'NONE', *, *, #2431, .F. ) ;
#4765 = CARTESIAN_POINT ( 'NONE',  ( 8.528809216421738171, -2.500000000000000000, -21.91233244887177989 ) ) ;
#4766 = EDGE_CURVE ( 'NONE', #3885, #277, #3880, .T. ) ;
#4767 = CARTESIAN_POINT ( 'NONE',  ( -7.594310774156573629, -2.619670988163489422, -23.84747785648472274 ) ) ;
#4768 = CYLINDRICAL_SURFACE ( 'NONE', #2433, 14.64608244481091859 ) ;
#4769 = CARTESIAN_POINT ( 'NONE',  ( -6.183365160192210830, -3.000000000000000000, -15.46827786578351471 ) ) ;
#4770 = AXIS2_PLACEMENT_3D ( 'NONE', #3243, #1437, #3269 ) ;
#4771 = B_SPLINE_CURVE_WITH_KNOTS ( 'NONE', 3,
 ( #3043, #4905, #3552, #780, #2596, #349 ),
 .UNSPECIFIED., .F., .F.,
 ( 4, 2, 4 ),
 ( 0.000000000000000000, 0.0003644118814625896372, 0.0007288237629251792743 ),
 .UNSPECIFIED. ) ;
#4772 = VERTEX_POINT ( 'NONE', #5403 ) ;
#4773 = VERTEX_POINT ( 'NONE', #3969 ) ;
#4774 = ORIENTED_EDGE ( 'NONE', *, *, #3702, .F. ) ;
#4775 = EDGE_CURVE ( 'NONE', #5921, #214, #772, .T. ) ;
#4776 = DIRECTION ( 'NONE',  ( 0.7256903291925851374, 0.5457393103138248325, 0.4189775069076480118 ) ) ;
#4777 = CARTESIAN_POINT ( 'NONE',  ( -15.89194039108521039, -2.500000000000000000, 17.35243875097084398 ) ) ;
#4778 = EDGE_LOOP ( 'NONE', ( #3834, #6, #207, #4976, #3566, #1990 ) ) ;
#4779 = CARTESIAN_POINT ( 'NONE',  ( 8.303821354729477022, 3.265000000000000568, -23.61456166729723805 ) ) ;
#4780 = CARTESIAN_POINT ( 'NONE',  ( -14.32920972712166652, -2.500000000000000000, 18.66372547473203625 ) ) ;
#4781 = EDGE_CURVE ( 'NONE', #3914, #2069, #2099, .T. ) ;
#4782 = ORIENTED_EDGE ( 'NONE', *, *, #4095, .F. ) ;
#4783 = CARTESIAN_POINT ( 'NONE',  ( -24.27583800419677118, -3.000000000000000000, 3.504560663477721327 ) ) ;
#4784 = DIRECTION ( 'NONE',  ( 0.4226182617402906572, -0.000000000000000000, 0.9063077870368405620 ) ) ;
#4785 = FACE_OUTER_BOUND ( 'NONE', #1961, .T. ) ;
#4786 = VERTEX_POINT ( 'NONE', #5841 ) ;
#4787 = ORIENTED_EDGE ( 'NONE', *, *, #1233, .F. ) ;
#4788 = CARTESIAN_POINT ( 'NONE',  ( 24.44967702698106393, -2.619670988162936975, 5.346872873588295327 ) ) ;
#4789 = CARTESIAN_POINT ( 'NONE',  ( -9.345695051534718800, -2.999999999999998668, 13.11754990760810813 ) ) ;
#4790 = ORIENTED_EDGE ( 'NONE', *, *, #94, .T. ) ;
#4791 = VECTOR ( 'NONE', #540, 1000.000000000000227 ) ;
#4792 = CARTESIAN_POINT ( 'NONE',  ( 8.303821354729477022, -3.000000000000000000, -22.81456166729532953 ) ) ;
#4793 = VERTEX_POINT ( 'NONE', #3519 ) ;
#4794 = DIRECTION ( 'NONE',  ( -0.3420201433256684909, -0.000000000000000000, 0.9396926207859085389 ) ) ;
#4795 = VECTOR ( 'NONE', #3084, 1000.000000000000114 ) ;
#4796 = VECTOR ( 'NONE', #416, 1000.000000000000114 ) ;
#4797 = ORIENTED_EDGE ( 'NONE', *, *, #2192, .F. ) ;
#4798 = DIRECTION ( 'NONE',  ( 0.000000000000000000, 0.000000000000000000, 1.000000000000000000 ) ) ;
#4799 = CARTESIAN_POINT ( 'NONE',  ( -15.31841097139932373, -2.883090468737663059, 19.56972712229556777 ) ) ;
#4800 = DIRECTION ( 'NONE',  ( 0.1736481776669292765, -0.000000000000000000, 0.9848077530122083534 ) ) ;
#4801 = DIRECTION ( 'NONE',  ( 0.3420201433256677137, 0.000000000000000000, 0.9396926207859087610 ) ) ;
#4802 = VECTOR ( 'NONE', #3985, 1000.000000000000227 ) ;
#4803 = ORIENTED_EDGE ( 'NONE', *, *, #3353, .T. ) ;
#4804 = ADVANCED_FACE ( 'NONE', ( #5778 ), #3066, .T. ) ;
#4805 = ORIENTED_EDGE ( 'NONE', *, *, #4178, .T. ) ;
#4806 = VECTOR ( 'NONE', #3305, 1000.000000000000000 ) ;
#4807 = LINE ( 'NONE', #3332, #4809 ) ;
#4808 = ADVANCED_FACE ( 'NONE', ( #5378 ), #1229, .T. ) ;
#4809 = VECTOR ( 'NONE', #588, 1000.000000000000000 ) ;
#4810 = CYLINDRICAL_SURFACE ( 'NONE', #5049, 0.4999999999999991118 ) ;
#4811 = ADVANCED_FACE ( 'NONE', ( #2558 ), #5285, .F. ) ;
#4812 = VERTEX_POINT ( 'NONE', #650 ) ;
#4813 = CARTESIAN_POINT ( 'NONE',  ( -23.27992997787535856, -2.945085216637845615, 4.880754814258527752 ) ) ;
#4814 = LINE ( 'NONE', #2510, #3460 ) ;
#4815 = VERTEX_POINT ( 'NONE', #4342 ) ;
#4816 = DIRECTION ( 'NONE',  ( 0.000000000000000000, 0.000000000000000000, -1.000000000000000000 ) ) ;
#4817 = CARTESIAN_POINT ( 'NONE',  ( -8.800362019751924336, -2.973325924937780584, -22.18730783671603746 ) ) ;
#4818 = LINE ( 'NONE', #5203, #2628 ) ;
#4819 = ADVANCED_FACE ( 'NONE', ( #5746 ), #1588, .F. ) ;
#4820 = ADVANCED_FACE ( 'NONE', ( #2051 ), #4229, .F. ) ;
#4821 = EDGE_LOOP ( 'NONE', ( #885, #1138 ) ) ;
#4822 = CARTESIAN_POINT ( 'NONE',  ( 24.44967702698105683, -3.000000000000000000, 5.346872873588295327 ) ) ;
#4823 = B_SPLINE_CURVE_WITH_KNOTS ( 'NONE', 3,
 ( #4477, #4968, #4040, #1744, #4070, #5932 ),
 .UNSPECIFIED., .F., .F.,
 ( 4, 2, 4 ),
 ( 0.0002278709715182802918, 0.0005927080008530460995, 0.0009575450301878120699 ),
 .UNSPECIFIED. ) ;
#4824 = CARTESIAN_POINT ( 'NONE',  ( -7.310376528508716554, -2.894543664873122424, -22.55130372838565123 ) ) ;
#4825 = CIRCLE ( 'NONE', #5304, 0.8000000000029927616 ) ;
#4826 = CARTESIAN_POINT ( 'NONE',  ( -31.80608415963236979, -3.000000000000000000, 4.337381953036411275 ) ) ;
#4827 = ORIENTED_EDGE ( 'NONE', *, *, #545, .T. ) ;
#4828 = FACE_OUTER_BOUND ( 'NONE', #547, .T. ) ;
#4829 = ORIENTED_EDGE ( 'NONE', *, *, #1877, .F. ) ;
#4830 = B_SPLINE_CURVE_WITH_KNOTS ( 'NONE', 3,
 ( #1224, #2187, #4052, #5426, #4434, #5454, #830, #4402 ),
 .UNSPECIFIED., .F., .F.,
 ( 4, 2, 2, 4 ),
 ( 0.000000000000000000, 0.0003529081950022627400, 0.0005293622925033942455, 0.0007058163900045258052 ),
 .UNSPECIFIED. ) ;
#4831 = PLANE ( 'NONE',  #3377 ) ;
#4832 = CARTESIAN_POINT ( 'NONE',  ( -10.30423900446872132, -3.000000000000000000, 13.08909024249374475 ) ) ;
#4833 = CARTESIAN_POINT ( 'NONE',  ( -21.57685864997098335, -3.000000000000000000, 23.76718415326719125 ) ) ;
#4834 = CARTESIAN_POINT ( 'NONE',  ( -7.520258147069932342, -2.973325924939345111, -22.65322754313617182 ) ) ;
#4835 = ORIENTED_EDGE ( 'NONE', *, *, #2057, .F. ) ;
#4836 = EDGE_LOOP ( 'NONE', ( #2617, #1966, #4435, #3167, #4688, #5338 ) ) ;
#4837 = EDGE_LOOP ( 'NONE', ( #3894, #4396, #1479, #4010 ) ) ;
#4838 = EDGE_CURVE ( 'NONE', #1609, #4646, #5236, .T. ) ;
#4839 = CARTESIAN_POINT ( 'NONE',  ( -23.45904137796366129, -1.948217292514304422, -12.36628930534626747 ) ) ;
#4840 = PLANE ( 'NONE',  #1749 ) ;
#4841 = ORIENTED_EDGE ( 'NONE', *, *, #4920, .F. ) ;
#4842 = PLANE ( 'NONE',  #3117 ) ;
#4843 = CARTESIAN_POINT ( 'NONE',  ( 19.23334952206225523, -2.500000000000000000, 24.50825169393582570 ) ) ;
#4844 = AXIS2_PLACEMENT_3D ( 'NONE', #4493, #5456, #3968 ) ;
#4845 = ORIENTED_EDGE ( 'NONE', *, *, #770, .T. ) ;
#4846 = LINE ( 'NONE', #1147, #823 ) ;
#4847 = EDGE_CURVE ( 'NONE', #3082, #3902, #4818, .T. ) ;
#4848 = CARTESIAN_POINT ( 'NONE',  ( 14.32920972712218166, -2.500000000000000000, 18.66372547473164900 ) ) ;
#4849 = CARTESIAN_POINT ( 'NONE',  ( 0.000000000000000000, 3.265000000000000124, 0.000000000000000000 ) ) ;
#4850 = CARTESIAN_POINT ( 'NONE',  ( 16.39539829303679497, -2.970787267806020537, 18.46831089329654318 ) ) ;
#4851 = AXIS2_PLACEMENT_3D ( 'NONE', #1784, #1336, #3512 ) ;
#4852 = VECTOR ( 'NONE', #2208, 1000.000000000000114 ) ;
#4853 = ORIENTED_EDGE ( 'NONE', *, *, #747, .F. ) ;
#4854 = CARTESIAN_POINT ( 'NONE',  ( 24.31376172121352042, -2.883090468735518108, 5.144795942889651919 ) ) ;
#4855 = EDGE_CURVE ( 'NONE', #5613, #3882, #2906, .T. ) ;
#4856 = LINE ( 'NONE', #1156, #4692 ) ;
#4857 = EDGE_CURVE ( 'NONE', #5820, #3914, #1930, .T. ) ;
#4858 = ORIENTED_EDGE ( 'NONE', *, *, #5553, .T. ) ;
#4859 = AXIS2_PLACEMENT_3D ( 'NONE', #4664, #3685, #5551 ) ;
#4860 = DIRECTION ( 'NONE',  ( 0.1736481776668588328, 0.000000000000000000, -0.9848077530122207879 ) ) ;
#4861 = CARTESIAN_POINT ( 'NONE',  ( 7.594310774156538102, -2.500000000000000000, -23.84747785648473695 ) ) ;
#4862 = ORIENTED_EDGE ( 'NONE', *, *, #4334, .T. ) ;
#4863 = DIRECTION ( 'NONE',  ( 0.6427876096865972055, 0.000000000000000000, 0.7660444431189296077 ) ) ;
#4864 = ORIENTED_EDGE ( 'NONE', *, *, #1910, .T. ) ;
#4865 = CARTESIAN_POINT ( 'NONE',  ( -22.97362297149675214, 3.265000000000000124, 5.086604718622892207 ) ) ;
#4866 = CARTESIAN_POINT ( 'NONE',  ( -7.796327252065910152, -2.970787267805949483, -23.43298687358217336 ) ) ;
#4867 = EDGE_CURVE ( 'NONE', #4786, #5504, #3587, .T. ) ;
#4868 = TOROIDAL_SURFACE ( 'NONE', #3195, 24.52749999999999275, 0.5000000000000000000 ) ;
#4869 = CARTESIAN_POINT ( 'NONE',  ( -9.171249647149551265, -3.000000000000000000, -30.72328364303758264 ) ) ;
#4870 = CARTESIAN_POINT ( 'NONE',  ( 15.96719710315773888, -3.000000000000000000, 17.88229418749964950 ) ) ;
#4871 = ORIENTED_EDGE ( 'NONE', *, *, #3105, .F. ) ;
#4872 = AXIS2_PLACEMENT_3D ( 'NONE', #3494, #2566, #2137 ) ;
#4873 = ORIENTED_EDGE ( 'NONE', *, *, #1743, .F. ) ;
#4874 = ORIENTED_EDGE ( 'NONE', *, *, #1536, .F. ) ;
#4875 = AXIS2_PLACEMENT_3D ( 'NONE', #4275, #1872, #3846 ) ;
#4876 = PLANE ( 'NONE',  #1937 ) ;
#4877 = CARTESIAN_POINT ( 'NONE',  ( 16.07282071980216287, -3.000000000000000000, 0.9150920754745598407 ) ) ;
#4878 = VECTOR ( 'NONE', #1778, 1000.000000000000000 ) ;
#4879 = CARTESIAN_POINT ( 'NONE',  ( 0.000000000000000000, -3.000000000000000000, 0.000000000000000000 ) ) ;
#4880 = ORIENTED_EDGE ( 'NONE', *, *, #5296, .F. ) ;
#4881 = LINE ( 'NONE', #2143, #3164 ) ;
#4882 = CARTESIAN_POINT ( 'NONE',  ( 16.34368263329513837, -3.000000000000000000, 18.28885710568395240 ) ) ;
#4883 = DIRECTION ( 'NONE',  ( -0.8660254037844363761, -0.000000000000000000, -0.5000000000000038858 ) ) ;
#4884 = CARTESIAN_POINT ( 'NONE',  ( 21.71325459516049960, -3.000000000000000000, 1.899663625324518490 ) ) ;
#4885 = ORIENTED_EDGE ( 'NONE', *, *, #890, .F. ) ;
#4886 = EDGE_CURVE ( 'NONE', #4618, #2802, #665, .T. ) ;
#4887 = ORIENTED_EDGE ( 'NONE', *, *, #5127, .F. ) ;
#4888 = FACE_OUTER_BOUND ( 'NONE', #2300, .T. ) ;
#4889 = DIRECTION ( 'NONE',  ( -0.000000000000000000, -1.000000000000000000, -0.000000000000000000 ) ) ;
#4890 = AXIS2_PLACEMENT_3D ( 'NONE', #5694, #1666, #4816 ) ;
#4891 = DIRECTION ( 'NONE',  ( 0.000000000000000000, 0.000000000000000000, -1.000000000000000000 ) ) ;
#4892 = EDGE_CURVE ( 'NONE', #1178, #3274, #599, .T. ) ;
#4893 = ORIENTED_EDGE ( 'NONE', *, *, #2766, .F. ) ;
#4894 = CARTESIAN_POINT ( 'NONE',  ( 0.5244024014076339446, -3.000000000000000000, -1.440783756570812146 ) ) ;
#4895 = ORIENTED_EDGE ( 'NONE', *, *, #3988, .T. ) ;
#4896 = CARTESIAN_POINT ( 'NONE',  ( 0.000000000000000000, -3.000000000000000000, 0.000000000000000000 ) ) ;
#4897 = DIRECTION ( 'NONE',  ( -0.000000000000000000, 1.000000000000000000, 0.000000000000000000 ) ) ;
#4898 = CARTESIAN_POINT ( 'NONE',  ( -16.77838861730829123, 3.265000000000000124, 1.922747461919029899 ) ) ;
#4899 = ORIENTED_EDGE ( 'NONE', *, *, #5614, .T. ) ;
#4900 = AXIS2_PLACEMENT_3D ( 'NONE', #4169, #5636, #1481 ) ;
#4901 = EDGE_CURVE ( 'NONE', #894, #2883, #1435, .T. ) ;
#4902 = FACE_OUTER_BOUND ( 'NONE', #5774, .T. ) ;
#4903 = EDGE_LOOP ( 'NONE', ( #4706, #3371, #318, #2443 ) ) ;
#4904 = ORIENTED_EDGE ( 'NONE', *, *, #2039, .F. ) ;
#4905 = CARTESIAN_POINT ( 'NONE',  ( 15.89194039108607015, -2.623645333210788522, 17.35243875097005883 ) ) ;
#4906 = CIRCLE ( 'NONE', #5962, 25.02749999999998920 ) ;
#4907 = CARTESIAN_POINT ( 'NONE',  ( 16.42414633486760067, -2.792893218813452982, 3.931755278064975823 ) ) ;
#4908 = DIRECTION ( 'NONE',  ( 0.9848077530122083534, -0.000000000000000000, -0.1736481776669292765 ) ) ;
#4909 = ORIENTED_EDGE ( 'NONE', *, *, #5930, .T. ) ;
#4910 = FACE_OUTER_BOUND ( 'NONE', #2591, .T. ) ;
#4911 = VECTOR ( 'NONE', #3667, 1000.000000000000000 ) ;
#4912 = CARTESIAN_POINT ( 'NONE',  ( -15.34070471704969130, -2.970787267808553178, 19.35330388391095013 ) ) ;
#4913 = DIRECTION ( 'NONE',  ( 0.000000000000000000, 0.000000000000000000, 1.000000000000000000 ) ) ;
#4914 = DIRECTION ( 'NONE',  ( 0.000000000000000000, 0.000000000000000000, 1.000000000000000000 ) ) ;
#4915 = DIRECTION ( 'NONE',  ( -0.000000000000000000, 1.000000000000000000, -0.000000000000000000 ) ) ;
#4916 = B_SPLINE_CURVE_WITH_KNOTS ( 'NONE', 3,
 ( #2688, #5938, #1782, #3621, #5480, #1331, #3168, #2717 ),
 .UNSPECIFIED., .F., .F.,
 ( 4, 2, 2, 4 ),
 ( 0.000000000000000000, 0.0002243944063328550786, 0.0004487888126657101572, 0.0008975776253314210733 ),
 .UNSPECIFIED. ) ;
#4917 = ORIENTED_EDGE ( 'NONE', *, *, #4288, .F. ) ;
#4918 = FACE_OUTER_BOUND ( 'NONE', #4836, .T. ) ;
#4919 = CARTESIAN_POINT ( 'NONE',  ( 15.41649094842345136, -3.000000000000000000, 4.637323175571752110 ) ) ;
#4920 = EDGE_CURVE ( 'NONE', #5525, #307, #5663, .T. ) ;
#4921 = CARTESIAN_POINT ( 'NONE',  ( -11.72428514981518255, -2.500000000000000000, 11.03241121076153597 ) ) ;
#4922 = ORIENTED_EDGE ( 'NONE', *, *, #2657, .F. ) ;
#4923 = CARTESIAN_POINT ( 'NONE',  ( 23.90990065744913906, 9.530000000000001137, 3.415960591966801907 ) ) ;
#4924 = ORIENTED_EDGE ( 'NONE', *, *, #2616, .F. ) ;
#4925 = DIRECTION ( 'NONE',  ( -0.7660444431189847858, 0.000000000000000000, 0.6427876096865312583 ) ) ;
#4926 = CIRCLE ( 'NONE', #5692, 0.7999999999999990452 ) ;
#4927 = DIRECTION ( 'NONE',  ( 0.5735764363506903329, 0.000000000000000000, -0.8191520442892409326 ) ) ;
#4928 = DIRECTION ( 'NONE',  ( -0.4226182617411930464, 0.000000000000000000, -0.9063077870364198985 ) ) ;
#4929 = EDGE_CURVE ( 'NONE', #645, #2358, #1460, .T. ) ;
#4930 = FACE_OUTER_BOUND ( 'NONE', #1569, .T. ) ;
#4931 = ORIENTED_EDGE ( 'NONE', *, *, #5560, .T. ) ;
#4932 = ORIENTED_EDGE ( 'NONE', *, *, #1995, .F. ) ;
#4933 = ADVANCED_FACE ( 'NONE', ( #3307 ), #2927, .F. ) ;
#4934 = CARTESIAN_POINT ( 'NONE',  ( 0.000000000000000000, 3.265000000000000124, 0.000000000000000000 ) ) ;
#4935 = EDGE_CURVE ( 'NONE', #4690, #329, #632, .T. ) ;
#4936 = DIRECTION ( 'NONE',  ( 0.4226182617401657016, -0.000000000000000000, -0.9063077870368988487 ) ) ;
#4937 = CYLINDRICAL_SURFACE ( 'NONE', #1635, 14.57731163100814342 ) ;
#4938 = CARTESIAN_POINT ( 'NONE',  ( -23.90990065744811588, 3.265000000000000568, 4.215960591966999793 ) ) ;
#4939 = CARTESIAN_POINT ( 'NONE',  ( -12.72296122597416002, -2.500000000000000000, -29.43056634764681334 ) ) ;
#4940 = ADVANCED_FACE ( 'NONE', ( #1987 ), #4868, .T. ) ;
#4941 = DIRECTION ( 'NONE',  ( -0.000000000000000000, 1.000000000000000000, -0.000000000000000000 ) ) ;
#4942 = ORIENTED_EDGE ( 'NONE', *, *, #5008, .T. ) ;
#4943 = AXIS2_PLACEMENT_3D ( 'NONE', #4636, #1037, #1901 ) ;
#4944 = VERTEX_POINT ( 'NONE', #5390 ) ;
#4945 = CARTESIAN_POINT ( 'NONE',  ( 0.000000000000000000, -2.500000000000000000, 23.52999999999999758 ) ) ;
#4946 = DIRECTION ( 'NONE',  ( 0.08715574274831967838, 0.000000000000000000, -0.9961946980916877026 ) ) ;
#4947 = ORIENTED_EDGE ( 'NONE', *, *, #4172, .F. ) ;
#4948 = CARTESIAN_POINT ( 'NONE',  ( -11.23403485582593575, -3.000000000000000000, 11.54150629285300411 ) ) ;
#4949 = VERTEX_POINT ( 'NONE', #4973 ) ;
#4950 = DIRECTION ( 'NONE',  ( -0.000000000000000000, 1.000000000000000000, -0.000000000000000000 ) ) ;
#4951 = CARTESIAN_POINT ( 'NONE',  ( 0.000000000000000000, -2.500000000000000000, 0.000000000000000000 ) ) ;
#4952 = ORIENTED_EDGE ( 'NONE', *, *, #3170, .F. ) ;
#4953 = CARTESIAN_POINT ( 'NONE',  ( 7.109660202336772095, -2.798945815778154156, -14.44599526331058570 ) ) ;
#4954 = DIRECTION ( 'NONE',  ( 0.3420201433256689905, -0.000000000000000000, 0.9396926207859083169 ) ) ;
#4955 = DIRECTION ( 'NONE',  ( -0.000000000000000000, -1.000000000000000000, -0.000000000000000000 ) ) ;
#4956 = VECTOR ( 'NONE', #3921, 1000.000000000000000 ) ;
#4957 = FACE_OUTER_BOUND ( 'NONE', #2830, .T. ) ;
#4958 = EDGE_LOOP ( 'NONE', ( #2361, #619, #29, #982 ) ) ;
#4959 = EDGE_CURVE ( 'NONE', #2023, #3507, #4159, .T. ) ;
#4960 = AXIS2_PLACEMENT_3D ( 'NONE', #2943, #4800, #4004 ) ;
#4961 = ORIENTED_EDGE ( 'NONE', *, *, #3402, .F. ) ;
#4962 = LINE ( 'NONE', #2537, #1329 ) ;
#4963 = VECTOR ( 'NONE', #5529, 1000.000000000000227 ) ;
#4964 = VERTEX_POINT ( 'NONE', #1694 ) ;
#4965 = APPLICATION_PROTOCOL_DEFINITION ( 'draft international standard', 'automotive_design', 1998, #733 ) ;
#4966 = EDGE_CURVE ( 'NONE', #5019, #5455, #3809, .T. ) ;
#4967 = EDGE_CURVE ( 'NONE', #2392, #3227, #2575, .T. ) ;
#4968 = CARTESIAN_POINT ( 'NONE',  ( 14.69617227522483205, -2.945085216636767367, 18.70292564783682110 ) ) ;
#4969 = VECTOR ( 'NONE', #3094, 1000.000000000000000 ) ;
#4970 = VECTOR ( 'NONE', #2976, 1000.000000000000114 ) ;
#4971 = CARTESIAN_POINT ( 'NONE',  ( 0.000000000000000000, -3.000000000000000000, 0.000000000000000000 ) ) ;
#4972 = DIRECTION ( 'NONE',  ( 0.1736481776669281663, 0.000000000000000000, 0.9848077530122084644 ) ) ;
#4973 = CARTESIAN_POINT ( 'NONE',  ( 15.60607930272259658, -3.000000000000000000, 19.39860107533459654 ) ) ;
#4974 = B_SPLINE_CURVE_WITH_KNOTS ( 'NONE', 3,
 ( #815, #4583, #5053, #3078 ),
 .UNSPECIFIED., .F., .F.,
 ( 4, 4 ),
 ( 7.382017548841909253E-05, 0.0002633745766054686969 ),
 .UNSPECIFIED. ) ;
#4975 = EDGE_CURVE ( 'NONE', #2977, #5749, #1697, .T. ) ;
#4976 = ORIENTED_EDGE ( 'NONE', *, *, #332, .T. ) ;
#4977 = CARTESIAN_POINT ( 'NONE',  ( -20.69256964635088991, -2.999999999999998224, 23.39580686684274369 ) ) ;
#4978 = B_SPLINE_CURVE_WITH_KNOTS ( 'NONE', 3,
 ( #1776, #1693, #3527, #1239, #3162, #3584, #1296, #5000 ),
 .UNSPECIFIED., .F., .F.,
 ( 4, 2, 2, 4 ),
 ( 4.336808689942017736E-19, 0.0002554680715913143258, 0.0005109361431826282178, 0.001021872286365252533 ),
 .UNSPECIFIED. ) ;
#4979 = DIRECTION ( 'NONE',  ( 0.3420201433256698231, 0.000000000000000000, 0.9396926207859079838 ) ) ;
#4980 = CARTESIAN_POINT ( 'NONE',  ( -9.485192156496715654, -3.000000000000000000, 13.01743292839939414 ) ) ;
#4981 = ORIENTED_EDGE ( 'NONE', *, *, #1268, .F. ) ;
#4982 = DIRECTION ( 'NONE',  ( -0.3420201433256677137, 0.000000000000000000, -0.9396926207859088720 ) ) ;
#4983 = LINE ( 'NONE', #4627, #14 ) ;
#4984 = ORIENTED_EDGE ( 'NONE', *, *, #5518, .T. ) ;
#4985 = CARTESIAN_POINT ( 'NONE',  ( -15.54548331242757087, -2.964921559809623464, 4.206427652881921553 ) ) ;
#4986 = CARTESIAN_POINT ( 'NONE',  ( 0.000000000000000000, -3.000000000000000000, 0.000000000000000000 ) ) ;
#4987 = AXIS2_PLACEMENT_3D ( 'NONE', #1210, #354, #4913 ) ;
#4988 = CARTESIAN_POINT ( 'NONE',  ( 16.34368263329513837, -3.000000000000000000, 18.28885710568395240 ) ) ;
#4989 = ORIENTED_EDGE ( 'NONE', *, *, #1832, .T. ) ;
#4990 = CARTESIAN_POINT ( 'NONE',  ( 11.61707311970207535, -2.792893218813452538, 12.25785032243555861 ) ) ;
#4991 = CARTESIAN_POINT ( 'NONE',  ( -21.68385673245186496, -2.999999999999999556, 23.66055076116873934 ) ) ;
#4992 = ORIENTED_EDGE ( 'NONE', *, *, #2192, .T. ) ;
#4993 = CYLINDRICAL_SURFACE ( 'NONE', #5121, 0.8000000000030464964 ) ;
#4994 = DIRECTION ( 'NONE',  ( 0.000000000000000000, -1.000000000000000000, 0.000000000000000000 ) ) ;
#4995 = ADVANCED_FACE ( 'NONE', ( #3529 ), #2715, .T. ) ;
#4996 = ORIENTED_EDGE ( 'NONE', *, *, #2719, .T. ) ;
#4997 = DIRECTION ( 'NONE',  ( 0.9961946980917275596, 0.000000000000000000, -0.08715574274786325182 ) ) ;
#4998 = VECTOR ( 'NONE', #2661, 1000.000000000000000 ) ;
#4999 = AXIS2_PLACEMENT_3D ( 'NONE', #4389, #232, #5795 ) ;
#5000 = CARTESIAN_POINT ( 'NONE',  ( 11.17258253940787860, -3.000000000000000000, 11.60154428044662289 ) ) ;
#5001 = LINE ( 'NONE', #4884, #350 ) ;
#5002 = EDGE_CURVE ( 'NONE', #4317, #2135, #3892, .T. ) ;
#5003 = CIRCLE ( 'NONE', #5674, 0.7999999999999986011 ) ;
#5004 = CARTESIAN_POINT ( 'NONE',  ( -11.72428514981518255, -2.500000000000000000, 11.03241121076153597 ) ) ;
#5005 = ORIENTED_EDGE ( 'NONE', *, *, #1016, .F. ) ;
#5006 = DIRECTION ( 'NONE',  ( 0.000000000000000000, 0.000000000000000000, 1.000000000000000000 ) ) ;
#5007 = DIRECTION ( 'NONE',  ( 0.000000000000000000, 0.000000000000000000, -1.000000000000000000 ) ) ;
#5008 = EDGE_CURVE ( 'NONE', #5572, #2967, #2333, .T. ) ;
#5009 = EDGE_CURVE ( 'NONE', #3312, #603, #2114, .T. ) ;
#5010 = LINE ( 'NONE', #3998, #879 ) ;
#5011 = ORIENTED_EDGE ( 'NONE', *, *, #3752, .T. ) ;
#5012 = CYLINDRICAL_SURFACE ( 'NONE', #454, 14.64608244481071431 ) ;
#5013 = ORIENTED_EDGE ( 'NONE', *, *, #1738, .F. ) ;
#5014 = CARTESIAN_POINT ( 'NONE',  ( 9.142192579634706107, -2.926524577312472619, 13.25646802931903423 ) ) ;
#5015 = DIRECTION ( 'NONE',  ( 0.000000000000000000, 1.000000000000000000, 0.000000000000000000 ) ) ;
#5016 = CARTESIAN_POINT ( 'NONE',  ( 22.97362297149689070, -2.500000000000000000, 5.086604718622282917 ) ) ;
#5017 = CARTESIAN_POINT ( 'NONE',  ( 31.19276894612020712, -2.500000000000000000, 7.419106642638352511 ) ) ;
#5018 = AXIS2_PLACEMENT_3D ( 'NONE', #5166, #2413, #4713 ) ;
#5019 = VERTEX_POINT ( 'NONE', #695 ) ;
#5020 = LINE ( 'NONE', #1345, #4660 ) ;
#5021 = DIRECTION ( 'NONE',  ( 0.000000000000000000, 0.000000000000000000, 1.000000000000000000 ) ) ;
#5022 = LINE ( 'NONE', #2311, #1847 ) ;
#5023 = CIRCLE ( 'NONE', #3945, 0.7999999999999986011 ) ;
#5024 = VERTEX_POINT ( 'NONE', #235 ) ;
#5025 = CARTESIAN_POINT ( 'NONE',  ( -19.12613749183868350, 3.265000000000000124, 25.73369080688125976 ) ) ;
#5026 =( NAMED_UNIT ( * ) SI_UNIT ( $, .STERADIAN. ) SOLID_ANGLE_UNIT ( ) );
#5027 = B_SPLINE_CURVE_WITH_KNOTS ( 'NONE', 3,
 ( #4163, #905, #3276, #1359 ),
 .UNSPECIFIED., .F., .F.,
 ( 4, 4 ),
 ( 0.0002719397505107473668, 0.0004600240779837391075 ),
 .UNSPECIFIED. ) ;
#5028 = CARTESIAN_POINT ( 'NONE',  ( 19.84842270412693566, 3.265000000000000124, -12.63728674036868860 ) ) ;
#5029 = ADVANCED_FACE ( 'NONE', ( #2603 ), #3929, .T. ) ;
#5030 = ORIENTED_EDGE ( 'NONE', *, *, #3952, .F. ) ;
#5031 = DIRECTION ( 'NONE',  ( 0.000000000000000000, 0.000000000000000000, 1.000000000000000000 ) ) ;
#5032 = DIRECTION ( 'NONE',  ( -0.9063077870368824174, 0.000000000000000000, -0.4226182617402011732 ) ) ;
#5033 = AXIS2_PLACEMENT_3D ( 'NONE', #3205, #1482, #1421 ) ;
#5034 = CARTESIAN_POINT ( 'NONE',  ( 0.000000000000000000, -2.500000000000000000, 0.000000000000000000 ) ) ;
#5035 = ORIENTED_EDGE ( 'NONE', *, *, #4437, .T. ) ;
#5036 = CARTESIAN_POINT ( 'NONE',  ( -23.90990065744811588, -3.000000000000000000, 4.215960591966999793 ) ) ;
#5037 = EDGE_CURVE ( 'NONE', #3835, #167, #2176, .T. ) ;
#5038 = ADVANCED_FACE ( 'NONE', ( #1653 ), #2613, .F. ) ;
#5039 = VERTEX_POINT ( 'NONE', #5405 ) ;
#5040 = DIRECTION ( 'NONE',  ( 0.8660254037844428154, 0.000000000000000000, -0.4999999999999928946 ) ) ;
#5041 = CARTESIAN_POINT ( 'NONE',  ( -14.81459121830629044, -2.973325924937941789, 18.71499098996302379 ) ) ;
#5042 = CARTESIAN_POINT ( 'NONE',  ( 11.17258253940787860, -3.000000000000000000, 11.60154428044662289 ) ) ;
#5043 = AXIS2_PLACEMENT_3D ( 'NONE', #3567, #2638, #3595 ) ;
#5044 = CARTESIAN_POINT ( 'NONE',  ( -16.37562690112477171, -3.000000000000000000, 3.712898255689088156 ) ) ;
#5045 = ADVANCED_FACE ( 'NONE', ( #2165 ), #1285, .F. ) ;
#5046 = ORIENTED_EDGE ( 'NONE', *, *, #1427, .T. ) ;
#5047 = CARTESIAN_POINT ( 'NONE',  ( -24.44967702698092182, 3.265000000000000124, 5.346872873588901065 ) ) ;
#5048 = DIRECTION ( 'NONE',  ( 0.5735764363506908881, 0.000000000000000000, -0.8191520442892404885 ) ) ;
#5049 = AXIS2_PLACEMENT_3D ( 'NONE', #191, #1009, #1600 ) ;
#5051 = B_SPLINE_CURVE_WITH_KNOTS ( 'NONE', 3,
 ( #2303, #5944, #801, #4141 ),
 .UNSPECIFIED., .F., .F.,
 ( 4, 4 ),
 ( 0.0001029637479705332038, 0.0002809568526062709154 ),
 .UNSPECIFIED. ) ;
#5050 = DIRECTION ( 'NONE',  ( 0.000000000000000000, 0.000000000000000000, -1.000000000000000000 ) ) ;
#5052 = AXIS2_PLACEMENT_3D ( 'NONE', #679, #4375, #185 ) ;
#5053 = CARTESIAN_POINT ( 'NONE',  ( 15.22582846348597663, -3.000000000000000000, 19.30525781171084887 ) ) ;
#5054 = DIRECTION ( 'NONE',  ( 0.7660444431189911141, -0.000000000000000000, 0.6427876096865237088 ) ) ;
#5055 = CARTESIAN_POINT ( 'NONE',  ( 0.000000000000000000, -3.000000000000000000, 0.000000000000000000 ) ) ;
#5056 = VECTOR ( 'NONE', #2005, 999.9999999999998863 ) ;
#5057 = ORIENTED_EDGE ( 'NONE', *, *, #2993, .T. ) ;
#5058 = DIRECTION ( 'NONE',  ( 0.000000000000000000, 0.000000000000000000, -1.000000000000000000 ) ) ;
#5059 = EDGE_LOOP ( 'NONE', ( #4371, #1646, #1871, #3745, #1578, #4715, #5999, #5449, #1894, #1656 ) ) ;
#5060 = CARTESIAN_POINT ( 'NONE',  ( 22.02151929896932359, 3.265000000000000124, 23.30417700039738449 ) ) ;
#5061 = AXIS2_PLACEMENT_3D ( 'NONE', #836, #2223, #3652 ) ;
#5062 = ADVANCED_FACE ( 'NONE', ( #4957 ), #4496, .T. ) ;
#5063 = CARTESIAN_POINT ( 'NONE',  ( 8.303821354729477022, 3.265000000000000568, -22.01456166729342456 ) ) ;
#5064 = VERTEX_POINT ( 'NONE', #4988 ) ;
#5065 = DIRECTION ( 'NONE',  ( -0.3420201433256673806, 0.000000000000000000, 0.9396926207859089830 ) ) ;
#5066 = ORIENTED_EDGE ( 'NONE', *, *, #5341, .F. ) ;
#5067 = DIRECTION ( 'NONE',  ( 0.000000000000000000, 0.000000000000000000, 1.000000000000000000 ) ) ;
#5068 = ORIENTED_EDGE ( 'NONE', *, *, #1386, .T. ) ;
#5069 = CARTESIAN_POINT ( 'NONE',  ( 6.254199851177158820, -3.000000000000000000, -15.66289457978172628 ) ) ;
#5070 = EDGE_CURVE ( 'NONE', #3096, #3855, #3331, .T. ) ;
#5071 = EDGE_CURVE ( 'NONE', #2295, #4511, #2560, .T. ) ;
#5072 = ORIENTED_EDGE ( 'NONE', *, *, #2097, .T. ) ;
#5073 = CARTESIAN_POINT ( 'NONE',  ( -8.828903344063828484, 3.265000000000000124, 13.46192501608416947 ) ) ;
#5074 = CARTESIAN_POINT ( 'NONE',  ( 10.30423900446900731, -3.000000000000000000, 13.08909024249325981 ) ) ;
#5075 = CARTESIAN_POINT ( 'NONE',  ( -30.95857960530295472, -3.000000000000000000, 4.930811030644368209 ) ) ;
#5076 = EDGE_CURVE ( 'NONE', #3447, #1226, #1235, .T. ) ;
#5077 = ORIENTED_EDGE ( 'NONE', *, *, #914, .T. ) ;
#5078 = ADVANCED_FACE ( 'NONE', ( #1718 ), #4876, .F. ) ;
#5079 = LINE ( 'NONE', #1907, #5763 ) ;
#5080 = LINE ( 'NONE', #892, #4969 ) ;
#5081 = DIRECTION ( 'NONE',  ( 0.000000000000000000, 1.000000000000000000, 0.000000000000000000 ) ) ;
#5082 = DIRECTION ( 'NONE',  ( -0.6427876096865444699, 0.000000000000000000, 0.7660444431189736836 ) ) ;
#5083 = AXIS2_PLACEMENT_3D ( 'NONE', #489, #5575, #1420 ) ;
#5084 = EDGE_LOOP ( 'NONE', ( #3253, #109, #1559, #2518 ) ) ;
#5085 = FACE_OUTER_BOUND ( 'NONE', #217, .T. ) ;
#5086 = CARTESIAN_POINT ( 'NONE',  ( -16.77838861730829123, 3.265000000000000124, 1.922747461919029899 ) ) ;
#5087 = VECTOR ( 'NONE', #3250, 1000.000000000000000 ) ;
#5088 = CYLINDRICAL_SURFACE ( 'NONE', #90, 0.4999999999999999445 ) ;
#5089 = ORIENTED_EDGE ( 'NONE', *, *, #1188, .T. ) ;
#5090 = ORIENTED_EDGE ( 'NONE', *, *, #572, .T. ) ;
#5091 = CARTESIAN_POINT ( 'NONE',  ( -10.05434245573797369, 3.265000000000000124, 13.56913704619718430 ) ) ;
#5092 = CARTESIAN_POINT ( 'NONE',  ( 15.48181655269822876, -2.849145032862550053, 4.424481202617153386 ) ) ;
#5093 = ORIENTED_EDGE ( 'NONE', *, *, #5288, .T. ) ;
#5094 = DIRECTION ( 'NONE',  ( -0.3420201433256418455, -0.000000000000000000, 0.9396926207859181979 ) ) ;
#5095 = CIRCLE ( 'NONE', #5785, 24.52749999999999275 ) ;
#5096 = CARTESIAN_POINT ( 'NONE',  ( 0.000000000000000000, -2.500000000000000000, 0.000000000000000000 ) ) ;
#5097 = ORIENTED_EDGE ( 'NONE', *, *, #4857, .F. ) ;
#5098 = LINE ( 'NONE', #428, #3887 ) ;
#5099 = EDGE_CURVE ( 'NONE', #5290, #4454, #5342, .T. ) ;
#5100 = CARTESIAN_POINT ( 'NONE',  ( -3.692205798608259926, -2.586846802861122452, -15.66973438633325166 ) ) ;
#5101 = CARTESIAN_POINT ( 'NONE',  ( 0.000000000000000000, -3.000000000000000000, 0.000000000000000000 ) ) ;
#5102 = ORIENTED_EDGE ( 'NONE', *, *, #5786, .F. ) ;
#5103 = DIRECTION ( 'NONE',  ( 0.9961946980916938088, 0.000000000000000000, -0.08715574274824935963 ) ) ;
#5104 = ADVANCED_FACE ( 'NONE', ( #1204 ), #4473, .T. ) ;
#5105 = ADVANCED_FACE ( 'NONE', ( #2619 ), #3129, .T. ) ;
#5106 = DIRECTION ( 'NONE',  ( -0.9063077870368400069, 0.000000000000000000, 0.4226182617402919894 ) ) ;
#5107 = LINE ( 'NONE', #5687, #4640 ) ;
#5108 = ORIENTED_EDGE ( 'NONE', *, *, #3059, .F. ) ;
#5109 = CARTESIAN_POINT ( 'NONE',  ( -23.32786525393755994, 3.265000000000000124, 3.077596902476485319 ) ) ;
#5110 = EDGE_CURVE ( 'NONE', #3394, #4570, #5735, .T. ) ;
#5111 = VERTEX_POINT ( 'NONE', #5383 ) ;
#5112 = CARTESIAN_POINT ( 'NONE',  ( 20.35842270412931754, 0.000000000000000000, -11.75394082850502642 ) ) ;
#5113 = CARTESIAN_POINT ( 'NONE',  ( -17.21793483357565790, -3.000000000000000000, 3.035986463239486621 ) ) ;
#5114 =( BOUNDED_CURVE ( )  B_SPLINE_CURVE ( 3, ( #1260, #2567, #4416, #685 ),
 .UNSPECIFIED., .F., .F. ) 
 B_SPLINE_CURVE_WITH_KNOTS ( ( 4, 4 ),
 ( 4.712388980384693227, 6.283185307179586232 ),
 .UNSPECIFIED. ) 
 CURVE ( )  GEOMETRIC_REPRESENTATION_ITEM ( )  RATIONAL_B_SPLINE_CURVE ( ( 1.000000000000000000, 0.8047378541243658256, 0.8047378541243658256, 1.000000000000000000 ) ) 
 REPRESENTATION_ITEM ( '' )  );
#5115 = DIRECTION ( 'NONE',  ( -0.9063077870368544398, 0.000000000000000000, -0.4226182617402610697 ) ) ;
#5116 = ORIENTED_EDGE ( 'NONE', *, *, #5037, .F. ) ;
#5117 = ORIENTED_EDGE ( 'NONE', *, *, #2562, .T. ) ;
#5118 = CYLINDRICAL_SURFACE ( 'NONE', #1496, 0.4999999999999999445 ) ;
#5119 = DIRECTION ( 'NONE',  ( 0.8191520442888741149, 0.000000000000000000, -0.5735764363512143582 ) ) ;
#5120 = CARTESIAN_POINT ( 'NONE',  ( 14.85913885744919050, -3.000000000000000000, 18.88509709837478212 ) ) ;
#5121 = AXIS2_PLACEMENT_3D ( 'NONE', #1770, #2543, #3954 ) ;
#5122 = ORIENTED_EDGE ( 'NONE', *, *, #1510, .F. ) ;
#5123 = DIRECTION ( 'NONE',  ( 0.9396926207859183089, 0.000000000000000000, 0.3420201433256415124 ) ) ;
#5124 = FACE_OUTER_BOUND ( 'NONE', #4543, .T. ) ;
#5125 = DIRECTION ( 'NONE',  ( 0.3420201433256673806, -0.000000000000000000, -0.9396926207859089830 ) ) ;
#5126 = ORIENTED_EDGE ( 'NONE', *, *, #1639, .T. ) ;
#5127 = EDGE_CURVE ( 'NONE', #705, #4646, #3072, .T. ) ;
#5128 = EDGE_LOOP ( 'NONE', ( #869, #4280, #424, #4359, #1822 ) ) ;
#5129 = AXIS2_PLACEMENT_3D ( 'NONE', #3543, #1227, #2972 ) ;
#5130 = DIRECTION ( 'NONE',  ( 0.000000000000000000, 0.000000000000000000, 1.000000000000000000 ) ) ;
#5131 = FACE_OUTER_BOUND ( 'NONE', #3213, .T. ) ;
#5132 = DIRECTION ( 'NONE',  ( 0.000000000000000000, 0.000000000000000000, 1.000000000000000000 ) ) ;
#5133 = AXIS2_PLACEMENT_3D ( 'NONE', #1342, #3015, #2078 ) ;
#5134 = EDGE_CURVE ( 'NONE', #488, #240, #4771, .T. ) ;
#5135 = EDGE_CURVE ( 'NONE', #5806, #2008, #4445, .T. ) ;
#5136 = ORIENTED_EDGE ( 'NONE', *, *, #459, .F. ) ;
#5137 = CARTESIAN_POINT ( 'NONE',  ( -9.334491788128255862, -2.849944888433440404, -23.07139459593017961 ) ) ;
#5138 = AXIS2_PLACEMENT_3D ( 'NONE', #3007, #2163, #4928 ) ;
#5139 = ORIENTED_EDGE ( 'NONE', *, *, #3848, .T. ) ;
#5140 = CARTESIAN_POINT ( 'NONE',  ( 3.692205798609079270, 3.265000000000000124, -15.66973438633268856 ) ) ;
#5141 = CARTESIAN_POINT ( 'NONE',  ( 23.61495323805836222, -2.973325924938046594, 3.472316846753365827 ) ) ;
#5142 = CARTESIAN_POINT ( 'NONE',  ( -16.45269206483143876, -2.956055507769973278, 18.47251962394014768 ) ) ;
#5143 = EDGE_CURVE ( 'NONE', #4274, #954, #287, .T. ) ;
#5144 = AXIS2_PLACEMENT_3D ( 'NONE', #5404, #4494, #311 ) ;
#5145 = DIRECTION ( 'NONE',  ( 0.000000000000000000, -1.000000000000000000, 0.000000000000000000 ) ) ;
#5146 = DIRECTION ( 'NONE',  ( 0.9063077870368977385, 0.000000000000000000, 0.4226182617401681441 ) ) ;
#5147 = ORIENTED_EDGE ( 'NONE', *, *, #5071, .F. ) ;
#5148 = EDGE_LOOP ( 'NONE', ( #3465, #1625, #4924, #5812 ) ) ;
#5149 = DIRECTION ( 'NONE',  ( 0.000000000000000000, -1.000000000000000000, 0.000000000000000000 ) ) ;
#5150 = CARTESIAN_POINT ( 'NONE',  ( 24.19172554510434381, -2.970787267805217180, 4.964675980287141854 ) ) ;
#5151 = AXIS2_PLACEMENT_3D ( 'NONE', #2169, #5875, #5413 ) ;
#5152 = ORIENTED_EDGE ( 'NONE', *, *, #5407, .F. ) ;
#5153 = CARTESIAN_POINT ( 'NONE',  ( -30.84144333032262608, -2.500000000000000000, 4.402443439002778014 ) ) ;
#5154 = ORIENTED_EDGE ( 'NONE', *, *, #491, .F. ) ;
#5155 = VERTEX_POINT ( 'NONE', #2167 ) ;
#5156 = DIRECTION ( 'NONE',  ( 0.8191520442892458176, -0.000000000000000000, 0.5735764363506832275 ) ) ;
#5157 = DIRECTION ( 'NONE',  ( -0.9848077530122086864, -0.000000000000000000, 0.1736481776669272503 ) ) ;
#5158 = LINE ( 'NONE', #1004, #4 ) ;
#5159 = CARTESIAN_POINT ( 'NONE',  ( -24.19172554510032214, -2.970787267806925147, 4.964675980282092560 ) ) ;
#5160 = CARTESIAN_POINT ( 'NONE',  ( -5.206084834573832865, -3.000000000000000000, -15.82397881484218871 ) ) ;
#5161 = DIRECTION ( 'NONE',  ( 0.3420201433255953272, 0.000000000000000000, 0.9396926207859350733 ) ) ;
#5162 = CIRCLE ( 'NONE', #2563, 0.7999999999999986011 ) ;
#5163 = DIRECTION ( 'NONE',  ( 0.6427876096865392519, -0.000000000000000000, -0.7660444431189781245 ) ) ;
#5164 = ORIENTED_EDGE ( 'NONE', *, *, #1258, .T. ) ;
#5165 = CARTESIAN_POINT ( 'NONE',  ( 0.000000000000000000, 0.000000000000000000, 23.50788165701038679 ) ) ;
#5166 = CARTESIAN_POINT ( 'NONE',  ( 1.020000000004275487, 3.265000000000000124, 23.50788165701008481 ) ) ;
#5167 = VECTOR ( 'NONE', #1426, 1000.000000000000000 ) ;
#5168 = EDGE_LOOP ( 'NONE', ( #1357, #3980, #3174, #766 ) ) ;
#5169 = CARTESIAN_POINT ( 'NONE',  ( 31.37141457813755352, -3.000000000000000000, 6.802515648106708390 ) ) ;
#5170 = ADVANCED_FACE ( 'NONE', ( #1259 ), #2196, .T. ) ;
#5171 = LINE ( 'NONE', #5661, #1122 ) ;
#5172 = LINE ( 'NONE', #4195, #1922 ) ;
#5173 = DIRECTION ( 'NONE',  ( 0.5000000000000034417, 0.000000000000000000, -0.8660254037844367092 ) ) ;
#5174 = ORIENTED_EDGE ( 'NONE', *, *, #5899, .F. ) ;
#5175 = ORIENTED_EDGE ( 'NONE', *, *, #357, .F. ) ;
#5176 = CYLINDRICAL_SURFACE ( 'NONE', #3322, 0.4999999999999986122 ) ;
#5177 = EDGE_CURVE ( 'NONE', #3042, #5196, #2047, .T. ) ;
#5178 = VECTOR ( 'NONE', #4756, 1000.000000000000000 ) ;
#5179 = DIRECTION ( 'NONE',  ( -0.000000000000000000, -1.000000000000000000, -0.000000000000000000 ) ) ;
#5180 = EDGE_CURVE ( 'NONE', #3690, #1168, #5929, .T. ) ;
#5181 = ORIENTED_EDGE ( 'NONE', *, *, #5189, .F. ) ;
#5182 = DIRECTION ( 'NONE',  ( 0.08715574274746687444, 0.000000000000000000, -0.9961946980917623096 ) ) ;
#5183 = VECTOR ( 'NONE', #3224, 1000.000000000000000 ) ;
#5184 = ORIENTED_EDGE ( 'NONE', *, *, #2470, .T. ) ;
#5185 = DIRECTION ( 'NONE',  ( -1.000000000000000000, 0.000000000000000000, 0.000000000000000000 ) ) ;
#5186 = ORIENTED_EDGE ( 'NONE', *, *, #1841, .F. ) ;
#5187 = DIRECTION ( 'NONE',  ( 0.08715574274696420709, 0.000000000000000000, 0.9961946980918062744 ) ) ;
#5188 = FACE_OUTER_BOUND ( 'NONE', #4302, .T. ) ;
#5189 = EDGE_CURVE ( 'NONE', #3806, #1890, #4579, .T. ) ;
#5190 = CARTESIAN_POINT ( 'NONE',  ( -10.05434245573797369, 3.265000000000000124, 13.56913704619718430 ) ) ;
#5191 = AXIS2_PLACEMENT_3D ( 'NONE', #2409, #5753, #3297 ) ;
#5192 = EDGE_LOOP ( 'NONE', ( #3641, #1485, #2594, #1431, #1089, #4150, #1913 ) ) ;
#5193 = CARTESIAN_POINT ( 'NONE',  ( 0.000000000000000000, -2.500000000000000000, 25.02749999999999275 ) ) ;
#5194 = LINE ( 'NONE', #161, #5485 ) ;
#5195 = CARTESIAN_POINT ( 'NONE',  ( 0.000000000000000000, -2.500000000000000000, 0.000000000000000000 ) ) ;
#5196 = VERTEX_POINT ( 'NONE', #4611 ) ;
#5197 = CARTESIAN_POINT ( 'NONE',  ( -9.000391762837873344, -3.000000000000000000, -23.20799484655541889 ) ) ;
#5198 = DIRECTION ( 'NONE',  ( 0.000000000000000000, 0.000000000000000000, -1.000000000000000000 ) ) ;
#5199 = CIRCLE ( 'NONE', #660, 14.57731163100802796 ) ;
#5200 = ORIENTED_EDGE ( 'NONE', *, *, #1141, .T. ) ;
#5201 = CARTESIAN_POINT ( 'NONE',  ( -4.807073215166054680, 3.265000000000000124, -16.18960560050088304 ) ) ;
#5202 = CARTESIAN_POINT ( 'NONE',  ( -31.84146336746294992, -2.833366653769082255, 3.850859321112677147 ) ) ;
#5203 = CARTESIAN_POINT ( 'NONE',  ( 7.594310774156528332, 3.265000000000000124, -23.84747785648474050 ) ) ;
#5204 = AXIS2_PLACEMENT_3D ( 'NONE', #2081, #3924, #5792 ) ;
#5205 = EDGE_CURVE ( 'NONE', #2708, #4337, #2761, .T. ) ;
#5206 = ORIENTED_EDGE ( 'NONE', *, *, #5242, .T. ) ;
#5207 = ORIENTED_EDGE ( 'NONE', *, *, #4606, .T. ) ;
#5208 = DIRECTION ( 'NONE',  ( -8.881784197001252323E-16, 0.000000000000000000, 1.000000000000000000 ) ) ;
#5209 = LINE ( 'NONE', #3413, #5178 ) ;
#5210 = VERTEX_POINT ( 'NONE', #5557 ) ;
#5211 = DIRECTION ( 'NONE',  ( -0.000000000000000000, 1.000000000000000000, -0.000000000000000000 ) ) ;
#5212 = EDGE_CURVE ( 'NONE', #5651, #571, #11, .T. ) ;
#5213 = ORIENTED_EDGE ( 'NONE', *, *, #353, .F. ) ;
#5214 = CARTESIAN_POINT ( 'NONE',  ( 0.000000000000000000, 3.265000000000000124, 0.000000000000000000 ) ) ;
#5215 = ORIENTED_EDGE ( 'NONE', *, *, #2681, .F. ) ;
#5216 = PLANE ( 'NONE',  #3294 ) ;
#5217 = CARTESIAN_POINT ( 'NONE',  ( -15.29263558886043484, -2.619670988163961489, 19.81189170665737365 ) ) ;
#5218 = PLANE ( 'NONE',  #3590 ) ;
#5219 = VERTEX_POINT ( 'NONE', #458 ) ;
#5220 = AXIS2_PLACEMENT_3D ( 'NONE', #4703, #4733, #4148 ) ;
#5221 = EDGE_CURVE ( 'NONE', #4222, #5024, #3199, .T. ) ;
#5222 = ORIENTED_EDGE ( 'NONE', *, *, #3068, .F. ) ;
#5223 = ORIENTED_EDGE ( 'NONE', *, *, #5099, .F. ) ;
#5224 = ORIENTED_EDGE ( 'NONE', *, *, #5737, .F. ) ;
#5225 = DIRECTION ( 'NONE',  ( 0.8191520442892442633, 0.000000000000000000, 0.5735764363506855590 ) ) ;
#5226 = DIRECTION ( 'NONE',  ( 0.000000000000000000, 0.000000000000000000, -1.000000000000000000 ) ) ;
#5227 = CIRCLE ( 'NONE', #5824, 14.64608244481071431 ) ;
#5228 = ORIENTED_EDGE ( 'NONE', *, *, #3472, .T. ) ;
#5229 = CARTESIAN_POINT ( 'NONE',  ( -9.090100452100148942, -2.970787267807006415, -22.96209193887530375 ) ) ;
#5230 = DIRECTION ( 'NONE',  ( -0.000000000000000000, -1.000000000000000000, -0.000000000000000000 ) ) ;
#5231 = ORIENTED_EDGE ( 'NONE', *, *, #298, .F. ) ;
#5232 = CARTESIAN_POINT ( 'NONE',  ( 1.020000000000000018, -0.9761472547092382435, 25.00670622553059985 ) ) ;
#5233 = DIRECTION ( 'NONE',  ( 0.000000000000000000, -1.000000000000000000, 0.000000000000000000 ) ) ;
#5234 = VECTOR ( 'NONE', #686, 1000.000000000000000 ) ;
#5235 = DIRECTION ( 'NONE',  ( -0.7660444431189782355, 0.000000000000000000, -0.6427876096865391409 ) ) ;
#5236 = CIRCLE ( 'NONE', #2241, 14.57731163100814342 ) ;
#5237 = EDGE_LOOP ( 'NONE', ( #3972, #5427, #3964, #5186 ) ) ;
#5238 = ORIENTED_EDGE ( 'NONE', *, *, #1739, .F. ) ;
#5239 = CARTESIAN_POINT ( 'NONE',  ( 24.22401729865762121, -2.956055507768083235, 5.012189476821146350 ) ) ;
#5240 = CARTESIAN_POINT ( 'NONE',  ( -9.204691530768590368, -2.964921559809626128, 13.21475458868973796 ) ) ;
#5241 = ORIENTED_EDGE ( 'NONE', *, *, #5180, .F. ) ;
#5242 = EDGE_CURVE ( 'NONE', #1330, #5064, #2912, .T. ) ;
#5243 = VECTOR ( 'NONE', #4637, 1000.000000000000000 ) ;
#5244 = CARTESIAN_POINT ( 'NONE',  ( -19.21032001071094797, -2.779248922266302824, 25.67953737599585651 ) ) ;
#5245 = ORIENTED_EDGE ( 'NONE', *, *, #4281, .T. ) ;
#5246 = CARTESIAN_POINT ( 'NONE',  ( -24.31376172121115076, -2.883090468738001011, 5.144795942886937645 ) ) ;
#5247 = AXIS2_PLACEMENT_3D ( 'NONE', #2819, #36, #1407 ) ;
#5248 = AXIS2_PLACEMENT_3D ( 'NONE', #5892, #5286, #1135 ) ;
#5249 = VERTEX_POINT ( 'NONE', #5075 ) ;
#5250 = FACE_OUTER_BOUND ( 'NONE', #2535, .T. ) ;
#5251 = CARTESIAN_POINT ( 'NONE',  ( -8.303821354723572412, 9.530000000000001137, -22.01456166729333574 ) ) ;
#5252 = ADVANCED_FACE ( 'NONE', ( #5957 ), #3264, .T. ) ;
#5253 = DIRECTION ( 'NONE',  ( -0.000000000000000000, -1.000000000000000000, -0.000000000000000000 ) ) ;
#5254 = EDGE_CURVE ( 'NONE', #3930, #75, #5022, .T. ) ;
#5255 = VERTEX_POINT ( 'NONE', #1797 ) ;
#5256 = ORIENTED_EDGE ( 'NONE', *, *, #5335, .T. ) ;
#5257 = EDGE_LOOP ( 'NONE', ( #530, #4082, #2687, #2577 ) ) ;
#5258 = ADVANCED_FACE ( 'NONE', ( #4149 ), #2676, .F. ) ;
#5259 = CARTESIAN_POINT ( 'NONE',  ( 23.32786525393763810, 3.265000000000000124, 3.077596902475849383 ) ) ;
#5260 = EDGE_CURVE ( 'NONE', #2026, #2058, #5, .T. ) ;
#5261 = VECTOR ( 'NONE', #648, 1000.000000000000227 ) ;
#5262 = CARTESIAN_POINT ( 'NONE',  ( -7.243917375737630948, -2.586862816039460000, -14.37701709155922458 ) ) ;
#5263 = ORIENTED_EDGE ( 'NONE', *, *, #1033, .F. ) ;
#5264 = FACE_OUTER_BOUND ( 'NONE', #3697, .T. ) ;
#5265 = CARTESIAN_POINT ( 'NONE',  ( -9.000391762837873344, -3.000000000000000000, -23.20799484655541889 ) ) ;
#5266 = ORIENTED_EDGE ( 'NONE', *, *, #5242, .F. ) ;
#5267 = DIRECTION ( 'NONE',  ( 0.000000000000000000, 0.000000000000000000, 1.000000000000000000 ) ) ;
#5268 = CARTESIAN_POINT ( 'NONE',  ( -8.998655526815836581, -2.500000000000000000, -21.74132237720848693 ) ) ;
#5269 = CIRCLE ( 'NONE', #2935, 0.8000000000029927616 ) ;
#5270 = EDGE_CURVE ( 'NONE', #1175, #5255, #2542, .T. ) ;
#5271 = CIRCLE ( 'NONE', #5559, 0.7999999999999990452 ) ;
#5272 = ORIENTED_EDGE ( 'NONE', *, *, #2030, .F. ) ;
#5273 = DIRECTION ( 'NONE',  ( 0.6427876096865444699, 0.000000000000000000, -0.7660444431189736836 ) ) ;
#5274 = DIRECTION ( 'NONE',  ( 0.9396926207859087610, 0.000000000000000000, -0.3420201433256677137 ) ) ;
#5275 = ORIENTED_EDGE ( 'NONE', *, *, #1661, .T. ) ;
#5276 = AXIS2_PLACEMENT_3D ( 'NONE', #1610, #734, #3029 ) ;
#5277 = CARTESIAN_POINT ( 'NONE',  ( -19.41145675952304117, -2.961413309392026960, 25.54723629813866381 ) ) ;
#5278 = CARTESIAN_POINT ( 'NONE',  ( -9.648709660477543082, -3.000000000000002665, -30.60904616290987690 ) ) ;
#5279 = ORIENTED_EDGE ( 'NONE', *, *, #3034, .T. ) ;
#5280 = CARTESIAN_POINT ( 'NONE',  ( 0.000000000000000000, -2.500000000000000000, 24.52749999999999275 ) ) ;
#5281 = CIRCLE ( 'NONE', #5384, 0.8000000000020074387 ) ;
#5282 = ORIENTED_EDGE ( 'NONE', *, *, #2077, .F. ) ;
#5283 = CARTESIAN_POINT ( 'NONE',  ( 19.23334952206225523, 3.265000000000000124, 24.50825169393582570 ) ) ;
#5284 = CARTESIAN_POINT ( 'NONE',  ( -7.594310774156573629, -2.500000000000000000, -23.84747785648472274 ) ) ;
#5285 = PLANE ( 'NONE',  #4960 ) ;
#5286 = DIRECTION ( 'NONE',  ( -0.000000000000000000, -1.000000000000000000, -0.000000000000000000 ) ) ;
#5287 = VERTEX_POINT ( 'NONE', #4530 ) ;
#5288 = EDGE_CURVE ( 'NONE', #3522, #329, #406, .T. ) ;
#5289 = ORIENTED_EDGE ( 'NONE', *, *, #891, .T. ) ;
#5290 = VERTEX_POINT ( 'NONE', #2735 ) ;
#5291 = DIRECTION ( 'NONE',  ( -0.000000000000000000, -1.000000000000000000, -0.000000000000000000 ) ) ;
#5292 = VECTOR ( 'NONE', #4219, 1000.000000000000000 ) ;
#5293 = DIRECTION ( 'NONE',  ( 0.000000000000000000, 0.000000000000000000, -1.000000000000000000 ) ) ;
#5294 = VERTEX_POINT ( 'NONE', #5982 ) ;
#5295 = DIRECTION ( 'NONE',  ( 0.8191520442892448184, 0.000000000000000000, 0.5735764363506847818 ) ) ;
#5296 = EDGE_CURVE ( 'NONE', #3394, #5705, #1401, .T. ) ;
#5297 = VECTOR ( 'NONE', #3516, 1000.000000000000000 ) ;
#5298 = EDGE_CURVE ( 'NONE', #1344, #3082, #944, .T. ) ;
#5299 = CARTESIAN_POINT ( 'NONE',  ( -23.90990065744811588, -3.000000000000000000, 4.215960591966999793 ) ) ;
#5300 = ORIENTED_EDGE ( 'NONE', *, *, #5412, .T. ) ;
#5301 = FACE_OUTER_BOUND ( 'NONE', #4167, .T. ) ;
#5302 = DIRECTION ( 'NONE',  ( 0.000000000000000000, 0.000000000000000000, 1.000000000000000000 ) ) ;
#5303 = CARTESIAN_POINT ( 'NONE',  ( 16.61240484443527876, -2.883090468736745127, 18.48393734068675442 ) ) ;
#5304 = AXIS2_PLACEMENT_3D ( 'NONE', #4256, #1531, #2723 ) ;
#5305 = ADVANCED_FACE ( 'NONE', ( #3635 ), #2149, .T. ) ;
#5306 = VERTEX_POINT ( 'NONE', #3186 ) ;
#5307 = CARTESIAN_POINT ( 'NONE',  ( 11.22618780076871303, -2.500000000000000000, 10.98883333938763762 ) ) ;
#5308 = DIRECTION ( 'NONE',  ( 0.3420201433256677137, 0.000000000000000000, 0.9396926207859088720 ) ) ;
#5309 = AXIS2_PLACEMENT_3D ( 'NONE', #1722, #5442, #3637 ) ;
#5310 = ORIENTED_EDGE ( 'NONE', *, *, #4319, .T. ) ;
#5311 = CARTESIAN_POINT ( 'NONE',  ( 23.72554848995763521, -3.000000000000000444, 3.435203094226562559 ) ) ;
#5312 = VERTEX_POINT ( 'NONE', #4122 ) ;
#5313 = LINE ( 'NONE', #1932, #1809 ) ;
#5314 = ORIENTED_EDGE ( 'NONE', *, *, #437, .F. ) ;
#5315 = CARTESIAN_POINT ( 'NONE',  ( 0.000000000000000000, 3.265000000000000124, 0.000000000000000000 ) ) ;
#5316 = LINE ( 'NONE', #2696, #1919 ) ;
#5317 = CARTESIAN_POINT ( 'NONE',  ( 0.09029705238693430669, -2.500000000000000000, 0.5121000315670865000 ) ) ;
#5318 = CARTESIAN_POINT ( 'NONE',  ( -1.019999999997242446, 3.265000000000000124, 25.00670622553088762 ) ) ;
#5319 = CARTESIAN_POINT ( 'NONE',  ( 30.48720104788193552, -2.792893218813453871, 6.411451255148616468 ) ) ;
#5320 = EDGE_LOOP ( 'NONE', ( #4932, #573, #2454, #3570, #4984, #1442, #1690, #4123, #5469, #2914 ) ) ;
#5321 = ORIENTED_EDGE ( 'NONE', *, *, #2681, .T. ) ;
#5322 = EDGE_LOOP ( 'NONE', ( #1383, #2913, #3387, #3632 ) ) ;
#5323 = LINE ( 'NONE', #4839, #3636 ) ;
#5324 = EDGE_CURVE ( 'NONE', #280, #214, #5632, .T. ) ;
#5325 = B_SPLINE_CURVE_WITH_KNOTS ( 'NONE', 3,
 ( #822, #1158, #3000, #2494, #2202, #5419, #5704, #4861 ),
 .UNSPECIFIED., .F., .F.,
 ( 4, 2, 2, 4 ),
 ( 0.0002326562781555596238, 0.0004093576251823325567, 0.0005860589722091055168, 0.0009394616662626582675 ),
 .UNSPECIFIED. ) ;
#5326 = B_SPLINE_CURVE_WITH_KNOTS ( 'NONE', 3,
 ( #2721, #5859, #5397, #1220 ),
 .UNSPECIFIED., .F., .F.,
 ( 4, 4 ),
 ( 0.0002320008640083070400, 0.0004814755169035053305 ),
 .UNSPECIFIED. ) ;
#5327 = CARTESIAN_POINT ( 'NONE',  ( -6.841967413197618697, -2.964921559809618579, -14.57887399399027295 ) ) ;
#5328 = ORIENTED_EDGE ( 'NONE', *, *, #2147, .T. ) ;
#5329 = DIRECTION ( 'NONE',  ( -0.000000000000000000, 1.000000000000000000, -0.000000000000000000 ) ) ;
#5330 = CARTESIAN_POINT ( 'NONE',  ( 8.845072020908116173, -2.990137125608037127, -22.22270073927315792 ) ) ;
#5331 = AXIS2_PLACEMENT_3D ( 'NONE', #1309, #4927, #5430 ) ;
#5332 = CARTESIAN_POINT ( 'NONE',  ( -10.05434245573797369, 3.265000000000000124, 13.56913704619718430 ) ) ;
#5333 = CARTESIAN_POINT ( 'NONE',  ( -23.90990065744811588, 3.265000000000000568, 4.215960591966999793 ) ) ;
#5334 = ADVANCED_FACE ( 'NONE', ( #616 ), #1903, .F. ) ;
#5335 = EDGE_CURVE ( 'NONE', #2158, #1282, #1102, .T. ) ;
#5336 = AXIS2_PLACEMENT_3D ( 'NONE', #45, #3735, #3246 ) ;
#5337 = VECTOR ( 'NONE', #4524, 1000.000000000000000 ) ;
#5338 = ORIENTED_EDGE ( 'NONE', *, *, #5866, .F. ) ;
#5339 = CARTESIAN_POINT ( 'NONE',  ( 24.25496193829797420, -2.935926026332183802, 5.057845431920856782 ) ) ;
#5340 = CARTESIAN_POINT ( 'NONE',  ( -9.485192156496715654, -3.000000000000000000, 13.01743292839939414 ) ) ;
#5341 = EDGE_CURVE ( 'NONE', #4222, #3690, #1553, .T. ) ;
#5342 = CIRCLE ( 'NONE', #4262, 0.8000000000019068525 ) ;
#5343 = CARTESIAN_POINT ( 'NONE',  ( 15.60607930272259658, 3.265000000000000568, 17.79860107532861235 ) ) ;
#5344 = ORIENTED_EDGE ( 'NONE', *, *, #3245, .F. ) ;
#5345 = DIRECTION ( 'NONE',  ( 0.000000000000000000, 0.000000000000000000, 1.000000000000000000 ) ) ;
#5346 = ORIENTED_EDGE ( 'NONE', *, *, #2766, .T. ) ;
#5347 = CARTESIAN_POINT ( 'NONE',  ( -15.41649094842271595, -2.586862816039471102, 4.637323175571038014 ) ) ;
#5348 = PLANE ( 'NONE',  #5511 ) ;
#5349 = VECTOR ( 'NONE', #4031, 1000.000000000000000 ) ;
#5350 = CARTESIAN_POINT ( 'NONE',  ( -16.01602368630264550, -3.000000000000000000, 1.705700903103305466 ) ) ;
#5351 = CARTESIAN_POINT ( 'NONE',  ( 16.85536625282482959, -3.000000000000000000, 18.50060498289537847 ) ) ;
#5352 = CIRCLE ( 'NONE', #5539, 0.8000000000020074387 ) ;
#5353 = ORIENTED_EDGE ( 'NONE', *, *, #2022, .T. ) ;
#5354 = ORIENTED_EDGE ( 'NONE', *, *, #5143, .T. ) ;
#5355 = DIRECTION ( 'NONE',  ( -0.000000000000000000, 1.000000000000000000, -0.000000000000000000 ) ) ;
#5356 = AXIS2_PLACEMENT_3D ( 'NONE', #3405, #3792, #2884 ) ;
#5357 = LINE ( 'NONE', #1206, #5620 ) ;
#5358 = ORIENTED_EDGE ( 'NONE', *, *, #2562, .F. ) ;
#5359 = DIRECTION ( 'NONE',  ( 0.000000000000000000, 0.000000000000000000, -1.000000000000000000 ) ) ;
#5360 = CARTESIAN_POINT ( 'NONE',  ( -15.89194039108521039, -2.500000000000000000, 17.35243875097084398 ) ) ;
#5361 = LINE ( 'NONE', #1241, #4802 ) ;
#5362 = CARTESIAN_POINT ( 'NONE',  ( 1.020000000000000018, -0.9761472547092382435, 25.00670622553059985 ) ) ;
#5363 = ORIENTED_EDGE ( 'NONE', *, *, #1780, .F. ) ;
#5364 = EDGE_CURVE ( 'NONE', #5425, #1257, #2468, .T. ) ;
#5365 = ORIENTED_EDGE ( 'NONE', *, *, #2655, .F. ) ;
#5366 = CARTESIAN_POINT ( 'NONE',  ( 10.30423900446900731, -3.000000000000000000, 13.08909024249325981 ) ) ;
#5367 = CARTESIAN_POINT ( 'NONE',  ( 8.828903344064009673, -2.500000000000000000, 13.46192501608482672 ) ) ;
#5368 = CIRCLE ( 'NONE', #1593, 0.7999999999999986011 ) ;
#5369 = FACE_OUTER_BOUND ( 'NONE', #2821, .T. ) ;
#5370 = ORIENTED_EDGE ( 'NONE', *, *, #2701, .F. ) ;
#5371 = DIRECTION ( 'NONE',  ( -0.000000000000000000, -1.000000000000000000, -0.000000000000000000 ) ) ;
#5372 = EDGE_CURVE ( 'NONE', #4410, #1011, #3112, .T. ) ;
#5373 =( BOUNDED_CURVE ( )  B_SPLINE_CURVE ( 3, ( #2822, #1047, #5657, #4287 ),
 .UNSPECIFIED., .F., .F. ) 
 B_SPLINE_CURVE_WITH_KNOTS ( ( 4, 4 ),
 ( 3.098230149455253102, 3.184955157724514319 ),
 .UNSPECIFIED. ) 
 CURVE ( )  GEOMETRIC_REPRESENTATION_ITEM ( )  RATIONAL_B_SPLINE_CURVE ( ( 1.000000000000000000, 0.9993733292820563552, 0.9993733292820563552, 1.000000000000000000 ) ) 
 REPRESENTATION_ITEM ( '' )  );
#5374 = EDGE_CURVE ( 'NONE', #1178, #603, #2944, .T. ) ;
#5375 = ORIENTED_EDGE ( 'NONE', *, *, #5002, .T. ) ;
#5376 = CARTESIAN_POINT ( 'NONE',  ( 21.14644285628196485, 3.265000000000000124, -13.38669902462893191 ) ) ;
#5377 = DIRECTION ( 'NONE',  ( -0.08715574274786329345, 0.000000000000000000, -0.9961946980917275596 ) ) ;
#5378 = FACE_OUTER_BOUND ( 'NONE', #4105, .T. ) ;
#5379 = CARTESIAN_POINT ( 'NONE',  ( 14.81459121830372894, -2.973325924937204157, 18.71499098996230259 ) ) ;
#5380 = CARTESIAN_POINT ( 'NONE',  ( 31.84909871781023583, -2.576037802762225049, 3.696875540764982038 ) ) ;
#5381 = EDGE_CURVE ( 'NONE', #54, #1124, #2435, .T. ) ;
#5382 = ORIENTED_EDGE ( 'NONE', *, *, #626, .F. ) ;
#5383 = CARTESIAN_POINT ( 'NONE',  ( 8.998655526814697936, 3.265000000000000124, -21.74132237720895944 ) ) ;
#5384 = AXIS2_PLACEMENT_3D ( 'NONE', #2773, #3198, #3701 ) ;
#5385 = DIRECTION ( 'NONE',  ( 0.000000000000000000, 0.000000000000000000, 1.000000000000000000 ) ) ;
#5386 = FACE_OUTER_BOUND ( 'NONE', #5524, .T. ) ;
#5387 = CARTESIAN_POINT ( 'NONE',  ( -11.72428514981518255, 3.265000000000000124, 11.03241121076153597 ) ) ;
#5388 = CYLINDRICAL_SURFACE ( 'NONE', #4694, 0.4999999999999994449 ) ;
#5389 = LINE ( 'NONE', #5878, #5476 ) ;
#5390 = CARTESIAN_POINT ( 'NONE',  ( -23.61495323805793234, -2.973325924937916032, 3.472316846753560782 ) ) ;
#5391 = MECHANICAL_DESIGN_GEOMETRIC_PRESENTATION_REPRESENTATION (  '', ( #1231 ), #2380 ) ;
#5392 = ORIENTED_EDGE ( 'NONE', *, *, #5374, .F. ) ;
#5393 = ORIENTED_EDGE ( 'NONE', *, *, #4369, .T. ) ;
#5394 = DIRECTION ( 'NONE',  ( 0.3420201433256684909, 0.000000000000000000, -0.9396926207859085389 ) ) ;
#5395 = CARTESIAN_POINT ( 'NONE',  ( -21.51036255179835877, -0.9942063823211613194, -12.81182936995460153 ) ) ;
#5396 = EDGE_CURVE ( 'NONE', #1365, #1501, #5650, .T. ) ;
#5397 = CARTESIAN_POINT ( 'NONE',  ( 14.80308576239070639, -3.000000000000001332, 18.55038746482337331 ) ) ;
#5398 = ORIENTED_EDGE ( 'NONE', *, *, #858, .T. ) ;
#5399 = DIRECTION ( 'NONE',  ( 0.000000000000000000, -1.000000000000000000, 0.000000000000000000 ) ) ;
#5400 = ORIENTED_EDGE ( 'NONE', *, *, #3946, .T. ) ;
#5401 = AXIS2_PLACEMENT_3D ( 'NONE', #5214, #2970, #646 ) ;
#5402 = CARTESIAN_POINT ( 'NONE',  ( 1.020000000004281038, 0.000000000000000000, 23.50788165701008126 ) ) ;
#5403 = CARTESIAN_POINT ( 'NONE',  ( 11.20908218885301011, -3.000000000000000000, -29.27632191860117317 ) ) ;
#5404 = CARTESIAN_POINT ( 'NONE',  ( 0.000000000000000000, -3.000000000000000000, 0.000000000000000000 ) ) ;
#5405 = CARTESIAN_POINT ( 'NONE',  ( -23.90990065744811588, -3.000000000000000000, 5.015960591966998727 ) ) ;
#5406 = ADVANCED_FACE ( 'NONE', ( #4705 ), #5218, .F. ) ;
#5407 = EDGE_CURVE ( 'NONE', #5255, #2549, #484, .T. ) ;
#5408 = CARTESIAN_POINT ( 'NONE',  ( -21.91669141516426222, -2.833366653769099130, 23.41722751106437173 ) ) ;
#5409 = ORIENTED_EDGE ( 'NONE', *, *, #2015, .F. ) ;
#5410 = CARTESIAN_POINT ( 'NONE',  ( -0.3983431104218093655, -3.000000000000000000, 0.3342495570369435898 ) ) ;
#5411 = CARTESIAN_POINT ( 'NONE',  ( 0.000000000000000000, -2.500000000000000000, 0.000000000000000000 ) ) ;
#5412 = EDGE_CURVE ( 'NONE', #4793, #1824, #5713, .T. ) ;
#5413 = DIRECTION ( 'NONE',  ( 1.000000000000000000, 0.000000000000000000, 0.000000000000000000 ) ) ;
#5414 = ORIENTED_EDGE ( 'NONE', *, *, #4327, .T. ) ;
#5415 = DIRECTION ( 'NONE',  ( 0.000000000000000000, 0.000000000000000000, 1.000000000000000000 ) ) ;
#5416 = CYLINDRICAL_SURFACE ( 'NONE', #4987, 25.02749999999999275 ) ;
#5417 = DIRECTION ( 'NONE',  ( 0.000000000000000000, 0.000000000000000000, -1.000000000000000000 ) ) ;
#5418 = AXIS2_PLACEMENT_3D ( 'NONE', #1796, #4422, #2675 ) ;
#5419 = CARTESIAN_POINT ( 'NONE',  ( 7.622060262325946134, -2.731288099986491247, -23.79106084215102612 ) ) ;
#5420 = ORIENTED_EDGE ( 'NONE', *, *, #2222, .F. ) ;
#5421 = DIRECTION ( 'NONE',  ( 0.000000000000000000, 1.000000000000000000, 0.000000000000000000 ) ) ;
#5422 = DIRECTION ( 'NONE',  ( 0.000000000000000000, 0.000000000000000000, 1.000000000000000000 ) ) ;
#5423 = CARTESIAN_POINT ( 'NONE',  ( 30.48720104788194618, -2.500000000000000000, 6.411451255148618245 ) ) ;
#5424 = AXIS2_PLACEMENT_3D ( 'NONE', #5890, #1997, #4860 ) ;
#5425 = VERTEX_POINT ( 'NONE', #5747 ) ;
#5426 = CARTESIAN_POINT ( 'NONE',  ( 15.31316792674653904, -2.849944888431043655, 19.61960431790416948 ) ) ;
#5427 = ORIENTED_EDGE ( 'NONE', *, *, #5707, .T. ) ;
#5428 = CARTESIAN_POINT ( 'NONE',  ( -15.46107583811597586, -2.798953584472855027, 4.493235816091629253 ) ) ;
#5429 = EDGE_CURVE ( 'NONE', #2245, #1203, #309, .T. ) ;
#5430 = DIRECTION ( 'NONE',  ( -0.8191520442892409326, 0.000000000000000000, -0.5735764363506903329 ) ) ;
#5431 = CARTESIAN_POINT ( 'NONE',  ( -15.60607930272161070, -3.000000000000000000, 19.39860107532878075 ) ) ;
#5432 = DIRECTION ( 'NONE',  ( 0.4226182617402906017, -0.000000000000000000, 0.9063077870368406730 ) ) ;
#5433 = DIRECTION ( 'NONE',  ( -0.000000000000000000, 1.000000000000000000, 0.000000000000000000 ) ) ;
#5434 = VECTOR ( 'NONE', #325, 1000.000000000000114 ) ;
#5435 = VERTEX_POINT ( 'NONE', #5190 ) ;
#5436 = CARTESIAN_POINT ( 'NONE',  ( -16.39520344744173030, -3.000000000000000000, 18.73006621983385145 ) ) ;
#5437 = EDGE_CURVE ( 'NONE', #135, #2471, #2370, .T. ) ;
#5438 = DIRECTION ( 'NONE',  ( 0.000000000000000000, 1.000000000000000000, -0.000000000000000000 ) ) ;
#5439 = ADVANCED_FACE ( 'NONE', ( #1005 ), #4670, .T. ) ;
#5440 = DIRECTION ( 'NONE',  ( -0.000000000000000000, 1.000000000000000000, -0.000000000000000000 ) ) ;
#5441 = CIRCLE ( 'NONE', #5144, 24.03000000000000114 ) ;
#5442 = DIRECTION ( 'NONE',  ( 0.000000000000000000, 1.000000000000000000, 0.000000000000000000 ) ) ;
#5443 = CIRCLE ( 'NONE', #5847, 0.8000000000019068525 ) ;
#5444 = EDGE_CURVE ( 'NONE', #5806, #2093, #5845, .T. ) ;
#5445 = EDGE_CURVE ( 'NONE', #3032, #542, #803, .T. ) ;
#5446 = AXIS2_PLACEMENT_3D ( 'NONE', #3102, #689, #5295 ) ;
#5447 = CARTESIAN_POINT ( 'NONE',  ( -23.32786525393755639, -2.500000000000000000, 3.077596902476492868 ) ) ;
#5448 = DIRECTION ( 'NONE',  ( 0.9396926207859083169, 0.000000000000000000, -0.3420201433256689905 ) ) ;
#5449 = ORIENTED_EDGE ( 'NONE', *, *, #3839, .T. ) ;
#5450 = CARTESIAN_POINT ( 'NONE',  ( 15.77943149092270936, -2.988133748785133381, 17.81321767154967972 ) ) ;
#5451 = DIRECTION ( 'NONE',  ( -0.000000000000000000, 1.000000000000000000, -0.000000000000000000 ) ) ;
#5452 = CARTESIAN_POINT ( 'NONE',  ( -11.17258253940795854, -3.000000000000000000, 11.60154428044696218 ) ) ;
#5453 = EDGE_LOOP ( 'NONE', ( #3758, #2937, #5768, #5497 ) ) ;
#5454 = CARTESIAN_POINT ( 'NONE',  ( 15.32925843554711420, -2.935926026332386307, 19.46532339463376715 ) ) ;
#5455 = VERTEX_POINT ( 'NONE', #4406 ) ;
#5456 = DIRECTION ( 'NONE',  ( -0.4726241065755702464, 0.8379550138152946914, -0.2728696551569143036 ) ) ;
#5457 = VERTEX_POINT ( 'NONE', #5379 ) ;
#5458 = DIRECTION ( 'NONE',  ( 0.000000000000000000, 0.000000000000000000, 1.000000000000000000 ) ) ;
#5459 = AXIS2_PLACEMENT_3D ( 'NONE', #5541, #1916, #5569 ) ;
#5460 = ORIENTED_EDGE ( 'NONE', *, *, #3537, .T. ) ;
#5461 = FACE_OUTER_BOUND ( 'NONE', #829, .T. ) ;
#5462 = DIRECTION ( 'NONE',  ( 0.08715574274824935963, 0.000000000000000000, 0.9961946980916939198 ) ) ;
#5463 = ORIENTED_EDGE ( 'NONE', *, *, #3640, .F. ) ;
#5464 = CARTESIAN_POINT ( 'NONE',  ( 16.42414633486759712, -2.500000000000000000, 3.931755278064975823 ) ) ;
#5465 = FACE_OUTER_BOUND ( 'NONE', #1601, .T. ) ;
#5466 = DIRECTION ( 'NONE',  ( -0.8191520442885953379, 0.000000000000000000, -0.5735764363516124842 ) ) ;
#5467 = VECTOR ( 'NONE', #923, 1000.000000000000000 ) ;
#5468 = EDGE_CURVE ( 'NONE', #5506, #4949, #2643, .T. ) ;
#5469 = ORIENTED_EDGE ( 'NONE', *, *, #4535, .T. ) ;
#5470 = DIRECTION ( 'NONE',  ( -0.3420201433256677137, -0.000000000000000000, -0.9396926207859087610 ) ) ;
#5471 = VECTOR ( 'NONE', #3838, 1000.000000000000114 ) ;
#5472 = AXIS2_PLACEMENT_3D ( 'NONE', #5877, #3984, #1723 ) ;
#5473 = CARTESIAN_POINT ( 'NONE',  ( 8.584531272230275789, -3.000000000000000000, -22.06542753897133835 ) ) ;
#5474 =( LENGTH_UNIT ( ) NAMED_UNIT ( * ) SI_UNIT ( .MILLI., .METRE. ) );
#5475 = EDGE_CURVE ( 'NONE', #3418, #3434, #1165, .T. ) ;
#5476 = VECTOR ( 'NONE', #1181, 1000.000000000000114 ) ;
#5477 = ADVANCED_FACE ( 'NONE', ( #4930 ), #221, .T. ) ;
#5478 = CARTESIAN_POINT ( 'NONE',  ( -15.85814145652984486, -2.973325924943416965, 17.83934836995003081 ) ) ;
#5479 = ORIENTED_EDGE ( 'NONE', *, *, #1624, .F. ) ;
#5480 = CARTESIAN_POINT ( 'NONE',  ( 12.58578968524853003, -2.833366653769194610, -29.50094583045472874 ) ) ;
#5481 = DIRECTION ( 'NONE',  ( 0.000000000000000000, 0.000000000000000000, 1.000000000000000000 ) ) ;
#5482 = B_SPLINE_CURVE_WITH_KNOTS ( 'NONE', 3,
 ( #3412, #5239, #5339, #4854, #1121, #2122, #4788, #2055 ),
 .UNSPECIFIED., .F., .F.,
 ( 4, 2, 2, 4 ),
 ( 0.0002326562781626053116, 0.0004093576251876198313, 0.0005860589722126343781, 0.0009394616662626633632 ),
 .UNSPECIFIED. ) ;
#5483 = EDGE_CURVE ( 'NONE', #4461, #4491, #746, .T. ) ;
#5484 = LINE ( 'NONE', #4081, #687 ) ;
#5485 = VECTOR ( 'NONE', #1976, 1000.000000000000000 ) ;
#5486 = ORIENTED_EDGE ( 'NONE', *, *, #5776, .T. ) ;
#5487 = CARTESIAN_POINT ( 'NONE',  ( 4.807073215165557301, -3.000000000000000000, -16.18960560050119213 ) ) ;
#5488 = VERTEX_POINT ( 'NONE', #1200 ) ;
#5489 = CARTESIAN_POINT ( 'NONE',  ( -15.63352333970059327, -3.000000000000000000, 3.874968164782187863 ) ) ;
#5490 = CARTESIAN_POINT ( 'NONE',  ( -0.3402132016499035960, -0.01920984833667933184, 23.53737740419981961 ) ) ;
#5491 = AXIS2_PLACEMENT_3D ( 'NONE', #3776, #1160, #2463 ) ;
#5492 = B_SPLINE_CURVE_WITH_KNOTS ( 'NONE', 3,
 ( #808, #5951, #400, #3973, #5408, #3604, #4991, #3095 ),
 .UNSPECIFIED., .F., .F.,
 ( 4, 2, 2, 4 ),
 ( 4.336808689942017736E-19, 0.0002243944063327372258, 0.0004487888126654740180, 0.0008975776253309483612 ),
 .UNSPECIFIED. ) ;
#5493 = CARTESIAN_POINT ( 'NONE',  ( -24.41831488466117150, -3.000000000000000000, 4.833629575782238064 ) ) ;
#5494 = CARTESIAN_POINT ( 'NONE',  ( 4.807073215165557301, -2.500000000000000000, -16.18960560050119213 ) ) ;
#5495 = CARTESIAN_POINT ( 'NONE',  ( -11.10092522531329173, -3.000000000000000000, 12.42059112841879376 ) ) ;
#5496 = AXIS2_PLACEMENT_3D ( 'NONE', #1363, #1500, #4542 ) ;
#5497 = ORIENTED_EDGE ( 'NONE', *, *, #365, .F. ) ;
#5498 = CARTESIAN_POINT ( 'NONE',  ( -11.60809380826081316, -3.000000000000000000, -28.91069513293903270 ) ) ;
#5499 = CARTESIAN_POINT ( 'NONE',  ( 7.607250946614798615, -3.000000000000000000, -22.42112848803613900 ) ) ;
#5500 = CARTESIAN_POINT ( 'NONE',  ( -21.14644285628553888, 3.265000000000000124, -13.38669902462328487 ) ) ;
#5501 = LINE ( 'NONE', #524, #4762 ) ;
#5502 = EDGE_CURVE ( 'NONE', #2750, #4321, #282, .T. ) ;
#5503 = FACE_OUTER_BOUND ( 'NONE', #4084, .T. ) ;
#5504 = VERTEX_POINT ( 'NONE', #3970 ) ;
#5505 = LINE ( 'NONE', #5109, #1377 ) ;
#5506 = VERTEX_POINT ( 'NONE', #804 ) ;
#5507 = CARTESIAN_POINT ( 'NONE',  ( -20.54618363729464292, -3.000000000000000000, 23.67701177387835898 ) ) ;
#5508 = EDGE_CURVE ( 'NONE', #2971, #5255, #5441, .T. ) ;
#5509 = DIRECTION ( 'NONE',  ( 0.000000000000000000, 0.000000000000000000, 1.000000000000000000 ) ) ;
#5510 = EDGE_CURVE ( 'NONE', #240, #2971, #4591, .T. ) ;
#5511 = AXIS2_PLACEMENT_3D ( 'NONE', #1197, #4897, #2530 ) ;
#5512 = LINE ( 'NONE', #5543, #3664 ) ;
#5513 = VERTEX_POINT ( 'NONE', #2164 ) ;
#5514 = CARTESIAN_POINT ( 'NONE',  ( 22.02151929896932359, -2.500000000000000000, 23.30417700039738449 ) ) ;
#5515 = ORIENTED_EDGE ( 'NONE', *, *, #618, .F. ) ;
#5516 = CARTESIAN_POINT ( 'NONE',  ( 9.415395198079979266, -3.000000000000000000, 13.06752615891207725 ) ) ;
#5517 = CARTESIAN_POINT ( 'NONE',  ( 15.61225507546176772, -3.000000000000000000, 3.958206425718502786 ) ) ;
#5518 = EDGE_CURVE ( 'NONE', #1538, #2565, #3349, .T. ) ;
#5519 = ORIENTED_EDGE ( 'NONE', *, *, #1870, .F. ) ;
#5520 = CARTESIAN_POINT ( 'NONE',  ( -23.46664967577919114, -3.000000000000000444, 3.544654592219025346 ) ) ;
#5521 = CIRCLE ( 'NONE', #1451, 0.8000000000030464964 ) ;
#5522 = CARTESIAN_POINT ( 'NONE',  ( -6.530831529805279700, -3.000000000000000000, -14.72313383150301291 ) ) ;
#5523 = CARTESIAN_POINT ( 'NONE',  ( 21.78835228228921039, -2.961413309392002535, 23.55278414163576173 ) ) ;
#5524 = EDGE_LOOP ( 'NONE', ( #2420, #5515, #2945, #4639 ) ) ;
#5525 = VERTEX_POINT ( 'NONE', #3520 ) ;
#5526 = CARTESIAN_POINT ( 'NONE',  ( -7.536903603117667494, -2.988063204681627116, -22.57238434272951366 ) ) ;
#5527 = DIRECTION ( 'NONE',  ( -0.9063077870368824174, 0.000000000000000000, -0.4226182617402011732 ) ) ;
#5528 = VECTOR ( 'NONE', #2442, 1000.000000000000000 ) ;
#5529 = DIRECTION ( 'NONE',  ( -0.5735764363516123732, 0.000000000000000000, 0.8191520442885952269 ) ) ;
#5530 = ORIENTED_EDGE ( 'NONE', *, *, #3839, .F. ) ;
#5531 = AXIS2_PLACEMENT_3D ( 'NONE', #1253, #5810, #4007 ) ;
#5532 = CARTESIAN_POINT ( 'NONE',  ( 19.65932503706210355, -3.000000000000000000, 25.37618590062854196 ) ) ;
#5533 = CYLINDRICAL_SURFACE ( 'NONE', #2915, 0.5000000000000003331 ) ;
#5534 = FILL_AREA_STYLE ('',( #492 ) ) ;
#5535 = VECTOR ( 'NONE', #2036, 1000.000000000000114 ) ;
#5536 = CARTESIAN_POINT ( 'NONE',  ( -10.30423900446872132, -3.000000000000000000, 13.08909024249374475 ) ) ;
#5537 = ORIENTED_EDGE ( 'NONE', *, *, #5324, .T. ) ;
#5538 = CARTESIAN_POINT ( 'NONE',  ( -23.90990065744811588, -3.000000000000000000, 3.415960591967000859 ) ) ;
#5539 = AXIS2_PLACEMENT_3D ( 'NONE', #983, #1980, #1080 ) ;
#5540 = ORIENTED_EDGE ( 'NONE', *, *, #2589, .T. ) ;
#5541 = CARTESIAN_POINT ( 'NONE',  ( -0.4886401628093762772, -2.500000000000000000, 0.1778504745296040634 ) ) ;
#5542 = CARTESIAN_POINT ( 'NONE',  ( -10.05434245573797369, -2.500000000000000000, 13.56913704619718430 ) ) ;
#5543 = CARTESIAN_POINT ( 'NONE',  ( -21.71325459514958922, -3.000000000000000000, 1.899663625312524307 ) ) ;
#5544 = EDGE_CURVE ( 'NONE', #1365, #913, #715, .T. ) ;
#5545 = ORIENTED_EDGE ( 'NONE', *, *, #1708, .F. ) ;
#5546 = EDGE_LOOP ( 'NONE', ( #3231, #2920, #1787, #3563 ) ) ;
#5547 = DIRECTION ( 'NONE',  ( -0.000000000000000000, 1.000000000000000000, -0.000000000000000000 ) ) ;
#5548 = DIRECTION ( 'NONE',  ( 0.000000000000000000, -1.000000000000000000, 0.000000000000000000 ) ) ;
#5549 = CARTESIAN_POINT ( 'NONE',  ( 31.19276894612020712, -2.500000000000000000, 7.419106642638352511 ) ) ;
#5550 = AXIS2_PLACEMENT_3D ( 'NONE', #3291, #4702, #548 ) ;
#5551 = DIRECTION ( 'NONE',  ( 0.000000000000000000, 0.000000000000000000, -1.000000000000000000 ) ) ;
#5552 = ADVANCED_FACE ( 'NONE', ( #1230 ), #408, .T. ) ;
#5553 = EDGE_CURVE ( 'NONE', #5783, #3620, #4005, .T. ) ;
#5554 = ORIENTED_EDGE ( 'NONE', *, *, #3752, .F. ) ;
#5555 = CARTESIAN_POINT ( 'NONE',  ( 7.520258147077397481, -2.973325924938200693, -22.65322754313980269 ) ) ;
#5556 = CYLINDRICAL_SURFACE ( 'NONE', #1262, 0.4999999999999988343 ) ;
#5557 = CARTESIAN_POINT ( 'NONE',  ( 24.19172554510434381, -2.970787267805217180, 4.964675980287141854 ) ) ;
#5558 = ORIENTED_EDGE ( 'NONE', *, *, #3308, .F. ) ;
#5559 = AXIS2_PLACEMENT_3D ( 'NONE', #4183, #5617, #2375 ) ;
#5560 = EDGE_CURVE ( 'NONE', #5504, #5749, #1252, .T. ) ;
#5561 = CARTESIAN_POINT ( 'NONE',  ( -11.61707311970166501, 3.265000000000000124, 12.25785032243587658 ) ) ;
#5562 = CARTESIAN_POINT ( 'NONE',  ( -23.32786525393755994, -2.623645333210758324, 3.077596902476485763 ) ) ;
#5563 = CARTESIAN_POINT ( 'NONE',  ( 30.48720104788194618, 3.265000000000000124, 6.411451255148618245 ) ) ;
#5564 = ORIENTED_EDGE ( 'NONE', *, *, #4867, .T. ) ;
#5565 = DIRECTION ( 'NONE',  ( -0.3420201433256689905, 0.000000000000000000, -0.9396926207859083169 ) ) ;
#5566 = VECTOR ( 'NONE', #5939, 1000.000000000000114 ) ;
#5567 = CIRCLE ( 'NONE', #2952, 25.02749999999998920 ) ;
#5568 = ORIENTED_EDGE ( 'NONE', *, *, #5070, .F. ) ;
#5569 = DIRECTION ( 'NONE',  ( -0.9396926207859083169, 0.000000000000000000, 0.3420201433256689905 ) ) ;
#5570 = DIRECTION ( 'NONE',  ( -0.000000000000000000, 1.000000000000000000, -0.000000000000000000 ) ) ;
#5571 = CIRCLE ( 'NONE', #2285, 25.02749999999999275 ) ;
#5572 = VERTEX_POINT ( 'NONE', #3008 ) ;
#5573 = EDGE_LOOP ( 'NONE', ( #1962, #115, #4803, #676 ) ) ;
#5574 = B_SPLINE_CURVE_WITH_KNOTS ( 'NONE', 3,
 ( #2905, #713, #1133, #744, #1064, #3847, #183, #5808 ),
 .UNSPECIFIED., .F., .F.,
 ( 4, 2, 2, 4 ),
 ( 0.000000000000000000, 0.0002243944063328087832, 0.0004487888126656175663, 0.0008975776253312358916 ),
 .UNSPECIFIED. ) ;
#5575 = DIRECTION ( 'NONE',  ( -0.000000000000000000, -1.000000000000000000, -0.000000000000000000 ) ) ;
#5576 = DIRECTION ( 'NONE',  ( -0.000000000000000000, 1.000000000000000000, 0.000000000000000000 ) ) ;
#5577 = ADVANCED_FACE ( 'NONE', ( #1715 ), #3487, .F. ) ;
#5578 = DIRECTION ( 'NONE',  ( 0.000000000000000000, 0.000000000000000000, 1.000000000000000000 ) ) ;
#5579 = VERTEX_POINT ( 'NONE', #1737 ) ;
#5580 = CARTESIAN_POINT ( 'NONE',  ( -8.998655526815836581, -2.500000000000000000, -21.74132237720848693 ) ) ;
#5581 = CARTESIAN_POINT ( 'NONE',  ( 0.09029705238694772651, -3.000000000000000000, 0.5121000315671739855 ) ) ;
#5582 = CYLINDRICAL_SURFACE ( 'NONE', #7, 23.52999999999999758 ) ;
#5583 = EDGE_CURVE ( 'NONE', #1184, #1767, #102, .T. ) ;
#5584 = CARTESIAN_POINT ( 'NONE',  ( -15.60607930272161070, -3.000000000000000000, 18.59860107532878004 ) ) ;
#5585 = EDGE_CURVE ( 'NONE', #4646, #5513, #5868, .T. ) ;
#5586 = VERTEX_POINT ( 'NONE', #4834 ) ;
#5587 = AXIS2_PLACEMENT_3D ( 'NONE', #4934, #1236, #288 ) ;
#5588 = CARTESIAN_POINT ( 'NONE',  ( 0.000000000000000000, 3.265000000000000124, 0.000000000000000000 ) ) ;
#5589 = CARTESIAN_POINT ( 'NONE',  ( -23.36912597356478472, -2.737084624032760427, 3.133838060320467189 ) ) ;
#5590 = AXIS2_PLACEMENT_3D ( 'NONE', #1583, #3003, #1516 ) ;
#5591 = CARTESIAN_POINT ( 'NONE',  ( 16.85536625282482959, 3.265000000000000124, 18.50060498289537847 ) ) ;
#5592 = EDGE_CURVE ( 'NONE', #3042, #54, #393, .T. ) ;
#5593 = ORIENTED_EDGE ( 'NONE', *, *, #5880, .F. ) ;
#5594 = CARTESIAN_POINT ( 'NONE',  ( -1.509956535254285193, -3.000000000000000000, 0.2662460768590320659 ) ) ;
#5595 = ORIENTED_EDGE ( 'NONE', *, *, #3555, .T. ) ;
#5596 = LINE ( 'NONE', #42, #425 ) ;
#5597 = CARTESIAN_POINT ( 'NONE',  ( -23.78454326885249515, -3.000000000000000000, 3.425843179727221077 ) ) ;
#5598 = CARTESIAN_POINT ( 'NONE',  ( -6.724046161570257141, -3.000000000000000000, -15.49188450811626794 ) ) ;
#5599 = DIRECTION ( 'NONE',  ( -0.000000000000000000, -1.000000000000000000, -0.000000000000000000 ) ) ;
#5600 = ORIENTED_EDGE ( 'NONE', *, *, #292, .F. ) ;
#5601 = ORIENTED_EDGE ( 'NONE', *, *, #1016, .T. ) ;
#5602 = CARTESIAN_POINT ( 'NONE',  ( 11.60809380826084158, -2.792893218813452982, -28.91069513294266713 ) ) ;
#5603 = CARTESIAN_POINT ( 'NONE',  ( -9.102880438422101150, -3.000000000000000000, -22.77577274152935871 ) ) ;
#5604 = ORIENTED_EDGE ( 'NONE', *, *, #2825, .F. ) ;
#5605 = DIRECTION ( 'NONE',  ( -0.9848077530122070211, 0.000000000000000000, -0.1736481776669361876 ) ) ;
#5606 = ORIENTED_EDGE ( 'NONE', *, *, #4369, .F. ) ;
#5607 = EDGE_CURVE ( 'NONE', #3855, #3248, #3179, .T. ) ;
#5608 = ORIENTED_EDGE ( 'NONE', *, *, #2406, .T. ) ;
#5609 = LINE ( 'NONE', #2813, #5167 ) ;
#5610 = PLANE ( 'NONE',  #5220 ) ;
#5611 = CARTESIAN_POINT ( 'NONE',  ( -6.724046161570257141, -2.500000000000000000, -15.49188450811626794 ) ) ;
#5612 = AXIS2_PLACEMENT_3D ( 'NONE', #5598, #1021, #5996 ) ;
#5613 = VERTEX_POINT ( 'NONE', #5042 ) ;
#5614 = EDGE_CURVE ( 'NONE', #4618, #4367, #4016, .T. ) ;
#5615 = ORIENTED_EDGE ( 'NONE', *, *, #2209, .T. ) ;
#5616 = AXIS2_PLACEMENT_3D ( 'NONE', #1256, #4550, #4033 ) ;
#5617 = DIRECTION ( 'NONE',  ( 0.000000000000000000, -1.000000000000000000, 0.000000000000000000 ) ) ;
#5618 = DIRECTION ( 'NONE',  ( -0.6427876096865970945, 0.000000000000000000, -0.7660444431189294967 ) ) ;
#5619 = CARTESIAN_POINT ( 'NONE',  ( -24.80391930942172607, 3.265000000000000124, 3.337865057442499950 ) ) ;
#5620 = VECTOR ( 'NONE', #4908, 999.9999999999998863 ) ;
#5621 = CARTESIAN_POINT ( 'NONE',  ( 16.77838861730841558, -2.500000000000000000, 1.922747461918894674 ) ) ;
#5622 = ORIENTED_EDGE ( 'NONE', *, *, #4237, .T. ) ;
#5623 = CARTESIAN_POINT ( 'NONE',  ( -9.192835334854622786, -2.935926026334550354, -23.00818892367524171 ) ) ;
#5624 = EDGE_CURVE ( 'NONE', #3367, #2536, #1561, .T. ) ;
#5625 = EDGE_CURVE ( 'NONE', #4188, #2536, #5933, .T. ) ;
#5626 = CARTESIAN_POINT ( 'NONE',  ( 8.925404411405171601, -3.000000000000000000, -22.31094027809829683 ) ) ;
#5627 = VECTOR ( 'NONE', #2131, 1000.000000000000000 ) ;
#5628 = ORIENTED_EDGE ( 'NONE', *, *, #173, .T. ) ;
#5629 = DIRECTION ( 'NONE',  ( -0.000000000000000000, 1.000000000000000000, 0.000000000000000000 ) ) ;
#5630 = DIRECTION ( 'NONE',  ( -0.000000000000000000, 1.000000000000000000, -0.000000000000000000 ) ) ;
#5631 = DIRECTION ( 'NONE',  ( 0.000000000000000000, 0.000000000000000000, 1.000000000000000000 ) ) ;
#5632 = CIRCLE ( 'NONE', #4653, 0.8000000000019068525 ) ;
#5633 = DIRECTION ( 'NONE',  ( -0.000000000000000000, -1.000000000000000000, -0.000000000000000000 ) ) ;
#5634 = ORIENTED_EDGE ( 'NONE', *, *, #1710, .F. ) ;
#5635 = ORIENTED_EDGE ( 'NONE', *, *, #1070, .T. ) ;
#5636 = DIRECTION ( 'NONE',  ( -0.000000000000000000, -1.000000000000000000, -0.000000000000000000 ) ) ;
#5637 = VECTOR ( 'NONE', #2377, 1000.000000000000000 ) ;
#5638 = CARTESIAN_POINT ( 'NONE',  ( -5.206084834573832865, -3.000000000000000000, -15.82397881484218871 ) ) ;
#5639 = AXIS2_PLACEMENT_3D ( 'NONE', #4534, #929, #873 ) ;
#5640 = ORIENTED_EDGE ( 'NONE', *, *, #572, .F. ) ;
#5641 = CARTESIAN_POINT ( 'NONE',  ( -7.796327252065910152, -2.970787267805949483, -23.43298687358217336 ) ) ;
#5642 = ORIENTED_EDGE ( 'NONE', *, *, #3723, .F. ) ;
#5643 = DIRECTION ( 'NONE',  ( -3.515670519371495285E-15, 0.5457393103138269419, -0.8379550138152933592 ) ) ;
#5644 = ORIENTED_EDGE ( 'NONE', *, *, #5776, .F. ) ;
#5645 = DIRECTION ( 'NONE',  ( 0.3420201433256673251, 0.000000000000000000, -0.9396926207859088720 ) ) ;
#5646 = FACE_OUTER_BOUND ( 'NONE', #5855, .T. ) ;
#5647 = ORIENTED_EDGE ( 'NONE', *, *, #5885, .F. ) ;
#5648 = VECTOR ( 'NONE', #3813, 1000.000000000000114 ) ;
#5649 = CARTESIAN_POINT ( 'NONE',  ( -9.105963912260113702, -3.000000000000003109, -22.83929287597377922 ) ) ;
#5650 = LINE ( 'NONE', #4343, #980 ) ;
#5651 = VERTEX_POINT ( 'NONE', #5431 ) ;
#5652 = CARTESIAN_POINT ( 'NONE',  ( -4.807073215166054680, -2.500000000000000000, -16.18960560050088304 ) ) ;
#5653 = CARTESIAN_POINT ( 'NONE',  ( -5.276919525559021551, -3.000000000000000000, -16.01859552883808746 ) ) ;
#5654 = ADVANCED_FACE ( 'NONE', ( #834 ), #370, .T. ) ;
#5655 = CARTESIAN_POINT ( 'NONE',  ( -19.75406189090918829, -3.000000000000000000, -9.211470339384604245 ) ) ;
#5656 = ORIENTED_EDGE ( 'NONE', *, *, #4018, .T. ) ;
#5657 = CARTESIAN_POINT ( 'NONE',  ( 20.21386016967183252, -0.01920984833663422556, -12.06332197743505752 ) ) ;
#5658 = LINE ( 'NONE', #3369, #166 ) ;
#5659 = ORIENTED_EDGE ( 'NONE', *, *, #2701, .T. ) ;
#5660 = DIRECTION ( 'NONE',  ( 0.000000000000000000, 0.000000000000000000, 1.000000000000000000 ) ) ;
#5661 = CARTESIAN_POINT ( 'NONE',  ( -15.60607930272161070, 9.530000000000001137, 17.79860107532878288 ) ) ;
#5662 = EDGE_CURVE ( 'NONE', #4944, #935, #2714, .T. ) ;
#5663 = LINE ( 'NONE', #2388, #796 ) ;
#5664 = ADVANCED_FACE ( 'NONE', ( #4057 ), #4604, .T. ) ;
#5665 = VECTOR ( 'NONE', #5273, 1000.000000000000000 ) ;
#5666 = ORIENTED_EDGE ( 'NONE', *, *, #3259, .F. ) ;
#5667 = ORIENTED_EDGE ( 'NONE', *, *, #3919, .F. ) ;
#5668 = CARTESIAN_POINT ( 'NONE',  ( -9.511283720561255706, 3.265000000000000124, -23.14975676409983052 ) ) ;
#5669 = VECTOR ( 'NONE', #4889, 1000.000000000000000 ) ;
#5670 = LINE ( 'NONE', #3868, #1607 ) ;
#5671 = ORIENTED_EDGE ( 'NONE', *, *, #5894, .T. ) ;
#5672 = EDGE_CURVE ( 'NONE', #2641, #5724, #2254, .T. ) ;
#5673 = CARTESIAN_POINT ( 'NONE',  ( -19.14505048738973159, -2.650251510363368812, 25.72164255197626304 ) ) ;
#5674 = AXIS2_PLACEMENT_3D ( 'NONE', #5333, #4043, #5904 ) ;
#5675 = ORIENTED_EDGE ( 'NONE', *, *, #509, .T. ) ;
#5676 = FACE_OUTER_BOUND ( 'NONE', #2425, .T. ) ;
#5677 = EDGE_LOOP ( 'NONE', ( #968, #2823, #1311, #5460, #5321, #12, #1105 ) ) ;
#5678 = CARTESIAN_POINT ( 'NONE',  ( 7.503939519277181169, -3.000000000000000000, -22.82831118788750757 ) ) ;
#5679 = LINE ( 'NONE', #615, #2128 ) ;
#5680 = AXIS2_PLACEMENT_3D ( 'NONE', #3615, #10, #3190 ) ;
#5681 = ORIENTED_EDGE ( 'NONE', *, *, #5444, .F. ) ;
#5682 = ORIENTED_EDGE ( 'NONE', *, *, #1512, .F. ) ;
#5683 = ORIENTED_EDGE ( 'NONE', *, *, #3019, .F. ) ;
#5684 = ORIENTED_EDGE ( 'NONE', *, *, #1902, .F. ) ;
#5685 = FACE_OUTER_BOUND ( 'NONE', #1323, .T. ) ;
#5686 = B_SPLINE_CURVE_WITH_KNOTS ( 'NONE', 3,
 ( #3633, #4576, #3660, #5555 ),
 .UNSPECIFIED., .F., .F.,
 ( 4, 4 ),
 ( 0.000000000000000000, 0.0002492957699706600566 ),
 .UNSPECIFIED. ) ;
#5687 = CARTESIAN_POINT ( 'NONE',  ( -3.692205798608258149, -3.000000000000000000, -15.66973438633325166 ) ) ;
#5688 = ORIENTED_EDGE ( 'NONE', *, *, #3272, .T. ) ;
#5689 = DIRECTION ( 'NONE',  ( -0.9961946980917275596, 0.000000000000000000, 0.08715574274786325182 ) ) ;
#5690 = LINE ( 'NONE', #5998, #2109 ) ;
#5691 = EDGE_CURVE ( 'NONE', #2135, #1613, #5325, .T. ) ;
#5692 = AXIS2_PLACEMENT_3D ( 'NONE', #5299, #3981, #5359 ) ;
#5693 = ORIENTED_EDGE ( 'NONE', *, *, #1730, .T. ) ;
#5694 = CARTESIAN_POINT ( 'NONE',  ( 8.303821354729477022, 9.530000000000001137, -22.81456166729532953 ) ) ;
#5695 = DIRECTION ( 'NONE',  ( 0.08715574274824935963, 0.000000000000000000, 0.9961946980916938088 ) ) ;
#5696 = ORIENTED_EDGE ( 'NONE', *, *, #3785, .F. ) ;
#5697 = EDGE_CURVE ( 'NONE', #2471, #4222, #906, .T. ) ;
#5698 = EDGE_CURVE ( 'NONE', #2722, #1542, #551, .T. ) ;
#5699 = ORIENTED_EDGE ( 'NONE', *, *, #1099, .F. ) ;
#5700 = CARTESIAN_POINT ( 'NONE',  ( -9.691120861856122204, -2.792893218813453426, -29.60841622532391426 ) ) ;
#5701 = CARTESIAN_POINT ( 'NONE',  ( 16.85536625282482959, -2.500000000000000000, 18.50060498289537847 ) ) ;
#5702 = EDGE_LOOP ( 'NONE', ( #1764, #4087, #351, #3994, #3801, #5554 ) ) ;
#5703 = CARTESIAN_POINT ( 'NONE',  ( -19.25591703945109145, -2.833599059609037685, 25.64992675839680203 ) ) ;
#5704 = CARTESIAN_POINT ( 'NONE',  ( 7.594310774156538990, -2.619670988164127134, -23.84747785648473695 ) ) ;
#5705 = VERTEX_POINT ( 'NONE', #2524 ) ;
#5706 = CARTESIAN_POINT ( 'NONE',  ( -11.61707311970166501, 3.265000000000000124, 12.25785032243587658 ) ) ;
#5707 = EDGE_CURVE ( 'NONE', #3362, #3819, #4366, .T. ) ;
#5708 = EDGE_CURVE ( 'NONE', #5155, #5724, #3983, .T. ) ;
#5709 = VERTEX_POINT ( 'NONE', #3166 ) ;
#5710 = CARTESIAN_POINT ( 'NONE',  ( 9.288675347339262700, -2.883090468735746370, -23.05099660799160688 ) ) ;
#5711 = DIRECTION ( 'NONE',  ( 0.000000000000000000, 1.000000000000000000, -0.000000000000000000 ) ) ;
#5712 = CARTESIAN_POINT ( 'NONE',  ( 11.23820881949115780, -3.000000000000000000, 13.39317573496640357 ) ) ;
#5713 = LINE ( 'NONE', #651, #1183 ) ;
#5714 = ORIENTED_EDGE ( 'NONE', *, *, #3686, .T. ) ;
#5715 = AXIS2_PLACEMENT_3D ( 'NONE', #4276, #3237, #2369 ) ;
#5716 = EDGE_CURVE ( 'NONE', #2492, #5579, #1382, .T. ) ;
#5717 = ORIENTED_EDGE ( 'NONE', *, *, #5135, .T. ) ;
#5718 = ORIENTED_EDGE ( 'NONE', *, *, #778, .F. ) ;
#5719 = CARTESIAN_POINT ( 'NONE',  ( 11.72428514981459635, -3.000000000000000000, 11.03241121076136544 ) ) ;
#5720 = DIRECTION ( 'NONE',  ( -0.8660254037844438146, 0.000000000000000000, 0.4999999999999910072 ) ) ;
#5721 = EDGE_LOOP ( 'NONE', ( #1957, #5030, #4054, #3611, #3978, #3794 ) ) ;
#5722 = DIRECTION ( 'NONE',  ( -0.9848077530122211209, 0.000000000000000000, -0.1736481776668561960 ) ) ;
#5723 = DIRECTION ( 'NONE',  ( -0.000000000000000000, -1.000000000000000000, -0.000000000000000000 ) ) ;
#5724 = VERTEX_POINT ( 'NONE', #4158 ) ;
#5725 = UNCERTAINTY_MEASURE_WITH_UNIT (LENGTH_MEASURE( 1.000000000000000082E-05 ), #5474, 'distance_accuracy_value', 'NONE');
#5726 = CARTESIAN_POINT ( 'NONE',  ( -15.89194039108521395, -2.623645333210033126, 17.35243875097084754 ) ) ;
#5727 = CARTESIAN_POINT ( 'NONE',  ( -16.42414633486748698, 3.265000000000000124, 3.931755278065442560 ) ) ;
#5728 = VECTOR ( 'NONE', #4742, 1000.000000000000114 ) ;
#5729 = DIRECTION ( 'NONE',  ( -0.000000000000000000, 1.000000000000000000, -0.000000000000000000 ) ) ;
#5730 = AXIS2_PLACEMENT_3D ( 'NONE', #2629, #2546, #5762 ) ;
#5731 = VERTEX_POINT ( 'NONE', #5478 ) ;
#5732 = DIRECTION ( 'NONE',  ( 0.000000000000000000, -1.000000000000000000, 0.000000000000000000 ) ) ;
#5733 = DIRECTION ( 'NONE',  ( 0.3420201433256684909, 0.000000000000000000, -0.9396926207859085389 ) ) ;
#5734 = VERTEX_POINT ( 'NONE', #495 ) ;
#5735 = CIRCLE ( 'NONE', #4872, 0.8000000000030464964 ) ;
#5736 = ORIENTED_EDGE ( 'NONE', *, *, #4476, .T. ) ;
#5737 = EDGE_CURVE ( 'NONE', #2549, #3394, #4225, .T. ) ;
#5738 = DIRECTION ( 'NONE',  ( -0.000000000000000000, 1.000000000000000000, -0.000000000000000000 ) ) ;
#5739 = ORIENTED_EDGE ( 'NONE', *, *, #4449, .T. ) ;
#5740 = DIRECTION ( 'NONE',  ( -0.9063077870364198985, 0.000000000000000000, 0.4226182617411926024 ) ) ;
#5741 = TOROIDAL_SURFACE ( 'NONE', #3116, 24.02999999999999758, 0.5000000000000000000 ) ;
#5742 = AXIS2_PLACEMENT_3D ( 'NONE', #5594, #2112, #3557 ) ;
#5743 = ORIENTED_EDGE ( 'NONE', *, *, #812, .F. ) ;
#5744 = CARTESIAN_POINT ( 'NONE',  ( -9.511283720561253929, 3.265000000000000124, -23.14975676409983407 ) ) ;
#5745 = CARTESIAN_POINT ( 'NONE',  ( -11.60809380826081316, 3.265000000000000124, -28.91069513293903270 ) ) ;
#5746 = FACE_OUTER_BOUND ( 'NONE', #2969, .T. ) ;
#5747 = CARTESIAN_POINT ( 'NONE',  ( -6.183365160192210830, -3.000000000000000000, -15.46827786578351471 ) ) ;
#5748 = ADVANCED_FACE ( 'NONE', ( #13 ), #3669, .F. ) ;
#5749 = VERTEX_POINT ( 'NONE', #1328 ) ;
#5750 = ADVANCED_FACE ( 'NONE', ( #2685 ), #4074, .T. ) ;
#5751 = ORIENTED_EDGE ( 'NONE', *, *, #5625, .T. ) ;
#5752 = ORIENTED_EDGE ( 'NONE', *, *, #2053, .T. ) ;
#5753 = DIRECTION ( 'NONE',  ( -0.000000000000000000, 1.000000000000000000, -0.000000000000000000 ) ) ;
#5754 = EDGE_CURVE ( 'NONE', #1501, #4198, #5505, .T. ) ;
#5755 = CARTESIAN_POINT ( 'NONE',  ( 16.77838861730841558, -2.792893218813452538, 1.922747461918895340 ) ) ;
#5756 = ORIENTED_EDGE ( 'NONE', *, *, #4481, .T. ) ;
#5757 = CARTESIAN_POINT ( 'NONE',  ( 24.38500848011305777, -2.989046778225818990, 3.569498231253799059 ) ) ;
#5758 = ORIENTED_EDGE ( 'NONE', *, *, #3317, .F. ) ;
#5759 = DIRECTION ( 'NONE',  ( 0.9848077530122080203, -0.000000000000000000, -0.1736481776669309696 ) ) ;
#5760 = CARTESIAN_POINT ( 'NONE',  ( -0.4886401628093761662, -3.000000000000000000, 0.1778504745296040357 ) ) ;
#5761 = VECTOR ( 'NONE', #4227, 1000.000000000000114 ) ;
#5762 = DIRECTION ( 'NONE',  ( 0.000000000000000000, 0.000000000000000000, -1.000000000000000000 ) ) ;
#5763 = VECTOR ( 'NONE', #3216, 1000.000000000000000 ) ;
#5764 = VERTEX_POINT ( 'NONE', #5538 ) ;
#5765 = CARTESIAN_POINT ( 'NONE',  ( -15.89194039108521039, 3.265000000000000124, 17.35243875097084398 ) ) ;
#5766 = CARTESIAN_POINT ( 'NONE',  ( 7.243917375738558206, -3.000000000000000000, -14.37701709155918550 ) ) ;
#5767 = VECTOR ( 'NONE', #763, 1000.000000000000000 ) ;
#5768 = ORIENTED_EDGE ( 'NONE', *, *, #997, .T. ) ;
#5769 = FACE_OUTER_BOUND ( 'NONE', #4837, .T. ) ;
#5770 = B_SPLINE_CURVE_WITH_KNOTS ( 'NONE', 3,
 ( #4120, #348, #2226, #4063 ),
 .UNSPECIFIED., .F., .F.,
 ( 4, 4 ),
 ( 0.0002320008640081840914, 0.0004814755168991028192 ),
 .UNSPECIFIED. ) ;
#5771 = EDGE_LOOP ( 'NONE', ( #1517, #4827, #3706, #4871 ) ) ;
#5772 = PLANE ( 'NONE',  #5978 ) ;
#5773 = CIRCLE ( 'NONE', #3415, 25.02749999999999275 ) ;
#5774 = EDGE_LOOP ( 'NONE', ( #2786, #2863, #1052, #4119, #2988 ) ) ;
#5775 = DIRECTION ( 'NONE',  ( -0.1736481776669272503, 0.000000000000000000, -0.9848077530122086864 ) ) ;
#5776 = EDGE_CURVE ( 'NONE', #2125, #813, #4189, .T. ) ;
#5777 = CARTESIAN_POINT ( 'NONE',  ( 15.85814145653025697, -2.973325924937955556, 17.83934836995437934 ) ) ;
#5778 = FACE_OUTER_BOUND ( 'NONE', #2646, .T. ) ;
#5779 = CARTESIAN_POINT ( 'NONE',  ( -8.828903344063828484, 3.265000000000000124, 13.46192501608416947 ) ) ;
#5780 = AXIS2_PLACEMENT_3D ( 'NONE', #3051, #759, #2602 ) ;
#5781 = ORIENTED_EDGE ( 'NONE', *, *, #3547, .F. ) ;
#5782 = ORIENTED_EDGE ( 'NONE', *, *, #4651, .T. ) ;
#5783 = VERTEX_POINT ( 'NONE', #5028 ) ;
#5784 = EDGE_CURVE ( 'NONE', #2251, #611, #902, .T. ) ;
#5785 = AXIS2_PLACEMENT_3D ( 'NONE', #5055, #3431, #2951 ) ;
#5786 = EDGE_CURVE ( 'NONE', #938, #3434, #2792, .T. ) ;
#5787 = DIRECTION ( 'NONE',  ( 0.000000000000000000, -1.000000000000000000, 0.000000000000000000 ) ) ;
#5788 = CARTESIAN_POINT ( 'NONE',  ( 10.43736467729789297, -3.000000000000000000, 13.24774324135359649 ) ) ;
#5789 = FACE_OUTER_BOUND ( 'NONE', #5192, .T. ) ;
#5790 = ORIENTED_EDGE ( 'NONE', *, *, #4437, .F. ) ;
#5791 = DIRECTION ( 'NONE',  ( -0.4226182617401404995, 0.000000000000000000, -0.9063077870369106170 ) ) ;
#5792 = DIRECTION ( 'NONE',  ( 1.776356839400250465E-15, 0.000000000000000000, 1.000000000000000000 ) ) ;
#5793 = ADVANCED_FACE ( 'NONE', ( #4103 ), #2348, .F. ) ;
#5794 = CARTESIAN_POINT ( 'NONE',  ( 17.21793483357267363, 3.265000000000000124, 3.035986463248324885 ) ) ;
#5795 = DIRECTION ( 'NONE',  ( 0.7660444431189912251, 0.000000000000000000, 0.6427876096865234867 ) ) ;
#5796 = CYLINDRICAL_SURFACE ( 'NONE', #1611, 0.5000000000000002220 ) ;
#5797 = CARTESIAN_POINT ( 'NONE',  ( 0.000000000000000000, 3.265000000000000124, 0.000000000000000000 ) ) ;
#5798 = AXIS2_PLACEMENT_3D ( 'NONE', #2692, #1951, #4599 ) ;
#5799 = ORIENTED_EDGE ( 'NONE', *, *, #4967, .T. ) ;
#5800 = FACE_OUTER_BOUND ( 'NONE', #2256, .T. ) ;
#5801 = FACE_OUTER_BOUND ( 'NONE', #113, .T. ) ;
#5802 = B_SPLINE_CURVE_WITH_KNOTS ( 'NONE', 3,
 ( #2486, #4752, #2020, #2800 ),
 .UNSPECIFIED., .F., .F.,
 ( 4, 4 ),
 ( 8.075205744746346854E-05, 0.0002703316100573871592 ),
 .UNSPECIFIED. ) ;
#5803 = LINE ( 'NONE', #1126, #2618 ) ;
#5804 = ORIENTED_EDGE ( 'NONE', *, *, #4178, .F. ) ;
#5805 = CARTESIAN_POINT ( 'NONE',  ( -19.23334952206178272, -2.500000000000000000, 24.50825169393615610 ) ) ;
#5806 = VERTEX_POINT ( 'NONE', #1857 ) ;
#5807 = CARTESIAN_POINT ( 'NONE',  ( -30.48720104788181828, -2.500000000000000000, 6.411451255149191120 ) ) ;
#5808 = CARTESIAN_POINT ( 'NONE',  ( 31.37141457813755352, -3.000000000000000000, 6.802515648106708390 ) ) ;
#5809 = DIRECTION ( 'NONE',  ( 0.8660254037844438146, 0.000000000000000000, -0.4999999999999910627 ) ) ;
#5810 = DIRECTION ( 'NONE',  ( -0.000000000000000000, -1.000000000000000000, -0.000000000000000000 ) ) ;
#5811 = ORIENTED_EDGE ( 'NONE', *, *, #1404, .F. ) ;
#5812 = ORIENTED_EDGE ( 'NONE', *, *, #4162, .F. ) ;
#5813 = DIRECTION ( 'NONE',  ( -0.6427876096865312583, 0.000000000000000000, -0.7660444431189847858 ) ) ;
#5814 = FACE_OUTER_BOUND ( 'NONE', #568, .T. ) ;
#5815 = VECTOR ( 'NONE', #2304, 1000.000000000000114 ) ;
#5816 = EDGE_CURVE ( 'NONE', #3558, #2658, #1412, .T. ) ;
#5817 = CARTESIAN_POINT ( 'NONE',  ( -30.84144333032262608, 3.265000000000000124, 4.402443439002778014 ) ) ;
#5818 = ORIENTED_EDGE ( 'NONE', *, *, #5960, .T. ) ;
#5819 = CARTESIAN_POINT ( 'NONE',  ( -31.37141457813785195, -3.000000000000000000, 6.802515648107203994 ) ) ;
#5820 = VERTEX_POINT ( 'NONE', #442 ) ;
#5821 = LINE ( 'NONE', #136, #1779 ) ;
#5822 = CARTESIAN_POINT ( 'NONE',  ( -16.65794175329445537, -3.000000000000000000, 2.111811167170486669 ) ) ;
#5823 = CARTESIAN_POINT ( 'NONE',  ( -11.60809380826080961, -2.792893218813451650, -28.91069513293903270 ) ) ;
#5824 = AXIS2_PLACEMENT_3D ( 'NONE', #3448, #245, #4891 ) ;
#5825 = EDGE_CURVE ( 'NONE', #2678, #2609, #4619, .T. ) ;
#5826 = ORIENTED_EDGE ( 'NONE', *, *, #1394, .T. ) ;
#5827 = ADVANCED_FACE ( 'NONE', ( #465 ), #2320, .F. ) ;
#5828 = CIRCLE ( 'NONE', #3488, 24.52749999999999631 ) ;
#5829 = ORIENTED_EDGE ( 'NONE', *, *, #5341, .T. ) ;
#5830 = DIRECTION ( 'NONE',  ( -0.3420201433256698231, -0.000000000000000000, -0.9396926207859079838 ) ) ;
#5831 = CARTESIAN_POINT ( 'NONE',  ( -8.303821354723572412, -3.000000000000000000, -22.81456166729534374 ) ) ;
#5832 = EDGE_CURVE ( 'NONE', #3948, #2708, #4173, .T. ) ;
#5833 = AXIS2_PLACEMENT_3D ( 'NONE', #2827, #1119, #4685 ) ;
#5834 = CARTESIAN_POINT ( 'NONE',  ( 23.90990065744913906, -3.000000000000000000, 4.215960591969848181 ) ) ;
#5835 = VERTEX_POINT ( 'NONE', #3138 ) ;
#5836 = FACE_OUTER_BOUND ( 'NONE', #1125, .T. ) ;
#5837 = ORIENTED_EDGE ( 'NONE', *, *, #1692, .T. ) ;
#5838 = FACE_OUTER_BOUND ( 'NONE', #193, .T. ) ;
#5839 = CARTESIAN_POINT ( 'NONE',  ( -1.509956535254285193, 3.265000000000000124, 0.2662460768590320659 ) ) ;
#5840 = AXIS2_PLACEMENT_3D ( 'NONE', #2107, #1659, #1627 ) ;
#5841 = CARTESIAN_POINT ( 'NONE',  ( -15.29263558886043306, 3.265000000000000124, 19.81189170665737009 ) ) ;
#5842 = CARTESIAN_POINT ( 'NONE',  ( 15.91225471488009369, -2.990135421643635105, 17.85731327722782069 ) ) ;
#5843 = CARTESIAN_POINT ( 'NONE',  ( -31.84909871781260904, 3.265000000000000124, 3.696875540765334645 ) ) ;
#5844 = ORIENTED_EDGE ( 'NONE', *, *, #2070, .T. ) ;
#5845 =( BOUNDED_CURVE ( )  B_SPLINE_CURVE ( 3, ( #1039, #2877, #122, #3816 ),
 .UNSPECIFIED., .F., .F. ) 
 B_SPLINE_CURVE_WITH_KNOTS ( ( 4, 4 ),
 ( 4.712388980384691450, 6.283185307179586232 ),
 .UNSPECIFIED. ) 
 CURVE ( )  GEOMETRIC_REPRESENTATION_ITEM ( )  RATIONAL_B_SPLINE_CURVE ( ( 1.000000000000000000, 0.8047378541243654926, 0.8047378541243654926, 1.000000000000000000 ) ) 
 REPRESENTATION_ITEM ( '' )  );
#5846 = VERTEX_POINT ( 'NONE', #5004 ) ;
#5847 = AXIS2_PLACEMENT_3D ( 'NONE', #4667, #1518, #3356 ) ;
#5848 = DIRECTION ( 'NONE',  ( -0.6427876096865312583, -0.000000000000000000, -0.7660444431189847858 ) ) ;
#5849 = CARTESIAN_POINT ( 'NONE',  ( -17.21793483357565790, 3.265000000000000124, 3.035986463239486621 ) ) ;
#5850 = LINE ( 'NONE', #1691, #275 ) ;
#5851 = DIRECTION ( 'NONE',  ( 0.000000000000000000, -1.000000000000000000, 0.000000000000000000 ) ) ;
#5852 = EDGE_CURVE ( 'NONE', #1376, #894, #1777, .T. ) ;
#5853 = CARTESIAN_POINT ( 'NONE',  ( 23.90990065744913906, -3.000000000000000000, 4.215960591969848181 ) ) ;
#5854 = DIRECTION ( 'NONE',  ( 0.000000000000000000, 0.000000000000000000, 1.000000000000000000 ) ) ;
#5855 = EDGE_LOOP ( 'NONE', ( #4853, #1558, #4845, #344 ) ) ;
#5856 = CARTESIAN_POINT ( 'NONE',  ( 9.321851522237688314, -2.833599059608971515, -30.68895840426501209 ) ) ;
#5857 = DIRECTION ( 'NONE',  ( 0.000000000000000000, 0.000000000000000000, -1.000000000000000000 ) ) ;
#5858 = ADVANCED_FACE ( 'NONE', ( #5264 ), #593, .T. ) ;
#5859 = CARTESIAN_POINT ( 'NONE',  ( 14.80258282752960319, -2.988063204681747020, 18.63333014983776081 ) ) ;
#5860 = ORIENTED_EDGE ( 'NONE', *, *, #2869, .T. ) ;
#5861 = CARTESIAN_POINT ( 'NONE',  ( 10.05434245573841068, -2.500000000000000000, 13.56913704619687699 ) ) ;
#5862 = EDGE_LOOP ( 'NONE', ( #5743, #5988, #4346, #4782 ) ) ;
#5863 = CARTESIAN_POINT ( 'NONE',  ( 16.77838861730841558, -2.500000000000000000, 1.922747461918894674 ) ) ;
#5864 = AXIS2_PLACEMENT_3D ( 'NONE', #5307, #2996, #2965 ) ;
#5865 = DIRECTION ( 'NONE',  ( -0.000000000000000000, 1.000000000000000000, 0.000000000000000000 ) ) ;
#5866 = EDGE_CURVE ( 'NONE', #177, #4188, #401, .T. ) ;
#5867 = DIRECTION ( 'NONE',  ( 0.9961946980917285588, 0.000000000000000000, -0.08715574274785159448 ) ) ;
#5868 = LINE ( 'NONE', #3546, #4970 ) ;
#5869 = CARTESIAN_POINT ( 'NONE',  ( 8.872481215437538538, -3.000000000000000000, 12.96382766703892742 ) ) ;
#5870 = DIRECTION ( 'NONE',  ( 0.000000000000000000, 0.000000000000000000, 1.000000000000000000 ) ) ;
#5871 = ORIENTED_EDGE ( 'NONE', *, *, #4929, .F. ) ;
#5872 = AXIS2_PLACEMENT_3D ( 'NONE', #4115, #5548, #423 ) ;
#5873 = LINE ( 'NONE', #4877, #57 ) ;
#5874 = VERTEX_POINT ( 'NONE', #1013 ) ;
#5875 = DIRECTION ( 'NONE',  ( 0.000000000000000000, 0.000000000000000000, 1.000000000000000000 ) ) ;
#5876 = LINE ( 'NONE', #2651, #3807 ) ;
#5877 = CARTESIAN_POINT ( 'NONE',  ( -0.4886401628094285132, -2.500000000000000000, -0.1778504745296228262 ) ) ;
#5878 = CARTESIAN_POINT ( 'NONE',  ( 0.3983431104229284703, -3.000000000000000000, -0.3342495570378904435 ) ) ;
#5879 = CARTESIAN_POINT ( 'NONE',  ( 16.85536625282482959, -2.619670988163523173, 18.50060498289538558 ) ) ;
#5880 = EDGE_CURVE ( 'NONE', #177, #2054, #1348, .T. ) ;
#5881 = ORIENTED_EDGE ( 'NONE', *, *, #292, .T. ) ;
#5882 = CARTESIAN_POINT ( 'NONE',  ( 11.72428514981459635, -2.500000000000000000, 11.03241121076136366 ) ) ;
#5883 = CARTESIAN_POINT ( 'NONE',  ( -8.303821354723572412, 9.530000000000001137, -22.81456166729534374 ) ) ;
#5884 = DIRECTION ( 'NONE',  ( 0.000000000000000000, 0.000000000000000000, 1.000000000000000000 ) ) ;
#5885 = EDGE_CURVE ( 'NONE', #1816, #1732, #1983, .T. ) ;
#5886 = EDGE_CURVE ( 'NONE', #2802, #2058, #4255, .T. ) ;
#5887 = ORIENTED_EDGE ( 'NONE', *, *, #4049, .F. ) ;
#5888 = CARTESIAN_POINT ( 'NONE',  ( -10.23180186323415874, -3.000000000000000000, -29.63202286765664084 ) ) ;
#5889 = ORIENTED_EDGE ( 'NONE', *, *, #1216, .F. ) ;
#5890 = CARTESIAN_POINT ( 'NONE',  ( 16.69156452847498429, -2.500000000000000000, 2.415151338425005179 ) ) ;
#5891 = CARTESIAN_POINT ( 'NONE',  ( 30.84144333032081420, 3.265000000000000124, 4.402443439001797465 ) ) ;
#5892 = CARTESIAN_POINT ( 'NONE',  ( 0.000000000000000000, 3.265000000000000124, 0.000000000000000000 ) ) ;
#5893 = ORIENTED_EDGE ( 'NONE', *, *, #5296, .T. ) ;
#5894 = EDGE_CURVE ( 'NONE', #4321, #2392, #5373, .T. ) ;
#5895 = ADVANCED_FACE ( 'NONE', ( #133 ), #164, .T. ) ;
#5896 = CARTESIAN_POINT ( 'NONE',  ( 0.000000000000000000, -3.000000000000000000, 0.000000000000000000 ) ) ;
#5897 = ORIENTED_EDGE ( 'NONE', *, *, #3574, .T. ) ;
#5898 = DIRECTION ( 'NONE',  ( -0.9848077530122080203, 0.000000000000000000, 0.1736481776669309696 ) ) ;
#5899 = EDGE_CURVE ( 'NONE', #2477, #3442, #4223, .T. ) ;
#5900 = VERTEX_POINT ( 'NONE', #2013 ) ;
#5901 = PLANE ( 'NONE',  #4191 ) ;
#5902 = AXIS2_PLACEMENT_3D ( 'NONE', #5794, #5438, #4064 ) ;
#5903 = CARTESIAN_POINT ( 'NONE',  ( 20.86842270412794775, 3.265000000000000124, -10.87059491664726174 ) ) ;
#5904 = DIRECTION ( 'NONE',  ( 0.000000000000000000, 0.000000000000000000, 1.000000000000000000 ) ) ;
#5905 = VERTEX_POINT ( 'NONE', #3368 ) ;
#5906 = VECTOR ( 'NONE', #840, 1000.000000000000000 ) ;
#5907 = EDGE_LOOP ( 'NONE', ( #5279, #2327, #3738, #1820, #1337, #243, #3840, #4760, #4044, #479 ) ) ;
#5908 = DIRECTION ( 'NONE',  ( 0.9961946980917623096, 0.000000000000000000, 0.08715574274746687444 ) ) ;
#5909 = DIRECTION ( 'NONE',  ( -0.000000000000000000, 1.000000000000000000, -0.000000000000000000 ) ) ;
#5910 = EDGE_CURVE ( 'NONE', #1339, #3775, #5352, .T. ) ;
#5911 = CARTESIAN_POINT ( 'NONE',  ( -11.72428514981518433, -2.586846802861117567, 11.03241121076155373 ) ) ;
#5912 = CIRCLE ( 'NONE', #1658, 0.8000000000019068525 ) ;
#5913 = ORIENTED_EDGE ( 'NONE', *, *, #4975, .F. ) ;
#5914 = LINE ( 'NONE', #2094, #3734 ) ;
#5915 = ORIENTED_EDGE ( 'NONE', *, *, #4164, .T. ) ;
#5916 = CARTESIAN_POINT ( 'NONE',  ( 6.685646264092174107, -2.990860970744401381, -14.65229168168091789 ) ) ;
#5917 = DIRECTION ( 'NONE',  ( 0.9961946980917276706, 0.000000000000000000, -0.08715574274786326570 ) ) ;
#5918 = EDGE_CURVE ( 'NONE', #2267, #3606, #70, .T. ) ;
#5919 = DIRECTION ( 'NONE',  ( -0.4226182617411931020, 0.000000000000000000, -0.9063077870364197874 ) ) ;
#5920 = AXIS2_PLACEMENT_3D ( 'NONE', #3319, #2868, #513 ) ;
#5921 = VERTEX_POINT ( 'NONE', #4779 ) ;
#5922 = CARTESIAN_POINT ( 'NONE',  ( -7.502912119883315079, -3.000000000000003109, -22.76854196884618986 ) ) ;
#5923 = CARTESIAN_POINT ( 'NONE',  ( -15.59851722659697515, -3.000000000000000000, 19.39856533390830506 ) ) ;
#5924 = AXIS2_PLACEMENT_3D ( 'NONE', #1621, #251, #3545 ) ;
#5925 = VERTEX_POINT ( 'NONE', #2478 ) ;
#5926 = DIRECTION ( 'NONE',  ( -0.000000000000000000, 1.000000000000000000, -0.000000000000000000 ) ) ;
#5927 = PLANE ( 'NONE',  #5418 ) ;
#5928 = EDGE_CURVE ( 'NONE', #5287, #3855, #1566, .T. ) ;
#5929 = LINE ( 'NONE', #4180, #4963 ) ;
#5930 = EDGE_CURVE ( 'NONE', #5306, #3042, #3511, .T. ) ;
#5931 = VECTOR ( 'NONE', #2066, 1000.000000000000000 ) ;
#5932 = CARTESIAN_POINT ( 'NONE',  ( 14.32920972712218166, -2.500000000000000000, 18.66372547473164900 ) ) ;
#5933 = CIRCLE ( 'NONE', #4566, 25.02749999999999275 ) ;
#5934 = DIRECTION ( 'NONE',  ( -0.8660254037844427044, -0.000000000000000000, 0.4999999999999928391 ) ) ;
#5935 = EDGE_CURVE ( 'NONE', #667, #4698, #1852, .T. ) ;
#5936 = CARTESIAN_POINT ( 'NONE',  ( -6.724046161570257141, 3.265000000000000124, -15.49188450811626794 ) ) ;
#5937 = ORIENTED_EDGE ( 'NONE', *, *, #2595, .F. ) ;
#5938 = CARTESIAN_POINT ( 'NONE',  ( 12.72296122597525958, -2.576007553701673558, -29.43056634765067869 ) ) ;
#5939 = DIRECTION ( 'NONE',  ( 0.9961946980916877026, 0.000000000000000000, 0.08715574274831970614 ) ) ;
#5940 = CYLINDRICAL_SURFACE ( 'NONE', #4851, 0.4999999999999998890 ) ;
#5941 = ORIENTED_EDGE ( 'NONE', *, *, #4680, .F. ) ;
#5942 = CARTESIAN_POINT ( 'NONE',  ( 23.46685048073202040, -3.000000000000000000, 3.544489306123077110 ) ) ;
#5943 = ORIENTED_EDGE ( 'NONE', *, *, #4621, .T. ) ;
#5944 = CARTESIAN_POINT ( 'NONE',  ( -14.82287224238737799, -2.990106470304264352, 18.77130456238496237 ) ) ;
#5945 = CARTESIAN_POINT ( 'NONE',  ( 8.849122598506014015, -2.945085216635948910, -22.07872135265405333 ) ) ;
#5946 = ORIENTED_EDGE ( 'NONE', *, *, #5205, .T. ) ;
#5947 = AXIS2_PLACEMENT_3D ( 'NONE', #5112, #4134, #5991 ) ;
#5948 = ORIENTED_EDGE ( 'NONE', *, *, #790, .T. ) ;
#5949 = CARTESIAN_POINT ( 'NONE',  ( 31.19276894612020712, -3.000000000000000000, 7.419106642638352511 ) ) ;
#5950 = CARTESIAN_POINT ( 'NONE',  ( 22.02151929896932359, -2.500000000000000000, 23.30417700039738449 ) ) ;
#5951 = CARTESIAN_POINT ( 'NONE',  ( -22.02151929897089389, -2.576007553701633590, 23.30417700039917506 ) ) ;
#5952 = ADVANCED_FACE ( 'NONE', ( #229 ), #4842, .T. ) ;
#5953 = AXIS2_PLACEMENT_3D ( 'NONE', #2880, #4152, #5130 ) ;
#5954 = ORIENTED_EDGE ( 'NONE', *, *, #1070, .F. ) ;
#5955 = CARTESIAN_POINT ( 'NONE',  ( 0.000000000000000000, -2.500000000000000000, 0.000000000000000000 ) ) ;
#5956 = FACE_OUTER_BOUND ( 'NONE', #1362, .T. ) ;
#5957 = FACE_OUTER_BOUND ( 'NONE', #2659, .T. ) ;
#5958 = CIRCLE ( 'NONE', #5083, 23.53000000000000114 ) ;
#5959 = ADVANCED_FACE ( 'NONE', ( #3923, #1176, #4910 ), #3047, .T. ) ;
#5960 = EDGE_CURVE ( 'NONE', #742, #2722, #3466, .T. ) ;
#5961 = DIRECTION ( 'NONE',  ( 0.000000000000000000, 0.000000000000000000, 1.000000000000000000 ) ) ;
#5962 = AXIS2_PLACEMENT_3D ( 'NONE', #274, #848, #5481 ) ;
#5963 = LINE ( 'NONE', #2263, #2742 ) ;
#5964 = CARTESIAN_POINT ( 'NONE',  ( -15.34070471704969130, -2.970787267808553178, 19.35330388391095013 ) ) ;
#5965 = VECTOR ( 'NONE', #1267, 1000.000000000000114 ) ;
#5966 = CARTESIAN_POINT ( 'NONE',  ( -16.07282071980270644, 3.265000000000000124, 0.9150920754742549734 ) ) ;
#5967 = ADVANCED_FACE ( 'NONE', ( #5386 ), #2045, .T. ) ;
#5968 = ORIENTED_EDGE ( 'NONE', *, *, #2265, .F. ) ;
#5969 = DIRECTION ( 'NONE',  ( -0.000000000000000000, -0.000000000000000000, -1.000000000000000000 ) ) ;
#5970 = CARTESIAN_POINT ( 'NONE',  ( 16.39520344744573066, -3.000000000000000000, 18.73006621983681441 ) ) ;
#5971 = ORIENTED_EDGE ( 'NONE', *, *, #1843, .T. ) ;
#5972 = CARTESIAN_POINT ( 'NONE',  ( 23.53786141711946200, -2.988133748785156918, 3.502893361096863778 ) ) ;
#5973 = ORIENTED_EDGE ( 'NONE', *, *, #946, .F. ) ;
#5974 = FACE_OUTER_BOUND ( 'NONE', #5771, .T. ) ;
#5975 = LINE ( 'NONE', #1815, #2950 ) ;
#5976 = LINE ( 'NONE', #5817, #694 ) ;
#5977 = DIRECTION ( 'NONE',  ( -0.9961946980917977257, -0.000000000000000000, -0.08715574274706106017 ) ) ;
#5978 = AXIS2_PLACEMENT_3D ( 'NONE', #2496, #1617, #1486 ) ;
#5979 = ORIENTED_EDGE ( 'NONE', *, *, #3306, .F. ) ;
#5980 = LINE ( 'NONE', #5498, #1679 ) ;
#5981 = CARTESIAN_POINT ( 'NONE',  ( -11.61707311970166501, -2.500000000000000000, 12.25785032243587658 ) ) ;
#5982 = CARTESIAN_POINT ( 'NONE',  ( 24.80391930942181489, 3.265000000000000124, 3.337865057441843586 ) ) ;
#5983 = VERTEX_POINT ( 'NONE', #1208 ) ;
#5984 = CARTESIAN_POINT ( 'NONE',  ( -24.49724259189532560, -2.986739144610446761, 3.665785944601546831 ) ) ;
#5985 = DIRECTION ( 'NONE',  ( 0.000000000000000000, -1.000000000000000000, 0.000000000000000000 ) ) ;
#5986 = CYLINDRICAL_SURFACE ( 'NONE', #2089, 0.5000000000000001110 ) ;
#5987 = ADVANCED_FACE ( 'NONE', ( #1237 ), #3525, .F. ) ;
#5988 = ORIENTED_EDGE ( 'NONE', *, *, #718, .T. ) ;
#5989 = DIRECTION ( 'NONE',  ( -0.4226182617402906017, -0.000000000000000000, -0.9063077870368406730 ) ) ;
#5990 = ORIENTED_EDGE ( 'NONE', *, *, #1033, .T. ) ;
#5991 = DIRECTION ( 'NONE',  ( -0.8710089201476182152, 0.4912671992137068178, 0.000000000000000000 ) ) ;
#5992 = DIRECTION ( 'NONE',  ( 0.000000000000000000, 1.000000000000000000, 0.000000000000000000 ) ) ;
#5993 = ADVANCED_FACE ( 'NONE', ( #725 ), #290, .F. ) ;
#5994 = EDGE_CURVE ( 'NONE', #4204, #1116, #3979, .T. ) ;
#5995 = VECTOR ( 'NONE', #2216, 1000.000000000000227 ) ;
#5996 = DIRECTION ( 'NONE',  ( 0.3420201433256698231, 0.000000000000000000, 0.9396926207859079838 ) ) ;
#5997 = EDGE_LOOP ( 'NONE', ( #358, #4379, #1513, #1614 ) ) ;
#5998 = CARTESIAN_POINT ( 'NONE',  ( 8.998655526814697936, -3.000000000000000000, -21.74132237720895944 ) ) ;
#5999 = ORIENTED_EDGE ( 'NONE', *, *, #4358, .T. ) ;
#6000 = CARTESIAN_POINT ( 'NONE',  ( 7.045652622744221105, -2.849145032862446136, -14.47830987385357382 ) ) ;
#6001 = FACE_OUTER_BOUND ( 'NONE', #5573, .T. ) ;
#6002 = ORIENTED_EDGE ( 'NONE', *, *, #4206, .F. ) ;
#6003 = DIRECTION ( 'NONE',  ( -0.000000000000000000, -1.000000000000000000, -0.000000000000000000 ) ) ;
ENDSEC;
END-ISO-10303-21;
