ISO-10303-21;
HEADER;
FILE_DESCRIPTION (( 'STEP AP214' ),
    '1' );
FILE_NAME ('Back, Top Mesh Piece (With Holes).STEP',
    '2026-03-03T06:58:13',
    ( '' ),
    ( '' ),
    'SwSTEP 2.0',
    'SolidWorks 2025',
    '' );
FILE_SCHEMA (( 'AUTOMOTIVE_DESIGN' ));
ENDSEC;

DATA;
#1 = DIRECTION ( 'NONE',  ( 0.000000000000000000, 0.000000000000000000, -1.000000000000000000 ) ) ;
#2 = VERTEX_POINT ( 'NONE', #874 ) ;
#3 = DIRECTION ( 'NONE',  ( 0.000000000000000000, -0.000000000000000000, -1.000000000000000000 ) ) ;
#4 = ADVANCED_FACE ( 'NONE', ( #411 ), #5091, .F. ) ;
#5 = CARTESIAN_POINT ( 'NONE',  ( 31.19276894612020712, 5.764999999999999680, 7.419106642638352511 ) ) ;
#6 = AXIS2_PLACEMENT_3D ( 'NONE', #600, #689, #2009 ) ;
#7 = ORIENTED_EDGE ( 'NONE', *, *, #5848, .T. ) ;
#8 = CARTESIAN_POINT ( 'NONE',  ( 8.800362019751242215, 6.238325924937517364, -22.18730783671544771 ) ) ;
#9 = DIRECTION ( 'NONE',  ( -0.7660444431189782355, 0.000000000000000000, -0.6427876096865391409 ) ) ;
#10 = EDGE_CURVE ( 'NONE', #5436, #1426, #2737, .T. ) ;
#11 = CIRCLE ( 'NONE', #598, 24.02999999999999758 ) ;
#12 = DIRECTION ( 'NONE',  ( 0.3420201433256716550, 0.000000000000000000, -0.9396926207859073177 ) ) ;
#13 = VERTEX_POINT ( 'NONE', #3205 ) ;
#14 = EDGE_LOOP ( 'NONE', ( #2752, #2289, #3386, #2663, #2975, #362, #5209, #1651 ) ) ;
#15 = CARTESIAN_POINT ( 'NONE',  ( -30.77798550052900239, 6.264999999999999680, 5.955011093778559861 ) ) ;
#16 = CARTESIAN_POINT ( 'NONE',  ( 24.44967702698106393, 5.884670988163765770, 5.346872873588295327 ) ) ;
#17 = CARTESIAN_POINT ( 'NONE',  ( -15.32925843554675716, 6.200926026332990837, 19.46532339463271555 ) ) ;
#18 = DIRECTION ( 'NONE',  ( 0.000000000000000000, 0.000000000000000000, -1.000000000000000000 ) ) ;
#19 = EDGE_CURVE ( 'NONE', #3263, #3864, #2648, .T. ) ;
#20 = CARTESIAN_POINT ( 'NONE',  ( -23.32786525393755639, 3.265000000000000124, 3.077596902476492868 ) ) ;
#21 = EDGE_LOOP ( 'NONE', ( #621, #1576, #5442, #3509, #5992 ) ) ;
#22 = CARTESIAN_POINT ( 'NONE',  ( 20.79608018602494823, 0.000000000000000000, 23.19696497017266879 ) ) ;
#23 = ORIENTED_EDGE ( 'NONE', *, *, #2212, .F. ) ;
#24 = DIRECTION ( 'NONE',  ( 0.000000000000000000, 0.000000000000000000, -1.000000000000000000 ) ) ;
#25 = DIRECTION ( 'NONE',  ( 0.000000000000000000, 1.000000000000000000, 0.000000000000000000 ) ) ;
#26 = EDGE_CURVE ( 'NONE', #3283, #1137, #1827, .T. ) ;
#27 = VERTEX_POINT ( 'NONE', #2765 ) ;
#28 = ORIENTED_EDGE ( 'NONE', *, *, #4063, .F. ) ;
#29 = CARTESIAN_POINT ( 'NONE',  ( 8.955674920446579534, 6.063953584472927538, 13.38020630970584435 ) ) ;
#30 = ORIENTED_EDGE ( 'NONE', *, *, #4431, .T. ) ;
#31 = DIRECTION ( 'NONE',  ( -0.000000000000000000, -1.000000000000000000, -0.000000000000000000 ) ) ;
#32 = ORIENTED_EDGE ( 'NONE', *, *, #2803, .T. ) ;
#33 = ADVANCED_FACE ( 'NONE', ( #1736 ), #5875, .T. ) ;
#34 = CARTESIAN_POINT ( 'NONE',  ( -7.679371020817311155, 6.114944888433099912, -23.67380928934752760 ) ) ;
#35 = CARTESIAN_POINT ( 'NONE',  ( -16.36881259516366427, 5.764999999999999680, 2.209535680094371735 ) ) ;
#36 = AXIS2_PLACEMENT_3D ( 'NONE', #581, #3022, #4909 ) ;
#37 = ORIENTED_EDGE ( 'NONE', *, *, #3122, .T. ) ;
#38 = EDGE_CURVE ( 'NONE', #5307, #2412, #2707, .T. ) ;
#39 = ORIENTED_EDGE ( 'NONE', *, *, #3313, .F. ) ;
#40 = DIRECTION ( 'NONE',  ( 0.7660444431189739056, 0.000000000000000000, 0.6427876096865442479 ) ) ;
#41 = CIRCLE ( 'NONE', #4157, 25.02749999999999275 ) ;
#42 = CARTESIAN_POINT ( 'NONE',  ( 24.41469320344730676, 5.996288099985846998, 5.294632604725017622 ) ) ;
#43 = CARTESIAN_POINT ( 'NONE',  ( 0.000000000000000000, 0.000000000000000000, 0.000000000000000000 ) ) ;
#44 = CARTESIAN_POINT ( 'NONE',  ( -9.691120861856122204, 6.264999999999999680, -29.60841622532391781 ) ) ;
#45 = VECTOR ( 'NONE', #5357, 1000.000000000000000 ) ;
#46 = ORIENTED_EDGE ( 'NONE', *, *, #4804, .F. ) ;
#47 = ADVANCED_FACE ( 'NONE', ( #3139 ), #1791, .F. ) ;
#48 = DIRECTION ( 'NONE',  ( 0.9961946980917275596, 0.000000000000000000, -0.08715574274786325182 ) ) ;
#49 = ORIENTED_EDGE ( 'NONE', *, *, #580, .T. ) ;
#50 = CARTESIAN_POINT ( 'NONE',  ( -7.144234157466807567, 6.002084624032789861, -22.46991117160765228 ) ) ;
#51 = CARTESIAN_POINT ( 'NONE',  ( -14.81459121830057057, 6.238325924936583888, 18.71499098996243760 ) ) ;
#52 = VECTOR ( 'NONE', #5002, 1000.000000000000114 ) ;
#53 = AXIS2_PLACEMENT_3D ( 'NONE', #2445, #3404, #4355 ) ;
#54 = VERTEX_POINT ( 'NONE', #1761 ) ;
#55 = ORIENTED_EDGE ( 'NONE', *, *, #654, .T. ) ;
#56 = AXIS2_PLACEMENT_3D ( 'NONE', #502, #4591, #4151 ) ;
#57 = CARTESIAN_POINT ( 'NONE',  ( 9.345695051535130915, 6.264999999999997016, 13.11754990760837458 ) ) ;
#58 = EDGE_LOOP ( 'NONE', ( #2506, #5347, #2844, #1446 ) ) ;
#59 = DIRECTION ( 'NONE',  ( 0.000000000000000000, 0.000000000000000000, -1.000000000000000000 ) ) ;
#60 = VECTOR ( 'NONE', #987, 1000.000000000000000 ) ;
#61 = CIRCLE ( 'NONE', #1048, 14.57731163100802796 ) ;
#62 = VECTOR ( 'NONE', #5496, 1000.000000000000000 ) ;
#63 = CARTESIAN_POINT ( 'NONE',  ( 24.60708631873918861, 6.148090468736025827, 3.481269485692140453 ) ) ;
#64 = VECTOR ( 'NONE', #951, 1000.000000000000000 ) ;
#65 = ORIENTED_EDGE ( 'NONE', *, *, #2938, .F. ) ;
#66 = CARTESIAN_POINT ( 'NONE',  ( 16.42414633486759712, 5.764999999999999680, 3.931755278064975823 ) ) ;
#67 = CARTESIAN_POINT ( 'NONE',  ( 23.37839960360604508, 6.238325924937850431, 4.813879173184148819 ) ) ;
#68 = VECTOR ( 'NONE', #3789, 1000.000000000000114 ) ;
#69 = ADVANCED_FACE ( 'NONE', ( #1246 ), #844, .F. ) ;
#70 = ORIENTED_EDGE ( 'NONE', *, *, #1179, .T. ) ;
#71 = ORIENTED_EDGE ( 'NONE', *, *, #4844, .F. ) ;
#72 = VERTEX_POINT ( 'NONE', #3700 ) ;
#73 = EDGE_LOOP ( 'NONE', ( #2253, #1529, #1804, #4833 ) ) ;
#74 = VECTOR ( 'NONE', #1940, 1000.000000000000114 ) ;
#75 = DIRECTION ( 'NONE',  ( 0.6427876096865391409, 0.000000000000000000, -0.7660444431189782355 ) ) ;
#76 = FACE_OUTER_BOUND ( 'NONE', #21, .T. ) ;
#77 =( NAMED_UNIT ( * ) PLANE_ANGLE_UNIT ( ) SI_UNIT ( $, .RADIAN. ) );
#78 = DIRECTION ( 'NONE',  ( 0.5735764363516123732, 0.000000000000000000, -0.8191520442885952269 ) ) ;
#79 = EDGE_CURVE ( 'NONE', #2796, #4139, #4581, .T. ) ;
#80 = FACE_OUTER_BOUND ( 'NONE', #1632, .T. ) ;
#81 = AXIS2_PLACEMENT_3D ( 'NONE', #3445, #4777, #1092 ) ;
#82 = ORIENTED_EDGE ( 'NONE', *, *, #3970, .T. ) ;
#83 = ORIENTED_EDGE ( 'NONE', *, *, #4949, .F. ) ;
#84 = CYLINDRICAL_SURFACE ( 'NONE', #3680, 23.53000000000000114 ) ;
#85 = ORIENTED_EDGE ( 'NONE', *, *, #3822, .F. ) ;
#86 = FACE_OUTER_BOUND ( 'NONE', #5368, .T. ) ;
#87 = CARTESIAN_POINT ( 'NONE',  ( 7.144234157466575752, 6.002084624032485216, -22.46991117160758122 ) ) ;
#88 = EDGE_CURVE ( 'NONE', #1333, #656, #1545, .T. ) ;
#89 = ORIENTED_EDGE ( 'NONE', *, *, #5438, .T. ) ;
#90 = VERTEX_POINT ( 'NONE', #2249 ) ;
#91 = LINE ( 'NONE', #5324, #1902 ) ;
#92 = DIRECTION ( 'NONE',  ( -0.000000000000000000, -1.000000000000000000, -0.000000000000000000 ) ) ;
#93 = ORIENTED_EDGE ( 'NONE', *, *, #1688, .F. ) ;
#94 = DIRECTION ( 'NONE',  ( 0.000000000000000000, -1.000000000000000000, 0.000000000000000000 ) ) ;
#95 = EDGE_CURVE ( 'NONE', #3084, #3381, #4059, .T. ) ;
#96 = EDGE_CURVE ( 'NONE', #1101, #3316, #761, .T. ) ;
#97 =( LENGTH_UNIT ( ) NAMED_UNIT ( * ) SI_UNIT ( .MILLI., .METRE. ) );
#98 = B_SPLINE_CURVE_WITH_KNOTS ( 'NONE', 3,
 ( #4682, #4711, #2830, #1517, #5241, #42, #16, #2800 ),
 .UNSPECIFIED., .F., .F.,
 ( 4, 2, 2, 4 ),
 ( 0.0002326562781577182432, 0.0004093576251839547942, 0.0005860589722101913453, 0.0009394616662626643390 ),
 .UNSPECIFIED. ) ;
#99 = DIRECTION ( 'NONE',  ( -0.000000000000000000, -1.000000000000000000, -0.000000000000000000 ) ) ;
#100 = EDGE_LOOP ( 'NONE', ( #3560, #5430, #5096, #4893 ) ) ;
#101 = CARTESIAN_POINT ( 'NONE',  ( -16.30701005988716190, 6.264999999999999680, 3.403387686423853253 ) ) ;
#102 = DIRECTION ( 'NONE',  ( 0.9396926207859084279, 0.000000000000000000, -0.3420201433256690460 ) ) ;
#103 = ORIENTED_EDGE ( 'NONE', *, *, #1854, .F. ) ;
#104 = ORIENTED_EDGE ( 'NONE', *, *, #2255, .F. ) ;
#105 = CARTESIAN_POINT ( 'NONE',  ( 15.48168225354114291, 6.113831634978354579, 4.424929995459045529 ) ) ;
#106 = ORIENTED_EDGE ( 'NONE', *, *, #1558, .F. ) ;
#107 = ORIENTED_EDGE ( 'NONE', *, *, #2932, .T. ) ;
#108 = LINE ( 'NONE', #623, #4472 ) ;
#109 = CARTESIAN_POINT ( 'NONE',  ( -11.61707311970166501, 5.764999999999999680, 12.25785032243587658 ) ) ;
#110 = CARTESIAN_POINT ( 'NONE',  ( -15.29263558886043839, 5.884670988163364314, 19.81189170665737365 ) ) ;
#111 = FACE_BOUND ( 'NONE', #556, .T. ) ;
#112 = AXIS2_PLACEMENT_3D ( 'NONE', #4017, #2602, #5885 ) ;
#113 = FACE_OUTER_BOUND ( 'NONE', #147, .T. ) ;
#114 = CARTESIAN_POINT ( 'NONE',  ( 12.63397171969002031, 6.044248922266437063, -29.47639383210592712 ) ) ;
#115 = VERTEX_POINT ( 'NONE', #5122 ) ;
#116 = DIRECTION ( 'NONE',  ( -0.8660254037844367092, 0.000000000000000000, -0.5000000000000034417 ) ) ;
#117 = DIRECTION ( 'NONE',  ( 0.000000000000000000, 0.000000000000000000, 1.000000000000000000 ) ) ;
#118 = ADVANCED_FACE ( 'NONE', ( #3605 ), #4592, .T. ) ;
#119 = AXIS2_PLACEMENT_3D ( 'NONE', #3736, #535, #911 ) ;
#120 = CARTESIAN_POINT ( 'NONE',  ( -7.565616370700679383, 6.264999999999999680, -22.49484218343451403 ) ) ;
#121 = ORIENTED_EDGE ( 'NONE', *, *, #5523, .T. ) ;
#122 = ORIENTED_EDGE ( 'NONE', *, *, #5393, .F. ) ;
#123 = CARTESIAN_POINT ( 'NONE',  ( 0.000000000000000000, 5.764999999999999680, 0.000000000000000000 ) ) ;
#124 = DIRECTION ( 'NONE',  ( 0.000000000000000000, 0.000000000000000000, 1.000000000000000000 ) ) ;
#125 = ORIENTED_EDGE ( 'NONE', *, *, #4772, .T. ) ;
#126 = CARTESIAN_POINT ( 'NONE',  ( 0.000000000000000000, 5.764999999999999680, -24.52749999999999631 ) ) ;
#127 = ADVANCED_FACE ( 'NONE', ( #2431 ), #5739, .T. ) ;
#128 = CARTESIAN_POINT ( 'NONE',  ( -8.303821354726347082, 0.000000000000000000, -23.61456166729589157 ) ) ;
#129 = CARTESIAN_POINT ( 'NONE',  ( -11.23820881949889028, 6.264999999999999680, 13.39317573496176550 ) ) ;
#130 = EDGE_CURVE ( 'NONE', #521, #403, #4312, .T. ) ;
#131 = CARTESIAN_POINT ( 'NONE',  ( 30.48720104788194618, 5.764999999999999680, 6.411451255148618245 ) ) ;
#132 = ORIENTED_EDGE ( 'NONE', *, *, #4322, .F. ) ;
#133 = ORIENTED_EDGE ( 'NONE', *, *, #4610, .F. ) ;
#134 = EDGE_LOOP ( 'NONE', ( #2763, #5146, #2721, #6063 ) ) ;
#135 = CARTESIAN_POINT ( 'NONE',  ( 20.79608018602494823, 5.764999999999999680, 23.19696497017266879 ) ) ;
#136 = DIRECTION ( 'NONE',  ( -0.000000000000000000, -1.000000000000000000, -0.000000000000000000 ) ) ;
#137 = DIRECTION ( 'NONE',  ( -0.000000000000000000, 1.000000000000000000, -0.000000000000000000 ) ) ;
#138 = CARTESIAN_POINT ( 'NONE',  ( 8.800362019751242215, 6.238325924937517364, -22.18730783671544771 ) ) ;
#139 = AXIS2_PLACEMENT_3D ( 'NONE', #3556, #5007, #678 ) ;
#140 = CARTESIAN_POINT ( 'NONE',  ( 12.58552965825732173, 6.098599059609155937, -29.50107670853244102 ) ) ;
#141 = ORIENTED_EDGE ( 'NONE', *, *, #3491, .T. ) ;
#142 =( BOUNDED_CURVE ( )  B_SPLINE_CURVE ( 3, ( #4389, #1077, #3984, #2535 ),
 .UNSPECIFIED., .F., .T. ) 
 B_SPLINE_CURVE_WITH_KNOTS ( ( 4, 4 ),
 ( 3.141592653589793116, 4.712388980384689674 ),
 .UNSPECIFIED. ) 
 CURVE ( )  GEOMETRIC_REPRESENTATION_ITEM ( )  RATIONAL_B_SPLINE_CURVE ( ( 1.000000000000000000, 0.8047378541243649375, 0.8047378541243649375, 1.000000000000000000 ) ) 
 REPRESENTATION_ITEM ( '' )  );
#143 = DIRECTION ( 'NONE',  ( -0.9961946980917275596, 0.000000000000000000, 0.08715574274786325182 ) ) ;
#144 = VECTOR ( 'NONE', #166, 1000.000000000000000 ) ;
#145 = DIRECTION ( 'NONE',  ( -0.000000000000000000, -1.000000000000000000, 0.000000000000000000 ) ) ;
#146 = EDGE_LOOP ( 'NONE', ( #2317, #3974, #3574, #423 ) ) ;
#147 = EDGE_LOOP ( 'NONE', ( #5386, #5144, #384, #270 ) ) ;
#148 = ADVANCED_FACE ( 'NONE', ( #3265 ), #503, .F. ) ;
#149 = DIRECTION ( 'NONE',  ( -0.5735764363506832275, -0.000000000000000000, 0.8191520442892458176 ) ) ;
#150 = CARTESIAN_POINT ( 'NONE',  ( 11.61707311970207712, 5.764999999999999680, 12.25785032243555506 ) ) ;
#151 = AXIS2_PLACEMENT_3D ( 'NONE', #1230, #4606, #3096 ) ;
#152 = ORIENTED_EDGE ( 'NONE', *, *, #3594, .T. ) ;
#153 = CARTESIAN_POINT ( 'NONE',  ( 19.23334952206225523, 0.000000000000000000, 24.50825169393582570 ) ) ;
#154 = VECTOR ( 'NONE', #1619, 1000.000000000000114 ) ;
#155 = CARTESIAN_POINT ( 'NONE',  ( 16.03207995204084924, 6.255860970744405058, 1.536206335420720492 ) ) ;
#156 = EDGE_CURVE ( 'NONE', #2, #4530, #1063, .T. ) ;
#157 = CARTESIAN_POINT ( 'NONE',  ( -15.50907571732741452, 6.264999999999998792, 19.39771984176098485 ) ) ;
#158 = AXIS2_PLACEMENT_3D ( 'NONE', #1745, #324, #2193 ) ;
#159 = VECTOR ( 'NONE', #2430, 1000.000000000000114 ) ;
#160 = CARTESIAN_POINT ( 'NONE',  ( -14.32920972712166652, 0.000000000000000000, 18.66372547473203625 ) ) ;
#161 = CARTESIAN_POINT ( 'NONE',  ( 9.211470339406080399, 5.764999999999999680, -19.75406189090361408 ) ) ;
#162 = ORIENTED_EDGE ( 'NONE', *, *, #2229, .T. ) ;
#163 = EDGE_CURVE ( 'NONE', #1101, #5723, #98, .T. ) ;
#164 = AXIS2_PLACEMENT_3D ( 'NONE', #757, #5554, #2158 ) ;
#165 = AXIS2_PLACEMENT_3D ( 'NONE', #3966, #4577, #3534 ) ;
#166 = DIRECTION ( 'NONE',  ( -0.000000000000000000, -1.000000000000000000, -0.000000000000000000 ) ) ;
#167 = EDGE_LOOP ( 'NONE', ( #833, #4104, #2547, #107 ) ) ;
#168 = VERTEX_POINT ( 'NONE', #1399 ) ;
#169 = DIRECTION ( 'NONE',  ( -0.000000000000000000, -1.000000000000000000, -0.000000000000000000 ) ) ;
#170 = CARTESIAN_POINT ( 'NONE',  ( 8.828903344064009673, 6.264999999999999680, 13.46192501608482672 ) ) ;
#171 = CARTESIAN_POINT ( 'NONE',  ( 19.84842270412693566, 0.000000000000000000, -12.63728674036868860 ) ) ;
#172 = AXIS2_PLACEMENT_3D ( 'NONE', #1916, #4219, #940 ) ;
#174 = EDGE_CURVE ( 'NONE', #4390, #5119, #1948, .T. ) ;
#173 = DIRECTION ( 'NONE',  ( 0.000000000000000000, 0.000000000000000000, 1.000000000000000000 ) ) ;
#175 = ORIENTED_EDGE ( 'NONE', *, *, #4844, .T. ) ;
#176 = VECTOR ( 'NONE', #224, 1000.000000000000114 ) ;
#177 = LINE ( 'NONE', #3014, #4467 ) ;
#178 = EDGE_LOOP ( 'NONE', ( #4570, #4135, #1114, #3020 ) ) ;
#179 = DIRECTION ( 'NONE',  ( -0.7660444431189629144, 0.000000000000000000, 0.6427876096865573485 ) ) ;
#180 = LINE ( 'NONE', #2441, #3101 ) ;
#181 = ORIENTED_EDGE ( 'NONE', *, *, #2295, .F. ) ;
#182 = ORIENTED_EDGE ( 'NONE', *, *, #5466, .F. ) ;
#183 = DIRECTION ( 'NONE',  ( 0.7660444431189717962, -0.000000000000000000, 0.6427876096865468014 ) ) ;
#184 = CARTESIAN_POINT ( 'NONE',  ( 15.69803653025110890, 6.264999999999999680, 17.79943460558620316 ) ) ;
#185 = EDGE_LOOP ( 'NONE', ( #3294, #1023, #3369, #1500, #1798, #4696 ) ) ;
#186 = CYLINDRICAL_SURFACE ( 'NONE', #1924, 0.5000000000000000000 ) ;
#187 = CARTESIAN_POINT ( 'NONE',  ( 16.06542898214460990, 6.063945815778225779, 1.065851284156710932 ) ) ;
#188 = DIRECTION ( 'NONE',  ( -0.000000000000000000, -1.000000000000000000, -0.000000000000000000 ) ) ;
#189 = CARTESIAN_POINT ( 'NONE',  ( 15.29263558886092866, 0.000000000000000000, 19.81189170665698640 ) ) ;
#190 = ADVANCED_FACE ( 'NONE', ( #4243 ), #5680, .T. ) ;
#191 = DIRECTION ( 'NONE',  ( -0.08715574274745541139, 0.000000000000000000, 0.9961946980917633088 ) ) ;
#192 = ORIENTED_EDGE ( 'NONE', *, *, #5262, .F. ) ;
#193 = LINE ( 'NONE', #3933, #60 ) ;
#194 = FACE_OUTER_BOUND ( 'NONE', #917, .T. ) ;
#195 = ORIENTED_EDGE ( 'NONE', *, *, #1962, .T. ) ;
#196 = ORIENTED_EDGE ( 'NONE', *, *, #5830, .T. ) ;
#197 = CARTESIAN_POINT ( 'NONE',  ( -8.584531272233389743, 6.264999999999999680, -22.06542753897627662 ) ) ;
#198 = CARTESIAN_POINT ( 'NONE',  ( -19.84842270413053456, 3.265000000000000124, -12.63728674036303268 ) ) ;
#199 = CARTESIAN_POINT ( 'NONE',  ( -23.90990065744529858, -6.264999999999999680, 4.215960591966866566 ) ) ;
#200 = EDGE_CURVE ( 'NONE', #2563, #5559, #5162, .T. ) ;
#201 = LINE ( 'NONE', #2435, #887 ) ;
#202 = DIRECTION ( 'NONE',  ( -0.000000000000000000, -1.000000000000000000, -0.000000000000000000 ) ) ;
#203 = EDGE_LOOP ( 'NONE', ( #3774, #2989, #5765, #670 ) ) ;
#204 = CARTESIAN_POINT ( 'NONE',  ( 7.796327252067481339, 6.235787267806977674, -23.43298687357860999 ) ) ;
#205 = EDGE_CURVE ( 'NONE', #374, #5106, #2998, .T. ) ;
#206 = CARTESIAN_POINT ( 'NONE',  ( -6.685646264091078095, 6.255860970744405058, -14.65229168168113461 ) ) ;
#207 = VERTEX_POINT ( 'NONE', #2308 ) ;
#208 = ORIENTED_EDGE ( 'NONE', *, *, #4345, .F. ) ;
#209 = CARTESIAN_POINT ( 'NONE',  ( 7.520258147075114863, 6.238325924940718359, -22.65322754313870846 ) ) ;
#210 = CARTESIAN_POINT ( 'NONE',  ( 4.460940800293259123, 6.264999999999999680, -15.47651244522894665 ) ) ;
#211 = ORIENTED_EDGE ( 'NONE', *, *, #524, .F. ) ;
#212 = CARTESIAN_POINT ( 'NONE',  ( -9.000391762838175325, 6.264999999999999680, -23.20799484655626088 ) ) ;
#213 = PLANE ( 'NONE',  #846 ) ;
#214 = CARTESIAN_POINT ( 'NONE',  ( -4.807073215166054680, 5.764999999999999680, -16.18960560050088304 ) ) ;
#215 = CARTESIAN_POINT ( 'NONE',  ( -8.303821354726347082, 6.264999999999999680, -22.81456166729589441 ) ) ;
#216 = CARTESIAN_POINT ( 'NONE',  ( 4.378220219635863053, 6.264999999999998792, -15.49971271857129551 ) ) ;
#217 = DIRECTION ( 'NONE',  ( 0.000000000000000000, -0.8379550138152906946, -0.5457393103138311607 ) ) ;
#218 = ORIENTED_EDGE ( 'NONE', *, *, #1733, .F. ) ;
#219 = ADVANCED_FACE ( 'NONE', ( #3731 ), #4190, .F. ) ;
#220 = DIRECTION ( 'NONE',  ( 0.000000000000000000, 1.000000000000000000, 0.000000000000000000 ) ) ;
#221 = ORIENTED_EDGE ( 'NONE', *, *, #3237, .F. ) ;
#222 = VERTEX_POINT ( 'NONE', #1458 ) ;
#223 = CYLINDRICAL_SURFACE ( 'NONE', #3304, 0.5000000000000000000 ) ;
#224 = DIRECTION ( 'NONE',  ( 0.6427876096865573485, -0.000000000000000000, 0.7660444431189629144 ) ) ;
#225 = CARTESIAN_POINT ( 'NONE',  ( 23.42142866329107775, 6.255298868960474934, 4.852128512286265405 ) ) ;
#226 = ADVANCED_FACE ( 'NONE', ( #6085, #1884, #5618 ), #531, .F. ) ;
#227 = LINE ( 'NONE', #2095, #4670 ) ;
#228 = ORIENTED_EDGE ( 'NONE', *, *, #2027, .T. ) ;
#229 = CARTESIAN_POINT ( 'NONE',  ( -23.26378080656281355, 6.264999999999999680, 4.695181121940526836 ) ) ;
#230 = DIRECTION ( 'NONE',  ( 0.08715574274824934575, -0.000000000000000000, 0.9961946980916938088 ) ) ;
#231 = ORIENTED_EDGE ( 'NONE', *, *, #5226, .T. ) ;
#232 = AXIS2_PLACEMENT_3D ( 'NONE', #3370, #3455, #4882 ) ;
#233 = ORIENTED_EDGE ( 'NONE', *, *, #1431, .F. ) ;
#234 = ADVANCED_FACE ( 'NONE', ( #76 ), #3759, .F. ) ;
#235 = CARTESIAN_POINT ( 'NONE',  ( -24.75317804435612601, 5.996288099985984665, 3.374989680262148184 ) ) ;
#236 = CARTESIAN_POINT ( 'NONE',  ( 9.794555928166381875, 6.264999999999999680, -30.56969980137531806 ) ) ;
#237 = ORIENTED_EDGE ( 'NONE', *, *, #4552, .F. ) ;
#238 = LINE ( 'NONE', #3986, #5660 ) ;
#239 = CARTESIAN_POINT ( 'NONE',  ( 6.183365160192088261, 6.264999999999999680, -15.46827786578618458 ) ) ;
#240 = AXIS2_PLACEMENT_3D ( 'NONE', #4082, #5456, #1236 ) ;
#241 = ADVANCED_FACE ( 'NONE', ( #4869 ), #4405, .F. ) ;
#242 = EDGE_CURVE ( 'NONE', #13, #5147, #1154, .T. ) ;
#243 = VECTOR ( 'NONE', #2113, 1000.000000000000000 ) ;
#244 = CARTESIAN_POINT ( 'NONE',  ( 12.72296122597525603, 0.000000000000000000, -29.43056634765067159 ) ) ;
#245 = B_SPLINE_CURVE_WITH_KNOTS ( 'NONE', 3,
 ( #8, #4268, #2825, #3292 ),
 .UNSPECIFIED., .F., .F.,
 ( 4, 4 ),
 ( 0.0001800410528655434922, 0.0003576883151112834154 ),
 .UNSPECIFIED. ) ;
#246 = CARTESIAN_POINT ( 'NONE',  ( 7.666773543061802698, 6.264999999999999680, -23.29847290466496545 ) ) ;
#247 = AXIS2_PLACEMENT_3D ( 'NONE', #3337, #4748, #575 ) ;
#248 = VECTOR ( 'NONE', #1610, 1000.000000000000000 ) ;
#249 = DIRECTION ( 'NONE',  ( -0.3420201433256673806, -0.000000000000000000, 0.9396926207859089830 ) ) ;
#250 = VERTEX_POINT ( 'NONE', #2947 ) ;
#251 = MECHANICAL_DESIGN_GEOMETRIC_PRESENTATION_REPRESENTATION (  '', ( #5858 ), #2014 ) ;
#252 = CARTESIAN_POINT ( 'NONE',  ( 21.65644285628432897, 3.265000000000000124, -12.50335311276526618 ) ) ;
#253 = ORIENTED_EDGE ( 'NONE', *, *, #2202, .F. ) ;
#254 = ORIENTED_EDGE ( 'NONE', *, *, #4858, .F. ) ;
#255 = CARTESIAN_POINT ( 'NONE',  ( -22.02151929897089389, 5.841037802762265585, 23.30417700039918216 ) ) ;
#256 = LINE ( 'NONE', #198, #5674 ) ;
#257 = PLANE ( 'NONE',  #4494 ) ;
#258 = EDGE_CURVE ( 'NONE', #5516, #3779, #4924, .T. ) ;
#259 = AXIS2_PLACEMENT_3D ( 'NONE', #4852, #4481, #1658 ) ;
#260 = CARTESIAN_POINT ( 'NONE',  ( 9.691120861856093782, 0.000000000000000000, -29.60841622532396400 ) ) ;
#261 = FACE_OUTER_BOUND ( 'NONE', #2488, .T. ) ;
#262 = VERTEX_POINT ( 'NONE', #2579 ) ;
#263 = CARTESIAN_POINT ( 'NONE',  ( -7.607250946614584564, 6.264999999999999680, -22.42112848803540714 ) ) ;
#264 = EDGE_CURVE ( 'NONE', #1256, #1765, #256, .T. ) ;
#265 = DIRECTION ( 'NONE',  ( 0.000000000000000000, 1.000000000000000000, -0.000000000000000000 ) ) ;
#266 = AXIS2_PLACEMENT_3D ( 'NONE', #4121, #1489, #1858 ) ;
#267 = ORIENTED_EDGE ( 'NONE', *, *, #2067, .T. ) ;
#268 = ORIENTED_EDGE ( 'NONE', *, *, #5143, .T. ) ;
#269 = DIRECTION ( 'NONE',  ( 0.000000000000000000, 0.000000000000000000, -1.000000000000000000 ) ) ;
#270 = ORIENTED_EDGE ( 'NONE', *, *, #2075, .T. ) ;
#271 = CARTESIAN_POINT ( 'NONE',  ( 21.95387851915270616, 6.043643711280812347, 23.37734548477953211 ) ) ;
#272 = CARTESIAN_POINT ( 'NONE',  ( -12.72296122597415469, 5.764999999999999680, -29.43056634764681334 ) ) ;
#273 = AXIS2_PLACEMENT_3D ( 'NONE', #4785, #179, #1647 ) ;
#274 = ADVANCED_FACE ( 'NONE', ( #3881 ), #2523, .T. ) ;
#275 = CARTESIAN_POINT ( 'NONE',  ( -20.79608018602538522, 6.057893218813451774, 23.19696497017492121 ) ) ;
#276 = CIRCLE ( 'NONE', #3711, 0.7999999999999986011 ) ;
#277 = PLANE ( 'NONE',  #4364 ) ;
#278 = CARTESIAN_POINT ( 'NONE',  ( 3.692205798609079270, 5.764999999999999680, -15.66973438633268856 ) ) ;
#279 = ADVANCED_FACE ( 'NONE', ( #2549 ), #5771, .T. ) ;
#280 = CARTESIAN_POINT ( 'NONE',  ( -23.90990065744529858, -6.264999999999999680, 5.015960591969546911 ) ) ;
#281 = CARTESIAN_POINT ( 'NONE',  ( 0.000000000000000000, 6.264999999999999680, 0.000000000000000000 ) ) ;
#282 = EDGE_LOOP ( 'NONE', ( #3891, #4217, #4699, #759, #4821, #2536, #5692 ) ) ;
#283 = VERTEX_POINT ( 'NONE', #4374 ) ;
#284 = CYLINDRICAL_SURFACE ( 'NONE', #965, 0.5000000000000003331 ) ;
#285 = CARTESIAN_POINT ( 'NONE',  ( -16.13735811669214470, 5.764999999999999680, 3.522179255920822261 ) ) ;
#286 = CARTESIAN_POINT ( 'NONE',  ( -8.998655526815836581, 0.000000000000000000, -21.74132237720848693 ) ) ;
#287 = EDGE_LOOP ( 'NONE', ( #6030, #3796, #2944, #982, #2668, #4862, #5716 ) ) ;
#288 = CARTESIAN_POINT ( 'NONE',  ( 23.90990065744999526, 6.264999999999999680, 3.415960591962166060 ) ) ;
#289 = ORIENTED_EDGE ( 'NONE', *, *, #2450, .F. ) ;
#290 = DIRECTION ( 'NONE',  ( -0.1736481776668588328, 0.000000000000000000, 0.9848077530122207879 ) ) ;
#291 = DIRECTION ( 'NONE',  ( 0.000000000000000000, 1.000000000000000000, 0.000000000000000000 ) ) ;
#292 = VERTEX_POINT ( 'NONE', #3419 ) ;
#293 = AXIS2_PLACEMENT_3D ( 'NONE', #2793, #3407, #3231 ) ;
#294 = CARTESIAN_POINT ( 'NONE',  ( -8.828903344063828484, 5.764999999999999680, 13.46192501608416947 ) ) ;
#295 = EDGE_CURVE ( 'NONE', #1889, #4639, #4134, .T. ) ;
#296 = CARTESIAN_POINT ( 'NONE',  ( 7.622060262325965674, 5.996288099986572639, -23.79106084215097283 ) ) ;
#297 = CARTESIAN_POINT ( 'NONE',  ( -10.30423900446872132, 6.264999999999999680, 13.08909024249374475 ) ) ;
#298 = CARTESIAN_POINT ( 'NONE',  ( -22.16644285628606070, 3.265000000000000124, -11.62000720090157557 ) ) ;
#299 = AXIS2_PLACEMENT_3D ( 'NONE', #4365, #3002, #5332 ) ;
#300 = CARTESIAN_POINT ( 'NONE',  ( 14.81459121830506120, 6.238325924937520917, 18.71499098996243404 ) ) ;
#301 = CARTESIAN_POINT ( 'NONE',  ( 30.77798550052926174, 6.264999999999999680, 5.955011093778010078 ) ) ;
#302 = EDGE_CURVE ( 'NONE', #2017, #3019, #5309, .T. ) ;
#303 = CYLINDRICAL_SURFACE ( 'NONE', #3379, 0.4999999999999998890 ) ;
#304 = CARTESIAN_POINT ( 'NONE',  ( -3.692205798608257705, 5.764999999999999680, -15.66973438633325166 ) ) ;
#305 = CIRCLE ( 'NONE', #3134, 0.8000000000000020428 ) ;
#306 = CARTESIAN_POINT ( 'NONE',  ( 23.03163097412546989, 6.002084624032686833, 5.047867314852497067 ) ) ;
#307 = EDGE_CURVE ( 'NONE', #3441, #563, #4810, .T. ) ;
#308 = DIRECTION ( 'NONE',  ( 0.000000000000000000, 1.000000000000000000, -0.000000000000000000 ) ) ;
#309 = VERTEX_POINT ( 'NONE', #2039 ) ;
#310 = EDGE_LOOP ( 'NONE', ( #2262, #3323, #6050, #6048 ) ) ;
#311 = CARTESIAN_POINT ( 'NONE',  ( -11.60809380826080428, 6.057893218813449998, -28.91069513293903270 ) ) ;
#312 = DIRECTION ( 'NONE',  ( 0.000000000000000000, 0.000000000000000000, 1.000000000000000000 ) ) ;
#313 = CARTESIAN_POINT ( 'NONE',  ( 11.60809380826084514, 6.057893218813451774, -28.91069513294267779 ) ) ;
#314 = DIRECTION ( 'NONE',  ( -0.9848077530122070211, 0.000000000000000000, -0.1736481776669361876 ) ) ;
#315 = DIRECTION ( 'NONE',  ( 0.000000000000000000, 0.000000000000000000, 1.000000000000000000 ) ) ;
#316 = B_SPLINE_CURVE_WITH_KNOTS ( 'NONE', 3,
 ( #2046, #694, #1559, #5410, #2559, #633, #1649, #3400 ),
 .UNSPECIFIED., .F., .F.,
 ( 4, 2, 2, 4 ),
 ( 0.000000000000000000, 0.0003529081950029376558, 0.0005293622925044055893, 0.0007058163900058734685 ),
 .UNSPECIFIED. ) ;
#317 = CARTESIAN_POINT ( 'NONE',  ( -7.594310774156573629, 0.000000000000000000, -23.84747785648472274 ) ) ;
#318 = CARTESIAN_POINT ( 'NONE',  ( -15.60607930271879873, 6.264999999999999680, 17.79860107532646651 ) ) ;
#319 = ORIENTED_EDGE ( 'NONE', *, *, #2110, .T. ) ;
#320 = CARTESIAN_POINT ( 'NONE',  ( -24.80391930942172607, 5.764999999999999680, 3.337865057442499950 ) ) ;
#321 = FACE_OUTER_BOUND ( 'NONE', #4005, .T. ) ;
#322 = B_SPLINE_CURVE_WITH_KNOTS ( 'NONE', 3,
 ( #3741, #2899, #50, #1926, #3767, #5655 ),
 .UNSPECIFIED., .F., .F.,
 ( 4, 2, 4 ),
 ( 0.000000000000000000, 0.0003644118814625469738, 0.0007288237629250939476 ),
 .UNSPECIFIED. ) ;
#323 = EDGE_LOOP ( 'NONE', ( #5501, #4326, #2119, #82, #1209, #634 ) ) ;
#324 = DIRECTION ( 'NONE',  ( 0.000000000000000000, 1.000000000000000000, -0.000000000000000000 ) ) ;
#325 = DIRECTION ( 'NONE',  ( -0.000000000000000000, -1.000000000000000000, -0.000000000000000000 ) ) ;
#326 = VECTOR ( 'NONE', #1133, 1000.000000000000000 ) ;
#327 = EDGE_CURVE ( 'NONE', #2, #5367, #1638, .T. ) ;
#328 = VERTEX_POINT ( 'NONE', #4434 ) ;
#329 = CARTESIAN_POINT ( 'NONE',  ( 15.17295756577339283, 6.264999999999999680, 19.27121207805154413 ) ) ;
#330 = VECTOR ( 'NONE', #5948, 1000.000000000000000 ) ;
#331 = ORIENTED_EDGE ( 'NONE', *, *, #327, .F. ) ;
#332 = EDGE_CURVE ( 'NONE', #5119, #5068, #686, .T. ) ;
#333 = VECTOR ( 'NONE', #646, 1000.000000000000000 ) ;
#334 = CARTESIAN_POINT ( 'NONE',  ( 9.102880438423655463, 6.264999999999999680, -22.77577274152874054 ) ) ;
#335 = DIRECTION ( 'NONE',  ( 0.000000000000000000, -0.000000000000000000, -1.000000000000000000 ) ) ;
#336 = ORIENTED_EDGE ( 'NONE', *, *, #1076, .F. ) ;
#337 = ORIENTED_EDGE ( 'NONE', *, *, #2603, .F. ) ;
#338 = AXIS2_PLACEMENT_3D ( 'NONE', #4567, #3148, #360 ) ;
#339 = AXIS2_PLACEMENT_3D ( 'NONE', #516, #2781, #4634 ) ;
#340 = CARTESIAN_POINT ( 'NONE',  ( -11.44281778395762217, 6.264999999999997904, -29.06214270632563412 ) ) ;
#341 = LINE ( 'NONE', #4087, #5190 ) ;
#342 = EDGE_CURVE ( 'NONE', #2627, #4215, #1578, .T. ) ;
#343 = DIRECTION ( 'NONE',  ( 0.9396926207859181979, -0.000000000000000000, 0.3420201433256418455 ) ) ;
#344 = TOROIDAL_SURFACE ( 'NONE', #4763, 24.52749999999999275, 0.5000000000000000000 ) ;
#345 = VECTOR ( 'NONE', #2578, 1000.000000000000000 ) ;
#346 = EDGE_LOOP ( 'NONE', ( #2689, #2426, #1056, #391, #5870, #4168 ) ) ;
#347 = CARTESIAN_POINT ( 'NONE',  ( -24.44967702698092893, 5.764999999999999680, 5.346872873588896624 ) ) ;
#348 = DIRECTION ( 'NONE',  ( 0.000000000000000000, 1.000000000000000000, 0.000000000000000000 ) ) ;
#349 = DIRECTION ( 'NONE',  ( -0.9396926207859079838, 0.000000000000000000, 0.3420201433256698231 ) ) ;
#350 = VECTOR ( 'NONE', #3124, 1000.000000000000114 ) ;
#351 = EDGE_CURVE ( 'NONE', #3449, #1302, #6007, .T. ) ;
#352 = DIRECTION ( 'NONE',  ( -0.9848077530122080203, 0.000000000000000000, 0.1736481776669309696 ) ) ;
#353 = ORIENTED_EDGE ( 'NONE', *, *, #1321, .T. ) ;
#354 = EDGE_LOOP ( 'NONE', ( #3892, #6011, #5737, #1850 ) ) ;
#355 = VECTOR ( 'NONE', #4595, 1000.000000000000114 ) ;
#356 = AXIS2_PLACEMENT_3D ( 'NONE', #298, #3093, #884 ) ;
#357 = CARTESIAN_POINT ( 'NONE',  ( 0.000000000000000000, 3.265000000000000124, 0.000000000000000000 ) ) ;
#358 = CARTESIAN_POINT ( 'NONE',  ( 22.02151929896933780, 5.841007553701591526, 23.30417700039738804 ) ) ;
#359 = CARTESIAN_POINT ( 'NONE',  ( 16.66243473851647394, 6.114944888431834258, 18.48743503378727482 ) ) ;
#360 = DIRECTION ( 'NONE',  ( 0.000000000000000000, 0.000000000000000000, 1.000000000000000000 ) ) ;
#361 = VECTOR ( 'NONE', #5551, 1000.000000000000000 ) ;
#362 = ORIENTED_EDGE ( 'NONE', *, *, #1854, .T. ) ;
#363 = ORIENTED_EDGE ( 'NONE', *, *, #5980, .F. ) ;
#364 = DIRECTION ( 'NONE',  ( 0.5735764363512142472, 0.000000000000000000, 0.8191520442888740039 ) ) ;
#365 = VECTOR ( 'NONE', #1371, 1000.000000000000000 ) ;
#366 = CARTESIAN_POINT ( 'NONE',  ( -24.80391930942172607, 3.265000000000000124, 3.337865057442499950 ) ) ;
#367 = EDGE_CURVE ( 'NONE', #899, #2069, #3797, .T. ) ;
#368 = LINE ( 'NONE', #4608, #2897 ) ;
#369 = CIRCLE ( 'NONE', #2230, 0.8000000000027681635 ) ;
#370 = LINE ( 'NONE', #3720, #4518 ) ;
#371 = CARTESIAN_POINT ( 'NONE',  ( -22.97362297149675214, 5.888645333209982624, 5.086604718622890431 ) ) ;
#372 = ORIENTED_EDGE ( 'NONE', *, *, #871, .T. ) ;
#373 = ADVANCED_FACE ( 'NONE', ( #5403 ), #2462, .F. ) ;
#374 = VERTEX_POINT ( 'NONE', #5922 ) ;
#375 = CARTESIAN_POINT ( 'NONE',  ( -16.03297898116661813, 6.264999999999999680, 1.534834376847443504 ) ) ;
#376 = DIRECTION ( 'NONE',  ( 0.7660444431189847858, 0.000000000000000000, -0.6427876096865312583 ) ) ;
#377 = CARTESIAN_POINT ( 'NONE',  ( 23.32786525393763810, 6.264999999999999680, 3.077596902475849383 ) ) ;
#378 = ADVANCED_FACE ( 'NONE', ( #5953 ), #5545, .F. ) ;
#379 = VERTEX_POINT ( 'NONE', #2640 ) ;
#380 = DIRECTION ( 'NONE',  ( 0.000000000000000000, 0.000000000000000000, 1.000000000000000000 ) ) ;
#381 = EDGE_LOOP ( 'NONE', ( #3056, #5024, #4635, #578, #2624 ) ) ;
#382 = CARTESIAN_POINT ( 'NONE',  ( 30.84144333032082130, 6.057893218813450886, 4.402443439001797465 ) ) ;
#383 = CARTESIAN_POINT ( 'NONE',  ( -30.84144333032262608, 0.000000000000000000, 4.402443439002778014 ) ) ;
#384 = ORIENTED_EDGE ( 'NONE', *, *, #2502, .T. ) ;
#385 = B_SPLINE_CURVE_WITH_KNOTS ( 'NONE', 3,
 ( #3618, #5507, #1806, #5072, #4137, #1284, #394, #6065 ),
 .UNSPECIFIED., .F., .F.,
 ( 4, 2, 2, 4 ),
 ( 0.000000000000000000, 0.0002243944063325958188, 0.0004487888126651916375, 0.0008975776253303790466 ),
 .UNSPECIFIED. ) ;
#386 = CARTESIAN_POINT ( 'NONE',  ( -9.334491788128481460, 6.114944888433251791, -23.07139459593027553 ) ) ;
#387 = EDGE_CURVE ( 'NONE', #1448, #4340, #1156, .T. ) ;
#388 = CARTESIAN_POINT ( 'NONE',  ( -7.666773543060953600, 6.264999999999999680, -23.29847290466524257 ) ) ;
#389 = LINE ( 'NONE', #4130, #5764 ) ;
#390 = DIRECTION ( 'NONE',  ( -0.6427876096865237088, -0.000000000000000000, 0.7660444431189911141 ) ) ;
#391 = ORIENTED_EDGE ( 'NONE', *, *, #2621, .T. ) ;
#392 = ORIENTED_EDGE ( 'NONE', *, *, #4063, .T. ) ;
#393 = LINE ( 'NONE', #2263, #2695 ) ;
#394 = CARTESIAN_POINT ( 'NONE',  ( 9.648709660477022609, 6.265000000000001457, -30.60904616291057323 ) ) ;
#395 = EDGE_CURVE ( 'NONE', #2698, #2619, #1200, .T. ) ;
#396 = CYLINDRICAL_SURFACE ( 'NONE', #2587, 0.7999999999999986011 ) ;
#397 = VERTEX_POINT ( 'NONE', #3198 ) ;
#398 = DIRECTION ( 'NONE',  ( -0.9063077870364758537, 0.000000000000000000, -0.4226182617410730868 ) ) ;
#399 = AXIS2_PLACEMENT_3D ( 'NONE', #3931, #2084, #3960 ) ;
#400 = DIRECTION ( 'NONE',  ( -0.000000000000000000, -1.000000000000000000, -0.000000000000000000 ) ) ;
#401 = DIRECTION ( 'NONE',  ( 0.9396926207859082059, 0.000000000000000000, -0.3420201433256693790 ) ) ;
#402 = ORIENTED_EDGE ( 'NONE', *, *, #534, .T. ) ;
#403 = VERTEX_POINT ( 'NONE', #4548 ) ;
#404 = DIRECTION ( 'NONE',  ( 0.000000000000000000, -0.000000000000000000, -1.000000000000000000 ) ) ;
#405 = DIRECTION ( 'NONE',  ( -0.9961946980917276706, 0.000000000000000000, 0.08715574274786326570 ) ) ;
#406 = CIRCLE ( 'NONE', #3839, 0.7999999999999986011 ) ;
#407 = ADVANCED_FACE ( 'NONE', ( #779 ), #3626, .T. ) ;
#408 = CARTESIAN_POINT ( 'NONE',  ( -15.34070471704938576, 6.235787267805760870, 19.35330388391357204 ) ) ;
#409 = VERTEX_POINT ( 'NONE', #3132 ) ;
#410 = CARTESIAN_POINT ( 'NONE',  ( 6.530831529806402358, 6.264999999999999680, -14.72313383150276422 ) ) ;
#411 = FACE_OUTER_BOUND ( 'NONE', #4085, .T. ) ;
#412 = LINE ( 'NONE', #1949, #4395 ) ;
#413 = ADVANCED_FACE ( 'NONE', ( #3562 ), #2700, .T. ) ;
#414 = CARTESIAN_POINT ( 'NONE',  ( 1.509956535253397014, 6.264999999999999680, 0.2662460768645632525 ) ) ;
#415 = ORIENTED_EDGE ( 'NONE', *, *, #1847, .F. ) ;
#416 = CARTESIAN_POINT ( 'NONE',  ( 15.60607930272298027, 6.264999999999999680, 18.59860107532696105 ) ) ;
#417 = DIRECTION ( 'NONE',  ( -0.000000000000000000, -1.000000000000000000, 0.000000000000000000 ) ) ;
#418 = VERTEX_POINT ( 'NONE', #1755 ) ;
#419 = CYLINDRICAL_SURFACE ( 'NONE', #1627, 25.02749999999999275 ) ;
#420 = CARTESIAN_POINT ( 'NONE',  ( -14.85913885744720098, 6.264999999999999680, 18.88509709837633821 ) ) ;
#421 = EDGE_CURVE ( 'NONE', #1102, #3354, #4987, .T. ) ;
#422 = FACE_OUTER_BOUND ( 'NONE', #2555, .T. ) ;
#423 = ORIENTED_EDGE ( 'NONE', *, *, #2336, .F. ) ;
#424 = ORIENTED_EDGE ( 'NONE', *, *, #5836, .T. ) ;
#425 = FACE_OUTER_BOUND ( 'NONE', #5273, .T. ) ;
#426 = ORIENTED_EDGE ( 'NONE', *, *, #4888, .T. ) ;
#427 = DIRECTION ( 'NONE',  ( 0.000000000000000000, 1.000000000000000000, 0.000000000000000000 ) ) ;
#428 = EDGE_CURVE ( 'NONE', #4235, #673, #973, .T. ) ;
#429 = CARTESIAN_POINT ( 'NONE',  ( 16.36881259516397691, 5.764999999999999680, 2.209535680094501853 ) ) ;
#430 = DIRECTION ( 'NONE',  ( -0.8191520442892409326, 0.000000000000000000, -0.5735764363506903329 ) ) ;
#431 = EDGE_LOOP ( 'NONE', ( #2827, #5487, #319, #4724 ) ) ;
#432 = ORIENTED_EDGE ( 'NONE', *, *, #897, .F. ) ;
#433 = CARTESIAN_POINT ( 'NONE',  ( -16.50770360160282380, 6.200926026334180996, 18.47649049042985325 ) ) ;
#434 = DIRECTION ( 'NONE',  ( 0.5735764363506832275, 0.000000000000000000, -0.8191520442892459286 ) ) ;
#435 = AXIS2_PLACEMENT_3D ( 'NONE', #357, #4097, #5878 ) ;
#436 = DIRECTION ( 'NONE',  ( -0.3420201433255953272, -0.000000000000000000, -0.9396926207859350733 ) ) ;
#437 = ORIENTED_EDGE ( 'NONE', *, *, #1347, .F. ) ;
#438 = CIRCLE ( 'NONE', #1716, 0.8000000000027498448 ) ;
#439 = ORIENTED_EDGE ( 'NONE', *, *, #1910, .F. ) ;
#440 = DIRECTION ( 'NONE',  ( 0.000000000000000000, 0.000000000000000000, -1.000000000000000000 ) ) ;
#441 = DIRECTION ( 'NONE',  ( 0.000000000000000000, -0.000000000000000000, -1.000000000000000000 ) ) ;
#442 = LINE ( 'NONE', #2309, #4266 ) ;
#443 = FACE_OUTER_BOUND ( 'NONE', #1208, .T. ) ;
#444 = EDGE_CURVE ( 'NONE', #1007, #4790, #4585, .T. ) ;
#445 = PRESENTATION_LAYER_ASSIGNMENT (  '', '', ( #5858 ) ) ;
#446 = VECTOR ( 'NONE', #1980, 1000.000000000000114 ) ;
#447 = CARTESIAN_POINT ( 'NONE',  ( -23.90990065744529858, 0.000000000000000000, 4.215960591966866566 ) ) ;
#448 = DIRECTION ( 'NONE',  ( -0.000000000000000000, -1.000000000000000000, 0.000000000000000000 ) ) ;
#449 = AXIS2_PLACEMENT_3D ( 'NONE', #1622, #5910, #1965 ) ;
#450 = FACE_OUTER_BOUND ( 'NONE', #1384, .T. ) ;
#451 = CIRCLE ( 'NONE', #4765, 0.8000000000000020428 ) ;
#452 = ORIENTED_EDGE ( 'NONE', *, *, #4345, .T. ) ;
#453 = CARTESIAN_POINT ( 'NONE',  ( -0.4886401628094285132, 5.764999999999999680, -0.1778504745296228262 ) ) ;
#454 = PLANE ( 'NONE',  #1818 ) ;
#455 = EDGE_CURVE ( 'NONE', #207, #2361, #5463, .T. ) ;
#456 = VECTOR ( 'NONE', #1283, 1000.000000000000114 ) ;
#457 = ORIENTED_EDGE ( 'NONE', *, *, #864, .F. ) ;
#458 = EDGE_LOOP ( 'NONE', ( #3211, #5044, #3714, #2018 ) ) ;
#459 = CARTESIAN_POINT ( 'NONE',  ( 0.000000000000000000, 5.764999999999999680, 0.000000000000000000 ) ) ;
#460 = ORIENTED_EDGE ( 'NONE', *, *, #3193, .T. ) ;
#461 = DIRECTION ( 'NONE',  ( -0.9848077530122083534, 0.000000000000000000, 0.1736481776669289434 ) ) ;
#462 = ADVANCED_FACE ( 'NONE', ( #3162 ), #284, .T. ) ;
#463 = VECTOR ( 'NONE', #1794, 1000.000000000000000 ) ;
#464 = VECTOR ( 'NONE', #1184, 1000.000000000000114 ) ;
#465 = DIRECTION ( 'NONE',  ( 0.000000000000000000, 0.000000000000000000, 1.000000000000000000 ) ) ;
#466 = ORIENTED_EDGE ( 'NONE', *, *, #3416, .F. ) ;
#467 = ADVANCED_FACE ( 'NONE', ( #2243 ), #3072, .F. ) ;
#468 = LINE ( 'NONE', #1481, #4981 ) ;
#469 = CARTESIAN_POINT ( 'NONE',  ( -6.254199851177304481, 6.264999999999999680, -15.66289457977910260 ) ) ;
#470 = AXIS2_PLACEMENT_3D ( 'NONE', #2439, #5747, #2045 ) ;
#471 = LINE ( 'NONE', #1853, #494 ) ;
#472 = ORIENTED_EDGE ( 'NONE', *, *, #629, .T. ) ;
#473 = VERTEX_POINT ( 'NONE', #1785 ) ;
#474 = EDGE_CURVE ( 'NONE', #1324, #2437, #4147, .T. ) ;
#475 = FACE_OUTER_BOUND ( 'NONE', #203, .T. ) ;
#476 = CARTESIAN_POINT ( 'NONE',  ( -0.9855541338493460923, 0.000000000000000000, 1.174537679707344129 ) ) ;
#477 = DIRECTION ( 'NONE',  ( -0.000000000000000000, -1.000000000000000000, -0.000000000000000000 ) ) ;
#478 = LINE ( 'NONE', #2277, #365 ) ;
#479 = DIRECTION ( 'NONE',  ( 0.000000000000000000, 0.000000000000000000, 1.000000000000000000 ) ) ;
#480 = VERTEX_POINT ( 'NONE', #2149 ) ;
#481 = EDGE_CURVE ( 'NONE', #5880, #908, #245, .T. ) ;
#482 = CARTESIAN_POINT ( 'NONE',  ( 23.36912597356446497, 6.002084624031706284, 3.133838060319278362 ) ) ;
#483 = ORIENTED_EDGE ( 'NONE', *, *, #4618, .T. ) ;
#484 = CARTESIAN_POINT ( 'NONE',  ( 24.59890898944193438, 6.264999999999999680, 3.809429512648586424 ) ) ;
#485 = FACE_OUTER_BOUND ( 'NONE', #2740, .T. ) ;
#486 = EDGE_LOOP ( 'NONE', ( #233, #4256, #3136, #437, #1117 ) ) ;
#487 = ORIENTED_EDGE ( 'NONE', *, *, #200, .T. ) ;
#488 = EDGE_CURVE ( 'NONE', #3261, #2412, #901, .T. ) ;
#489 = LINE ( 'NONE', #3772, #3872 ) ;
#490 = ORIENTED_EDGE ( 'NONE', *, *, #5153, .T. ) ;
#491 = CARTESIAN_POINT ( 'NONE',  ( 11.72428514981459635, 6.264999999999999680, 11.03241121076136544 ) ) ;
#492 = EDGE_CURVE ( 'NONE', #3755, #1914, #2449, .T. ) ;
#493 = CARTESIAN_POINT ( 'NONE',  ( 24.47740006457571127, 6.221055507768503468, 3.575184403060213345 ) ) ;
#494 = VECTOR ( 'NONE', #5583, 1000.000000000000000 ) ;
#495 = ORIENTED_EDGE ( 'NONE', *, *, #3661, .T. ) ;
#496 = CARTESIAN_POINT ( 'NONE',  ( -6.724046161570254476, 6.057893218813449998, -15.49188450811627149 ) ) ;
#497 = DIRECTION ( 'NONE',  ( 0.08715574274786329345, 0.000000000000000000, 0.9961946980917275596 ) ) ;
#498 = EDGE_CURVE ( 'NONE', #3091, #2908, #4788, .T. ) ;
#499 = ORIENTED_EDGE ( 'NONE', *, *, #1099, .F. ) ;
#500 = ORIENTED_EDGE ( 'NONE', *, *, #4966, .F. ) ;
#501 = ORIENTED_EDGE ( 'NONE', *, *, #5659, .T. ) ;
#502 = CARTESIAN_POINT ( 'NONE',  ( -1.509956535254285193, 6.264999999999999680, 0.2662460768590320659 ) ) ;
#503 = PLANE ( 'NONE',  #5775 ) ;
#504 = CARTESIAN_POINT ( 'NONE',  ( -8.303821354726347082, 0.000000000000000000, -22.81456166729589441 ) ) ;
#505 = CARTESIAN_POINT ( 'NONE',  ( 23.46664967577614291, 6.264999999999999680, 3.544654592216802680 ) ) ;
#506 = B_SPLINE_CURVE_WITH_KNOTS ( 'NONE', 3,
 ( #1222, #4598, #4970, #2626, #4506, #296, #3765, #5130 ),
 .UNSPECIFIED., .F., .F.,
 ( 4, 2, 2, 4 ),
 ( 0.0002326562781552935335, 0.0004093576251821329009, 0.0005860589722089723768, 0.0009394616662626511117 ),
 .UNSPECIFIED. ) ;
#507 = DIRECTION ( 'NONE',  ( -0.000000000000000000, -1.000000000000000000, -0.000000000000000000 ) ) ;
#508 = ORIENTED_EDGE ( 'NONE', *, *, #4336, .T. ) ;
#509 = DIRECTION ( 'NONE',  ( 0.000000000000000000, 1.000000000000000000, 0.000000000000000000 ) ) ;
#510 = EDGE_LOOP ( 'NONE', ( #1361, #2684, #4107, #6021 ) ) ;
#511 = CARTESIAN_POINT ( 'NONE',  ( 8.800362019751242215, 6.238325924937517364, -22.18730783671544771 ) ) ;
#512 = DIRECTION ( 'NONE',  ( -0.4226182617401404995, 0.000000000000000000, -0.9063077870369106170 ) ) ;
#513 = ORIENTED_EDGE ( 'NONE', *, *, #3193, .F. ) ;
#514 = ORIENTED_EDGE ( 'NONE', *, *, #1139, .T. ) ;
#515 = B_SPLINE_CURVE_WITH_KNOTS ( 'NONE', 3,
 ( #1523, #2584, #4991, #843, #4033, #3111, #5900, #347 ),
 .UNSPECIFIED., .F., .F.,
 ( 4, 2, 2, 4 ),
 ( 0.0002326562781572862970, 0.0004093576251836265520, 0.0005860589722099668070, 0.0009394616662626533886 ),
 .UNSPECIFIED. ) ;
#516 = CARTESIAN_POINT ( 'NONE',  ( 19.23334952206225523, 6.264999999999999680, 24.50825169393582570 ) ) ;
#517 = ORIENTED_EDGE ( 'NONE', *, *, #5245, .F. ) ;
#518 = CARTESIAN_POINT ( 'NONE',  ( -9.101323949731193963, 6.254204070910596158, -22.90227505186049228 ) ) ;
#519 = EDGE_CURVE ( 'NONE', #2543, #3914, #4641, .T. ) ;
#520 = CARTESIAN_POINT ( 'NONE',  ( -19.74949741644991263, 6.264999999999999680, 24.34551088795294405 ) ) ;
#521 = VERTEX_POINT ( 'NONE', #1907 ) ;
#522 = CYLINDRICAL_SURFACE ( 'NONE', #5581, 14.64608244481026667 ) ;
#523 = CARTESIAN_POINT ( 'NONE',  ( 15.31841097139977492, 6.148090468737384739, 19.56972712229561395 ) ) ;
#524 = EDGE_CURVE ( 'NONE', #1561, #1007, #3256, .T. ) ;
#525 = ORIENTED_EDGE ( 'NONE', *, *, #4676, .T. ) ;
#526 = ORIENTED_EDGE ( 'NONE', *, *, #1288, .T. ) ;
#527 = EDGE_LOOP ( 'NONE', ( #70, #5877, #3855, #1161, #5983, #3785 ) ) ;
#528 = ORIENTED_EDGE ( 'NONE', *, *, #2385, .F. ) ;
#529 = CARTESIAN_POINT ( 'NONE',  ( 16.13735811669181075, 6.264999999999999680, 3.522179255920665497 ) ) ;
#530 = VECTOR ( 'NONE', #562, 1000.000000000000227 ) ;
#531 = PLANE ( 'NONE',  #1734 ) ;
#532 = DIRECTION ( 'NONE',  ( 0.000000000000000000, 0.000000000000000000, 1.000000000000000000 ) ) ;
#533 = DIRECTION ( 'NONE',  ( -0.7660444431189912251, 0.000000000000000000, -0.6427876096865234867 ) ) ;
#534 = EDGE_CURVE ( 'NONE', #3341, #4572, #3036, .T. ) ;
#535 = DIRECTION ( 'NONE',  ( 0.8191520442888694520, 0.000000000000000000, -0.5735764363512210195 ) ) ;
#536 = AXIS2_PLACEMENT_3D ( 'NONE', #1110, #735, #3990 ) ;
#537 = ORIENTED_EDGE ( 'NONE', *, *, #5205, .F. ) ;
#538 = CARTESIAN_POINT ( 'NONE',  ( 24.38454315251003734, 6.254232308106300486, 3.569099018120009070 ) ) ;
#539 = ORIENTED_EDGE ( 'NONE', *, *, #3089, .T. ) ;
#540 = CARTESIAN_POINT ( 'NONE',  ( -19.25567368221536668, 6.098366653769056178, 25.65008650933801704 ) ) ;
#541 = CARTESIAN_POINT ( 'NONE',  ( 0.000000000000000000, 5.764999999999999680, 0.000000000000000000 ) ) ;
#542 = EDGE_CURVE ( 'NONE', #397, #3261, #2280, .T. ) ;
#543 = CIRCLE ( 'NONE', #247, 0.8000000000027498448 ) ;
#544 = VECTOR ( 'NONE', #1797, 1000.000000000000114 ) ;
#545 = LINE ( 'NONE', #2778, #4271 ) ;
#546 = VERTEX_POINT ( 'NONE', #1362 ) ;
#547 = EDGE_LOOP ( 'NONE', ( #4929, #937, #3643, #2836, #1073, #2420 ) ) ;
#548 = VECTOR ( 'NONE', #4480, 1000.000000000000000 ) ;
#549 = VECTOR ( 'NONE', #1025, 1000.000000000000000 ) ;
#550 = CARTESIAN_POINT ( 'NONE',  ( -14.80308576238702400, 6.264999999999999680, 18.55038746482143353 ) ) ;
#551 = ORIENTED_EDGE ( 'NONE', *, *, #4792, .F. ) ;
#552 = DIRECTION ( 'NONE',  ( 0.1736481776669289434, 0.000000000000000000, 0.9848077530122084644 ) ) ;
#553 = ADVANCED_FACE ( 'NONE', ( #2791 ), #522, .T. ) ;
#554 = VECTOR ( 'NONE', #2470, 1000.000000000000000 ) ;
#555 = CARTESIAN_POINT ( 'NONE',  ( 15.41649094842345136, 0.000000000000000000, 4.637323175571752110 ) ) ;
#556 = EDGE_LOOP ( 'NONE', ( #1524, #5671 ) ) ;
#557 = CARTESIAN_POINT ( 'NONE',  ( -11.17258253940795854, 6.264999999999999680, 11.60154428044696218 ) ) ;
#558 = LINE ( 'NONE', #131, #626 ) ;
#559 = ORIENTED_EDGE ( 'NONE', *, *, #2842, .F. ) ;
#560 = EDGE_CURVE ( 'NONE', #2532, #3449, #2386, .T. ) ;
#561 = VERTEX_POINT ( 'NONE', #3813 ) ;
#562 = DIRECTION ( 'NONE',  ( -0.5735764363516123732, -0.000000000000000000, 0.8191520442885952269 ) ) ;
#563 = VERTEX_POINT ( 'NONE', #5702 ) ;
#564 = ORIENTED_EDGE ( 'NONE', *, *, #3783, .T. ) ;
#565 = VECTOR ( 'NONE', #1126, 1000.000000000000000 ) ;
#566 = CARTESIAN_POINT ( 'NONE',  ( 30.84144333032081420, 0.000000000000000000, 4.402443439001797465 ) ) ;
#567 = CARTESIAN_POINT ( 'NONE',  ( -16.77838861730829123, 3.265000000000000124, 1.922747461919029899 ) ) ;
#568 = CARTESIAN_POINT ( 'NONE',  ( -15.31316792674613225, 6.114944888431713466, 19.61960431790368986 ) ) ;
#569 = CARTESIAN_POINT ( 'NONE',  ( 7.503939519276785042, 6.264999999999999680, -22.82831118788764257 ) ) ;
#570 = CARTESIAN_POINT ( 'NONE',  ( -24.19172554510130979, 6.235787267806546019, 4.964675980283465684 ) ) ;
#571 = AXIS2_PLACEMENT_3D ( 'NONE', #972, #2365, #2832 ) ;
#572 = EDGE_CURVE ( 'NONE', #207, #2706, #468, .T. ) ;
#573 = CARTESIAN_POINT ( 'NONE',  ( -24.33238979119720824, 6.265000000000001457, 3.533650364023097623 ) ) ;
#574 = ORIENTED_EDGE ( 'NONE', *, *, #4018, .T. ) ;
#575 = DIRECTION ( 'NONE',  ( 0.000000000000000000, 0.000000000000000000, 1.000000000000000000 ) ) ;
#576 = CYLINDRICAL_SURFACE ( 'NONE', #2911, 14.64608244481090438 ) ;
#577 = CARTESIAN_POINT ( 'NONE',  ( -6.609112019195261922, 6.264999999999997904, -14.68773450766311228 ) ) ;
#578 = ORIENTED_EDGE ( 'NONE', *, *, #645, .F. ) ;
#579 = ORIENTED_EDGE ( 'NONE', *, *, #5458, .T. ) ;
#580 = EDGE_CURVE ( 'NONE', #2407, #1340, #3600, .T. ) ;
#581 = CARTESIAN_POINT ( 'NONE',  ( -23.90990065744529858, 6.264999999999999680, 4.215960591966866566 ) ) ;
#582 = DIRECTION ( 'NONE',  ( 0.000000000000000000, -0.000000000000000000, -1.000000000000000000 ) ) ;
#583 = ORIENTED_EDGE ( 'NONE', *, *, #1644, .F. ) ;
#584 = CARTESIAN_POINT ( 'NONE',  ( 1.058176061977110560, 6.264999999999999680, 12.09500773390135109 ) ) ;
#585 = PLANE ( 'NONE',  #5314 ) ;
#586 = APPLICATION_PROTOCOL_DEFINITION ( 'draft international standard', 'automotive_design', 1998, #4876 ) ;
#587 = CARTESIAN_POINT ( 'NONE',  ( 0.000000000000000000, 6.264999999999999680, 0.000000000000000000 ) ) ;
#588 = CARTESIAN_POINT ( 'NONE',  ( 0.000000000000000000, 5.764999999999999680, 0.000000000000000000 ) ) ;
#589 = EDGE_LOOP ( 'NONE', ( #3631, #4951, #2868, #4823 ) ) ;
#590 = CIRCLE ( 'NONE', #5805, 23.53000000000000114 ) ;
#591 = CARTESIAN_POINT ( 'NONE',  ( -24.80391930942172607, 0.000000000000000000, 3.337865057442499950 ) ) ;
#592 = ORIENTED_EDGE ( 'NONE', *, *, #1461, .T. ) ;
#593 = ORIENTED_EDGE ( 'NONE', *, *, #387, .T. ) ;
#594 = LINE ( 'NONE', #135, #6058 ) ;
#595 = CARTESIAN_POINT ( 'NONE',  ( 16.30701005988695584, 6.264999999999999680, 3.403387686423335445 ) ) ;
#596 = CYLINDRICAL_SURFACE ( 'NONE', #2400, 23.52999999999999403 ) ;
#597 = LINE ( 'NONE', #4343, #1845 ) ;
#598 = AXIS2_PLACEMENT_3D ( 'NONE', #5513, #5572, #1386 ) ;
#599 = EDGE_CURVE ( 'NONE', #683, #2806, #385, .T. ) ;
#600 = CARTESIAN_POINT ( 'NONE',  ( -15.60607930271879873, 6.264999999999999680, 18.59860107532919216 ) ) ;
#601 = DIRECTION ( 'NONE',  ( -0.5000000000000034417, 0.000000000000000000, 0.8660254037844367092 ) ) ;
#602 = EDGE_LOOP ( 'NONE', ( #2096, #2044, #4339, #3034, #125, #2299 ) ) ;
#603 = PLANE ( 'NONE',  #1061 ) ;
#604 = EDGE_CURVE ( 'NONE', #5286, #6000, #2290, .T. ) ;
#605 = AXIS2_PLACEMENT_3D ( 'NONE', #2452, #5643, #4677 ) ;
#606 = LINE ( 'NONE', #3018, #5472 ) ;
#607 = ORIENTED_EDGE ( 'NONE', *, *, #4446, .T. ) ;
#608 = ORIENTED_EDGE ( 'NONE', *, *, #3348, .F. ) ;
#609 = FACE_OUTER_BOUND ( 'NONE', #1656, .T. ) ;
#610 = DIRECTION ( 'NONE',  ( 0.9848077530122123502, 0.000000000000000000, 0.1736481776669060728 ) ) ;
#611 = ORIENTED_EDGE ( 'NONE', *, *, #1553, .T. ) ;
#612 = DIRECTION ( 'NONE',  ( 0.000000000000000000, -1.000000000000000000, 0.000000000000000000 ) ) ;
#613 = ADVANCED_FACE ( 'NONE', ( #826 ), #5036, .F. ) ;
#614 = DIRECTION ( 'NONE',  ( 0.000000000000000000, 0.000000000000000000, -1.000000000000000000 ) ) ;
#615 = FACE_OUTER_BOUND ( 'NONE', #1839, .T. ) ;
#616 = CARTESIAN_POINT ( 'NONE',  ( 15.89194039108607015, 5.764999999999999680, 17.35243875097005528 ) ) ;
#617 = EDGE_CURVE ( 'NONE', #1333, #1911, #2324, .T. ) ;
#618 = DIRECTION ( 'NONE',  ( -0.000000000000000000, 1.000000000000000000, -0.000000000000000000 ) ) ;
#619 = ORIENTED_EDGE ( 'NONE', *, *, #1112, .T. ) ;
#620 = DIRECTION ( 'NONE',  ( -0.4726241065755789061, -0.8379550138152906946, 0.2728696551569116946 ) ) ;
#621 = ORIENTED_EDGE ( 'NONE', *, *, #88, .T. ) ;
#622 = VERTEX_POINT ( 'NONE', #4170 ) ;
#623 = CARTESIAN_POINT ( 'NONE',  ( -0.09029705238680614532, 6.264999999999999680, 0.5121000315663438718 ) ) ;
#624 = DIRECTION ( 'NONE',  ( 0.000000000000000000, -1.000000000000000000, 0.000000000000000000 ) ) ;
#625 = CARTESIAN_POINT ( 'NONE',  ( -10.23180186323415697, 6.264999999999999680, -29.63202286765664084 ) ) ;
#626 = VECTOR ( 'NONE', #2456, 1000.000000000000114 ) ;
#627 = CARTESIAN_POINT ( 'NONE',  ( -8.800362019751680975, 6.238325924938123102, -22.18730783671658457 ) ) ;
#628 = AXIS2_PLACEMENT_3D ( 'NONE', #1741, #2592, #2625 ) ;
#629 = EDGE_CURVE ( 'NONE', #3948, #1045, #2643, .T. ) ;
#630 = CARTESIAN_POINT ( 'NONE',  ( -24.38500848011306843, 6.254046778225800907, 3.569498231254082832 ) ) ;
#631 = ORIENTED_EDGE ( 'NONE', *, *, #1314, .F. ) ;
#632 = CARTESIAN_POINT ( 'NONE',  ( -31.19276894612026751, 0.000000000000000000, 7.419106642638173099 ) ) ;
#633 = CARTESIAN_POINT ( 'NONE',  ( 9.192835334857271334, 6.200926026332814978, -23.00818892367740176 ) ) ;
#634 = ORIENTED_EDGE ( 'NONE', *, *, #4989, .F. ) ;
#635 = ORIENTED_EDGE ( 'NONE', *, *, #1904, .T. ) ;
#636 = CARTESIAN_POINT ( 'NONE',  ( -16.39539829303322094, 6.235787267806716550, 18.46831089329711872 ) ) ;
#637 = EDGE_CURVE ( 'NONE', #925, #2908, #2632, .T. ) ;
#638 = VECTOR ( 'NONE', #5778, 1000.000000000000000 ) ;
#639 = PLANE ( 'NONE',  #3186 ) ;
#640 = AXIS2_PLACEMENT_3D ( 'NONE', #4746, #916, #48 ) ;
#641 = ORIENTED_EDGE ( 'NONE', *, *, #3201, .F. ) ;
#642 = CARTESIAN_POINT ( 'NONE',  ( -8.800362019751680975, 6.238325924938123102, -22.18730783671658457 ) ) ;
#643 = VECTOR ( 'NONE', #6092, 1000.000000000000227 ) ;
#644 = CARTESIAN_POINT ( 'NONE',  ( 15.60607930272298027, 6.264999999999999680, 17.79860107532421054 ) ) ;
#645 = EDGE_CURVE ( 'NONE', #3417, #3995, #4099, .T. ) ;
#646 = DIRECTION ( 'NONE',  ( -0.000000000000000000, -1.000000000000000000, -0.000000000000000000 ) ) ;
#647 = VECTOR ( 'NONE', #5475, 1000.000000000000000 ) ;
#648 = VECTOR ( 'NONE', #4278, 1000.000000000000227 ) ;
#649 = DIRECTION ( 'NONE',  ( 0.000000000000000000, 0.000000000000000000, -1.000000000000000000 ) ) ;
#650 = CARTESIAN_POINT ( 'NONE',  ( 5.276919525558513513, 6.264999999999999680, -16.01859552883835747 ) ) ;
#651 = ORIENTED_EDGE ( 'NONE', *, *, #756, .F. ) ;
#652 = AXIS2_PLACEMENT_3D ( 'NONE', #1678, #265, #5059 ) ;
#653 = AXIS2_PLACEMENT_3D ( 'NONE', #126, #1385, #1011 ) ;
#654 = EDGE_CURVE ( 'NONE', #3258, #2060, #3577, .T. ) ;
#655 = DIRECTION ( 'NONE',  ( 0.000000000000000000, 0.000000000000000000, -1.000000000000000000 ) ) ;
#656 = VERTEX_POINT ( 'NONE', #2772 ) ;
#657 = EDGE_LOOP ( 'NONE', ( #1933, #3936, #880, #1881 ) ) ;
#658 = CARTESIAN_POINT ( 'NONE',  ( 0.000000000000000000, 6.264999999999999680, -23.52999999999999758 ) ) ;
#659 = CARTESIAN_POINT ( 'NONE',  ( 16.42414633486759712, 5.764999999999999680, 3.931755278064975823 ) ) ;
#660 = CYLINDRICAL_SURFACE ( 'NONE', #3503, 0.4999999999999995559 ) ;
#661 = VECTOR ( 'NONE', #2978, 1000.000000000000114 ) ;
#662 = CARTESIAN_POINT ( 'NONE',  ( 8.849122598504758130, 6.210085216637187600, -22.07872135265686708 ) ) ;
#663 = CARTESIAN_POINT ( 'NONE',  ( 10.05434245573841068, 6.264999999999999680, 13.56913704619687699 ) ) ;
#664 = ORIENTED_EDGE ( 'NONE', *, *, #3861, .F. ) ;
#665 = DIRECTION ( 'NONE',  ( 0.000000000000000000, -0.000000000000000000, -1.000000000000000000 ) ) ;
#666 = CARTESIAN_POINT ( 'NONE',  ( -22.02151929897088678, 3.265000000000000124, 23.30417700039917506 ) ) ;
#667 = AXIS2_PLACEMENT_3D ( 'NONE', #2150, #5047, #2666 ) ;
#668 = CARTESIAN_POINT ( 'NONE',  ( -24.44967702698092182, 3.265000000000000124, 5.346872873588901065 ) ) ;
#669 = ORIENTED_EDGE ( 'NONE', *, *, #5659, .F. ) ;
#670 = ORIENTED_EDGE ( 'NONE', *, *, #1520, .T. ) ;
#671 = CARTESIAN_POINT ( 'NONE',  ( 16.39520344744519775, 6.264999999999999680, 18.73006621983618558 ) ) ;
#672 = CARTESIAN_POINT ( 'NONE',  ( 11.10092522531384951, 6.264999999999999680, 12.42059112841868007 ) ) ;
#673 = VERTEX_POINT ( 'NONE', #4689 ) ;
#674 = CARTESIAN_POINT ( 'NONE',  ( -8.970579615198314372, 6.002084624032783644, -21.80517578750610141 ) ) ;
#675 = EDGE_CURVE ( 'NONE', #4250, #3944, #1435, .T. ) ;
#676 = CARTESIAN_POINT ( 'NONE',  ( -30.84144333032262608, 5.764999999999999680, 4.402443439002778014 ) ) ;
#677 = LINE ( 'NONE', #4942, #3471 ) ;
#678 = DIRECTION ( 'NONE',  ( 0.9848077530122122392, 0.000000000000000000, 0.1736481776669060451 ) ) ;
#679 = EDGE_CURVE ( 'NONE', #5806, #1650, #4818, .T. ) ;
#680 = DIRECTION ( 'NONE',  ( -0.9063077870364197874, 0.000000000000000000, 0.4226182617411931020 ) ) ;
#681 = ORIENTED_EDGE ( 'NONE', *, *, #1612, .F. ) ;
#682 = CARTESIAN_POINT ( 'NONE',  ( -24.80391930942172607, 0.000000000000000000, 3.337865057442499950 ) ) ;
#683 = VERTEX_POINT ( 'NONE', #4843 ) ;
#684 = VERTEX_POINT ( 'NONE', #2556 ) ;
#685 = FACE_OUTER_BOUND ( 'NONE', #955, .T. ) ;
#686 = LINE ( 'NONE', #3910, #758 ) ;
#687 = DIRECTION ( 'NONE',  ( 0.000000000000000000, 0.000000000000000000, 1.000000000000000000 ) ) ;
#688 = EDGE_CURVE ( 'NONE', #292, #2485, #1557, .T. ) ;
#689 = DIRECTION ( 'NONE',  ( 0.000000000000000000, 1.000000000000000000, 0.000000000000000000 ) ) ;
#690 = CARTESIAN_POINT ( 'NONE',  ( 9.691120861856093782, 6.264999999999999680, -29.60841622532396400 ) ) ;
#691 = AXIS2_PLACEMENT_3D ( 'NONE', #4450, #2033, #3066 ) ;
#692 = VERTEX_POINT ( 'NONE', #3450 ) ;
#693 = DIRECTION ( 'NONE',  ( -0.000000000000000000, -1.000000000000000000, -0.000000000000000000 ) ) ;
#694 = CARTESIAN_POINT ( 'NONE',  ( 9.511283720560106403, 5.884670988163271055, -23.14975676410030303 ) ) ;
#695 = VERTEX_POINT ( 'NONE', #5835 ) ;
#696 = ORIENTED_EDGE ( 'NONE', *, *, #1520, .F. ) ;
#697 = CARTESIAN_POINT ( 'NONE',  ( -16.42414633486748698, 3.265000000000000124, 3.931755278065442560 ) ) ;
#698 = ORIENTED_EDGE ( 'NONE', *, *, #258, .F. ) ;
#699 = CARTESIAN_POINT ( 'NONE',  ( 7.081682580411110095, 0.000000000000000000, -22.43904346959338980 ) ) ;
#700 = ORIENTED_EDGE ( 'NONE', *, *, #5621, .F. ) ;
#701 = CARTESIAN_POINT ( 'NONE',  ( 16.77838861730841558, 0.000000000000000000, 1.922747461918894674 ) ) ;
#702 = CARTESIAN_POINT ( 'NONE',  ( 0.000000000000000000, 0.000000000000000000, 0.000000000000000000 ) ) ;
#703 = DIRECTION ( 'NONE',  ( 0.000000000000000000, 0.000000000000000000, -1.000000000000000000 ) ) ;
#704 = CARTESIAN_POINT ( 'NONE',  ( 30.48720104788194618, 0.000000000000000000, 6.411451255148618245 ) ) ;
#705 = EDGE_CURVE ( 'NONE', #5164, #1765, #4321, .T. ) ;
#706 = CARTESIAN_POINT ( 'NONE',  ( -3.839281557128494171, 6.063953584472927538, -15.63630235369274324 ) ) ;
#707 = FACE_OUTER_BOUND ( 'NONE', #4599, .T. ) ;
#708 = ORIENTED_EDGE ( 'NONE', *, *, #5944, .F. ) ;
#709 = CARTESIAN_POINT ( 'NONE',  ( -30.48720104788181828, 5.764999999999999680, 6.411451255149191120 ) ) ;
#710 = ORIENTED_EDGE ( 'NONE', *, *, #1251, .F. ) ;
#711 = EDGE_CURVE ( 'NONE', #2664, #3624, #5390, .T. ) ;
#712 = ORIENTED_EDGE ( 'NONE', *, *, #4367, .F. ) ;
#713 = CARTESIAN_POINT ( 'NONE',  ( -24.44967702698092182, 0.000000000000000000, 5.346872873588901065 ) ) ;
#714 = DIRECTION ( 'NONE',  ( -1.000000000000000000, 0.000000000000000000, 0.000000000000000000 ) ) ;
#715 = FACE_OUTER_BOUND ( 'NONE', #2475, .T. ) ;
#716 = FACE_OUTER_BOUND ( 'NONE', #354, .T. ) ;
#717 = DIRECTION ( 'NONE',  ( 0.000000000000000000, 1.000000000000000000, -0.000000000000000000 ) ) ;
#718 = EDGE_CURVE ( 'NONE', #2321, #2085, #3479, .T. ) ;
#719 = CARTESIAN_POINT ( 'NONE',  ( -30.48720104788181828, 5.764999999999999680, 6.411451255149191120 ) ) ;
#720 = VERTEX_POINT ( 'NONE', #204 ) ;
#721 = CARTESIAN_POINT ( 'NONE',  ( 31.81950682291945753, 6.265000000000000568, 4.186918993888859575 ) ) ;
#722 = CARTESIAN_POINT ( 'NONE',  ( 20.79608018602494823, 5.764999999999999680, 23.19696497017266879 ) ) ;
#723 = ORIENTED_EDGE ( 'NONE', *, *, #5466, .T. ) ;
#724 = CIRCLE ( 'NONE', #232, 24.52749999999999275 ) ;
#725 = ORIENTED_EDGE ( 'NONE', *, *, #5683, .F. ) ;
#726 = LINE ( 'NONE', #4037, #1316 ) ;
#727 = EDGE_CURVE ( 'NONE', #1913, #480, #4905, .T. ) ;
#728 = CARTESIAN_POINT ( 'NONE',  ( 20.86842270412930844, 4.241147254709439984, -10.87059491664489030 ) ) ;
#729 = ORIENTED_EDGE ( 'NONE', *, *, #96, .F. ) ;
#730 = CARTESIAN_POINT ( 'NONE',  ( -9.171249647149551265, 5.764999999999999680, -30.72328364303758264 ) ) ;
#731 = DIRECTION ( 'NONE',  ( -0.4226182617408856812, 0.000000000000000000, -0.9063077870365631172 ) ) ;
#732 = CIRCLE ( 'NONE', #435, 25.02749999999999275 ) ;
#733 = CARTESIAN_POINT ( 'NONE',  ( -1.509956535254285193, 0.000000000000000000, 0.2662460768590320659 ) ) ;
#734 = CIRCLE ( 'NONE', #1319, 0.7999999999999986011 ) ;
#735 = DIRECTION ( 'NONE',  ( -0.9961946980917286698, 0.000000000000000000, 0.08715574274785163611 ) ) ;
#736 = CARTESIAN_POINT ( 'NONE',  ( -3.729741856609023465, 5.933231137178863079, -15.66143673156452110 ) ) ;
#737 = AXIS2_PLACEMENT_3D ( 'NONE', #5721, #4660, #4163 ) ;
#738 = AXIS2_PLACEMENT_3D ( 'NONE', #2527, #4409, #2436 ) ;
#739 = FACE_OUTER_BOUND ( 'NONE', #73, .T. ) ;
#740 = ADVANCED_FACE ( 'NONE', ( #4411 ), #576, .T. ) ;
#741 = VERTEX_POINT ( 'NONE', #632 ) ;
#742 = LINE ( 'NONE', #3996, #828 ) ;
#743 = VECTOR ( 'NONE', #169, 1000.000000000000000 ) ;
#744 = ORIENTED_EDGE ( 'NONE', *, *, #1107, .F. ) ;
#745 = ORIENTED_EDGE ( 'NONE', *, *, #3687, .T. ) ;
#746 = DIRECTION ( 'NONE',  ( -0.000000000000000000, -1.000000000000000000, -0.000000000000000000 ) ) ;
#747 = DIRECTION ( 'NONE',  ( 0.000000000000000000, 0.000000000000000000, 1.000000000000000000 ) ) ;
#748 = VECTOR ( 'NONE', #6026, 1000.000000000000000 ) ;
#749 = AXIS2_PLACEMENT_3D ( 'NONE', #3373, #5636, #986 ) ;
#750 = EDGE_CURVE ( 'NONE', #2619, #5931, #3021, .T. ) ;
#751 = CYLINDRICAL_SURFACE ( 'NONE', #5906, 14.64608244481071431 ) ;
#752 = AXIS2_PLACEMENT_3D ( 'NONE', #3115, #5470, #4474 ) ;
#753 = CARTESIAN_POINT ( 'NONE',  ( -4.807073215166054680, 0.000000000000000000, -16.18960560050088304 ) ) ;
#754 = ORIENTED_EDGE ( 'NONE', *, *, #976, .F. ) ;
#755 = CARTESIAN_POINT ( 'NONE',  ( 7.607250946614811937, 6.264999999999999680, -22.42112848803617453 ) ) ;
#756 = EDGE_CURVE ( 'NONE', #5595, #5147, #4194, .T. ) ;
#757 = CARTESIAN_POINT ( 'NONE',  ( 0.000000000000000000, 6.264999999999999680, 0.000000000000000000 ) ) ;
#758 = VECTOR ( 'NONE', #5897, 1000.000000000000114 ) ;
#759 = ORIENTED_EDGE ( 'NONE', *, *, #2661, .T. ) ;
#760 = EDGE_LOOP ( 'NONE', ( #1190, #1041, #4276, #5969 ) ) ;
#761 = B_SPLINE_CURVE_WITH_KNOTS ( 'NONE', 3,
 ( #5493, #5055, #1271, #3235 ),
 .UNSPECIFIED., .F., .F.,
 ( 4, 4 ),
 ( 0.0002259430207394396133, 0.0004897447509181180160 ),
 .UNSPECIFIED. ) ;
#762 = CARTESIAN_POINT ( 'NONE',  ( 23.61495323805596058, 6.238325924937074163, 3.472316846750043151 ) ) ;
#763 = CARTESIAN_POINT ( 'NONE',  ( 21.57685864997011649, 6.264999999999999680, 23.76718415326528344 ) ) ;
#764 = ORIENTED_EDGE ( 'NONE', *, *, #5544, .T. ) ;
#765 = CARTESIAN_POINT ( 'NONE',  ( -10.05434245573796836, 6.057893218813453551, 13.56913704619718786 ) ) ;
#766 = DIRECTION ( 'NONE',  ( 0.000000000000000000, 0.000000000000000000, -1.000000000000000000 ) ) ;
#767 = VECTOR ( 'NONE', #4007, 1000.000000000000000 ) ;
#768 = EDGE_CURVE ( 'NONE', #3818, #3944, #3511, .T. ) ;
#769 = CARTESIAN_POINT ( 'NONE',  ( 7.243917375738559095, 5.764999999999999680, -14.37701709155918373 ) ) ;
#770 = CIRCLE ( 'NONE', #3317, 0.8000000000027681635 ) ;
#771 = DIRECTION ( 'NONE',  ( -0.9063077870368988487, 0.000000000000000000, -0.4226182617401657016 ) ) ;
#772 = CARTESIAN_POINT ( 'NONE',  ( -15.42824042424707898, 5.934027361111995802, 4.600126581111359414 ) ) ;
#773 =( BOUNDED_CURVE ( )  B_SPLINE_CURVE ( 3, ( #1700, #2127, #3508, #719 ),
 .UNSPECIFIED., .F., .T. ) 
 B_SPLINE_CURVE_WITH_KNOTS ( ( 4, 4 ),
 ( 1.570796326794892561, 3.141592653589793116 ),
 .UNSPECIFIED. ) 
 CURVE ( )  GEOMETRIC_REPRESENTATION_ITEM ( )  RATIONAL_B_SPLINE_CURVE ( ( 1.000000000000000000, 0.8047378541243640493, 0.8047378541243640493, 1.000000000000000000 ) ) 
 REPRESENTATION_ITEM ( '' )  );
#774 = CARTESIAN_POINT ( 'NONE',  ( -12.72296122597416002, 0.000000000000000000, -29.43056634764681334 ) ) ;
#775 = DIRECTION ( 'NONE',  ( 0.6427876096865312583, 0.000000000000000000, 0.7660444431189847858 ) ) ;
#776 = FACE_OUTER_BOUND ( 'NONE', #5555, .T. ) ;
#777 = ORIENTED_EDGE ( 'NONE', *, *, #4184, .F. ) ;
#778 = VERTEX_POINT ( 'NONE', #5872 ) ;
#779 = FACE_OUTER_BOUND ( 'NONE', #4202, .T. ) ;
#780 = LINE ( 'NONE', #4549, #1747 ) ;
#781 = CARTESIAN_POINT ( 'NONE',  ( 8.303821354727178417, 6.264999999999999680, -22.81456166729559243 ) ) ;
#782 = DIRECTION ( 'NONE',  ( 0.08715574274824935963, -0.000000000000000000, 0.9961946980916938088 ) ) ;
#783 = DIRECTION ( 'NONE',  ( 0.3420201433256677137, 0.000000000000000000, 0.9396926207859087610 ) ) ;
#784 = PLANE ( 'NONE',  #1937 ) ;
#785 = EDGE_CURVE ( 'NONE', #2321, #2416, #4769, .T. ) ;
#786 = CARTESIAN_POINT ( 'NONE',  ( -31.84909871781260904, 0.000000000000000000, 3.696875540765334645 ) ) ;
#787 = EDGE_LOOP ( 'NONE', ( #4655, #5089, #5928, #2369, #2788 ) ) ;
#788 = AXIS2_PLACEMENT_3D ( 'NONE', #1978, #1492, #1122 ) ;
#789 = CARTESIAN_POINT ( 'NONE',  ( -9.485192156496715654, 6.264999999999999680, 13.01743292839939414 ) ) ;
#790 = DIRECTION ( 'NONE',  ( 0.000000000000000000, 1.000000000000000000, 0.000000000000000000 ) ) ;
#791 = ORIENTED_EDGE ( 'NONE', *, *, #3977, .F. ) ;
#792 = DIRECTION ( 'NONE',  ( -0.000000000000000000, -1.000000000000000000, 0.000000000000000000 ) ) ;
#793 = LINE ( 'NONE', #2655, #2104 ) ;
#794 = ADVANCED_FACE ( 'NONE', ( #1983 ), #2097, .T. ) ;
#795 = AXIS2_PLACEMENT_3D ( 'NONE', #4799, #3287, #1540 ) ;
#796 = VERTEX_POINT ( 'NONE', #1071 ) ;
#797 = CARTESIAN_POINT ( 'NONE',  ( 15.28344895142734572, 6.254153092219805643, 19.33317115761482086 ) ) ;
#798 = EDGE_CURVE ( 'NONE', #1774, #5319, #4392, .T. ) ;
#799 = CARTESIAN_POINT ( 'NONE',  ( 15.60607930272298027, -6.264999999999999680, 19.39860107532970801 ) ) ;
#800 = CARTESIAN_POINT ( 'NONE',  ( 22.97362297149689070, 5.764999999999999680, 5.086604718622285581 ) ) ;
#801 = DIRECTION ( 'NONE',  ( -0.6427876096865444699, 0.000000000000000000, 0.7660444431189736836 ) ) ;
#802 =( BOUNDED_CURVE ( )  B_SPLINE_CURVE ( 3, ( #1796, #1057, #3671, #4196 ),
 .UNSPECIFIED., .F., .T. ) 
 B_SPLINE_CURVE_WITH_KNOTS ( ( 4, 4 ),
 ( 4.712388980384686121, 6.283185307179586232 ),
 .UNSPECIFIED. ) 
 CURVE ( )  GEOMETRIC_REPRESENTATION_ITEM ( )  RATIONAL_B_SPLINE_CURVE ( ( 1.000000000000000000, 0.8047378541243641603, 0.8047378541243641603, 1.000000000000000000 ) ) 
 REPRESENTATION_ITEM ( '' )  );
#803 = VERTEX_POINT ( 'NONE', #5288 ) ;
#804 = ORIENTED_EDGE ( 'NONE', *, *, #3375, .T. ) ;
#805 = ADVANCED_FACE ( 'NONE', ( #2928 ), #603, .T. ) ;
#806 = EDGE_CURVE ( 'NONE', #3263, #2814, #1584, .T. ) ;
#807 = CARTESIAN_POINT ( 'NONE',  ( 0.000000000000000000, 0.000000000000000000, 0.000000000000000000 ) ) ;
#808 = CARTESIAN_POINT ( 'NONE',  ( -19.84842270412917742, 4.241147254709429326, -12.63728674036540411 ) ) ;
#809 = CARTESIAN_POINT ( 'NONE',  ( -19.75406189090918829, 5.764999999999999680, -9.211470339384602468 ) ) ;
#810 = EDGE_LOOP ( 'NONE', ( #5139, #3762, #5536, #5861 ) ) ;
#811 = CARTESIAN_POINT ( 'NONE',  ( -12.09500773390940331, 6.264999999999999680, 1.058176061982680993 ) ) ;
#812 = VERTEX_POINT ( 'NONE', #4500 ) ;
#813 = DIRECTION ( 'NONE',  ( 0.000000000000000000, -0.000000000000000000, -1.000000000000000000 ) ) ;
#814 = DIRECTION ( 'NONE',  ( 0.000000000000000000, 1.000000000000000000, 0.000000000000000000 ) ) ;
#815 = VERTEX_POINT ( 'NONE', #5929 ) ;
#816 = EDGE_CURVE ( 'NONE', #2532, #1448, #3080, .T. ) ;
#817 = CARTESIAN_POINT ( 'NONE',  ( -9.015757843248200842, 6.114145032862503548, 13.34086909446311786 ) ) ;
#818 = DIRECTION ( 'NONE',  ( 0.7660444431189847858, 0.000000000000000000, -0.6427876096865313693 ) ) ;
#819 = ORIENTED_EDGE ( 'NONE', *, *, #3750, .F. ) ;
#820 = CARTESIAN_POINT ( 'NONE',  ( 16.61240484443561982, 6.148090468736532088, 18.48393734068677929 ) ) ;
#821 = CARTESIAN_POINT ( 'NONE',  ( -11.23820881949889028, 3.265000000000000124, 13.39317573496176550 ) ) ;
#822 = CIRCLE ( 'NONE', #3665, 25.02749999999998920 ) ;
#823 = ORIENTED_EDGE ( 'NONE', *, *, #3783, .F. ) ;
#824 = CARTESIAN_POINT ( 'NONE',  ( -7.081682580411170491, 5.764999999999999680, -22.43904346959336848 ) ) ;
#825 = EDGE_CURVE ( 'NONE', #521, #4215, #4098, .T. ) ;
#826 = FACE_OUTER_BOUND ( 'NONE', #3546, .T. ) ;
#827 = DIRECTION ( 'NONE',  ( -0.000000000000000000, -1.000000000000000000, 0.000000000000000000 ) ) ;
#828 = VECTOR ( 'NONE', #2575, 1000.000000000000114 ) ;
#829 = ORIENTED_EDGE ( 'NONE', *, *, #2367, .T. ) ;
#830 = DIRECTION ( 'NONE',  ( -0.4226182617402906017, 0.000000000000000000, -0.9063077870368405620 ) ) ;
#831 = ADVANCED_FACE ( 'NONE', ( #1677 ), #2649, .T. ) ;
#832 = PLANE ( 'NONE',  #2676 ) ;
#833 = ORIENTED_EDGE ( 'NONE', *, *, #2424, .F. ) ;
#834 = ORIENTED_EDGE ( 'NONE', *, *, #1817, .F. ) ;
#835 = CIRCLE ( 'NONE', #1912, 0.8000000000027498448 ) ;
#836 = DIRECTION ( 'NONE',  ( -0.08715574274824935963, 0.000000000000000000, -0.9961946980916939198 ) ) ;
#837 = CARTESIAN_POINT ( 'NONE',  ( 9.171249647149318562, 5.764999999999999680, -30.72328364303766790 ) ) ;
#839 = ADVANCED_FACE ( 'NONE', ( #1737 ), #784, .F. ) ;
#838 = DIRECTION ( 'NONE',  ( -0.000000000000000000, -1.000000000000000000, -0.000000000000000000 ) ) ;
#840 = VECTOR ( 'NONE', #477, 1000.000000000000000 ) ;
#841 = CIRCLE ( 'NONE', #56, 14.57731163100803684 ) ;
#842 = EDGE_LOOP ( 'NONE', ( #1825, #611, #5140, #3413 ) ) ;
#843 = CARTESIAN_POINT ( 'NONE',  ( -24.31376172121169077, 6.148090468737395398, 5.144795942887746776 ) ) ;
#844 = PLANE ( 'NONE',  #5479 ) ;
#845 = FACE_OUTER_BOUND ( 'NONE', #3513, .T. ) ;
#846 = AXIS2_PLACEMENT_3D ( 'NONE', #4827, #2080, #3954 ) ;
#848 = EDGE_CURVE ( 'NONE', #4010, #2226, #3399, .T. ) ;
#847 = DIRECTION ( 'NONE',  ( 0.000000000000000000, 0.000000000000000000, 1.000000000000000000 ) ) ;
#849 = VERTEX_POINT ( 'NONE', #755 ) ;
#850 = AXIS2_PLACEMENT_3D ( 'NONE', #4529, #3545, #2132 ) ;
#851 = CARTESIAN_POINT ( 'NONE',  ( -8.925404411400617022, 6.264999999999999680, -22.31094027810012648 ) ) ;
#852 = CARTESIAN_POINT ( 'NONE',  ( -1.019999999997243556, 4.239220602781249347, 23.51083993326506061 ) ) ;
#853 = ORIENTED_EDGE ( 'NONE', *, *, #205, .T. ) ;
#854 = CARTESIAN_POINT ( 'NONE',  ( 11.60809380826084514, 6.264999999999999680, -28.91069513294267423 ) ) ;
#855 = FACE_OUTER_BOUND ( 'NONE', #5158, .T. ) ;
#856 = AXIS2_PLACEMENT_3D ( 'NONE', #2218, #2184, #3633 ) ;
#857 = ORIENTED_EDGE ( 'NONE', *, *, #3977, .T. ) ;
#858 = ORIENTED_EDGE ( 'NONE', *, *, #1187, .F. ) ;
#859 = DIRECTION ( 'NONE',  ( 0.5735764363516123732, -0.000000000000000000, -0.8191520442885952269 ) ) ;
#860 = CIRCLE ( 'NONE', #1643, 14.64608244481071431 ) ;
#861 = DIRECTION ( 'NONE',  ( 0.1736481776669289434, -0.000000000000000000, 0.9848077530122083534 ) ) ;
#862 = ORIENTED_EDGE ( 'NONE', *, *, #3491, .F. ) ;
#863 = DIRECTION ( 'NONE',  ( -0.000000000000000000, -1.000000000000000000, -0.000000000000000000 ) ) ;
#864 = EDGE_CURVE ( 'NONE', #2412, #2917, #1215, .T. ) ;
#865 = AXIS2_PLACEMENT_3D ( 'NONE', #1155, #4900, #687 ) ;
#866 = CARTESIAN_POINT ( 'NONE',  ( -8.528809216422883921, 5.764999999999999680, -21.91233244887132159 ) ) ;
#867 = VERTEX_POINT ( 'NONE', #3140 ) ;
#868 = EDGE_LOOP ( 'NONE', ( #991, #104, #4009, #1456 ) ) ;
#869 = CARTESIAN_POINT ( 'NONE',  ( -16.07282071980270644, 5.851862816039505866, 0.9150920754742550844 ) ) ;
#870 = DIRECTION ( 'NONE',  ( -0.000000000000000000, -1.000000000000000000, -0.000000000000000000 ) ) ;
#871 = EDGE_CURVE ( 'NONE', #6000, #4984, #4961, .T. ) ;
#872 = DIRECTION ( 'NONE',  ( -0.000000000000000000, -1.000000000000000000, 0.000000000000000000 ) ) ;
#873 = PLANE ( 'NONE',  #3482 ) ;
#874 = CARTESIAN_POINT ( 'NONE',  ( -11.61707311970166501, 5.764999999999999680, 12.25785032243587658 ) ) ;
#875 = FACE_OUTER_BOUND ( 'NONE', #3219, .T. ) ;
#876 = ADVANCED_FACE ( 'NONE', ( #5552 ), #5469, .F. ) ;
#877 = B_SPLINE_CURVE_WITH_KNOTS ( 'NONE', 3,
 ( #5669, #5173, #1451, #5699 ),
 .UNSPECIFIED., .F., .F.,
 ( 4, 4 ),
 ( 0.000000000000000000, 0.0002492957699735600806 ),
 .UNSPECIFIED. ) ;
#878 = DIRECTION ( 'NONE',  ( 0.000000000000000000, 0.000000000000000000, 1.000000000000000000 ) ) ;
#879 = ORIENTED_EDGE ( 'NONE', *, *, #3149, .F. ) ;
#880 = ORIENTED_EDGE ( 'NONE', *, *, #327, .T. ) ;
#881 = CARTESIAN_POINT ( 'NONE',  ( 15.54548331242829740, 6.229921559809639575, 4.206427652882112511 ) ) ;
#882 = CARTESIAN_POINT ( 'NONE',  ( 11.61707311970207712, 5.764999999999999680, 12.25785032243555506 ) ) ;
#883 = CARTESIAN_POINT ( 'NONE',  ( 0.000000000000000000, 3.265000000000000124, 25.00670622553059985 ) ) ;
#884 = DIRECTION ( 'NONE',  ( 0.8660254037844363761, 0.000000000000000000, 0.5000000000000038858 ) ) ;
#885 = ADVANCED_FACE ( 'NONE', ( #4528 ), #2185, .F. ) ;
#886 = ORIENTED_EDGE ( 'NONE', *, *, #4132, .F. ) ;
#887 = VECTOR ( 'NONE', #2042, 1000.000000000000114 ) ;
#888 = ORIENTED_EDGE ( 'NONE', *, *, #1595, .F. ) ;
#889 = B_SPLINE_CURVE_WITH_KNOTS ( 'NONE', 3,
 ( #4717, #3309, #5653, #482, #1437, #3798 ),
 .UNSPECIFIED., .F., .F.,
 ( 4, 2, 4 ),
 ( 0.0002278709715188316086, 0.0005927080008533145480, 0.0009575450301877975415 ),
 .UNSPECIFIED. ) ;
#890 = DIRECTION ( 'NONE',  ( -0.4226182617401657016, 0.000000000000000000, 0.9063077870368988487 ) ) ;
#891 = FACE_OUTER_BOUND ( 'NONE', #5414, .T. ) ;
#892 = VERTEX_POINT ( 'NONE', #5022 ) ;
#893 = PLANE ( 'NONE',  #165 ) ;
#894 = B_SPLINE_CURVE_WITH_KNOTS ( 'NONE', 3,
 ( #636, #1533, #4327, #1617 ),
 .UNSPECIFIED., .F., .F.,
 ( 4, 4 ),
 ( 0.0002259430207385027542, 0.0004897447509147461473 ),
 .UNSPECIFIED. ) ;
#895 = VECTOR ( 'NONE', #400, 1000.000000000000000 ) ;
#896 = CARTESIAN_POINT ( 'NONE',  ( -19.23334952206178272, 5.764999999999999680, 24.50825169393615610 ) ) ;
#897 = EDGE_CURVE ( 'NONE', #1292, #695, #4060, .T. ) ;
#898 = DIRECTION ( 'NONE',  ( 0.000000000000000000, 0.000000000000000000, 1.000000000000000000 ) ) ;
#899 = VERTEX_POINT ( 'NONE', #1247 ) ;
#900 = VERTEX_POINT ( 'NONE', #263 ) ;
#901 = LINE ( 'NONE', #4185, #5085 ) ;
#902 = CARTESIAN_POINT ( 'NONE',  ( 24.55345601712436832, 6.264999999999998792, 3.732393639540744879 ) ) ;
#903 = CARTESIAN_POINT ( 'NONE',  ( -23.36912597356433352, 6.002084624031575721, 3.133838060319859231 ) ) ;
#904 = ADVANCED_FACE ( 'NONE', ( #845 ), #3113, .T. ) ;
#905 = ORIENTED_EDGE ( 'NONE', *, *, #1698, .F. ) ;
#906 = ORIENTED_EDGE ( 'NONE', *, *, #3230, .F. ) ;
#907 = CARTESIAN_POINT ( 'NONE',  ( -1.899663625341974971, 6.264999999999999680, 21.71325459514593348 ) ) ;
#908 = VERTEX_POINT ( 'NONE', #3634 ) ;
#909 = CARTESIAN_POINT ( 'NONE',  ( 0.3983431104224915975, 5.764999999999999680, 0.3342495570375230707 ) ) ;
#910 = CARTESIAN_POINT ( 'NONE',  ( 0.000000000000000000, 6.264999999999999680, 0.000000000000000000 ) ) ;
#911 = DIRECTION ( 'NONE',  ( -0.5735764363512209085, 0.000000000000000000, -0.8191520442888693410 ) ) ;
#912 = ORIENTED_EDGE ( 'NONE', *, *, #2615, .T. ) ;
#913 = VERTEX_POINT ( 'NONE', #2710 ) ;
#914 = EDGE_CURVE ( 'NONE', #403, #2627, #3833, .T. ) ;
#915 = CARTESIAN_POINT ( 'NONE',  ( -9.511283720561253929, 5.884670988164101502, -23.14975676409983762 ) ) ;
#916 = DIRECTION ( 'NONE',  ( 0.08715574274786326570, -0.000000000000000000, 0.9961946980917276706 ) ) ;
#917 = EDGE_LOOP ( 'NONE', ( #3454, #5989, #23, #4805, #2962, #1024, #2402, #6010, #4112, #2882, #3754, #4826, #2638, #1972, #415, #2983, #1602, #5857, #2729, #5013, #1753, #1795, #696, #4381, #1991, #1971, #791, #4673 ) ) ;
#918 = FACE_OUTER_BOUND ( 'NONE', #381, .T. ) ;
#919 = PLANE ( 'NONE',  #1928 ) ;
#920 = ORIENTED_EDGE ( 'NONE', *, *, #264, .F. ) ;
#921 = EDGE_LOOP ( 'NONE', ( #2467, #592, #1831, #2306 ) ) ;
#922 = ADVANCED_FACE ( 'NONE', ( #4651 ), #2767, .T. ) ;
#923 = ADVANCED_FACE ( 'NONE', ( #4622 ), #4684, .T. ) ;
#924 = CARTESIAN_POINT ( 'NONE',  ( 8.828903344064009673, 5.764999999999999680, 13.46192501608482495 ) ) ;
#925 = VERTEX_POINT ( 'NONE', #5124 ) ;
#926 = FACE_OUTER_BOUND ( 'NONE', #5599, .T. ) ;
#927 = AXIS2_PLACEMENT_3D ( 'NONE', #588, #4832, #1145 ) ;
#928 = AXIS2_PLACEMENT_3D ( 'NONE', #5116, #405, #497 ) ;
#929 = CARTESIAN_POINT ( 'NONE',  ( 6.530831529806402358, 6.264999999999999680, -14.72313383150276422 ) ) ;
#930 = ORIENTED_EDGE ( 'NONE', *, *, #3305, .T. ) ;
#931 = ORIENTED_EDGE ( 'NONE', *, *, #332, .F. ) ;
#932 = DIRECTION ( 'NONE',  ( -0.9848077530122083534, 0.000000000000000000, 0.1736481776669289434 ) ) ;
#933 = DIRECTION ( 'NONE',  ( -0.000000000000000000, -1.000000000000000000, -0.000000000000000000 ) ) ;
#934 = VECTOR ( 'NONE', #1264, 1000.000000000000000 ) ;
#935 = CARTESIAN_POINT ( 'NONE',  ( 11.72428514981459635, 5.764999999999999680, 11.03241121076136544 ) ) ;
#936 = VECTOR ( 'NONE', #325, 1000.000000000000000 ) ;
#937 = ORIENTED_EDGE ( 'NONE', *, *, #6066, .F. ) ;
#938 = ORIENTED_EDGE ( 'NONE', *, *, #367, .T. ) ;
#939 = DIRECTION ( 'NONE',  ( 0.000000000000000000, 0.000000000000000000, 1.000000000000000000 ) ) ;
#940 = DIRECTION ( 'NONE',  ( -0.9396926207859073177, 0.000000000000000000, -0.3420201433256716550 ) ) ;
#941 = DIRECTION ( 'NONE',  ( 0.000000000000000000, 1.000000000000000000, 0.000000000000000000 ) ) ;
#942 = FACE_OUTER_BOUND ( 'NONE', #921, .T. ) ;
#943 = EDGE_CURVE ( 'NONE', #5097, #3019, #478, .T. ) ;
#944 = AXIS2_PLACEMENT_3D ( 'NONE', #3604, #2646, #314 ) ;
#945 = PLANE ( 'NONE',  #1832 ) ;
#946 = EDGE_LOOP ( 'NONE', ( #2390, #5569, #4180, #5751, #3528, #4507, #2242 ) ) ;
#947 = CARTESIAN_POINT ( 'NONE',  ( 7.081682580411110095, 6.264999999999999680, -22.43904346959338980 ) ) ;
#948 = VECTOR ( 'NONE', #3234, 1000.000000000000114 ) ;
#949 = ORIENTED_EDGE ( 'NONE', *, *, #4431, .F. ) ;
#950 = CARTESIAN_POINT ( 'NONE',  ( 15.89194039108607015, 0.000000000000000000, 17.35243875097005528 ) ) ;
#951 = DIRECTION ( 'NONE',  ( -0.000000000000000000, -1.000000000000000000, -0.000000000000000000 ) ) ;
#952 = EDGE_CURVE ( 'NONE', #1778, #2128, #4275, .T. ) ;
#953 = VECTOR ( 'NONE', #1764, 1000.000000000000114 ) ;
#954 = VECTOR ( 'NONE', #3189, 1000.000000000000227 ) ;
#955 = EDGE_LOOP ( 'NONE', ( #1178, #3146, #5543, #969 ) ) ;
#956 = ORIENTED_EDGE ( 'NONE', *, *, #3050, .F. ) ;
#957 = DIRECTION ( 'NONE',  ( 1.776356839400250465E-15, 0.000000000000000000, -1.000000000000000000 ) ) ;
#958 = ADVANCED_FACE ( 'NONE', ( #875 ), #5589, .T. ) ;
#959 = VECTOR ( 'NONE', #4998, 1000.000000000000000 ) ;
#960 = CARTESIAN_POINT ( 'NONE',  ( 7.081682580411109207, 5.764999999999999680, -22.43904346959338980 ) ) ;
#961 = VERTEX_POINT ( 'NONE', #3236 ) ;
#962 = CARTESIAN_POINT ( 'NONE',  ( -16.42414633486748343, 6.057893218813452663, 3.931755278065442560 ) ) ;
#963 = DIRECTION ( 'NONE',  ( 0.9848077530122080203, -0.000000000000000000, 0.1736481776669306643 ) ) ;
#964 = ADVANCED_FACE ( 'NONE', ( #443 ), #5682, .F. ) ;
#965 = AXIS2_PLACEMENT_3D ( 'NONE', #5046, #836, #4614 ) ;
#966 = ORIENTED_EDGE ( 'NONE', *, *, #542, .F. ) ;
#967 = B_SPLINE_CURVE_WITH_KNOTS ( 'NONE', 3,
 ( #1003, #538, #2835, #2807 ),
 .UNSPECIFIED., .F., .F.,
 ( 4, 4 ),
 ( 0.0002644019893002540135, 0.0004523754029802969502 ),
 .UNSPECIFIED. ) ;
#968 = ORIENTED_EDGE ( 'NONE', *, *, #19, .F. ) ;
#969 = ORIENTED_EDGE ( 'NONE', *, *, #302, .T. ) ;
#970 = CARTESIAN_POINT ( 'NONE',  ( 9.102880438423655463, 6.264999999999999680, -22.77577274152874054 ) ) ;
#971 = CARTESIAN_POINT ( 'NONE',  ( 11.29383136056962300, 6.255860970744405058, 11.48202467740899557 ) ) ;
#972 = CARTESIAN_POINT ( 'NONE',  ( 5.018382346036153407, 5.764999999999999680, -15.73645170698298479 ) ) ;
#973 =( BOUNDED_CURVE ( )  B_SPLINE_CURVE ( 3, ( #5014, #340, #311, #4086 ),
 .UNSPECIFIED., .F., .T. ) 
 B_SPLINE_CURVE_WITH_KNOTS ( ( 4, 4 ),
 ( 1.570796326794902997, 3.141592653589793116 ),
 .UNSPECIFIED. ) 
 CURVE ( )  GEOMETRIC_REPRESENTATION_ITEM ( )  RATIONAL_B_SPLINE_CURVE ( ( 1.000000000000000000, 0.8047378541243663808, 0.8047378541243663808, 1.000000000000000000 ) ) 
 REPRESENTATION_ITEM ( '' )  );
#974 = FACE_OUTER_BOUND ( 'NONE', #4350, .T. ) ;
#975 = ORIENTED_EDGE ( 'NONE', *, *, #4124, .T. ) ;
#976 = EDGE_CURVE ( 'NONE', #5147, #1900, #1860, .T. ) ;
#977 = CARTESIAN_POINT ( 'NONE',  ( 0.000000000000000000, 5.764999999999999680, 0.000000000000000000 ) ) ;
#978 = ORIENTED_EDGE ( 'NONE', *, *, #3654, .F. ) ;
#979 = PLANE ( 'NONE',  #4363 ) ;
#980 = DIRECTION ( 'NONE',  ( 0.9063077870369106170, 0.000000000000000000, -0.4226182617401404995 ) ) ;
#981 = VERTEX_POINT ( 'NONE', #5620 ) ;
#982 = ORIENTED_EDGE ( 'NONE', *, *, #2653, .T. ) ;
#983 = EDGE_CURVE ( 'NONE', #1765, #5436, #5389, .T. ) ;
#984 = DIRECTION ( 'NONE',  ( 0.000000000000000000, -0.000000000000000000, -1.000000000000000000 ) ) ;
#985 = ORIENTED_EDGE ( 'NONE', *, *, #3803, .F. ) ;
#986 = DIRECTION ( 'NONE',  ( 0.000000000000000000, 0.000000000000000000, -1.000000000000000000 ) ) ;
#987 = DIRECTION ( 'NONE',  ( -0.000000000000000000, -1.000000000000000000, -0.000000000000000000 ) ) ;
#988 = EDGE_CURVE ( 'NONE', #480, #4919, #860, .T. ) ;
#989 = LINE ( 'NONE', #2848, #5952 ) ;
#990 = TOROIDAL_SURFACE ( 'NONE', #299, 24.03000000000000114, 0.5000000000000000000 ) ;
#991 = ORIENTED_EDGE ( 'NONE', *, *, #1607, .F. ) ;
#992 = CARTESIAN_POINT ( 'NONE',  ( -7.594310774156567412, 5.884670988164030447, -23.84747785648472629 ) ) ;
#993 = CARTESIAN_POINT ( 'NONE',  ( 14.81459121830506120, 6.238325924937520917, 18.71499098996243404 ) ) ;
#994 = ADVANCED_FACE ( 'NONE', ( #942 ), #2343, .T. ) ;
#995 = ORIENTED_EDGE ( 'NONE', *, *, #3617, .T. ) ;
#996 = ORIENTED_EDGE ( 'NONE', *, *, #3305, .F. ) ;
#997 = CARTESIAN_POINT ( 'NONE',  ( 23.90990065744999526, -6.264999999999999680, 4.215960591964933890 ) ) ;
#998 = CARTESIAN_POINT ( 'NONE',  ( -9.211470339405375185, 5.764999999999999680, -19.75406189091275877 ) ) ;
#999 = CARTESIAN_POINT ( 'NONE',  ( 8.828903344064009673, 5.764999999999999680, 13.46192501608482495 ) ) ;
#1000 = CARTESIAN_POINT ( 'NONE',  ( -17.85439826556527265, 5.764999999999999680, -12.50178425576556762 ) ) ;
#1001 = LINE ( 'NONE', #4282, #3733 ) ;
#1002 = ORIENTED_EDGE ( 'NONE', *, *, #1204, .T. ) ;
#1003 = CARTESIAN_POINT ( 'NONE',  ( 24.43080516915483003, 6.235787267805525502, 3.608788054962495995 ) ) ;
#1004 = ORIENTED_EDGE ( 'NONE', *, *, #2054, .T. ) ;
#1005 = LINE ( 'NONE', #2837, #2594 ) ;
#1006 = CARTESIAN_POINT ( 'NONE',  ( 10.23180186323414453, 6.264999999999999680, -29.63202286765672966 ) ) ;
#1007 = VERTEX_POINT ( 'NONE', #5650 ) ;
#1008 = ORIENTED_EDGE ( 'NONE', *, *, #1967, .T. ) ;
#1009 = CARTESIAN_POINT ( 'NONE',  ( -0.3983431104218093655, 6.264999999999999680, 0.3342495570369435898 ) ) ;
#1010 = EDGE_LOOP ( 'NONE', ( #2338, #3647, #4083, #537, #4167 ) ) ;
#1011 = DIRECTION ( 'NONE',  ( 0.000000000000000000, 0.000000000000000000, 1.000000000000000000 ) ) ;
#1012 = EDGE_CURVE ( 'NONE', #1783, #3123, #5884, .T. ) ;
#1013 = SHAPE_DEFINITION_REPRESENTATION ( #6089, #1434 ) ;
#1014 = CARTESIAN_POINT ( 'NONE',  ( 24.44967702698105683, 6.264999999999999680, 5.346872873588294439 ) ) ;
#1015 = EDGE_LOOP ( 'NONE', ( #3131, #1921, #4603, #5708 ) ) ;
#1016 = CARTESIAN_POINT ( 'NONE',  ( -9.794555928166921888, 6.264999999999999680, -30.56969980137444409 ) ) ;
#1017 = LINE ( 'NONE', #3930, #5041 ) ;
#1018 = ADVANCED_FACE ( 'NONE', ( #5188 ), #4244, .T. ) ;
#1019 = CIRCLE ( 'NONE', #36, 0.8000000000026805669 ) ;
#1020 = ORIENTED_EDGE ( 'NONE', *, *, #5717, .T. ) ;
#1021 = ORIENTED_EDGE ( 'NONE', *, *, #5691, .F. ) ;
#1022 = CARTESIAN_POINT ( 'NONE',  ( 15.50891816952660385, 5.764999999999999680, 17.67383255581335533 ) ) ;
#1023 = ORIENTED_EDGE ( 'NONE', *, *, #2591, .T. ) ;
#1024 = ORIENTED_EDGE ( 'NONE', *, *, #2359, .F. ) ;
#1025 = DIRECTION ( 'NONE',  ( -0.000000000000000000, -1.000000000000000000, -0.000000000000000000 ) ) ;
#1026 = VECTOR ( 'NONE', #2562, 1000.000000000000114 ) ;
#1027 = CARTESIAN_POINT ( 'NONE',  ( 11.69794669199040982, 5.934027361112017118, 11.06118485253627881 ) ) ;
#1028 = DIRECTION ( 'NONE',  ( 0.6427876096865392519, 0.000000000000000000, -0.7660444431189782355 ) ) ;
#1029 = CYLINDRICAL_SURFACE ( 'NONE', #3412, 0.8000000000026805669 ) ;
#1030 = EDGE_CURVE ( 'NONE', #1340, #5509, #412, .T. ) ;
#1031 = FACE_OUTER_BOUND ( 'NONE', #5277, .T. ) ;
#1032 = AXIS2_PLACEMENT_3D ( 'NONE', #366, #861, #3126 ) ;
#1033 = ORIENTED_EDGE ( 'NONE', *, *, #4238, .T. ) ;
#1034 = LINE ( 'NONE', #4317, #446 ) ;
#1035 = ORIENTED_EDGE ( 'NONE', *, *, #2061, .F. ) ;
#1036 = CARTESIAN_POINT ( 'NONE',  ( 8.663807457819311608, 6.264999999999999680, -22.09513331618511955 ) ) ;
#1037 = CARTESIAN_POINT ( 'NONE',  ( -7.243917375737628284, 6.264999999999999680, -14.37701709155922813 ) ) ;
#1038 = AXIS2_PLACEMENT_3D ( 'NONE', #3923, #610, #1168 ) ;
#1039 = ADVANCED_FACE ( 'NONE', ( #3332 ), #5216, .T. ) ;
#1040 = VERTEX_POINT ( 'NONE', #3206 ) ;
#1041 = ORIENTED_EDGE ( 'NONE', *, *, #4812, .T. ) ;
#1042 = VECTOR ( 'NONE', #1735, 1000.000000000000227 ) ;
#1043 = CARTESIAN_POINT ( 'NONE',  ( 14.82287224238626244, 6.255106470304109045, 18.77130456238472789 ) ) ;
#1044 = CARTESIAN_POINT ( 'NONE',  ( -21.14644285628553888, 3.265000000000000124, -13.38669902462328487 ) ) ;
#1045 = VERTEX_POINT ( 'NONE', #5092 ) ;
#1046 = CARTESIAN_POINT ( 'NONE',  ( -8.023111437219434094, 6.264999999999999680, -23.56369579561555483 ) ) ;
#1047 = AXIS2_PLACEMENT_3D ( 'NONE', #2284, #4102, #1770 ) ;
#1048 = AXIS2_PLACEMENT_3D ( 'NONE', #2909, #5728, #2872 ) ;
#1049 = LINE ( 'NONE', #5614, #4032 ) ;
#1050 = VECTOR ( 'NONE', #5930, 1000.000000000000000 ) ;
#1051 = FACE_OUTER_BOUND ( 'NONE', #2610, .T. ) ;
#1052 = EDGE_CURVE ( 'NONE', #4880, #867, #4889, .T. ) ;
#1053 = DIRECTION ( 'NONE',  ( -0.8191520442892441523, 0.000000000000000000, -0.5735764363506855590 ) ) ;
#1054 = CARTESIAN_POINT ( 'NONE',  ( 16.39520344744519775, 6.264999999999999680, 18.73006621983618558 ) ) ;
#1055 = VERTEX_POINT ( 'NONE', #2065 ) ;
#1056 = ORIENTED_EDGE ( 'NONE', *, *, #3380, .T. ) ;
#1057 = CARTESIAN_POINT ( 'NONE',  ( 20.69256964635039964, 6.264999999999999680, 23.39580686684044508 ) ) ;
#1058 = VERTEX_POINT ( 'NONE', #3473 ) ;
#1059 = ADVANCED_FACE ( 'NONE', ( #2891 ), #2949, .F. ) ;
#1060 = ORIENTED_EDGE ( 'NONE', *, *, #2874, .T. ) ;
#1061 = AXIS2_PLACEMENT_3D ( 'NONE', #2468, #4348, #5808 ) ;
#1062 = DIRECTION ( 'NONE',  ( 0.5735764363505591046, 0.000000000000000000, 0.8191520442893327481 ) ) ;
#1063 = LINE ( 'NONE', #109, #3308 ) ;
#1064 = DIRECTION ( 'NONE',  ( -0.4226182617402615138, 0.000000000000000000, 0.9063077870368541067 ) ) ;
#1065 = DIRECTION ( 'NONE',  ( 0.000000000000000000, 1.000000000000000000, 0.000000000000000000 ) ) ;
#1066 = TOROIDAL_SURFACE ( 'NONE', #5088, 24.52749999999998920, 0.5000000000000000000 ) ;
#1067 = ADVANCED_FACE ( 'NONE', ( #2433 ), #3389, .T. ) ;
#1068 = CARTESIAN_POINT ( 'NONE',  ( 19.65932503706211065, 6.264999999999999680, 25.37618590062853841 ) ) ;
#1069 = ORIENTED_EDGE ( 'NONE', *, *, #4781, .F. ) ;
#1070 = PLANE ( 'NONE',  #3793 ) ;
#1071 = CARTESIAN_POINT ( 'NONE',  ( 15.34070471705005545, 6.235787267806473189, 19.35330388391050249 ) ) ;
#1072 = CARTESIAN_POINT ( 'NONE',  ( 31.84909871781022872, 6.264999999999999680, 3.696875540764982038 ) ) ;
#1073 = ORIENTED_EDGE ( 'NONE', *, *, #1406, .F. ) ;
#1074 = ORIENTED_EDGE ( 'NONE', *, *, #1260, .F. ) ;
#1075 = DIRECTION ( 'NONE',  ( 0.000000000000000000, 0.000000000000000000, 1.000000000000000000 ) ) ;
#1076 = EDGE_CURVE ( 'NONE', #4347, #1727, #5317, .T. ) ;
#1077 = CARTESIAN_POINT ( 'NONE',  ( -4.807073215166054680, 6.057893218813451774, -16.18960560050088304 ) ) ;
#1078 = ORIENTED_EDGE ( 'NONE', *, *, #5704, .T. ) ;
#1079 = LINE ( 'NONE', #153, #5766 ) ;
#1080 = B_SPLINE_CURVE_WITH_KNOTS ( 'NONE', 3,
 ( #2734, #1329, #4617, #4149 ),
 .UNSPECIFIED., .F., .F.,
 ( 4, 4 ),
 ( 7.382017548796734614E-05, 0.0002633745766039329245 ),
 .UNSPECIFIED. ) ;
#1081 = CARTESIAN_POINT ( 'NONE',  ( 10.30423900446900909, 6.264999999999999680, 13.08909024249325981 ) ) ;
#1082 = CARTESIAN_POINT ( 'NONE',  ( -16.77838861730829123, 5.764999999999999680, 1.922747461919029899 ) ) ;
#1083 = CARTESIAN_POINT ( 'NONE',  ( 15.85814145653102791, 6.238325924942468070, 17.83934836994524886 ) ) ;
#1084 = ADVANCED_FACE ( 'NONE', ( #2922 ), #660, .T. ) ;
#1085 = EDGE_LOOP ( 'NONE', ( #5060, #2216, #5315, #2393, #4419 ) ) ;
#1086 = AXIS2_PLACEMENT_3D ( 'NONE', #3259, #872, #5548 ) ;
#1087 = CARTESIAN_POINT ( 'NONE',  ( 22.02151929896932359, 0.000000000000000000, 23.30417700039738449 ) ) ;
#1088 = ORIENTED_EDGE ( 'NONE', *, *, #2657, .T. ) ;
#1089 = VERTEX_POINT ( 'NONE', #4314 ) ;
#1090 = DIRECTION ( 'NONE',  ( 0.000000000000000000, 1.000000000000000000, 0.000000000000000000 ) ) ;
#1091 = CARTESIAN_POINT ( 'NONE',  ( -11.61707311970166501, 3.265000000000000124, 12.25785032243587658 ) ) ;
#1092 = DIRECTION ( 'NONE',  ( 0.000000000000000000, -0.000000000000000000, 1.000000000000000000 ) ) ;
#1093 = EDGE_CURVE ( 'NONE', #812, #6022, #1648, .T. ) ;
#1094 = ORIENTED_EDGE ( 'NONE', *, *, #2803, .F. ) ;
#1095 = B_SPLINE_CURVE_WITH_KNOTS ( 'NONE', 3,
 ( #924, #5227, #3807, #29, #1383, #6067, #57, #2351 ),
 .UNSPECIFIED., .F., .F.,
 ( 4, 2, 2, 4 ),
 ( 0.000000000000000000, 0.0002554680715914126087, 0.0005109361431828252174, 0.001021872286365649351 ),
 .UNSPECIFIED. ) ;
#1096 = DIRECTION ( 'NONE',  ( -0.000000000000000000, -1.000000000000000000, -0.000000000000000000 ) ) ;
#1097 = ORIENTED_EDGE ( 'NONE', *, *, #4164, .T. ) ;
#1098 = CARTESIAN_POINT ( 'NONE',  ( 0.000000000000000000, 0.000000000000000000, 0.000000000000000000 ) ) ;
#1099 = EDGE_CURVE ( 'NONE', #521, #4150, #2493, .T. ) ;
#1100 = LINE ( 'NONE', #4906, #2508 ) ;
#1101 = VERTEX_POINT ( 'NONE', #2550 ) ;
#1102 = VERTEX_POINT ( 'NONE', #2464 ) ;
#1103 = DIRECTION ( 'NONE',  ( 0.6427876096865468014, 0.000000000000000000, -0.7660444431189717962 ) ) ;
#1104 = DIRECTION ( 'NONE',  ( -0.000000000000000000, 1.000000000000000000, -0.000000000000000000 ) ) ;
#1105 = ORIENTED_EDGE ( 'NONE', *, *, #4233, .F. ) ;
#1106 = DIRECTION ( 'NONE',  ( -0.9063077870365631172, 0.000000000000000000, 0.4226182617408856812 ) ) ;
#1107 = EDGE_CURVE ( 'NONE', #2416, #5635, #597, .T. ) ;
#1108 = EDGE_CURVE ( 'NONE', #925, #4250, #1491, .T. ) ;
#1109 = LINE ( 'NONE', #3460, #4616 ) ;
#1110 = CARTESIAN_POINT ( 'NONE',  ( -10.09792032711190046, 5.764999999999999680, 13.07103969715132052 ) ) ;
#1111 = CARTESIAN_POINT ( 'NONE',  ( 0.000000000000000000, 0.000000000000000000, 0.000000000000000000 ) ) ;
#1112 = EDGE_CURVE ( 'NONE', #1913, #2326, #5175, .T. ) ;
#1113 = CARTESIAN_POINT ( 'NONE',  ( -23.22089232545459581, 6.264999999999999680, 4.622491671285137826 ) ) ;
#1114 = ORIENTED_EDGE ( 'NONE', *, *, #2811, .F. ) ;
#1115 = DIRECTION ( 'NONE',  ( 0.9848077530122080203, 0.000000000000000000, -0.1736481776669309696 ) ) ;
#1116 = ORIENTED_EDGE ( 'NONE', *, *, #2130, .F. ) ;
#1117 = ORIENTED_EDGE ( 'NONE', *, *, #2286, .T. ) ;
#1118 = DIRECTION ( 'NONE',  ( -0.000000000000000000, -1.000000000000000000, -0.000000000000000000 ) ) ;
#1119 = CARTESIAN_POINT ( 'NONE',  ( 12.50178425574276631, 6.264999999999999680, 17.85439826558163645 ) ) ;
#1120 = FACE_OUTER_BOUND ( 'NONE', #5225, .T. ) ;
#1121 = VECTOR ( 'NONE', #2851, 1000.000000000000000 ) ;
#1122 = DIRECTION ( 'NONE',  ( 0.000000000000000000, 0.000000000000000000, -1.000000000000000000 ) ) ;
#1123 = VECTOR ( 'NONE', #5556, 1000.000000000000000 ) ;
#1124 = CARTESIAN_POINT ( 'NONE',  ( 19.53574231001355344, 6.265000000000003233, 25.46303423778029540 ) ) ;
#1125 = ORIENTED_EDGE ( 'NONE', *, *, #5944, .T. ) ;
#1126 = DIRECTION ( 'NONE',  ( -0.000000000000000000, -1.000000000000000000, -0.000000000000000000 ) ) ;
#1127 = ADVANCED_FACE ( 'NONE', ( #1552 ), #1029, .F. ) ;
#1128 = AXIS2_PLACEMENT_3D ( 'NONE', #6003, #827, #1261 ) ;
#1129 = CARTESIAN_POINT ( 'NONE',  ( -8.303821354726347082, -6.264999999999999680, -22.81456166729589441 ) ) ;
#1130 = EDGE_LOOP ( 'NONE', ( #2757, #2590, #5623, #3740 ) ) ;
#1131 = B_SPLINE_CURVE_WITH_KNOTS ( 'NONE', 3,
 ( #5502, #3120, #1279, #5529 ),
 .UNSPECIFIED., .F., .F.,
 ( 4, 4 ),
 ( 0.0004210925497371963838, 0.0006098211500719075660 ),
 .UNSPECIFIED. ) ;
#1132 = ORIENTED_EDGE ( 'NONE', *, *, #3719, .T. ) ;
#1133 = DIRECTION ( 'NONE',  ( -0.000000000000000000, -1.000000000000000000, -0.000000000000000000 ) ) ;
#1134 = AXIS2_PLACEMENT_3D ( 'NONE', #821, #2747, #5971 ) ;
#1135 = DIRECTION ( 'NONE',  ( -0.4999999999999928946, 0.000000000000000000, -0.8660254037844427044 ) ) ;
#1136 = AXIS2_PLACEMENT_3D ( 'NONE', #5445, #2258, #818 ) ;
#1137 = VERTEX_POINT ( 'NONE', #171 ) ;
#1138 = CARTESIAN_POINT ( 'NONE',  ( -8.895625302111023203, 6.159543664875589464, -21.97432036089048069 ) ) ;
#1139 = EDGE_CURVE ( 'NONE', #1404, #1711, #3420, .T. ) ;
#1140 = AXIS2_PLACEMENT_3D ( 'NONE', #4004, #4498, #1245 ) ;
#1141 = LINE ( 'NONE', #676, #4822 ) ;
#1142 = LINE ( 'NONE', #2512, #4057 ) ;
#1143 = ADVANCED_FACE ( 'NONE', ( #5310, #111, #3911 ), #3852, .F. ) ;
#1144 = AXIS2_PLACEMENT_3D ( 'NONE', #1840, #5506, #4975 ) ;
#1145 = DIRECTION ( 'NONE',  ( 0.000000000000000000, 0.000000000000000000, -1.000000000000000000 ) ) ;
#1146 = CARTESIAN_POINT ( 'NONE',  ( -1.020000000000000018, 4.241147254709246361, 23.50788165701039034 ) ) ;
#1147 = ORIENTED_EDGE ( 'NONE', *, *, #4383, .F. ) ;
#1148 = AXIS2_PLACEMENT_3D ( 'NONE', #4653, #4686, #479 ) ;
#1149 = CIRCLE ( 'NONE', #4956, 23.53000000000000114 ) ;
#1150 = DIRECTION ( 'NONE',  ( -0.000000000000000000, -1.000000000000000000, -0.000000000000000000 ) ) ;
#1151 = ORIENTED_EDGE ( 'NONE', *, *, #654, .F. ) ;
#1152 = ORIENTED_EDGE ( 'NONE', *, *, #4894, .F. ) ;
#1153 = FACE_OUTER_BOUND ( 'NONE', #5293, .T. ) ;
#1154 = LINE ( 'NONE', #3444, #1346 ) ;
#1155 = CARTESIAN_POINT ( 'NONE',  ( 0.000000000000000000, 0.000000000000000000, 0.000000000000000000 ) ) ;
#1156 = CIRCLE ( 'NONE', #3593, 23.53000000000000114 ) ;
#1157 = B_SPLINE_CURVE_WITH_KNOTS ( 'NONE', 3,
 ( #3662, #5118, #903, #1880, #2304, #4644 ),
 .UNSPECIFIED., .F., .F.,
 ( 4, 2, 4 ),
 ( 0.000000000000000000, 0.0003644118814604732203, 0.0007288237629209464406 ),
 .UNSPECIFIED. ) ;
#1158 = CARTESIAN_POINT ( 'NONE',  ( -4.807073215166054680, 6.264999999999999680, -16.18960560050088304 ) ) ;
#1159 = AXIS2_PLACEMENT_3D ( 'NONE', #5990, #2586, #813 ) ;
#1160 = CARTESIAN_POINT ( 'NONE',  ( -24.43080516915159706, 6.235787267806490064, 3.608788054965337277 ) ) ;
#1161 = ORIENTED_EDGE ( 'NONE', *, *, #1373, .T. ) ;
#1162 = DIRECTION ( 'NONE',  ( 0.6427876096865444699, -0.000000000000000000, -0.7660444431189736836 ) ) ;
#1163 = LINE ( 'NONE', #5380, #4778 ) ;
#1164 = ORIENTED_EDGE ( 'NONE', *, *, #3230, .T. ) ;
#1165 = ORIENTED_EDGE ( 'NONE', *, *, #1819, .F. ) ;
#1166 = ADVANCED_FACE ( 'NONE', ( #1120 ), #1066, .T. ) ;
#1167 = CARTESIAN_POINT ( 'NONE',  ( -9.945495925549497684, 6.264999999999999680, -6.963911218297146100 ) ) ;
#1168 = DIRECTION ( 'NONE',  ( 0.1736481776669074051, 0.000000000000000000, -0.9848077530122121281 ) ) ;
#1169 = ORIENTED_EDGE ( 'NONE', *, *, #4931, .T. ) ;
#1170 = DIRECTION ( 'NONE',  ( 0.000000000000000000, 1.000000000000000000, -0.000000000000000000 ) ) ;
#1171 = CARTESIAN_POINT ( 'NONE',  ( 16.39539829303736340, 6.235787267805846135, 18.46831089329668885 ) ) ;
#1172 =( BOUNDED_CURVE ( )  B_SPLINE_CURVE ( 3, ( #2164, #5908, #1195, #2718 ),
 .UNSPECIFIED., .F., .T. ) 
 B_SPLINE_CURVE_WITH_KNOTS ( ( 4, 4 ),
 ( 0.000000000000000000, 1.570796326794894560 ),
 .UNSPECIFIED. ) 
 CURVE ( )  GEOMETRIC_REPRESENTATION_ITEM ( )  RATIONAL_B_SPLINE_CURVE ( ( 1.000000000000000000, 0.8047378541243654926, 0.8047378541243654926, 1.000000000000000000 ) ) 
 REPRESENTATION_ITEM ( '' )  );
#1173 = DIRECTION ( 'NONE',  ( 0.8191520442892442633, -0.000000000000000000, 0.5735764363506855590 ) ) ;
#1174 = EDGE_CURVE ( 'NONE', #3580, #2120, #2131, .T. ) ;
#1175 = FACE_OUTER_BOUND ( 'NONE', #3533, .T. ) ;
#1176 = DIRECTION ( 'NONE',  ( -0.000000000000000000, 1.000000000000000000, -0.000000000000000000 ) ) ;
#1177 = DIRECTION ( 'NONE',  ( -0.000000000000000000, -1.000000000000000000, -0.000000000000000000 ) ) ;
#1178 = ORIENTED_EDGE ( 'NONE', *, *, #943, .F. ) ;
#1179 = EDGE_CURVE ( 'NONE', #3382, #4520, #1357, .T. ) ;
#1180 = CARTESIAN_POINT ( 'NONE',  ( -15.88739681665822445, 6.002084624032245408, 17.42204385675459477 ) ) ;
#1181 = ORIENTED_EDGE ( 'NONE', *, *, #5289, .T. ) ;
#1182 = ORIENTED_EDGE ( 'NONE', *, *, #6002, .F. ) ;
#1183 = CARTESIAN_POINT ( 'NONE',  ( 12.72296122597525603, 6.264999999999999680, -29.43056634765067159 ) ) ;
#1184 = DIRECTION ( 'NONE',  ( -0.4226182617401404995, -0.000000000000000000, -0.9063077870369106170 ) ) ;
#1185 = DIRECTION ( 'NONE',  ( -0.000000000000000000, -1.000000000000000000, 0.000000000000000000 ) ) ;
#1187 = EDGE_CURVE ( 'NONE', #3995, #683, #2178, .T. ) ;
#1186 = CARTESIAN_POINT ( 'NONE',  ( -31.19276894612026751, 5.764999999999999680, 7.419106642638173099 ) ) ;
#1188 = CARTESIAN_POINT ( 'NONE',  ( 15.61364137884342007, 6.264999999999999680, 17.79863681674464715 ) ) ;
#1189 = AXIS2_PLACEMENT_3D ( 'NONE', #1625, #3493, #4887 ) ;
#1190 = ORIENTED_EDGE ( 'NONE', *, *, #2511, .F. ) ;
#1191 = CARTESIAN_POINT ( 'NONE',  ( 16.77838861730840847, 6.057893218813449998, 1.922747461918893785 ) ) ;
#1192 = CYLINDRICAL_SURFACE ( 'NONE', #6070, 0.7999999999999986011 ) ;
#1193 = EDGE_LOOP ( 'NONE', ( #2487, #3457, #3202, #4096 ) ) ;
#1194 = ORIENTED_EDGE ( 'NONE', *, *, #5914, .T. ) ;
#1195 = CARTESIAN_POINT ( 'NONE',  ( -11.40327766165568590, 6.264999999999997904, 12.32525977142552875 ) ) ;
#1196 = ORIENTED_EDGE ( 'NONE', *, *, #5797, .T. ) ;
#1197 = CYLINDRICAL_SURFACE ( 'NONE', #449, 0.5000000000000003331 ) ;
#1198 = CARTESIAN_POINT ( 'NONE',  ( 24.07354673684064394, 6.265000000000001457, 5.001622272330810581 ) ) ;
#1199 = VECTOR ( 'NONE', #6014, 1000.000000000000000 ) ;
#1200 = B_SPLINE_CURVE_WITH_KNOTS ( 'NONE', 3,
 ( #1697, #3105, #2665, #2612 ),
 .UNSPECIFIED., .F., .F.,
 ( 4, 4 ),
 ( 0.0001025846719152488147, 0.0002802587738153957926 ),
 .UNSPECIFIED. ) ;
#1201 = DIRECTION ( 'NONE',  ( 0.000000000000000000, 0.000000000000000000, 1.000000000000000000 ) ) ;
#1202 = CARTESIAN_POINT ( 'NONE',  ( -15.34070471704938576, 6.235787267805760870, 19.35330388391357204 ) ) ;
#1203 = CARTESIAN_POINT ( 'NONE',  ( 4.460940800293259123, 6.264999999999999680, -15.47651244522894665 ) ) ;
#1204 = EDGE_CURVE ( 'NONE', #3269, #5033, #1268, .T. ) ;
#1205 = CARTESIAN_POINT ( 'NONE',  ( 0.000000000000000000, 3.265000000000000124, 25.00670622553059985 ) ) ;
#1206 = ORIENTED_EDGE ( 'NONE', *, *, #3874, .F. ) ;
#1207 = CARTESIAN_POINT ( 'NONE',  ( -15.89194039108521039, 5.888645333210456023, 17.35243875097084754 ) ) ;
#1208 = EDGE_LOOP ( 'NONE', ( #3817, #5677, #2107, #3150 ) ) ;
#1209 = ORIENTED_EDGE ( 'NONE', *, *, #1950, .F. ) ;
#1210 = CARTESIAN_POINT ( 'NONE',  ( 19.23334952206225523, 6.264999999999999680, 24.50825169393582570 ) ) ;
#1211 = EDGE_CURVE ( 'NONE', #4639, #4780, #3536, .T. ) ;
#1212 = DIRECTION ( 'NONE',  ( 8.881784197001252323E-16, 0.000000000000000000, -1.000000000000000000 ) ) ;
#1213 = PLANE ( 'NONE',  #4070 ) ;
#1214 = VERTEX_POINT ( 'NONE', #4053 ) ;
#1215 = LINE ( 'NONE', #317, #2515 ) ;
#1216 = ADVANCED_FACE ( 'NONE', ( #5954 ), #1294, .F. ) ;
#1217 = LINE ( 'NONE', #3052, #5571 ) ;
#1218 = EDGE_LOOP ( 'NONE', ( #725, #1390, #4744, #3218, #4400, #3658, #2196, #1946, #4111, #1769 ) ) ;
#1219 = VECTOR ( 'NONE', #963, 1000.000000000000114 ) ;
#1220 = ORIENTED_EDGE ( 'NONE', *, *, #4697, .F. ) ;
#1221 = DIRECTION ( 'NONE',  ( -0.9961946980917285588, 0.000000000000000000, 0.08715574274785162223 ) ) ;
#1222 = CARTESIAN_POINT ( 'NONE',  ( 7.796327252067481339, 6.235787267806977674, -23.43298687357860999 ) ) ;
#1223 = ORIENTED_EDGE ( 'NONE', *, *, #914, .T. ) ;
#1224 = CARTESIAN_POINT ( 'NONE',  ( -9.485192156496715654, 6.264999999999999680, 13.01743292839939414 ) ) ;
#1225 = FACE_OUTER_BOUND ( 'NONE', #2384, .T. ) ;
#1226 = EDGE_CURVE ( 'NONE', #5563, #778, #276, .T. ) ;
#1227 = AXIS2_PLACEMENT_3D ( 'NONE', #2884, #5275, #5767 ) ;
#1228 = CARTESIAN_POINT ( 'NONE',  ( -23.40148643022877906, 6.264999999999999680, 3.598291608151003018 ) ) ;
#1229 = AXIS2_PLACEMENT_3D ( 'NONE', #4257, #2415, #984 ) ;
#1230 = CARTESIAN_POINT ( 'NONE',  ( 16.77838861730841558, 6.264999999999999680, 1.922747461918894674 ) ) ;
#1231 = CARTESIAN_POINT ( 'NONE',  ( -14.81459121830057057, 6.238325924936583888, 18.71499098996243760 ) ) ;
#1232 = CIRCLE ( 'NONE', #53, 0.8000000000027498448 ) ;
#1233 = LINE ( 'NONE', #3904, #3629 ) ;
#1234 = ADVANCED_FACE ( 'NONE', ( #1729 ), #257, .F. ) ;
#1235 = AXIS2_PLACEMENT_3D ( 'NONE', #453, #2746, #4566 ) ;
#1236 = DIRECTION ( 'NONE',  ( -0.4226182617402012842, 0.000000000000000000, 0.9063077870368823064 ) ) ;
#1237 = AXIS2_PLACEMENT_3D ( 'NONE', #3078, #4468, #4555 ) ;
#1238 = EDGE_LOOP ( 'NONE', ( #619, #2500, #3677, #1695 ) ) ;
#1239 = VERTEX_POINT ( 'NONE', #4988 ) ;
#1240 = DIRECTION ( 'NONE',  ( -0.000000000000000000, -1.000000000000000000, -0.000000000000000000 ) ) ;
#1241 = CARTESIAN_POINT ( 'NONE',  ( 15.50925443471705734, 6.265000000000000568, 19.39772153117674947 ) ) ;
#1242 = AXIS2_PLACEMENT_3D ( 'NONE', #4756, #94, #3 ) ;
#1243 = CYLINDRICAL_SURFACE ( 'NONE', #5127, 0.4999999999999999445 ) ;
#1244 = EDGE_CURVE ( 'NONE', #5486, #892, #5404, .T. ) ;
#1245 = DIRECTION ( 'NONE',  ( 0.000000000000000000, -0.000000000000000000, -1.000000000000000000 ) ) ;
#1246 = FACE_OUTER_BOUND ( 'NONE', #3608, .T. ) ;
#1247 = CARTESIAN_POINT ( 'NONE',  ( 0.000000000000000000, 5.764999999999999680, -23.52999999999999758 ) ) ;
#1248 = FACE_OUTER_BOUND ( 'NONE', #1015, .T. ) ;
#1249 = AXIS2_PLACEMENT_3D ( 'NONE', #1327, #1728, #3692 ) ;
#1250 = ORIENTED_EDGE ( 'NONE', *, *, #2220, .F. ) ;
#1251 = EDGE_CURVE ( 'NONE', #796, #5349, #5009, .T. ) ;
#1252 = DIRECTION ( 'NONE',  ( 0.000000000000000000, 0.000000000000000000, 1.000000000000000000 ) ) ;
#1253 = CARTESIAN_POINT ( 'NONE',  ( -6.790763482219201563, 6.264999999999999680, -14.16570796068909743 ) ) ;
#1254 = CARTESIAN_POINT ( 'NONE',  ( 23.32786525393763810, 5.764999999999999680, 3.077596902475847607 ) ) ;
#1255 = FACE_OUTER_BOUND ( 'NONE', #5429, .T. ) ;
#1256 = VERTEX_POINT ( 'NONE', #808 ) ;
#1257 = CARTESIAN_POINT ( 'NONE',  ( -31.80608415963236979, 6.264999999999999680, 4.337381953036409499 ) ) ;
#1258 = EDGE_CURVE ( 'NONE', #3119, #815, #770, .T. ) ;
#1259 = CARTESIAN_POINT ( 'NONE',  ( 30.60764791189571099, 6.264999999999997016, 6.222387549897149484 ) ) ;
#1260 = EDGE_CURVE ( 'NONE', #1945, #5307, #780, .T. ) ;
#1261 = DIRECTION ( 'NONE',  ( 0.000000000000000000, 0.000000000000000000, -1.000000000000000000 ) ) ;
#1262 = CARTESIAN_POINT ( 'NONE',  ( 7.749356533278794146, 6.254174111803048497, -23.39444160967111586 ) ) ;
#1263 = DIRECTION ( 'NONE',  ( 0.000000000000000000, 1.000000000000000000, 0.000000000000000000 ) ) ;
#1264 = DIRECTION ( 'NONE',  ( -0.000000000000000000, -1.000000000000000000, -0.000000000000000000 ) ) ;
#1265 = ORIENTED_EDGE ( 'NONE', *, *, #4762, .T. ) ;
#1266 = ORIENTED_EDGE ( 'NONE', *, *, #2142, .T. ) ;
#1267 = CARTESIAN_POINT ( 'NONE',  ( 8.872481215437538538, 5.764999999999999680, 12.96382766703892742 ) ) ;
#1268 = LINE ( 'NONE', #4030, #4793 ) ;
#1269 = CARTESIAN_POINT ( 'NONE',  ( -31.37141457813785195, 6.264999999999999680, 6.802515648107203994 ) ) ;
#1270 = FACE_OUTER_BOUND ( 'NONE', #5965, .T. ) ;
#1271 = CARTESIAN_POINT ( 'NONE',  ( 24.34939323302489100, 6.264999999999999680, 4.890360202015678226 ) ) ;
#1272 = DIRECTION ( 'NONE',  ( -0.3420201433256716550, 0.000000000000000000, 0.9396926207859073177 ) ) ;
#1273 = B_SPLINE_CURVE_WITH_KNOTS ( 'NONE', 3,
 ( #4323, #5749, #1614, #2071 ),
 .UNSPECIFIED., .F., .F.,
 ( 4, 4 ),
 ( 6.841348785442243822E-05, 0.0002466269969127261505 ),
 .UNSPECIFIED. ) ;
#1274 = EDGE_CURVE ( 'NONE', #5219, #1778, #3983, .T. ) ;
#1275 = CARTESIAN_POINT ( 'NONE',  ( -23.90990065744529858, -6.264999999999999680, 4.215960591966866566 ) ) ;
#1276 = ORIENTED_EDGE ( 'NONE', *, *, #3557, .F. ) ;
#1277 = DIRECTION ( 'NONE',  ( 0.6427876096865444699, 0.000000000000000000, -0.7660444431189737946 ) ) ;
#1278 = DIRECTION ( 'NONE',  ( 0.000000000000000000, 0.000000000000000000, 1.000000000000000000 ) ) ;
#1279 = CARTESIAN_POINT ( 'NONE',  ( -24.07377999747206587, 6.264999999999999680, 5.001592718384815228 ) ) ;
#1280 = CARTESIAN_POINT ( 'NONE',  ( -15.29263558886043306, 3.265000000000000124, 19.81189170665737009 ) ) ;
#1281 = EDGE_CURVE ( 'NONE', #2706, #3226, #341, .T. ) ;
#1282 = ORIENTED_EDGE ( 'NONE', *, *, #3697, .T. ) ;
#1283 = DIRECTION ( 'NONE',  ( 0.4226182617401404995, 0.000000000000000000, 0.9063077870369106170 ) ) ;
#1284 = CARTESIAN_POINT ( 'NONE',  ( 9.503174373376271689, 6.226507457126680301, -30.64565040529512530 ) ) ;
#1285 = DIRECTION ( 'NONE',  ( -0.9961946980916878136, 0.000000000000000000, -0.08715574274831970614 ) ) ;
#1286 = FACE_OUTER_BOUND ( 'NONE', #4721, .T. ) ;
#1287 = EDGE_CURVE ( 'NONE', #2934, #1055, #5978, .T. ) ;
#1288 = EDGE_CURVE ( 'NONE', #3299, #5219, #369, .T. ) ;
#1289 = DIRECTION ( 'NONE',  ( 0.000000000000000000, 0.000000000000000000, -1.000000000000000000 ) ) ;
#1290 = CARTESIAN_POINT ( 'NONE',  ( -23.03163097412466698, 6.002084624031430060, 5.047867314853548670 ) ) ;
#1291 = ORIENTED_EDGE ( 'NONE', *, *, #3184, .F. ) ;
#1292 = VERTEX_POINT ( 'NONE', #2580 ) ;
#1293 = CARTESIAN_POINT ( 'NONE',  ( -16.01602368630264550, 6.264999999999999680, 1.705700903103305466 ) ) ;
#1294 = CYLINDRICAL_SURFACE ( 'NONE', #2328, 14.57731163100815763 ) ;
#1295 = ADVANCED_FACE ( 'NONE', ( #716 ), #4496, .T. ) ;
#1296 = FACE_OUTER_BOUND ( 'NONE', #3058, .T. ) ;
#1297 = LINE ( 'NONE', #811, #2795 ) ;
#1298 = DIRECTION ( 'NONE',  ( 0.000000000000000000, 1.000000000000000000, 0.000000000000000000 ) ) ;
#1299 = CARTESIAN_POINT ( 'NONE',  ( 16.36802661928564717, 6.264999999999999680, 18.34682822668795410 ) ) ;
#1300 = CARTESIAN_POINT ( 'NONE',  ( 1.020000000004275487, 0.000000000000000000, 25.00670622553059985 ) ) ;
#1301 = ORIENTED_EDGE ( 'NONE', *, *, #848, .T. ) ;
#1302 = VERTEX_POINT ( 'NONE', #2792 ) ;
#1303 = CARTESIAN_POINT ( 'NONE',  ( -24.43080516915159706, 6.235787267806490064, 3.608788054965337277 ) ) ;
#1304 = CARTESIAN_POINT ( 'NONE',  ( 9.691120861856093782, 5.764999999999999680, -29.60841622532396400 ) ) ;
#1305 = EDGE_CURVE ( 'NONE', #27, #1377, #4186, .T. ) ;
#1306 = LINE ( 'NONE', #1253, #544 ) ;
#1307 = ORIENTED_EDGE ( 'NONE', *, *, #1801, .T. ) ;
#1308 = DIRECTION ( 'NONE',  ( 0.000000000000000000, 0.000000000000000000, -1.000000000000000000 ) ) ;
#1309 = FACE_OUTER_BOUND ( 'NONE', #1010, .T. ) ;
#1310 = AXIS2_PLACEMENT_3D ( 'NONE', #697, #1589, #2991 ) ;
#1311 = ORIENTED_EDGE ( 'NONE', *, *, #367, .F. ) ;
#1312 = ORIENTED_EDGE ( 'NONE', *, *, #242, .F. ) ;
#1313 = CARTESIAN_POINT ( 'NONE',  ( -11.60809380826081316, 0.000000000000000000, -28.91069513293903270 ) ) ;
#1314 = EDGE_CURVE ( 'NONE', #4310, #1914, #1786, .T. ) ;
#1315 = CARTESIAN_POINT ( 'NONE',  ( 15.34070471705005545, 6.235787267806473189, 19.35330388391050249 ) ) ;
#1316 = VECTOR ( 'NONE', #5499, 1000.000000000000114 ) ;
#1317 = ORIENTED_EDGE ( 'NONE', *, *, #4055, .F. ) ;
#1318 = CARTESIAN_POINT ( 'NONE',  ( 5.979726014091932385, 6.264999999999999680, -16.42916219819833756 ) ) ;
#1319 = AXIS2_PLACEMENT_3D ( 'NONE', #215, #2999, #2082 ) ;
#1320 = CARTESIAN_POINT ( 'NONE',  ( 23.37839960360604508, 6.238325924937850431, 4.813879173184148819 ) ) ;
#1321 = EDGE_CURVE ( 'NONE', #4952, #5211, #1852, .T. ) ;
#1322 = FACE_OUTER_BOUND ( 'NONE', #4736, .T. ) ;
#1323 = ORIENTED_EDGE ( 'NONE', *, *, #4294, .T. ) ;
#1324 = VERTEX_POINT ( 'NONE', #5178 ) ;
#1325 = AXIS2_PLACEMENT_3D ( 'NONE', #3312, #3768, #4749 ) ;
#1326 = VECTOR ( 'NONE', #2050, 1000.000000000000000 ) ;
#1327 = CARTESIAN_POINT ( 'NONE',  ( 0.000000000000000000, 6.264999999999999680, 0.000000000000000000 ) ) ;
#1328 = CYLINDRICAL_SURFACE ( 'NONE', #928, 0.5000000000000007772 ) ;
#1329 = CARTESIAN_POINT ( 'NONE',  ( -15.28362398822334889, 6.254096945994620071, 19.33323270544488537 ) ) ;
#1330 = AXIS2_PLACEMENT_3D ( 'NONE', #3674, #2719, #4071 ) ;
#1331 = CIRCLE ( 'NONE', #2111, 0.8000000000000020428 ) ;
#1332 = EDGE_CURVE ( 'NONE', #2731, #1546, #3325, .T. ) ;
#1333 = VERTEX_POINT ( 'NONE', #3782 ) ;
#1334 = ORIENTED_EDGE ( 'NONE', *, *, #1922, .T. ) ;
#1335 = CARTESIAN_POINT ( 'NONE',  ( -14.71223194868115236, 5.764999999999999680, 18.34233166988876462 ) ) ;
#1336 = DIRECTION ( 'NONE',  ( -0.000000000000000000, -1.000000000000000000, -0.000000000000000000 ) ) ;
#1337 = DIRECTION ( 'NONE',  ( -0.08715574274785162223, 0.000000000000000000, -0.9961946980917286698 ) ) ;
#1338 = CIRCLE ( 'NONE', #1144, 0.8000000000027498448 ) ;
#1339 = LINE ( 'NONE', #1888, #4378 ) ;
#1340 = VERTEX_POINT ( 'NONE', #5084 ) ;
#1341 = ORIENTED_EDGE ( 'NONE', *, *, #1962, .F. ) ;
#1342 = CARTESIAN_POINT ( 'NONE',  ( -8.845072020905844212, 6.255137125608577264, -22.22270073927720446 ) ) ;
#1343 = DIRECTION ( 'NONE',  ( -0.000000000000000000, -1.000000000000000000, -0.000000000000000000 ) ) ;
#1344 = CARTESIAN_POINT ( 'NONE',  ( 16.50770360160626993, 6.200926026333100083, 18.47649049042925640 ) ) ;
#1345 = DIRECTION ( 'NONE',  ( 0.000000000000000000, 1.000000000000000000, 0.000000000000000000 ) ) ;
#1346 = VECTOR ( 'NONE', #5338, 1000.000000000000000 ) ;
#1347 = EDGE_CURVE ( 'NONE', #4469, #521, #3229, .T. ) ;
#1348 = ORIENTED_EDGE ( 'NONE', *, *, #200, .F. ) ;
#1349 = ORIENTED_EDGE ( 'NONE', *, *, #4184, .T. ) ;
#1350 = LINE ( 'NONE', #2631, #4568 ) ;
#1351 = AXIS2_PLACEMENT_3D ( 'NONE', #1098, #3945, #117 ) ;
#1352 = DIRECTION ( 'NONE',  ( 0.000000000000000000, 0.000000000000000000, 1.000000000000000000 ) ) ;
#1353 = VERTEX_POINT ( 'NONE', #2826 ) ;
#1354 = CARTESIAN_POINT ( 'NONE',  ( 15.41649094842345136, 6.264999999999999680, 4.637323175571753886 ) ) ;
#1355 = B_SPLINE_CURVE_WITH_KNOTS ( 'NONE', 3,
 ( #1016, #2137, #3025, #4912, #3489, #3842, #2165, #730 ),
 .UNSPECIFIED., .F., .F.,
 ( 4, 2, 2, 4 ),
 ( 0.000000000000000000, 0.0004478229640554740780, 0.0006717344460832120386, 0.0008956459281109501076 ),
 .UNSPECIFIED. ) ;
#1356 = ADVANCED_FACE ( 'NONE', ( #3257 ), #1328, .T. ) ;
#1357 = CIRCLE ( 'NONE', #667, 14.57731163100804928 ) ;
#1358 = CARTESIAN_POINT ( 'NONE',  ( 23.18519018149835631, 6.159543664875473112, 4.944680079272047557 ) ) ;
#1359 = CARTESIAN_POINT ( 'NONE',  ( -30.84144333032264029, 6.057893218813453551, 4.402443439002778014 ) ) ;
#1360 = ORIENTED_EDGE ( 'NONE', *, *, #1660, .T. ) ;
#1361 = ORIENTED_EDGE ( 'NONE', *, *, #1895, .F. ) ;
#1362 = CARTESIAN_POINT ( 'NONE',  ( -12.72296122597415469, 5.764999999999999680, -29.43056634764681334 ) ) ;
#1363 = CARTESIAN_POINT ( 'NONE',  ( 24.59890898944193438, 6.264999999999999680, 3.809429512648586424 ) ) ;
#1364 = EDGE_CURVE ( 'NONE', #2543, #4283, #4421, .T. ) ;
#1365 =( BOUNDED_CURVE ( )  B_SPLINE_CURVE ( 3, ( #3040, #2754, #2267, #2690 ),
 .UNSPECIFIED., .F., .T. ) 
 B_SPLINE_CURVE_WITH_KNOTS ( ( 4, 4 ),
 ( 0.000000000000000000, 1.570796326794895448 ),
 .UNSPECIFIED. ) 
 CURVE ( )  GEOMETRIC_REPRESENTATION_ITEM ( )  RATIONAL_B_SPLINE_CURVE ( ( 1.000000000000000000, 0.8047378541243652705, 0.8047378541243652705, 1.000000000000000000 ) ) 
 REPRESENTATION_ITEM ( '' )  );
#1366 = EDGE_LOOP ( 'NONE', ( #1468, #3104, #460, #2808 ) ) ;
#1367 = DIRECTION ( 'NONE',  ( 0.9848077530122083534, -0.000000000000000000, -0.1736481776669289434 ) ) ;
#1368 = ORIENTED_EDGE ( 'NONE', *, *, #3380, .F. ) ;
#1369 = CARTESIAN_POINT ( 'NONE',  ( 0.000000000000000000, 6.264999999999999680, 0.000000000000000000 ) ) ;
#1370 = DIRECTION ( 'NONE',  ( -0.000000000000000000, -1.000000000000000000, -0.000000000000000000 ) ) ;
#1371 = DIRECTION ( 'NONE',  ( -0.000000000000000000, -1.000000000000000000, -0.000000000000000000 ) ) ;
#1372 = EDGE_CURVE ( 'NONE', #1599, #5693, #4148, .T. ) ;
#1373 = EDGE_CURVE ( 'NONE', #4896, #5211, #5839, .T. ) ;
#1374 = CARTESIAN_POINT ( 'NONE',  ( -24.27583800419699855, 6.264999999999999680, 3.504560663476138149 ) ) ;
#1375 = DIRECTION ( 'NONE',  ( 0.3420201433256677137, -0.000000000000000000, 0.9396926207859087610 ) ) ;
#1376 = DIRECTION ( 'NONE',  ( -0.000000000000000000, -1.000000000000000000, 0.000000000000000000 ) ) ;
#1377 = VERTEX_POINT ( 'NONE', #6013 ) ;
#1378 = LINE ( 'NONE', #4659, #748 ) ;
#1379 = DIRECTION ( 'NONE',  ( 0.000000000000000000, 0.000000000000000000, 1.000000000000000000 ) ) ;
#1380 = ORIENTED_EDGE ( 'NONE', *, *, #10, .T. ) ;
#1381 = VERTEX_POINT ( 'NONE', #6044 ) ;
#1382 = LINE ( 'NONE', #4074, #1436 ) ;
#1383 = CARTESIAN_POINT ( 'NONE',  ( 9.015366485647440697, 6.113831634978351026, 13.34112656389207530 ) ) ;
#1384 = EDGE_LOOP ( 'NONE', ( #3273, #1855, #3039, #2331 ) ) ;
#1385 = DIRECTION ( 'NONE',  ( -1.000000000000000000, 0.000000000000000000, 0.000000000000000000 ) ) ;
#1386 = DIRECTION ( 'NONE',  ( 0.000000000000000000, 0.000000000000000000, -1.000000000000000000 ) ) ;
#1387 = DIRECTION ( 'NONE',  ( 0.000000000000000000, 1.000000000000000000, 0.000000000000000000 ) ) ;
#1388 = ORIENTED_EDGE ( 'NONE', *, *, #2180, .T. ) ;
#1389 = ADVANCED_FACE ( 'NONE', ( #4237 ), #3660, .T. ) ;
#1390 = ORIENTED_EDGE ( 'NONE', *, *, #4393, .T. ) ;
#1391 = CARTESIAN_POINT ( 'NONE',  ( -6.500088757882004131, 6.264999999999997904, -15.48210631669995507 ) ) ;
#1392 = DIRECTION ( 'NONE',  ( 0.000000000000000000, 0.000000000000000000, -1.000000000000000000 ) ) ;
#1393 = VECTOR ( 'NONE', #436, 1000.000000000000114 ) ;
#1394 = CARTESIAN_POINT ( 'NONE',  ( 8.303821354727178417, 6.264999999999999680, -23.61456166729559314 ) ) ;
#1395 = ORIENTED_EDGE ( 'NONE', *, *, #4858, .T. ) ;
#1396 = ADVANCED_FACE ( 'NONE', ( #4212 ), #1822, .F. ) ;
#1397 = ORIENTED_EDGE ( 'NONE', *, *, #4702, .F. ) ;
#1398 = DIRECTION ( 'NONE',  ( -0.3420201433256687684, -0.000000000000000000, 0.9396926207859083169 ) ) ;
#1399 = CARTESIAN_POINT ( 'NONE',  ( -24.43080516915159706, 6.235787267806490064, 3.608788054965337277 ) ) ;
#1400 = DIRECTION ( 'NONE',  ( 0.000000000000000000, 1.000000000000000000, 0.000000000000000000 ) ) ;
#1401 = DIRECTION ( 'NONE',  ( -0.000000000000000000, -1.000000000000000000, -0.000000000000000000 ) ) ;
#1402 = B_SPLINE_CURVE_WITH_KNOTS ( 'NONE', 3,
 ( #4841, #573, #630, #1160 ),
 .UNSPECIFIED., .F., .F.,
 ( 4, 4 ),
 ( 0.0008311576356462337936, 0.001020059700434534835 ),
 .UNSPECIFIED. ) ;
#1403 = DIRECTION ( 'NONE',  ( 0.000000000000000000, 1.000000000000000000, 0.000000000000000000 ) ) ;
#1404 = VERTEX_POINT ( 'NONE', #4731 ) ;
#1405 = B_SPLINE_CURVE_WITH_KNOTS ( 'NONE', 3,
 ( #2074, #1043, #1562, #4824 ),
 .UNSPECIFIED., .F., .F.,
 ( 4, 4 ),
 ( 0.0001029637479699996815, 0.0002809568526070327843 ),
 .UNSPECIFIED. ) ;
#1406 = EDGE_CURVE ( 'NONE', #5193, #2543, #4745, .T. ) ;
#1407 = CARTESIAN_POINT ( 'NONE',  ( -11.17258253940795854, 6.264999999999999680, 11.60154428044696218 ) ) ;
#1408 = ORIENTED_EDGE ( 'NONE', *, *, #3594, .F. ) ;
#1409 = CARTESIAN_POINT ( 'NONE',  ( 22.02151929896932359, 5.764999999999999680, 23.30417700039738449 ) ) ;
#1410 = CARTESIAN_POINT ( 'NONE',  ( -7.939520447909543144, 6.264999999999999680, -23.53237320754159967 ) ) ;
#1411 = EDGE_LOOP ( 'NONE', ( #3683, #744, #1849, #1069 ) ) ;
#1412 = ORIENTED_EDGE ( 'NONE', *, *, #1995, .T. ) ;
#1413 = DIRECTION ( 'NONE',  ( 0.6427876096865312583, 0.000000000000000000, 0.7660444431189847858 ) ) ;
#1414 = ORIENTED_EDGE ( 'NONE', *, *, #572, .T. ) ;
#1415 = CARTESIAN_POINT ( 'NONE',  ( -23.61495323805560531, 6.238325924936967581, 3.472316846750349129 ) ) ;
#1416 = CIRCLE ( 'NONE', #2776, 14.64608244481090615 ) ;
#1417 = AXIS2_PLACEMENT_3D ( 'NONE', #2103, #4477, #269 ) ;
#1418 = CARTESIAN_POINT ( 'NONE',  ( -16.01602368630264550, 6.264999999999999680, 1.705700903103305466 ) ) ;
#1419 = ORIENTED_EDGE ( 'NONE', *, *, #4940, .F. ) ;
#1420 = CARTESIAN_POINT ( 'NONE',  ( -16.42414633486748698, 5.764999999999999680, 3.931755278065442560 ) ) ;
#1421 = CARTESIAN_POINT ( 'NONE',  ( -0.5244024014048652704, 0.000000000000000000, -1.440783756571787144 ) ) ;
#1422 = EDGE_CURVE ( 'NONE', #1214, #2698, #2091, .T. ) ;
#1423 = DIRECTION ( 'NONE',  ( 0.000000000000000000, 1.000000000000000000, 0.000000000000000000 ) ) ;
#1424 = AXIS2_PLACEMENT_3D ( 'NONE', #909, #1028, #6086 ) ;
#1425 = VECTOR ( 'NONE', #1135, 1000.000000000000227 ) ;
#1426 = VERTEX_POINT ( 'NONE', #4615 ) ;
#1427 = ORIENTED_EDGE ( 'NONE', *, *, #1553, .F. ) ;
#1428 = CARTESIAN_POINT ( 'NONE',  ( 0.000000000000000000, 6.264999999999999680, 0.000000000000000000 ) ) ;
#1429 = SURFACE_SIDE_STYLE ('',( #4280 ) ) ;
#1430 = CARTESIAN_POINT ( 'NONE',  ( -8.303821354726347082, 6.264999999999999680, -22.81456166729589441 ) ) ;
#1431 = EDGE_CURVE ( 'NONE', #4293, #4796, #2076, .T. ) ;
#1432 = DIRECTION ( 'NONE',  ( 0.000000000000000000, 1.000000000000000000, 0.000000000000000000 ) ) ;
#1433 = EDGE_LOOP ( 'NONE', ( #664, #1439, #4456, #4678 ) ) ;
#1434 = ADVANCED_BREP_SHAPE_REPRESENTATION ( 'Back, Top Mesh Piece (With Holes)', ( #4414, #795 ), #4023 ) ;
#1435 = LINE ( 'NONE', #5344, #5184 ) ;
#1436 = VECTOR ( 'NONE', #6031, 1000.000000000000000 ) ;
#1437 = CARTESIAN_POINT ( 'NONE',  ( 23.32786525393764165, 5.888645333210145161, 3.077596902475848051 ) ) ;
#1438 = AXIS2_PLACEMENT_3D ( 'NONE', #1369, #4647, #440 ) ;
#1439 = ORIENTED_EDGE ( 'NONE', *, *, #1501, .T. ) ;
#1440 = FACE_OUTER_BOUND ( 'NONE', #100, .T. ) ;
#1441 = CARTESIAN_POINT ( 'NONE',  ( -7.081682580411170491, 0.000000000000000000, -22.43904346959336848 ) ) ;
#1442 = EDGE_CURVE ( 'NONE', #796, #2731, #4205, .T. ) ;
#1443 = AXIS2_PLACEMENT_3D ( 'NONE', #5651, #1432, #5154 ) ;
#1445 = EDGE_LOOP ( 'NONE', ( #1312, #4028, #1815, #5100 ) ) ;
#1444 = VECTOR ( 'NONE', #2548, 1000.000000000000000 ) ;
#1446 = ORIENTED_EDGE ( 'NONE', *, *, #4531, .F. ) ;
#1447 = DIRECTION ( 'NONE',  ( -0.6427876096865444699, 0.000000000000000000, 0.7660444431189736836 ) ) ;
#1448 = VERTEX_POINT ( 'NONE', #2422 ) ;
#1449 = EDGE_CURVE ( 'NONE', #90, #812, #1017, .T. ) ;
#1450 = AXIS2_PLACEMENT_3D ( 'NONE', #2738, #4281, #533 ) ;
#1451 = CARTESIAN_POINT ( 'NONE',  ( -15.77943149092115860, 6.253133748784889256, 17.81321767154793534 ) ) ;
#1452 = ORIENTED_EDGE ( 'NONE', *, *, #3903, .F. ) ;
#1453 = DIRECTION ( 'NONE',  ( 0.3420201433256698231, -0.000000000000000000, 0.9396926207859079838 ) ) ;
#1454 = VECTOR ( 'NONE', #5801, 1000.000000000000000 ) ;
#1455 = EDGE_LOOP ( 'NONE', ( #1564, #6041 ) ) ;
#1456 = ORIENTED_EDGE ( 'NONE', *, *, #1244, .F. ) ;
#1457 = CARTESIAN_POINT ( 'NONE',  ( 7.594310774156528332, 0.000000000000000000, -23.84747785648474050 ) ) ;
#1458 = CARTESIAN_POINT ( 'NONE',  ( 21.57685864997011649, 6.264999999999999680, 23.76718415326528344 ) ) ;
#1459 = DIRECTION ( 'NONE',  ( 0.08715574274696420709, 0.000000000000000000, 0.9961946980918062744 ) ) ;
#1460 = DIRECTION ( 'NONE',  ( 0.000000000000000000, 0.000000000000000000, 1.000000000000000000 ) ) ;
#1461 = EDGE_CURVE ( 'NONE', #2908, #90, #5451, .T. ) ;
#1462 = CARTESIAN_POINT ( 'NONE',  ( 0.000000000000000000, 6.264999999999999680, 0.000000000000000000 ) ) ;
#1463 = DIRECTION ( 'NONE',  ( -0.000000000000000000, -1.000000000000000000, -0.000000000000000000 ) ) ;
#1464 = ORIENTED_EDGE ( 'NONE', *, *, #174, .F. ) ;
#1465 = CARTESIAN_POINT ( 'NONE',  ( -19.20994008068554493, 6.043643711280866526, 25.67978321647355955 ) ) ;
#1466 = LINE ( 'NONE', #1037, #1618 ) ;
#1467 = EDGE_CURVE ( 'NONE', #2798, #5798, #4574, .T. ) ;
#1468 = ORIENTED_EDGE ( 'NONE', *, *, #4742, .F. ) ;
#1469 = ORIENTED_EDGE ( 'NONE', *, *, #174, .T. ) ;
#1470 = CARTESIAN_POINT ( 'NONE',  ( 0.4886401628081514237, 6.264999999999999680, 0.1778504745291598355 ) ) ;
#1471 = ORIENTED_EDGE ( 'NONE', *, *, #2067, .F. ) ;
#1472 = PLANE ( 'NONE',  #4967 ) ;
#1473 = EDGE_CURVE ( 'NONE', #5826, #2627, #1416, .T. ) ;
#1474 =( NAMED_UNIT ( * ) PLANE_ANGLE_UNIT ( ) SI_UNIT ( $, .RADIAN. ) );
#1475 = CARTESIAN_POINT ( 'NONE',  ( 7.046071276610526901, 6.113831634978246221, -14.47809968294330041 ) ) ;
#1476 = CIRCLE ( 'NONE', #2742, 23.52999999999999758 ) ;
#1477 = ORIENTED_EDGE ( 'NONE', *, *, #2032, .T. ) ;
#1478 = EDGE_CURVE ( 'NONE', #3381, #418, #5823, .T. ) ;
#1479 = CARTESIAN_POINT ( 'NONE',  ( 8.828903344064009673, 5.764999999999999680, 13.46192501608482672 ) ) ;
#1480 = EDGE_CURVE ( 'NONE', #656, #418, #3017, .T. ) ;
#1481 = CARTESIAN_POINT ( 'NONE',  ( -16.07282071980270644, 3.265000000000000124, 0.9150920754742549734 ) ) ;
#1482 = DIRECTION ( 'NONE',  ( -0.000000000000000000, -1.000000000000000000, -0.000000000000000000 ) ) ;
#1483 = ORIENTED_EDGE ( 'NONE', *, *, #6096, .F. ) ;
#1484 = CYLINDRICAL_SURFACE ( 'NONE', #1609, 0.5000000000000009992 ) ;
#1485 = ORIENTED_EDGE ( 'NONE', *, *, #5212, .F. ) ;
#1486 = ORIENTED_EDGE ( 'NONE', *, *, #4958, .F. ) ;
#1487 = EDGE_CURVE ( 'NONE', #815, #3119, #4248, .T. ) ;
#1488 = CARTESIAN_POINT ( 'NONE',  ( 12.50178425574276631, 5.764999999999999680, 17.85439826558163645 ) ) ;
#1489 = DIRECTION ( 'NONE',  ( -0.08715574274696420709, 0.000000000000000000, -0.9961946980918062744 ) ) ;
#1490 =( LENGTH_UNIT ( ) NAMED_UNIT ( * ) SI_UNIT ( .MILLI., .METRE. ) );
#1491 = LINE ( 'NONE', #5772, #3999 ) ;
#1492 = DIRECTION ( 'NONE',  ( -0.000000000000000000, -1.000000000000000000, 0.000000000000000000 ) ) ;
#1493 = ORIENTED_EDGE ( 'NONE', *, *, #1030, .F. ) ;
#1494 = CARTESIAN_POINT ( 'NONE',  ( -31.84909871781260904, 5.764999999999999680, 3.696875540765334645 ) ) ;
#1495 = VERTEX_POINT ( 'NONE', #160 ) ;
#1496 = FACE_OUTER_BOUND ( 'NONE', #2133, .T. ) ;
#1497 = CARTESIAN_POINT ( 'NONE',  ( -7.863690963167822900, 6.251667247834781449, -23.48826710111402249 ) ) ;
#1498 = ORIENTED_EDGE ( 'NONE', *, *, #560, .F. ) ;
#1499 = B_SPLINE_CURVE_WITH_KNOTS ( 'NONE', 3,
 ( #3896, #1198, #2109, #4391 ),
 .UNSPECIFIED., .F., .F.,
 ( 4, 4 ),
 ( 0.0008311576356460881852, 0.001020059700434531799 ),
 .UNSPECIFIED. ) ;
#1500 = ORIENTED_EDGE ( 'NONE', *, *, #4510, .T. ) ;
#1501 = EDGE_CURVE ( 'NONE', #2288, #1045, #558, .T. ) ;
#1502 = LINE ( 'NONE', #5294, #326 ) ;
#1503 = CARTESIAN_POINT ( 'NONE',  ( -20.86842270412909173, 4.241147254709497716, -10.87059491664510347 ) ) ;
#1504 = ORIENTED_EDGE ( 'NONE', *, *, #4819, .T. ) ;
#1505 = CARTESIAN_POINT ( 'NONE',  ( -22.02151929897088678, 5.764999999999999680, 23.30417700039917506 ) ) ;
#1506 = EDGE_CURVE ( 'NONE', #5973, #2563, #2183, .T. ) ;
#1507 = DIRECTION ( 'NONE',  ( -0.000000000000000000, -1.000000000000000000, -0.000000000000000000 ) ) ;
#1508 = CARTESIAN_POINT ( 'NONE',  ( -6.530831529805279700, 6.264999999999999680, -14.72313383150301291 ) ) ;
#1509 = CARTESIAN_POINT ( 'NONE',  ( 15.32925843554747303, 6.200926026333871022, 19.46532339463022154 ) ) ;
#1510 = CIRCLE ( 'NONE', #4048, 25.02749999999999631 ) ;
#1511 = VERTEX_POINT ( 'NONE', #3902 ) ;
#1512 = ADVANCED_FACE ( 'NONE', ( #4766 ), #3437, .T. ) ;
#1513 = CARTESIAN_POINT ( 'NONE',  ( -9.090100452100568162, 6.235787267806853329, -22.96209193887560573 ) ) ;
#1514 = ORIENTED_EDGE ( 'NONE', *, *, #1763, .T. ) ;
#1515 = ORIENTED_EDGE ( 'NONE', *, *, #2187, .T. ) ;
#1516 = CARTESIAN_POINT ( 'NONE',  ( 0.3983431104224928743, 6.264999999999999680, 0.3342495570375241809 ) ) ;
#1517 = CARTESIAN_POINT ( 'NONE',  ( 24.31376172121195367, 6.148090468737244407, 5.144795942887339102 ) ) ;
#1518 = CARTESIAN_POINT ( 'NONE',  ( 0.000000000000000000, 5.764999999999999680, 0.000000000000000000 ) ) ;
#1520 = EDGE_CURVE ( 'NONE', #115, #1740, #822, .T. ) ;
#1519 = DIRECTION ( 'NONE',  ( -0.000000000000000000, -1.000000000000000000, -0.000000000000000000 ) ) ;
#1521 = EDGE_CURVE ( 'NONE', #4306, #1587, #3167, .T. ) ;
#1522 = VECTOR ( 'NONE', #1413, 1000.000000000000000 ) ;
#1523 = CARTESIAN_POINT ( 'NONE',  ( -24.19172554510130979, 6.235787267806546019, 4.964675980283465684 ) ) ;
#1524 = ORIENTED_EDGE ( 'NONE', *, *, #4437, .T. ) ;
#1525 = DIRECTION ( 'NONE',  ( -0.1736481776669272503, 0.000000000000000000, -0.9848077530122086864 ) ) ;
#1526 = CARTESIAN_POINT ( 'NONE',  ( 16.77838861730841558, 6.264999999999999680, 1.922747461918894674 ) ) ;
#1527 = VECTOR ( 'NONE', #202, 1000.000000000000000 ) ;
#1528 = CARTESIAN_POINT ( 'NONE',  ( -7.109660202335768453, 6.063945815778184922, -14.44599526331068162 ) ) ;
#1529 = ORIENTED_EDGE ( 'NONE', *, *, #1244, .T. ) ;
#1530 = ORIENTED_EDGE ( 'NONE', *, *, #3628, .F. ) ;
#1531 = VECTOR ( 'NONE', #5417, 1000.000000000000000 ) ;
#1532 = AXIS2_PLACEMENT_3D ( 'NONE', #1669, #6005, #4174 ) ;
#1533 = CARTESIAN_POINT ( 'NONE',  ( -16.40959051885489473, 6.251667247834769903, 18.55428969217090440 ) ) ;
#1534 = DIRECTION ( 'NONE',  ( 0.000000000000000000, -1.000000000000000000, 0.000000000000000000 ) ) ;
#1535 = VERTEX_POINT ( 'NONE', #1054 ) ;
#1536 = CARTESIAN_POINT ( 'NONE',  ( 24.01045617635382712, 6.264999999999999680, 5.009615798980178170 ) ) ;
#1537 = EDGE_CURVE ( 'NONE', #1945, #3417, #1510, .T. ) ;
#1538 = AXIS2_PLACEMENT_3D ( 'NONE', #2379, #3809, #59 ) ;
#1539 = CARTESIAN_POINT ( 'NONE',  ( 10.15785299541284736, 6.264999999999999680, 13.37029514952898168 ) ) ;
#1540 = DIRECTION ( 'NONE',  ( 1.000000000000000000, 0.000000000000000000, 0.000000000000000000 ) ) ;
#1541 = AXIS2_PLACEMENT_3D ( 'NONE', #3512, #145, #2016 ) ;
#1542 = CYLINDRICAL_SURFACE ( 'NONE', #5460, 23.53000000000000114 ) ;
#1543 = CARTESIAN_POINT ( 'NONE',  ( 15.33490054855321638, 6.221055507769622572, 19.41045807298323567 ) ) ;
#1544 = ADVANCED_FACE ( 'NONE', ( #2514 ), #4335, .F. ) ;
#1545 = CIRCLE ( 'NONE', #856, 24.03000000000000114 ) ;
#1546 = VERTEX_POINT ( 'NONE', #189 ) ;
#1547 = CARTESIAN_POINT ( 'NONE',  ( -9.142499516018876449, 6.221055507770092419, -22.98564247604584665 ) ) ;
#1548 = ORIENTED_EDGE ( 'NONE', *, *, #1108, .F. ) ;
#1549 = ORIENTED_EDGE ( 'NONE', *, *, #4208, .F. ) ;
#1550 = LINE ( 'NONE', #2063, #2986 ) ;
#1551 = CARTESIAN_POINT ( 'NONE',  ( 19.23334952206225523, 6.057893218813454439, 24.50825169393583636 ) ) ;
#1552 = FACE_OUTER_BOUND ( 'NONE', #4747, .T. ) ;
#1553 = EDGE_CURVE ( 'NONE', #4476, #4027, #2056, .T. ) ;
#1554 = LINE ( 'NONE', #1158, #4221 ) ;
#1555 = CARTESIAN_POINT ( 'NONE',  ( 19.41145675952308736, 6.226413309392067497, 25.54723629813832630 ) ) ;
#1556 = VERTEX_POINT ( 'NONE', #3526 ) ;
#1557 = LINE ( 'NONE', #2013, #3209 ) ;
#1558 = EDGE_CURVE ( 'NONE', #5736, #4695, #2143, .T. ) ;
#1559 = CARTESIAN_POINT ( 'NONE',  ( 9.453762221560126022, 5.996288099984971254, -23.12437585094339809 ) ) ;
#1560 = EDGE_LOOP ( 'NONE', ( #1987, #3249, #3469, #593 ) ) ;
#1561 = VERTEX_POINT ( 'NONE', #4021 ) ;
#1562 = CARTESIAN_POINT ( 'NONE',  ( 14.83785266611148046, 6.265000000000179092, 18.82960063085428004 ) ) ;
#1563 = DIRECTION ( 'NONE',  ( -0.3420201433256672696, 0.000000000000000000, 0.9396926207859088720 ) ) ;
#1564 = ORIENTED_EDGE ( 'NONE', *, *, #1258, .T. ) ;
#1565 = CARTESIAN_POINT ( 'NONE',  ( 11.60809380826084514, 6.264999999999999680, -28.91069513294267423 ) ) ;
#1566 = CARTESIAN_POINT ( 'NONE',  ( -24.59890898943574911, 6.264999999999999680, 3.809429512648168537 ) ) ;
#1567 = LINE ( 'NONE', #1082, #3967 ) ;
#1568 = DIRECTION ( 'NONE',  ( 0.000000000000000000, 0.000000000000000000, 1.000000000000000000 ) ) ;
#1569 = CARTESIAN_POINT ( 'NONE',  ( -31.84812112076912527, 5.915251510363384035, 3.719278802826714081 ) ) ;
#1570 = VERTEX_POINT ( 'NONE', #774 ) ;
#1571 = VERTEX_POINT ( 'NONE', #5423 ) ;
#1572 = AXIS2_PLACEMENT_3D ( 'NONE', #2494, #4377, #173 ) ;
#1573 = EDGE_CURVE ( 'NONE', #4952, #3382, #3521, .T. ) ;
#1574 = CARTESIAN_POINT ( 'NONE',  ( -15.29263558886042063, 0.000000000000000000, 19.81189170665737365 ) ) ;
#1575 = ORIENTED_EDGE ( 'NONE', *, *, #4100, .T. ) ;
#1576 = ORIENTED_EDGE ( 'NONE', *, *, #4294, .F. ) ;
#1577 = DIRECTION ( 'NONE',  ( 0.9848077530122083534, 0.000000000000000000, -0.1736481776669292765 ) ) ;
#1578 = LINE ( 'NONE', #1119, #661 ) ;
#1579 = CARTESIAN_POINT ( 'NONE',  ( 30.84144333032081420, 6.264999999999999680, 4.402443439001797465 ) ) ;
#1580 = CARTESIAN_POINT ( 'NONE',  ( 15.41649094842345136, 6.264999999999999680, 4.637323175571752110 ) ) ;
#1581 = ADVANCED_FACE ( 'NONE', ( #3991 ), #5395, .T. ) ;
#1582 = CARTESIAN_POINT ( 'NONE',  ( -16.77838861730829123, 0.000000000000000000, 1.922747461919029899 ) ) ;
#1583 = ORIENTED_EDGE ( 'NONE', *, *, #5629, .F. ) ;
#1584 = LINE ( 'NONE', #4034, #3703 ) ;
#1585 = CARTESIAN_POINT ( 'NONE',  ( -7.607250946614584564, 6.264999999999999680, -22.42112848803540714 ) ) ;
#1586 = VERTEX_POINT ( 'NONE', #1231 ) ;
#1587 = VERTEX_POINT ( 'NONE', #3098 ) ;
#1588 = ADVANCED_FACE ( 'NONE', ( #5889 ), #3031, .T. ) ;
#1589 = DIRECTION ( 'NONE',  ( 0.5735764363506903329, 0.000000000000000000, -0.8191520442892409326 ) ) ;
#1590 = CARTESIAN_POINT ( 'NONE',  ( 15.60607930272298027, 6.264999999999999680, 18.59860107532696105 ) ) ;
#1591 = ORIENTED_EDGE ( 'NONE', *, *, #1332, .F. ) ;
#1592 = CARTESIAN_POINT ( 'NONE',  ( 6.724046161570117697, 5.764999999999999680, -15.49188450811890938 ) ) ;
#1593 =( BOUNDED_CURVE ( )  B_SPLINE_CURVE ( 3, ( #5934, #4038, #5415, #5028 ),
 .UNSPECIFIED., .F., .T. ) 
 B_SPLINE_CURVE_WITH_KNOTS ( ( 4, 4 ),
 ( 0.000000000000000000, 1.570796326794897890 ),
 .UNSPECIFIED. ) 
 CURVE ( )  GEOMETRIC_REPRESENTATION_ITEM ( )  RATIONAL_B_SPLINE_CURVE ( ( 1.000000000000000000, 0.8047378541243646044, 0.8047378541243646044, 1.000000000000000000 ) ) 
 REPRESENTATION_ITEM ( '' )  );
#1594 = CARTESIAN_POINT ( 'NONE',  ( -23.46685048072662383, 6.264999999999999680, 3.544489306121363814 ) ) ;
#1595 = EDGE_CURVE ( 'NONE', #720, #1556, #2717, .T. ) ;
#1596 = CARTESIAN_POINT ( 'NONE',  ( 22.02151929896933780, 5.764999999999999680, 23.30417700039739159 ) ) ;
#1597 = DIRECTION ( 'NONE',  ( 0.000000000000000000, 1.000000000000000000, 0.000000000000000000 ) ) ;
#1598 = CARTESIAN_POINT ( 'NONE',  ( 1.020000000000000018, 4.241147254709322745, 23.50788165701027310 ) ) ;
#1599 = VERTEX_POINT ( 'NONE', #4944 ) ;
#1600 = PLANE ( 'NONE',  #5354 ) ;
#1601 = ORIENTED_EDGE ( 'NONE', *, *, #983, .F. ) ;
#1602 = ORIENTED_EDGE ( 'NONE', *, *, #1174, .F. ) ;
#1603 = CARTESIAN_POINT ( 'NONE',  ( 19.75406189091075504, 6.264999999999999680, -9.211470339388647233 ) ) ;
#1604 = CARTESIAN_POINT ( 'NONE',  ( 6.270892268051662555, 6.264999999999999680, -15.28057537724883908 ) ) ;
#1605 = CARTESIAN_POINT ( 'NONE',  ( 7.502912119889070475, 6.265000000000002345, -22.76854196884590564 ) ) ;
#1606 = AXIS2_PLACEMENT_3D ( 'NONE', #4045, #1629, #2540 ) ;
#1607 = EDGE_CURVE ( 'NONE', #2828, #5486, #6036, .T. ) ;
#1608 = DIRECTION ( 'NONE',  ( 0.000000000000000000, 0.000000000000000000, 1.000000000000000000 ) ) ;
#1609 = AXIS2_PLACEMENT_3D ( 'NONE', #1022, #5128, #4597 ) ;
#1610 = DIRECTION ( 'NONE',  ( -0.3420201433256684909, 0.000000000000000000, 0.9396926207859085389 ) ) ;
#1611 = ORIENTED_EDGE ( 'NONE', *, *, #4208, .T. ) ;
#1612 = EDGE_CURVE ( 'NONE', #3341, #13, #2115, .T. ) ;
#1613 = CIRCLE ( 'NONE', #2491, 0.8000000000027256419 ) ;
#1614 = CARTESIAN_POINT ( 'NONE',  ( -15.96719710315745644, 6.264999999999999680, 17.88229418749928001 ) ) ;
#1615 = ORIENTED_EDGE ( 'NONE', *, *, #1630, .T. ) ;
#1616 = EDGE_LOOP ( 'NONE', ( #4309, #4537, #888, #1784, #5210 ) ) ;
#1617 = CARTESIAN_POINT ( 'NONE',  ( -16.39520344744174807, 6.264999999999999680, 18.73006621983386921 ) ) ;
#1618 = VECTOR ( 'NONE', #4720, 1000.000000000000000 ) ;
#1619 = DIRECTION ( 'NONE',  ( 1.454760214912327929E-15, 0.5457393103138310497, -0.8379550138152905836 ) ) ;
#1620 = CIRCLE ( 'NONE', #4171, 14.57731163100814697 ) ;
#1621 = ORIENTED_EDGE ( 'NONE', *, *, #524, .T. ) ;
#1622 = CARTESIAN_POINT ( 'NONE',  ( 19.75406189091075504, 5.764999999999999680, -9.211470339388647233 ) ) ;
#1623 = DIRECTION ( 'NONE',  ( 0.000000000000000000, 0.000000000000000000, 1.000000000000000000 ) ) ;
#1624 = ADVANCED_FACE ( 'NONE', ( #1691 ), #3127, .T. ) ;
#1625 = CARTESIAN_POINT ( 'NONE',  ( -15.60607930271879873, 0.000000000000000000, 18.59860107532919216 ) ) ;
#1626 = DIRECTION ( 'NONE',  ( 0.000000000000000000, 0.000000000000000000, -1.000000000000000000 ) ) ;
#1627 = AXIS2_PLACEMENT_3D ( 'NONE', #3215, #5065, #4535 ) ;
#1628 =( BOUNDED_CURVE ( )  B_SPLINE_CURVE ( 3, ( #239, #3865, #5755, #2935 ),
 .UNSPECIFIED., .F., .T. ) 
 B_SPLINE_CURVE_WITH_KNOTS ( ( 4, 4 ),
 ( 1.570796326794896558, 3.141592653589793116 ),
 .UNSPECIFIED. ) 
 CURVE ( )  GEOMETRIC_REPRESENTATION_ITEM ( )  RATIONAL_B_SPLINE_CURVE ( ( 1.000000000000000000, 0.8047378541243649375, 0.8047378541243649375, 1.000000000000000000 ) ) 
 REPRESENTATION_ITEM ( '' )  );
#1629 = DIRECTION ( 'NONE',  ( -0.000000000000000000, -1.000000000000000000, -0.000000000000000000 ) ) ;
#1630 = EDGE_CURVE ( 'NONE', #1556, #4347, #3565, .T. ) ;
#1631 = CARTESIAN_POINT ( 'NONE',  ( 11.61707311970207712, 5.764999999999999680, 12.25785032243555506 ) ) ;
#1632 = EDGE_LOOP ( 'NONE', ( #2428, #337, #3905, #1060, #5081, #1301, #1323, #4050, #2533, #2088 ) ) ;
#1633 = CIRCLE ( 'NONE', #652, 23.52999999999999758 ) ;
#1634 = CARTESIAN_POINT ( 'NONE',  ( 0.000000000000000000, 0.000000000000000000, 0.000000000000000000 ) ) ;
#1635 = ORIENTED_EDGE ( 'NONE', *, *, #2750, .T. ) ;
#1636 = ORIENTED_EDGE ( 'NONE', *, *, #264, .T. ) ;
#1637 = CARTESIAN_POINT ( 'NONE',  ( -0.5244024014048652704, 6.264999999999999680, -1.440783756571787144 ) ) ;
#1638 = LINE ( 'NONE', #1091, #2614 ) ;
#1639 = CARTESIAN_POINT ( 'NONE',  ( 23.90990065744999526, 6.264999999999999680, 4.215960591964933890 ) ) ;
#1640 = AXIS2_PLACEMENT_3D ( 'NONE', #3041, #714, #4462 ) ;
#1641 = LINE ( 'NONE', #3537, #3250 ) ;
#1642 = ORIENTED_EDGE ( 'NONE', *, *, #1473, .F. ) ;
#1643 = AXIS2_PLACEMENT_3D ( 'NONE', #2802, #3267, #5152 ) ;
#1644 = EDGE_CURVE ( 'NONE', #3091, #2934, #894, .T. ) ;
#1645 = DIRECTION ( 'NONE',  ( 0.4999999999999928946, -0.000000000000000000, 0.8660254037844428154 ) ) ;
#1646 = ORIENTED_EDGE ( 'NONE', *, *, #5361, .T. ) ;
#1647 = DIRECTION ( 'NONE',  ( 0.6427876096865573485, 0.000000000000000000, 0.7660444431189629144 ) ) ;
#1648 = CIRCLE ( 'NONE', #865, 25.02749999999999275 ) ;
#1649 = CARTESIAN_POINT ( 'NONE',  ( 9.142499516021613815, 6.221055507768661563, -22.98564247604804578 ) ) ;
#1650 = VERTEX_POINT ( 'NONE', #2960 ) ;
#1651 = ORIENTED_EDGE ( 'NONE', *, *, #2366, .T. ) ;
#1652 = LINE ( 'NONE', #3516, #1123 ) ;
#1653 = B_SPLINE_CURVE_WITH_KNOTS ( 'NONE', 3,
 ( #5298, #2599, #674, #1138, #5882, #642 ),
 .UNSPECIFIED., .F., .F.,
 ( 4, 2, 4 ),
 ( 0.000000000000000000, 0.0003644118814625352644, 0.0007288237629250705289 ),
 .UNSPECIFIED. ) ;
#1654 = EDGE_CURVE ( 'NONE', #4283, #4103, #1405, .T. ) ;
#1655 = CARTESIAN_POINT ( 'NONE',  ( 15.85814145653102791, 6.238325924942468070, 17.83934836994524886 ) ) ;
#1656 = EDGE_LOOP ( 'NONE', ( #1548, #4352, #6015, #2783 ) ) ;
#1657 = CARTESIAN_POINT ( 'NONE',  ( 19.84842270412693566, 0.000000000000000000, -12.63728674036868860 ) ) ;
#1658 = DIRECTION ( 'NONE',  ( 0.8191520442892442633, 0.000000000000000000, 0.5735764363506855590 ) ) ;
#1659 = CARTESIAN_POINT ( 'NONE',  ( -5.206084834573834641, 6.264999999999999680, -15.82397881484218871 ) ) ;
#1660 = EDGE_CURVE ( 'NONE', #5768, #3289, #5938, .T. ) ;
#1661 = DIRECTION ( 'NONE',  ( 0.000000000000000000, 0.000000000000000000, 1.000000000000000000 ) ) ;
#1662 = CARTESIAN_POINT ( 'NONE',  ( 4.136640442660266537, 6.219357122083182254, -15.56369436041031484 ) ) ;
#1663 = CARTESIAN_POINT ( 'NONE',  ( -31.81950566235784095, 6.264999999999999680, 4.186932003367575206 ) ) ;
#1664 = ORIENTED_EDGE ( 'NONE', *, *, #5538, .F. ) ;
#1665 = ADVANCED_FACE ( 'NONE', ( #2504 ), #5350, .F. ) ;
#1666 = CARTESIAN_POINT ( 'NONE',  ( 15.89194039108607015, 0.000000000000000000, 17.35243875097005528 ) ) ;
#1667 = EDGE_LOOP ( 'NONE', ( #4662, #5200, #777, #2593, #700 ) ) ;
#1668 = ORIENTED_EDGE ( 'NONE', *, *, #727, .T. ) ;
#1669 = CARTESIAN_POINT ( 'NONE',  ( 0.000000000000000000, 5.764999999999999680, 0.000000000000000000 ) ) ;
#1670 = CARTESIAN_POINT ( 'NONE',  ( 16.37562690112475039, 6.264999999999997904, 3.712898255688598770 ) ) ;
#1671 = DIRECTION ( 'NONE',  ( -0.000000000000000000, -1.000000000000000000, -0.000000000000000000 ) ) ;
#1672 = CIRCLE ( 'NONE', #5111, 24.02999999999999403 ) ;
#1673 = CARTESIAN_POINT ( 'NONE',  ( 11.60809380826084514, 5.764999999999999680, -28.91069513294267423 ) ) ;
#1674 = CARTESIAN_POINT ( 'NONE',  ( 1.020000000004275487, 0.000000000000000000, 23.50788165701008481 ) ) ;
#1675 = AXIS2_PLACEMENT_3D ( 'NONE', #4143, #5040, #1289 ) ;
#1676 = ORIENTED_EDGE ( 'NONE', *, *, #5433, .T. ) ;
#1677 = FACE_OUTER_BOUND ( 'NONE', #5632, .T. ) ;
#1678 = CARTESIAN_POINT ( 'NONE',  ( 0.000000000000000000, 5.764999999999999680, 0.000000000000000000 ) ) ;
#1679 = ORIENTED_EDGE ( 'NONE', *, *, #19, .T. ) ;
#1680 = VERTEX_POINT ( 'NONE', #4295 ) ;
#1681 = CARTESIAN_POINT ( 'NONE',  ( 0.000000000000000000, 3.265000000000000124, 0.000000000000000000 ) ) ;
#1682 = EDGE_LOOP ( 'NONE', ( #28, #1960, #2176, #267 ) ) ;
#1683 = CARTESIAN_POINT ( 'NONE',  ( -9.691120861856122204, 0.000000000000000000, -29.60841622532391781 ) ) ;
#1684 = ORIENTED_EDGE ( 'NONE', *, *, #1030, .T. ) ;
#1685 = CARTESIAN_POINT ( 'NONE',  ( -15.29263558886043306, 0.000000000000000000, 19.81189170665737009 ) ) ;
#1686 = CARTESIAN_POINT ( 'NONE',  ( -12.63437458880082431, 6.043643711280893172, -29.47618772328726067 ) ) ;
#1687 = VECTOR ( 'NONE', #2465, 1000.000000000000000 ) ;
#1688 = EDGE_CURVE ( 'NONE', #3449, #5012, #91, .T. ) ;
#1689 = DIRECTION ( 'NONE',  ( 0.9848077530122211209, 0.000000000000000000, 0.1736481776668561960 ) ) ;
#1690 = CARTESIAN_POINT ( 'NONE',  ( -15.46110767325224522, 6.063945815778208015, 4.493127736483896406 ) ) ;
#1691 = FACE_OUTER_BOUND ( 'NONE', #4846, .T. ) ;
#1692 = ADVANCED_FACE ( 'NONE', ( #5724 ), #2968, .T. ) ;
#1693 = CARTESIAN_POINT ( 'NONE',  ( 0.3402132016513323420, 4.221937406372606283, 23.53737740419976276 ) ) ;
#1694 = CARTESIAN_POINT ( 'NONE',  ( 0.09029705238693430669, 6.264999999999999680, 0.5121000315670865000 ) ) ;
#1695 = ORIENTED_EDGE ( 'NONE', *, *, #727, .F. ) ;
#1696 = ORIENTED_EDGE ( 'NONE', *, *, #5042, .T. ) ;
#1697 = CARTESIAN_POINT ( 'NONE',  ( -23.52186717384463321, 6.264999999999999680, 4.915553341792806563 ) ) ;
#1698 = EDGE_CURVE ( 'NONE', #3130, #5068, #1502, .T. ) ;
#1699 = FACE_OUTER_BOUND ( 'NONE', #2881, .T. ) ;
#1700 = CARTESIAN_POINT ( 'NONE',  ( -30.77798550052900239, 6.264999999999999680, 5.955011093778559861 ) ) ;
#1701 = AXIS2_PLACEMENT_3D ( 'NONE', #3871, #1997, #4397 ) ;
#1702 = DIRECTION ( 'NONE',  ( 0.000000000000000000, 0.000000000000000000, 1.000000000000000000 ) ) ;
#1703 = DIRECTION ( 'NONE',  ( -0.8191520442885953379, 0.000000000000000000, -0.5735764363516124842 ) ) ;
#1704 = EDGE_CURVE ( 'NONE', #2361, #3310, #3950, .T. ) ;
#1705 = EDGE_CURVE ( 'NONE', #1774, #3071, #724, .T. ) ;
#1706 = LINE ( 'NONE', #4035, #1050 ) ;
#1707 = VECTOR ( 'NONE', #5365, 1000.000000000000000 ) ;
#1708 = ORIENTED_EDGE ( 'NONE', *, *, #3515, .F. ) ;
#1709 = CARTESIAN_POINT ( 'NONE',  ( -24.80391930942172607, 5.884670988163841265, 3.337865057442500838 ) ) ;
#1710 = CARTESIAN_POINT ( 'NONE',  ( 20.21386016967324650, 4.221937406372799018, -12.06332197743260792 ) ) ;
#1711 = VERTEX_POINT ( 'NONE', #5841 ) ;
#1712 = CARTESIAN_POINT ( 'NONE',  ( -0.3983431104218729812, 5.764999999999999680, -0.3342495570370107028 ) ) ;
#1713 = CARTESIAN_POINT ( 'NONE',  ( -8.828903344063828484, 3.265000000000000124, 13.46192501608416947 ) ) ;
#1714 = DIRECTION ( 'NONE',  ( 0.9848077530122080203, 0.000000000000000000, 0.1736481776669306643 ) ) ;
#1715 = VECTOR ( 'NONE', #1892, 1000.000000000000114 ) ;
#1716 = AXIS2_PLACEMENT_3D ( 'NONE', #2235, #1777, #5006 ) ;
#1717 = CARTESIAN_POINT ( 'NONE',  ( 15.22651638959469089, 6.264999999999999680, 19.30570079546545870 ) ) ;
#1718 = EDGE_CURVE ( 'NONE', #1535, #4010, #2568, .T. ) ;
#1719 = CARTESIAN_POINT ( 'NONE',  ( 10.43736467729789297, 5.764999999999999680, 13.24774324135359826 ) ) ;
#1720 = AXIS2_PLACEMENT_3D ( 'NONE', #504, #941, #2801 ) ;
#1721 = CIRCLE ( 'NONE', #3296, 0.8000000000000020428 ) ;
#1722 = DIRECTION ( 'NONE',  ( 0.3420201433256684909, -0.000000000000000000, 0.9396926207859084279 ) ) ;
#1723 = VECTOR ( 'NONE', #859, 1000.000000000000114 ) ;
#1724 = CARTESIAN_POINT ( 'NONE',  ( -23.18519018149617494, 6.159543664873942781, 4.944680079274040629 ) ) ;
#1725 = ORIENTED_EDGE ( 'NONE', *, *, #5504, .F. ) ;
#1726 = EDGE_CURVE ( 'NONE', #3948, #5826, #5258, .T. ) ;
#1727 = VERTEX_POINT ( 'NONE', #209 ) ;
#1728 = DIRECTION ( 'NONE',  ( 0.000000000000000000, -1.000000000000000000, 0.000000000000000000 ) ) ;
#1729 = FACE_OUTER_BOUND ( 'NONE', #3964, .T. ) ;
#1730 = VECTOR ( 'NONE', #6054, 1000.000000000000000 ) ;
#1731 = AXIS2_PLACEMENT_3D ( 'NONE', #4330, #5229, #4260 ) ;
#1732 = CARTESIAN_POINT ( 'NONE',  ( -31.29149895317041086, 6.226507457126712275, 7.092834778709762311 ) ) ;
#1733 = EDGE_CURVE ( 'NONE', #1404, #2266, #3893, .T. ) ;
#1734 = AXIS2_PLACEMENT_3D ( 'NONE', #2397, #4279, #2341 ) ;
#1735 = DIRECTION ( 'NONE',  ( 0.5735764363512184660, 0.000000000000000000, 0.8191520442888711173 ) ) ;
#1736 = FACE_OUTER_BOUND ( 'NONE', #2073, .T. ) ;
#1737 = FACE_OUTER_BOUND ( 'NONE', #842, .T. ) ;
#1738 = CARTESIAN_POINT ( 'NONE',  ( 23.32786525393763810, 0.000000000000000000, 3.077596902475849383 ) ) ;
#1739 = VECTOR ( 'NONE', #932, 1000.000000000000000 ) ;
#1740 = VERTEX_POINT ( 'NONE', #4791 ) ;
#1741 = CARTESIAN_POINT ( 'NONE',  ( -5.276919525559022439, 5.764999999999999680, -16.01859552883808746 ) ) ;
#1742 = ADVANCED_FACE ( 'NONE', ( #609 ), #3486, .F. ) ;
#1743 = DIRECTION ( 'NONE',  ( 0.000000000000000000, 1.000000000000000000, 0.000000000000000000 ) ) ;
#1744 = ORIENTED_EDGE ( 'NONE', *, *, #3687, .F. ) ;
#1745 = CARTESIAN_POINT ( 'NONE',  ( 0.000000000000000000, 5.764999999999999680, 0.000000000000000000 ) ) ;
#1746 = LINE ( 'NONE', #1280, #2981 ) ;
#1747 = VECTOR ( 'NONE', #1671, 1000.000000000000000 ) ;
#1748 = ORIENTED_EDGE ( 'NONE', *, *, #718, .T. ) ;
#1749 = CARTESIAN_POINT ( 'NONE',  ( 19.12613749183849521, 6.264999999999999680, 25.73369080688134147 ) ) ;
#1750 = FACE_OUTER_BOUND ( 'NONE', #5183, .T. ) ;
#1751 = CARTESIAN_POINT ( 'NONE',  ( -19.74949741644991263, 6.264999999999999680, 24.34551088795294405 ) ) ;
#1752 = LINE ( 'NONE', #2756, #330 ) ;
#1753 = ORIENTED_EDGE ( 'NONE', *, *, #3286, .F. ) ;
#1754 = ORIENTED_EDGE ( 'NONE', *, *, #604, .F. ) ;
#1755 = CARTESIAN_POINT ( 'NONE',  ( 15.85814145653102791, 6.238325924942468070, 17.83934836994524886 ) ) ;
#1756 = CARTESIAN_POINT ( 'NONE',  ( -15.60607930271879873, 6.264999999999999680, 18.59860107532919216 ) ) ;
#1757 = EDGE_CURVE ( 'NONE', #5931, #262, #1019, .T. ) ;
#1758 = FACE_OUTER_BOUND ( 'NONE', #3368, .T. ) ;
#1759 = EDGE_LOOP ( 'NONE', ( #4908, #37 ) ) ;
#1760 = CARTESIAN_POINT ( 'NONE',  ( 8.303821354727178417, 6.264999999999999680, -22.81456166729559243 ) ) ;
#1761 = CARTESIAN_POINT ( 'NONE',  ( 6.724046161570117697, 5.764999999999999680, -15.49188450811890938 ) ) ;
#1762 = DIRECTION ( 'NONE',  ( 0.3420201433256698231, 0.000000000000000000, 0.9396926207859079838 ) ) ;
#1763 = EDGE_CURVE ( 'NONE', #2779, #3484, #4152, .T. ) ;
#1764 = DIRECTION ( 'NONE',  ( -0.6427876096865391409, -0.000000000000000000, 0.7660444431189782355 ) ) ;
#1765 = VERTEX_POINT ( 'NONE', #1988 ) ;
#1766 = CIRCLE ( 'NONE', #1189, 0.8000000000027256419 ) ;
#1767 = CARTESIAN_POINT ( 'NONE',  ( -8.828903344063817826, 5.851846802861089714, 13.46192501608417480 ) ) ;
#1768 = CARTESIAN_POINT ( 'NONE',  ( 20.55407337132457357, 4.221937406372799018, -11.47405542676681911 ) ) ;
#1769 = ORIENTED_EDGE ( 'NONE', *, *, #2768, .F. ) ;
#1770 = DIRECTION ( 'NONE',  ( 0.000000000000000000, 0.000000000000000000, 1.000000000000000000 ) ) ;
#1771 = DIRECTION ( 'NONE',  ( -0.000000000000000000, -1.000000000000000000, -0.000000000000000000 ) ) ;
#1772 = EDGE_CURVE ( 'NONE', #4672, #1089, #3862, .T. ) ;
#1773 = EDGE_LOOP ( 'NONE', ( #3158, #5397, #2561, #6093 ) ) ;
#1774 = VERTEX_POINT ( 'NONE', #3610 ) ;
#1775 = DIRECTION ( 'NONE',  ( -0.6427876096865400291, 0.000000000000000000, -0.7660444431189773473 ) ) ;
#1776 = DIRECTION ( 'NONE',  ( 0.000000000000000000, 1.000000000000000000, -0.000000000000000000 ) ) ;
#1777 = DIRECTION ( 'NONE',  ( 0.000000000000000000, 1.000000000000000000, 0.000000000000000000 ) ) ;
#1778 = VERTEX_POINT ( 'NONE', #762 ) ;
#1779 = CARTESIAN_POINT ( 'NONE',  ( -22.00636987691850166, 5.915251510363400911, 23.32071050754222696 ) ) ;
#1780 = ADVANCED_FACE ( 'NONE', ( #3576 ), #5061, .T. ) ;
#1781 = CARTESIAN_POINT ( 'NONE',  ( 22.97362297149689425, 5.888645333210711819, 5.086604718622285581 ) ) ;
#1782 = CYLINDRICAL_SURFACE ( 'NONE', #240, 0.4999999999999998890 ) ;
#1783 = VERTEX_POINT ( 'NONE', #2135 ) ;
#1784 = ORIENTED_EDGE ( 'NONE', *, *, #3013, .T. ) ;
#1785 = CARTESIAN_POINT ( 'NONE',  ( -15.29263558886043306, 5.764999999999999680, 19.81189170665737009 ) ) ;
#1786 = LINE ( 'NONE', #469, #3008 ) ;
#1787 = B_SPLINE_CURVE_WITH_KNOTS ( 'NONE', 3,
 ( #2373, #3828, #87, #4252, #1955, #5223 ),
 .UNSPECIFIED., .F., .F.,
 ( 4, 2, 4 ),
 ( 0.000000000000000000, 0.0003644118814620227078, 0.0007288237629240454157 ),
 .UNSPECIFIED. ) ;
#1788 = CARTESIAN_POINT ( 'NONE',  ( 0.000000000000000000, 5.764999999999999680, 0.000000000000000000 ) ) ;
#1789 = ORIENTED_EDGE ( 'NONE', *, *, #1894, .T. ) ;
#1790 = CARTESIAN_POINT ( 'NONE',  ( 0.000000000000000000, 5.764999999999999680, 0.000000000000000000 ) ) ;
#1791 = CYLINDRICAL_SURFACE ( 'NONE', #5179, 0.8000000000027498448 ) ;
#1792 = CARTESIAN_POINT ( 'NONE',  ( 16.34368263329664117, 6.264999999999999680, 18.28885710568260592 ) ) ;
#1793 = ADVANCED_FACE ( 'NONE', ( #2678 ), #4750, .T. ) ;
#1794 = DIRECTION ( 'NONE',  ( -0.000000000000000000, 1.000000000000000000, -0.000000000000000000 ) ) ;
#1795 = ORIENTED_EDGE ( 'NONE', *, *, #5107, .F. ) ;
#1796 = CARTESIAN_POINT ( 'NONE',  ( 20.54618363729410291, 6.264999999999999680, 23.67701177387600353 ) ) ;
#1797 = DIRECTION ( 'NONE',  ( -0.4226182617402615138, -0.000000000000000000, 0.9063077870368541067 ) ) ;
#1798 = ORIENTED_EDGE ( 'NONE', *, *, #4155, .T. ) ;
#1799 = CYLINDRICAL_SURFACE ( 'NONE', #2794, 0.5000000000000001110 ) ;
#1800 = CARTESIAN_POINT ( 'NONE',  ( -15.60607930271879873, 6.264999999999999680, 18.59860107532919216 ) ) ;
#1801 = EDGE_CURVE ( 'NONE', #4259, #2266, #4505, .T. ) ;
#1802 = AXIS2_PLACEMENT_3D ( 'NONE', #5641, #4642, #3752 ) ;
#1803 = EDGE_LOOP ( 'NONE', ( #551, #2425, #2699, #1265, #4624, #3808, #912, #4960, #4428, #106 ) ) ;
#1804 = ORIENTED_EDGE ( 'NONE', *, *, #3280, .T. ) ;
#1805 = LINE ( 'NONE', #3616, #3097 ) ;
#1806 = CARTESIAN_POINT ( 'NONE',  ( 9.193117170196780208, 5.915060844301215148, -30.71843579706179383 ) ) ;
#1807 = CYLINDRICAL_SURFACE ( 'NONE', #3282, 0.5000000000000001110 ) ;
#1808 = AXIS2_PLACEMENT_3D ( 'NONE', #2743, #448, #2257 ) ;
#1809 = ORIENTED_EDGE ( 'NONE', *, *, #4155, .F. ) ;
#1810 = LINE ( 'NONE', #5537, #954 ) ;
#1811 = EDGE_CURVE ( 'NONE', #4546, #1870, #5592, .T. ) ;
#1812 = AXIS2_PLACEMENT_3D ( 'NONE', #5450, #2724, #4138 ) ;
#1813 = CARTESIAN_POINT ( 'NONE',  ( -19.44714498010766235, 6.264999999999999680, 24.44084224494637780 ) ) ;
#1814 = CARTESIAN_POINT ( 'NONE',  ( 23.90990065744999526, 6.264999999999999680, 4.215960591964933890 ) ) ;
#1815 = ORIENTED_EDGE ( 'NONE', *, *, #4473, .T. ) ;
#1816 = ORIENTED_EDGE ( 'NONE', *, *, #2661, .F. ) ;
#1817 = EDGE_CURVE ( 'NONE', #5367, #5595, #726, .T. ) ;
#1818 = AXIS2_PLACEMENT_3D ( 'NONE', #1893, #2319, #3366 ) ;
#1819 = EDGE_CURVE ( 'NONE', #4265, #3995, #4969, .T. ) ;
#1820 = AXIS2_PLACEMENT_3D ( 'NONE', #1834, #417, #4691 ) ;
#1821 = CARTESIAN_POINT ( 'NONE',  ( -17.85439826556527265, 6.264999999999999680, -12.50178425576556762 ) ) ;
#1822 = PLANE ( 'NONE',  #1998 ) ;
#1823 = CARTESIAN_POINT ( 'NONE',  ( -7.551528890804138250, 6.264999999999999680, -22.26803339793057290 ) ) ;
#1824 = CIRCLE ( 'NONE', #5270, 14.64608244481090438 ) ;
#1825 = ORIENTED_EDGE ( 'NONE', *, *, #4668, .F. ) ;
#1826 = CARTESIAN_POINT ( 'NONE',  ( 7.594310774156530108, 0.000000000000000000, -23.84747785648474050 ) ) ;
#1827 = LINE ( 'NONE', #5021, #1935 ) ;
#1828 = CARTESIAN_POINT ( 'NONE',  ( 23.61495323805596058, 6.238325924937074163, 3.472316846750043151 ) ) ;
#1829 = VECTOR ( 'NONE', #3026, 1000.000000000000000 ) ;
#1830 = CARTESIAN_POINT ( 'NONE',  ( 16.42414633486759712, 0.000000000000000000, 3.931755278064975823 ) ) ;
#1831 = ORIENTED_EDGE ( 'NONE', *, *, #1449, .T. ) ;
#1832 = AXIS2_PLACEMENT_3D ( 'NONE', #3823, #5125, #2368 ) ;
#1833 = CARTESIAN_POINT ( 'NONE',  ( -9.288675347337150612, 6.148090468737952285, -23.05099660798969197 ) ) ;
#1834 = CARTESIAN_POINT ( 'NONE',  ( 0.000000000000000000, 5.764999999999999680, 0.000000000000000000 ) ) ;
#1835 = CARTESIAN_POINT ( 'NONE',  ( 16.79263294112217864, 5.996288099985235931, 18.49642823742529885 ) ) ;
#1836 = CARTESIAN_POINT ( 'NONE',  ( 16.85536625282482959, 0.000000000000000000, 18.50060498289537847 ) ) ;
#1837 = AXIS2_PLACEMENT_3D ( 'NONE', #5431, #624, #3968 ) ;
#1838 = ORIENTED_EDGE ( 'NONE', *, *, #3861, .T. ) ;
#1839 = EDGE_LOOP ( 'NONE', ( #4402, #985, #3723, #4210 ) ) ;
#1840 = CARTESIAN_POINT ( 'NONE',  ( 15.60607930272298027, 0.000000000000000000, 18.59860107532696105 ) ) ;
#1841 = EDGE_CURVE ( 'NONE', #1495, #2378, #4935, .T. ) ;
#1842 = CARTESIAN_POINT ( 'NONE',  ( -14.32920972712166652, 3.265000000000000124, 18.66372547473203625 ) ) ;
#1843 = ORIENTED_EDGE ( 'NONE', *, *, #5717, .F. ) ;
#1844 = CARTESIAN_POINT ( 'NONE',  ( 8.303821354727178417, 0.000000000000000000, -22.81456166729559243 ) ) ;
#1845 = VECTOR ( 'NONE', #5339, 1000.000000000000114 ) ;
#1846 = DIRECTION ( 'NONE',  ( -0.5735764363512142472, 0.000000000000000000, -0.8191520442888741149 ) ) ;
#1847 = EDGE_CURVE ( 'NONE', #3864, #5112, #6045, .T. ) ;
#1848 = CARTESIAN_POINT ( 'NONE',  ( 7.243917375738558206, 5.764999999999999680, -14.37701709155918373 ) ) ;
#1849 = ORIENTED_EDGE ( 'NONE', *, *, #785, .F. ) ;
#1850 = ORIENTED_EDGE ( 'NONE', *, *, #2264, .F. ) ;
#1851 = CARTESIAN_POINT ( 'NONE',  ( -6.724046161570257141, 5.764999999999999680, -15.49188450811626794 ) ) ;
#1852 = LINE ( 'NONE', #5673, #3074 ) ;
#1854 = EDGE_CURVE ( 'NONE', #2814, #1324, #41, .T. ) ;
#1853 = CARTESIAN_POINT ( 'NONE',  ( -12.72296122597415469, 6.264999999999999680, -29.43056634764681334 ) ) ;
#1855 = ORIENTED_EDGE ( 'NONE', *, *, #3993, .T. ) ;
#1856 = ORIENTED_EDGE ( 'NONE', *, *, #10, .F. ) ;
#1857 = DIRECTION ( 'NONE',  ( -0.000000000000000000, -1.000000000000000000, -0.000000000000000000 ) ) ;
#1858 = DIRECTION ( 'NONE',  ( -0.9961946980918062744, 0.000000000000000000, 0.08715574274696448465 ) ) ;
#1859 = FACE_OUTER_BOUND ( 'NONE', #4445, .T. ) ;
#1860 = LINE ( 'NONE', #2310, #5482 ) ;
#1861 = DIRECTION ( 'NONE',  ( 0.000000000000000000, 0.000000000000000000, 1.000000000000000000 ) ) ;
#1862 = EDGE_LOOP ( 'NONE', ( #1696, #2116, #1360, #4077 ) ) ;
#1863 = FACE_OUTER_BOUND ( 'NONE', #547, .T. ) ;
#1864 = CARTESIAN_POINT ( 'NONE',  ( -11.57294291280587295, 6.113831634978346585, 11.19506512715566870 ) ) ;
#1865 = CARTESIAN_POINT ( 'NONE',  ( 22.02151929896933780, 6.264999999999999680, 23.30417700039739159 ) ) ;
#1866 = LINE ( 'NONE', #1836, #5264 ) ;
#1867 = ORIENTED_EDGE ( 'NONE', *, *, #79, .T. ) ;
#1868 = ORIENTED_EDGE ( 'NONE', *, *, #295, .F. ) ;
#1869 = CARTESIAN_POINT ( 'NONE',  ( -16.38547907119481195, 6.254217596471460361, 18.40821864349132042 ) ) ;
#1870 = VERTEX_POINT ( 'NONE', #5025 ) ;
#1871 = CARTESIAN_POINT ( 'NONE',  ( -9.102880438422825904, 6.264999999999999680, -22.77577274152907449 ) ) ;
#1872 = EDGE_CURVE ( 'NONE', #4215, #4293, #2224, .T. ) ;
#1873 = CARTESIAN_POINT ( 'NONE',  ( -23.90990065744529858, 0.000000000000000000, 3.415960591964186222 ) ) ;
#1874 = CARTESIAN_POINT ( 'NONE',  ( -17.21793483357565790, 6.264999999999999680, 3.035986463239486621 ) ) ;
#1875 = ORIENTED_EDGE ( 'NONE', *, *, #1226, .F. ) ;
#1876 = DIRECTION ( 'NONE',  ( -0.000000000000000000, -1.000000000000000000, -0.000000000000000000 ) ) ;
#1877 = DIRECTION ( 'NONE',  ( -0.5735764363506908881, 0.000000000000000000, 0.8191520442892404885 ) ) ;
#1878 = EDGE_CURVE ( 'NONE', #2147, #2945, #732, .T. ) ;
#1879 = AXIS2_PLACEMENT_3D ( 'NONE', #2335, #5266, #4187 ) ;
#1880 = CARTESIAN_POINT ( 'NONE',  ( -23.47813231448289883, 6.159543664874122193, 3.283322686267553525 ) ) ;
#1881 = ORIENTED_EDGE ( 'NONE', *, *, #1817, .T. ) ;
#1882 = ORIENTED_EDGE ( 'NONE', *, *, #2220, .T. ) ;
#1883 = DIRECTION ( 'NONE',  ( -0.000000000000000000, 1.000000000000000000, -0.000000000000000000 ) ) ;
#1884 = FACE_BOUND ( 'NONE', #2863, .T. ) ;
#1885 = CARTESIAN_POINT ( 'NONE',  ( 11.60809380826084514, 5.764999999999999680, -28.91069513294267423 ) ) ;
#1886 = DIRECTION ( 'NONE',  ( 0.000000000000000000, 0.000000000000000000, -1.000000000000000000 ) ) ;
#1887 = EDGE_CURVE ( 'NONE', #1870, #1381, #3548, .T. ) ;
#1888 = CARTESIAN_POINT ( 'NONE',  ( -24.44967702698092182, 5.764999999999999680, 5.346872873588901065 ) ) ;
#1889 = VERTEX_POINT ( 'NONE', #5527 ) ;
#1890 = CARTESIAN_POINT ( 'NONE',  ( -3.692205798608258149, 6.264999999999999680, -15.66973438633325166 ) ) ;
#1891 = ORIENTED_EDGE ( 'NONE', *, *, #1894, .F. ) ;
#1892 = DIRECTION ( 'NONE',  ( 0.08715574274746686056, -0.000000000000000000, -0.9961946980917621985 ) ) ;
#1893 = CARTESIAN_POINT ( 'NONE',  ( 31.84909871781022872, 6.264999999999999680, 3.696875540764980705 ) ) ;
#1894 = EDGE_CURVE ( 'NONE', #168, #4371, #4701, .T. ) ;
#1895 = EDGE_CURVE ( 'NONE', #1045, #2459, #1652, .T. ) ;
#1896 = DIRECTION ( 'NONE',  ( 0.000000000000000000, 1.000000000000000000, 0.000000000000000000 ) ) ;
#1897 = ORIENTED_EDGE ( 'NONE', *, *, #1537, .T. ) ;
#1898 = VERTEX_POINT ( 'NONE', #2716 ) ;
#1899 = CARTESIAN_POINT ( 'NONE',  ( -23.52186717384463321, 6.264999999999999680, 4.915553341792806563 ) ) ;
#1900 = VERTEX_POINT ( 'NONE', #1970 ) ;
#1901 = DIRECTION ( 'NONE',  ( 0.8191520442892409326, 0.000000000000000000, 0.5735764363506902219 ) ) ;
#1902 = VECTOR ( 'NONE', #4353, 1000.000000000000000 ) ;
#1903 = VECTOR ( 'NONE', #801, 1000.000000000000000 ) ;
#1904 = EDGE_CURVE ( 'NONE', #2722, #5436, #5593, .T. ) ;
#1905 = CARTESIAN_POINT ( 'NONE',  ( 6.841967413198691617, 6.229921559809612930, -14.57887399399008643 ) ) ;
#1906 = ORIENTED_EDGE ( 'NONE', *, *, #6056, .F. ) ;
#1907 = CARTESIAN_POINT ( 'NONE',  ( 30.84144333032081420, 5.764999999999999680, 4.402443439001797465 ) ) ;
#1908 = DIRECTION ( 'NONE',  ( -0.6427876096865391409, 0.000000000000000000, 0.7660444431189782355 ) ) ;
#1909 = ORIENTED_EDGE ( 'NONE', *, *, #6002, .T. ) ;
#1910 = EDGE_CURVE ( 'NONE', #5519, #5097, #802, .T. ) ;
#1911 = VERTEX_POINT ( 'NONE', #3355 ) ;
#1912 = AXIS2_PLACEMENT_3D ( 'NONE', #1590, #4328, #124 ) ;
#1913 = VERTEX_POINT ( 'NONE', #4627 ) ;
#1914 = VERTEX_POINT ( 'NONE', #4338 ) ;
#1915 = LINE ( 'NONE', #1457, #1919 ) ;
#1916 = CARTESIAN_POINT ( 'NONE',  ( 0.4886401628081515347, 5.764999999999999680, 0.1778504745291598910 ) ) ;
#1917 = CARTESIAN_POINT ( 'NONE',  ( -7.503939519275952819, 6.264999999999999680, -22.82831118788791258 ) ) ;
#1918 = DIRECTION ( 'NONE',  ( 0.4226182617402906572, -0.000000000000000000, 0.9063077870368405620 ) ) ;
#1919 = VECTOR ( 'NONE', #1398, 1000.000000000000227 ) ;
#1920 = DIRECTION ( 'NONE',  ( -0.9848077530122080203, -0.000000000000000000, 0.1736481776669309696 ) ) ;
#1921 = ORIENTED_EDGE ( 'NONE', *, *, #474, .F. ) ;
#1922 = EDGE_CURVE ( 'NONE', #2326, #3261, #5237, .T. ) ;
#1923 = CARTESIAN_POINT ( 'NONE',  ( -11.62179428098823486, 6.063953584472925762, 11.14306653760067789 ) ) ;
#1924 = AXIS2_PLACEMENT_3D ( 'NONE', #3520, #2507, #4913 ) ;
#1925 = ORIENTED_EDGE ( 'NONE', *, *, #1573, .F. ) ;
#1926 = CARTESIAN_POINT ( 'NONE',  ( -7.310376528512319894, 6.159543664875601898, -22.55130372838741692 ) ) ;
#1927 = DIRECTION ( 'NONE',  ( -0.6427876096865401401, -0.000000000000000000, -0.7660444431189773473 ) ) ;
#1929 = ORIENTED_EDGE ( 'NONE', *, *, #2229, .F. ) ;
#1928 = AXIS2_PLACEMENT_3D ( 'NONE', #3338, #980, #512 ) ;
#1930 = ORIENTED_EDGE ( 'NONE', *, *, #2645, .T. ) ;
#1931 = ADVANCED_FACE ( 'NONE', ( #4127 ), #1484, .T. ) ;
#1932 = DIRECTION ( 'NONE',  ( 0.3420201433256716550, 0.000000000000000000, -0.9396926207859073177 ) ) ;
#1933 = ORIENTED_EDGE ( 'NONE', *, *, #4473, .F. ) ;
#1934 = CYLINDRICAL_SURFACE ( 'NONE', #1538, 23.52999999999999758 ) ;
#1935 = VECTOR ( 'NONE', #1336, 1000.000000000000000 ) ;
#1936 = ADVANCED_FACE ( 'NONE', ( #1863 ), #4854, .T. ) ;
#1937 = AXIS2_PLACEMENT_3D ( 'NONE', #2219, #5437, #1272 ) ;
#1938 = CARTESIAN_POINT ( 'NONE',  ( 7.243917375738559983, 5.851862816039439252, -14.37701709155918373 ) ) ;
#1939 = ORIENTED_EDGE ( 'NONE', *, *, #1281, .T. ) ;
#1940 = DIRECTION ( 'NONE',  ( -0.9848077530122122392, 0.000000000000000000, -0.1736481776669060451 ) ) ;
#1941 = CARTESIAN_POINT ( 'NONE',  ( 15.96679494838247670, 6.265000000000005898, 17.88205269384969043 ) ) ;
#1942 = ORIENTED_EDGE ( 'NONE', *, *, #675, .F. ) ;
#1943 = B_SPLINE_CURVE_WITH_KNOTS ( 'NONE', 3,
 ( #4725, #518, #4207, #1871 ),
 .UNSPECIFIED., .F., .F.,
 ( 4, 4 ),
 ( 0.0002719397505127135674, 0.0004600240779805089440 ),
 .UNSPECIFIED. ) ;
#1944 = ORIENTED_EDGE ( 'NONE', *, *, #2744, .T. ) ;
#1945 = VERTEX_POINT ( 'NONE', #6023 ) ;
#1946 = ORIENTED_EDGE ( 'NONE', *, *, #1644, .T. ) ;
#1947 = CARTESIAN_POINT ( 'NONE',  ( -8.800362019751680975, 6.238325924938123102, -22.18730783671658457 ) ) ;
#1948 = LINE ( 'NONE', #5214, #3698 ) ;
#1949 = CARTESIAN_POINT ( 'NONE',  ( 9.691120861856093782, 0.000000000000000000, -29.60841622532396400 ) ) ;
#1950 = EDGE_CURVE ( 'NONE', #1680, #5411, #1985, .T. ) ;
#1951 = CYLINDRICAL_SURFACE ( 'NONE', #4625, 0.8000000000027498448 ) ;
#1952 = CARTESIAN_POINT ( 'NONE',  ( -7.666773543060953600, 6.264999999999999680, -23.29847290466524257 ) ) ;
#1953 = VERTEX_POINT ( 'NONE', #591 ) ;
#1954 = CARTESIAN_POINT ( 'NONE',  ( 0.000000000000000000, 3.265000000000000124, 0.000000000000000000 ) ) ;
#1955 = CARTESIAN_POINT ( 'NONE',  ( 7.413107330145648710, 6.210085216637442507, -22.60138816629180880 ) ) ;
#1956 = ADVANCED_FACE ( 'NONE', ( #2314 ), #3816, .F. ) ;
#1957 = CARTESIAN_POINT ( 'NONE',  ( 6.254199851177158820, 5.764999999999999680, -15.66289457978172983 ) ) ;
#1958 = ORIENTED_EDGE ( 'NONE', *, *, #3636, .F. ) ;
#1959 = DIRECTION ( 'NONE',  ( 0.000000000000000000, 0.000000000000000000, -1.000000000000000000 ) ) ;
#1960 = ORIENTED_EDGE ( 'NONE', *, *, #5129, .T. ) ;
#1961 = DIRECTION ( 'NONE',  ( 0.9961946980917285588, -0.000000000000000000, -0.08715574274785162223 ) ) ;
#1962 = EDGE_CURVE ( 'NONE', #2078, #1040, #3383, .T. ) ;
#1963 = CARTESIAN_POINT ( 'NONE',  ( 0.9855541338458263523, 0.000000000000000000, 1.174537679710378146 ) ) ;
#1964 = AXIS2_PLACEMENT_3D ( 'NONE', #3464, #2607, #680 ) ;
#1965 = DIRECTION ( 'NONE',  ( 0.9063077870368400069, 0.000000000000000000, -0.4226182617402919894 ) ) ;
#1966 = CARTESIAN_POINT ( 'NONE',  ( 15.29263558886092689, 5.764999999999999680, 19.81189170665698640 ) ) ;
#1967 = EDGE_CURVE ( 'NONE', #561, #5733, #4482, .T. ) ;
#1968 = EDGE_CURVE ( 'NONE', #3258, #5693, #5048, .T. ) ;
#1969 = ORIENTED_EDGE ( 'NONE', *, *, #1705, .F. ) ;
#1970 = CARTESIAN_POINT ( 'NONE',  ( -16.42414633486748698, 0.000000000000000000, 3.931755278065442560 ) ) ;
#1971 = ORIENTED_EDGE ( 'NONE', *, *, #2000, .F. ) ;
#1972 = ORIENTED_EDGE ( 'NONE', *, *, #2092, .F. ) ;
#1973 = CARTESIAN_POINT ( 'NONE',  ( 31.19276894612020712, 5.764999999999999680, 7.419106642638352511 ) ) ;
#1974 = CARTESIAN_POINT ( 'NONE',  ( 11.41023447152208448, 6.219357122083194689, 11.36428288987065294 ) ) ;
#1975 = AXIS2_PLACEMENT_3D ( 'NONE', #414, #1403, #3268 ) ;
#1976 = CARTESIAN_POINT ( 'NONE',  ( -11.60809380826081316, 6.264999999999999680, -28.91069513293903270 ) ) ;
#1977 = DIRECTION ( 'NONE',  ( -0.000000000000000000, 1.000000000000000000, -0.000000000000000000 ) ) ;
#1978 = CARTESIAN_POINT ( 'NONE',  ( 0.000000000000000000, 5.764999999999999680, 0.000000000000000000 ) ) ;
#1979 = EDGE_CURVE ( 'NONE', #778, #328, #2002, .T. ) ;
#1980 = DIRECTION ( 'NONE',  ( 0.9063077870368824174, 0.000000000000000000, 0.4226182617402011732 ) ) ;
#1981 = ORIENTED_EDGE ( 'NONE', *, *, #2264, .T. ) ;
#1982 = FACE_OUTER_BOUND ( 'NONE', #5901, .T. ) ;
#1983 = FACE_OUTER_BOUND ( 'NONE', #4403, .T. ) ;
#1984 = CARTESIAN_POINT ( 'NONE',  ( 16.42414633486759712, 0.000000000000000000, 3.931755278064975823 ) ) ;
#1985 = B_SPLINE_CURVE_WITH_KNOTS ( 'NONE', 3,
 ( #851, #4806, #1342, #6091 ),
 .UNSPECIFIED., .F., .F.,
 ( 4, 4 ),
 ( 0.0001598850651030346895, 0.0003375829448513028913 ),
 .UNSPECIFIED. ) ;
#1986 = ORIENTED_EDGE ( 'NONE', *, *, #130, .F. ) ;
#1987 = ORIENTED_EDGE ( 'NONE', *, *, #2502, .F. ) ;
#1988 = CARTESIAN_POINT ( 'NONE',  ( -19.84842270413053456, 0.000000000000000000, -12.63728674036303268 ) ) ;
#1989 = EDGE_CURVE ( 'NONE', #981, #4672, #4192, .T. ) ;
#1990 = LINE ( 'NONE', #4850, #5165 ) ;
#1991 = ORIENTED_EDGE ( 'NONE', *, *, #302, .F. ) ;
#1992 = FACE_OUTER_BOUND ( 'NONE', #602, .T. ) ;
#1993 = CARTESIAN_POINT ( 'NONE',  ( 10.05434245573841068, 5.764999999999999680, 13.56913704619687699 ) ) ;
#1994 = APPLICATION_PROTOCOL_DEFINITION ( 'draft international standard', 'automotive_design', 1998, #2659 ) ;
#1995 = EDGE_CURVE ( 'NONE', #1953, #5119, #2771, .T. ) ;
#1996 = LINE ( 'NONE', #3461, #45 ) ;
#1997 = DIRECTION ( 'NONE',  ( -0.000000000000000000, -1.000000000000000000, -0.000000000000000000 ) ) ;
#1998 = AXIS2_PLACEMENT_3D ( 'NONE', #2733, #9, #1908 ) ;
#1999 = ORIENTED_EDGE ( 'NONE', *, *, #3529, .T. ) ;
#2000 = EDGE_CURVE ( 'NONE', #2972, #2017, #5149, .T. ) ;
#2001 = ADVANCED_FACE ( 'NONE', ( #4863, #4950, #194 ), #4920, .F. ) ;
#2002 = LINE ( 'NONE', #4159, #3076 ) ;
#2003 = ORIENTED_EDGE ( 'NONE', *, *, #4587, .F. ) ;
#2004 = ORIENTED_EDGE ( 'NONE', *, *, #3252, .T. ) ;
#2005 = LINE ( 'NONE', #1516, #2204 ) ;
#2006 = VECTOR ( 'NONE', #5334, 1000.000000000000114 ) ;
#2007 = CARTESIAN_POINT ( 'NONE',  ( 0.9855541338458263523, 6.264999999999999680, 1.174537679710378146 ) ) ;
#2008 = CARTESIAN_POINT ( 'NONE',  ( -9.915078265544368108, 6.264999999999997904, -29.61819441674022713 ) ) ;
#2009 = DIRECTION ( 'NONE',  ( 0.000000000000000000, 0.000000000000000000, 1.000000000000000000 ) ) ;
#2010 = VECTOR ( 'NONE', #2876, 1000.000000000000000 ) ;
#2011 = CARTESIAN_POINT ( 'NONE',  ( 12.41882725091116058, 6.226413309392081707, -29.58443282728313406 ) ) ;
#2012 = ORIENTED_EDGE ( 'NONE', *, *, #4024, .F. ) ;
#2013 = CARTESIAN_POINT ( 'NONE',  ( 0.3983431104226154984, 6.264999999999999680, 0.3342495570376318170 ) ) ;
#2014 =( GEOMETRIC_REPRESENTATION_CONTEXT ( 3 ) GLOBAL_UNCERTAINTY_ASSIGNED_CONTEXT ( ( #2813 ) ) GLOBAL_UNIT_ASSIGNED_CONTEXT ( ( #1490, #77, #5242 ) ) REPRESENTATION_CONTEXT ( 'NONE', 'WORKASPACE' ) );
#2015 = VECTOR ( 'NONE', #1104, 1000.000000000000000 ) ;
#2016 = DIRECTION ( 'NONE',  ( 0.000000000000000000, 0.000000000000000000, -1.000000000000000000 ) ) ;
#2017 = VERTEX_POINT ( 'NONE', #1087 ) ;
#2018 = ORIENTED_EDGE ( 'NONE', *, *, #5384, .F. ) ;
#2019 = AXIS2_PLACEMENT_3D ( 'NONE', #3649, #4043, #1714 ) ;
#2020 = AXIS2_PLACEMENT_3D ( 'NONE', #1488, #5770, #1062 ) ;
#2021 = DIRECTION ( 'NONE',  ( 0.000000000000000000, 1.000000000000000000, -0.000000000000000000 ) ) ;
#2022 = LINE ( 'NONE', #2907, #154 ) ;
#2023 = ORIENTED_EDGE ( 'NONE', *, *, #1179, .F. ) ;
#2024 = LINE ( 'NONE', #5353, #1829 ) ;
#2025 = TOROIDAL_SURFACE ( 'NONE', #2029, 24.52749999999999275, 0.5000000000000000000 ) ;
#2026 = VECTOR ( 'NONE', #2963, 1000.000000000000114 ) ;
#2027 = EDGE_CURVE ( 'NONE', #3382, #5750, #4834, .T. ) ;
#2028 = LINE ( 'NONE', #2081, #5320 ) ;
#2029 = AXIS2_PLACEMENT_3D ( 'NONE', #4349, #3946, #4413 ) ;
#2030 = CARTESIAN_POINT ( 'NONE',  ( -15.42328504880900653, 6.251739144609987697, 19.38234143495473205 ) ) ;
#2031 = CARTESIAN_POINT ( 'NONE',  ( 15.89194039108607015, 5.888645333209340471, 17.35243875097005883 ) ) ;
#2032 = EDGE_CURVE ( 'NONE', #3354, #4188, #5399, .T. ) ;
#2033 = DIRECTION ( 'NONE',  ( 0.000000000000000000, 1.000000000000000000, 0.000000000000000000 ) ) ;
#2034 = EDGE_LOOP ( 'NONE', ( #2259, #5408, #2905, #1498, #2334 ) ) ;
#2035 = DIRECTION ( 'NONE',  ( 0.000000000000000000, 0.000000000000000000, -1.000000000000000000 ) ) ;
#2036 = ORIENTED_EDGE ( 'NONE', *, *, #2511, .T. ) ;
#2037 = ORIENTED_EDGE ( 'NONE', *, *, #5304, .T. ) ;
#2038 = DIRECTION ( 'NONE',  ( -0.3420201433256677137, 0.000000000000000000, -0.9396926207859087610 ) ) ;
#2039 = CARTESIAN_POINT ( 'NONE',  ( -9.102880438422825904, 6.264999999999999680, -22.77577274152907449 ) ) ;
#2040 = DIRECTION ( 'NONE',  ( 0.000000000000000000, 0.000000000000000000, 1.000000000000000000 ) ) ;
#2041 = ADVANCED_FACE ( 'NONE', ( #2943 ), #1600, .T. ) ;
#2042 = DIRECTION ( 'NONE',  ( 0.9063077870365631172, 0.000000000000000000, -0.4226182617408856812 ) ) ;
#2043 = FACE_OUTER_BOUND ( 'NONE', #134, .T. ) ;
#2044 = ORIENTED_EDGE ( 'NONE', *, *, #2924, .T. ) ;
#2045 = DIRECTION ( 'NONE',  ( 0.000000000000000000, 0.000000000000000000, 1.000000000000000000 ) ) ;
#2046 = CARTESIAN_POINT ( 'NONE',  ( 9.511283720560109955, 5.764999999999999680, -23.14975676410030658 ) ) ;
#2047 = ORIENTED_EDGE ( 'NONE', *, *, #1718, .F. ) ;
#2048 = ORIENTED_EDGE ( 'NONE', *, *, #3654, .T. ) ;
#2049 = CARTESIAN_POINT ( 'NONE',  ( 0.000000000000000000, 6.264999999999999680, 0.000000000000000000 ) ) ;
#2050 = DIRECTION ( 'NONE',  ( 0.8191520442892409326, -0.000000000000000000, 0.5735764363506903329 ) ) ;
#2051 = ORIENTED_EDGE ( 'NONE', *, *, #4742, .T. ) ;
#2052 = LINE ( 'NONE', #1592, #5372 ) ;
#2053 = CARTESIAN_POINT ( 'NONE',  ( 16.07282071980215932, 5.851846802861086161, 0.9150920754745587304 ) ) ;
#2054 = EDGE_CURVE ( 'NONE', #692, #3952, #3962, .T. ) ;
#2055 =( BOUNDED_CURVE ( )  B_SPLINE_CURVE ( 3, ( #150, #2993, #4883, #672 ),
 .UNSPECIFIED., .F., .T. ) 
 B_SPLINE_CURVE_WITH_KNOTS ( ( 4, 4 ),
 ( 3.141592653589793116, 4.712388980384692339 ),
 .UNSPECIFIED. ) 
 CURVE ( )  GEOMETRIC_REPRESENTATION_ITEM ( )  RATIONAL_B_SPLINE_CURVE ( ( 1.000000000000000000, 0.8047378541243643824, 0.8047378541243643824, 1.000000000000000000 ) ) 
 REPRESENTATION_ITEM ( '' )  );
#2056 = LINE ( 'NONE', #4453, #5142 ) ;
#2057 = CARTESIAN_POINT ( 'NONE',  ( -31.84429173039988470, 6.044248922266319823, 3.796856456106020516 ) ) ;
#2058 = ORIENTED_EDGE ( 'NONE', *, *, #4587, .T. ) ;
#2059 = LINE ( 'NONE', #3935, #2782 ) ;
#2060 = VERTEX_POINT ( 'NONE', #2545 ) ;
#2061 = EDGE_CURVE ( 'NONE', #1783, #2069, #5454, .T. ) ;
#2062 = VERTEX_POINT ( 'NONE', #5795 ) ;
#2063 = CARTESIAN_POINT ( 'NONE',  ( -23.32786525393755639, 5.764999999999999680, 3.077596902476492868 ) ) ;
#2064 = DIRECTION ( 'NONE',  ( -0.08715574274706107405, 0.000000000000000000, 0.9961946980917978367 ) ) ;
#2065 = CARTESIAN_POINT ( 'NONE',  ( -15.60607930271879873, 6.264999999999999680, 19.39860107533191780 ) ) ;
#2066 = PLANE ( 'NONE',  #4815 ) ;
#2067 = EDGE_CURVE ( 'NONE', #2266, #4584, #4370, .T. ) ;
#2068 = LINE ( 'NONE', #690, #5758 ) ;
#2069 = VERTEX_POINT ( 'NONE', #3467 ) ;
#2070 = DIRECTION ( 'NONE',  ( 0.000000000000000000, 0.000000000000000000, -1.000000000000000000 ) ) ;
#2071 = CARTESIAN_POINT ( 'NONE',  ( -16.01792765457008016, 6.264999999999999680, 17.91275784609838340 ) ) ;
#2072 = ORIENTED_EDGE ( 'NONE', *, *, #3160, .T. ) ;
#2073 = EDGE_LOOP ( 'NONE', ( #1809, #5103, #5825, #966, #3501 ) ) ;
#2074 = CARTESIAN_POINT ( 'NONE',  ( 14.81459121830506120, 6.238325924937520917, 18.71499098996243404 ) ) ;
#2075 = EDGE_CURVE ( 'NONE', #4340, #3514, #3963, .T. ) ;
#2076 = B_SPLINE_CURVE_WITH_KNOTS ( 'NONE', 3,
 ( #1363, #902, #5141, #2303 ),
 .UNSPECIFIED., .F., .F.,
 ( 4, 4 ),
 ( 9.851335625380350225E-18, 0.0002633906062293501506 ),
 .UNSPECIFIED. ) ;
#2077 = FACE_OUTER_BOUND ( 'NONE', #185, .T. ) ;
#2078 = VERTEX_POINT ( 'NONE', #709 ) ;
#2079 = CARTESIAN_POINT ( 'NONE',  ( -9.044380299792186051, 6.264999999999997904, -23.13011348129902700 ) ) ;
#2080 = DIRECTION ( 'NONE',  ( 0.9396926207859085389, -0.000000000000000000, 0.3420201433256684909 ) ) ;
#2081 = CARTESIAN_POINT ( 'NONE',  ( -0.4886401628093728911, 6.264999999999999680, 0.1778504745296028422 ) ) ;
#2082 = DIRECTION ( 'NONE',  ( 0.000000000000000000, 0.000000000000000000, 1.000000000000000000 ) ) ;
#2083 = CARTESIAN_POINT ( 'NONE',  ( -3.908739340735260637, 6.113831634978352803, -15.61999512261469469 ) ) ;
#2084 = DIRECTION ( 'NONE',  ( 0.8191520442886223163, 0.000000000000000000, -0.5735764363515737374 ) ) ;
#2085 = VERTEX_POINT ( 'NONE', #5919 ) ;
#2086 = CARTESIAN_POINT ( 'NONE',  ( -15.89194039108521039, 5.764999999999999680, 17.35243875097084398 ) ) ;
#2087 = ORIENTED_EDGE ( 'NONE', *, *, #5230, .F. ) ;
#2088 = ORIENTED_EDGE ( 'NONE', *, *, #1968, .T. ) ;
#2089 = CARTESIAN_POINT ( 'NONE',  ( -0.09029705238692785352, 5.764999999999999680, -0.5121000315670560799 ) ) ;
#2090 = CARTESIAN_POINT ( 'NONE',  ( 17.85439826558050314, 5.764999999999999680, -12.50178425576351415 ) ) ;
#2091 = CIRCLE ( 'NONE', #4452, 24.03000000000000114 ) ;
#2092 = EDGE_CURVE ( 'NONE', #5112, #2085, #742, .T. ) ;
#2093 = CARTESIAN_POINT ( 'NONE',  ( 8.895625302110296673, 6.159543664874949087, -21.97432036088998686 ) ) ;
#2094 = VECTOR ( 'NONE', #1221, 1000.000000000000000 ) ;
#2095 = CARTESIAN_POINT ( 'NONE',  ( -31.19276894612026751, 3.265000000000000124, 7.419106642638173099 ) ) ;
#2096 = ORIENTED_EDGE ( 'NONE', *, *, #4273, .F. ) ;
#2097 = PLANE ( 'NONE',  #273 ) ;
#2098 = VECTOR ( 'NONE', #3588, 1000.000000000000000 ) ;
#2099 = ADVANCED_FACE ( 'NONE', ( #2118 ), #5892, .F. ) ;
#2100 = DIRECTION ( 'NONE',  ( 0.3420201433256418455, -0.000000000000000000, -0.9396926207859181979 ) ) ;
#2101 = ORIENTED_EDGE ( 'NONE', *, *, #307, .T. ) ;
#2102 = ORIENTED_EDGE ( 'NONE', *, *, #4618, .F. ) ;
#2103 = CARTESIAN_POINT ( 'NONE',  ( 0.000000000000000000, 5.764999999999999680, 0.000000000000000000 ) ) ;
#2104 = VECTOR ( 'NONE', #390, 1000.000000000000114 ) ;
#2105 = CARTESIAN_POINT ( 'NONE',  ( -6.963911218291615413, 6.264999999999999680, 9.945495925541415261 ) ) ;
#2106 = AXIS2_PLACEMENT_3D ( 'NONE', #3242, #509, #2773 ) ;
#2107 = ORIENTED_EDGE ( 'NONE', *, *, #5323, .T. ) ;
#2108 = LINE ( 'NONE', #1479, #3290 ) ;
#2109 = CARTESIAN_POINT ( 'NONE',  ( 24.13525282321869270, 6.254046778225737846, 4.985932947547880190 ) ) ;
#2110 = EDGE_CURVE ( 'NONE', #4733, #5112, #2059, .T. ) ;
#2111 = AXIS2_PLACEMENT_3D ( 'NONE', #1844, #5108, #5039 ) ;
#2112 = LINE ( 'NONE', #5356, #4714 ) ;
#2113 = DIRECTION ( 'NONE',  ( -0.000000000000000000, -1.000000000000000000, -0.000000000000000000 ) ) ;
#2114 = CIRCLE ( 'NONE', #2207, 14.64608244481026667 ) ;
#2115 = LINE ( 'NONE', #5916, #5540 ) ;
#2116 = ORIENTED_EDGE ( 'NONE', *, *, #3564, .T. ) ;
#2117 = CIRCLE ( 'NONE', #5282, 25.02749999999999631 ) ;
#2118 = FACE_OUTER_BOUND ( 'NONE', #5526, .T. ) ;
#2119 = ORIENTED_EDGE ( 'NONE', *, *, #4676, .F. ) ;
#2120 = VERTEX_POINT ( 'NONE', #5824 ) ;
#2121 = DIRECTION ( 'NONE',  ( -0.000000000000000000, 1.000000000000000000, -0.000000000000000000 ) ) ;
#2122 = CARTESIAN_POINT ( 'NONE',  ( 19.44714498010817749, 6.265000000000000568, 24.44084224494611135 ) ) ;
#2123 = CARTESIAN_POINT ( 'NONE',  ( 23.90990065744999526, 0.000000000000000000, 4.215960591964933890 ) ) ;
#2124 = AXIS2_PLACEMENT_3D ( 'NONE', #2671, #4556, #5468 ) ;
#2125 = CARTESIAN_POINT ( 'NONE',  ( 0.000000000000000000, 6.264999999999999680, 0.000000000000000000 ) ) ;
#2126 = AXIS2_PLACEMENT_3D ( 'NONE', #4113, #6012, #404 ) ;
#2127 = CARTESIAN_POINT ( 'NONE',  ( -30.60764791189551914, 6.265000000000000568, 6.222387549897714365 ) ) ;
#2128 = VERTEX_POINT ( 'NONE', #2609 ) ;
#2129 = CARTESIAN_POINT ( 'NONE',  ( 31.84909871781023938, 5.841007553701594190, 3.696875540764981594 ) ) ;
#2130 = EDGE_CURVE ( 'NONE', #1711, #4259, #4491, .T. ) ;
#2131 = CIRCLE ( 'NONE', #3217, 25.02749999999999275 ) ;
#2132 = DIRECTION ( 'NONE',  ( 0.000000000000000000, 0.000000000000000000, -1.000000000000000000 ) ) ;
#2133 = EDGE_LOOP ( 'NONE', ( #1181, #4203, #1676, #3690, #5695, #1008 ) ) ;
#2134 = ORIENTED_EDGE ( 'NONE', *, *, #6072, .T. ) ;
#2135 = CARTESIAN_POINT ( 'NONE',  ( -7.503939519275952819, 6.264999999999999680, -22.82831118788791258 ) ) ;
#2136 = ORIENTED_EDGE ( 'NONE', *, *, #705, .F. ) ;
#2137 = CARTESIAN_POINT ( 'NONE',  ( -9.648722270782593924, 6.265000000000001457, -30.60904276090564125 ) ) ;
#2138 = CARTESIAN_POINT ( 'NONE',  ( 14.85913885745105389, 6.264999999999999680, 18.88509709837331130 ) ) ;
#2139 = EDGE_CURVE ( 'NONE', #4027, #803, #4895, .T. ) ;
#2140 = CARTESIAN_POINT ( 'NONE',  ( 15.60607930272298027, 0.000000000000000000, 19.39860107532970801 ) ) ;
#2141 = CARTESIAN_POINT ( 'NONE',  ( -15.54687491418168399, 6.219357122083188472, 4.199411470539478053 ) ) ;
#2142 = EDGE_CURVE ( 'NONE', #1381, #5193, #3440, .T. ) ;
#2143 = LINE ( 'NONE', #799, #3763 ) ;
#2144 = DIRECTION ( 'NONE',  ( 0.000000000000000000, 0.5457393103138310497, -0.8379550138152905836 ) ) ;
#2145 = CARTESIAN_POINT ( 'NONE',  ( -19.12613749183868350, 3.265000000000000124, 25.73369080688125976 ) ) ;
#2146 = ORIENTED_EDGE ( 'NONE', *, *, #4949, .T. ) ;
#2147 = VERTEX_POINT ( 'NONE', #4983 ) ;
#2148 = EDGE_CURVE ( 'NONE', #1007, #4390, #5208, .T. ) ;
#2149 = CARTESIAN_POINT ( 'NONE',  ( -9.794555928166921888, 6.264999999999999680, -30.56969980137444409 ) ) ;
#2150 = CARTESIAN_POINT ( 'NONE',  ( -0.5244024014048652704, 6.264999999999999680, -1.440783756571787144 ) ) ;
#2151 = B_SPLINE_CURVE_WITH_KNOTS ( 'NONE', 3,
 ( #334, #6038, #4609, #3156 ),
 .UNSPECIFIED., .F., .F.,
 ( 4, 4 ),
 ( 0.0008311576356461026051, 0.001020059700433542573 ),
 .UNSPECIFIED. ) ;
#2152 = VECTOR ( 'NONE', #4901, 1000.000000000000114 ) ;
#2153 = CARTESIAN_POINT ( 'NONE',  ( 16.07282071980216287, 6.264999999999999680, 0.9150920754745583974 ) ) ;
#2154 = DIRECTION ( 'NONE',  ( 0.000000000000000000, 0.000000000000000000, 1.000000000000000000 ) ) ;
#2155 = PRODUCT_DEFINITION_FORMATION_WITH_SPECIFIED_SOURCE ( 'ANY', '', #2869, .NOT_KNOWN. ) ;
#2156 = CARTESIAN_POINT ( 'NONE',  ( 20.86842270412794065, 3.265000000000000124, -10.87059491664726352 ) ) ;
#2157 = DIRECTION ( 'NONE',  ( -0.3420201433256677137, 0.000000000000000000, -0.9396926207859088720 ) ) ;
#2158 = DIRECTION ( 'NONE',  ( 0.000000000000000000, 0.000000000000000000, -1.000000000000000000 ) ) ;
#2159 = ORIENTED_EDGE ( 'NONE', *, *, #1801, .F. ) ;
#2160 = ADVANCED_FACE ( 'NONE', ( #776 ), #1782, .T. ) ;
#2161 = CARTESIAN_POINT ( 'NONE',  ( -14.32920972712166652, 0.000000000000000000, 18.66372547473203625 ) ) ;
#2162 = B_SPLINE_CURVE_WITH_KNOTS ( 'NONE', 3,
 ( #5328, #3434, #155, #3955, #2966, #5391, #187, #5850, #2053, #5818 ),
 .UNSPECIFIED., .F., .F.,
 ( 4, 2, 2, 2, 4 ),
 ( 0.000000000000000000, 0.0002540264268553385886, 0.0005080528537106771773, 0.0007620792805660157659, 0.001016105707421354355 ),
 .UNSPECIFIED. ) ;
#2163 = DIRECTION ( 'NONE',  ( 0.6427876096865468014, -0.000000000000000000, -0.7660444431189717962 ) ) ;
#2164 = CARTESIAN_POINT ( 'NONE',  ( -11.61707311970166501, 5.764999999999999680, 12.25785032243587658 ) ) ;
#2165 = CARTESIAN_POINT ( 'NONE',  ( -9.171249647149547712, 5.841037802762249598, -30.72328364303757553 ) ) ;
#2166 = CARTESIAN_POINT ( 'NONE',  ( -12.58578968524776620, 6.098366653769082824, -29.50094583045089180 ) ) ;
#2167 = TOROIDAL_SURFACE ( 'NONE', #788, 24.03000000000000114, 0.5000000000000000000 ) ;
#2168 = LINE ( 'NONE', #5478, #4669 ) ;
#2169 = ADVANCED_FACE ( 'NONE', ( #5080 ), #6009, .F. ) ;
#2170 = CARTESIAN_POINT ( 'NONE',  ( -15.41649094842271239, 5.764999999999999680, 4.637323175571033573 ) ) ;
#2171 = CARTESIAN_POINT ( 'NONE',  ( -4.460940800293285768, 6.264999999999999680, -15.47651244522915803 ) ) ;
#2172 = DIRECTION ( 'NONE',  ( -0.4226182617401657016, -0.000000000000000000, 0.9063077870368988487 ) ) ;
#2173 = ADVANCED_FACE ( 'NONE', ( #2662 ), #832, .T. ) ;
#2174 = DIRECTION ( 'NONE',  ( 0.000000000000000000, 1.000000000000000000, 0.000000000000000000 ) ) ;
#2175 = ORIENTED_EDGE ( 'NONE', *, *, #1406, .T. ) ;
#2176 = ORIENTED_EDGE ( 'NONE', *, *, #1733, .T. ) ;
#2177 = CARTESIAN_POINT ( 'NONE',  ( -12.50178425574864960, 6.264999999999999680, 17.85439826558410559 ) ) ;
#2178 = LINE ( 'NONE', #837, #4201 ) ;
#2180 = EDGE_CURVE ( 'NONE', #5486, #2062, #3129, .T. ) ;
#2179 = CARTESIAN_POINT ( 'NONE',  ( -11.72428514981518255, 3.265000000000000124, 11.03241121076153597 ) ) ;
#2181 = EDGE_CURVE ( 'NONE', #13, #2619, #5817, .T. ) ;
#2182 = DIRECTION ( 'NONE',  ( 0.000000000000000000, 1.000000000000000000, 0.000000000000000000 ) ) ;
#2183 = CIRCLE ( 'NONE', #4351, 14.57731163100814342 ) ;
#2184 = DIRECTION ( 'NONE',  ( -0.000000000000000000, -1.000000000000000000, 0.000000000000000000 ) ) ;
#2185 = PLANE ( 'NONE',  #4786 ) ;
#2187 = EDGE_CURVE ( 'NONE', #2128, #2798, #3669, .T. ) ;
#2186 = CARTESIAN_POINT ( 'NONE',  ( 0.000000000000000000, 0.000000000000000000, 0.000000000000000000 ) ) ;
#2188 = ORIENTED_EDGE ( 'NONE', *, *, #1772, .T. ) ;
#2189 = CARTESIAN_POINT ( 'NONE',  ( -24.52209377040309235, 6.200926026333890562, 3.542865529045367445 ) ) ;
#2190 = B_SPLINE_CURVE_WITH_KNOTS ( 'NONE', 3,
 ( #2316, #3739, #2345, #1923, #1864, #5625, #6057, #1407 ),
 .UNSPECIFIED., .F., .F.,
 ( 4, 2, 2, 4 ),
 ( 0.000000000000000000, 0.0002554680715914160239, 0.0005109361431828320478, 0.001021872286365660626 ),
 .UNSPECIFIED. ) ;
#2191 = DIRECTION ( 'NONE',  ( -0.9848077530122080203, -0.000000000000000000, -0.1736481776669302757 ) ) ;
#2192 = ORIENTED_EDGE ( 'NONE', *, *, #617, .T. ) ;
#2193 = DIRECTION ( 'NONE',  ( 0.000000000000000000, 0.000000000000000000, -1.000000000000000000 ) ) ;
#2194 = CARTESIAN_POINT ( 'NONE',  ( 20.79608018602494823, 6.264999999999999680, 23.19696497017266879 ) ) ;
#2195 = CIRCLE ( 'NONE', #3180, 14.57731163100814342 ) ;
#2196 = ORIENTED_EDGE ( 'NONE', *, *, #2726, .T. ) ;
#2197 = CIRCLE ( 'NONE', #5268, 0.7999999999999986011 ) ;
#2198 = AXIS2_PLACEMENT_3D ( 'NONE', #3395, #5342, #4346 ) ;
#2199 = CARTESIAN_POINT ( 'NONE',  ( -15.48181655269747203, 6.114145032862488449, 4.424481202616758146 ) ) ;
#2200 = ORIENTED_EDGE ( 'NONE', *, *, #4697, .T. ) ;
#2201 = PRODUCT_DEFINITION ( 'UNKNOWN', '', #2155, #5032 ) ;
#2202 = EDGE_CURVE ( 'NONE', #2226, #3921, #2583, .T. ) ;
#2203 = AXIS2_PLACEMENT_3D ( 'NONE', #5701, #1053, #2598 ) ;
#2204 = VECTOR ( 'NONE', #75, 1000.000000000000114 ) ;
#2205 = LINE ( 'NONE', #2728, #5117 ) ;
#2206 = CARTESIAN_POINT ( 'NONE',  ( 0.000000000000000000, 0.000000000000000000, 0.000000000000000000 ) ) ;
#2207 = AXIS2_PLACEMENT_3D ( 'NONE', #1318, #427, #3718 ) ;
#2208 = ORIENTED_EDGE ( 'NONE', *, *, #4594, .F. ) ;
#2209 = VERTEX_POINT ( 'NONE', #3656 ) ;
#2210 = DIRECTION ( 'NONE',  ( 0.5735764363516123732, 0.000000000000000000, -0.8191520442885952269 ) ) ;
#2211 = CARTESIAN_POINT ( 'NONE',  ( 23.78454326885316306, 6.264999999999999680, 3.425843179722543042 ) ) ;
#2212 = EDGE_CURVE ( 'NONE', #4161, #3269, #2292, .T. ) ;
#2213 = AXIS2_PLACEMENT_3D ( 'NONE', #447, #3795, #1861 ) ;
#2214 = AXIS2_PLACEMENT_3D ( 'NONE', #1565, #731, #1106 ) ;
#2215 = CARTESIAN_POINT ( 'NONE',  ( 0.000000000000000000, 5.764999999999999680, 0.000000000000000000 ) ) ;
#2216 = ORIENTED_EDGE ( 'NONE', *, *, #3538, .F. ) ;
#2217 = FACE_OUTER_BOUND ( 'NONE', #510, .T. ) ;
#2218 = CARTESIAN_POINT ( 'NONE',  ( 0.000000000000000000, 6.264999999999999680, 0.000000000000000000 ) ) ;
#2219 = CARTESIAN_POINT ( 'NONE',  ( 9.511283720560113508, 6.264999999999999680, -23.14975676410030303 ) ) ;
#2220 = EDGE_CURVE ( 'NONE', #4783, #4247, #1752, .T. ) ;
#2221 = CYLINDRICAL_SURFACE ( 'NONE', #850, 25.02749999999999275 ) ;
#2222 = AXIS2_PLACEMENT_3D ( 'NONE', #4713, #4191, #3732 ) ;
#2223 = EDGE_LOOP ( 'NONE', ( #2931, #2048 ) ) ;
#2224 = LINE ( 'NONE', #3640, #4454 ) ;
#2225 = CARTESIAN_POINT ( 'NONE',  ( -15.60607930271879873, 0.000000000000000000, 18.59860107532919216 ) ) ;
#2226 = VERTEX_POINT ( 'NONE', #3623 ) ;
#2227 = CARTESIAN_POINT ( 'NONE',  ( -9.511283720561253929, 5.764999999999999680, -23.14975676409983407 ) ) ;
#2228 = DIRECTION ( 'NONE',  ( -0.7660444431189774583, 0.000000000000000000, 0.6427876096865401401 ) ) ;
#2229 = EDGE_CURVE ( 'NONE', #4919, #4235, #3595, .T. ) ;
#2230 = AXIS2_PLACEMENT_3D ( 'NONE', #1639, #3042, #4925 ) ;
#2231 = ORIENTED_EDGE ( 'NONE', *, *, #5691, .T. ) ;
#2232 = ORIENTED_EDGE ( 'NONE', *, *, #3764, .T. ) ;
#2233 = DIRECTION ( 'NONE',  ( -0.9848077530122083534, -0.000000000000000000, 0.1736481776669292765 ) ) ;
#2234 = CARTESIAN_POINT ( 'NONE',  ( 5.979726014091932385, 0.000000000000000000, -16.42916219819833756 ) ) ;
#2235 = CARTESIAN_POINT ( 'NONE',  ( 15.60607930272298027, 0.000000000000000000, 18.59860107532696105 ) ) ;
#2236 = ORIENTED_EDGE ( 'NONE', *, *, #5359, .T. ) ;
#2237 = CARTESIAN_POINT ( 'NONE',  ( -21.57685864997098335, 6.264999999999999680, 23.76718415326719480 ) ) ;
#2238 = DIRECTION ( 'NONE',  ( -0.8191520442888744480, 0.000000000000000000, 0.5735764363512138031 ) ) ;
#2239 = EDGE_CURVE ( 'NONE', #2908, #6022, #5541, .T. ) ;
#2240 = CARTESIAN_POINT ( 'NONE',  ( 9.211470339406080399, 6.264999999999999680, -19.75406189090361408 ) ) ;
#2241 = ORIENTED_EDGE ( 'NONE', *, *, #1660, .F. ) ;
#2242 = ORIENTED_EDGE ( 'NONE', *, *, #6096, .T. ) ;
#2243 = FACE_OUTER_BOUND ( 'NONE', #6004, .T. ) ;
#2244 = CARTESIAN_POINT ( 'NONE',  ( 30.84144333032081420, 5.764999999999999680, 4.402443439001797465 ) ) ;
#2245 = LINE ( 'NONE', #4117, #1199 ) ;
#2246 = ADVANCED_FACE ( 'NONE', ( #1322 ), #3194, .T. ) ;
#2247 = ORIENTED_EDGE ( 'NONE', *, *, #1373, .F. ) ;
#2248 = CARTESIAN_POINT ( 'NONE',  ( 16.42414633486759712, 5.764999999999999680, 3.931755278064975823 ) ) ;
#2249 = CARTESIAN_POINT ( 'NONE',  ( -24.44967702698092893, 5.764999999999999680, 5.346872873588896624 ) ) ;
#2250 = CARTESIAN_POINT ( 'NONE',  ( 31.84812177703504688, 5.915060844301233800, 3.719252666620627146 ) ) ;
#2251 =( BOUNDED_CURVE ( )  B_SPLINE_CURVE ( 3, ( #5995, #1710, #1768, #728 ),
 .UNSPECIFIED., .F., .T. ) 
 B_SPLINE_CURVE_WITH_KNOTS ( ( 4, 4 ),
 ( 6.239822803045045774, 6.326547811314126690 ),
 .UNSPECIFIED. ) 
 CURVE ( )  GEOMETRIC_REPRESENTATION_ITEM ( )  RATIONAL_B_SPLINE_CURVE ( ( 1.000000000000000000, 0.9993733292820589087, 0.9993733292820589087, 1.000000000000000000 ) ) 
 REPRESENTATION_ITEM ( '' )  );
#2252 = CYLINDRICAL_SURFACE ( 'NONE', #2313, 0.5000000000000002220 ) ;
#2253 = ORIENTED_EDGE ( 'NONE', *, *, #2180, .F. ) ;
#2254 = ORIENTED_EDGE ( 'NONE', *, *, #688, .T. ) ;
#2255 = EDGE_CURVE ( 'NONE', #3551, #2828, #2269, .T. ) ;
#2256 = AXIS2_PLACEMENT_3D ( 'NONE', #161, #4455, #5917 ) ;
#2257 = DIRECTION ( 'NONE',  ( 0.000000000000000000, 0.000000000000000000, -1.000000000000000000 ) ) ;
#2258 = DIRECTION ( 'NONE',  ( 0.6427876096865312583, 0.000000000000000000, 0.7660444431189847858 ) ) ;
#2259 = ORIENTED_EDGE ( 'NONE', *, *, #1467, .F. ) ;
#2260 = CYLINDRICAL_SURFACE ( 'NONE', #3475, 0.8000000000000020428 ) ;
#2261 = EDGE_LOOP ( 'NONE', ( #1169, #1276, #4051, #7, #4771, #2012, #2101 ) ) ;
#2262 = ORIENTED_EDGE ( 'NONE', *, *, #5667, .T. ) ;
#2263 = CARTESIAN_POINT ( 'NONE',  ( -11.60809380826081316, 5.764999999999999680, -28.91069513293903270 ) ) ;
#2264 = EDGE_CURVE ( 'NONE', #5181, #3341, #6039, .T. ) ;
#2265 = CARTESIAN_POINT ( 'NONE',  ( 22.97362297149689070, 5.764999999999999680, 5.086604718622285581 ) ) ;
#2266 = VERTEX_POINT ( 'NONE', #2298 ) ;
#2267 = CARTESIAN_POINT ( 'NONE',  ( 4.972349239468750071, 6.264999999999999680, -16.03815802711460137 ) ) ;
#2268 = FACE_OUTER_BOUND ( 'NONE', #1411, .T. ) ;
#2269 = LINE ( 'NONE', #4144, #5155 ) ;
#2270 = EDGE_LOOP ( 'NONE', ( #4534, #920, #4270, #3787 ) ) ;
#2271 = EDGE_LOOP ( 'NONE', ( #641, #85, #1206, #4866, #2337, #1891 ) ) ;
#2272 = DIRECTION ( 'NONE',  ( 0.000000000000000000, 0.000000000000000000, -1.000000000000000000 ) ) ;
#2273 = CARTESIAN_POINT ( 'NONE',  ( 14.32920972712218166, 5.764999999999999680, 18.66372547473164900 ) ) ;
#2274 = CARTESIAN_POINT ( 'NONE',  ( 1.020000000000000018, 4.241147254709322745, 23.50788165701027310 ) ) ;
#2275 = FACE_OUTER_BOUND ( 'NONE', #282, .T. ) ;
#2276 = DIRECTION ( 'NONE',  ( -0.000000000000000000, 1.000000000000000000, -0.000000000000000000 ) ) ;
#2277 = CARTESIAN_POINT ( 'NONE',  ( 20.79608018602494823, 6.264999999999999680, 23.19696497017266879 ) ) ;
#2278 = EDGE_CURVE ( 'NONE', #4306, #4921, #4165, .T. ) ;
#2279 = FACE_OUTER_BOUND ( 'NONE', #3188, .T. ) ;
#2280 = B_SPLINE_CURVE_WITH_KNOTS ( 'NONE', 3,
 ( #2759, #3324, #2302, #4236, #34, #5206, #992, #2850 ),
 .UNSPECIFIED., .F., .F.,
 ( 4, 2, 2, 4 ),
 ( 0.0002326562781561441172, 0.0004093576251827722549, 0.0005860589722094003114, 0.0009394616662626565327 ),
 .UNSPECIFIED. ) ;
#2281 = DIRECTION ( 'NONE',  ( 0.000000000000000000, 0.000000000000000000, 1.000000000000000000 ) ) ;
#2282 = CARTESIAN_POINT ( 'NONE',  ( -16.39539829303322094, 6.235787267806716550, 18.46831089329711872 ) ) ;
#2283 = VERTEX_POINT ( 'NONE', #555 ) ;
#2284 = CARTESIAN_POINT ( 'NONE',  ( 11.23820881949115780, 6.264999999999999680, 13.39317573496640357 ) ) ;
#2285 = DIRECTION ( 'NONE',  ( 0.000000000000000000, 0.000000000000000000, -1.000000000000000000 ) ) ;
#2286 = EDGE_CURVE ( 'NONE', #4469, #4796, #4685, .T. ) ;
#2287 = VECTOR ( 'NONE', #4849, 1000.000000000000000 ) ;
#2288 = VERTEX_POINT ( 'NONE', #5 ) ;
#2289 = ORIENTED_EDGE ( 'NONE', *, *, #3050, .T. ) ;
#2290 = LINE ( 'NONE', #6032, #2617 ) ;
#2291 = CARTESIAN_POINT ( 'NONE',  ( -16.07282071980270644, 0.000000000000000000, 0.9150920754742549734 ) ) ;
#2292 = CIRCLE ( 'NONE', #5748, 23.53000000000000114 ) ;
#2293 = ORIENTED_EDGE ( 'NONE', *, *, #1076, .T. ) ;
#2294 = CARTESIAN_POINT ( 'NONE',  ( 8.303821354727178417, 0.000000000000000000, -22.01456166729558817 ) ) ;
#2295 = EDGE_CURVE ( 'NONE', #4790, #1102, #2296, .T. ) ;
#2296 = CIRCLE ( 'NONE', #2682, 14.64608244481071431 ) ;
#2297 = LINE ( 'NONE', #5010, #2454 ) ;
#2298 = CARTESIAN_POINT ( 'NONE',  ( -19.23334952206178272, 0.000000000000000000, 24.50825169393615610 ) ) ;
#2299 = ORIENTED_EDGE ( 'NONE', *, *, #2000, .T. ) ;
#2300 = ORIENTED_EDGE ( 'NONE', *, *, #3949, .T. ) ;
#2301 = CIRCLE ( 'NONE', #5951, 24.52749999999999631 ) ;
#2302 = CARTESIAN_POINT ( 'NONE',  ( -7.747258336692019576, 6.200926026334244945, -23.53433592234687310 ) ) ;
#2303 = CARTESIAN_POINT ( 'NONE',  ( 24.43080516915483003, 6.235787267805525502, 3.608788054962495995 ) ) ;
#2304 = CARTESIAN_POINT ( 'NONE',  ( -23.54529487373023855, 6.210085216636439753, 3.375795704817615928 ) ) ;
#2305 = AXIS2_PLACEMENT_3D ( 'NONE', #3788, #5121, #380 ) ;
#2306 = ORIENTED_EDGE ( 'NONE', *, *, #1093, .T. ) ;
#2307 = DIRECTION ( 'NONE',  ( 0.000000000000000000, -0.000000000000000000, -1.000000000000000000 ) ) ;
#2308 = CARTESIAN_POINT ( 'NONE',  ( -16.07282071980270644, 5.764999999999999680, 0.9150920754742549734 ) ) ;
#2309 = CARTESIAN_POINT ( 'NONE',  ( -15.89194039108521039, 3.265000000000000124, 17.35243875097084398 ) ) ;
#2310 = CARTESIAN_POINT ( 'NONE',  ( -22.97362297149675214, 0.000000000000000000, 5.086604718622892207 ) ) ;
#2311 = DIRECTION ( 'NONE',  ( 0.9848077530122083534, 0.000000000000000000, -0.1736481776669292765 ) ) ;
#2312 = ORIENTED_EDGE ( 'NONE', *, *, #2054, .F. ) ;
#2313 = AXIS2_PLACEMENT_3D ( 'NONE', #5440, #4932, #4995 ) ;
#2314 = FACE_OUTER_BOUND ( 'NONE', #3766, .T. ) ;
#2315 = EDGE_CURVE ( 'NONE', #1898, #3441, #3064, .T. ) ;
#2316 = CARTESIAN_POINT ( 'NONE',  ( -11.72428514981518255, 5.764999999999999680, 11.03241121076153597 ) ) ;
#2317 = ORIENTED_EDGE ( 'NONE', *, *, #2693, .F. ) ;
#2318 = DIRECTION ( 'NONE',  ( 0.9848077530122071321, 0.000000000000000000, 0.1736481776669362154 ) ) ;
#2319 = DIRECTION ( 'NONE',  ( 0.5735764363505577723, -0.000000000000000000, 0.8191520442893338583 ) ) ;
#2320 = AXIS2_PLACEMENT_3D ( 'NONE', #998, #2889, #3388 ) ;
#2321 = VERTEX_POINT ( 'NONE', #3811 ) ;
#2322 = ORIENTED_EDGE ( 'NONE', *, *, #519, .F. ) ;
#2323 = ADVANCED_FACE ( 'NONE', ( #1051 ), #4728, .F. ) ;
#2324 = CIRCLE ( 'NONE', #3001, 0.8000000000027681635 ) ;
#2325 = DIRECTION ( 'NONE',  ( -0.000000000000000000, -1.000000000000000000, -0.000000000000000000 ) ) ;
#2326 = VERTEX_POINT ( 'NONE', #3748 ) ;
#2327 = LINE ( 'NONE', #491, #4179 ) ;
#2328 = AXIS2_PLACEMENT_3D ( 'NONE', #4586, #4002, #4463 ) ;
#2329 = EDGE_CURVE ( 'NONE', #2994, #3952, #877, .T. ) ;
#2330 = CARTESIAN_POINT ( 'NONE',  ( 24.64765971487702245, 6.114944888431327996, 3.451790278026495962 ) ) ;
#2331 = ORIENTED_EDGE ( 'NONE', *, *, #675, .T. ) ;
#2332 = CARTESIAN_POINT ( 'NONE',  ( -16.39539829303322094, 6.235787267806716550, 18.46831089329711872 ) ) ;
#2333 = DIRECTION ( 'NONE',  ( 0.000000000000000000, 0.000000000000000000, 1.000000000000000000 ) ) ;
#2334 = ORIENTED_EDGE ( 'NONE', *, *, #6037, .T. ) ;
#2335 = CARTESIAN_POINT ( 'NONE',  ( 0.000000000000000000, 5.764999999999999680, 0.000000000000000000 ) ) ;
#2336 = EDGE_CURVE ( 'NONE', #1256, #2796, #989, .T. ) ;
#2337 = ORIENTED_EDGE ( 'NONE', *, *, #5630, .F. ) ;
#2338 = ORIENTED_EDGE ( 'NONE', *, *, #5304, .F. ) ;
#2339 = ORIENTED_EDGE ( 'NONE', *, *, #688, .F. ) ;
#2340 = CARTESIAN_POINT ( 'NONE',  ( -23.90990065744529858, 6.264999999999999680, 4.215960591966866566 ) ) ;
#2341 = DIRECTION ( 'NONE',  ( 0.000000000000000000, -0.000000000000000000, 1.000000000000000000 ) ) ;
#2342 = DIRECTION ( 'NONE',  ( -0.000000000000000000, -1.000000000000000000, -0.000000000000000000 ) ) ;
#2343 = CYLINDRICAL_SURFACE ( 'NONE', #5392, 25.02749999999999275 ) ;
#2344 = CARTESIAN_POINT ( 'NONE',  ( -3.692205798608258149, 0.000000000000000000, -15.66973438633325166 ) ) ;
#2345 = CARTESIAN_POINT ( 'NONE',  ( -11.69833114099324156, 5.933231137178862191, 11.06076956316376858 ) ) ;
#2346 = ORIENTED_EDGE ( 'NONE', *, *, #3988, .T. ) ;
#2347 = DIRECTION ( 'NONE',  ( 0.9961946980916877026, -0.000000000000000000, 0.08715574274831970614 ) ) ;
#2348 = CYLINDRICAL_SURFACE ( 'NONE', #5854, 0.4999999999999997780 ) ;
#2349 = AXIS2_PLACEMENT_3D ( 'NONE', #5405, #343, #5464 ) ;
#2350 = ORIENTED_EDGE ( 'NONE', *, *, #1012, .T. ) ;
#2351 = CARTESIAN_POINT ( 'NONE',  ( 9.485192156497154414, 6.264999999999999680, 13.01743292839957888 ) ) ;
#2352 = VERTEX_POINT ( 'NONE', #520 ) ;
#2353 = CARTESIAN_POINT ( 'NONE',  ( -23.72554848995712007, 6.264999999999999680, 3.435203094223098663 ) ) ;
#2354 = EDGE_CURVE ( 'NONE', #5723, #1740, #4264, .T. ) ;
#2355 = CARTESIAN_POINT ( 'NONE',  ( 7.109761111859008054, 6.063953584472803193, -14.44594514399464025 ) ) ;
#2356 = EDGE_LOOP ( 'NONE', ( #2585, #3424, #5228, #2058 ) ) ;
#2357 = CARTESIAN_POINT ( 'NONE',  ( -16.30701005988716190, 6.264999999999999680, 3.403387686423853253 ) ) ;
#2358 = CARTESIAN_POINT ( 'NONE',  ( 14.39854635836661600, 6.002084624032271165, 18.67133772718522877 ) ) ;
#2359 = EDGE_CURVE ( 'NONE', #3003, #961, #2195, .T. ) ;
#2360 = EDGE_LOOP ( 'NONE', ( #879, #4716, #3396, #5446, #3691, #5960, #5477, #4356, #5904, #539 ) ) ;
#2361 = VERTEX_POINT ( 'NONE', #1418 ) ;
#2362 = CARTESIAN_POINT ( 'NONE',  ( -4.460940800293285768, 6.264999999999999680, -15.47651244522915803 ) ) ;
#2363 = DIRECTION ( 'NONE',  ( 0.8191520442892458176, -0.000000000000000000, 0.5735764363506832275 ) ) ;
#2364 = CYLINDRICAL_SURFACE ( 'NONE', #2985, 14.64608244481071431 ) ;
#2365 = DIRECTION ( 'NONE',  ( -0.9063077870364198985, 0.000000000000000000, 0.4226182617411931020 ) ) ;
#2366 = EDGE_CURVE ( 'NONE', #2437, #803, #4258, .T. ) ;
#2367 = EDGE_CURVE ( 'NONE', #4036, #720, #4979, .T. ) ;
#2368 = DIRECTION ( 'NONE',  ( 0.000000000000000000, -0.000000000000000000, -1.000000000000000000 ) ) ;
#2369 = ORIENTED_EDGE ( 'NONE', *, *, #5797, .F. ) ;
#2370 = DIRECTION ( 'NONE',  ( -0.000000000000000000, -1.000000000000000000, -0.000000000000000000 ) ) ;
#2371 = ORIENTED_EDGE ( 'NONE', *, *, #2450, .T. ) ;
#2372 = CARTESIAN_POINT ( 'NONE',  ( -15.60607930271879873, 0.000000000000000000, 19.39860107533191780 ) ) ;
#2373 = CARTESIAN_POINT ( 'NONE',  ( 7.081682580411109207, 5.764999999999999680, -22.43904346959338980 ) ) ;
#2374 = EDGE_CURVE ( 'NONE', #3514, #3003, #5638, .T. ) ;
#2375 = EDGE_LOOP ( 'NONE', ( #5796, #2346, #3678, #3210 ) ) ;
#2376 = EDGE_LOOP ( 'NONE', ( #669, #607, #3836, #2577, #3812, #1969 ) ) ;
#2377 = CARTESIAN_POINT ( 'NONE',  ( -12.72296122597416002, 5.764999999999999680, -29.43056634764681334 ) ) ;
#2378 = VERTEX_POINT ( 'NONE', #3721 ) ;
#2379 = CARTESIAN_POINT ( 'NONE',  ( 0.000000000000000000, 6.264999999999999680, 0.000000000000000000 ) ) ;
#2380 = VECTOR ( 'NONE', #933, 1000.000000000000000 ) ;
#2381 = AXIS2_PLACEMENT_3D ( 'NONE', #1634, #220, #3500 ) ;
#2382 =( NAMED_UNIT ( * ) SI_UNIT ( $, .STERADIAN. ) SOLID_ANGLE_UNIT ( ) );
#2383 = CARTESIAN_POINT ( 'NONE',  ( 24.80391930942181489, 5.764999999999999680, 3.337865057441843586 ) ) ;
#2384 = EDGE_LOOP ( 'NONE', ( #6059, #152, #5686, #1033 ) ) ;
#2385 = EDGE_CURVE ( 'NONE', #292, #5019, #1613, .T. ) ;
#2386 = LINE ( 'NONE', #66, #74 ) ;
#2387 = CARTESIAN_POINT ( 'NONE',  ( 17.21793483357267363, 6.264999999999999680, 3.035986463248324885 ) ) ;
#2388 = CIRCLE ( 'NONE', #5851, 14.64608244481071075 ) ;
#2389 = VERTEX_POINT ( 'NONE', #960 ) ;
#2390 = ORIENTED_EDGE ( 'NONE', *, *, #3538, .T. ) ;
#2391 = AXIS2_PLACEMENT_3D ( 'NONE', #541, #5132, #2285 ) ;
#2392 = VECTOR ( 'NONE', #2564, 1000.000000000000000 ) ;
#2393 = ORIENTED_EDGE ( 'NONE', *, *, #5129, .F. ) ;
#2394 = ADVANCED_FACE ( 'NONE', ( #615 ), #4451, .T. ) ;
#2395 = ORIENTED_EDGE ( 'NONE', *, *, #3089, .F. ) ;
#2396 = LINE ( 'NONE', #566, #159 ) ;
#2397 = CARTESIAN_POINT ( 'NONE',  ( 0.000000000000000000, 0.000000000000000000, 0.000000000000000000 ) ) ;
#2398 = DIRECTION ( 'NONE',  ( -0.9961946980918062744, 0.000000000000000000, 0.08715574274696420709 ) ) ;
#2399 = CARTESIAN_POINT ( 'NONE',  ( 23.53822868062637852, 6.253063204681674314, 3.502747695343364054 ) ) ;
#2400 = AXIS2_PLACEMENT_3D ( 'NONE', #2878, #5233, #5387 ) ;
#2401 = DIRECTION ( 'NONE',  ( 0.1736481776669292765, -0.000000000000000000, 0.9848077530122083534 ) ) ;
#2402 = ORIENTED_EDGE ( 'NONE', *, *, #2374, .F. ) ;
#2403 = EDGE_CURVE ( 'NONE', #5894, #5532, #3875, .T. ) ;
#2404 = VECTOR ( 'NONE', #1775, 1000.000000000000114 ) ;
#2405 = LINE ( 'NONE', #4286, #5553 ) ;
#2406 = AXIS2_PLACEMENT_3D ( 'NONE', #4460, #4636, #830 ) ;
#2407 = VERTEX_POINT ( 'NONE', #244 ) ;
#2408 = CARTESIAN_POINT ( 'NONE',  ( -19.53573162375685257, 6.265000000000001457, 25.46304174759738714 ) ) ;
#2409 = CARTESIAN_POINT ( 'NONE',  ( 8.828903344064009673, 6.264999999999999680, 13.46192501608482495 ) ) ;
#2410 = DIRECTION ( 'NONE',  ( -0.9848077530122211209, -0.000000000000000000, -0.1736481776668561960 ) ) ;
#2411 = AXIS2_PLACEMENT_3D ( 'NONE', #1462, #4715, #3333 ) ;
#2412 = VERTEX_POINT ( 'NONE', #3524 ) ;
#2413 = ORIENTED_EDGE ( 'NONE', *, *, #4336, .F. ) ;
#2414 = EDGE_CURVE ( 'NONE', #2715, #695, #4396, .T. ) ;
#2415 = DIRECTION ( 'NONE',  ( 0.000000000000000000, -1.000000000000000000, 0.000000000000000000 ) ) ;
#2416 = VERTEX_POINT ( 'NONE', #3928 ) ;
#2417 = FACE_OUTER_BOUND ( 'NONE', #5840, .T. ) ;
#2418 = VECTOR ( 'NONE', #2210, 1000.000000000000227 ) ;
#2419 = CARTESIAN_POINT ( 'NONE',  ( 0.000000000000000000, 0.000000000000000000, 0.000000000000000000 ) ) ;
#2420 = ORIENTED_EDGE ( 'NONE', *, *, #2777, .T. ) ;
#2421 = CARTESIAN_POINT ( 'NONE',  ( 12.14675912257062862, 6.264999999999999680, -29.71356785366922892 ) ) ;
#2422 = CARTESIAN_POINT ( 'NONE',  ( 22.97362297149689070, 0.000000000000000000, 5.086604718622285581 ) ) ;
#2423 = AXIS2_PLACEMENT_3D ( 'NONE', #1430, #3302, #1460 ) ;
#2424 = EDGE_CURVE ( 'NONE', #4469, #3580, #4361, .T. ) ;
#2425 = ORIENTED_EDGE ( 'NONE', *, *, #1372, .T. ) ;
#2426 = ORIENTED_EDGE ( 'NONE', *, *, #455, .T. ) ;
#2427 = CARTESIAN_POINT ( 'NONE',  ( 15.59101631136855559, 6.264999999999997016, 4.041329231023643942 ) ) ;
#2428 = ORIENTED_EDGE ( 'NONE', *, *, #1372, .F. ) ;
#2429 = ORIENTED_EDGE ( 'NONE', *, *, #3734, .T. ) ;
#2430 = DIRECTION ( 'NONE',  ( -0.8191520442893337473, -0.000000000000000000, 0.5735764363505576613 ) ) ;
#2431 = FACE_OUTER_BOUND ( 'NONE', #3254, .T. ) ;
#2432 = LINE ( 'NONE', #1976, #840 ) ;
#2433 = FACE_OUTER_BOUND ( 'NONE', #2375, .T. ) ;
#2434 = ADVANCED_FACE ( 'NONE', ( #1175 ), #1542, .F. ) ;
#2435 = CARTESIAN_POINT ( 'NONE',  ( -9.211470339405376961, 6.264999999999999680, -19.75406189091276232 ) ) ;
#2436 = DIRECTION ( 'NONE',  ( -0.3420201433256689905, 0.000000000000000000, -0.9396926207859083169 ) ) ;
#2437 = VERTEX_POINT ( 'NONE', #2604 ) ;
#2438 = FACE_OUTER_BOUND ( 'NONE', #2270, .T. ) ;
#2439 = CARTESIAN_POINT ( 'NONE',  ( -15.60607930271879873, 6.264999999999999680, 18.59860107532919216 ) ) ;
#2440 = EDGE_CURVE ( 'NONE', #2796, #5164, #2967, .T. ) ;
#2441 = CARTESIAN_POINT ( 'NONE',  ( 11.22618780076871303, 6.264999999999999680, 10.98883333938763762 ) ) ;
#2442 = VERTEX_POINT ( 'NONE', #1596 ) ;
#2443 = ORIENTED_EDGE ( 'NONE', *, *, #4214, .T. ) ;
#2444 = DIRECTION ( 'NONE',  ( -2.664535259100375697E-15, 0.000000000000000000, -1.000000000000000000 ) ) ;
#2445 = CARTESIAN_POINT ( 'NONE',  ( 15.60607930272298027, 6.264999999999999680, 18.59860107532696105 ) ) ;
#2446 = ORIENTED_EDGE ( 'NONE', *, *, #4994, .F. ) ;
#2447 = CYLINDRICAL_SURFACE ( 'NONE', #1731, 14.64608244481091859 ) ;
#2448 = AXIS2_PLACEMENT_3D ( 'NONE', #1580, #3447, #5341 ) ;
#2449 =( BOUNDED_CURVE ( )  B_SPLINE_CURVE ( 3, ( #1851, #496, #1391, #4211 ),
 .UNSPECIFIED., .F., .T. ) 
 B_SPLINE_CURVE_WITH_KNOTS ( ( 4, 4 ),
 ( 3.141592653589793116, 4.712388980384687898 ),
 .UNSPECIFIED. ) 
 CURVE ( )  GEOMETRIC_REPRESENTATION_ITEM ( )  RATIONAL_B_SPLINE_CURVE ( ( 1.000000000000000000, 0.8047378541243654926, 0.8047378541243654926, 1.000000000000000000 ) ) 
 REPRESENTATION_ITEM ( '' )  );
#2450 = EDGE_CURVE ( 'NONE', #683, #1340, #1996, .T. ) ;
#2451 = EDGE_CURVE ( 'NONE', #1377, #283, #2388, .T. ) ;
#2452 = CARTESIAN_POINT ( 'NONE',  ( -15.89194039108521395, 3.265000000000000124, 17.35243875097084043 ) ) ;
#2453 = CARTESIAN_POINT ( 'NONE',  ( 7.796327252067481339, 6.235787267806977674, -23.43298687357860999 ) ) ;
#2454 = VECTOR ( 'NONE', #775, 1000.000000000000000 ) ;
#2455 = DIRECTION ( 'NONE',  ( 0.000000000000000000, -0.000000000000000000, -1.000000000000000000 ) ) ;
#2456 = DIRECTION ( 'NONE',  ( -0.5735764363512209085, -0.000000000000000000, -0.8191520442888693410 ) ) ;
#2457 = ORIENTED_EDGE ( 'NONE', *, *, #1332, .T. ) ;
#2458 = CARTESIAN_POINT ( 'NONE',  ( -9.192835334854988716, 6.200926026334382613, -23.00818892367541579 ) ) ;
#2459 = VERTEX_POINT ( 'NONE', #704 ) ;
#2460 = ORIENTED_EDGE ( 'NONE', *, *, #2880, .T. ) ;
#2461 = CARTESIAN_POINT ( 'NONE',  ( -16.77838861730829123, 5.764999999999999680, 1.922747461919029899 ) ) ;
#2462 = CYLINDRICAL_SURFACE ( 'NONE', #4977, 14.57731163100814342 ) ;
#2463 = AXIS2_PLACEMENT_3D ( 'NONE', #781, #5518, #3109 ) ;
#2464 = CARTESIAN_POINT ( 'NONE',  ( -31.37141457813785195, 6.264999999999999680, 6.802515648107203994 ) ) ;
#2465 = DIRECTION ( 'NONE',  ( -0.000000000000000000, -1.000000000000000000, -0.000000000000000000 ) ) ;
#2466 = CARTESIAN_POINT ( 'NONE',  ( 6.790763482220103064, 5.764999999999999680, -14.16570796068911697 ) ) ;
#2467 = ORIENTED_EDGE ( 'NONE', *, *, #2239, .F. ) ;
#2468 = CARTESIAN_POINT ( 'NONE',  ( -21.65644285628416910, 3.265000000000000124, -12.50335311276552908 ) ) ;
#2469 = ADVANCED_FACE ( 'NONE', ( #5301 ), #4857, .F. ) ;
#2470 = DIRECTION ( 'NONE',  ( -0.000000000000000000, -1.000000000000000000, -0.000000000000000000 ) ) ;
#2471 = ORIENTED_EDGE ( 'NONE', *, *, #952, .F. ) ;
#2472 = ORIENTED_EDGE ( 'NONE', *, *, #2027, .F. ) ;
#2473 = CARTESIAN_POINT ( 'NONE',  ( -16.85536625282397338, 3.265000000000000124, 18.50060498289616362 ) ) ;
#2474 = CARTESIAN_POINT ( 'NONE',  ( -14.39854635836534946, 6.002084624031081006, 18.67133772718553786 ) ) ;
#2475 = EDGE_LOOP ( 'NONE', ( #3356, #3845, #4229, #3708, #3879, #5276, #1679, #4789 ) ) ;
#2476 = DIRECTION ( 'NONE',  ( -0.3420201433256418455, 0.000000000000000000, 0.9396926207859181979 ) ) ;
#2477 = EDGE_CURVE ( 'NONE', #3485, #207, #1567, .T. ) ;
#2478 = CARTESIAN_POINT ( 'NONE',  ( -23.61495323805560531, 6.238325924936967581, 3.472316846750349129 ) ) ;
#2479 = CARTESIAN_POINT ( 'NONE',  ( -10.30423900446872132, 6.264999999999999680, 13.08909024249374475 ) ) ;
#2480 = AXIS2_PLACEMENT_3D ( 'NONE', #3958, #5853, #1075 ) ;
#2481 = EDGE_CURVE ( 'NONE', #3417, #3428, #677, .T. ) ;
#2482 = CARTESIAN_POINT ( 'NONE',  ( 16.01792765457327050, 6.264999999999999680, 17.91275784609552701 ) ) ;
#2483 = AXIS2_PLACEMENT_3D ( 'NONE', #866, #5981, #401 ) ;
#2484 = FACE_OUTER_BOUND ( 'NONE', #178, .T. ) ;
#2485 = VERTEX_POINT ( 'NONE', #2479 ) ;
#2486 = CARTESIAN_POINT ( 'NONE',  ( -15.86682264772849216, 6.210085216637179606, 17.72063335203241152 ) ) ;
#2487 = ORIENTED_EDGE ( 'NONE', *, *, #5734, .T. ) ;
#2488 = EDGE_LOOP ( 'NONE', ( #424, #968, #3079, #3961 ) ) ;
#2489 = ADVANCED_FACE ( 'NONE', ( #3901 ), #5790, .F. ) ;
#2490 = CARTESIAN_POINT ( 'NONE',  ( 11.61707311970207712, 0.000000000000000000, 12.25785032243555506 ) ) ;
#2491 = AXIS2_PLACEMENT_3D ( 'NONE', #5606, #1387, #3288 ) ;
#2492 = DIRECTION ( 'NONE',  ( 0.9961946980917977257, 0.000000000000000000, 0.08715574274706106017 ) ) ;
#2493 = LINE ( 'NONE', #1579, #5886 ) ;
#2494 = CARTESIAN_POINT ( 'NONE',  ( 0.000000000000000000, 0.000000000000000000, 0.000000000000000000 ) ) ;
#2495 = AXIS2_PLACEMENT_3D ( 'NONE', #2529, #4006, #4470 ) ;
#2496 = PLANE ( 'NONE',  #738 ) ;
#2497 = ORIENTED_EDGE ( 'NONE', *, *, #5697, .F. ) ;
#2498 = CARTESIAN_POINT ( 'NONE',  ( -23.37839960360237868, 6.238325924937095479, 4.813879173187117999 ) ) ;
#2499 = LINE ( 'NONE', #4441, #2703 ) ;
#2500 = ORIENTED_EDGE ( 'NONE', *, *, #6080, .F. ) ;
#2501 = ORIENTED_EDGE ( 'NONE', *, *, #3245, .T. ) ;
#2502 = EDGE_CURVE ( 'NONE', #3381, #4340, #5330, .T. ) ;
#2503 = CIRCLE ( 'NONE', #4864, 0.8000000000026805669 ) ;
#2504 = FACE_OUTER_BOUND ( 'NONE', #5052, .T. ) ;
#2505 = CARTESIAN_POINT ( 'NONE',  ( -15.60607930271879873, -6.264999999999999680, 19.39860107533191780 ) ) ;
#2506 = ORIENTED_EDGE ( 'NONE', *, *, #5644, .T. ) ;
#2507 = DIRECTION ( 'NONE',  ( -0.3420201433256677137, 0.000000000000000000, -0.9396926207859088720 ) ) ;
#2508 = VECTOR ( 'NONE', #2100, 1000.000000000000114 ) ;
#2509 = AXIS2_PLACEMENT_3D ( 'NONE', #1637, #3009, #2727 ) ;
#2510 = CARTESIAN_POINT ( 'NONE',  ( -20.54618363729464292, 6.264999999999999680, 23.67701177387835898 ) ) ;
#2511 = EDGE_CURVE ( 'NONE', #54, #6000, #1142, .T. ) ;
#2512 = CARTESIAN_POINT ( 'NONE',  ( 6.724046161570117697, 6.264999999999999680, -15.49188450811890938 ) ) ;
#2513 = B_SPLINE_CURVE_WITH_KNOTS ( 'NONE', 3,
 ( #4784, #5194, #3397, #1465, #540, #5287, #2408, #4288 ),
 .UNSPECIFIED., .F., .F.,
 ( 4, 2, 2, 4 ),
 ( 0.000000000000000000, 0.0002243944063326857804, 0.0004487888126653715609, 0.0008975776253307431217 ),
 .UNSPECIFIED. ) ;
#2514 = FACE_OUTER_BOUND ( 'NONE', #6025, .T. ) ;
#2515 = VECTOR ( 'NONE', #2157, 999.9999999999998863 ) ;
#2516 = CARTESIAN_POINT ( 'NONE',  ( -31.83028401043355160, 6.226413309392035522, 4.037196529140548051 ) ) ;
#2517 = ORIENTED_EDGE ( 'NONE', *, *, #3764, .F. ) ;
#2518 = EDGE_CURVE ( 'NONE', #6034, #3344, #734, .T. ) ;
#2519 = DIRECTION ( 'NONE',  ( -0.000000000000000000, -1.000000000000000000, -0.000000000000000000 ) ) ;
#2520 = ORIENTED_EDGE ( 'NONE', *, *, #3270, .T. ) ;
#2521 = ORIENTED_EDGE ( 'NONE', *, *, #4354, .F. ) ;
#2522 = FACE_OUTER_BOUND ( 'NONE', #5705, .T. ) ;
#2523 = PLANE ( 'NONE',  #1837 ) ;
#2524 = DIRECTION ( 'NONE',  ( -0.000000000000000000, -1.000000000000000000, -0.000000000000000000 ) ) ;
#2526 = EDGE_CURVE ( 'NONE', #3449, #561, #3956, .T. ) ;
#2525 = CARTESIAN_POINT ( 'NONE',  ( 8.970579615197303625, 6.002084624032254290, -21.80517578750625418 ) ) ;
#2527 = CARTESIAN_POINT ( 'NONE',  ( -11.60809380826081316, 6.264999999999999680, -28.91069513293903270 ) ) ;
#2528 = EDGE_LOOP ( 'NONE', ( #3561, #5727, #2849, #5582, #5235, #3670, #4842, #5471, #5921, #1349 ) ) ;
#2529 = CARTESIAN_POINT ( 'NONE',  ( 23.90990065744999526, 6.264999999999999680, 4.215960591964933890 ) ) ;
#2530 = CARTESIAN_POINT ( 'NONE',  ( -23.31671006634944732, 6.253063204681554410, 4.759042185190781815 ) ) ;
#2531 = DIRECTION ( 'NONE',  ( -0.1736481776669309696, 0.000000000000000000, -0.9848077530122080203 ) ) ;
#2532 = VERTEX_POINT ( 'NONE', #2265 ) ;
#2533 = ORIENTED_EDGE ( 'NONE', *, *, #2847, .T. ) ;
#2534 = CARTESIAN_POINT ( 'NONE',  ( 16.40965477431016240, 6.251739144610010790, 18.55467896208212508 ) ) ;
#2535 = CARTESIAN_POINT ( 'NONE',  ( -5.206084834573834641, 6.264999999999999680, -15.82397881484218871 ) ) ;
#2536 = ORIENTED_EDGE ( 'NONE', *, *, #4690, .T. ) ;
#2537 = FACE_OUTER_BOUND ( 'NONE', #4239, .T. ) ;
#2538 = LINE ( 'NONE', #214, #3035 ) ;
#2539 = CARTESIAN_POINT ( 'NONE',  ( -1.019999999997242446, 3.265000000000000124, 23.50788165701039034 ) ) ;
#2540 = DIRECTION ( 'NONE',  ( 0.000000000000000000, 0.000000000000000000, -1.000000000000000000 ) ) ;
#2541 = ADVANCED_FACE ( 'NONE', ( #4487 ), #1807, .T. ) ;
#2542 = DIRECTION ( 'NONE',  ( -0.8660254037844427044, -0.000000000000000000, 0.4999999999999928391 ) ) ;
#2543 = VERTEX_POINT ( 'NONE', #5480 ) ;
#2544 = AXIS2_PLACEMENT_3D ( 'NONE', #5913, #4914, #703 ) ;
#2545 = CARTESIAN_POINT ( 'NONE',  ( 11.10092522531384951, 6.264999999999999680, 12.42059112841868007 ) ) ;
#2546 = VERTEX_POINT ( 'NONE', #4575 ) ;
#2547 = ORIENTED_EDGE ( 'NONE', *, *, #1099, .T. ) ;
#2548 = DIRECTION ( 'NONE',  ( -0.000000000000000000, -1.000000000000000000, -0.000000000000000000 ) ) ;
#2549 = FACE_OUTER_BOUND ( 'NONE', #810, .T. ) ;
#2550 = CARTESIAN_POINT ( 'NONE',  ( 24.19172554510161532, 6.235787267806388812, 4.964675980283207224 ) ) ;
#2551 = ADVANCED_FACE ( 'NONE', ( #3682 ), #4978, .F. ) ;
#2552 = CARTESIAN_POINT ( 'NONE',  ( 0.000000000000000000, 6.264999999999999680, 0.000000000000000000 ) ) ;
#2553 = ORIENTED_EDGE ( 'NONE', *, *, #1989, .F. ) ;
#2554 = DIRECTION ( 'NONE',  ( -0.000000000000000000, -1.000000000000000000, -0.000000000000000000 ) ) ;
#2555 = EDGE_LOOP ( 'NONE', ( #5378, #5542, #956, #2146, #363, #4158 ) ) ;
#2556 = CARTESIAN_POINT ( 'NONE',  ( 10.05434245573841068, 0.000000000000000000, 13.56913704619687699 ) ) ;
#2557 = EDGE_CURVE ( 'NONE', #3832, #6034, #4461, .T. ) ;
#2558 = ADVANCED_FACE ( 'NONE', ( #5508 ), #5915, .T. ) ;
#2559 = CARTESIAN_POINT ( 'NONE',  ( 9.288675347338568145, 6.148090468736220338, -23.05099660799129424 ) ) ;
#2560 = ORIENTED_EDGE ( 'NONE', *, *, #4367, .T. ) ;
#2561 = ORIENTED_EDGE ( 'NONE', *, *, #5729, .F. ) ;
#2562 = DIRECTION ( 'NONE',  ( -0.08715574274696419321, -0.000000000000000000, -0.9961946980918062744 ) ) ;
#2563 = VERTEX_POINT ( 'NONE', #5941 ) ;
#2564 = DIRECTION ( 'NONE',  ( -0.000000000000000000, 1.000000000000000000, -0.000000000000000000 ) ) ;
#2565 = ORIENTED_EDGE ( 'NONE', *, *, #3949, .F. ) ;
#2566 = CARTESIAN_POINT ( 'NONE',  ( -9.073957543086633493, 6.251739144610469090, -23.04812737955215951 ) ) ;
#2567 = CARTESIAN_POINT ( 'NONE',  ( -15.85814145652950380, 6.238325924937500488, 17.83934836995326378 ) ) ;
#2568 = B_SPLINE_CURVE_WITH_KNOTS ( 'NONE', 3,
 ( #671, #3922, #2534, #5813 ),
 .UNSPECIFIED., .F., .F.,
 ( 4, 4 ),
 ( 6.992893892674702526E-18, 0.0002633906062275750406 ),
 .UNSPECIFIED. ) ;
#2569 = CARTESIAN_POINT ( 'NONE',  ( 23.37839960360604508, 6.238325924937850431, 4.813879173184148819 ) ) ;
#2570 = CARTESIAN_POINT ( 'NONE',  ( 0.000000000000000000, 3.265000000000000124, 0.000000000000000000 ) ) ;
#2571 = CARTESIAN_POINT ( 'NONE',  ( -4.129868449636862948, 6.229921559809638687, -15.56599728911086444 ) ) ;
#2572 = CYLINDRICAL_SURFACE ( 'NONE', #2256, 0.4999999999999986122 ) ;
#2573 = ORIENTED_EDGE ( 'NONE', *, *, #4828, .F. ) ;
#2574 = ADVANCED_FACE ( 'NONE', ( #891 ), #396, .F. ) ;
#2575 = DIRECTION ( 'NONE',  ( -0.9848077530122211209, 0.000000000000000000, -0.1736481776668561960 ) ) ;
#2576 = ORIENTED_EDGE ( 'NONE', *, *, #1726, .T. ) ;
#2577 = ORIENTED_EDGE ( 'NONE', *, *, #1442, .F. ) ;
#2578 = DIRECTION ( 'NONE',  ( 0.8191520442886223163, -0.000000000000000000, -0.5735764363515737374 ) ) ;
#2579 = CARTESIAN_POINT ( 'NONE',  ( -23.40148643022877906, 6.264999999999999680, 3.598291608151003018 ) ) ;
#2580 = CARTESIAN_POINT ( 'NONE',  ( -1.019999999997242446, 0.000000000000000000, 25.00670622553088762 ) ) ;
#2581 = CARTESIAN_POINT ( 'NONE',  ( -31.19276894612027107, 5.841007553701616395, 7.419106642638173099 ) ) ;
#2582 = ADVANCED_FACE ( 'NONE', ( #3650 ), #277, .F. ) ;
#2583 = CIRCLE ( 'NONE', #3376, 24.52749999999998920 ) ;
#2584 = CARTESIAN_POINT ( 'NONE',  ( -24.22401729865490694, 6.221055507769631454, 5.012189476817942690 ) ) ;
#2585 = ORIENTED_EDGE ( 'NONE', *, *, #897, .T. ) ;
#2586 = DIRECTION ( 'NONE',  ( 0.000000000000000000, -1.000000000000000000, 0.000000000000000000 ) ) ;
#2587 = AXIS2_PLACEMENT_3D ( 'NONE', #6033, #5568, #1352 ) ;
#2588 = FACE_OUTER_BOUND ( 'NONE', #2528, .T. ) ;
#2589 = ORIENTED_EDGE ( 'NONE', *, *, #5438, .F. ) ;
#2590 = ORIENTED_EDGE ( 'NONE', *, *, #5384, .T. ) ;
#2591 = EDGE_CURVE ( 'NONE', #2069, #4347, #3081, .T. ) ;
#2592 = DIRECTION ( 'NONE',  ( -0.3420201433255953827, 0.000000000000000000, -0.9396926207859351843 ) ) ;
#2593 = ORIENTED_EDGE ( 'NONE', *, *, #4989, .T. ) ;
#2594 = VECTOR ( 'NONE', #4320, 1000.000000000000114 ) ;
#2595 = CARTESIAN_POINT ( 'NONE',  ( 22.02151929896933780, 5.764999999999999680, 23.30417700039739159 ) ) ;
#2596 = AXIS2_PLACEMENT_3D ( 'NONE', #1890, #4224, #5099 ) ;
#2597 = ORIENTED_EDGE ( 'NONE', *, *, #1480, .F. ) ;
#2598 = DIRECTION ( 'NONE',  ( -0.5735764363506853369, 0.000000000000000000, 0.8191520442892443743 ) ) ;
#2599 = CARTESIAN_POINT ( 'NONE',  ( -8.998655526815831251, 5.888645333210769550, -21.74132237720849048 ) ) ;
#2600 = B_SPLINE_CURVE_WITH_KNOTS ( 'NONE', 3,
 ( #5890, #1663, #2516, #3527, #2057, #1569, #2971, #5821 ),
 .UNSPECIFIED., .F., .F.,
 ( 4, 2, 2, 4 ),
 ( 0.000000000000000000, 0.0004478229640555054657, 0.0006717344460832586593, 0.0008956459281110119072 ),
 .UNSPECIFIED. ) ;
#2601 = VECTOR ( 'NONE', #2038, 1000.000000000000114 ) ;
#2602 = DIRECTION ( 'NONE',  ( 0.000000000000000000, 1.000000000000000000, 0.000000000000000000 ) ) ;
#2603 = EDGE_CURVE ( 'NONE', #5736, #1599, #438, .T. ) ;
#2604 = CARTESIAN_POINT ( 'NONE',  ( 21.14644285628196485, 0.000000000000000000, -13.38669902462893191 ) ) ;
#2605 = CIRCLE ( 'NONE', #749, 24.52749999999999275 ) ;
#2606 = CARTESIAN_POINT ( 'NONE',  ( 7.705420974459904038, 6.264999999999999680, -23.34935054440006752 ) ) ;
#2607 = DIRECTION ( 'NONE',  ( -0.4226182617411931020, 0.000000000000000000, -0.9063077870364197874 ) ) ;
#2608 = EDGE_LOOP ( 'NONE', ( #4216, #6042, #681, #402, #192 ) ) ;
#2609 = CARTESIAN_POINT ( 'NONE',  ( 23.40148643023127306, 6.264999999999999680, 3.598291608150772536 ) ) ;
#2610 = EDGE_LOOP ( 'NONE', ( #1664, #2175, #1125, #3476, #3233, #4770, #5999, #1194 ) ) ;
#2611 = ORIENTED_EDGE ( 'NONE', *, *, #4741, .F. ) ;
#2612 = CARTESIAN_POINT ( 'NONE',  ( -23.37839960360237868, 6.238325924937095479, 4.813879173187117999 ) ) ;
#2613 = CARTESIAN_POINT ( 'NONE',  ( 23.72583277445898986, 6.265000000000001457, 3.435157990592979882 ) ) ;
#2614 = VECTOR ( 'NONE', #3010, 1000.000000000000000 ) ;
#2615 = EDGE_CURVE ( 'NONE', #3071, #796, #5575, .T. ) ;
#2616 = DIRECTION ( 'NONE',  ( 0.000000000000000000, 0.000000000000000000, -1.000000000000000000 ) ) ;
#2617 = VECTOR ( 'NONE', #3152, 1000.000000000000114 ) ;
#2618 = DIRECTION ( 'NONE',  ( -0.9063077870368823064, -0.000000000000000000, -0.4226182617402011732 ) ) ;
#2619 = VERTEX_POINT ( 'NONE', #3187 ) ;
#2620 = CARTESIAN_POINT ( 'NONE',  ( 23.24104116510420681, 5.764999999999999680, 3.570000778981960110 ) ) ;
#2621 = EDGE_CURVE ( 'NONE', #250, #5181, #2846, .T. ) ;
#2622 = FACE_OUTER_BOUND ( 'NONE', #14, .T. ) ;
#2623 = ORIENTED_EDGE ( 'NONE', *, *, #3237, .T. ) ;
#2624 = ORIENTED_EDGE ( 'NONE', *, *, #3013, .F. ) ;
#2625 = DIRECTION ( 'NONE',  ( -0.9396926207859359614, 0.000000000000000000, 0.3420201433255930512 ) ) ;
#2626 = CARTESIAN_POINT ( 'NONE',  ( 7.701356876778400640, 6.148090468738098835, -23.62873328357384750 ) ) ;
#2627 = VERTEX_POINT ( 'NONE', #5073 ) ;
#2628 = CARTESIAN_POINT ( 'NONE',  ( -10.15785299541247433, 6.265000000000000568, 13.37029514952936715 ) ) ;
#2629 = LINE ( 'NONE', #5998, #52 ) ;
#2630 = EDGE_CURVE ( 'NONE', #1324, #3283, #3555, .T. ) ;
#2631 = CARTESIAN_POINT ( 'NONE',  ( 1.020000000004275487, 3.265000000000000124, 23.50788165701008481 ) ) ;
#2632 = LINE ( 'NONE', #3706, #2713 ) ;
#2633 = CARTESIAN_POINT ( 'NONE',  ( -15.41649094842271062, 5.851846802861077279, 4.637323175571043343 ) ) ;
#2634 = DIRECTION ( 'NONE',  ( -0.9848077530122086864, 0.000000000000000000, 0.1736481776669272503 ) ) ;
#2635 = ADVANCED_FACE ( 'NONE', ( #1750 ), #303, .T. ) ;
#2636 = LINE ( 'NONE', #4517, #3436 ) ;
#2637 = CARTESIAN_POINT ( 'NONE',  ( 3.692205798609079270, 6.264999999999999680, -15.66973438633268856 ) ) ;
#2638 = ORIENTED_EDGE ( 'NONE', *, *, #4543, .F. ) ;
#2639 = ORIENTED_EDGE ( 'NONE', *, *, #1704, .T. ) ;
#2640 = CARTESIAN_POINT ( 'NONE',  ( -15.41649094842271239, 0.000000000000000000, 4.637323175571033573 ) ) ;
#2641 = CARTESIAN_POINT ( 'NONE',  ( 15.29263558886092866, 6.264999999999999680, 19.81189170665698640 ) ) ;
#2642 = AXIS2_PLACEMENT_3D ( 'NONE', #1788, #4941, #614 ) ;
#2643 =( BOUNDED_CURVE ( )  B_SPLINE_CURVE ( 3, ( #301, #1259, #3125, #3641 ),
 .UNSPECIFIED., .F., .T. ) 
 B_SPLINE_CURVE_WITH_KNOTS ( ( 4, 4 ),
 ( 4.712388980384696779, 6.283185307179586232 ),
 .UNSPECIFIED. ) 
 CURVE ( )  GEOMETRIC_REPRESENTATION_ITEM ( )  RATIONAL_B_SPLINE_CURVE ( ( 1.000000000000000000, 0.8047378541243667138, 0.8047378541243667138, 1.000000000000000000 ) ) 
 REPRESENTATION_ITEM ( '' )  );
#2644 = FACE_OUTER_BOUND ( 'NONE', #431, .T. ) ;
#2645 = EDGE_CURVE ( 'NONE', #1586, #292, #4166, .T. ) ;
#2646 = DIRECTION ( 'NONE',  ( 0.1736481776669362154, 0.000000000000000000, -0.9848077530122071321 ) ) ;
#2647 = VECTOR ( 'NONE', #3099, 1000.000000000000000 ) ;
#2648 = LINE ( 'NONE', #2156, #5574 ) ;
#2649 = CYLINDRICAL_SURFACE ( 'NONE', #3408, 0.5000000000000001110 ) ;
#2650 = LINE ( 'NONE', #4065, #463 ) ;
#2651 = EDGE_LOOP ( 'NONE', ( #5891, #1395, #4645, #5810 ) ) ;
#2652 = CARTESIAN_POINT ( 'NONE',  ( -9.415395198079551164, 6.264999999999997904, 13.06752615891185165 ) ) ;
#2653 = EDGE_CURVE ( 'NONE', #3624, #3612, #5038, .T. ) ;
#2654 = FACE_OUTER_BOUND ( 'NONE', #4704, .T. ) ;
#2655 = CARTESIAN_POINT ( 'NONE',  ( -0.3983431104224293140, 6.264999999999999680, -0.3342495570374570679 ) ) ;
#2656 = ORIENTED_EDGE ( 'NONE', *, *, #3043, .F. ) ;
#2657 = EDGE_CURVE ( 'NONE', #4459, #5973, #1095, .T. ) ;
#2658 = CARTESIAN_POINT ( 'NONE',  ( -15.59064073780064419, 6.255860970744404170, 4.039732525605961300 ) ) ;
#2659 = APPLICATION_CONTEXT ( 'automotive_design' ) ;
#2660 = PLANE ( 'NONE',  #4115 ) ;
#2661 = EDGE_CURVE ( 'NONE', #5349, #1889, #5166, .T. ) ;
#2662 = FACE_OUTER_BOUND ( 'NONE', #5326, .T. ) ;
#2663 = ORIENTED_EDGE ( 'NONE', *, *, #1174, .T. ) ;
#2664 = VERTEX_POINT ( 'NONE', #3248 ) ;
#2665 = CARTESIAN_POINT ( 'NONE',  ( -23.42114678168139008, 6.255187679899287367, 4.851877942436432001 ) ) ;
#2666 = DIRECTION ( 'NONE',  ( 0.000000000000000000, 0.000000000000000000, 1.000000000000000000 ) ) ;
#2667 = DIRECTION ( 'NONE',  ( 0.1736481776668561960, 0.000000000000000000, -0.9848077530122211209 ) ) ;
#2668 = ORIENTED_EDGE ( 'NONE', *, *, #5345, .T. ) ;
#2669 = DIRECTION ( 'NONE',  ( 0.8660254037844428154, 0.000000000000000000, -0.4999999999999928946 ) ) ;
#2670 = VECTOR ( 'NONE', #2906, 1000.000000000000000 ) ;
#2671 = CARTESIAN_POINT ( 'NONE',  ( 0.000000000000000000, 5.764999999999999680, 0.000000000000000000 ) ) ;
#2672 = CARTESIAN_POINT ( 'NONE',  ( -8.998655526815836581, 6.264999999999999680, -21.74132237720848693 ) ) ;
#2673 =( BOUNDED_CURVE ( )  B_SPLINE_CURVE ( 3, ( #1146, #5396, #1693, #1598 ),
 .UNSPECIFIED., .F., .F. ) 
 B_SPLINE_CURVE_WITH_KNOTS ( ( 4, 4 ),
 ( 6.239822803045045774, 6.326547811314126690 ),
 .UNSPECIFIED. ) 
 CURVE ( )  GEOMETRIC_REPRESENTATION_ITEM ( )  RATIONAL_B_SPLINE_CURVE ( ( 1.000000000000000000, 0.9993733292820589087, 0.9993733292820589087, 1.000000000000000000 ) ) 
 REPRESENTATION_ITEM ( '' )  );
#2674 = PLANE ( 'NONE',  #752 ) ;
#2675 = ORIENTED_EDGE ( 'NONE', *, *, #871, .F. ) ;
#2676 = AXIS2_PLACEMENT_3D ( 'NONE', #4110, #3102, #4049 ) ;
#2677 = ORIENTED_EDGE ( 'NONE', *, *, #1478, .T. ) ;
#2678 = FACE_OUTER_BOUND ( 'NONE', #3307, .T. ) ;
#2679 = CARTESIAN_POINT ( 'NONE',  ( -16.85536625282397338, 5.764999999999999680, 18.50060498289616362 ) ) ;
#2680 = CARTESIAN_POINT ( 'NONE',  ( 16.85536625282482603, 5.884670988163420269, 18.50060498289537847 ) ) ;
#2681 = DIRECTION ( 'NONE',  ( -0.000000000000000000, -1.000000000000000000, -0.000000000000000000 ) ) ;
#2682 = AXIS2_PLACEMENT_3D ( 'NONE', #1874, #3322, #465 ) ;
#2683 = EDGE_CURVE ( 'NONE', #409, #115, #489, .T. ) ;
#2684 = ORIENTED_EDGE ( 'NONE', *, *, #3539, .T. ) ;
#2685 = DIRECTION ( 'NONE',  ( -0.000000000000000000, -1.000000000000000000, -0.000000000000000000 ) ) ;
#2686 = TOROIDAL_SURFACE ( 'NONE', #4261, 24.52749999999999631, 0.5000000000000000000 ) ;
#2687 = AXIS2_PLACEMENT_3D ( 'NONE', #5135, #92, #1959 ) ;
#2688 = DIRECTION ( 'NONE',  ( -0.9848077530122081313, 0.000000000000000000, -0.1736481776669306920 ) ) ;
#2689 = ORIENTED_EDGE ( 'NONE', *, *, #572, .F. ) ;
#2690 = CARTESIAN_POINT ( 'NONE',  ( 5.206084834573428743, 6.264999999999999680, -15.82397881484279267 ) ) ;
#2691 = B_SPLINE_CURVE_WITH_KNOTS ( 'NONE', 3,
 ( #2595, #358, #4999, #271, #3642, #5063, #4533, #763 ),
 .UNSPECIFIED., .F., .F.,
 ( 4, 2, 2, 4 ),
 ( 8.673617379884035472E-19, 0.0002243944063326196712, 0.0004487888126652384750, 0.0008975776253304820458 ),
 .UNSPECIFIED. ) ;
#2692 = AXIS2_PLACEMENT_3D ( 'NONE', #3699, #5587, #3758 ) ;
#2693 = EDGE_CURVE ( 'NONE', #5806, #1256, #5842, .T. ) ;
#2694 = DIRECTION ( 'NONE',  ( 0.000000000000000000, 1.000000000000000000, -0.000000000000000000 ) ) ;
#2695 = VECTOR ( 'NONE', #4136, 1000.000000000000114 ) ;
#2696 = CARTESIAN_POINT ( 'NONE',  ( -22.97362297149675214, 5.764999999999999680, 5.086604718622892207 ) ) ;
#2697 = CIRCLE ( 'NONE', #653, 0.5000000000000004441 ) ;
#2698 = VERTEX_POINT ( 'NONE', #1899 ) ;
#2699 = ORIENTED_EDGE ( 'NONE', *, *, #4182, .T. ) ;
#2700 = CYLINDRICAL_SURFACE ( 'NONE', #3802, 0.5000000000000003331 ) ;
#2701 = DIRECTION ( 'NONE',  ( -0.4226182617402906017, -0.000000000000000000, -0.9063077870368406730 ) ) ;
#2702 = ADVANCED_FACE ( 'NONE', ( #3343 ), #4172, .F. ) ;
#2703 = VECTOR ( 'NONE', #230, 1000.000000000000000 ) ;
#2704 = CARTESIAN_POINT ( 'NONE',  ( 11.20908218885301366, 6.264999999999999680, -29.27632191860117672 ) ) ;
#2705 = B_SPLINE_CURVE_WITH_KNOTS ( 'NONE', 3,
 ( #1947, #3819, #4809, #197 ),
 .UNSPECIFIED., .F., .F.,
 ( 4, 4 ),
 ( 0.0002320008640052670184, 0.0004814755168984247592 ),
 .UNSPECIFIED. ) ;
#2706 = VERTEX_POINT ( 'NONE', #2291 ) ;
#2707 = CIRCLE ( 'NONE', #2812, 25.02749999999999631 ) ;
#2708 = CARTESIAN_POINT ( 'NONE',  ( 24.41831488466487343, 6.264999999999999680, 4.833629575782259380 ) ) ;
#2709 = CARTESIAN_POINT ( 'NONE',  ( 0.000000000000000000, 3.265000000000000124, 0.000000000000000000 ) ) ;
#2710 = CARTESIAN_POINT ( 'NONE',  ( -24.19172554510130979, 6.235787267806546019, 4.964675980283465684 ) ) ;
#2711 = ADVANCED_FACE ( 'NONE', ( #3835 ), #2843, .F. ) ;
#2712 = CARTESIAN_POINT ( 'NONE',  ( -11.72428514981518255, 0.000000000000000000, 11.03241121076153597 ) ) ;
#2713 = VECTOR ( 'NONE', #2163, 1000.000000000000114 ) ;
#2714 = ORIENTED_EDGE ( 'NONE', *, *, #1274, .T. ) ;
#2715 = VERTEX_POINT ( 'NONE', #4723 ) ;
#2716 = CARTESIAN_POINT ( 'NONE',  ( 7.243917375738558206, 5.764999999999999680, -14.37701709155918373 ) ) ;
#2717 = B_SPLINE_CURVE_WITH_KNOTS ( 'NONE', 3,
 ( #3591, #1262, #2606, #246 ),
 .UNSPECIFIED., .F., .F.,
 ( 4, 4 ),
 ( 0.0001890504693338872525, 0.0003778069175714004872 ),
 .UNSPECIFIED. ) ;
#2718 = CARTESIAN_POINT ( 'NONE',  ( -11.10092522531329173, 6.264999999999999680, 12.42059112841879376 ) ) ;
#2719 = DIRECTION ( 'NONE',  ( 1.000000000000000000, 0.000000000000000000, 0.000000000000000000 ) ) ;
#2720 = CARTESIAN_POINT ( 'NONE',  ( 0.000000000000000000, 5.764999999999999680, 0.000000000000000000 ) ) ;
#2721 = ORIENTED_EDGE ( 'NONE', *, *, #4012, .F. ) ;
#2722 = VERTEX_POINT ( 'NONE', #3371 ) ;
#2723 = CARTESIAN_POINT ( 'NONE',  ( 19.23334952206225523, 0.000000000000000000, 24.50825169393582570 ) ) ;
#2724 = DIRECTION ( 'NONE',  ( 0.000000000000000000, 1.000000000000000000, 0.000000000000000000 ) ) ;
#2725 = EDGE_LOOP ( 'NONE', ( #5322, #2867, #5868, #4415, #1368, #2639 ) ) ;
#2726 = EDGE_CURVE ( 'NONE', #4921, #3091, #4757, .T. ) ;
#2727 = DIRECTION ( 'NONE',  ( 0.000000000000000000, 0.000000000000000000, -1.000000000000000000 ) ) ;
#2728 = CARTESIAN_POINT ( 'NONE',  ( -16.42414633486748698, 3.265000000000000124, 3.931755278065442560 ) ) ;
#2729 = ORIENTED_EDGE ( 'NONE', *, *, #3496, .F. ) ;
#2730 = ADVANCED_FACE ( 'NONE', ( #2818 ), #3281, .F. ) ;
#2731 = VERTEX_POINT ( 'NONE', #5662 ) ;
#2732 = CARTESIAN_POINT ( 'NONE',  ( -16.06143776225765052, 6.113831634978330598, 1.136973119051254866 ) ) ;
#2733 = CARTESIAN_POINT ( 'NONE',  ( -15.29263558886042063, 3.265000000000000124, 19.81189170665737365 ) ) ;
#2734 = CARTESIAN_POINT ( 'NONE',  ( -15.34070471704938576, 6.235787267805760870, 19.35330388391357204 ) ) ;
#2735 = ADVANCED_FACE ( 'NONE', ( #425 ), #3716, .F. ) ;
#2736 = CARTESIAN_POINT ( 'NONE',  ( 0.000000000000000000, 6.264999999999999680, 0.000000000000000000 ) ) ;
#2737 = LINE ( 'NONE', #5521, #361 ) ;
#2738 = CARTESIAN_POINT ( 'NONE',  ( -15.50891816952571745, 5.764999999999999680, 17.67383255581410140 ) ) ;
#2739 = LINE ( 'NONE', #44, #5966 ) ;
#2740 = EDGE_LOOP ( 'NONE', ( #6029, #2573, #4387, #4118, #4225 ) ) ;
#2741 = ORIENTED_EDGE ( 'NONE', *, *, #2557, .F. ) ;
#2742 = AXIS2_PLACEMENT_3D ( 'NONE', #3498, #1177, #4022 ) ;
#2743 = CARTESIAN_POINT ( 'NONE',  ( 0.000000000000000000, 5.764999999999999680, 0.000000000000000000 ) ) ;
#2744 = EDGE_CURVE ( 'NONE', #673, #546, #4665, .T. ) ;
#2745 = LINE ( 'NONE', #4197, #643 ) ;
#2746 = DIRECTION ( 'NONE',  ( -0.3420201433256684909, 0.000000000000000000, 0.9396926207859085389 ) ) ;
#2747 = DIRECTION ( 'NONE',  ( -0.000000000000000000, -1.000000000000000000, -0.000000000000000000 ) ) ;
#2748 = ORIENTED_EDGE ( 'NONE', *, *, #130, .T. ) ;
#2749 = ORIENTED_EDGE ( 'NONE', *, *, #1052, .F. ) ;
#2750 = EDGE_CURVE ( 'NONE', #899, #4783, #5362, .T. ) ;
#2751 = CARTESIAN_POINT ( 'NONE',  ( -16.39539829303322094, 6.235787267806716550, 18.46831089329711872 ) ) ;
#2752 = ORIENTED_EDGE ( 'NONE', *, *, #2139, .F. ) ;
#2753 = CIRCLE ( 'NONE', #1572, 23.52999999999999403 ) ;
#2754 = CARTESIAN_POINT ( 'NONE',  ( 4.807073215165559077, 6.057893218813451774, -16.18960560050119213 ) ) ;
#2755 = CYLINDRICAL_SURFACE ( 'NONE', #4325, 0.5000000000000001110 ) ;
#2756 = CARTESIAN_POINT ( 'NONE',  ( -7.081682580411170491, 6.264999999999999680, -22.43904346959336848 ) ) ;
#2757 = ORIENTED_EDGE ( 'NONE', *, *, #3661, .F. ) ;
#2758 = ORIENTED_EDGE ( 'NONE', *, *, #3529, .F. ) ;
#2759 = CARTESIAN_POINT ( 'NONE',  ( -7.796327252067167812, 6.235787267806767176, -23.43298687357934185 ) ) ;
#2760 = CARTESIAN_POINT ( 'NONE',  ( 14.58250701237273717, 6.159543664874966851, 18.69099767462053663 ) ) ;
#2761 = ADVANCED_FACE ( 'NONE', ( #3745 ), #5199, .T. ) ;
#2762 = CYLINDRICAL_SURFACE ( 'NONE', #293, 0.5000000000000005551 ) ;
#2763 = ORIENTED_EDGE ( 'NONE', *, *, #2315, .F. ) ;
#2764 = CYLINDRICAL_SURFACE ( 'NONE', #1438, 25.02749999999998920 ) ;
#2765 = CARTESIAN_POINT ( 'NONE',  ( -20.54618363729464292, 6.264999999999999680, 23.67701177387835898 ) ) ;
#2766 = DIRECTION ( 'NONE',  ( -0.000000000000000000, -1.000000000000000000, -0.000000000000000000 ) ) ;
#2767 = CYLINDRICAL_SURFACE ( 'NONE', #2222, 0.5000000000000007772 ) ;
#2768 = EDGE_CURVE ( 'NONE', #4274, #1055, #5786, .T. ) ;
#2769 = FACE_OUTER_BOUND ( 'NONE', #1433, .T. ) ;
#2770 = ORIENTED_EDGE ( 'NONE', *, *, #5888, .F. ) ;
#2771 = LINE ( 'NONE', #682, #5547 ) ;
#2772 = CARTESIAN_POINT ( 'NONE',  ( 16.01792765457327050, 6.264999999999999680, 17.91275784609552701 ) ) ;
#2773 = DIRECTION ( 'NONE',  ( 0.000000000000000000, 0.000000000000000000, 1.000000000000000000 ) ) ;
#2774 = DIRECTION ( 'NONE',  ( -0.000000000000000000, -1.000000000000000000, -0.000000000000000000 ) ) ;
#2775 = CARTESIAN_POINT ( 'NONE',  ( -24.41831488466219469, 6.264999999999999680, 4.833629575782417476 ) ) ;
#2776 = AXIS2_PLACEMENT_3D ( 'NONE', #2387, #3351, #1568 ) ;
#2777 = EDGE_CURVE ( 'NONE', #5193, #1586, #4025, .T. ) ;
#2778 = CARTESIAN_POINT ( 'NONE',  ( 16.69156452847498429, 6.264999999999999680, 2.415151338425005623 ) ) ;
#2779 = VERTEX_POINT ( 'NONE', #3487 ) ;
#2780 = EDGE_LOOP ( 'NONE', ( #5136, #195, #4761, #3997 ) ) ;
#2781 = DIRECTION ( 'NONE',  ( 0.9961946980917623096, -0.000000000000000000, 0.08715574274746687444 ) ) ;
#2782 = VECTOR ( 'NONE', #5428, 1000.000000000000000 ) ;
#2783 = ORIENTED_EDGE ( 'NONE', *, *, #4726, .T. ) ;
#2784 = DIRECTION ( 'NONE',  ( 0.000000000000000000, 1.000000000000000000, -0.000000000000000000 ) ) ;
#2785 = EDGE_CURVE ( 'NONE', #3119, #1911, #3023, .T. ) ;
#2786 = DIRECTION ( 'NONE',  ( -0.7256903291925822508, -0.5457393103138313828, -0.4189775069076444036 ) ) ;
#2787 = ORIENTED_EDGE ( 'NONE', *, *, #4412, .F. ) ;
#2788 = ORIENTED_EDGE ( 'NONE', *, *, #4354, .T. ) ;
#2789 = AXIS2_PLACEMENT_3D ( 'NONE', #587, #3059, #2455 ) ;
#2790 = CIRCLE ( 'NONE', #3579, 0.8000000000027256419 ) ;
#2791 = FACE_OUTER_BOUND ( 'NONE', #5815, .T. ) ;
#2792 = CARTESIAN_POINT ( 'NONE',  ( 16.30701005988695584, 6.264999999999999680, 3.403387686423335445 ) ) ;
#2793 = CARTESIAN_POINT ( 'NONE',  ( 7.551528890804065419, 5.764999999999999680, -22.26803339793055514 ) ) ;
#2794 = AXIS2_PLACEMENT_3D ( 'NONE', #1712, #5560, #3581 ) ;
#2795 = VECTOR ( 'NONE', #782, 1000.000000000000114 ) ;
#2796 = VERTEX_POINT ( 'NONE', #1044 ) ;
#2797 = EDGE_LOOP ( 'NONE', ( #3499, #2413, #1291, #132 ) ) ;
#2798 = VERTEX_POINT ( 'NONE', #5843 ) ;
#2799 = LINE ( 'NONE', #907, #948 ) ;
#2800 = CARTESIAN_POINT ( 'NONE',  ( 24.44967702698105683, 5.764999999999999680, 5.346872873588294439 ) ) ;
#2801 = DIRECTION ( 'NONE',  ( 0.000000000000000000, 0.000000000000000000, 1.000000000000000000 ) ) ;
#2802 = CARTESIAN_POINT ( 'NONE',  ( -5.979726014076907958, 6.264999999999999680, -16.42916219820119750 ) ) ;
#2803 = EDGE_CURVE ( 'NONE', #2917, #1571, #1990, .T. ) ;
#2804 = AXIS2_PLACEMENT_3D ( 'NONE', #4125, #291, #5524 ) ;
#2805 = FACE_OUTER_BOUND ( 'NONE', #1366, .T. ) ;
#2806 = VERTEX_POINT ( 'NONE', #236 ) ;
#2807 = CARTESIAN_POINT ( 'NONE',  ( 24.27583800419759896, 6.264999999999999680, 3.504560663471998350 ) ) ;
#2808 = ORIENTED_EDGE ( 'NONE', *, *, #5245, .T. ) ;
#2809 = DIRECTION ( 'NONE',  ( -0.000000000000000000, -1.000000000000000000, -0.000000000000000000 ) ) ;
#2810 = DIRECTION ( 'NONE',  ( -0.000000000000000000, 1.000000000000000000, -0.000000000000000000 ) ) ;
#2811 = EDGE_CURVE ( 'NONE', #2945, #5564, #2022, .T. ) ;
#2812 = AXIS2_PLACEMENT_3D ( 'NONE', #6017, #348, #3666 ) ;
#2813 = UNCERTAINTY_MEASURE_WITH_UNIT (LENGTH_MEASURE( 1.000000000000000082E-05 ), #1490, 'distance_accuracy_value', 'NONE');
#2814 = VERTEX_POINT ( 'NONE', #4910 ) ;
#2815 = ORIENTED_EDGE ( 'NONE', *, *, #444, .T. ) ;
#2816 = B_SPLINE_CURVE_WITH_KNOTS ( 'NONE', 3,
 ( #4199, #1036, #4251, #511 ),
 .UNSPECIFIED., .F., .F.,
 ( 4, 4 ),
 ( 1.734723475976807094E-18, 0.0002492957699723732045 ),
 .UNSPECIFIED. ) ;
#2817 = AXIS2_PLACEMENT_3D ( 'NONE', #43, #1401, #3760 ) ;
#2818 = FACE_OUTER_BOUND ( 'NONE', #3924, .T. ) ;
#2819 = EDGE_LOOP ( 'NONE', ( #4773, #2841, #5004, #3432 ) ) ;
#2820 = FACE_OUTER_BOUND ( 'NONE', #1862, .T. ) ;
#2821 = EDGE_CURVE ( 'NONE', #4572, #250, #4447, .T. ) ;
#2822 = DIRECTION ( 'NONE',  ( 0.000000000000000000, 0.000000000000000000, -1.000000000000000000 ) ) ;
#2823 = VERTEX_POINT ( 'NONE', #5351 ) ;
#2824 = EDGE_CURVE ( 'NONE', #1353, #5750, #142, .T. ) ;
#2825 = CARTESIAN_POINT ( 'NONE',  ( 8.887580435260355571, 6.264999999999999680, -22.26425690997898954 ) ) ;
#2826 = CARTESIAN_POINT ( 'NONE',  ( -4.807073215166054680, 5.764999999999999680, -16.18960560050088304 ) ) ;
#2827 = ORIENTED_EDGE ( 'NONE', *, *, #718, .F. ) ;
#2828 = VERTEX_POINT ( 'NONE', #210 ) ;
#2829 = CARTESIAN_POINT ( 'NONE',  ( 8.303821354727178417, 6.264999999999999680, -22.01456166729558817 ) ) ;
#2830 = CARTESIAN_POINT ( 'NONE',  ( 24.25496193829587099, 6.200926026333741348, 5.057845431917756152 ) ) ;
#2831 = FACE_OUTER_BOUND ( 'NONE', #1085, .T. ) ;
#2832 = DIRECTION ( 'NONE',  ( 0.4226182617411923803, 0.000000000000000000, 0.9063077870364202315 ) ) ;
#2833 = LINE ( 'NONE', #1830, #4872 ) ;
#2834 = ORIENTED_EDGE ( 'NONE', *, *, #5611, .F. ) ;
#2835 = CARTESIAN_POINT ( 'NONE',  ( 24.33213438064826661, 6.265000000000000568, 3.533518983264763325 ) ) ;
#2836 = ORIENTED_EDGE ( 'NONE', *, *, #1364, .F. ) ;
#2837 = CARTESIAN_POINT ( 'NONE',  ( 21.71325459516050671, 6.264999999999999680, 1.899663625324519156 ) ) ;
#2838 = CARTESIAN_POINT ( 'NONE',  ( 30.84144333032081420, 0.000000000000000000, 4.402443439001797465 ) ) ;
#2839 = EDGE_LOOP ( 'NONE', ( #4607, #196, #3722, #4722 ) ) ;
#2840 = AXIS2_PLACEMENT_3D ( 'NONE', #4637, #2694, #5605 ) ;
#2841 = ORIENTED_EDGE ( 'NONE', *, *, #4741, .T. ) ;
#2842 = EDGE_CURVE ( 'NONE', #3289, #6098, #3517, .T. ) ;
#2843 = CYLINDRICAL_SURFACE ( 'NONE', #2687, 14.57731163100803862 ) ;
#2844 = ORIENTED_EDGE ( 'NONE', *, *, #2657, .F. ) ;
#2845 = CARTESIAN_POINT ( 'NONE',  ( 31.19276894612020712, 6.264999999999999680, 7.419106642638352511 ) ) ;
#2846 = B_SPLINE_CURVE_WITH_KNOTS ( 'NONE', 3,
 ( #5976, #3221, #2658, #2141, #4019, #2199, #1690, #772, #2633, #2170 ),
 .UNSPECIFIED., .F., .F.,
 ( 4, 2, 2, 2, 4 ),
 ( 4.336808689942017736E-19, 0.0002540264268553037315, 0.0005080528537106070294, 0.0007620792805659102730, 0.001016105707421213625 ),
 .UNSPECIFIED. ) ;
#2847 = EDGE_CURVE ( 'NONE', #418, #3258, #5947, .T. ) ;
#2848 = CARTESIAN_POINT ( 'NONE',  ( -19.95793359928085664, 4.158792015860269586, -12.70051288515726107 ) ) ;
#2849 = ORIENTED_EDGE ( 'NONE', *, *, #5873, .T. ) ;
#2850 = CARTESIAN_POINT ( 'NONE',  ( -7.594310774156567412, 5.764999999999999680, -23.84747785648472629 ) ) ;
#2851 = DIRECTION ( 'NONE',  ( -0.000000000000000000, 1.000000000000000000, -0.000000000000000000 ) ) ;
#2852 = ADVANCED_FACE ( 'NONE', ( #2077 ), #639, .F. ) ;
#2853 = ORIENTED_EDGE ( 'NONE', *, *, #1364, .T. ) ;
#2854 = ORIENTED_EDGE ( 'NONE', *, *, #1595, .T. ) ;
#2855 = LINE ( 'NONE', #529, #345 ) ;
#2856 = DIRECTION ( 'NONE',  ( -0.000000000000000000, -1.000000000000000000, -0.000000000000000000 ) ) ;
#2857 = CARTESIAN_POINT ( 'NONE',  ( -8.303821354726347082, 6.264999999999999680, -22.81456166729589441 ) ) ;
#2858 = CARTESIAN_POINT ( 'NONE',  ( 23.40148643023127306, 6.264999999999999680, 3.598291608150772536 ) ) ;
#2860 = EDGE_CURVE ( 'NONE', #4103, #3071, #1232, .T. ) ;
#2859 = PLANE ( 'NONE',  #119 ) ;
#2861 = ORIENTED_EDGE ( 'NONE', *, *, #1461, .F. ) ;
#2862 = CARTESIAN_POINT ( 'NONE',  ( 15.17295756577339283, 6.264999999999999680, 19.27121207805154413 ) ) ;
#2863 = EDGE_LOOP ( 'NONE', ( #4430, #2871 ) ) ;
#2864 = CARTESIAN_POINT ( 'NONE',  ( 7.503939519276785042, 6.264999999999999680, -22.82831118788764257 ) ) ;
#2865 = DIRECTION ( 'NONE',  ( 0.000000000000000000, 1.000000000000000000, -0.000000000000000000 ) ) ;
#2866 = CYLINDRICAL_SURFACE ( 'NONE', #4768, 0.4999999999999998890 ) ;
#2867 = ORIENTED_EDGE ( 'NONE', *, *, #1757, .F. ) ;
#2868 = ORIENTED_EDGE ( 'NONE', *, *, #455, .F. ) ;
#2869 = PRODUCT ( 'Back, Top Mesh Piece (With Holes)', 'Back, Top Mesh Piece (With Holes)', '', ( #4301 ) ) ;
#2870 = CARTESIAN_POINT ( 'NONE',  ( -14.80258282752602028, 6.253063204681424736, 18.63333014983683000 ) ) ;
#2871 = ORIENTED_EDGE ( 'NONE', *, *, #5683, .T. ) ;
#2872 = DIRECTION ( 'NONE',  ( 0.000000000000000000, 0.000000000000000000, 1.000000000000000000 ) ) ;
#2873 = AXIS2_PLACEMENT_3D ( 'NONE', #5752, #3429, #3834 ) ;
#2874 = EDGE_CURVE ( 'NONE', #4695, #1535, #835, .T. ) ;
#2875 = VECTOR ( 'NONE', #1277, 1000.000000000000114 ) ;
#2876 = DIRECTION ( 'NONE',  ( -0.000000000000000000, -1.000000000000000000, -0.000000000000000000 ) ) ;
#2877 = ORIENTED_EDGE ( 'NONE', *, *, #3712, .T. ) ;
#2878 = CARTESIAN_POINT ( 'NONE',  ( 0.000000000000000000, 6.264999999999999680, 0.000000000000000000 ) ) ;
#2879 = CARTESIAN_POINT ( 'NONE',  ( 23.31641477216491154, 6.253133748785073998, 4.758779692639284242 ) ) ;
#2880 = EDGE_CURVE ( 'NONE', #2814, #1324, #3456, .T. ) ;
#2881 = EDGE_LOOP ( 'NONE', ( #5343, #5754, #4933, #5427 ) ) ;
#2882 = ORIENTED_EDGE ( 'NONE', *, *, #3161, .F. ) ;
#2883 = AXIS2_PLACEMENT_3D ( 'NONE', #3801, #25, #1379 ) ;
#2884 = CARTESIAN_POINT ( 'NONE',  ( 8.303821354727178417, -6.264999999999999680, -22.81456166729559243 ) ) ;
#2885 = AXIS2_PLACEMENT_3D ( 'NONE', #4563, #790, #4013 ) ;
#2886 = ORIENTED_EDGE ( 'NONE', *, *, #3523, .F. ) ;
#2887 = EDGE_LOOP ( 'NONE', ( #237, #1843, #2898, #254, #2553 ) ) ;
#2888 = CARTESIAN_POINT ( 'NONE',  ( 31.29148553765456597, 6.226413309392061279, 7.092874512248803498 ) ) ;
#2889 = DIRECTION ( 'NONE',  ( 0.9063077870365632283, 0.000000000000000000, -0.4226182617408857367 ) ) ;
#2890 = FACE_OUTER_BOUND ( 'NONE', #4753, .T. ) ;
#2891 = FACE_OUTER_BOUND ( 'NONE', #2360, .T. ) ;
#2892 = EDGE_CURVE ( 'NONE', #3084, #2060, #2055, .T. ) ;
#2893 = VECTOR ( 'NONE', #5970, 1000.000000000000000 ) ;
#2894 = DIRECTION ( 'NONE',  ( -0.6427876096865970945, 0.000000000000000000, -0.7660444431189294967 ) ) ;
#2895 = ORIENTED_EDGE ( 'NONE', *, *, #5621, .T. ) ;
#2896 = LINE ( 'NONE', #5776, #248 ) ;
#2897 = VECTOR ( 'NONE', #2121, 1000.000000000000000 ) ;
#2898 = ORIENTED_EDGE ( 'NONE', *, *, #428, .T. ) ;
#2899 = CARTESIAN_POINT ( 'NONE',  ( -7.081682580411171379, 5.888645333210771327, -22.43904346959336848 ) ) ;
#2900 = CARTESIAN_POINT ( 'NONE',  ( -8.023111437219434094, 6.264999999999999680, -23.56369579561555483 ) ) ;
#2901 = ADVANCED_FACE ( 'NONE', ( #4825 ), #3951, .T. ) ;
#2902 = CARTESIAN_POINT ( 'NONE',  ( -7.243917375737628284, 0.000000000000000000, -14.37701709155922813 ) ) ;
#2903 = AXIS2_PLACEMENT_3D ( 'NONE', #2186, #3170, #847 ) ;
#2904 = ORIENTED_EDGE ( 'NONE', *, *, #1878, .T. ) ;
#2905 = ORIENTED_EDGE ( 'NONE', *, *, #351, .F. ) ;
#2906 = DIRECTION ( 'NONE',  ( -0.000000000000000000, -1.000000000000000000, -0.000000000000000000 ) ) ;
#2907 = CARTESIAN_POINT ( 'NONE',  ( 1.020000000004279261, 4.924640559069225709, 22.45841237658001788 ) ) ;
#2908 = VERTEX_POINT ( 'NONE', #2679 ) ;
#2909 = CARTESIAN_POINT ( 'NONE',  ( 0.5244024014076339446, 0.000000000000000000, -1.440783756570812146 ) ) ;
#2910 = CARTESIAN_POINT ( 'NONE',  ( -24.80391930942172607, 5.764999999999999680, 3.337865057442499950 ) ) ;
#2911 = AXIS2_PLACEMENT_3D ( 'NONE', #5409, #693, #2070 ) ;
#2912 = CARTESIAN_POINT ( 'NONE',  ( 7.939353086311953689, 6.264999999999999680, -23.53231049505922812 ) ) ;
#2913 = CARTESIAN_POINT ( 'NONE',  ( -15.60607930271879873, 0.000000000000000000, 17.79860107532646651 ) ) ;
#2914 = CARTESIAN_POINT ( 'NONE',  ( 0.000000000000000000, 5.764999999999999680, 0.000000000000000000 ) ) ;
#2915 = EDGE_LOOP ( 'NONE', ( #4277, #39, #2656, #4410 ) ) ;
#2916 = EDGE_CURVE ( 'NONE', #4584, #1292, #5465, .T. ) ;
#2917 = VERTEX_POINT ( 'NONE', #1683 ) ;
#2918 = CARTESIAN_POINT ( 'NONE',  ( 15.42807299760227835, 5.933231137178868408, 4.600667168400794260 ) ) ;
#2919 = EDGE_LOOP ( 'NONE', ( #500, #1223, #1642, #141, #1838, #804 ) ) ;
#2920 = ORIENTED_EDGE ( 'NONE', *, *, #4762, .F. ) ;
#2921 = LINE ( 'NONE', #5369, #3094 ) ;
#2922 = FACE_OUTER_BOUND ( 'NONE', #4439, .T. ) ;
#2923 = LINE ( 'NONE', #3012, #2152 ) ;
#2924 = EDGE_CURVE ( 'NONE', #2442, #222, #2691, .T. ) ;
#2925 = LINE ( 'NONE', #663, #1527 ) ;
#2926 = ORIENTED_EDGE ( 'NONE', *, *, #785, .T. ) ;
#2927 = DIRECTION ( 'NONE',  ( 0.000000000000000000, -1.000000000000000000, 0.000000000000000000 ) ) ;
#2928 = FACE_OUTER_BOUND ( 'NONE', #146, .T. ) ;
#2929 = CARTESIAN_POINT ( 'NONE',  ( -7.045652622743199700, 6.114145032862470686, -14.47830987385369816 ) ) ;
#2930 = ORIENTED_EDGE ( 'NONE', *, *, #983, .T. ) ;
#2931 = ORIENTED_EDGE ( 'NONE', *, *, #3422, .T. ) ;
#2932 = EDGE_CURVE ( 'NONE', #4150, #3580, #4936, .T. ) ;
#2933 = CARTESIAN_POINT ( 'NONE',  ( -19.23334952206178272, 3.265000000000000124, 24.50825169393615610 ) ) ;
#2934 = VERTEX_POINT ( 'NONE', #3550 ) ;
#2935 = CARTESIAN_POINT ( 'NONE',  ( 6.724046161570117697, 5.764999999999999680, -15.49188450811890938 ) ) ;
#2936 = CIRCLE ( 'NONE', #1086, 25.02749999999999275 ) ;
#2937 = CARTESIAN_POINT ( 'NONE',  ( 9.511283720560113508, 0.000000000000000000, -23.14975676410030303 ) ) ;
#2938 = EDGE_CURVE ( 'NONE', #4274, #4527, #2790, .T. ) ;
#2939 = DIRECTION ( 'NONE',  ( -0.000000000000000000, -1.000000000000000000, -0.000000000000000000 ) ) ;
#2940 = CIRCLE ( 'NONE', #2544, 14.64608244481071075 ) ;
#2941 = CARTESIAN_POINT ( 'NONE',  ( 23.22089232546057858, 6.264999999999999680, 4.622491671285558823 ) ) ;
#2942 = EDGE_LOOP ( 'NONE', ( #5657, #1944, #4307, #175 ) ) ;
#2943 = FACE_OUTER_BOUND ( 'NONE', #4129, .T. ) ;
#2944 = ORIENTED_EDGE ( 'NONE', *, *, #5458, .F. ) ;
#2945 = VERTEX_POINT ( 'NONE', #5528 ) ;
#2946 = LINE ( 'NONE', #4837, #2601 ) ;
#2947 = CARTESIAN_POINT ( 'NONE',  ( -15.63352333970059682, 6.264999999999999680, 3.874968164782183866 ) ) ;
#2948 = VECTOR ( 'NONE', #838, 1000.000000000000000 ) ;
#2949 = CYLINDRICAL_SURFACE ( 'NONE', #5585, 0.8000000000027681635 ) ;
#2950 = EDGE_CURVE ( 'NONE', #3485, #3310, #1593, .T. ) ;
#2951 = CARTESIAN_POINT ( 'NONE',  ( -22.16644285628605715, 0.000000000000000000, -11.62000720090157735 ) ) ;
#2952 = EDGE_LOOP ( 'NONE', ( #3502, #5126, #4590, #3728, #122 ) ) ;
#2953 = CARTESIAN_POINT ( 'NONE',  ( 12.72296122597525425, 5.841037802762303777, -29.43056634765068225 ) ) ;
#2954 = ORIENTED_EDGE ( 'NONE', *, *, #1281, .F. ) ;
#2955 = DIRECTION ( 'NONE',  ( -0.000000000000000000, -1.000000000000000000, -0.000000000000000000 ) ) ;
#2956 = EDGE_CURVE ( 'NONE', #3283, #3263, #2251, .T. ) ;
#2957 = CARTESIAN_POINT ( 'NONE',  ( -6.909341788028608988, 6.191524577312430111, -14.54560503491259560 ) ) ;
#2958 = ORIENTED_EDGE ( 'NONE', *, *, #1705, .T. ) ;
#2959 = ORIENTED_EDGE ( 'NONE', *, *, #6028, .T. ) ;
#2960 = CARTESIAN_POINT ( 'NONE',  ( -20.86842270413104927, 0.000000000000000000, -10.87059491664131272 ) ) ;
#2961 = CARTESIAN_POINT ( 'NONE',  ( 23.90990065744999526, -6.264999999999999680, 5.015960591967702165 ) ) ;
#2962 = ORIENTED_EDGE ( 'NONE', *, *, #4795, .F. ) ;
#2963 = DIRECTION ( 'NONE',  ( 0.4226182617402615138, 0.000000000000000000, -0.9063077870368541067 ) ) ;
#2964 = ADVANCED_FACE ( 'NONE', ( #321 ), #4069, .T. ) ;
#2965 = B_SPLINE_CURVE_WITH_KNOTS ( 'NONE', 3,
 ( #1186, #2581, #4465, #5956, #4089, #1732, #5491, #1269 ),
 .UNSPECIFIED., .F., .F.,
 ( 4, 2, 2, 4 ),
 ( 0.000000000000000000, 0.0002243944063326876236, 0.0004487888126653752472, 0.0008975776253307521206 ),
 .UNSPECIFIED. ) ;
#2966 = CARTESIAN_POINT ( 'NONE',  ( 16.05153436766345720, 6.191524577312447875, 1.289137005593593566 ) ) ;
#2967 = LINE ( 'NONE', #3029, #5945 ) ;
#2968 = TOROIDAL_SURFACE ( 'NONE', #3271, 24.52749999999999275, 0.5000000000000000000 ) ;
#2969 = DIRECTION ( 'NONE',  ( 0.000000000000000000, 1.000000000000000000, 0.000000000000000000 ) ) ;
#2970 = EDGE_CURVE ( 'NONE', #1914, #4520, #1306, .T. ) ;
#2971 = CARTESIAN_POINT ( 'NONE',  ( -31.84909871781260193, 5.841037802762254039, 3.696875540765331536 ) ) ;
#2972 = VERTEX_POINT ( 'NONE', #3176 ) ;
#2973 = CARTESIAN_POINT ( 'NONE',  ( -5.018382346036155184, 6.264999999999999680, -15.73645170698244300 ) ) ;
#2974 = VERTEX_POINT ( 'NONE', #3118 ) ;
#2975 = ORIENTED_EDGE ( 'NONE', *, *, #3619, .F. ) ;
#2976 = DIRECTION ( 'NONE',  ( 0.9848077530122070211, 0.000000000000000000, 0.1736481776669361876 ) ) ;
#2977 = VECTOR ( 'NONE', #4333, 1000.000000000000000 ) ;
#2978 = DIRECTION ( 'NONE',  ( -0.8191520442893337473, 0.000000000000000000, 0.5735764363505576613 ) ) ;
#2979 = DIRECTION ( 'NONE',  ( 0.000000000000000000, 0.000000000000000000, 1.000000000000000000 ) ) ;
#2980 = CARTESIAN_POINT ( 'NONE',  ( -24.34925524162201427, 6.264999999999999680, 4.890473785169879406 ) ) ;
#2981 = VECTOR ( 'NONE', #2681, 1000.000000000000000 ) ;
#2982 = CARTESIAN_POINT ( 'NONE',  ( 12.72296122597525603, 5.764999999999999680, -29.43056634765067159 ) ) ;
#2983 = ORIENTED_EDGE ( 'NONE', *, *, #5836, .F. ) ;
#2984 = CARTESIAN_POINT ( 'NONE',  ( -21.14644285628553888, 0.000000000000000000, -13.38669902462328487 ) ) ;
#2985 = AXIS2_PLACEMENT_3D ( 'NONE', #5619, #2766, #4313 ) ;
#2986 = VECTOR ( 'NONE', #1577, 999.9999999999998863 ) ;
#2987 = DIRECTION ( 'NONE',  ( -0.000000000000000000, 1.000000000000000000, -0.000000000000000000 ) ) ;
#2988 = ORIENTED_EDGE ( 'NONE', *, *, #988, .F. ) ;
#2989 = ORIENTED_EDGE ( 'NONE', *, *, #5611, .T. ) ;
#2990 = VECTOR ( 'NONE', #6064, 1000.000000000000000 ) ;
#2991 = DIRECTION ( 'NONE',  ( -0.8191520442892409326, 0.000000000000000000, -0.5735764363506903329 ) ) ;
#2992 = EDGE_CURVE ( 'NONE', #2, #4879, #1172, .T. ) ;
#2993 = CARTESIAN_POINT ( 'NONE',  ( 11.61707311970207890, 6.057893218813452663, 12.25785032243556039 ) ) ;
#2994 = VERTEX_POINT ( 'NONE', #5968 ) ;
#2995 = LINE ( 'NONE', #3433, #2026 ) ;
#2996 = CARTESIAN_POINT ( 'NONE',  ( -7.243917375737628284, 5.764999999999999680, -14.37701709155922813 ) ) ;
#2997 = EDGE_CURVE ( 'NONE', #2715, #2147, #3145, .T. ) ;
#2998 = CIRCLE ( 'NONE', #4285, 14.57731163100815586 ) ;
#2999 = DIRECTION ( 'NONE',  ( 0.000000000000000000, 1.000000000000000000, 0.000000000000000000 ) ) ;
#3000 = CARTESIAN_POINT ( 'NONE',  ( 15.29263558886092689, 5.884670988163832384, 19.81189170665698640 ) ) ;
#3001 = AXIS2_PLACEMENT_3D ( 'NONE', #3587, #4512, #5940 ) ;
#3002 = DIRECTION ( 'NONE',  ( -0.000000000000000000, -1.000000000000000000, 0.000000000000000000 ) ) ;
#3003 = VERTEX_POINT ( 'NONE', #3578 ) ;
#3004 = EDGE_CURVE ( 'NONE', #3123, #397, #5498, .T. ) ;
#3005 = DIRECTION ( 'NONE',  ( -0.6427876096865972055, 0.000000000000000000, -0.7660444431189294967 ) ) ;
#3006 = ORIENTED_EDGE ( 'NONE', *, *, #4772, .F. ) ;
#3007 = EDGE_LOOP ( 'NONE', ( #231, #5441 ) ) ;
#3008 = VECTOR ( 'NONE', #1453, 1000.000000000000000 ) ;
#3009 = DIRECTION ( 'NONE',  ( -0.000000000000000000, -1.000000000000000000, -0.000000000000000000 ) ) ;
#3010 = DIRECTION ( 'NONE',  ( -0.000000000000000000, -1.000000000000000000, -0.000000000000000000 ) ) ;
#3011 = CARTESIAN_POINT ( 'NONE',  ( -23.90990065744529858, 0.000000000000000000, 4.215960591966866566 ) ) ;
#3012 = CARTESIAN_POINT ( 'NONE',  ( 11.60809380826084514, 5.764999999999999680, -28.91069513294267423 ) ) ;
#3013 = EDGE_CURVE ( 'NONE', #720, #3417, #506, .T. ) ;
#3014 = CARTESIAN_POINT ( 'NONE',  ( -21.65644285628416910, 3.265000000000000124, -12.50335311276552908 ) ) ;
#3015 = ORIENTED_EDGE ( 'NONE', *, *, #1521, .T. ) ;
#3016 = CARTESIAN_POINT ( 'NONE',  ( -19.75406189090918829, 6.264999999999999680, -9.211470339384604245 ) ) ;
#3017 = B_SPLINE_CURVE_WITH_KNOTS ( 'NONE', 3,
 ( #2482, #1941, #4803, #1083 ),
 .UNSPECIFIED., .F., .F.,
 ( 4, 4 ),
 ( 0.0003246416362684915319, 0.0005024386044415575861 ),
 .UNSPECIFIED. ) ;
#3018 = CARTESIAN_POINT ( 'NONE',  ( -15.89194039108521395, 5.764999999999999680, 17.35243875097084043 ) ) ;
#3019 = VERTEX_POINT ( 'NONE', #22 ) ;
#3020 = ORIENTED_EDGE ( 'NONE', *, *, #4652, .F. ) ;
#3021 = B_SPLINE_CURVE_WITH_KNOTS ( 'NONE', 3,
 ( #2498, #2530, #229, #3398 ),
 .UNSPECIFIED., .F., .F.,
 ( 4, 4 ),
 ( 0.0002320008640086994669, 0.0004814755169066224118 ),
 .UNSPECIFIED. ) ;
#3022 = DIRECTION ( 'NONE',  ( 0.000000000000000000, 1.000000000000000000, 0.000000000000000000 ) ) ;
#3023 = LINE ( 'NONE', #2961, #2392 ) ;
#3024 = ORIENTED_EDGE ( 'NONE', *, *, #5584, .T. ) ;
#3025 = CARTESIAN_POINT ( 'NONE',  ( -9.503133255364479837, 6.226413309392026640, -30.64565865388687271 ) ) ;
#3026 = DIRECTION ( 'NONE',  ( -0.000000000000000000, 1.000000000000000000, -0.000000000000000000 ) ) ;
#3027 = ADVANCED_FACE ( 'NONE', ( #450 ), #3707, .F. ) ;
#3028 = DIRECTION ( 'NONE',  ( 0.3420201433255953272, 0.000000000000000000, 0.9396926207859350733 ) ) ;
#3029 = CARTESIAN_POINT ( 'NONE',  ( -21.14644285628553888, 3.265000000000000124, -13.38669902462328487 ) ) ;
#3030 = B_SPLINE_CURVE_WITH_KNOTS ( 'NONE', 3,
 ( #2237, #3504, #4898, #6035, #4108, #1779, #255, #5862 ),
 .UNSPECIFIED., .F., .F.,
 ( 4, 2, 2, 4 ),
 ( 0.000000000000000000, 0.0004478229640555658557, 0.0006717344460833458292, 0.0008956459281111257484 ),
 .UNSPECIFIED. ) ;
#3031 = CYLINDRICAL_SURFACE ( 'NONE', #3957, 0.4999999999999996114 ) ;
#3032 = ADVANCED_FACE ( 'NONE', ( #5594 ), #5687, .T. ) ;
#3033 = CARTESIAN_POINT ( 'NONE',  ( -20.86842270412909173, 4.241147254709497716, -10.87059491664510347 ) ) ;
#3034 = ORIENTED_EDGE ( 'NONE', *, *, #3184, .T. ) ;
#3035 = VECTOR ( 'NONE', #3028, 1000.000000000000114 ) ;
#3036 =( BOUNDED_CURVE ( )  B_SPLINE_CURVE ( 3, ( #1420, #962, #4730, #2357 ),
 .UNSPECIFIED., .F., .T. ) 
 B_SPLINE_CURVE_WITH_KNOTS ( ( 4, 4 ),
 ( 3.141592653589793116, 4.712388980384690562 ),
 .UNSPECIFIED. ) 
 CURVE ( )  GEOMETRIC_REPRESENTATION_ITEM ( )  RATIONAL_B_SPLINE_CURVE ( ( 1.000000000000000000, 0.8047378541243648264, 0.8047378541243648264, 1.000000000000000000 ) ) 
 REPRESENTATION_ITEM ( '' )  );
#3037 = DIRECTION ( 'NONE',  ( 0.8710089201476147736, -0.4912671992137131460, 0.000000000000000000 ) ) ;
#3038 = ORIENTED_EDGE ( 'NONE', *, *, #1726, .F. ) ;
#3039 = ORIENTED_EDGE ( 'NONE', *, *, #1108, .T. ) ;
#3040 = CARTESIAN_POINT ( 'NONE',  ( 4.807073215165557301, 5.764999999999999680, -16.18960560050119213 ) ) ;
#3041 = CARTESIAN_POINT ( 'NONE',  ( -1.019999999997242446, 3.265000000000000124, 23.50788165701039034 ) ) ;
#3042 = DIRECTION ( 'NONE',  ( 0.000000000000000000, 1.000000000000000000, 0.000000000000000000 ) ) ;
#3043 = EDGE_CURVE ( 'NONE', #4530, #4547, #2190, .T. ) ;
#3044 = FACE_OUTER_BOUND ( 'NONE', #1238, .T. ) ;
#3045 = AXIS2_PLACEMENT_3D ( 'NONE', #377, #2667, #5924 ) ;
#3046 = CARTESIAN_POINT ( 'NONE',  ( -7.594310774156567412, 5.764999999999999680, -23.84747785648472629 ) ) ;
#3047 = ORIENTED_EDGE ( 'NONE', *, *, #3114, .T. ) ;
#3048 = LINE ( 'NONE', #5834, #638 ) ;
#3049 = CARTESIAN_POINT ( 'NONE',  ( 31.83028302722169656, 6.226507457126691847, 4.037238454830210266 ) ) ;
#3050 = EDGE_CURVE ( 'NONE', #4027, #4469, #3973, .T. ) ;
#3051 = EDGE_CURVE ( 'NONE', #1778, #4733, #889, .T. ) ;
#3052 = CARTESIAN_POINT ( 'NONE',  ( -6.724046161570257141, 0.000000000000000000, -15.49188450811626794 ) ) ;
#3053 = ORIENTED_EDGE ( 'NONE', *, *, #3653, .F. ) ;
#3054 = ORIENTED_EDGE ( 'NONE', *, *, #5202, .T. ) ;
#3055 = CARTESIAN_POINT ( 'NONE',  ( 9.691120861856093782, 5.764999999999999680, -29.60841622532396400 ) ) ;
#3056 = ORIENTED_EDGE ( 'NONE', *, *, #2367, .F. ) ;
#3057 = CARTESIAN_POINT ( 'NONE',  ( -7.749457208444340495, 6.254134702174582117, -23.39452422605371140 ) ) ;
#3058 = EDGE_LOOP ( 'NONE', ( #6074, #2300, #2036, #372 ) ) ;
#3059 = DIRECTION ( 'NONE',  ( 0.000000000000000000, -1.000000000000000000, 0.000000000000000000 ) ) ;
#3060 = LINE ( 'NONE', #3490, #4272 ) ;
#3061 = DIRECTION ( 'NONE',  ( -0.8660254037844363761, -0.000000000000000000, -0.5000000000000038858 ) ) ;
#3062 = DIRECTION ( 'NONE',  ( -0.000000000000000000, -1.000000000000000000, -0.000000000000000000 ) ) ;
#3063 = EDGE_CURVE ( 'NONE', #2974, #2283, #1620, .T. ) ;
#3064 = B_SPLINE_CURVE_WITH_KNOTS ( 'NONE', 3,
 ( #1848, #1938, #3349, #2355, #1475, #1905, #4234, #929 ),
 .UNSPECIFIED., .F., .F.,
 ( 4, 2, 2, 4 ),
 ( 0.000000000000000000, 0.0002554680715911792884, 0.0005109361431823585768, 0.001021872286364714118 ),
 .UNSPECIFIED. ) ;
#3065 = CARTESIAN_POINT ( 'NONE',  ( -4.295614376561147196, 6.264999999999997016, -15.52288081197439595 ) ) ;
#3066 = DIRECTION ( 'NONE',  ( 0.000000000000000000, 0.000000000000000000, 1.000000000000000000 ) ) ;
#3067 = ORIENTED_EDGE ( 'NONE', *, *, #5630, .T. ) ;
#3068 = DIRECTION ( 'NONE',  ( 0.000000000000000000, 1.000000000000000000, -0.000000000000000000 ) ) ;
#3069 = EDGE_LOOP ( 'NONE', ( #1591, #3246, #392, #3805, #2003, #2904, #4729, #5000 ) ) ;
#3070 = ADVANCED_FACE ( 'NONE', ( #4160 ), #5058, .T. ) ;
#3071 = VERTEX_POINT ( 'NONE', #2862 ) ;
#3072 = PLANE ( 'NONE',  #2126 ) ;
#3073 = DIRECTION ( 'NONE',  ( 0.000000000000000000, 0.000000000000000000, 1.000000000000000000 ) ) ;
#3074 = VECTOR ( 'NONE', #4706, 1000.000000000000000 ) ;
#3075 = FACE_OUTER_BOUND ( 'NONE', #657, .T. ) ;
#3076 = VECTOR ( 'NONE', #5735, 1000.000000000000000 ) ;
#3077 = ADVANCED_FACE ( 'NONE', ( #3272 ), #5192, .T. ) ;
#3078 = CARTESIAN_POINT ( 'NONE',  ( 0.000000000000000000, 0.000000000000000000, 0.000000000000000000 ) ) ;
#3079 = ORIENTED_EDGE ( 'NONE', *, *, #806, .T. ) ;
#3080 = LINE ( 'NONE', #4471, #3110 ) ;
#3081 = CIRCLE ( 'NONE', #1128, 24.02999999999999758 ) ;
#3082 = FACE_OUTER_BOUND ( 'NONE', #3453, .T. ) ;
#3083 = ORIENTED_EDGE ( 'NONE', *, *, #5980, .T. ) ;
#3084 = VERTEX_POINT ( 'NONE', #882 ) ;
#3085 = CARTESIAN_POINT ( 'NONE',  ( -8.955768779808225943, 6.063945815778227555, 13.38014397915354792 ) ) ;
#3086 = EDGE_CURVE ( 'NONE', #4796, #2779, #967, .T. ) ;
#3087 = AXIS2_PLACEMENT_3D ( 'NONE', #5746, #1525, #3311 ) ;
#3088 = DIRECTION ( 'NONE',  ( 6.061500895468104364E-16, -0.5457393103138310497, 0.8379550138152905836 ) ) ;
#3089 = EDGE_CURVE ( 'NONE', #2779, #3299, #3090, .T. ) ;
#3090 = CIRCLE ( 'NONE', #2106, 0.8000000000027681635 ) ;
#3091 = VERTEX_POINT ( 'NONE', #2282 ) ;
#3092 = CARTESIAN_POINT ( 'NONE',  ( 16.39539829303736340, 6.235787267805846135, 18.46831089329668885 ) ) ;
#3093 = DIRECTION ( 'NONE',  ( -0.5000000000000038858, 0.000000000000000000, 0.8660254037844363761 ) ) ;
#3094 = VECTOR ( 'NONE', #1118, 1000.000000000000000 ) ;
#3095 = CARTESIAN_POINT ( 'NONE',  ( -23.53786141711524493, 6.253133748784646784, 3.502893361094311597 ) ) ;
#3096 = DIRECTION ( 'NONE',  ( -0.5735764363512142472, 0.000000000000000000, -0.8191520442888740039 ) ) ;
#3097 = VECTOR ( 'NONE', #364, 1000.000000000000114 ) ;
#3098 = CARTESIAN_POINT ( 'NONE',  ( -23.90990065744529858, 6.264999999999999680, 5.015960591969546911 ) ) ;
#3099 = DIRECTION ( 'NONE',  ( -0.000000000000000000, -1.000000000000000000, -0.000000000000000000 ) ) ;
#3100 = EDGE_CURVE ( 'NONE', #3755, #1426, #2405, .T. ) ;
#3101 = VECTOR ( 'NONE', #4787, 999.9999999999998863 ) ;
#3102 = DIRECTION ( 'NONE',  ( 0.9396926207859351843, 0.000000000000000000, -0.3420201433255953827 ) ) ;
#3103 = ORIENTED_EDGE ( 'NONE', *, *, #4263, .F. ) ;
#3104 = ORIENTED_EDGE ( 'NONE', *, *, #3609, .T. ) ;
#3105 = CARTESIAN_POINT ( 'NONE',  ( -23.46999816308357367, 6.265000000000037872, 4.886783871352299968 ) ) ;
#3106 = DIRECTION ( 'NONE',  ( 0.000000000000000000, 1.000000000000000000, 0.000000000000000000 ) ) ;
#3107 = AXIS2_PLACEMENT_3D ( 'NONE', #567, #2363, #4738 ) ;
#3108 = ADVANCED_FACE ( 'NONE', ( #4249 ), #84, .F. ) ;
#3109 = DIRECTION ( 'NONE',  ( 0.000000000000000000, 0.000000000000000000, 1.000000000000000000 ) ) ;
#3110 = VECTOR ( 'NONE', #4557, 1000.000000000000000 ) ;
#3111 = CARTESIAN_POINT ( 'NONE',  ( -24.41469320344713267, 5.996288099985970454, 5.294632604725561187 ) ) ;
#3112 = CARTESIAN_POINT ( 'NONE',  ( -7.594310774156573629, 6.264999999999999680, -23.84747785648472274 ) ) ;
#3113 = PLANE ( 'NONE',  #3900 ) ;
#3114 = EDGE_CURVE ( 'NONE', #5973, #5516, #2745, .T. ) ;
#3115 = CARTESIAN_POINT ( 'NONE',  ( 19.84842270412693566, 3.265000000000000124, -12.63728674036868860 ) ) ;
#3116 = ORIENTED_EDGE ( 'NONE', *, *, #1478, .F. ) ;
#3117 = CARTESIAN_POINT ( 'NONE',  ( 10.23180186323414453, 6.264999999999999680, -29.63202286765672966 ) ) ;
#3118 = CARTESIAN_POINT ( 'NONE',  ( 16.07282071980216287, 0.000000000000000000, 0.9150920754745583974 ) ) ;
#3119 = VERTEX_POINT ( 'NONE', #5285 ) ;
#3120 = CARTESIAN_POINT ( 'NONE',  ( -24.13496598328974230, 6.254139523120819000, 4.986040917321638233 ) ) ;
#3121 = PLANE ( 'NONE',  #356 ) ;
#3122 = EDGE_CURVE ( 'NONE', #2796, #4139, #177, .T. ) ;
#3123 = VERTEX_POINT ( 'NONE', #1952 ) ;
#3124 = DIRECTION ( 'NONE',  ( 0.9961946980917977257, -0.000000000000000000, 0.08715574274706107405 ) ) ;
#3125 = CARTESIAN_POINT ( 'NONE',  ( 30.48720104788194973, 6.057893218813449998, 6.411451255148617356 ) ) ;
#3126 = DIRECTION ( 'NONE',  ( 0.9848077530122083534, 0.000000000000000000, -0.1736481776669289434 ) ) ;
#3127 = PLANE ( 'NONE',  #139 ) ;
#3128 = FACE_OUTER_BOUND ( 'NONE', #2261, .T. ) ;
#3129 = LINE ( 'NONE', #2637, #4054 ) ;
#3130 = VERTEX_POINT ( 'NONE', #1494 ) ;
#3131 = ORIENTED_EDGE ( 'NONE', *, *, #4594, .T. ) ;
#3132 = CARTESIAN_POINT ( 'NONE',  ( 16.85536625282482959, 5.764999999999999680, 18.50060498289537847 ) ) ;
#3133 = CARTESIAN_POINT ( 'NONE',  ( 15.34070471705005545, 6.235787267806473189, 19.35330388391050249 ) ) ;
#3134 = AXIS2_PLACEMENT_3D ( 'NONE', #5283, #1065, #1608 ) ;
#3135 = CARTESIAN_POINT ( 'NONE',  ( -30.48720104788181828, 0.000000000000000000, 6.411451255149191120 ) ) ;
#3136 = ORIENTED_EDGE ( 'NONE', *, *, #825, .F. ) ;
#3137 = CARTESIAN_POINT ( 'NONE',  ( -16.48760416466078027, 6.264999999999999680, 2.379187623289604314 ) ) ;
#3138 = AXIS2_PLACEMENT_3D ( 'NONE', #1205, #217, #2144 ) ;
#3139 = FACE_OUTER_BOUND ( 'NONE', #1803, .T. ) ;
#3140 = CARTESIAN_POINT ( 'NONE',  ( -23.90990065744529858, 0.000000000000000000, 5.015960591969546911 ) ) ;
#3141 = EDGE_CURVE ( 'NONE', #4554, #622, #4183, .T. ) ;
#3142 = DIRECTION ( 'NONE',  ( 0.000000000000000000, 0.000000000000000000, 1.000000000000000000 ) ) ;
#3143 = ORIENTED_EDGE ( 'NONE', *, *, #2315, .T. ) ;
#3144 = DIRECTION ( 'NONE',  ( 0.000000000000000000, 1.000000000000000000, 0.000000000000000000 ) ) ;
#3145 = LINE ( 'NONE', #852, #4262 ) ;
#3146 = ORIENTED_EDGE ( 'NONE', *, *, #4300, .T. ) ;
#3147 = CARTESIAN_POINT ( 'NONE',  ( 16.45269206483542135, 6.221055507768919135, 18.47251962393960056 ) ) ;
#3148 = DIRECTION ( 'NONE',  ( 0.000000000000000000, 1.000000000000000000, 0.000000000000000000 ) ) ;
#3149 = EDGE_CURVE ( 'NONE', #815, #3299, #4814, .T. ) ;
#3150 = ORIENTED_EDGE ( 'NONE', *, *, #3515, .T. ) ;
#3151 = CARTESIAN_POINT ( 'NONE',  ( 24.43080516915483003, 6.235787267805525502, 3.608788054962495995 ) ) ;
#3152 = DIRECTION ( 'NONE',  ( -0.4226182617401404995, -0.000000000000000000, -0.9063077870369106170 ) ) ;
#3153 = DIRECTION ( 'NONE',  ( -0.08715574274831967838, 0.000000000000000000, 0.9961946980916877026 ) ) ;
#3154 = CARTESIAN_POINT ( 'NONE',  ( 8.584531272231606280, 6.264999999999999680, -22.06542753897499409 ) ) ;
#3155 = ADVANCED_FACE ( 'NONE', ( #2043 ), #3363, .T. ) ;
#3156 = CARTESIAN_POINT ( 'NONE',  ( 9.090100452106897322, 6.235787267813640788, -22.96209193887940003 ) ) ;
#3157 = DIRECTION ( 'NONE',  ( 0.000000000000000000, -1.000000000000000000, 0.000000000000000000 ) ) ;
#3158 = ORIENTED_EDGE ( 'NONE', *, *, #3734, .F. ) ;
#3159 = VERTEX_POINT ( 'NONE', #4379 ) ;
#3160 = EDGE_CURVE ( 'NONE', #5068, #741, #3291, .T. ) ;
#3161 = EDGE_CURVE ( 'NONE', #5012, #1448, #3887, .T. ) ;
#3162 = FACE_OUTER_BOUND ( 'NONE', #2915, .T. ) ;
#3163 = DIRECTION ( 'NONE',  ( 0.9063077870364197874, 0.000000000000000000, -0.4226182617411931020 ) ) ;
#3164 = CARTESIAN_POINT ( 'NONE',  ( 3.692205798609079270, 5.764999999999999680, -15.66973438633268856 ) ) ;
#3165 = ORIENTED_EDGE ( 'NONE', *, *, #2591, .F. ) ;
#3166 = CARTESIAN_POINT ( 'NONE',  ( 19.84842270412905663, 4.241147254709639824, -12.63728674036500088 ) ) ;
#3167 = CIRCLE ( 'NONE', #4648, 0.8000000000026805669 ) ;
#3168 = CARTESIAN_POINT ( 'NONE',  ( 15.89194039108607015, 5.764999999999999680, 17.35243875097005528 ) ) ;
#3169 = DIRECTION ( 'NONE',  ( 0.3420201433256419010, -0.000000000000000000, -0.9396926207859180868 ) ) ;
#3170 = DIRECTION ( 'NONE',  ( 0.000000000000000000, 1.000000000000000000, 0.000000000000000000 ) ) ;
#3171 = ORIENTED_EDGE ( 'NONE', *, *, #2992, .F. ) ;
#3172 = AXIS2_PLACEMENT_3D ( 'NONE', #4582, #3157, #335 ) ;
#3173 = ORIENTED_EDGE ( 'NONE', *, *, #5734, .F. ) ;
#3174 = EDGE_CURVE ( 'NONE', #4265, #4036, #2896, .T. ) ;
#3175 = CARTESIAN_POINT ( 'NONE',  ( -24.47740006457286555, 6.221055507769645665, 3.575184403062859229 ) ) ;
#3176 = CARTESIAN_POINT ( 'NONE',  ( 19.12613749183849521, 0.000000000000000000, 25.73369080688134147 ) ) ;
#3177 = ORIENTED_EDGE ( 'NONE', *, *, #4976, .F. ) ;
#3178 = FACE_OUTER_BOUND ( 'NONE', #2376, .T. ) ;
#3179 = DIRECTION ( 'NONE',  ( 0.000000000000000000, 0.000000000000000000, 1.000000000000000000 ) ) ;
#3180 = AXIS2_PLACEMENT_3D ( 'NONE', #1963, #1507, #4760 ) ;
#3181 = ORIENTED_EDGE ( 'NONE', *, *, #88, .F. ) ;
#3182 = ORIENTED_EDGE ( 'NONE', *, *, #3885, .F. ) ;
#3183 = LINE ( 'NONE', #5070, #1723 ) ;
#3184 = EDGE_CURVE ( 'NONE', #2823, #4126, #5299, .T. ) ;
#3185 = VECTOR ( 'NONE', #2809, 1000.000000000000000 ) ;
#3186 = AXIS2_PLACEMENT_3D ( 'NONE', #4794, #1534, #582 ) ;
#3187 = CARTESIAN_POINT ( 'NONE',  ( -23.37839960360237868, 6.238325924937095479, 4.813879173187117999 ) ) ;
#3188 = EDGE_LOOP ( 'NONE', ( #764, #2787, #1220, #3704, #3713, #2023, #228 ) ) ;
#3189 = DIRECTION ( 'NONE',  ( 0.9063077870365631172, 0.000000000000000000, -0.4226182617408856257 ) ) ;
#3190 = B_SPLINE_CURVE_WITH_KNOTS ( 'NONE', 3,
 ( #1228, #1594, #3095, #2478 ),
 .UNSPECIFIED., .F., .F.,
 ( 4, 4 ),
 ( 3.705370968959021185E-18, 0.0002492957699755222155 ),
 .UNSPECIFIED. ) ;
#3191 = VECTOR ( 'NONE', #5959, 1000.000000000000000 ) ;
#3192 = DIRECTION ( 'NONE',  ( 0.000000000000000000, 0.000000000000000000, 1.000000000000000000 ) ) ;
#3193 = EDGE_CURVE ( 'NONE', #3485, #3226, #4903, .T. ) ;
#3194 = CYLINDRICAL_SURFACE ( 'NONE', #2483, 0.4999999999999997780 ) ;
#3195 = AXIS2_PLACEMENT_3D ( 'NONE', #702, #3406, #1623 ) ;
#3196 = ORIENTED_EDGE ( 'NONE', *, *, #2130, .T. ) ;
#3197 = ORIENTED_EDGE ( 'NONE', *, *, #4781, .T. ) ;
#3198 = CARTESIAN_POINT ( 'NONE',  ( -7.796327252067167812, 6.235787267806767176, -23.43298687357934185 ) ) ;
#3199 = CARTESIAN_POINT ( 'NONE',  ( 0.000000000000000000, 6.264999999999999680, 0.000000000000000000 ) ) ;
#3201 = EDGE_CURVE ( 'NONE', #5224, #168, #1402, .T. ) ;
#3200 = DIRECTION ( 'NONE',  ( 0.08715574274745541139, 0.000000000000000000, -0.9961946980917633088 ) ) ;
#3202 = ORIENTED_EDGE ( 'NONE', *, *, #4116, .T. ) ;
#3203 = AXIS2_PLACEMENT_3D ( 'NONE', #2709, #1298, #315 ) ;
#3204 = CARTESIAN_POINT ( 'NONE',  ( -9.000391762838175325, 6.264999999999999680, -23.20799484655626088 ) ) ;
#3205 = CARTESIAN_POINT ( 'NONE',  ( -22.97362297149675214, 5.764999999999999680, 5.086604718622892207 ) ) ;
#3206 = CARTESIAN_POINT ( 'NONE',  ( -31.19276894612026751, 5.764999999999999680, 7.419106642638173099 ) ) ;
#3208 = ADVANCED_FACE ( 'NONE', ( #5249 ), #2496, .F. ) ;
#3207 = CARTESIAN_POINT ( 'NONE',  ( 15.60607930272298027, -6.264999999999999680, 18.59860107532696105 ) ) ;
#3209 = VECTOR ( 'NONE', #1162, 1000.000000000000000 ) ;
#3210 = ORIENTED_EDGE ( 'NONE', *, *, #5093, .T. ) ;
#3211 = ORIENTED_EDGE ( 'NONE', *, *, #3141, .F. ) ;
#3212 = CARTESIAN_POINT ( 'NONE',  ( 15.41649094842345136, 5.764999999999999680, 4.637323175571753886 ) ) ;
#3213 = DIRECTION ( 'NONE',  ( 0.000000000000000000, 0.000000000000000000, -1.000000000000000000 ) ) ;
#3214 = ORIENTED_EDGE ( 'NONE', *, *, #4024, .T. ) ;
#3215 = CARTESIAN_POINT ( 'NONE',  ( 0.000000000000000000, 3.265000000000000124, 0.000000000000000000 ) ) ;
#3216 = CARTESIAN_POINT ( 'NONE',  ( -12.28377519916476857, 6.264999999999998792, -29.64996074148710647 ) ) ;
#3217 = AXIS2_PLACEMENT_3D ( 'NONE', #5741, #5923, #747 ) ;
#3218 = ORIENTED_EDGE ( 'NONE', *, *, #2329, .T. ) ;
#3219 = EDGE_LOOP ( 'NONE', ( #5104, #886, #3171, #3916, #1004 ) ) ;
#3220 = PLANE ( 'NONE',  #2019 ) ;
#3221 = CARTESIAN_POINT ( 'NONE',  ( -15.61225507546109981, 6.264999999999997904, 3.958206425718479249 ) ) ;
#3222 = ORIENTED_EDGE ( 'NONE', *, *, #3353, .F. ) ;
#3223 = EDGE_CURVE ( 'NONE', #3914, #684, #2925, .T. ) ;
#3224 = CARTESIAN_POINT ( 'NONE',  ( 0.000000000000000000, 6.264999999999999680, 0.000000000000000000 ) ) ;
#3225 = DIRECTION ( 'NONE',  ( -0.000000000000000000, -1.000000000000000000, -0.000000000000000000 ) ) ;
#3226 = VERTEX_POINT ( 'NONE', #1582 ) ;
#3227 = EDGE_LOOP ( 'NONE', ( #3937, #1958, #3625, #5903 ) ) ;
#3228 = DIRECTION ( 'NONE',  ( -0.000000000000000000, -1.000000000000000000, -0.000000000000000000 ) ) ;
#3229 = LINE ( 'NONE', #2244, #1219 ) ;
#3230 = EDGE_CURVE ( 'NONE', #3995, #5509, #2068, .T. ) ;
#3231 = DIRECTION ( 'NONE',  ( 0.9396926207859084279, 0.000000000000000000, 0.3420201433256688239 ) ) ;
#3232 = ORIENTED_EDGE ( 'NONE', *, *, #3539, .F. ) ;
#3233 = ORIENTED_EDGE ( 'NONE', *, *, #4819, .F. ) ;
#3234 = DIRECTION ( 'NONE',  ( -0.9961946980916877026, 0.000000000000000000, -0.08715574274831970614 ) ) ;
#3235 = CARTESIAN_POINT ( 'NONE',  ( 24.41831488466487343, 6.264999999999999680, 4.833629575782259380 ) ) ;
#3236 = CARTESIAN_POINT ( 'NONE',  ( 8.828903344064009673, 0.000000000000000000, 13.46192501608482672 ) ) ;
#3237 = EDGE_CURVE ( 'NONE', #1353, #4952, #1034, .T. ) ;
#3238 = CARTESIAN_POINT ( 'NONE',  ( -23.32786525393755639, 0.000000000000000000, 3.077596902476492868 ) ) ;
#3239 = VERTEX_POINT ( 'NONE', #5744 ) ;
#3240 = VECTOR ( 'NONE', #5698, 1000.000000000000000 ) ;
#3241 = CARTESIAN_POINT ( 'NONE',  ( -7.594310774156573629, 5.764999999999999680, -23.84747785648472274 ) ) ;
#3242 = CARTESIAN_POINT ( 'NONE',  ( 23.90990065744999526, 6.264999999999999680, 4.215960591964933890 ) ) ;
#3243 = DIRECTION ( 'NONE',  ( -0.9063077870364198985, 0.000000000000000000, 0.4226182617411926024 ) ) ;
#3244 = DIRECTION ( 'NONE',  ( 0.000000000000000000, 0.000000000000000000, 1.000000000000000000 ) ) ;
#3245 = EDGE_CURVE ( 'NONE', #913, #90, #515, .T. ) ;
#3246 = ORIENTED_EDGE ( 'NONE', *, *, #4204, .T. ) ;
#3247 = EDGE_LOOP ( 'NONE', ( #5675, #858, #1165, #1530 ) ) ;
#3248 = CARTESIAN_POINT ( 'NONE',  ( 9.090100452106897322, 6.235787267813640788, -22.96209193887940003 ) ) ;
#3249 = ORIENTED_EDGE ( 'NONE', *, *, #3653, .T. ) ;
#3250 = VECTOR ( 'NONE', #5434, 1000.000000000000227 ) ;
#3251 = CARTESIAN_POINT ( 'NONE',  ( 14.81695515800011620, 6.264999999999999680, 18.46713593082162674 ) ) ;
#3252 = EDGE_CURVE ( 'NONE', #5211, #5239, #4526, .T. ) ;
#3253 = CARTESIAN_POINT ( 'NONE',  ( 24.80391930942181489, 5.884670988163177796, 3.337865057441844918 ) ) ;
#3254 = EDGE_LOOP ( 'NONE', ( #5250, #83, #1427, #4632, #4613 ) ) ;
#3255 = EDGE_LOOP ( 'NONE', ( #712, #3352, #1906, #1483 ) ) ;
#3256 = LINE ( 'NONE', #5672, #1739 ) ;
#3257 = FACE_OUTER_BOUND ( 'NONE', #1773, .T. ) ;
#3258 = VERTEX_POINT ( 'NONE', #1188 ) ;
#3259 = CARTESIAN_POINT ( 'NONE',  ( 0.000000000000000000, 5.764999999999999680, 0.000000000000000000 ) ) ;
#3260 = ADVANCED_FACE ( 'NONE', ( #2217 ), #4092, .F. ) ;
#3261 = VERTEX_POINT ( 'NONE', #3046 ) ;
#3262 = ORIENTED_EDGE ( 'NONE', *, *, #988, .T. ) ;
#3263 = VERTEX_POINT ( 'NONE', #5988 ) ;
#3264 = FACE_OUTER_BOUND ( 'NONE', #3985, .T. ) ;
#3265 = FACE_OUTER_BOUND ( 'NONE', #1667, .T. ) ;
#3266 = CARTESIAN_POINT ( 'NONE',  ( -7.520258147076429367, 6.238325924937935696, -22.65322754313930886 ) ) ;
#3267 = DIRECTION ( 'NONE',  ( 0.000000000000000000, 1.000000000000000000, 0.000000000000000000 ) ) ;
#3268 = DIRECTION ( 'NONE',  ( 0.000000000000000000, 0.000000000000000000, 1.000000000000000000 ) ) ;
#3269 = VERTEX_POINT ( 'NONE', #1674 ) ;
#3270 = EDGE_CURVE ( 'NONE', #849, #3372, #1721, .T. ) ;
#3271 = AXIS2_PLACEMENT_3D ( 'NONE', #123, #5383, #3403 ) ;
#3272 = FACE_OUTER_BOUND ( 'NONE', #2819, .T. ) ;
#3273 = ORIENTED_EDGE ( 'NONE', *, *, #768, .F. ) ;
#3274 = CARTESIAN_POINT ( 'NONE',  ( 19.23334952206225523, 5.764999999999999680, 24.50825169393582570 ) ) ;
#3275 = FACE_OUTER_BOUND ( 'NONE', #5459, .T. ) ;
#3276 = VECTOR ( 'NONE', #1150, 1000.000000000000000 ) ;
#3277 = ORIENTED_EDGE ( 'NONE', *, *, #2481, .T. ) ;
#3278 = EDGE_LOOP ( 'NONE', ( #5949, #432, #4808, #1471, #2159, #3770, #1942, #4240, #5292, #1744, #3639, #5964, #931, #5256, #996, #3173, #5133, #517, #2954, #2497, #3749, #754, #651, #834, #1486, #5982, #1708, #6097 ) ) ;
#3279 = ADVANCED_FACE ( 'NONE', ( #1270 ), #1213, .F. ) ;
#3280 = EDGE_CURVE ( 'NONE', #892, #6098, #5492, .T. ) ;
#3281 = PLANE ( 'NONE',  #339 ) ;
#3282 = AXIS2_PLACEMENT_3D ( 'NONE', #4540, #2688, #5105 ) ;
#3283 = VERTEX_POINT ( 'NONE', #3166 ) ;
#3284 = CARTESIAN_POINT ( 'NONE',  ( -23.78454326885298187, 6.264999999999999680, 3.425843179723848220 ) ) ;
#3285 = AXIS2_PLACEMENT_3D ( 'NONE', #5474, #3611, #6024 ) ;
#3286 = EDGE_CURVE ( 'NONE', #2459, #5860, #5020, .T. ) ;
#3287 = DIRECTION ( 'NONE',  ( 0.000000000000000000, 0.000000000000000000, 1.000000000000000000 ) ) ;
#3288 = DIRECTION ( 'NONE',  ( 0.000000000000000000, 0.000000000000000000, 1.000000000000000000 ) ) ;
#3289 = VERTEX_POINT ( 'NONE', #3541 ) ;
#3290 = VECTOR ( 'NONE', #4802, 1000.000000000000227 ) ;
#3291 = CIRCLE ( 'NONE', #2198, 14.64608244481071431 ) ;
#3292 = CARTESIAN_POINT ( 'NONE',  ( 8.925404411401423488, 6.264999999999999680, -22.31094027809979607 ) ) ;
#3293 = DIRECTION ( 'NONE',  ( -0.8191520442892409326, 0.000000000000000000, -0.5735764363506903329 ) ) ;
#3294 = ORIENTED_EDGE ( 'NONE', *, *, #2061, .T. ) ;
#3295 = DIRECTION ( 'NONE',  ( 0.000000000000000000, 0.000000000000000000, 1.000000000000000000 ) ) ;
#3296 = AXIS2_PLACEMENT_3D ( 'NONE', #1760, #2182, #2154 ) ;
#3297 = ORIENTED_EDGE ( 'NONE', *, *, #1211, .T. ) ;
#3298 = ORIENTED_EDGE ( 'NONE', *, *, #2726, .F. ) ;
#3299 = VERTEX_POINT ( 'NONE', #288 ) ;
#3300 = DIRECTION ( 'NONE',  ( 0.000000000000000000, 1.000000000000000000, 0.000000000000000000 ) ) ;
#3301 = CARTESIAN_POINT ( 'NONE',  ( 11.23403485582581496, 6.264999999999997904, 11.54150629285266838 ) ) ;
#3302 = DIRECTION ( 'NONE',  ( 0.000000000000000000, 1.000000000000000000, 0.000000000000000000 ) ) ;
#3303 = CIRCLE ( 'NONE', #2213, 0.8000000000026805669 ) ;
#3304 = AXIS2_PLACEMENT_3D ( 'NONE', #2089, #461, #552 ) ;
#3305 = EDGE_CURVE ( 'NONE', #5401, #1953, #3780, .T. ) ;
#3306 = DIRECTION ( 'NONE',  ( 0.8191520442886223163, -0.000000000000000000, -0.5735764363515737374 ) ) ;
#3307 = EDGE_LOOP ( 'NONE', ( #3799, #938, #1035, #949, #2521 ) ) ;
#3308 = VECTOR ( 'NONE', #5649, 1000.000000000000114 ) ;
#3309 = CARTESIAN_POINT ( 'NONE',  ( 23.54529487373054053, 6.210085216636585415, 3.375795704817247334 ) ) ;
#3310 = VERTEX_POINT ( 'NONE', #3137 ) ;
#3311 = DIRECTION ( 'NONE',  ( -0.9848077530122086864, 0.000000000000000000, 0.1736481776669272503 ) ) ;
#3312 = CARTESIAN_POINT ( 'NONE',  ( -23.90990065744529858, 6.264999999999999680, 4.215960591966866566 ) ) ;
#3313 = EDGE_CURVE ( 'NONE', #4547, #4879, #1297, .T. ) ;
#3314 = VECTOR ( 'NONE', #2955, 1000.000000000000000 ) ;
#3315 = VERTEX_POINT ( 'NONE', #5054 ) ;
#3316 = VERTEX_POINT ( 'NONE', #2708 ) ;
#3317 = AXIS2_PLACEMENT_3D ( 'NONE', #2123, #3106, #3073 ) ;
#3318 = DIRECTION ( 'NONE',  ( -0.9063077870364758537, -0.000000000000000000, -0.4226182617410730868 ) ) ;
#3319 = ORIENTED_EDGE ( 'NONE', *, *, #5236, .T. ) ;
#3320 = DIRECTION ( 'NONE',  ( -0.000000000000000000, -1.000000000000000000, -0.000000000000000000 ) ) ;
#3321 = EDGE_CURVE ( 'NONE', #1040, #741, #227, .T. ) ;
#3322 = DIRECTION ( 'NONE',  ( 0.000000000000000000, 1.000000000000000000, 0.000000000000000000 ) ) ;
#3323 = ORIENTED_EDGE ( 'NONE', *, *, #1260, .T. ) ;
#3324 = CARTESIAN_POINT ( 'NONE',  ( -7.771325233822517831, 6.221055507769966297, -23.48470910075692686 ) ) ;
#3325 = LINE ( 'NONE', #4675, #2380 ) ;
#3326 = ADVANCED_FACE ( 'NONE', ( #261 ), #3568, .F. ) ;
#3327 = EDGE_LOOP ( 'NONE', ( #3769, #5633, #5996, #6062, #5191, #30, #2350, #3786, #1611, #5608 ) ) ;
#3328 = ORIENTED_EDGE ( 'NONE', *, *, #806, .F. ) ;
#3329 = ORIENTED_EDGE ( 'NONE', *, *, #2630, .F. ) ;
#3330 = DIRECTION ( 'NONE',  ( 0.000000000000000000, -1.000000000000000000, 0.000000000000000000 ) ) ;
#3331 = DIRECTION ( 'NONE',  ( -0.000000000000000000, -1.000000000000000000, -0.000000000000000000 ) ) ;
#3332 = FACE_OUTER_BOUND ( 'NONE', #5833, .T. ) ;
#3333 = DIRECTION ( 'NONE',  ( 0.000000000000000000, -0.000000000000000000, -1.000000000000000000 ) ) ;
#3334 = EDGE_CURVE ( 'NONE', #3354, #2078, #773, .T. ) ;
#3335 = DIRECTION ( 'NONE',  ( 0.000000000000000000, 0.000000000000000000, 1.000000000000000000 ) ) ;
#3336 = EDGE_LOOP ( 'NONE', ( #5297, #5064, #426, #4718, #5232, #4897 ) ) ;
#3337 = CARTESIAN_POINT ( 'NONE',  ( 15.60607930272298027, 6.264999999999999680, 18.59860107532696105 ) ) ;
#3338 = CARTESIAN_POINT ( 'NONE',  ( 7.243917375738558206, 6.264999999999999680, -14.37701709155918550 ) ) ;
#3339 = ORIENTED_EDGE ( 'NONE', *, *, #3942, .F. ) ;
#3340 = CIRCLE ( 'NONE', #691, 0.8000000000026805669 ) ;
#3341 = VERTEX_POINT ( 'NONE', #5869 ) ;
#3342 = ADVANCED_FACE ( 'NONE', ( #5435 ), #4959, .F. ) ;
#3343 = FACE_OUTER_BOUND ( 'NONE', #4432, .T. ) ;
#3344 = VERTEX_POINT ( 'NONE', #3204 ) ;
#3345 = CARTESIAN_POINT ( 'NONE',  ( 0.000000000000000000, 6.264999999999999680, 0.000000000000000000 ) ) ;
#3346 = CARTESIAN_POINT ( 'NONE',  ( -11.10092522531329173, 6.264999999999999680, 12.42059112841879376 ) ) ;
#3347 = B_SPLINE_CURVE_WITH_KNOTS ( 'NONE', 3,
 ( #3853, #2980, #3393, #570 ),
 .UNSPECIFIED., .F., .F.,
 ( 4, 4 ),
 ( 4.422694427346621642E-18, 0.0002633906062249734433 ),
 .UNSPECIFIED. ) ;
#3348 = EDGE_CURVE ( 'NONE', #222, #5519, #2799, .T. ) ;
#3349 = CARTESIAN_POINT ( 'NONE',  ( 7.209829457415809273, 5.933231137178720083, -14.39478843223197657 ) ) ;
#3350 = ORIENTED_EDGE ( 'NONE', *, *, #914, .F. ) ;
#3351 = DIRECTION ( 'NONE',  ( 0.000000000000000000, 1.000000000000000000, 0.000000000000000000 ) ) ;
#3352 = ORIENTED_EDGE ( 'NONE', *, *, #1139, .F. ) ;
#3353 = EDGE_CURVE ( 'NONE', #5239, #4247, #3664, .T. ) ;
#3354 = VERTEX_POINT ( 'NONE', #15 ) ;
#3355 = CARTESIAN_POINT ( 'NONE',  ( 23.90990065744999526, 6.264999999999999680, 5.015960591967702165 ) ) ;
#3356 = ORIENTED_EDGE ( 'NONE', *, *, #2110, .F. ) ;
#3357 = EDGE_LOOP ( 'NONE', ( #4565, #5303, #3177, #2312, #4709, #5578 ) ) ;
#3358 = LINE ( 'NONE', #3443, #549 ) ;
#3359 = CARTESIAN_POINT ( 'NONE',  ( 31.84909871781022872, 5.764999999999999680, 3.696875540764980705 ) ) ;
#3360 = FILL_AREA_STYLE_COLOUR ( '', #5957 ) ;
#3361 = DIRECTION ( 'NONE',  ( 0.7660444431189296077, 0.000000000000000000, -0.6427876096865972055 ) ) ;
#3362 = ORIENTED_EDGE ( 'NONE', *, *, #864, .T. ) ;
#3363 = CYLINDRICAL_SURFACE ( 'NONE', #5265, 0.4999999999999994449 ) ;
#3364 = ORIENTED_EDGE ( 'NONE', *, *, #3043, .T. ) ;
#3365 = DIRECTION ( 'NONE',  ( -0.000000000000000000, -1.000000000000000000, -0.000000000000000000 ) ) ;
#3366 = DIRECTION ( 'NONE',  ( 0.8191520442893337473, 0.000000000000000000, -0.5735764363505576613 ) ) ;
#3367 = EDGE_CURVE ( 'NONE', #2078, #5505, #4710, .T. ) ;
#3368 = EDGE_LOOP ( 'NONE', ( #181, #4039, #3729, #2072, #5658, #3920 ) ) ;
#3369 = ORIENTED_EDGE ( 'NONE', *, *, #1630, .F. ) ;
#3370 = CARTESIAN_POINT ( 'NONE',  ( 0.000000000000000000, 6.264999999999999680, 0.000000000000000000 ) ) ;
#3371 = CARTESIAN_POINT ( 'NONE',  ( -8.998655526815831251, 5.764999999999999680, -21.74132237720849048 ) ) ;
#3372 = VERTEX_POINT ( 'NONE', #2829 ) ;
#3373 = CARTESIAN_POINT ( 'NONE',  ( 0.000000000000000000, 6.264999999999999680, 0.000000000000000000 ) ) ;
#3374 = VECTOR ( 'NONE', #149, 1000.000000000000114 ) ;
#3375 = EDGE_CURVE ( 'NONE', #5860, #4848, #1824, .T. ) ;
#3376 = AXIS2_PLACEMENT_3D ( 'NONE', #5011, #308, #4545 ) ;
#3377 = LINE ( 'NONE', #5731, #1531 ) ;
#3378 = CARTESIAN_POINT ( 'NONE',  ( 15.86682264772974449, 6.210085216635056860, 17.72063335202636836 ) ) ;
#3379 = AXIS2_PLACEMENT_3D ( 'NONE', #3620, #1285, #3153 ) ;
#3380 = EDGE_CURVE ( 'NONE', #2361, #250, #841, .T. ) ;
#3381 = VERTEX_POINT ( 'NONE', #5617 ) ;
#3382 = VERTEX_POINT ( 'NONE', #2362 ) ;
#3383 = LINE ( 'NONE', #5707, #530 ) ;
#3384 = VECTOR ( 'NONE', #1096, 1000.000000000000000 ) ;
#3385 = EDGE_LOOP ( 'NONE', ( #93, #5763, #1282, #3319 ) ) ;
#3386 = ORIENTED_EDGE ( 'NONE', *, *, #2424, .T. ) ;
#3387 = DIRECTION ( 'NONE',  ( -0.9848077530122070211, -0.000000000000000000, -0.1736481776669361876 ) ) ;
#3388 = DIRECTION ( 'NONE',  ( -0.4226182617408856257, 0.000000000000000000, -0.9063077870365632283 ) ) ;
#3389 = PLANE ( 'NONE',  #5685 ) ;
#3390 = ADVANCED_FACE ( 'NONE', ( #6016 ), #4376, .T. ) ;
#3391 = CIRCLE ( 'NONE', #5062, 24.52749999999999631 ) ;
#3392 = VECTOR ( 'NONE', #3387, 1000.000000000000114 ) ;
#3393 = CARTESIAN_POINT ( 'NONE',  ( -24.27365072738091456, 6.251739144610330534, 4.933838420841695438 ) ) ;
#3394 = AXIS2_PLACEMENT_3D ( 'NONE', #4600, #6060, #5596 ) ;
#3395 = CARTESIAN_POINT ( 'NONE',  ( -17.21793483357565790, 0.000000000000000000, 3.035986463239486621 ) ) ;
#3396 = ORIENTED_EDGE ( 'NONE', *, *, #2785, .T. ) ;
#3397 = CARTESIAN_POINT ( 'NONE',  ( -19.14502818090577918, 5.915060844301274656, 25.72165618842412016 ) ) ;
#3398 = CARTESIAN_POINT ( 'NONE',  ( -23.22089232545459581, 6.264999999999999680, 4.622491671285137826 ) ) ;
#3399 = B_SPLINE_CURVE_WITH_KNOTS ( 'NONE', 3,
 ( #5961, #5494, #1299, #1792 ),
 .UNSPECIFIED., .F., .F.,
 ( 4, 4 ),
 ( 8.075205744726668584E-05, 0.0002703316100602399120 ),
 .UNSPECIFIED. ) ;
#3400 = CARTESIAN_POINT ( 'NONE',  ( 9.090100452106897322, 6.235787267813640788, -22.96209193887940003 ) ) ;
#3401 = ORIENTED_EDGE ( 'NONE', *, *, #3557, .T. ) ;
#3402 = ORIENTED_EDGE ( 'NONE', *, *, #3571, .T. ) ;
#3403 = DIRECTION ( 'NONE',  ( 0.000000000000000000, 0.000000000000000000, -1.000000000000000000 ) ) ;
#3404 = DIRECTION ( 'NONE',  ( 0.000000000000000000, 1.000000000000000000, 0.000000000000000000 ) ) ;
#3405 = ORIENTED_EDGE ( 'NONE', *, *, #2880, .F. ) ;
#3406 = DIRECTION ( 'NONE',  ( -0.000000000000000000, -1.000000000000000000, -0.000000000000000000 ) ) ;
#3407 = DIRECTION ( 'NONE',  ( -0.3420201433256673251, 0.000000000000000000, 0.9396926207859088720 ) ) ;
#3408 = AXIS2_PLACEMENT_3D ( 'NONE', #2620, #4993, #290 ) ;
#3409 = CARTESIAN_POINT ( 'NONE',  ( -15.60607930271879873, -6.264999999999999680, 18.59860107532919216 ) ) ;
#3410 = ADVANCED_FACE ( 'NONE', ( #4218 ), #4242, .T. ) ;
#3411 = CARTESIAN_POINT ( 'NONE',  ( 15.29941582279585965, 5.996288099985966014, 19.74938617068020719 ) ) ;
#3412 = AXIS2_PLACEMENT_3D ( 'NONE', #199, #137, #2040 ) ;
#3413 = ORIENTED_EDGE ( 'NONE', *, *, #5629, .T. ) ;
#3414 = DIRECTION ( 'NONE',  ( -0.000000000000000000, -1.000000000000000000, -0.000000000000000000 ) ) ;
#3415 = ORIENTED_EDGE ( 'NONE', *, *, #3480, .F. ) ;
#3416 = EDGE_CURVE ( 'NONE', #5509, #3428, #1915, .T. ) ;
#3417 = VERTEX_POINT ( 'NONE', #6049 ) ;
#3418 = CARTESIAN_POINT ( 'NONE',  ( 11.20908218885301366, 6.264999999999999680, -29.27632191860117672 ) ) ;
#3419 = CARTESIAN_POINT ( 'NONE',  ( -14.81695515799681750, 6.264999999999999680, 18.46713593081870286 ) ) ;
#3420 = LINE ( 'NONE', #4435, #1454 ) ;
#3421 = DIRECTION ( 'NONE',  ( 0.000000000000000000, -1.000000000000000000, 0.000000000000000000 ) ) ;
#3422 = EDGE_CURVE ( 'NONE', #3651, #5221, #5170, .T. ) ;
#3423 = CARTESIAN_POINT ( 'NONE',  ( 19.25591703945104882, 6.098599059609122186, 25.64992675839666347 ) ) ;
#3424 = ORIENTED_EDGE ( 'NONE', *, *, #2414, .F. ) ;
#3425 = CARTESIAN_POINT ( 'NONE',  ( 16.77838861730841558, 5.764999999999999680, 1.922747461918894674 ) ) ;
#3426 = CARTESIAN_POINT ( 'NONE',  ( -3.692205798608257705, 5.764999999999999680, -15.66973438633325166 ) ) ;
#3427 = ORIENTED_EDGE ( 'NONE', *, *, #2777, .F. ) ;
#3428 = VERTEX_POINT ( 'NONE', #1826 ) ;
#3429 = DIRECTION ( 'NONE',  ( -0.000000000000000000, -1.000000000000000000, -0.000000000000000000 ) ) ;
#3430 = ADVANCED_FACE ( 'NONE', ( #3264 ), #873, .F. ) ;
#3431 = CARTESIAN_POINT ( 'NONE',  ( -14.81459121830057057, 6.238325924936583888, 18.71499098996243760 ) ) ;
#3432 = ORIENTED_EDGE ( 'NONE', *, *, #2842, .T. ) ;
#3433 = CARTESIAN_POINT ( 'NONE',  ( -6.724046161570257141, 5.764999999999999680, -15.49188450811626794 ) ) ;
#3434 = CARTESIAN_POINT ( 'NONE',  ( 16.02450721727525007, 6.264999999999997904, 1.620208348750970639 ) ) ;
#3435 = DIRECTION ( 'NONE',  ( -0.000000000000000000, 1.000000000000000000, -0.000000000000000000 ) ) ;
#3436 = VECTOR ( 'NONE', #2172, 1000.000000000000114 ) ;
#3437 = CYLINDRICAL_SURFACE ( 'NONE', #5743, 0.5000000000000000000 ) ;
#3438 = CYLINDRICAL_SURFACE ( 'NONE', #399, 0.4999999999999995559 ) ;
#3439 = ORIENTED_EDGE ( 'NONE', *, *, #2148, .T. ) ;
#3440 = LINE ( 'NONE', #3559, #1903 ) ;
#3441 = VERTEX_POINT ( 'NONE', #410 ) ;
#3442 = ORIENTED_EDGE ( 'NONE', *, *, #332, .T. ) ;
#3443 = CARTESIAN_POINT ( 'NONE',  ( 22.16644285628295208, 3.265000000000000124, -11.62000720090749972 ) ) ;
#3444 = CARTESIAN_POINT ( 'NONE',  ( -22.97362297149675214, 3.265000000000000124, 5.086604718622892207 ) ) ;
#3445 = CARTESIAN_POINT ( 'NONE',  ( 0.000000000000000000, 0.000000000000000000, 0.000000000000000000 ) ) ;
#3446 = ADVANCED_FACE ( 'NONE', ( #5148 ), #5213, .F. ) ;
#3447 = DIRECTION ( 'NONE',  ( 0.5735764363515737374, -0.000000000000000000, 0.8191520442886223163 ) ) ;
#3448 = CARTESIAN_POINT ( 'NONE',  ( 12.28376335234482575, 6.265000000000001457, -29.64996624115215340 ) ) ;
#3449 = VERTEX_POINT ( 'NONE', #2248 ) ;
#3450 = CARTESIAN_POINT ( 'NONE',  ( -15.89194039108521039, 5.764999999999999680, 17.35243875097084398 ) ) ;
#3451 = ADVANCED_FACE ( 'NONE', ( #2275 ), #4681, .F. ) ;
#3452 = CARTESIAN_POINT ( 'NONE',  ( -7.536983281242988220, 6.253133748785101531, -22.57199736418965585 ) ) ;
#3453 = EDGE_LOOP ( 'NONE', ( #1348, #1419, #3998, #5163 ) ) ;
#3454 = ORIENTED_EDGE ( 'NONE', *, *, #5086, .F. ) ;
#3455 = DIRECTION ( 'NONE',  ( 0.000000000000000000, 1.000000000000000000, -0.000000000000000000 ) ) ;
#3456 = LINE ( 'NONE', #5296, #1425 ) ;
#3457 = ORIENTED_EDGE ( 'NONE', *, *, #5925, .F. ) ;
#3458 = DIRECTION ( 'NONE',  ( -0.08715574274745420402, 0.000000000000000000, 0.9961946980917635308 ) ) ;
#3459 = ADVANCED_FACE ( 'NONE', ( #475 ), #2764, .T. ) ;
#3460 = CARTESIAN_POINT ( 'NONE',  ( -22.16644285628606070, 0.000000000000000000, -11.62000720090157557 ) ) ;
#3461 = CARTESIAN_POINT ( 'NONE',  ( 9.171249647149318562, 6.264999999999999680, -30.72328364303766790 ) ) ;
#3462 = DIRECTION ( 'NONE',  ( 0.000000000000000000, 1.000000000000000000, 0.000000000000000000 ) ) ;
#3463 = AXIS2_PLACEMENT_3D ( 'NONE', #5305, #3068, #2035 ) ;
#3464 = CARTESIAN_POINT ( 'NONE',  ( 4.807073215165557301, 6.264999999999999680, -16.18960560050119213 ) ) ;
#3465 = ORIENTED_EDGE ( 'NONE', *, *, #3496, .T. ) ;
#3466 =( BOUNDED_CURVE ( )  B_SPLINE_CURVE ( 3, ( #1673, #313, #4056, #2704 ),
 .UNSPECIFIED., .F., .T. ) 
 B_SPLINE_CURVE_WITH_KNOTS ( ( 4, 4 ),
 ( 0.000000000000000000, 1.570796326794896558 ),
 .UNSPECIFIED. ) 
 CURVE ( )  GEOMETRIC_REPRESENTATION_ITEM ( )  RATIONAL_B_SPLINE_CURVE ( ( 1.000000000000000000, 0.8047378541243649375, 0.8047378541243649375, 1.000000000000000000 ) ) 
 REPRESENTATION_ITEM ( '' )  );
#3467 = CARTESIAN_POINT ( 'NONE',  ( 0.000000000000000000, 6.264999999999999680, -24.02999999999999758 ) ) ;
#3468 = ORIENTED_EDGE ( 'NONE', *, *, #5042, .F. ) ;
#3469 = ORIENTED_EDGE ( 'NONE', *, *, #816, .T. ) ;
#3470 = DIRECTION ( 'NONE',  ( 0.4226182617402906017, 0.000000000000000000, 0.9063077870368406730 ) ) ;
#3471 = VECTOR ( 'NONE', #2939, 1000.000000000000000 ) ;
#3472 = DIRECTION ( 'NONE',  ( 0.000000000000000000, -1.000000000000000000, 0.000000000000000000 ) ) ;
#3473 = CARTESIAN_POINT ( 'NONE',  ( 0.000000000000000000, 6.264999999999999680, -24.52749999999999631 ) ) ;
#3474 = DIRECTION ( 'NONE',  ( -0.6427876096865468014, 0.000000000000000000, 0.7660444431189717962 ) ) ;
#3475 = AXIS2_PLACEMENT_3D ( 'NONE', #3675, #2810, #3244 ) ;
#3476 = ORIENTED_EDGE ( 'NONE', *, *, #2212, .T. ) ;
#3477 = CARTESIAN_POINT ( 'NONE',  ( 23.90990065744999526, -6.264999999999999680, 3.415960591962166060 ) ) ;
#3478 = ORIENTED_EDGE ( 'NONE', *, *, #5037, .F. ) ;
#3479 = LINE ( 'NONE', #1526, #565 ) ;
#3480 = EDGE_CURVE ( 'NONE', #1561, #4188, #2503, .T. ) ;
#3481 = CIRCLE ( 'NONE', #1720, 0.7999999999999986011 ) ;
#3482 = AXIS2_PLACEMENT_3D ( 'NONE', #2736, #3330, #2307 ) ;
#3483 = CARTESIAN_POINT ( 'NONE',  ( 8.998655526814697936, 0.000000000000000000, -21.74132237720895944 ) ) ;
#3484 = VERTEX_POINT ( 'NONE', #970 ) ;
#3485 = VERTEX_POINT ( 'NONE', #2461 ) ;
#3486 = PLANE ( 'NONE',  #5642 ) ;
#3487 = CARTESIAN_POINT ( 'NONE',  ( 24.27583800419759896, 6.264999999999999680, 3.504560663471998350 ) ) ;
#3488 = EDGE_LOOP ( 'NONE', ( #6075, #3615, #528, #2254, #4298, #5607, #4146 ) ) ;
#3489 = CARTESIAN_POINT ( 'NONE',  ( -9.268876903126006539, 6.044248922266306501, -30.70118818081452261 ) ) ;
#3490 = CARTESIAN_POINT ( 'NONE',  ( -20.79608018602539588, 5.764999999999999680, 23.19696497017492476 ) ) ;
#3491 = EDGE_CURVE ( 'NONE', #5826, #2288, #5071, .T. ) ;
#3492 = CIRCLE ( 'NONE', #1541, 24.03000000000000114 ) ;
#3493 = DIRECTION ( 'NONE',  ( 0.000000000000000000, 1.000000000000000000, 0.000000000000000000 ) ) ;
#3494 = AXIS2_PLACEMENT_3D ( 'NONE', #4153, #3569, #1702 ) ;
#3495 = DIRECTION ( 'NONE',  ( 0.000000000000000000, 1.000000000000000000, 0.000000000000000000 ) ) ;
#3496 = EDGE_CURVE ( 'NONE', #4848, #4150, #2396, .T. ) ;
#3497 = DIRECTION ( 'NONE',  ( 0.6427876096865573485, 0.000000000000000000, 0.7660444431189630254 ) ) ;
#3498 = CARTESIAN_POINT ( 'NONE',  ( 0.000000000000000000, 0.000000000000000000, 0.000000000000000000 ) ) ;
#3499 = ORIENTED_EDGE ( 'NONE', *, *, #295, .T. ) ;
#3500 = DIRECTION ( 'NONE',  ( 0.000000000000000000, -0.000000000000000000, 1.000000000000000000 ) ) ;
#3501 = ORIENTED_EDGE ( 'NONE', *, *, #3004, .F. ) ;
#3502 = ORIENTED_EDGE ( 'NONE', *, *, #1422, .T. ) ;
#3503 = AXIS2_PLACEMENT_3D ( 'NONE', #2090, #4870, #4406 ) ;
#3504 = CARTESIAN_POINT ( 'NONE',  ( -21.68384748107723325, 6.265000000000003233, 23.66055998101114000 ) ) ;
#3505 = DIRECTION ( 'NONE',  ( -1.000000000000000000, 0.000000000000000000, 0.000000000000000000 ) ) ;
#3506 = DIRECTION ( 'NONE',  ( 0.000000000000000000, 0.000000000000000000, -1.000000000000000000 ) ) ;
#3507 = CARTESIAN_POINT ( 'NONE',  ( -6.270892268051830420, 5.764999999999999680, -15.28057537724613901 ) ) ;
#3508 = CARTESIAN_POINT ( 'NONE',  ( -30.48720104788181828, 6.057893218813451774, 6.411451255149193784 ) ) ;
#3509 = ORIENTED_EDGE ( 'NONE', *, *, #5027, .F. ) ;
#3510 = CARTESIAN_POINT ( 'NONE',  ( -24.80391930942172607, 5.764999999999999680, 3.337865057442499950 ) ) ;
#3511 = LINE ( 'NONE', #666, #4489 ) ;
#3512 = CARTESIAN_POINT ( 'NONE',  ( 0.000000000000000000, 6.264999999999999680, 0.000000000000000000 ) ) ;
#3513 = EDGE_LOOP ( 'NONE', ( #5412, #2232, #635, #1380 ) ) ;
#3514 = VERTEX_POINT ( 'NONE', #2490 ) ;
#3515 = EDGE_CURVE ( 'NONE', #2378, #374, #4311, .T. ) ;
#3516 = CARTESIAN_POINT ( 'NONE',  ( 30.48720104788194618, 6.264999999999999680, 6.411451255148618245 ) ) ;
#3517 = LINE ( 'NONE', #699, #3777 ) ;
#3518 = EDGE_LOOP ( 'NONE', ( #1002, #2886, #5167, #1504 ) ) ;
#3519 = DIRECTION ( 'NONE',  ( 0.8660254037844438146, 0.000000000000000000, -0.4999999999999910627 ) ) ;
#3520 = CARTESIAN_POINT ( 'NONE',  ( 0.4886401628093650085, 5.764999999999999680, -0.1778504745295992062 ) ) ;
#3521 = B_SPLINE_CURVE_WITH_KNOTS ( 'NONE', 3,
 ( #304, #5943, #736, #706, #2083, #2571, #3065, #2171 ),
 .UNSPECIFIED., .F., .F.,
 ( 4, 2, 2, 4 ),
 ( 0.000000000000000000, 0.0002554680715914140724, 0.0005109361431828281447, 0.001021872286365659976 ),
 .UNSPECIFIED. ) ;
#3522 = CARTESIAN_POINT ( 'NONE',  ( -20.69256964635087570, 6.264999999999997904, 23.39580686684273658 ) ) ;
#3523 = EDGE_CURVE ( 'NONE', #2945, #5033, #2921, .T. ) ;
#3524 = CARTESIAN_POINT ( 'NONE',  ( -7.594310774156573629, 0.000000000000000000, -23.84747785648472274 ) ) ;
#3525 = CIRCLE ( 'NONE', #1975, 14.57731163100814697 ) ;
#3526 = CARTESIAN_POINT ( 'NONE',  ( 7.666773543061802698, 6.264999999999999680, -23.29847290466496545 ) ) ;
#3527 = CARTESIAN_POINT ( 'NONE',  ( -31.84144669770742908, 6.098599059609051132, 3.851149950131603550 ) ) ;
#3528 = ORIENTED_EDGE ( 'NONE', *, *, #1305, .T. ) ;
#3529 = EDGE_CURVE ( 'NONE', #3316, #3948, #108, .T. ) ;
#3530 = TOROIDAL_SURFACE ( 'NONE', #1675, 24.52749999999999275, 0.5000000000000000000 ) ;
#3531 = DIRECTION ( 'NONE',  ( 0.000000000000000000, 0.000000000000000000, -1.000000000000000000 ) ) ;
#3532 = ORIENTED_EDGE ( 'NONE', *, *, #2403, .T. ) ;
#3533 = EDGE_LOOP ( 'NONE', ( #5382, #525, #2051, #975, #3757, #4907, #1636, #2930 ) ) ;
#3534 = DIRECTION ( 'NONE',  ( 0.9961946980916877026, 0.000000000000000000, 0.08715574274831970614 ) ) ;
#3535 = DIRECTION ( 'NONE',  ( 0.000000000000000000, 0.000000000000000000, 1.000000000000000000 ) ) ;
#3536 = LINE ( 'NONE', #1210, #5295 ) ;
#3538 = EDGE_CURVE ( 'NONE', #2352, #5894, #2005, .T. ) ;
#3537 = CARTESIAN_POINT ( 'NONE',  ( 14.32920972712218344, 0.000000000000000000, 18.66372547473165255 ) ) ;
#3539 = EDGE_CURVE ( 'NONE', #1045, #5723, #5710, .T. ) ;
#3540 = AXIS2_PLACEMENT_3D ( 'NONE', #2552, #3421, #5311 ) ;
#3541 = CARTESIAN_POINT ( 'NONE',  ( 7.081682580411110095, 0.000000000000000000, -22.43904346959338980 ) ) ;
#3542 = ORIENTED_EDGE ( 'NONE', *, *, #481, .T. ) ;
#3543 = DIRECTION ( 'NONE',  ( 0.7256903291925855815, -0.5457393103138311607, -0.4189775069076391301 ) ) ;
#3544 = B_SPLINE_CURVE_WITH_KNOTS ( 'NONE', 3,
 ( #4169, #5974, #4573, #300 ),
 .UNSPECIFIED., .F., .F.,
 ( 4, 4 ),
 ( 0.000000000000000000, 0.0002492957699731572995 ),
 .UNSPECIFIED. ) ;
#3545 = DIRECTION ( 'NONE',  ( -0.000000000000000000, -1.000000000000000000, -0.000000000000000000 ) ) ;
#3546 = EDGE_LOOP ( 'NONE', ( #5616, #3980, #3054, #32 ) ) ;
#3547 = ORIENTED_EDGE ( 'NONE', *, *, #2768, .T. ) ;
#3548 = LINE ( 'NONE', #5443, #2094 ) ;
#3549 = B_SPLINE_CURVE_WITH_KNOTS ( 'NONE', 3,
 ( #1415, #4667, #2353, #3284 ),
 .UNSPECIFIED., .F., .F.,
 ( 4, 4 ),
 ( 0.0004692997782983533445, 0.0006468385292614519961 ),
 .UNSPECIFIED. ) ;
#3550 = CARTESIAN_POINT ( 'NONE',  ( -16.39520344744174807, 6.264999999999999680, 18.73006621983386921 ) ) ;
#3551 = VERTEX_POINT ( 'NONE', #5799 ) ;
#3552 = DIRECTION ( 'NONE',  ( -0.000000000000000000, -1.000000000000000000, -0.000000000000000000 ) ) ;
#3553 = CARTESIAN_POINT ( 'NONE',  ( 7.520258147075114863, 6.238325924940718359, -22.65322754313870846 ) ) ;
#3554 = CARTESIAN_POINT ( 'NONE',  ( 23.06044706033034686, 6.264999999999999680, 4.594200842116179295 ) ) ;
#3555 = LINE ( 'NONE', #4513, #4553 ) ;
#3556 = CARTESIAN_POINT ( 'NONE',  ( 16.42414633486759712, 6.264999999999999680, 3.931755278064975823 ) ) ;
#3557 = EDGE_CURVE ( 'NONE', #3372, #3648, #451, .T. ) ;
#3558 = LINE ( 'NONE', #5455, #2647 ) ;
#3559 = CARTESIAN_POINT ( 'NONE',  ( -14.32920972712166652, 5.764999999999999680, 18.66372547473203625 ) ) ;
#3560 = ORIENTED_EDGE ( 'NONE', *, *, #6019, .F. ) ;
#3561 = ORIENTED_EDGE ( 'NONE', *, *, #3719, .F. ) ;
#3562 = FACE_OUTER_BOUND ( 'NONE', #58, .T. ) ;
#3563 = DIRECTION ( 'NONE',  ( -0.6427876096865312583, 0.000000000000000000, -0.7660444431189847858 ) ) ;
#3564 = EDGE_CURVE ( 'NONE', #899, #5768, #3938, .T. ) ;
#3565 = CIRCLE ( 'NONE', #2480, 0.8000000000000020428 ) ;
#3566 = PLANE ( 'NONE',  #2349 ) ;
#3567 = VECTOR ( 'NONE', #5514, 999.9999999999998863 ) ;
#3568 = PLANE ( 'NONE',  #5366 ) ;
#3569 = DIRECTION ( 'NONE',  ( -0.000000000000000000, 1.000000000000000000, -0.000000000000000000 ) ) ;
#3570 = CARTESIAN_POINT ( 'NONE',  ( -1.019999999997242446, 0.000000000000000000, 23.50788165701039034 ) ) ;
#3571 = EDGE_CURVE ( 'NONE', #5411, #4310, #2705, .T. ) ;
#3572 = AXIS2_PLACEMENT_3D ( 'NONE', #3409, #3435, #1661 ) ;
#3573 = CARTESIAN_POINT ( 'NONE',  ( -15.60607930271879873, 6.264999999999999680, 18.59860107532919216 ) ) ;
#3574 = ORIENTED_EDGE ( 'NONE', *, *, #3122, .F. ) ;
#3575 = ORIENTED_EDGE ( 'NONE', *, *, #1473, .T. ) ;
#3576 = FACE_OUTER_BOUND ( 'NONE', #787, .T. ) ;
#3577 = LINE ( 'NONE', #4068, #5781 ) ;
#3578 = CARTESIAN_POINT ( 'NONE',  ( 11.72428514981459635, 0.000000000000000000, 11.03241121076136544 ) ) ;
#3579 = AXIS2_PLACEMENT_3D ( 'NONE', #2225, #1743, #1278 ) ;
#3580 = VERTEX_POINT ( 'NONE', #4868 ) ;
#3581 = DIRECTION ( 'NONE',  ( 0.7660444431189717962, 0.000000000000000000, 0.6427876096865466904 ) ) ;
#3582 = FACE_OUTER_BOUND ( 'NONE', #1193, .T. ) ;
#3583 = VECTOR ( 'NONE', #3586, 1000.000000000000114 ) ;
#3585 = ORIENTED_EDGE ( 'NONE', *, *, #498, .T. ) ;
#3584 = CIRCLE ( 'NONE', #1532, 23.53000000000000114 ) ;
#3586 = DIRECTION ( 'NONE',  ( 0.9063077870364757427, -0.000000000000000000, 0.4226182617410730868 ) ) ;
#3587 = CARTESIAN_POINT ( 'NONE',  ( 23.90990065744999526, 6.264999999999999680, 4.215960591964933890 ) ) ;
#3588 = DIRECTION ( 'NONE',  ( -0.8191520442886223163, 0.000000000000000000, 0.5735764363515737374 ) ) ;
#3589 = AXIS2_PLACEMENT_3D ( 'NONE', #1275, #4008, #3142 ) ;
#3590 = VECTOR ( 'NONE', #3320, 1000.000000000000000 ) ;
#3591 = CARTESIAN_POINT ( 'NONE',  ( 7.796327252067481339, 6.235787267806977674, -23.43298687357860999 ) ) ;
#3592 = CARTESIAN_POINT ( 'NONE',  ( 0.000000000000000000, 0.000000000000000000, 0.000000000000000000 ) ) ;
#3593 = AXIS2_PLACEMENT_3D ( 'NONE', #807, #3659, #4029 ) ;
#3594 = EDGE_CURVE ( 'NONE', #409, #5097, #594, .T. ) ;
#3595 = LINE ( 'NONE', #2240, #3567 ) ;
#3596 = ORIENTED_EDGE ( 'NONE', *, *, #4610, .T. ) ;
#3597 = EDGE_LOOP ( 'NONE', ( #583, #3585, #4372, #4596, #4996 ) ) ;
#3598 = CARTESIAN_POINT ( 'NONE',  ( -16.07282071980270644, 5.764999999999999680, 0.9150920754742549734 ) ) ;
#3599 = DIRECTION ( 'NONE',  ( -0.000000000000000000, -1.000000000000000000, -0.000000000000000000 ) ) ;
#3600 = CIRCLE ( 'NONE', #4088, 14.64608244481026667 ) ;
#3601 = LINE ( 'NONE', #2153, #4318 ) ;
#3602 = ADVANCED_FACE ( 'NONE', ( #2522 ), #4404, .T. ) ;
#3603 = VECTOR ( 'NONE', #4052, 1000.000000000000114 ) ;
#3604 = CARTESIAN_POINT ( 'NONE',  ( 24.44967702698105683, 6.264999999999999680, 5.346872873588295327 ) ) ;
#3605 = FACE_OUTER_BOUND ( 'NONE', #3255, .T. ) ;
#3606 = CARTESIAN_POINT ( 'NONE',  ( -30.48720104788181828, 3.265000000000000124, 6.411451255149191120 ) ) ;
#3607 = CYLINDRICAL_SURFACE ( 'NONE', #3589, 0.8000000000026805669 ) ;
#3608 = EDGE_LOOP ( 'NONE', ( #4448, #1334, #5306, #3362 ) ) ;
#3609 = EDGE_CURVE ( 'NONE', #1239, #3485, #1550, .T. ) ;
#3610 = CARTESIAN_POINT ( 'NONE',  ( -15.17295756576996446, 6.264999999999999680, 19.27121207805423708 ) ) ;
#3611 = DIRECTION ( 'NONE',  ( -0.9848077530122086864, 0.000000000000000000, 0.1736481776669272503 ) ) ;
#3612 = VERTEX_POINT ( 'NONE', #3418 ) ;
#3613 = CARTESIAN_POINT ( 'NONE',  ( 15.60607930272298027, 6.264999999999999680, 19.39860107532970801 ) ) ;
#3614 = CARTESIAN_POINT ( 'NONE',  ( 7.607250946614811937, 6.264999999999999680, -22.42112848803617453 ) ) ;
#3615 = ORIENTED_EDGE ( 'NONE', *, *, #4084, .F. ) ;
#3616 = CARTESIAN_POINT ( 'NONE',  ( 16.77838861730841558, 5.764999999999999680, 1.922747461918894452 ) ) ;
#3617 = EDGE_CURVE ( 'NONE', #3832, #1913, #2946, .T. ) ;
#3618 = CARTESIAN_POINT ( 'NONE',  ( 9.171249647149318562, 5.764999999999999680, -30.72328364303766790 ) ) ;
#3619 = EDGE_CURVE ( 'NONE', #2814, #2120, #3358, .T. ) ;
#3620 = CARTESIAN_POINT ( 'NONE',  ( -1.899663625341974971, 5.764999999999999680, 21.71325459514593348 ) ) ;
#3621 = ORIENTED_EDGE ( 'NONE', *, *, #3367, .T. ) ;
#3622 = CARTESIAN_POINT ( 'NONE',  ( -21.71325459514958922, 6.264999999999999680, 1.899663625312524307 ) ) ;
#3623 = CARTESIAN_POINT ( 'NONE',  ( 16.34368263329664117, 6.264999999999999680, 18.28885710568260592 ) ) ;
#3624 = VERTEX_POINT ( 'NONE', #4737 ) ;
#3625 = ORIENTED_EDGE ( 'NONE', *, *, #1967, .F. ) ;
#3626 = CYLINDRICAL_SURFACE ( 'NONE', #4385, 0.5000000000000000000 ) ;
#3627 = CARTESIAN_POINT ( 'NONE',  ( 15.59851722659858630, 6.264999999999999680, 19.39856533390923232 ) ) ;
#3628 = EDGE_CURVE ( 'NONE', #2806, #4265, #5337, .T. ) ;
#3629 = VECTOR ( 'NONE', #2542, 1000.000000000000114 ) ;
#3630 = DIRECTION ( 'NONE',  ( -0.000000000000000000, -1.000000000000000000, -0.000000000000000000 ) ) ;
#3631 = ORIENTED_EDGE ( 'NONE', *, *, #2950, .T. ) ;
#3632 = DIRECTION ( 'NONE',  ( 0.000000000000000000, -1.000000000000000000, 0.000000000000000000 ) ) ;
#3633 = DIRECTION ( 'NONE',  ( 0.000000000000000000, 0.000000000000000000, -1.000000000000000000 ) ) ;
#3634 = CARTESIAN_POINT ( 'NONE',  ( 8.925404411401423488, 6.264999999999999680, -22.31094027809979607 ) ) ;
#3635 = B_SPLINE_CURVE_WITH_KNOTS ( 'NONE', 3,
 ( #138, #662, #2093, #2525, #3941, #4316 ),
 .UNSPECIFIED., .F., .F.,
 ( 4, 2, 4 ),
 ( 0.0002278709715169659406, 0.0005927080008523864709, 0.0009575450301878070825 ),
 .UNSPECIFIED. ) ;
#3636 = EDGE_CURVE ( 'NONE', #5733, #1302, #2855, .T. ) ;
#3637 = CARTESIAN_POINT ( 'NONE',  ( -22.97362297149675214, 0.000000000000000000, 5.086604718622892207 ) ) ;
#3638 = ORIENTED_EDGE ( 'NONE', *, *, #3970, .F. ) ;
#3639 = ORIENTED_EDGE ( 'NONE', *, *, #4853, .F. ) ;
#3640 = CARTESIAN_POINT ( 'NONE',  ( 0.09029705238705149073, 6.264999999999999680, -0.5121000315677520787 ) ) ;
#3641 = CARTESIAN_POINT ( 'NONE',  ( 30.48720104788194618, 5.764999999999999680, 6.411451255148618245 ) ) ;
#3642 = CARTESIAN_POINT ( 'NONE',  ( 21.91669141516294772, 6.098366653769005552, 23.41722751106247813 ) ) ;
#3643 = ORIENTED_EDGE ( 'NONE', *, *, #1654, .F. ) ;
#3644 = LINE ( 'NONE', #4040, #3981 ) ;
#3645 = LINE ( 'NONE', #1713, #936 ) ;
#3646 = ADVANCED_FACE ( 'NONE', ( #5510 ), #4000, .F. ) ;
#3647 = ORIENTED_EDGE ( 'NONE', *, *, #2032, .F. ) ;
#3648 = VERTEX_POINT ( 'NONE', #3154 ) ;
#3649 = CARTESIAN_POINT ( 'NONE',  ( 30.84144333032081420, 6.264999999999999680, 4.402443439001797465 ) ) ;
#3650 = FACE_OUTER_BOUND ( 'NONE', #5787, .T. ) ;
#3651 = VERTEX_POINT ( 'NONE', #2294 ) ;
#3652 = LINE ( 'NONE', #1354, #1444 ) ;
#3653 = EDGE_CURVE ( 'NONE', #3381, #2532, #3584, .T. ) ;
#3654 = EDGE_CURVE ( 'NONE', #5221, #3651, #1331, .T. ) ;
#3655 = CARTESIAN_POINT ( 'NONE',  ( -7.520258147076429367, 6.238325924937935696, -22.65322754313930886 ) ) ;
#3656 = CARTESIAN_POINT ( 'NONE',  ( -23.32786525393755994, 0.000000000000000000, 3.077596902476485319 ) ) ;
#3657 = ORIENTED_EDGE ( 'NONE', *, *, #3149, .T. ) ;
#3658 = ORIENTED_EDGE ( 'NONE', *, *, #5393, .T. ) ;
#3659 = DIRECTION ( 'NONE',  ( -0.000000000000000000, -1.000000000000000000, -0.000000000000000000 ) ) ;
#3660 = CYLINDRICAL_SURFACE ( 'NONE', #3866, 0.4999999999999985567 ) ;
#3661 = EDGE_CURVE ( 'NONE', #622, #2407, #4923, .T. ) ;
#3662 = CARTESIAN_POINT ( 'NONE',  ( -23.32786525393755994, 5.764999999999999680, 3.077596902476485319 ) ) ;
#3663 = ORIENTED_EDGE ( 'NONE', *, *, #4393, .F. ) ;
#3664 = LINE ( 'NONE', #4120, #4962 ) ;
#3665 = AXIS2_PLACEMENT_3D ( 'NONE', #1111, #3462, #5271 ) ;
#3666 = DIRECTION ( 'NONE',  ( 0.000000000000000000, 0.000000000000000000, 1.000000000000000000 ) ) ;
#3667 = CARTESIAN_POINT ( 'NONE',  ( 30.95857960530109310, 6.264999999999999680, 4.930811030643378778 ) ) ;
#3668 = CARTESIAN_POINT ( 'NONE',  ( 7.243917375738558206, 6.264999999999999680, -14.37701709155918373 ) ) ;
#3669 = CIRCLE ( 'NONE', #5254, 0.8000000000027681635 ) ;
#3670 = ORIENTED_EDGE ( 'NONE', *, *, #750, .T. ) ;
#3671 = CARTESIAN_POINT ( 'NONE',  ( 20.79608018602494823, 6.057893218813454439, 23.19696497017266523 ) ) ;
#3672 =( BOUNDED_CURVE ( )  B_SPLINE_CURVE ( 3, ( #4972, #765, #2628, #297 ),
 .UNSPECIFIED., .F., .T. ) 
 B_SPLINE_CURVE_WITH_KNOTS ( ( 4, 4 ),
 ( 3.141592653589793116, 4.712388980384691450 ),
 .UNSPECIFIED. ) 
 CURVE ( )  GEOMETRIC_REPRESENTATION_ITEM ( )  RATIONAL_B_SPLINE_CURVE ( ( 1.000000000000000000, 0.8047378541243646044, 0.8047378541243646044, 1.000000000000000000 ) ) 
 REPRESENTATION_ITEM ( '' )  );
#3673 = ADVANCED_FACE ( 'NONE', ( #5570 ), #5896, .F. ) ;
#3674 = CARTESIAN_POINT ( 'NONE',  ( 1.020000000004275487, 3.265000000000000124, 23.50788165701008481 ) ) ;
#3675 = CARTESIAN_POINT ( 'NONE',  ( 8.303821354727178417, -6.264999999999999680, -22.81456166729559243 ) ) ;
#3676 = UNCERTAINTY_MEASURE_WITH_UNIT (LENGTH_MEASURE( 1.000000000000000082E-05 ), #97, 'distance_accuracy_value', 'NONE');
#3677 = ORIENTED_EDGE ( 'NONE', *, *, #4514, .F. ) ;
#3678 = ORIENTED_EDGE ( 'NONE', *, *, #3100, .T. ) ;
#3679 = VECTOR ( 'NONE', #2347, 1000.000000000000114 ) ;
#3680 = AXIS2_PLACEMENT_3D ( 'NONE', #5557, #1343, #3213 ) ;
#3681 = ADVANCED_FACE ( 'NONE', ( #685 ), #893, .F. ) ;
#3682 = FACE_OUTER_BOUND ( 'NONE', #4173, .T. ) ;
#3683 = ORIENTED_EDGE ( 'NONE', *, *, #5780, .F. ) ;
#3684 = DIRECTION ( 'NONE',  ( 0.4226182617410730868, 0.000000000000000000, -0.9063077870364758537 ) ) ;
#3685 = AXIS2_PLACEMENT_3D ( 'NONE', #1335, #5090, #40 ) ;
#3686 = CARTESIAN_POINT ( 'NONE',  ( -19.23334952206178272, 6.057893218813450886, 24.50825169393615255 ) ) ;
#3687 = EDGE_CURVE ( 'NONE', #5505, #812, #4433, .T. ) ;
#3688 = CIRCLE ( 'NONE', #158, 23.53000000000000114 ) ;
#3689 = CARTESIAN_POINT ( 'NONE',  ( -30.88996276406534847, 6.265000000000000568, 4.621300461379135527 ) ) ;
#3690 = ORIENTED_EDGE ( 'NONE', *, *, #3063, .T. ) ;
#3691 = ORIENTED_EDGE ( 'NONE', *, *, #3903, .T. ) ;
#3692 = DIRECTION ( 'NONE',  ( 0.000000000000000000, -0.000000000000000000, -1.000000000000000000 ) ) ;
#3693 = DIRECTION ( 'NONE',  ( -0.000000000000000000, -1.000000000000000000, 0.000000000000000000 ) ) ;
#3694 = CIRCLE ( 'NONE', #5375, 0.8000000000027256419 ) ;
#3695 = B_SPLINE_CURVE_WITH_KNOTS ( 'NONE', 3,
 ( #272, #4357, #5503, #1686, #2166, #4041, #3216, #5476 ),
 .UNSPECIFIED., .F., .F.,
 ( 4, 2, 2, 4 ),
 ( 8.673617379884035472E-19, 0.0002243944063327155418, 0.0004487888126654302162, 0.0008975776253308633598 ),
 .UNSPECIFIED. ) ;
#3696 = CARTESIAN_POINT ( 'NONE',  ( -8.303821354726347082, 6.264999999999999680, -22.81456166729589441 ) ) ;
#3697 = EDGE_CURVE ( 'NONE', #561, #2283, #3652, .T. ) ;
#3698 = VECTOR ( 'NONE', #3331, 1000.000000000000000 ) ;
#3699 = CARTESIAN_POINT ( 'NONE',  ( 0.000000000000000000, 6.264999999999999680, 0.000000000000000000 ) ) ;
#3700 = CARTESIAN_POINT ( 'NONE',  ( -9.171249647149551265, 5.764999999999999680, -30.72328364303758264 ) ) ;
#3701 = DIRECTION ( 'NONE',  ( -0.000000000000000000, -1.000000000000000000, -0.000000000000000000 ) ) ;
#3702 = DIRECTION ( 'NONE',  ( 0.9848077530122086864, -0.000000000000000000, -0.1736481776669272503 ) ) ;
#3703 = VECTOR ( 'NONE', #3543, 1000.000000000000114 ) ;
#3704 = ORIENTED_EDGE ( 'NONE', *, *, #1314, .T. ) ;
#3705 = CARTESIAN_POINT ( 'NONE',  ( -8.998655526815831251, 6.264999999999999680, -21.74132237720849048 ) ) ;
#3706 = CARTESIAN_POINT ( 'NONE',  ( -16.85536625282397338, 5.764999999999999680, 18.50060498289616362 ) ) ;
#3707 = PLANE ( 'NONE',  #640 ) ;
#3708 = ORIENTED_EDGE ( 'NONE', *, *, #5420, .T. ) ;
#3709 = CARTESIAN_POINT ( 'NONE',  ( 0.000000000000000000, 5.764999999999999680, 0.000000000000000000 ) ) ;
#3710 = DIRECTION ( 'NONE',  ( 0.9848077530122082424, 0.000000000000000000, -0.1736481776669292487 ) ) ;
#3711 = AXIS2_PLACEMENT_3D ( 'NONE', #5015, #5898, #5462 ) ;
#3712 = EDGE_CURVE ( 'NONE', #892, #3551, #1365, .T. ) ;
#3713 = ORIENTED_EDGE ( 'NONE', *, *, #2970, .T. ) ;
#3714 = ORIENTED_EDGE ( 'NONE', *, *, #5490, .F. ) ;
#3715 = LINE ( 'NONE', #5939, #350 ) ;
#3716 = PLANE ( 'NONE',  #4759 ) ;
#3717 = ORIENTED_EDGE ( 'NONE', *, *, #2847, .F. ) ;
#3718 = DIRECTION ( 'NONE',  ( 0.000000000000000000, 0.000000000000000000, 1.000000000000000000 ) ) ;
#3719 = EDGE_CURVE ( 'NONE', #4880, #4560, #368, .T. ) ;
#3720 = CARTESIAN_POINT ( 'NONE',  ( -9.511283720561255706, 0.000000000000000000, -23.14975676409983052 ) ) ;
#3721 = CARTESIAN_POINT ( 'NONE',  ( -10.05434245573797369, 0.000000000000000000, 13.56913704619718430 ) ) ;
#3722 = ORIENTED_EDGE ( 'NONE', *, *, #6082, .T. ) ;
#3723 = ORIENTED_EDGE ( 'NONE', *, *, #4602, .F. ) ;
#3724 = CARTESIAN_POINT ( 'NONE',  ( -16.79263294112072202, 5.996288099986257336, 18.49642823742603781 ) ) ;
#3725 = CARTESIAN_POINT ( 'NONE',  ( 15.60607930272298027, -6.264999999999999680, 17.79860107532421054 ) ) ;
#3726 = ADVANCED_FACE ( 'NONE', ( #1286 ), #6069, .F. ) ;
#3727 = CARTESIAN_POINT ( 'NONE',  ( -15.89194039108521039, 0.000000000000000000, 17.35243875097084398 ) ) ;
#3728 = ORIENTED_EDGE ( 'NONE', *, *, #2278, .T. ) ;
#3729 = ORIENTED_EDGE ( 'NONE', *, *, #1698, .T. ) ;
#3730 = DIRECTION ( 'NONE',  ( 0.000000000000000000, 0.000000000000000000, -1.000000000000000000 ) ) ;
#3731 = FACE_OUTER_BOUND ( 'NONE', #5719, .T. ) ;
#3732 = DIRECTION ( 'NONE',  ( 0.9961946980917621985, 0.000000000000000000, 0.08715574274746690220 ) ) ;
#3733 = VECTOR ( 'NONE', #3702, 1000.000000000000000 ) ;
#3734 = EDGE_CURVE ( 'NONE', #1377, #3818, #3030, .T. ) ;
#3735 = EDGE_CURVE ( 'NONE', #4554, #2806, #2114, .T. ) ;
#3736 = CARTESIAN_POINT ( 'NONE',  ( 30.48720104788194618, 6.264999999999999680, 6.411451255148618245 ) ) ;
#3737 = ORIENTED_EDGE ( 'NONE', *, *, #629, .F. ) ;
#3738 = VECTOR ( 'NONE', #191, 999.9999999999998863 ) ;
#3739 = CARTESIAN_POINT ( 'NONE',  ( -11.72428514981518610, 5.851862816039520965, 11.03241121076153775 ) ) ;
#3740 = ORIENTED_EDGE ( 'NONE', *, *, #3750, .T. ) ;
#3741 = CARTESIAN_POINT ( 'NONE',  ( -7.081682580411170491, 5.764999999999999680, -22.43904346959336848 ) ) ;
#3742 = CARTESIAN_POINT ( 'NONE',  ( 0.000000000000000000, 6.264999999999999680, 0.000000000000000000 ) ) ;
#3743 = ORIENTED_EDGE ( 'NONE', *, *, #3771, .T. ) ;
#3744 = ORIENTED_EDGE ( 'NONE', *, *, #5925, .T. ) ;
#3745 = FACE_OUTER_BOUND ( 'NONE', #2034, .T. ) ;
#3746 = VECTOR ( 'NONE', #1367, 1000.000000000000000 ) ;
#3747 = CARTESIAN_POINT ( 'NONE',  ( 20.86842270412794065, 0.000000000000000000, -10.87059491664726352 ) ) ;
#3748 = CARTESIAN_POINT ( 'NONE',  ( -9.691120861856122204, 5.764999999999999680, -29.60841622532391781 ) ) ;
#3749 = ORIENTED_EDGE ( 'NONE', *, *, #3841, .F. ) ;
#3750 = EDGE_CURVE ( 'NONE', #3239, #2407, #1810, .T. ) ;
#3751 = CARTESIAN_POINT ( 'NONE',  ( -16.85536625282397694, 5.884670988163997585, 18.50060498289616362 ) ) ;
#3752 = DIRECTION ( 'NONE',  ( 0.000000000000000000, 0.000000000000000000, -1.000000000000000000 ) ) ;
#3753 = LINE ( 'NONE', #1823, #1393 ) ;
#3754 = ORIENTED_EDGE ( 'NONE', *, *, #5236, .F. ) ;
#3755 = VERTEX_POINT ( 'NONE', #5075 ) ;
#3756 = ADVANCED_FACE ( 'NONE', ( #1153 ), #223, .T. ) ;
#3757 = ORIENTED_EDGE ( 'NONE', *, *, #679, .F. ) ;
#3758 = DIRECTION ( 'NONE',  ( 0.000000000000000000, -0.000000000000000000, -1.000000000000000000 ) ) ;
#3759 = PLANE ( 'NONE',  #4486 ) ;
#3760 = DIRECTION ( 'NONE',  ( 0.000000000000000000, 0.000000000000000000, 1.000000000000000000 ) ) ;
#3761 = CARTESIAN_POINT ( 'NONE',  ( 15.29263558886092866, 5.764999999999999680, 19.81189170665698640 ) ) ;
#3762 = ORIENTED_EDGE ( 'NONE', *, *, #4531, .T. ) ;
#3763 = VECTOR ( 'NONE', #1176, 1000.000000000000000 ) ;
#3764 = EDGE_CURVE ( 'NONE', #3755, #2722, #3775, .T. ) ;
#3765 = CARTESIAN_POINT ( 'NONE',  ( 7.594310774156530996, 5.884670988164172556, -23.84747785648474405 ) ) ;
#3766 = EDGE_LOOP ( 'NONE', ( #4884, #5784, #4241, #3401, #452, #3542, #4666, #3083, #5525, #579 ) ) ;
#3767 = CARTESIAN_POINT ( 'NONE',  ( -7.413107330146453400, 6.210085216637783567, -22.60138816629216763 ) ) ;
#3768 = DIRECTION ( 'NONE',  ( 0.000000000000000000, 1.000000000000000000, 0.000000000000000000 ) ) ;
#3769 = ORIENTED_EDGE ( 'NONE', *, *, #3912, .F. ) ;
#3770 = ORIENTED_EDGE ( 'NONE', *, *, #5756, .F. ) ;
#3771 = EDGE_CURVE ( 'NONE', #5559, #3003, #2327, .T. ) ;
#3772 = CARTESIAN_POINT ( 'NONE',  ( 16.85536625282482959, 6.264999999999999680, 18.50060498289537847 ) ) ;
#3773 = AXIS2_PLACEMENT_3D ( 'NONE', #3870, #4423, #1626 ) ;
#3774 = ORIENTED_EDGE ( 'NONE', *, *, #2354, .F. ) ;
#3775 = LINE ( 'NONE', #3837, #5174 ) ;
#3776 = CIRCLE ( 'NONE', #5360, 0.8000000000027256419 ) ;
#3777 = VECTOR ( 'NONE', #1563, 1000.000000000000114 ) ;
#3778 = DIRECTION ( 'NONE',  ( 0.000000000000000000, 0.000000000000000000, -1.000000000000000000 ) ) ;
#3779 = VERTEX_POINT ( 'NONE', #3251 ) ;
#3780 = CIRCLE ( 'NONE', #1237, 25.02749999999999275 ) ;
#3781 = CARTESIAN_POINT ( 'NONE',  ( -16.66243473851404033, 6.114944888433028858, 18.48743503378794628 ) ) ;
#3782 = CARTESIAN_POINT ( 'NONE',  ( 23.52186717384546455, 6.264999999999999680, 4.915553341788830188 ) ) ;
#3783 = EDGE_CURVE ( 'NONE', #2062, #5286, #61, .T. ) ;
#3784 = TOROIDAL_SURFACE ( 'NONE', #4380, 24.02999999999999758, 0.5000000000000000000 ) ;
#3785 = ORIENTED_EDGE ( 'NONE', *, *, #1573, .T. ) ;
#3786 = ORIENTED_EDGE ( 'NONE', *, *, #3004, .T. ) ;
#3787 = ORIENTED_EDGE ( 'NONE', *, *, #2440, .T. ) ;
#3788 = CARTESIAN_POINT ( 'NONE',  ( 8.303821354727178417, 0.000000000000000000, -22.81456166729559243 ) ) ;
#3789 = DIRECTION ( 'NONE',  ( 0.8191520442893337473, -0.000000000000000000, -0.5735764363505576613 ) ) ;
#3790 = CARTESIAN_POINT ( 'NONE',  ( -15.34070471704938576, 6.235787267805760870, 19.35330388391357204 ) ) ;
#3791 = DIRECTION ( 'NONE',  ( 0.9848077530122086864, 0.000000000000000000, -0.1736481776669272781 ) ) ;
#3792 = CIRCLE ( 'NONE', #1443, 0.8000000000000020428 ) ;
#3793 = AXIS2_PLACEMENT_3D ( 'NONE', #1954, #2927, #665 ) ;
#3794 = ADVANCED_FACE ( 'NONE', ( #2417 ), #4700, .T. ) ;
#3795 = DIRECTION ( 'NONE',  ( 0.000000000000000000, 1.000000000000000000, 0.000000000000000000 ) ) ;
#3796 = ORIENTED_EDGE ( 'NONE', *, *, #5374, .F. ) ;
#3797 = CIRCLE ( 'NONE', #3897, 0.5000000000000004441 ) ;
#3798 = CARTESIAN_POINT ( 'NONE',  ( 23.32786525393763810, 5.764999999999999680, 3.077596902475847607 ) ) ;
#3799 = ORIENTED_EDGE ( 'NONE', *, *, #2750, .F. ) ;
#3800 = CARTESIAN_POINT ( 'NONE',  ( 14.81459121830506120, 6.238325924937520917, 18.71499098996243404 ) ) ;
#3801 = CARTESIAN_POINT ( 'NONE',  ( 15.60607930272298027, 6.264999999999999680, 18.59860107532696105 ) ) ;
#3802 = AXIS2_PLACEMENT_3D ( 'NONE', #1267, #5488, #5461 ) ;
#3803 = EDGE_CURVE ( 'NONE', #2485, #4546, #5603, .T. ) ;
#3804 = ORIENTED_EDGE ( 'NONE', *, *, #5094, .F. ) ;
#3805 = ORIENTED_EDGE ( 'NONE', *, *, #2916, .T. ) ;
#3806 = AXIS2_PLACEMENT_3D ( 'NONE', #285, #3293, #1877 ) ;
#3807 = CARTESIAN_POINT ( 'NONE',  ( 8.861337735707444097, 5.933231137178865744, 13.44128968319151696 ) ) ;
#3808 = ORIENTED_EDGE ( 'NONE', *, *, #2860, .T. ) ;
#3809 = DIRECTION ( 'NONE',  ( -0.000000000000000000, -1.000000000000000000, -0.000000000000000000 ) ) ;
#3810 = ADVANCED_FACE ( 'NONE', ( #1992 ), #2447, .T. ) ;
#3811 = CARTESIAN_POINT ( 'NONE',  ( 16.77838861730841558, 5.764999999999999680, 1.922747461918894674 ) ) ;
#3812 = ORIENTED_EDGE ( 'NONE', *, *, #2615, .F. ) ;
#3813 = CARTESIAN_POINT ( 'NONE',  ( 15.41649094842345136, 5.764999999999999680, 4.637323175571753886 ) ) ;
#3814 = DIRECTION ( 'NONE',  ( 0.000000000000000000, 1.000000000000000000, 0.000000000000000000 ) ) ;
#3815 = EDGE_LOOP ( 'NONE', ( #4646, #1147, #1999, #2576, #3575, #4874 ) ) ;
#3816 = CYLINDRICAL_SURFACE ( 'NONE', #1227, 0.8000000000000020428 ) ;
#3817 = ORIENTED_EDGE ( 'NONE', *, *, #4100, .F. ) ;
#3818 = VERTEX_POINT ( 'NONE', #1505 ) ;
#3819 = CARTESIAN_POINT ( 'NONE',  ( -8.735645853097157243, 6.253063204682045573, -22.13607784518550403 ) ) ;
#3820 = CARTESIAN_POINT ( 'NONE',  ( 11.17258253940787682, 6.264999999999999680, 11.60154428044662289 ) ) ;
#3821 = DIRECTION ( 'NONE',  ( -0.000000000000000000, -1.000000000000000000, -0.000000000000000000 ) ) ;
#3822 = EDGE_CURVE ( 'NONE', #309, #5224, #2605, .T. ) ;
#3823 = CARTESIAN_POINT ( 'NONE',  ( 0.000000000000000000, 6.264999999999999680, 0.000000000000000000 ) ) ;
#3824 = ORIENTED_EDGE ( 'NONE', *, *, #2518, .T. ) ;
#3825 = CARTESIAN_POINT ( 'NONE',  ( 12.14675912257062862, 6.264999999999999680, -29.71356785366922892 ) ) ;
#3826 = ORIENTED_EDGE ( 'NONE', *, *, #5573, .F. ) ;
#3827 = CARTESIAN_POINT ( 'NONE',  ( -8.584531272233389743, 6.264999999999999680, -22.06542753897627662 ) ) ;
#3828 = CARTESIAN_POINT ( 'NONE',  ( 7.081682580411109207, 5.888645333210593691, -22.43904346959339335 ) ) ;
#3829 = ADVANCED_FACE ( 'NONE', ( #926 ), #3784, .T. ) ;
#3830 = ORIENTED_EDGE ( 'NONE', *, *, #428, .F. ) ;
#3831 = VECTOR ( 'NONE', #618, 1000.000000000000000 ) ;
#3832 = VERTEX_POINT ( 'NONE', #1046 ) ;
#3833 = B_SPLINE_CURVE_WITH_KNOTS ( 'NONE', 3,
 ( #4593, #2129, #2250, #4123, #6018, #3049, #721, #6087 ),
 .UNSPECIFIED., .F., .F.,
 ( 4, 2, 2, 4 ),
 ( 0.000000000000000000, 0.0002243944063326252006, 0.0004487888126652504013, 0.0008975776253304993931 ),
 .UNSPECIFIED. ) ;
#3834 = DIRECTION ( 'NONE',  ( 0.000000000000000000, 0.000000000000000000, 1.000000000000000000 ) ) ;
#3835 = FACE_OUTER_BOUND ( 'NONE', #346, .T. ) ;
#3836 = ORIENTED_EDGE ( 'NONE', *, *, #4204, .F. ) ;
#3837 = CARTESIAN_POINT ( 'NONE',  ( -8.998655526815836581, 5.764999999999999680, -21.74132237720848693 ) ) ;
#3838 = EDGE_CURVE ( 'NONE', #1058, #1945, #2697, .T. ) ;
#3839 = AXIS2_PLACEMENT_3D ( 'NONE', #3696, #1423, #3295 ) ;
#3840 = DIRECTION ( 'NONE',  ( 0.000000000000000000, 1.000000000000000000, 0.000000000000000000 ) ) ;
#3841 = EDGE_CURVE ( 'NONE', #1900, #379, #5137, .T. ) ;
#3842 = CARTESIAN_POINT ( 'NONE',  ( -9.193142795375262466, 5.915251510363374265, -30.71843061225909111 ) ) ;
#3843 = B_SPLINE_CURVE_WITH_KNOTS ( 'NONE', 3,
 ( #5291, #577, #206, #4845, #2957, #2929, #1528, #5809, #5837, #4820 ),
 .UNSPECIFIED., .F., .F.,
 ( 4, 2, 2, 2, 4 ),
 ( 0.000000000000000000, 0.0002540264268552620440, 0.0005080528537105240879, 0.0007620792805657861319, 0.001016105707421048176 ),
 .UNSPECIFIED. ) ;
#3844 = CARTESIAN_POINT ( 'NONE',  ( -23.90990065744529858, 6.264999999999999680, 4.215960591966866566 ) ) ;
#3845 = ORIENTED_EDGE ( 'NONE', *, *, #3885, .T. ) ;
#3846 = DIRECTION ( 'NONE',  ( 0.000000000000000000, 1.000000000000000000, 0.000000000000000000 ) ) ;
#3847 = EDGE_LOOP ( 'NONE', ( #5602, #487, #3743, #5156, #1105, #1088 ) ) ;
#3848 = ORIENTED_EDGE ( 'NONE', *, *, #1811, .T. ) ;
#3849 = CARTESIAN_POINT ( 'NONE',  ( 24.44967702698105683, 5.764999999999999680, 5.346872873588295327 ) ) ;
#3850 = CARTESIAN_POINT ( 'NONE',  ( 11.72428514981459635, 5.764999999999999680, 11.03241121076136544 ) ) ;
#3851 = CARTESIAN_POINT ( 'NONE',  ( -15.31841097139910701, 6.148090468736412184, 19.56972712229757505 ) ) ;
#3852 = PLANE ( 'NONE',  #81 ) ;
#3853 = CARTESIAN_POINT ( 'NONE',  ( -24.41831488466219469, 6.264999999999999680, 4.833629575782417476 ) ) ;
#3854 = DIRECTION ( 'NONE',  ( -0.4226182617401405550, 0.000000000000000000, -0.9063077870369106170 ) ) ;
#3855 = ORIENTED_EDGE ( 'NONE', *, *, #4175, .T. ) ;
#3856 = LINE ( 'NONE', #3274, #1715 ) ;
#3857 = CARTESIAN_POINT ( 'NONE',  ( 9.000391762837637089, 6.264999999999999680, -23.20799484655838185 ) ) ;
#3858 = FACE_OUTER_BOUND ( 'NONE', #5176, .T. ) ;
#3859 = EDGE_LOOP ( 'NONE', ( #3895, #3657, #526, #2714, #5745, #1515, #5182, #5134, #2192, #5257 ) ) ;
#3860 = ORIENTED_EDGE ( 'NONE', *, *, #1878, .F. ) ;
#3861 = EDGE_CURVE ( 'NONE', #2288, #5860, #4232, .T. ) ;
#3862 = LINE ( 'NONE', #5785, #2287 ) ;
#3863 = DIRECTION ( 'NONE',  ( 0.4226182617401680330, 0.000000000000000000, -0.9063077870368978495 ) ) ;
#3864 = VERTEX_POINT ( 'NONE', #3747 ) ;
#3865 = CARTESIAN_POINT ( 'NONE',  ( 6.500088757881871793, 6.264999999999997904, -15.48210631670260362 ) ) ;
#3866 = AXIS2_PLACEMENT_3D ( 'NONE', #35, #434, #5610 ) ;
#3867 = DIRECTION ( 'NONE',  ( -0.000000000000000000, -1.000000000000000000, -0.000000000000000000 ) ) ;
#3868 = EDGE_CURVE ( 'NONE', #3159, #2546, #3549, .T. ) ;
#3869 = AXIS2_PLACEMENT_3D ( 'NONE', #416, #3846, #2281 ) ;
#3870 = CARTESIAN_POINT ( 'NONE',  ( 0.000000000000000000, 3.265000000000000124, 0.000000000000000000 ) ) ;
#3871 = CARTESIAN_POINT ( 'NONE',  ( 0.5244024014076339446, 6.264999999999999680, -1.440783756570812146 ) ) ;
#3872 = VECTOR ( 'NONE', #2325, 1000.000000000000000 ) ;
#3873 = ORIENTED_EDGE ( 'NONE', *, *, #1688, .T. ) ;
#3874 = EDGE_CURVE ( 'NONE', #981, #309, #1943, .T. ) ;
#3875 = B_SPLINE_CURVE_WITH_KNOTS ( 'NONE', 3,
 ( #5760, #157, #2030, #1202 ),
 .UNSPECIFIED., .F., .F.,
 ( 4, 4 ),
 ( 1.100558666808491869E-17, 0.0002633906062274309502 ),
 .UNSPECIFIED. ) ;
#3876 = CARTESIAN_POINT ( 'NONE',  ( -9.511283720561253929, 5.764999999999999680, -23.14975676409983407 ) ) ;
#3877 = VECTOR ( 'NONE', #2618, 1000.000000000000227 ) ;
#3878 = ORIENTED_EDGE ( 'NONE', *, *, #1968, .F. ) ;
#3879 = ORIENTED_EDGE ( 'NONE', *, *, #26, .F. ) ;
#3880 = CARTESIAN_POINT ( 'NONE',  ( 31.37141457813754641, 6.264999999999999680, 6.802515648106712831 ) ) ;
#3881 = FACE_OUTER_BOUND ( 'NONE', #1759, .T. ) ;
#3882 = CARTESIAN_POINT ( 'NONE',  ( -9.691120861856123980, 6.057893218813449998, -29.60841622532392137 ) ) ;
#3883 = VECTOR ( 'NONE', #3470, 999.9999999999998863 ) ;
#3885 = EDGE_CURVE ( 'NONE', #4733, #5613, #4080, .T. ) ;
#3884 = PLANE ( 'NONE',  #3540 ) ;
#3886 = ADVANCED_FACE ( 'NONE', ( #2820 ), #1934, .F. ) ;
#3887 = LINE ( 'NONE', #5804, #6053 ) ;
#3888 = ORIENTED_EDGE ( 'NONE', *, *, #421, .F. ) ;
#3889 = CARTESIAN_POINT ( 'NONE',  ( 9.044292404175942934, 6.264999999999999680, -23.13026909981116219 ) ) ;
#3890 = DIRECTION ( 'NONE',  ( 0.000000000000000000, 0.000000000000000000, 1.000000000000000000 ) ) ;
#3891 = ORIENTED_EDGE ( 'NONE', *, *, #4804, .T. ) ;
#3892 = ORIENTED_EDGE ( 'NONE', *, *, #2621, .F. ) ;
#3893 = LINE ( 'NONE', #2933, #2670 ) ;
#3894 = CARTESIAN_POINT ( 'NONE',  ( -14.69617227522216218, 6.210085216635890859, 18.70292564783698808 ) ) ;
#3895 = ORIENTED_EDGE ( 'NONE', *, *, #1487, .F. ) ;
#3896 = CARTESIAN_POINT ( 'NONE',  ( 24.01045617635382712, 6.264999999999999680, 5.009615798980178170 ) ) ;
#3897 = AXIS2_PLACEMENT_3D ( 'NONE', #5828, #3505, #3535 ) ;
#3898 = ADVANCED_FACE ( 'NONE', ( #5696 ), #1472, .F. ) ;
#3899 = LINE ( 'NONE', #3554, #5612 ) ;
#3900 = AXIS2_PLACEMENT_3D ( 'NONE', #2672, #349, #1762 ) ;
#3901 = FACE_OUTER_BOUND ( 'NONE', #1218, .T. ) ;
#3902 = CARTESIAN_POINT ( 'NONE',  ( 16.07282071980216287, 5.764999999999999680, 0.9150920754745583974 ) ) ;
#3903 = EDGE_CURVE ( 'NONE', #3921, #1101, #1499, .T. ) ;
#3904 = CARTESIAN_POINT ( 'NONE',  ( 20.86842270412794775, 0.000000000000000000, -10.87059491664726174 ) ) ;
#3905 = ORIENTED_EDGE ( 'NONE', *, *, #1558, .T. ) ;
#3906 = CARTESIAN_POINT ( 'NONE',  ( -15.85814145652950380, 6.238325924937500488, 17.83934836995326378 ) ) ;
#3907 = ORIENTED_EDGE ( 'NONE', *, *, #645, .T. ) ;
#3908 = ORIENTED_EDGE ( 'NONE', *, *, #3223, .T. ) ;
#3909 = CARTESIAN_POINT ( 'NONE',  ( 31.33256975185953053, 6.265000000000000568, 6.948482779894026962 ) ) ;
#3910 = CARTESIAN_POINT ( 'NONE',  ( -30.84144333032262608, 0.000000000000000000, 4.402443439002778014 ) ) ;
#3911 = FACE_OUTER_BOUND ( 'NONE', #4145, .T. ) ;
#3912 = EDGE_CURVE ( 'NONE', #5563, #6034, #2024, .T. ) ;
#3913 = FACE_OUTER_BOUND ( 'NONE', #3385, .T. ) ;
#3914 = VERTEX_POINT ( 'NONE', #4939 ) ;
#3915 = DIRECTION ( 'NONE',  ( -0.9063077870369108391, 0.000000000000000000, 0.4226182617401400554 ) ) ;
#3916 = ORIENTED_EDGE ( 'NONE', *, *, #4926, .F. ) ;
#3917 = CARTESIAN_POINT ( 'NONE',  ( 9.074030300863855203, 6.251667247834942209, -23.04773960883477102 ) ) ;
#3918 = ADVANCED_FACE ( 'NONE', ( #2537 ), #3987, .F. ) ;
#3919 = DIRECTION ( 'NONE',  ( -0.000000000000000000, -1.000000000000000000, -0.000000000000000000 ) ) ;
#3920 = ORIENTED_EDGE ( 'NONE', *, *, #5504, .T. ) ;
#3921 = VERTEX_POINT ( 'NONE', #1536 ) ;
#3922 = CARTESIAN_POINT ( 'NONE',  ( 16.40990215531303065, 6.264999999999998792, 18.64183670989253372 ) ) ;
#3923 = CARTESIAN_POINT ( 'NONE',  ( 16.51097042370104973, 5.764999999999999680, 3.439351401558869537 ) ) ;
#3924 = EDGE_LOOP ( 'NONE', ( #3006, #508, #3297, #857 ) ) ;
#3925 = CARTESIAN_POINT ( 'NONE',  ( -22.02151929897088678, 0.000000000000000000, 23.30417700039917506 ) ) ;
#3926 = ADVANCED_FACE ( 'NONE', ( #5388 ), #5788, .F. ) ;
#3927 = DIRECTION ( 'NONE',  ( -0.000000000000000000, -1.000000000000000000, -0.000000000000000000 ) ) ;
#3928 = CARTESIAN_POINT ( 'NONE',  ( 16.48760416466110712, 6.264999999999999680, 2.379187623289520381 ) ) ;
#3929 = CIRCLE ( 'NONE', #2840, 14.64608244481071431 ) ;
#3930 = CARTESIAN_POINT ( 'NONE',  ( -24.44967702698092893, 3.265000000000000124, 5.346872873588896624 ) ) ;
#3931 = CARTESIAN_POINT ( 'NONE',  ( 15.12970273024766499, 5.764999999999999680, 4.227747153427441340 ) ) ;
#3932 = ORIENTED_EDGE ( 'NONE', *, *, #4792, .T. ) ;
#3933 = CARTESIAN_POINT ( 'NONE',  ( 8.998655526814697936, 6.264999999999999680, -21.74132237720895944 ) ) ;
#3934 = ADVANCED_FACE ( 'NONE', ( #5327 ), #186, .T. ) ;
#3935 = CARTESIAN_POINT ( 'NONE',  ( 23.32786525393763810, 6.264999999999999680, 3.077596902475847607 ) ) ;
#3936 = ORIENTED_EDGE ( 'NONE', *, *, #4926, .T. ) ;
#3937 = ORIENTED_EDGE ( 'NONE', *, *, #351, .T. ) ;
#3938 = LINE ( 'NONE', #658, #743 ) ;
#3939 = DIRECTION ( 'NONE',  ( -0.9961946980916877026, -0.000000000000000000, -0.08715574274831972001 ) ) ;
#3940 = CARTESIAN_POINT ( 'NONE',  ( -6.724046161570257141, 6.264999999999999680, -15.49188450811626794 ) ) ;
#3941 = CARTESIAN_POINT ( 'NONE',  ( 8.998655526814697936, 5.888645333210463129, -21.74132237720895944 ) ) ;
#3942 = EDGE_CURVE ( 'NONE', #4247, #5768, #5562, .T. ) ;
#3943 = DIRECTION ( 'NONE',  ( 0.9848077530122122392, -0.000000000000000000, 0.1736481776669059340 ) ) ;
#3944 = VERTEX_POINT ( 'NONE', #3925 ) ;
#3945 = DIRECTION ( 'NONE',  ( -0.000000000000000000, -1.000000000000000000, -0.000000000000000000 ) ) ;
#3946 = DIRECTION ( 'NONE',  ( -0.000000000000000000, -1.000000000000000000, 0.000000000000000000 ) ) ;
#3947 = ORIENTED_EDGE ( 'NONE', *, *, #5584, .F. ) ;
#3948 = VERTEX_POINT ( 'NONE', #5816 ) ;
#3949 = EDGE_CURVE ( 'NONE', #5613, #54, #2052, .T. ) ;
#3950 = LINE ( 'NONE', #1167, #3374 ) ;
#3951 = CYLINDRICAL_SURFACE ( 'NONE', #3285, 0.5000000000000002220 ) ;
#3952 = VERTEX_POINT ( 'NONE', #2567 ) ;
#3953 = CARTESIAN_POINT ( 'NONE',  ( -23.90990065744529858, 6.264999999999999680, 3.415960591964186222 ) ) ;
#3954 = DIRECTION ( 'NONE',  ( 0.3420201433256684909, 0.000000000000000000, -0.9396926207859085389 ) ) ;
#3955 = CARTESIAN_POINT ( 'NONE',  ( 16.04556694617575729, 6.219357122083193801, 1.371188415904867508 ) ) ;
#3956 = LINE ( 'NONE', #5852, #2098 ) ;
#3957 = AXIS2_PLACEMENT_3D ( 'NONE', #1719, #3497, #4426 ) ;
#3958 = CARTESIAN_POINT ( 'NONE',  ( 8.303821354727178417, 6.264999999999999680, -22.81456166729559243 ) ) ;
#3959 = AXIS2_PLACEMENT_3D ( 'NONE', #4401, #2519, #3531 ) ;
#3960 = DIRECTION ( 'NONE',  ( -0.5735764363515727382, 0.000000000000000000, -0.8191520442886230935 ) ) ;
#3961 = ORIENTED_EDGE ( 'NONE', *, *, #3619, .T. ) ;
#3962 = B_SPLINE_CURVE_WITH_KNOTS ( 'NONE', 3,
 ( #2086, #1207, #1180, #5859, #2486, #3906 ),
 .UNSPECIFIED., .F., .F.,
 ( 4, 2, 4 ),
 ( 0.000000000000000000, 0.0003644118814616128252, 0.0007288237629232256504 ),
 .UNSPECIFIED. ) ;
#3963 = LINE ( 'NONE', #1666, #4945 ) ;
#3964 = EDGE_LOOP ( 'NONE', ( #5709, #4965, #2457, #2134 ) ) ;
#3965 = ORIENTED_EDGE ( 'NONE', *, *, #2481, .F. ) ;
#3966 = CARTESIAN_POINT ( 'NONE',  ( 22.02151929896932359, 6.264999999999999680, 23.30417700039738449 ) ) ;
#3967 = VECTOR ( 'NONE', #5887, 1000.000000000000114 ) ;
#3968 = DIRECTION ( 'NONE',  ( 0.000000000000000000, -0.000000000000000000, -1.000000000000000000 ) ) ;
#3969 = CARTESIAN_POINT ( 'NONE',  ( 23.66832073232200528, 6.255251726932028689, 3.451149984506420410 ) ) ;
#3970 = EDGE_CURVE ( 'NONE', #2722, #5411, #1653, .T. ) ;
#3971 = DIRECTION ( 'NONE',  ( -0.9063077870368977385, 0.000000000000000000, -0.4226182617401681441 ) ) ;
#3972 = CIRCLE ( 'NONE', #338, 14.57731163100802796 ) ;
#3973 = CIRCLE ( 'NONE', #1820, 25.02749999999999275 ) ;
#3974 = ORIENTED_EDGE ( 'NONE', *, *, #4116, .F. ) ;
#3975 = DIRECTION ( 'NONE',  ( 0.8660254037844367092, 0.000000000000000000, 0.5000000000000034417 ) ) ;
#3976 = AXIS2_PLACEMENT_3D ( 'NONE', #5402, #3684, #398 ) ;
#3977 = EDGE_CURVE ( 'NONE', #4780, #2972, #1079, .T. ) ;
#3978 = FACE_OUTER_BOUND ( 'NONE', #3327, .T. ) ;
#3979 = ORIENTED_EDGE ( 'NONE', *, *, #3161, .T. ) ;
#3980 = ORIENTED_EDGE ( 'NONE', *, *, #6080, .T. ) ;
#3981 = VECTOR ( 'NONE', #2774, 1000.000000000000000 ) ;
#3982 = CARTESIAN_POINT ( 'NONE',  ( 9.915078265544348568, 6.264999999999999680, -29.61819441674029108 ) ) ;
#3983 = B_SPLINE_CURVE_WITH_KNOTS ( 'NONE', 3,
 ( #2211, #2613, #3969, #4524 ),
 .UNSPECIFIED., .F., .F.,
 ( 4, 4 ),
 ( 0.0002562351900779399352, 0.0004339471171348159096 ),
 .UNSPECIFIED. ) ;
#3984 = CARTESIAN_POINT ( 'NONE',  ( -4.972349239469208371, 6.264999999999997904, -16.03815802711417149 ) ) ;
#3985 = EDGE_LOOP ( 'NONE', ( #4964, #4366, #3878, #55, #4442, #4255, #3047 ) ) ;
#3986 = CARTESIAN_POINT ( 'NONE',  ( -1.019999999997242446, 3.265000000000000124, 25.00670622553088762 ) ) ;
#3987 = PLANE ( 'NONE',  #259 ) ;
#3988 = EDGE_CURVE ( 'NONE', #5688, #3755, #2995, .T. ) ;
#3989 = CARTESIAN_POINT ( 'NONE',  ( -24.49694315148945378, 6.251667247834691743, 3.665529049156808661 ) ) ;
#3990 = DIRECTION ( 'NONE',  ( 0.08715574274785124753, 0.000000000000000000, 0.9961946980917286698 ) ) ;
#3991 = FACE_OUTER_BOUND ( 'NONE', #5663, .T. ) ;
#3992 = ADVANCED_FACE ( 'NONE', ( #4420 ), #213, .F. ) ;
#3993 = EDGE_CURVE ( 'NONE', #3818, #925, #3060, .T. ) ;
#3994 = AXIS2_PLACEMENT_3D ( 'NONE', #5567, #771, #890 ) ;
#3995 = VERTEX_POINT ( 'NONE', #5418 ) ;
#3996 = CARTESIAN_POINT ( 'NONE',  ( 23.32786525393763810, 0.000000000000000000, 3.077596902475849383 ) ) ;
#3997 = ORIENTED_EDGE ( 'NONE', *, *, #4853, .T. ) ;
#3998 = ORIENTED_EDGE ( 'NONE', *, *, #2892, .F. ) ;
#3999 = VECTOR ( 'NONE', #2524, 1000.000000000000000 ) ;
#4000 = PLANE ( 'NONE',  #3976 ) ;
#4001 = CARTESIAN_POINT ( 'NONE',  ( 20.79608018602494823, 0.000000000000000000, 23.19696497017266879 ) ) ;
#4002 = DIRECTION ( 'NONE',  ( -0.000000000000000000, -1.000000000000000000, -0.000000000000000000 ) ) ;
#4003 = DIRECTION ( 'NONE',  ( -0.4226182617402615693, 0.000000000000000000, 0.9063077870368542177 ) ) ;
#4004 = CARTESIAN_POINT ( 'NONE',  ( 0.000000000000000000, 6.264999999999999680, 0.000000000000000000 ) ) ;
#4005 = EDGE_LOOP ( 'NONE', ( #710, #5497, #1485, #1868, #1816 ) ) ;
#4006 = DIRECTION ( 'NONE',  ( 0.000000000000000000, 1.000000000000000000, 0.000000000000000000 ) ) ;
#4007 = DIRECTION ( 'NONE',  ( -0.000000000000000000, -0.000000000000000000, -1.000000000000000000 ) ) ;
#4008 = DIRECTION ( 'NONE',  ( -0.000000000000000000, 1.000000000000000000, -0.000000000000000000 ) ) ;
#4009 = ORIENTED_EDGE ( 'NONE', *, *, #3712, .F. ) ;
#4010 = VERTEX_POINT ( 'NONE', #1171 ) ;
#4011 = CARTESIAN_POINT ( 'NONE',  ( -9.210267474636385288, 6.219357122083194689, 13.21027438555955946 ) ) ;
#4012 = EDGE_CURVE ( 'NONE', #563, #54, #1628, .T. ) ;
#4013 = DIRECTION ( 'NONE',  ( 0.000000000000000000, 0.000000000000000000, 1.000000000000000000 ) ) ;
#4014 = ORIENTED_EDGE ( 'NONE', *, *, #798, .F. ) ;
#4015 = CYLINDRICAL_SURFACE ( 'NONE', #2203, 0.4999999999999988343 ) ;
#4016 = FACE_OUTER_BOUND ( 'NONE', #1616, .T. ) ;
#4017 = CARTESIAN_POINT ( 'NONE',  ( -23.90990065744529858, 6.264999999999999680, 4.215960591966866566 ) ) ;
#4018 = EDGE_CURVE ( 'NONE', #546, #4919, #3695, .T. ) ;
#4019 = CARTESIAN_POINT ( 'NONE',  ( -15.52441922100406480, 6.191524577312440769, 4.278555553686556046 ) ) ;
#4020 = AXIS2_PLACEMENT_3D ( 'NONE', #809, #5867, #3971 ) ;
#4021 = CARTESIAN_POINT ( 'NONE',  ( -24.59890898943574911, 6.264999999999999680, 3.809429512648168537 ) ) ;
#4022 = DIRECTION ( 'NONE',  ( 0.000000000000000000, 0.000000000000000000, 1.000000000000000000 ) ) ;
#4023 =( GEOMETRIC_REPRESENTATION_CONTEXT ( 3 ) GLOBAL_UNCERTAINTY_ASSIGNED_CONTEXT ( ( #3676 ) ) GLOBAL_UNIT_ASSIGNED_CONTEXT ( ( #97, #1474, #2382 ) ) REPRESENTATION_CONTEXT ( 'NONE', 'WORKASPACE' ) );
#4024 = EDGE_CURVE ( 'NONE', #3441, #2828, #3972, .T. ) ;
#4025 = B_SPLINE_CURVE_WITH_KNOTS ( 'NONE', 3,
 ( #5385, #5879, #2474, #4418, #3894, #3431 ),
 .UNSPECIFIED., .F., .F.,
 ( 4, 2, 4 ),
 ( 0.000000000000000000, 0.0003644118814596225553, 0.0007288237629192451106 ),
 .UNSPECIFIED. ) ;
#4026 = CARTESIAN_POINT ( 'NONE',  ( 9.511283720560109955, 6.264999999999999680, -23.14975676410030658 ) ) ;
#4027 = VERTEX_POINT ( 'NONE', #4973 ) ;
#4028 = ORIENTED_EDGE ( 'NONE', *, *, #5495, .T. ) ;
#4029 = DIRECTION ( 'NONE',  ( 0.000000000000000000, 0.000000000000000000, 1.000000000000000000 ) ) ;
#4030 = CARTESIAN_POINT ( 'NONE',  ( 1.020000000004275487, 0.000000000000000000, 23.50788165701008481 ) ) ;
#4031 = CARTESIAN_POINT ( 'NONE',  ( -17.21793483357565790, 3.265000000000000124, 3.035986463239486621 ) ) ;
#4032 = VECTOR ( 'NONE', #3867, 1000.000000000000000 ) ;
#4033 = CARTESIAN_POINT ( 'NONE',  ( -24.34180575933194390, 6.114944888432694903, 5.186374255560378010 ) ) ;
#4034 = CARTESIAN_POINT ( 'NONE',  ( 20.48725318218211200, 4.527797336226737634, -10.65052659054495798 ) ) ;
#4035 = CARTESIAN_POINT ( 'NONE',  ( 8.303821354727178417, -6.264999999999999680, -23.61456166729559314 ) ) ;
#4036 = VERTEX_POINT ( 'NONE', #4072 ) ;
#4037 = CARTESIAN_POINT ( 'NONE',  ( -15.89194039108521395, 0.000000000000000000, 17.35243875097084043 ) ) ;
#4038 = CARTESIAN_POINT ( 'NONE',  ( -16.77838861730829478, 6.057893218813452663, 1.922747461919029233 ) ) ;
#4039 = ORIENTED_EDGE ( 'NONE', *, *, #5888, .T. ) ;
#4040 = CARTESIAN_POINT ( 'NONE',  ( -24.80391930942172607, 3.265000000000000124, 3.337865057442499950 ) ) ;
#4041 = CARTESIAN_POINT ( 'NONE',  ( -12.41879045059292785, 6.226507457126714939, -29.58445293863993797 ) ) ;
#4042 = ADVANCED_FACE ( 'NONE', ( #1255 ), #4509, .T. ) ;
#4043 = DIRECTION ( 'NONE',  ( -0.1736481776669306643, 0.000000000000000000, 0.9848077530122080203 ) ) ;
#4044 = CARTESIAN_POINT ( 'NONE',  ( -11.61707311970166501, 3.265000000000000124, 12.25785032243587658 ) ) ;
#4045 = CARTESIAN_POINT ( 'NONE',  ( 0.000000000000000000, 6.264999999999999680, 0.000000000000000000 ) ) ;
#4046 = ADVANCED_FACE ( 'NONE', ( #1309 ), #5911, .T. ) ;
#4047 = CARTESIAN_POINT ( 'NONE',  ( 11.61707311970207712, 6.264999999999999680, 12.25785032243555506 ) ) ;
#4048 = AXIS2_PLACEMENT_3D ( 'NONE', #2914, #5732, #649 ) ;
#4049 = DIRECTION ( 'NONE',  ( -0.3420201433255953272, 0.000000000000000000, -0.9396926207859350733 ) ) ;
#4050 = ORIENTED_EDGE ( 'NONE', *, *, #1480, .T. ) ;
#4051 = ORIENTED_EDGE ( 'NONE', *, *, #3270, .F. ) ;
#4052 = DIRECTION ( 'NONE',  ( -0.8191520442892442633, 0.000000000000000000, -0.5735764363506855590 ) ) ;
#4053 = CARTESIAN_POINT ( 'NONE',  ( -16.01792765457008016, 6.264999999999999680, 17.91275784609838340 ) ) ;
#4054 = VECTOR ( 'NONE', #3225, 1000.000000000000000 ) ;
#4055 = EDGE_CURVE ( 'NONE', #1727, #849, #5251, .T. ) ;
#4056 = CARTESIAN_POINT ( 'NONE',  ( 11.44281778395766835, 6.264999999999999680, -29.06214270632930763 ) ) ;
#4057 = VECTOR ( 'NONE', #3062, 1000.000000000000000 ) ;
#4058 = CARTESIAN_POINT ( 'NONE',  ( 0.000000000000000000, 6.264999999999999680, 0.000000000000000000 ) ) ;
#4059 = LINE ( 'NONE', #3168, #5972 ) ;
#4060 = LINE ( 'NONE', #3570, #767 ) ;
#4061 = ADVANCED_FACE ( 'NONE', ( #1225 ), #5561, .F. ) ;
#4062 = AXIS2_PLACEMENT_3D ( 'NONE', #4739, #2398, #1459 ) ;
#4063 = EDGE_CURVE ( 'NONE', #473, #4584, #1746, .T. ) ;
#4064 = AXIS2_PLACEMENT_3D ( 'NONE', #977, #1376, #4628 ) ;
#4065 = CARTESIAN_POINT ( 'NONE',  ( 8.303821354727178417, -6.264999999999999680, -22.01456166729558817 ) ) ;
#4066 = ORIENTED_EDGE ( 'NONE', *, *, #2477, .T. ) ;
#4067 = DIRECTION ( 'NONE',  ( -0.000000000000000000, -1.000000000000000000, -0.000000000000000000 ) ) ;
#4068 = CARTESIAN_POINT ( 'NONE',  ( 11.23405089814261082, 6.264999999999999680, 12.57924412727885333 ) ) ;
#4069 = CYLINDRICAL_SURFACE ( 'NONE', #1136, 0.5000000000000000000 ) ;
#4070 = AXIS2_PLACEMENT_3D ( 'NONE', #4058, #3632, #5520 ) ;
#4071 = DIRECTION ( 'NONE',  ( 0.000000000000000000, 0.000000000000000000, -1.000000000000000000 ) ) ;
#4072 = CARTESIAN_POINT ( 'NONE',  ( 8.023111437219117903, 6.264999999999999680, -23.56369579561482652 ) ) ;
#4073 = EDGE_LOOP ( 'NONE', ( #1549, #5920, #4692, #5876, #4658 ) ) ;
#4074 = CARTESIAN_POINT ( 'NONE',  ( -23.32786525393755994, 3.265000000000000124, 3.077596902476485319 ) ) ;
#4075 = DIRECTION ( 'NONE',  ( 0.000000000000000000, 0.000000000000000000, -1.000000000000000000 ) ) ;
#4076 = DIRECTION ( 'NONE',  ( -0.7256903291925866917, 0.5457393103138311607, 0.4189775069076369651 ) ) ;
#4077 = ORIENTED_EDGE ( 'NONE', *, *, #4501, .F. ) ;
#4078 = ADVANCED_FACE ( 'NONE', ( #3582 ), #3121, .F. ) ;
#4079 = CIRCLE ( 'NONE', #2804, 0.8000000000027681635 ) ;
#4080 = CIRCLE ( 'NONE', #5666, 23.52999999999999403 ) ;
#4081 = LINE ( 'NONE', #4047, #5912 ) ;
#4082 = CARTESIAN_POINT ( 'NONE',  ( -3.903514929478358653, 5.764999999999999680, -15.21658049281480984 ) ) ;
#4083 = ORIENTED_EDGE ( 'NONE', *, *, #3334, .T. ) ;
#4084 = EDGE_CURVE ( 'NONE', #5019, #2994, #3776, .T. ) ;
#4085 = EDGE_LOOP ( 'NONE', ( #3663, #65, #3547, #490, #3532, #501, #5400, #1097, #1930, #4101 ) ) ;
#4086 = CARTESIAN_POINT ( 'NONE',  ( -11.60809380826081316, 5.764999999999999680, -28.91069513293903270 ) ) ;
#4087 = CARTESIAN_POINT ( 'NONE',  ( -16.77838861730829123, 0.000000000000000000, 1.922747461919029899 ) ) ;
#4088 = AXIS2_PLACEMENT_3D ( 'NONE', #2234, #1776, #4075 ) ;
#4089 = CARTESIAN_POINT ( 'NONE',  ( -31.23825961836378795, 6.098366653769057955, 7.271797776904175059 ) ) ;
#4090 = AXIS2_PLACEMENT_3D ( 'NONE', #1756, #4954, #5864 ) ;
#4091 = ADVANCED_FACE ( 'NONE', ( #4016 ), #2686, .T. ) ;
#4092 = PLANE ( 'NONE',  #944 ) ;
#4093 = DIRECTION ( 'NONE',  ( 0.6427876096865970945, 0.000000000000000000, 0.7660444431189294967 ) ) ;
#4094 = CARTESIAN_POINT ( 'NONE',  ( 8.998655526814697936, 0.000000000000000000, -21.74132237720895944 ) ) ;
#4095 = LINE ( 'NONE', #3668, #62 ) ;
#4096 = ORIENTED_EDGE ( 'NONE', *, *, #679, .T. ) ;
#4097 = DIRECTION ( 'NONE',  ( 0.000000000000000000, 1.000000000000000000, 0.000000000000000000 ) ) ;
#4098 =( BOUNDED_CURVE ( )  B_SPLINE_CURVE ( 3, ( #5522, #382, #4930, #3667 ),
 .UNSPECIFIED., .F., .T. ) 
 B_SPLINE_CURVE_WITH_KNOTS ( ( 4, 4 ),
 ( 3.141592653589793116, 4.712388980384686121 ),
 .UNSPECIFIED. ) 
 CURVE ( )  GEOMETRIC_REPRESENTATION_ITEM ( )  RATIONAL_B_SPLINE_CURVE ( ( 1.000000000000000000, 0.8047378541243658256, 0.8047378541243658256, 1.000000000000000000 ) ) 
 REPRESENTATION_ITEM ( '' )  );
#4099 = LINE ( 'NONE', #1304, #959 ) ;
#4100 = EDGE_CURVE ( 'NONE', #1870, #374, #3645, .T. ) ;
#4101 = ORIENTED_EDGE ( 'NONE', *, *, #2385, .T. ) ;
#4102 = DIRECTION ( 'NONE',  ( 0.000000000000000000, 1.000000000000000000, 0.000000000000000000 ) ) ;
#4103 = VERTEX_POINT ( 'NONE', #2138 ) ;
#4104 = ORIENTED_EDGE ( 'NONE', *, *, #1347, .T. ) ;
#4105 = FACE_OUTER_BOUND ( 'NONE', #167, .T. ) ;
#4106 = DIRECTION ( 'NONE',  ( -0.08715574274824935963, 0.000000000000000000, -0.9961946980916938088 ) ) ;
#4107 = ORIENTED_EDGE ( 'NONE', *, *, #2354, .T. ) ;
#4108 = CARTESIAN_POINT ( 'NONE',  ( -21.95357043938909314, 6.044248922266342028, 23.37767695306506965 ) ) ;
#4109 = FACE_OUTER_BOUND ( 'NONE', #2271, .T. ) ;
#4110 = CARTESIAN_POINT ( 'NONE',  ( -4.807073215166054680, 6.264999999999999680, -16.18960560050088304 ) ) ;
#4111 = ORIENTED_EDGE ( 'NONE', *, *, #1287, .T. ) ;
#4112 = ORIENTED_EDGE ( 'NONE', *, *, #387, .F. ) ;
#4113 = CARTESIAN_POINT ( 'NONE',  ( 0.000000000000000000, 6.264999999999999680, 0.000000000000000000 ) ) ;
#4114 = CARTESIAN_POINT ( 'NONE',  ( 14.69617227522592451, 6.210085216637208916, 18.70292564783692413 ) ) ;
#4115 = AXIS2_PLACEMENT_3D ( 'NONE', #3224, #4982, #4542 ) ;
#4116 = EDGE_CURVE ( 'NONE', #4139, #5806, #2629, .T. ) ;
#4117 = CARTESIAN_POINT ( 'NONE',  ( -9.171249647149551265, 6.264999999999999680, -30.72328364303758264 ) ) ;
#4118 = ORIENTED_EDGE ( 'NONE', *, *, #3609, .F. ) ;
#4119 = ORIENTED_EDGE ( 'NONE', *, *, #519, .T. ) ;
#4120 = CARTESIAN_POINT ( 'NONE',  ( -7.081682580411170491, 0.000000000000000000, -22.43904346959336848 ) ) ;
#4121 = CARTESIAN_POINT ( 'NONE',  ( -21.71325459514958922, 5.764999999999999680, 1.899663625312524307 ) ) ;
#4122 = B_SPLINE_CURVE_WITH_KNOTS ( 'NONE', 3,
 ( #3266, #5187, #5151, #1917 ),
 .UNSPECIFIED., .F., .F.,
 ( 4, 4 ),
 ( 0.0003137610113320315791, 0.0004909606842049387201 ),
 .UNSPECIFIED. ) ;
#4123 = CARTESIAN_POINT ( 'NONE',  ( 31.84431466948384326, 6.043643711280814124, 3.796404506813030100 ) ) ;
#4124 = EDGE_CURVE ( 'NONE', #2209, #1650, #1149, .T. ) ;
#4125 = CARTESIAN_POINT ( 'NONE',  ( 23.90990065744999526, 6.264999999999999680, 4.215960591964933890 ) ) ;
#4126 = VERTEX_POINT ( 'NONE', #5530 ) ;
#4127 = FACE_OUTER_BOUND ( 'NONE', #5364, .T. ) ;
#4128 = CARTESIAN_POINT ( 'NONE',  ( -7.705266465700824519, 6.264999999999999680, -23.34914714043137351 ) ) ;
#4129 = EDGE_LOOP ( 'NONE', ( #5333, #3329, #3405, #3328 ) ) ;
#4130 = CARTESIAN_POINT ( 'NONE',  ( 4.807073215165557301, 0.000000000000000000, -16.18960560050119213 ) ) ;
#4131 = CARTESIAN_POINT ( 'NONE',  ( 0.000000000000000000, 0.000000000000000000, 0.000000000000000000 ) ) ;
#4132 = EDGE_CURVE ( 'NONE', #4879, #2994, #793, .T. ) ;
#4133 = ORIENTED_EDGE ( 'NONE', *, *, #5538, .T. ) ;
#4134 =( BOUNDED_CURVE ( )  B_SPLINE_CURVE ( 3, ( #4899, #2122, #1551, #4838 ),
 .UNSPECIFIED., .F., .T. ) 
 B_SPLINE_CURVE_WITH_KNOTS ( ( 4, 4 ),
 ( 4.712388980384686121, 6.283185307179586232 ),
 .UNSPECIFIED. ) 
 CURVE ( )  GEOMETRIC_REPRESENTATION_ITEM ( )  RATIONAL_B_SPLINE_CURVE ( ( 1.000000000000000000, 0.8047378541243641603, 0.8047378541243641603, 1.000000000000000000 ) ) 
 REPRESENTATION_ITEM ( '' )  );
#4135 = ORIENTED_EDGE ( 'NONE', *, *, #5849, .T. ) ;
#4136 = DIRECTION ( 'NONE',  ( -0.3420201433256689905, -0.000000000000000000, -0.9396926207859083169 ) ) ;
#4137 = CARTESIAN_POINT ( 'NONE',  ( 9.321568203199248615, 6.098366653768981571, -30.68902528796899176 ) ) ;
#4138 = DIRECTION ( 'NONE',  ( 0.000000000000000000, 0.000000000000000000, 1.000000000000000000 ) ) ;
#4139 = VERTEX_POINT ( 'NONE', #4536 ) ;
#4140 = DIRECTION ( 'NONE',  ( 0.9848077530122080203, -0.000000000000000000, -0.1736481776669309696 ) ) ;
#4141 = ADVANCED_FACE ( 'NONE', ( #855 ), #2260, .F. ) ;
#4142 = ADVANCED_FACE ( 'NONE', ( #3275 ), #454, .F. ) ;
#4143 = CARTESIAN_POINT ( 'NONE',  ( 0.000000000000000000, 5.764999999999999680, 0.000000000000000000 ) ) ;
#4144 = CARTESIAN_POINT ( 'NONE',  ( 3.903514929479674933, 6.264999999999999680, -15.21658049281448122 ) ) ;
#4145 = EDGE_LOOP ( 'NONE', ( #3339, #3222, #4223, #2247, #4663, #1856, #1601, #2136, #1182, #5639, #71, #6083, #1094, #457, #5074, #1152, #466, #1493, #4416, #819, #1583, #5645, #2208, #5029, #2675, #1754, #823, #5777, #559, #2241 ) ) ;
#4146 = ORIENTED_EDGE ( 'NONE', *, *, #3313, .T. ) ;
#4147 = LINE ( 'NONE', #4953, #5975 ) ;
#4148 = LINE ( 'NONE', #3725, #1121 ) ;
#4149 = CARTESIAN_POINT ( 'NONE',  ( -15.17295756576996446, 6.264999999999999680, 19.27121207805423708 ) ) ;
#4150 = VERTEX_POINT ( 'NONE', #2838 ) ;
#4151 = DIRECTION ( 'NONE',  ( 0.000000000000000000, 0.000000000000000000, 1.000000000000000000 ) ) ;
#4152 = CIRCLE ( 'NONE', #4943, 24.52749999999999275 ) ;
#4153 = CARTESIAN_POINT ( 'NONE',  ( -15.60607930271879873, -6.264999999999999680, 18.59860107532919216 ) ) ;
#4154 = DIRECTION ( 'NONE',  ( -0.9961946980917285588, 0.000000000000000000, 0.08715574274785160835 ) ) ;
#4155 = EDGE_CURVE ( 'NONE', #1058, #3123, #2301, .T. ) ;
#4156 = PLANE ( 'NONE',  #4483 ) ;
#4157 = AXIS2_PLACEMENT_3D ( 'NONE', #1681, #3144, #1252 ) ;
#4158 = ORIENTED_EDGE ( 'NONE', *, *, #1763, .F. ) ;
#4159 = CARTESIAN_POINT ( 'NONE',  ( -8.303821354726347082, -6.264999999999999680, -22.01456166729589370 ) ) ;
#4160 = FACE_OUTER_BOUND ( 'NONE', #4865, .T. ) ;
#4161 = VERTEX_POINT ( 'NONE', #4694 ) ;
#4162 = LINE ( 'NONE', #854, #647 ) ;
#4163 = DIRECTION ( 'NONE',  ( 0.000000000000000000, 0.000000000000000000, 1.000000000000000000 ) ) ;
#4164 = EDGE_CURVE ( 'NONE', #5319, #1586, #4801, .T. ) ;
#4165 = CIRCLE ( 'NONE', #4754, 24.52749999999999275 ) ;
#4166 = B_SPLINE_CURVE_WITH_KNOTS ( 'NONE', 3,
 ( #4230, #2870, #550, #4297 ),
 .UNSPECIFIED., .F., .F.,
 ( 4, 4 ),
 ( 0.0002320008640099831081, 0.0004814755169085387391 ),
 .UNSPECIFIED. ) ;
#4167 = ORIENTED_EDGE ( 'NONE', *, *, #3245, .F. ) ;
#4168 = ORIENTED_EDGE ( 'NONE', *, *, #5697, .T. ) ;
#4169 = CARTESIAN_POINT ( 'NONE',  ( 14.81695515800011620, 6.264999999999999680, 18.46713593082162674 ) ) ;
#4170 = CARTESIAN_POINT ( 'NONE',  ( 12.72296122597525603, 5.764999999999999680, -29.43056634765067159 ) ) ;
#4171 = AXIS2_PLACEMENT_3D ( 'NONE', #5157, #1463, #3335 ) ;
#4172 = PLANE ( 'NONE',  #1229 ) ;
#4173 = EDGE_LOOP ( 'NONE', ( #1464, #3024, #4735, #1412 ) ) ;
#4174 = DIRECTION ( 'NONE',  ( 0.000000000000000000, 0.000000000000000000, -1.000000000000000000 ) ) ;
#4175 = EDGE_CURVE ( 'NONE', #5688, #4896, #1466, .T. ) ;
#4176 = CARTESIAN_POINT ( 'NONE',  ( 9.485192156497154414, 6.264999999999999680, 13.01743292839957888 ) ) ;
#4177 = VECTOR ( 'NONE', #5005, 999.9999999999998863 ) ;
#4178 = DIRECTION ( 'NONE',  ( -0.000000000000000000, -1.000000000000000000, -0.000000000000000000 ) ) ;
#4179 = VECTOR ( 'NONE', #31, 1000.000000000000000 ) ;
#4180 = ORIENTED_EDGE ( 'NONE', *, *, #1287, .F. ) ;
#4181 = EDGE_LOOP ( 'NONE', ( #4631, #3932 ) ) ;
#4182 = EDGE_CURVE ( 'NONE', #5693, #3779, #4578, .T. ) ;
#4183 = B_SPLINE_CURVE_WITH_KNOTS ( 'NONE', 3,
 ( #3825, #3448, #2011, #140, #114, #4782, #2953, #2982 ),
 .UNSPECIFIED., .F., .F.,
 ( 4, 2, 2, 4 ),
 ( 0.000000000000000000, 0.0004478229640558058439, 0.0006717344460837126148, 0.0008956459281116192772 ),
 .UNSPECIFIED. ) ;
#4184 = EDGE_CURVE ( 'NONE', #2546, #4560, #5757, .T. ) ;
#4185 = CARTESIAN_POINT ( 'NONE',  ( -7.594310774156567412, 6.264999999999999680, -23.84747785648472629 ) ) ;
#4186 = LINE ( 'NONE', #5546, #4589 ) ;
#4187 = DIRECTION ( 'NONE',  ( 0.000000000000000000, 0.000000000000000000, -1.000000000000000000 ) ) ;
#4188 = VERTEX_POINT ( 'NONE', #2775 ) ;
#4189 = DIRECTION ( 'NONE',  ( 0.000000000000000000, 0.000000000000000000, -1.000000000000000000 ) ) ;
#4190 = PLANE ( 'NONE',  #3107 ) ;
#4191 = DIRECTION ( 'NONE',  ( -0.08715574274746687444, 0.000000000000000000, 0.9961946980917623096 ) ) ;
#4192 = B_SPLINE_CURVE_WITH_KNOTS ( 'NONE', 3,
 ( #1513, #1547, #2458, #1833, #386, #6055, #915, #3876 ),
 .UNSPECIFIED., .F., .F.,
 ( 4, 2, 2, 4 ),
 ( 0.0002326562781557107345, 0.0004093576251824469943, 0.0005860589722091832541, 0.0009394616662626557738 ),
 .UNSPECIFIED. ) ;
#4193 = CARTESIAN_POINT ( 'NONE',  ( -14.32920972712166652, 5.764999999999999680, 18.66372547473203625 ) ) ;
#4194 = CIRCLE ( 'NONE', #1351, 23.53000000000000114 ) ;
#4195 = ORIENTED_EDGE ( 'NONE', *, *, #5791, .T. ) ;
#4196 = CARTESIAN_POINT ( 'NONE',  ( 20.79608018602494823, 5.764999999999999680, 23.19696497017266879 ) ) ;
#4197 = CARTESIAN_POINT ( 'NONE',  ( 10.09792032711194132, 6.264999999999999680, 13.07103969715097769 ) ) ;
#4198 = EDGE_LOOP ( 'NONE', ( #3439, #4303, #2770, #5909 ) ) ;
#4199 = CARTESIAN_POINT ( 'NONE',  ( 8.584531272231606280, 6.264999999999999680, -22.06542753897499409 ) ) ;
#4200 = LINE ( 'NONE', #2409, #64 ) ;
#4201 = VECTOR ( 'NONE', #2701, 999.9999999999998863 ) ;
#4202 = EDGE_LOOP ( 'NONE', ( #2047, #46, #4576, #1408, #2102 ) ) ;
#4203 = ORIENTED_EDGE ( 'NONE', *, *, #5780, .T. ) ;
#4204 = EDGE_CURVE ( 'NONE', #2731, #473, #5057, .T. ) ;
#4205 = B_SPLINE_CURVE_WITH_KNOTS ( 'NONE', 3,
 ( #5580, #1543, #1509, #523, #5234, #3411, #3000, #1966 ),
 .UNSPECIFIED., .F., .F.,
 ( 4, 2, 2, 4 ),
 ( 0.0002326562781573172510, 0.0004093576251836532776, 0.0005860589722099893584, 0.0009394616662626608695 ),
 .UNSPECIFIED. ) ;
#4206 = CARTESIAN_POINT ( 'NONE',  ( -20.55407337132444567, 4.221937406372789248, -11.47405542676706602 ) ) ;
#4207 = CARTESIAN_POINT ( 'NONE',  ( -9.105945697311810250, 6.265000000000002345, -22.83891764463419705 ) ) ;
#4208 = EDGE_CURVE ( 'NONE', #397, #3832, #4875, .T. ) ;
#4209 = DIRECTION ( 'NONE',  ( 0.000000000000000000, 0.000000000000000000, 1.000000000000000000 ) ) ;
#4210 = ORIENTED_EDGE ( 'NONE', *, *, #1887, .F. ) ;
#4211 = CARTESIAN_POINT ( 'NONE',  ( -6.183365160192210830, 6.264999999999999680, -15.46827786578351471 ) ) ;
#4212 = FACE_OUTER_BOUND ( 'NONE', #1682, .T. ) ;
#4214 = EDGE_CURVE ( 'NONE', #4547, #4546, #6052, .T. ) ;
#4213 = LINE ( 'NONE', #2937, #5329 ) ;
#4215 = VERTEX_POINT ( 'NONE', #6061 ) ;
#4216 = ORIENTED_EDGE ( 'NONE', *, *, #750, .F. ) ;
#4217 = ORIENTED_EDGE ( 'NONE', *, *, #2874, .F. ) ;
#4218 = FACE_OUTER_BOUND ( 'NONE', #5336, .T. ) ;
#4219 = DIRECTION ( 'NONE',  ( 0.3420201433256717105, 0.000000000000000000, -0.9396926207859074287 ) ) ;
#4220 = CARTESIAN_POINT ( 'NONE',  ( 0.000000000000000000, 3.265000000000000124, 0.000000000000000000 ) ) ;
#4221 = VECTOR ( 'NONE', #1519, 1000.000000000000000 ) ;
#4222 = CARTESIAN_POINT ( 'NONE',  ( 8.303821354727178417, 0.000000000000000000, -23.61456166729559314 ) ) ;
#4223 = ORIENTED_EDGE ( 'NONE', *, *, #3252, .F. ) ;
#4224 = DIRECTION ( 'NONE',  ( 0.4226182617402011732, 0.000000000000000000, -0.9063077870368824174 ) ) ;
#4225 = ORIENTED_EDGE ( 'NONE', *, *, #5566, .T. ) ;
#4226 = CARTESIAN_POINT ( 'NONE',  ( -24.01045617635356422, 6.264999999999999680, 5.009615798981459811 ) ) ;
#4227 = FACE_OUTER_BOUND ( 'NONE', #760, .T. ) ;
#4228 = DIRECTION ( 'NONE',  ( -0.9396926207859183089, 0.000000000000000000, -0.3420201433256415124 ) ) ;
#4229 = ORIENTED_EDGE ( 'NONE', *, *, #4867, .T. ) ;
#4230 = CARTESIAN_POINT ( 'NONE',  ( -14.81459121830057057, 6.238325924936583888, 18.71499098996243760 ) ) ;
#4231 = ORIENTED_EDGE ( 'NONE', *, *, #3571, .F. ) ;
#4232 = LINE ( 'NONE', #2845, #3590 ) ;
#4233 = EDGE_CURVE ( 'NONE', #4459, #961, #4200, .T. ) ;
#4234 = CARTESIAN_POINT ( 'NONE',  ( 6.687283929632237722, 6.264999999999999680, -14.65238428445571373 ) ) ;
#4235 = VERTEX_POINT ( 'NONE', #5253 ) ;
#4236 = CARTESIAN_POINT ( 'NONE',  ( -7.701356876778232774, 6.148090468737800407, -23.62873328357427383 ) ) ;
#4237 = FACE_OUTER_BOUND ( 'NONE', #589, .T. ) ;
#4238 = EDGE_CURVE ( 'NONE', #3019, #115, #1866, .T. ) ;
#4239 = EDGE_LOOP ( 'NONE', ( #905, #4195, #1469, #3442 ) ) ;
#4240 = ORIENTED_EDGE ( 'NONE', *, *, #4726, .F. ) ;
#4241 = ORIENTED_EDGE ( 'NONE', *, *, #5094, .T. ) ;
#4242 = CYLINDRICAL_SURFACE ( 'NONE', #3685, 0.4999999999999991118 ) ;
#4243 = FACE_OUTER_BOUND ( 'NONE', #458, .T. ) ;
#4244 = CYLINDRICAL_SURFACE ( 'NONE', #571, 0.5000000000000002220 ) ;
#4245 = ADVANCED_FACE ( 'NONE', ( #485 ), #2348, .T. ) ;
#4246 = DIRECTION ( 'NONE',  ( -0.9848077530122082424, -0.000000000000000000, 0.1736481776669292765 ) ) ;
#4247 = VERTEX_POINT ( 'NONE', #1441 ) ;
#4248 = CIRCLE ( 'NONE', #4544, 0.8000000000027681635 ) ;
#4249 = FACE_OUTER_BOUND ( 'NONE', #1560, .T. ) ;
#4250 = VERTEX_POINT ( 'NONE', #5597 ) ;
#4251 = CARTESIAN_POINT ( 'NONE',  ( 8.735336071100668676, 6.253133748784919455, -22.13583261852999229 ) ) ;
#4252 = CARTESIAN_POINT ( 'NONE',  ( 7.310376528511730143, 6.159543664875225311, -22.55130372838716113 ) ) ;
#4253 = ADVANCED_FACE ( 'NONE', ( #4227 ), #919, .T. ) ;
#4254 = AXIS2_PLACEMENT_3D ( 'NONE', #4562, #4067, #5967 ) ;
#4255 = ORIENTED_EDGE ( 'NONE', *, *, #1506, .F. ) ;
#4256 = ORIENTED_EDGE ( 'NONE', *, *, #1872, .F. ) ;
#4257 = CARTESIAN_POINT ( 'NONE',  ( 0.000000000000000000, 6.264999999999999680, 0.000000000000000000 ) ) ;
#4258 = CIRCLE ( 'NONE', #5549, 25.02749999999999275 ) ;
#4259 = VERTEX_POINT ( 'NONE', #4289 ) ;
#4260 = DIRECTION ( 'NONE',  ( 0.000000000000000000, 0.000000000000000000, -1.000000000000000000 ) ) ;
#4261 = AXIS2_PLACEMENT_3D ( 'NONE', #2720, #4601, #766 ) ;
#4262 = VECTOR ( 'NONE', #3088, 1000.000000000000114 ) ;
#4263 = EDGE_CURVE ( 'NONE', #2389, #1727, #1787, .T. ) ;
#4264 = LINE ( 'NONE', #1014, #2010 ) ;
#4265 = VERTEX_POINT ( 'NONE', #1006 ) ;
#4266 = VECTOR ( 'NONE', #2342, 1000.000000000000000 ) ;
#4267 = VECTOR ( 'NONE', #863, 1000.000000000000000 ) ;
#4268 = CARTESIAN_POINT ( 'NONE',  ( 8.845277618578982981, 6.255214431438175460, -22.22286349253544202 ) ) ;
#4269 = CARTESIAN_POINT ( 'NONE',  ( 15.85814145653102791, 6.238325924942468070, 17.83934836994524886 ) ) ;
#4270 = ORIENTED_EDGE ( 'NONE', *, *, #2336, .T. ) ;
#4271 = VECTOR ( 'NONE', #2410, 1000.000000000000000 ) ;
#4272 = VECTOR ( 'NONE', #5846, 1000.000000000000000 ) ;
#4273 = EDGE_CURVE ( 'NONE', #2442, #2017, #4693, .T. ) ;
#4274 = VERTEX_POINT ( 'NONE', #2372 ) ;
#4275 = B_SPLINE_CURVE_WITH_KNOTS ( 'NONE', 3,
 ( #1828, #2399, #505, #2858 ),
 .UNSPECIFIED., .F., .F.,
 ( 4, 4 ),
 ( 0.0002320008640085687393, 0.0004814755169045770644 ),
 .UNSPECIFIED. ) ;
#4276 = ORIENTED_EDGE ( 'NONE', *, *, #5037, .T. ) ;
#4277 = ORIENTED_EDGE ( 'NONE', *, *, #2992, .T. ) ;
#4278 = DIRECTION ( 'NONE',  ( 0.9961946980917285588, 0.000000000000000000, -0.08715574274785159448 ) ) ;
#4279 = DIRECTION ( 'NONE',  ( 0.000000000000000000, 1.000000000000000000, 0.000000000000000000 ) ) ;
#4280 = SURFACE_STYLE_FILL_AREA ( #5712 ) ;
#4281 = DIRECTION ( 'NONE',  ( 0.6427876096865237088, 0.000000000000000000, -0.7660444431189912251 ) ) ;
#4282 = CARTESIAN_POINT ( 'NONE',  ( 0.09029705238694780978, 6.264999999999999680, 0.5121000315671744296 ) ) ;
#4283 = VERTEX_POINT ( 'NONE', #3800 ) ;
#4284 = ADVANCED_FACE ( 'NONE', ( #2438 ), #979, .F. ) ;
#4285 = AXIS2_PLACEMENT_3D ( 'NONE', #476, #2856, #5279 ) ;
#4286 = CARTESIAN_POINT ( 'NONE',  ( -6.724046161570257141, 6.264999999999999680, -15.49188450811626794 ) ) ;
#4287 = ORIENTED_EDGE ( 'NONE', *, *, #421, .T. ) ;
#4288 = CARTESIAN_POINT ( 'NONE',  ( -19.65932503706203249, 6.264999999999999680, 25.37618590062913526 ) ) ;
#4289 = CARTESIAN_POINT ( 'NONE',  ( -19.12613749183868350, 0.000000000000000000, 25.73369080688125976 ) ) ;
#4290 = VECTOR ( 'NONE', #4877, 1000.000000000000114 ) ;
#4291 = CARTESIAN_POINT ( 'NONE',  ( 0.000000000000000000, 0.000000000000000000, 0.000000000000000000 ) ) ;
#4292 = ORIENTED_EDGE ( 'NONE', *, *, #816, .F. ) ;
#4293 = VERTEX_POINT ( 'NONE', #484 ) ;
#4294 = EDGE_CURVE ( 'NONE', #2226, #656, #543, .T. ) ;
#4295 = CARTESIAN_POINT ( 'NONE',  ( -8.925404411400617022, 6.264999999999999680, -22.31094027810012648 ) ) ;
#4296 = AXIS2_PLACEMENT_3D ( 'NONE', #3011, #5829, #2979 ) ;
#4297 = CARTESIAN_POINT ( 'NONE',  ( -14.81695515799681750, 6.264999999999999680, 18.46713593081870286 ) ) ;
#4298 = ORIENTED_EDGE ( 'NONE', *, *, #3803, .T. ) ;
#4299 = DIRECTION ( 'NONE',  ( -0.3420201433256698231, 0.000000000000000000, -0.9396926207859079838 ) ) ;
#4300 = EDGE_CURVE ( 'NONE', #5097, #2442, #4817, .T. ) ;
#4301 = PRODUCT_CONTEXT ( 'NONE', #2659, 'mechanical' ) ;
#4302 = CARTESIAN_POINT ( 'NONE',  ( 24.52209377040562899, 6.200926026332642671, 3.542865529042954265 ) ) ;
#4303 = ORIENTED_EDGE ( 'NONE', *, *, #5791, .F. ) ;
#4304 = DIRECTION ( 'NONE',  ( 6.217248937900876626E-15, 0.000000000000000000, -1.000000000000000000 ) ) ;
#4305 = DIRECTION ( 'NONE',  ( 0.3420201433256690460, 0.000000000000000000, 0.9396926207859084279 ) ) ;
#4306 = VERTEX_POINT ( 'NONE', #4226 ) ;
#4307 = ORIENTED_EDGE ( 'NONE', *, *, #5573, .T. ) ;
#4308 = CARTESIAN_POINT ( 'NONE',  ( 15.63352333970124342, 6.264999999999999680, 3.874968164782152336 ) ) ;
#4309 = ORIENTED_EDGE ( 'NONE', *, *, #3838, .F. ) ;
#4310 = VERTEX_POINT ( 'NONE', #3827 ) ;
#4311 = LINE ( 'NONE', #5240, #648 ) ;
#4312 = LINE ( 'NONE', #3359, #68 ) ;
#4313 = DIRECTION ( 'NONE',  ( 0.000000000000000000, 0.000000000000000000, -1.000000000000000000 ) ) ;
#4314 = CARTESIAN_POINT ( 'NONE',  ( -9.511283720561253929, 0.000000000000000000, -23.14975676409983407 ) ) ;
#4315 = ADVANCED_FACE ( 'NONE', ( #1496 ), #5159, .F. ) ;
#4316 = CARTESIAN_POINT ( 'NONE',  ( 8.998655526814697936, 5.764999999999999680, -21.74132237720895944 ) ) ;
#4317 = CARTESIAN_POINT ( 'NONE',  ( -3.692205798608257705, 5.764999999999999680, -15.66973438633325166 ) ) ;
#4318 = VECTOR ( 'NONE', #4990, 1000.000000000000000 ) ;
#4319 = ORIENTED_EDGE ( 'NONE', *, *, #4552, .T. ) ;
#4320 = DIRECTION ( 'NONE',  ( -0.08715574274746686056, 0.000000000000000000, 0.9961946980917621985 ) ) ;
#4321 = LINE ( 'NONE', #2984, #5290 ) ;
#4322 = EDGE_CURVE ( 'NONE', #1889, #2823, #1005, .T. ) ;
#4323 = CARTESIAN_POINT ( 'NONE',  ( -15.85814145652950380, 6.238325924937500488, 17.83934836995326378 ) ) ;
#4324 = ORIENTED_EDGE ( 'NONE', *, *, #4012, .T. ) ;
#4325 = AXIS2_PLACEMENT_3D ( 'NONE', #429, #1846, #2238 ) ;
#4326 = ORIENTED_EDGE ( 'NONE', *, *, #5566, .F. ) ;
#4327 = CARTESIAN_POINT ( 'NONE',  ( -16.40987278511234138, 6.264999999999998792, 18.64201300552696949 ) ) ;
#4328 = DIRECTION ( 'NONE',  ( 0.000000000000000000, 1.000000000000000000, 0.000000000000000000 ) ) ;
#4329 = ORIENTED_EDGE ( 'NONE', *, *, #95, .F. ) ;
#4330 = CARTESIAN_POINT ( 'NONE',  ( 11.23820881949115780, 6.264999999999999680, 13.39317573496640357 ) ) ;
#4331 = ADVANCED_FACE ( 'NONE', ( #1982 ), #4719, .T. ) ;
#4332 = CIRCLE ( 'NONE', #2463, 0.8000000000000020428 ) ;
#4333 = DIRECTION ( 'NONE',  ( 0.08715574274745555017, 0.000000000000000000, -0.9961946980917633088 ) ) ;
#4334 = LINE ( 'NONE', #701, #548 ) ;
#4335 = CYLINDRICAL_SURFACE ( 'NONE', #1701, 14.57731163100802796 ) ;
#4336 = EDGE_CURVE ( 'NONE', #4126, #4639, #3856, .T. ) ;
#4337 = ORIENTED_EDGE ( 'NONE', *, *, #3480, .T. ) ;
#4338 = CARTESIAN_POINT ( 'NONE',  ( -6.183365160192210830, 6.264999999999999680, -15.46827786578351471 ) ) ;
#4339 = ORIENTED_EDGE ( 'NONE', *, *, #4690, .F. ) ;
#4340 = VERTEX_POINT ( 'NONE', #950 ) ;
#4341 = CARTESIAN_POINT ( 'NONE',  ( 31.23834335489615555, 6.098599059609118633, 7.271518973567456356 ) ) ;
#4342 = DIRECTION ( 'NONE',  ( 0.000000000000000000, -0.000000000000000000, -1.000000000000000000 ) ) ;
#4343 = CARTESIAN_POINT ( 'NONE',  ( 15.66324469765772598, 6.264999999999999680, 1.201880293650165576 ) ) ;
#4344 = CARTESIAN_POINT ( 'NONE',  ( 15.89194039108607015, 6.264999999999999680, 17.35243875097005528 ) ) ;
#4345 = EDGE_CURVE ( 'NONE', #3648, #5880, #2816, .T. ) ;
#4346 = DIRECTION ( 'NONE',  ( 0.000000000000000000, 0.000000000000000000, -1.000000000000000000 ) ) ;
#4347 = VERTEX_POINT ( 'NONE', #2864 ) ;
#4348 = DIRECTION ( 'NONE',  ( 0.4726241065755757975, -0.8379550138152905836, 0.2728696551569175233 ) ) ;
#4349 = CARTESIAN_POINT ( 'NONE',  ( 0.000000000000000000, 5.764999999999999680, 0.000000000000000000 ) ) ;
#4350 = EDGE_LOOP ( 'NONE', ( #5444, #4014, #2958, #5197 ) ) ;
#4351 = AXIS2_PLACEMENT_3D ( 'NONE', #5703, #1597, #5820 ) ;
#4352 = ORIENTED_EDGE ( 'NONE', *, *, #637, .T. ) ;
#4353 = DIRECTION ( 'NONE',  ( -0.000000000000000000, -1.000000000000000000, -0.000000000000000000 ) ) ;
#4354 = EDGE_CURVE ( 'NONE', #4783, #5935, #322, .T. ) ;
#4355 = DIRECTION ( 'NONE',  ( 0.000000000000000000, 0.000000000000000000, 1.000000000000000000 ) ) ;
#4356 = ORIENTED_EDGE ( 'NONE', *, *, #1431, .T. ) ;
#4357 = CARTESIAN_POINT ( 'NONE',  ( -12.72296122597415646, 5.841007553701625277, -29.43056634764681689 ) ) ;
#4358 = B_SPLINE_CURVE_WITH_KNOTS ( 'NONE', 3,
 ( #800, #1781, #306, #1358, #5539, #1320 ),
 .UNSPECIFIED., .F., .F.,
 ( 4, 2, 4 ),
 ( 0.000000000000000000, 0.0003644118814623707910, 0.0007288237629247415819 ),
 .UNSPECIFIED. ) ;
#4359 = CARTESIAN_POINT ( 'NONE',  ( 15.63352333970124342, 6.264999999999999680, 3.874968164782152336 ) ) ;
#4360 = ADVANCED_FACE ( 'NONE', ( #1440 ), #5689, .F. ) ;
#4361 = LINE ( 'NONE', #4831, #4856 ) ;
#4362 = DIRECTION ( 'NONE',  ( 0.000000000000000000, 0.000000000000000000, 1.000000000000000000 ) ) ;
#4363 = AXIS2_PLACEMENT_3D ( 'NONE', #6094, #5627, #116 ) ;
#4364 = AXIS2_PLACEMENT_3D ( 'NONE', #4044, #5535, #4106 ) ;
#4365 = CARTESIAN_POINT ( 'NONE',  ( 0.000000000000000000, 5.764999999999999680, 0.000000000000000000 ) ) ;
#4366 = ORIENTED_EDGE ( 'NONE', *, *, #4182, .F. ) ;
#4367 = EDGE_CURVE ( 'NONE', #1711, #283, #2513, .T. ) ;
#4368 = VECTOR ( 'NONE', #3519, 1000.000000000000000 ) ;
#4369 = ADVANCED_FACE ( 'NONE', ( #86 ), #1070, .T. ) ;
#4370 = LINE ( 'NONE', #1574, #1707 ) ;
#4371 = VERTEX_POINT ( 'NONE', #3510 ) ;
#4372 = ORIENTED_EDGE ( 'NONE', *, *, #637, .F. ) ;
#4373 = CARTESIAN_POINT ( 'NONE',  ( 31.19276894612019291, 5.841037802762286013, 7.419106642638349847 ) ) ;
#4374 = CARTESIAN_POINT ( 'NONE',  ( -19.65932503706203249, 6.264999999999999680, 25.37618590062913526 ) ) ;
#4375 = DIRECTION ( 'NONE',  ( 0.000000000000000000, 0.000000000000000000, 1.000000000000000000 ) ) ;
#4376 = TOROIDAL_SURFACE ( 'NONE', #5558, 24.03000000000000114, 0.5000000000000000000 ) ;
#4377 = DIRECTION ( 'NONE',  ( -0.000000000000000000, -1.000000000000000000, -0.000000000000000000 ) ) ;
#4378 = VECTOR ( 'NONE', #1920, 1000.000000000000000 ) ;
#4379 = CARTESIAN_POINT ( 'NONE',  ( -23.61495323805560531, 6.238325924936967581, 3.472316846750349129 ) ) ;
#4380 = AXIS2_PLACEMENT_3D ( 'NONE', #5261, #5664, #5201 ) ;
#4381 = ORIENTED_EDGE ( 'NONE', *, *, #4238, .F. ) ;
#4382 = CARTESIAN_POINT ( 'NONE',  ( -20.86842270413104927, 3.265000000000000124, -10.87059491664131272 ) ) ;
#4383 = EDGE_CURVE ( 'NONE', #3316, #4293, #5377, .T. ) ;
#4384 = LINE ( 'NONE', #1072, #554 ) ;
#4385 = AXIS2_PLACEMENT_3D ( 'NONE', #5083, #6043, #4523 ) ;
#4386 = ORIENTED_EDGE ( 'NONE', *, *, #5756, .T. ) ;
#4387 = ORIENTED_EDGE ( 'NONE', *, *, #2950, .F. ) ;
#4388 = CARTESIAN_POINT ( 'NONE',  ( 17.85439826558050314, 6.264999999999999680, -12.50178425576351415 ) ) ;
#4389 = CARTESIAN_POINT ( 'NONE',  ( -4.807073215166054680, 5.764999999999999680, -16.18960560050088304 ) ) ;
#4390 = VERTEX_POINT ( 'NONE', #5871 ) ;
#4391 = CARTESIAN_POINT ( 'NONE',  ( 24.19172554510161532, 6.235787267806388812, 4.964675980283207224 ) ) ;
#4392 = CIRCLE ( 'NONE', #470, 0.8000000000027256419 ) ;
#4393 = EDGE_CURVE ( 'NONE', #4527, #5019, #3048, .T. ) ;
#4394 = CARTESIAN_POINT ( 'NONE',  ( -24.55354683889319034, 6.265000000000000568, 3.732547568632457402 ) ) ;
#4395 = VECTOR ( 'NONE', #1918, 1000.000000000000227 ) ;
#4396 = LINE ( 'NONE', #2539, #243 ) ;
#4397 = DIRECTION ( 'NONE',  ( 0.000000000000000000, 0.000000000000000000, -1.000000000000000000 ) ) ;
#4398 = ADVANCED_FACE ( 'NONE', ( #2831 ), #5123, .T. ) ;
#4399 = LINE ( 'NONE', #650, #5811 ) ;
#4400 = ORIENTED_EDGE ( 'NONE', *, *, #4976, .T. ) ;
#4401 = CARTESIAN_POINT ( 'NONE',  ( 0.000000000000000000, 6.264999999999999680, 0.000000000000000000 ) ) ;
#4402 = ORIENTED_EDGE ( 'NONE', *, *, #1811, .F. ) ;
#4403 = EDGE_LOOP ( 'NONE', ( #708, #4119, #3908, #121 ) ) ;
#4404 = CYLINDRICAL_SURFACE ( 'NONE', #2020, 0.5000000000000000000 ) ;
#4405 = PLANE ( 'NONE',  #1640 ) ;
#4406 = DIRECTION ( 'NONE',  ( 0.8191520442888685638, 0.000000000000000000, -0.5735764363512223518 ) ) ;
#4407 = ADVANCED_FACE ( 'NONE', ( #1859 ), #4650, .F. ) ;
#4408 = CARTESIAN_POINT ( 'NONE',  ( 0.000000000000000000, 0.000000000000000000, -25.02749999999999631 ) ) ;
#4409 = DIRECTION ( 'NONE',  ( 0.9396926207859083169, 0.000000000000000000, -0.3420201433256689905 ) ) ;
#4410 = ORIENTED_EDGE ( 'NONE', *, *, #156, .F. ) ;
#4411 = FACE_OUTER_BOUND ( 'NONE', #2919, .T. ) ;
#4412 = EDGE_CURVE ( 'NONE', #328, #900, #2197, .T. ) ;
#4413 = DIRECTION ( 'NONE',  ( 0.000000000000000000, 0.000000000000000000, -1.000000000000000000 ) ) ;
#4414 = MANIFOLD_SOLID_BREP ( 'Cut-Extrude4', #4680 ) ;
#4415 = ORIENTED_EDGE ( 'NONE', *, *, #2821, .T. ) ;
#4416 = ORIENTED_EDGE ( 'NONE', *, *, #580, .F. ) ;
#4417 = DIRECTION ( 'NONE',  ( 0.5735764363512209085, 0.000000000000000000, 0.8191520442888693410 ) ) ;
#4418 = CARTESIAN_POINT ( 'NONE',  ( -14.58250701236989144, 6.159543664873518232, 18.69099767462068939 ) ) ;
#4419 = ORIENTED_EDGE ( 'NONE', *, *, #4446, .F. ) ;
#4420 = FACE_OUTER_BOUND ( 'NONE', #5381, .T. ) ;
#4421 = B_SPLINE_CURVE_WITH_KNOTS ( 'NONE', 3,
 ( #2273, #5207, #2358, #2760, #4114, #993 ),
 .UNSPECIFIED., .F., .F.,
 ( 4, 2, 4 ),
 ( 0.000000000000000000, 0.0003644118814616604217, 0.0007288237629233208434 ),
 .UNSPECIFIED. ) ;
#4422 = DIRECTION ( 'NONE',  ( 0.9848077530122122392, -0.000000000000000000, 0.1736481776669060451 ) ) ;
#4423 = DIRECTION ( 'NONE',  ( -0.000000000000000000, -1.000000000000000000, -0.000000000000000000 ) ) ;
#4424 = B_SPLINE_CURVE_WITH_KNOTS ( 'NONE', 3,
 ( #3790, #4776, #17, #3851, #568, #5215, #110, #4683 ),
 .UNSPECIFIED., .F., .F.,
 ( 4, 2, 2, 4 ),
 ( 0.0002326562781600681972, 0.0004093576251857144544, 0.0005860589722113606573, 0.0009394616662626554485 ),
 .UNSPECIFIED. ) ;
#4425 = ADVANCED_FACE ( 'NONE', ( #2890 ), #2364, .T. ) ;
#4426 = DIRECTION ( 'NONE',  ( 0.7660444431189626924, 0.000000000000000000, -0.6427876096865574596 ) ) ;
#4427 = LINE ( 'NONE', #1631, #3738 ) ;
#4428 = ORIENTED_EDGE ( 'NONE', *, *, #5196, .T. ) ;
#4429 = DIRECTION ( 'NONE',  ( -0.000000000000000000, -1.000000000000000000, 0.000000000000000000 ) ) ;
#4430 = ORIENTED_EDGE ( 'NONE', *, *, #2938, .T. ) ;
#4431 = EDGE_CURVE ( 'NONE', #5935, #1783, #4122, .T. ) ;
#4432 = EDGE_LOOP ( 'NONE', ( #89, #4836, #2395, #1514, #2087 ) ) ;
#4433 = LINE ( 'NONE', #713, #4569 ) ;
#4434 = CARTESIAN_POINT ( 'NONE',  ( -8.303821354726347082, 6.264999999999999680, -22.01456166729589370 ) ) ;
#4435 = CARTESIAN_POINT ( 'NONE',  ( -19.23334952206178272, 5.764999999999999680, 24.50825169393615610 ) ) ;
#4436 = CARTESIAN_POINT ( 'NONE',  ( 23.37839960360604508, 6.238325924937850431, 4.813879173184148819 ) ) ;
#4437 = EDGE_CURVE ( 'NONE', #778, #5563, #3481, .T. ) ;
#4438 = CARTESIAN_POINT ( 'NONE',  ( 19.12613749183849521, 5.764999999999999680, 25.73369080688134147 ) ) ;
#4439 = EDGE_LOOP ( 'NONE', ( #472, #5838, #862, #3038 ) ) ;
#4440 = CARTESIAN_POINT ( 'NONE',  ( 9.090100452106897322, 6.235787267813640788, -22.96209193887940003 ) ) ;
#4441 = CARTESIAN_POINT ( 'NONE',  ( -11.61707311970166501, 0.000000000000000000, 12.25785032243587658 ) ) ;
#4442 = ORIENTED_EDGE ( 'NONE', *, *, #4940, .T. ) ;
#4443 = ORIENTED_EDGE ( 'NONE', *, *, #825, .T. ) ;
#4444 = CARTESIAN_POINT ( 'NONE',  ( -8.861813474769878241, 5.934027361112018895, 13.44098318907559353 ) ) ;
#4445 = EDGE_LOOP ( 'NONE', ( #218, #514, #3196, #1307 ) ) ;
#4446 = EDGE_CURVE ( 'NONE', #5532, #473, #4424, .T. ) ;
#4447 = LINE ( 'NONE', #2105, #1326 ) ;
#4448 = ORIENTED_EDGE ( 'NONE', *, *, #5202, .F. ) ;
#4449 = FACE_OUTER_BOUND ( 'NONE', #3247, .T. ) ;
#4450 = CARTESIAN_POINT ( 'NONE',  ( -23.90990065744529858, 6.264999999999999680, 4.215960591966866566 ) ) ;
#4451 = CYLINDRICAL_SURFACE ( 'NONE', #536, 0.5000000000000002220 ) ;
#4452 = AXIS2_PLACEMENT_3D ( 'NONE', #3199, #3693, #1392 ) ;
#4453 = CARTESIAN_POINT ( 'NONE',  ( 9.511283720560113508, 5.764999999999999680, -23.14975676410030303 ) ) ;
#4454 = VECTOR ( 'NONE', #5933, 1000.000000000000114 ) ;
#4455 = DIRECTION ( 'NONE',  ( 0.9063077870364757427, 0.000000000000000000, 0.4226182617410730313 ) ) ;
#4456 = ORIENTED_EDGE ( 'NONE', *, *, #1895, .T. ) ;
#4457 = DIRECTION ( 'NONE',  ( -0.9848077530122083534, 0.000000000000000000, 0.1736481776669289434 ) ) ;
#4458 = ORIENTED_EDGE ( 'NONE', *, *, #4894, .T. ) ;
#4459 = VERTEX_POINT ( 'NONE', #999 ) ;
#4460 = CARTESIAN_POINT ( 'NONE',  ( 9.171249647149318562, 6.264999999999999680, -30.72328364303766790 ) ) ;
#4461 = CIRCLE ( 'NONE', #1812, 0.7999999999999986011 ) ;
#4462 = DIRECTION ( 'NONE',  ( 0.000000000000000000, 0.000000000000000000, 1.000000000000000000 ) ) ;
#4463 = DIRECTION ( 'NONE',  ( 0.000000000000000000, 0.000000000000000000, -1.000000000000000000 ) ) ;
#4464 = EDGE_CURVE ( 'NONE', #673, #3315, #2432, .T. ) ;
#4465 = CARTESIAN_POINT ( 'NONE',  ( -31.19950434987524801, 5.915060844301272880, 7.397744889173253569 ) ) ;
#4466 = AXIS2_PLACEMENT_3D ( 'NONE', #5222, #3365, #24 ) ;
#4467 = VECTOR ( 'NONE', #601, 1000.000000000000114 ) ;
#4468 = DIRECTION ( 'NONE',  ( 0.000000000000000000, 1.000000000000000000, 0.000000000000000000 ) ) ;
#4469 = VERTEX_POINT ( 'NONE', #5740 ) ;
#4470 = DIRECTION ( 'NONE',  ( 0.000000000000000000, 0.000000000000000000, 1.000000000000000000 ) ) ;
#4471 = CARTESIAN_POINT ( 'NONE',  ( 22.97362297149689070, 6.264999999999999680, 5.086604718622285581 ) ) ;
#4472 = VECTOR ( 'NONE', #2976, 1000.000000000000114 ) ;
#4473 = EDGE_CURVE ( 'NONE', #692, #5595, #442, .T. ) ;
#4474 = DIRECTION ( 'NONE',  ( -0.8660254037844438146, 0.000000000000000000, 0.4999999999999910072 ) ) ;
#4475 = ORIENTED_EDGE ( 'NONE', *, *, #560, .T. ) ;
#4476 = VERTEX_POINT ( 'NONE', #1885 ) ;
#4477 = DIRECTION ( 'NONE',  ( -0.000000000000000000, -1.000000000000000000, 0.000000000000000000 ) ) ;
#4478 = CARTESIAN_POINT ( 'NONE',  ( -7.796327252067167812, 6.235787267806767176, -23.43298687357934185 ) ) ;
#4479 = ORIENTED_EDGE ( 'NONE', *, *, #4300, .F. ) ;
#4480 = DIRECTION ( 'NONE',  ( -0.5735764363512143582, 0.000000000000000000, -0.8191520442888740039 ) ) ;
#4481 = DIRECTION ( 'NONE',  ( -0.5735764363506855590, 0.000000000000000000, 0.8191520442892442633 ) ) ;
#4482 = B_SPLINE_CURVE_WITH_KNOTS ( 'NONE', 3,
 ( #3212, #5098, #2918, #4656, #105, #881, #2427, #4308 ),
 .UNSPECIFIED., .F., .F.,
 ( 4, 2, 2, 4 ),
 ( 0.000000000000000000, 0.0002554680715914224749, 0.0005109361431828449499, 0.001021872286365688815 ),
 .UNSPECIFIED. ) ;
#4483 = AXIS2_PLACEMENT_3D ( 'NONE', #20, #2401, #2311 ) ;
#4484 = ADVANCED_FACE ( 'NONE', ( #715 ), #596, .F. ) ;
#4485 = CARTESIAN_POINT ( 'NONE',  ( 24.44967702698105683, 5.764999999999999680, 5.346872873588294439 ) ) ;
#4486 = AXIS2_PLACEMENT_3D ( 'NONE', #5370, #3472, #4342 ) ;
#4487 = FACE_OUTER_BOUND ( 'NONE', #486, .T. ) ;
#4488 = CARTESIAN_POINT ( 'NONE',  ( 4.056871809506885640, 6.191524577312426558, -15.58381920123245301 ) ) ;
#4489 = VECTOR ( 'NONE', #5779, 1000.000000000000000 ) ;
#4490 = FACE_OUTER_BOUND ( 'NONE', #3227, .T. ) ;
#4491 = LINE ( 'NONE', #2145, #3276 ) ;
#4492 = ORIENTED_EDGE ( 'NONE', *, *, #4263, .T. ) ;
#4493 = ORIENTED_EDGE ( 'NONE', *, *, #4888, .F. ) ;
#4494 = AXIS2_PLACEMENT_3D ( 'NONE', #2641, #376, #3563 ) ;
#4495 = CARTESIAN_POINT ( 'NONE',  ( -16.06543603230538864, 6.063953584472903557, 1.065738834288792569 ) ) ;
#4496 = CYLINDRICAL_SURFACE ( 'NONE', #3806, 0.5000000000000001110 ) ;
#4497 = LINE ( 'NONE', #2179, #2948 ) ;
#4498 = DIRECTION ( 'NONE',  ( 0.000000000000000000, -1.000000000000000000, 0.000000000000000000 ) ) ;
#4499 = ORIENTED_EDGE ( 'NONE', *, *, #4602, .T. ) ;
#4500 = CARTESIAN_POINT ( 'NONE',  ( -24.44967702698092893, 0.000000000000000000, 5.346872873588896624 ) ) ;
#4501 = EDGE_CURVE ( 'NONE', #2389, #3289, #3377, .T. ) ;
#4502 = CARTESIAN_POINT ( 'NONE',  ( 24.44967702698105683, 0.000000000000000000, 5.346872873588295327 ) ) ;
#4503 = EDGE_LOOP ( 'NONE', ( #133, #2501, #2861, #4755, #3298, #4734 ) ) ;
#4504 = ORIENTED_EDGE ( 'NONE', *, *, #3942, .T. ) ;
#4505 = LINE ( 'NONE', #4997, #1026 ) ;
#4506 = CARTESIAN_POINT ( 'NONE',  ( 7.679371020817437277, 6.114944888433399228, -23.67380928934719009 ) ) ;
#4507 = ORIENTED_EDGE ( 'NONE', *, *, #2451, .T. ) ;
#4508 = PLANE ( 'NONE',  #2789 ) ;
#4509 = CYLINDRICAL_SURFACE ( 'NONE', #1134, 14.64608244481071075 ) ;
#4510 = EDGE_CURVE ( 'NONE', #1556, #1058, #3391, .T. ) ;
#4511 = LINE ( 'NONE', #4538, #4177 ) ;
#4512 = DIRECTION ( 'NONE',  ( 0.000000000000000000, 1.000000000000000000, 0.000000000000000000 ) ) ;
#4513 = CARTESIAN_POINT ( 'NONE',  ( 18.55582418244931731, 5.213217292514716661, -11.89100463592403045 ) ) ;
#4514 = EDGE_CURVE ( 'NONE', #480, #72, #1355, .T. ) ;
#4515 = CIRCLE ( 'NONE', #2642, 25.02749999999999631 ) ;
#4516 = CARTESIAN_POINT ( 'NONE',  ( 4.296809377231628702, 6.255860970744404170, -15.52175720301511141 ) ) ;
#4517 = CARTESIAN_POINT ( 'NONE',  ( -9.691120861856122204, 5.764999999999999680, -29.60841622532391781 ) ) ;
#4518 = VECTOR ( 'NONE', #1722, 1000.000000000000227 ) ;
#4519 = DIRECTION ( 'NONE',  ( 0.000000000000000000, 0.000000000000000000, 1.000000000000000000 ) ) ;
#4520 = VERTEX_POINT ( 'NONE', #1508 ) ;
#4521 = ORIENTED_EDGE ( 'NONE', *, *, #342, .F. ) ;
#4522 = ADVANCED_FACE ( 'NONE', ( #5269 ), #4015, .T. ) ;
#4523 = DIRECTION ( 'NONE',  ( -0.7660444431189774583, 0.000000000000000000, 0.6427876096865401401 ) ) ;
#4524 = CARTESIAN_POINT ( 'NONE',  ( 23.61495323805596058, 6.238325924937074163, 3.472316846750043151 ) ) ;
#4525 = CIRCLE ( 'NONE', #1879, 25.02749999999998920 ) ;
#4526 = LINE ( 'NONE', #753, #3877 ) ;
#4527 = VERTEX_POINT ( 'NONE', #2913 ) ;
#4528 = FACE_OUTER_BOUND ( 'NONE', #2780, .T. ) ;
#4529 = CARTESIAN_POINT ( 'NONE',  ( 0.000000000000000000, 3.265000000000000124, 0.000000000000000000 ) ) ;
#4530 = VERTEX_POINT ( 'NONE', #5845 ) ;
#4531 = EDGE_CURVE ( 'NONE', #3914, #4459, #2108, .T. ) ;
#4532 = CARTESIAN_POINT ( 'NONE',  ( -24.60708631873728436, 6.148090468737408720, 3.481269485694111765 ) ) ;
#4533 = CARTESIAN_POINT ( 'NONE',  ( 21.68385673245087375, 6.265000000000001457, 23.66055076116682088 ) ) ;
#4534 = ORIENTED_EDGE ( 'NONE', *, *, #705, .T. ) ;
#4535 = DIRECTION ( 'NONE',  ( 0.000000000000000000, 0.000000000000000000, -1.000000000000000000 ) ) ;
#4536 = CARTESIAN_POINT ( 'NONE',  ( -22.16644285628417421, 3.265000000000000124, -11.62000720090540540 ) ) ;
#4537 = ORIENTED_EDGE ( 'NONE', *, *, #4510, .F. ) ;
#4538 = CARTESIAN_POINT ( 'NONE',  ( 7.081682580411110095, 5.764999999999999680, -22.43904346959338980 ) ) ;
#4539 = ADVANCED_FACE ( 'NONE', ( #4764 ), #4508, .F. ) ;
#4540 = CARTESIAN_POINT ( 'NONE',  ( 0.09029705238705150461, 5.764999999999999680, -0.5121000315677521897 ) ) ;
#4541 = ORIENTED_EDGE ( 'NONE', *, *, #2824, .T. ) ;
#4542 = DIRECTION ( 'NONE',  ( 0.000000000000000000, -0.000000000000000000, -1.000000000000000000 ) ) ;
#4543 = EDGE_CURVE ( 'NONE', #2085, #2974, #4334, .T. ) ;
#4544 = AXIS2_PLACEMENT_3D ( 'NONE', #5792, #3814, #4362 ) ;
#4545 = DIRECTION ( 'NONE',  ( 1.776356839400250465E-15, 0.000000000000000000, -1.000000000000000000 ) ) ;
#4546 = VERTEX_POINT ( 'NONE', #1224 ) ;
#4547 = VERTEX_POINT ( 'NONE', #557 ) ;
#4548 = CARTESIAN_POINT ( 'NONE',  ( 31.84909871781022872, 5.764999999999999680, 3.696875540764982038 ) ) ;
#4549 = CARTESIAN_POINT ( 'NONE',  ( 0.000000000000000000, 6.264999999999999680, -25.02749999999999631 ) ) ;
#4550 = VECTOR ( 'NONE', #1115, 1000.000000000000000 ) ;
#4552 = EDGE_CURVE ( 'NONE', #3344, #981, #5321, .T. ) ;
#4551 = PLANE ( 'NONE',  #605 ) ;
#4553 = VECTOR ( 'NONE', #4076, 1000.000000000000114 ) ;
#4554 = VERTEX_POINT ( 'NONE', #2421 ) ;
#4555 = DIRECTION ( 'NONE',  ( 0.000000000000000000, 0.000000000000000000, 1.000000000000000000 ) ) ;
#4556 = DIRECTION ( 'NONE',  ( -0.000000000000000000, -1.000000000000000000, 0.000000000000000000 ) ) ;
#4557 = DIRECTION ( 'NONE',  ( -0.000000000000000000, -1.000000000000000000, -0.000000000000000000 ) ) ;
#4558 = VECTOR ( 'NONE', #3318, 999.9999999999998863 ) ;
#4559 = DIRECTION ( 'NONE',  ( 0.000000000000000000, 0.000000000000000000, 1.000000000000000000 ) ) ;
#4560 = VERTEX_POINT ( 'NONE', #3953 ) ;
#4561 = ORIENTED_EDGE ( 'NONE', *, *, #2142, .F. ) ;
#4562 = CARTESIAN_POINT ( 'NONE',  ( 0.000000000000000000, 0.000000000000000000, 0.000000000000000000 ) ) ;
#4563 = CARTESIAN_POINT ( 'NONE',  ( 0.000000000000000000, 0.000000000000000000, 0.000000000000000000 ) ) ;
#4564 = VECTOR ( 'NONE', #1857, 1000.000000000000000 ) ;
#4565 = ORIENTED_EDGE ( 'NONE', *, *, #395, .F. ) ;
#4566 = DIRECTION ( 'NONE',  ( 0.9396926207859085389, 0.000000000000000000, 0.3420201433256684909 ) ) ;
#4567 = CARTESIAN_POINT ( 'NONE',  ( 0.5244024014076339446, 6.264999999999999680, -1.440783756570812146 ) ) ;
#4568 = VECTOR ( 'NONE', #2685, 1000.000000000000000 ) ;
#4570 = ORIENTED_EDGE ( 'NONE', *, *, #2997, .F. ) ;
#4569 = VECTOR ( 'NONE', #4140, 1000.000000000000000 ) ;
#4571 =( BOUNDED_CURVE ( )  B_SPLINE_CURVE ( 3, ( #1993, #5759, #1539, #1081 ),
 .UNSPECIFIED., .F., .T. ) 
 B_SPLINE_CURVE_WITH_KNOTS ( ( 4, 4 ),
 ( 3.141592653589793116, 4.712388980384689674 ),
 .UNSPECIFIED. ) 
 CURVE ( )  GEOMETRIC_REPRESENTATION_ITEM ( )  RATIONAL_B_SPLINE_CURVE ( ( 1.000000000000000000, 0.8047378541243649375, 0.8047378541243649375, 1.000000000000000000 ) ) 
 REPRESENTATION_ITEM ( '' )  );
#4572 = VERTEX_POINT ( 'NONE', #101 ) ;
#4573 = CARTESIAN_POINT ( 'NONE',  ( 14.80252534601611814, 6.253133748784909685, 18.63293925743288781 ) ) ;
#4574 = B_SPLINE_CURVE_WITH_KNOTS ( 'NONE', 3,
 ( #2941, #5761, #2879, #67 ),
 .UNSPECIFIED., .F., .F.,
 ( 4, 4 ),
 ( 0.000000000000000000, 0.0002492957699715184195 ),
 .UNSPECIFIED. ) ;
#4575 = CARTESIAN_POINT ( 'NONE',  ( -23.78454326885298187, 6.264999999999999680, 3.425843179723848220 ) ) ;
#4576 = ORIENTED_EDGE ( 'NONE', *, *, #1910, .T. ) ;
#4577 = DIRECTION ( 'NONE',  ( -0.08715574274831970614, 0.000000000000000000, 0.9961946980916877026 ) ) ;
#4578 = CIRCLE ( 'NONE', #2883, 0.8000000000027498448 ) ;
#4579 = ADVANCED_FACE ( 'NONE', ( #4449 ), #1197, .T. ) ;
#4580 = CARTESIAN_POINT ( 'NONE',  ( 6.724046161570117697, 0.000000000000000000, -15.49188450811890938 ) ) ;
#4581 = CIRCLE ( 'NONE', #3203, 25.02749999999999275 ) ;
#4582 = CARTESIAN_POINT ( 'NONE',  ( 0.000000000000000000, 6.264999999999999680, 0.000000000000000000 ) ) ;
#4583 = ORIENTED_EDGE ( 'NONE', *, *, #4966, .T. ) ;
#4584 = VERTEX_POINT ( 'NONE', #1685 ) ;
#4585 = LINE ( 'NONE', #2177, #3603 ) ;
#4586 = CARTESIAN_POINT ( 'NONE',  ( -0.9855541338493460923, 3.265000000000000124, 1.174537679707344129 ) ) ;
#4587 = EDGE_CURVE ( 'NONE', #2147, #1292, #238, .T. ) ;
#4588 = CARTESIAN_POINT ( 'NONE',  ( 10.30423900446900909, 6.264999999999999680, 13.08909024249325981 ) ) ;
#4589 = VECTOR ( 'NONE', #6077, 1000.000000000000000 ) ;
#4590 = ORIENTED_EDGE ( 'NONE', *, *, #1521, .F. ) ;
#4591 = DIRECTION ( 'NONE',  ( 0.000000000000000000, 1.000000000000000000, 0.000000000000000000 ) ) ;
#4592 = CYLINDRICAL_SURFACE ( 'NONE', #266, 0.4999999999999996114 ) ;
#4593 = CARTESIAN_POINT ( 'NONE',  ( 31.84909871781022872, 5.764999999999999680, 3.696875540764982038 ) ) ;
#4594 = EDGE_CURVE ( 'NONE', #1137, #2437, #5881, .T. ) ;
#4595 = DIRECTION ( 'NONE',  ( 0.9848077530122070211, 0.000000000000000000, 0.1736481776669362154 ) ) ;
#4596 = ORIENTED_EDGE ( 'NONE', *, *, #5729, .T. ) ;
#4597 = DIRECTION ( 'NONE',  ( -0.7660444431189292747, 0.000000000000000000, 0.6427876096865973166 ) ) ;
#4598 = CARTESIAN_POINT ( 'NONE',  ( 7.771325233822791390, 6.221055507770213211, -23.48470910075628026 ) ) ;
#4599 = EDGE_LOOP ( 'NONE', ( #5977, #5844, #3830, #1929 ) ) ;
#4600 = CARTESIAN_POINT ( 'NONE',  ( -8.303821354726347082, 6.264999999999999680, -22.81456166729589441 ) ) ;
#4601 = DIRECTION ( 'NONE',  ( -0.000000000000000000, -1.000000000000000000, 0.000000000000000000 ) ) ;
#4602 = EDGE_CURVE ( 'NONE', #1381, #2485, #3672, .T. ) ;
#4603 = ORIENTED_EDGE ( 'NONE', *, *, #2630, .T. ) ;
#4604 = ORIENTED_EDGE ( 'NONE', *, *, #848, .F. ) ;
#4605 = LINE ( 'NONE', #5034, #2404 ) ;
#4606 = DIRECTION ( 'NONE',  ( 0.8191520442888741149, 0.000000000000000000, -0.5735764363512143582 ) ) ;
#4607 = ORIENTED_EDGE ( 'NONE', *, *, #3771, .F. ) ;
#4608 = CARTESIAN_POINT ( 'NONE',  ( -23.90990065744529858, -6.264999999999999680, 3.415960591964186222 ) ) ;
#4609 = CARTESIAN_POINT ( 'NONE',  ( 9.101228093026360710, 6.254046778225877290, -22.90278593090368986 ) ) ;
#4610 = EDGE_CURVE ( 'NONE', #913, #4306, #1131, .T. ) ;
#4611 = CARTESIAN_POINT ( 'NONE',  ( -23.37839960360237868, 6.238325924937095479, 4.813879173187117999 ) ) ;
#4612 = ORIENTED_EDGE ( 'NONE', *, *, #1841, .T. ) ;
#4613 = ORIENTED_EDGE ( 'NONE', *, *, #2653, .F. ) ;
#4614 = DIRECTION ( 'NONE',  ( -0.9961946980916938088, 0.000000000000000000, 0.08715574274825022005 ) ) ;
#4615 = CARTESIAN_POINT ( 'NONE',  ( -6.724046161570257141, 0.000000000000000000, -15.49188450811626794 ) ) ;
#4616 = VECTOR ( 'NONE', #3061, 999.9999999999998863 ) ;
#4617 = CARTESIAN_POINT ( 'NONE',  ( -15.22582846348606722, 6.264999999999999680, 19.30525781171019162 ) ) ;
#4618 = EDGE_CURVE ( 'NONE', #4010, #409, #5018, .T. ) ;
#4619 = ORIENTED_EDGE ( 'NONE', *, *, #3051, .T. ) ;
#4620 = DIRECTION ( 'NONE',  ( 0.000000000000000000, 1.000000000000000000, -0.000000000000000000 ) ) ;
#4621 = CARTESIAN_POINT ( 'NONE',  ( 15.60607930272298027, -6.264999999999999680, 18.59860107532696105 ) ) ;
#4622 = FACE_OUTER_BOUND ( 'NONE', #310, .T. ) ;
#4623 = CARTESIAN_POINT ( 'NONE',  ( 7.243917375738558206, 0.000000000000000000, -14.37701709155918550 ) ) ;
#4624 = ORIENTED_EDGE ( 'NONE', *, *, #1654, .T. ) ;
#4625 = AXIS2_PLACEMENT_3D ( 'NONE', #3207, #5095, #878 ) ;
#4626 = ADVANCED_FACE ( 'NONE', ( #5936 ), #5131, .F. ) ;
#4627 = CARTESIAN_POINT ( 'NONE',  ( -10.23180186323415697, 6.264999999999999680, -29.63202286765664084 ) ) ;
#4628 = DIRECTION ( 'NONE',  ( 0.000000000000000000, 0.000000000000000000, -1.000000000000000000 ) ) ;
#4629 = FACE_OUTER_BOUND ( 'NONE', #3597, .T. ) ;
#4630 = DIRECTION ( 'NONE',  ( 0.6427876096865400291, 0.000000000000000000, 0.7660444431189773473 ) ) ;
#4631 = ORIENTED_EDGE ( 'NONE', *, *, #2603, .T. ) ;
#4632 = ORIENTED_EDGE ( 'NONE', *, *, #5490, .T. ) ;
#4633 = ADVANCED_FACE ( 'NONE', ( #3178 ), #344, .T. ) ;
#4634 = DIRECTION ( 'NONE',  ( 0.08715574274746686056, 0.000000000000000000, -0.9961946980917621985 ) ) ;
#4635 = ORIENTED_EDGE ( 'NONE', *, *, #1819, .T. ) ;
#4636 = DIRECTION ( 'NONE',  ( 0.9063077870368406730, 0.000000000000000000, -0.4226182617402906572 ) ) ;
#4637 = CARTESIAN_POINT ( 'NONE',  ( -5.979726014076907958, 0.000000000000000000, -16.42916219820119750 ) ) ;
#4638 = DIRECTION ( 'NONE',  ( -0.9063077870364197874, -0.000000000000000000, 0.4226182617411931020 ) ) ;
#4639 = VERTEX_POINT ( 'NONE', #5997 ) ;
#4640 = EDGE_LOOP ( 'NONE', ( #2920, #698, #4835, #2322, #2853 ) ) ;
#4641 = LINE ( 'NONE', #4705, #4886 ) ;
#4642 = DIRECTION ( 'NONE',  ( 0.000000000000000000, 1.000000000000000000, -0.000000000000000000 ) ) ;
#4643 = ADVANCED_FACE ( 'NONE', ( #918 ), #5030, .T. ) ;
#4644 = CARTESIAN_POINT ( 'NONE',  ( -23.61495323805560531, 6.238325924936967581, 3.472316846750349129 ) ) ;
#4645 = ORIENTED_EDGE ( 'NONE', *, *, #4464, .T. ) ;
#4646 = ORIENTED_EDGE ( 'NONE', *, *, #1872, .T. ) ;
#4647 = DIRECTION ( 'NONE',  ( -0.000000000000000000, -1.000000000000000000, -0.000000000000000000 ) ) ;
#4648 = AXIS2_PLACEMENT_3D ( 'NONE', #3844, #2969, #4859 ) ;
#4649 = CARTESIAN_POINT ( 'NONE',  ( 11.62171659886999819, 6.063945815778226667, 11.14314814744101945 ) ) ;
#4650 = PLANE ( 'NONE',  #4062 ) ;
#4651 = FACE_OUTER_BOUND ( 'NONE', #2797, .T. ) ;
#4652 = EDGE_CURVE ( 'NONE', #2147, #2945, #5001, .T. ) ;
#4653 = CARTESIAN_POINT ( 'NONE',  ( 15.60607930272298027, 6.264999999999999680, 18.59860107532696105 ) ) ;
#4654 = VECTOR ( 'NONE', #1375, 1000.000000000000114 ) ;
#4655 = ORIENTED_EDGE ( 'NONE', *, *, #5003, .F. ) ;
#4656 = CARTESIAN_POINT ( 'NONE',  ( 15.46107583811673614, 6.063953584472932867, 4.493235816092100876 ) ) ;
#4657 = DIRECTION ( 'NONE',  ( -0.3420201433256673806, 0.000000000000000000, 0.9396926207859089830 ) ) ;
#4658 = ORIENTED_EDGE ( 'NONE', *, *, #3617, .F. ) ;
#4659 = CARTESIAN_POINT ( 'NONE',  ( -16.85536625282397338, 0.000000000000000000, 18.50060498289616362 ) ) ;
#4660 = DIRECTION ( 'NONE',  ( 0.000000000000000000, 1.000000000000000000, 0.000000000000000000 ) ) ;
#4661 = ADVANCED_FACE ( 'NONE', ( #2654 ), #419, .T. ) ;
#4662 = ORIENTED_EDGE ( 'NONE', *, *, #3822, .T. ) ;
#4663 = ORIENTED_EDGE ( 'NONE', *, *, #5093, .F. ) ;
#4664 = AXIS2_PLACEMENT_3D ( 'NONE', #459, #4698, #1 ) ;
#4665 = LINE ( 'NONE', #2377, #4558 ) ;
#4666 = ORIENTED_EDGE ( 'NONE', *, *, #5230, .T. ) ;
#4667 = CARTESIAN_POINT ( 'NONE',  ( -23.66839836024832522, 6.255276347067027842, 3.451119195360004444 ) ) ;
#4668 = EDGE_CURVE ( 'NONE', #4476, #3239, #4162, .T. ) ;
#4669 = VECTOR ( 'NONE', #2233, 999.9999999999998863 ) ;
#4670 = VECTOR ( 'NONE', #5467, 1000.000000000000000 ) ;
#4671 = CARTESIAN_POINT ( 'NONE',  ( 24.75317804435677616, 5.996288099984803388, 3.374989680261078817 ) ) ;
#4672 = VERTEX_POINT ( 'NONE', #2227 ) ;
#4673 = ORIENTED_EDGE ( 'NONE', *, *, #6072, .F. ) ;
#4674 = CARTESIAN_POINT ( 'NONE',  ( 5.979726014091932385, 6.264999999999999680, -16.42916219819833756 ) ) ;
#4675 = CARTESIAN_POINT ( 'NONE',  ( 15.29263558886092689, 6.264999999999999680, 19.81189170665698640 ) ) ;
#4676 = EDGE_CURVE ( 'NONE', #2722, #1239, #3688, .T. ) ;
#4677 = DIRECTION ( 'NONE',  ( 0.6427876096865237088, 0.000000000000000000, -0.7660444431189911141 ) ) ;
#4678 = ORIENTED_EDGE ( 'NONE', *, *, #3286, .T. ) ;
#4679 = EDGE_LOOP ( 'NONE', ( #2443, #3848, #1575, #853, #182, #3364 ) ) ;
#4680 = CLOSED_SHELL ( 'NONE', ( #3446, #47, #2489, #1127, #4141, #2574, #33, #1793, #3886, #923, #4539, #3342, #467, #5246, #876, #148, #234, #3451, #2169, #3898, #3430, #378, #2702, #5962, #2852, #5398, #5171, #274, #4369, #3794, #2323, #2735, #964, #1216, #2582, #5531, #2469, #4360, #1665, #2711, #219, #5161, #2434, #4078, #4661, #2551, #3918, #5452, #885, #5016, #994, #1742, #3027, #4042, #4407, #1396, #5067, #241, #226, #3279, #1234, #2730, #3810, #3681, #4061, #3459, #3260, #5272, #740, #4142, #4829, #5113, #839, #3926, #553, #3726, #3992, #1581, #69, #613, #4425, #3646, #3208, #794, #279, #373, #5637, #5312, #3108, #1624, #5424, #4315, #2558, #5473, #4484, #5484, #4253, #1544, #5895, #3077, #2099, #2173, #3032, #3673, #1067, #904, #3326, #4626, #2001, #5077, #4284, #1143, #5905, #2041, #805, #190, #127, #4902, #2541, #3602, #2635, #407, #1166, #4331, #1084, #3155, #4881, #5955, #3070, #831, #5050, #1931, #5340, #2761, #5814, #2394, #3410, #1936, #1588, #413, #118, #4398, #4633, #2964, #922, #1295, #2901, #5883, #958, #462, #1039, #4046, #1692, #1356, #4732, #5439, #2246, #3390, #4245, #1389, #5918, #1512, #5993, #3756, #4522, #1018, #5604, #3829, #1780, #2160, #4579, #4643, #4091, #3934, #5512, #5008, #1956, #5120, #4, #5281, #1059 ) ) ;
#4681 = PLANE ( 'NONE',  #2692 ) ;
#4682 = CARTESIAN_POINT ( 'NONE',  ( 24.19172554510161532, 6.235787267806388812, 4.964675980283207224 ) ) ;
#4683 = CARTESIAN_POINT ( 'NONE',  ( -15.29263558886043306, 5.764999999999999680, 19.81189170665737009 ) ) ;
#4684 = CYLINDRICAL_SURFACE ( 'NONE', #4687, 25.02749999999999631 ) ;
#4685 = B_SPLINE_CURVE_WITH_KNOTS ( 'NONE', 3,
 ( #2383, #3253, #4671, #2330, #63, #4302, #493, #4703 ),
 .UNSPECIFIED., .F., .F.,
 ( 4, 2, 2, 4 ),
 ( 0.000000000000000000, 0.0003529081950026598832, 0.0005293622925039894725, 0.0007058163900053191159 ),
 .UNSPECIFIED. ) ;
#4686 = DIRECTION ( 'NONE',  ( 0.000000000000000000, 1.000000000000000000, 0.000000000000000000 ) ) ;
#4687 = AXIS2_PLACEMENT_3D ( 'NONE', #910, #3701, #18 ) ;
#4688 = ORIENTED_EDGE ( 'NONE', *, *, #4055, .T. ) ;
#4689 = CARTESIAN_POINT ( 'NONE',  ( -11.60809380826081316, 5.764999999999999680, -28.91069513293903270 ) ) ;
#4690 = EDGE_CURVE ( 'NONE', #2823, #222, #5865, .T. ) ;
#4691 = DIRECTION ( 'NONE',  ( 0.000000000000000000, 0.000000000000000000, -1.000000000000000000 ) ) ;
#4692 = ORIENTED_EDGE ( 'NONE', *, *, #1922, .F. ) ;
#4693 = LINE ( 'NONE', #1865, #3185 ) ;
#4694 = CARTESIAN_POINT ( 'NONE',  ( 14.32920972712218166, 0.000000000000000000, 18.66372547473164900 ) ) ;
#4695 = VERTEX_POINT ( 'NONE', #3613 ) ;
#4696 = ORIENTED_EDGE ( 'NONE', *, *, #1012, .F. ) ;
#4697 = EDGE_CURVE ( 'NONE', #4310, #328, #5665, .T. ) ;
#4698 = DIRECTION ( 'NONE',  ( 0.000000000000000000, 1.000000000000000000, -0.000000000000000000 ) ) ;
#4699 = ORIENTED_EDGE ( 'NONE', *, *, #5196, .F. ) ;
#4700 = PLANE ( 'NONE',  #1242 ) ;
#4701 = B_SPLINE_CURVE_WITH_KNOTS ( 'NONE', 3,
 ( #1303, #3175, #2189, #4532, #4968, #235, #1709, #320 ),
 .UNSPECIFIED., .F., .F.,
 ( 4, 2, 2, 4 ),
 ( 0.0002326562781572459105, 0.0004093576251835974954, 0.0005860589722099490261, 0.0009394616662626521959 ),
 .UNSPECIFIED. ) ;
#4702 = EDGE_CURVE ( 'NONE', #4371, #1953, #3644, .T. ) ;
#4703 = CARTESIAN_POINT ( 'NONE',  ( 24.43080516915483003, 6.235787267805525502, 3.608788054962495995 ) ) ;
#4704 = EDGE_LOOP ( 'NONE', ( #1397, #3067, #2188, #1909, #4904, #1867, #3744, #930 ) ) ;
#4705 = CARTESIAN_POINT ( 'NONE',  ( 10.05434245573841068, 5.764999999999999680, 13.56913704619687699 ) ) ;
#4706 = DIRECTION ( 'NONE',  ( -0.000000000000000000, -1.000000000000000000, -0.000000000000000000 ) ) ;
#4707 = EDGE_CURVE ( 'NONE', #6098, #2062, #389, .T. ) ;
#4708 = ORIENTED_EDGE ( 'NONE', *, *, #3353, .T. ) ;
#4709 = ORIENTED_EDGE ( 'NONE', *, *, #5495, .F. ) ;
#4710 = LINE ( 'NONE', #5679, #4564 ) ;
#4711 = CARTESIAN_POINT ( 'NONE',  ( 24.22401729865524445, 6.221055507769508885, 5.012189476817639822 ) ) ;
#4712 = PRESENTATION_STYLE_ASSIGNMENT (( #5681 ) ) ;
#4713 = CARTESIAN_POINT ( 'NONE',  ( 21.71325459516050316, 5.764999999999999680, 1.899663625324518934 ) ) ;
#4714 = VECTOR ( 'NONE', #1689, 1000.000000000000000 ) ;
#4715 = DIRECTION ( 'NONE',  ( 0.000000000000000000, -1.000000000000000000, 0.000000000000000000 ) ) ;
#4716 = ORIENTED_EDGE ( 'NONE', *, *, #1258, .F. ) ;
#4717 = CARTESIAN_POINT ( 'NONE',  ( 23.61495323805596058, 6.238325924937074163, 3.472316846750043151 ) ) ;
#4718 = ORIENTED_EDGE ( 'NONE', *, *, #1107, .T. ) ;
#4719 = CYLINDRICAL_SURFACE ( 'NONE', #4860, 0.5000000000000000000 ) ;
#4720 = DIRECTION ( 'NONE',  ( -0.000000000000000000, -1.000000000000000000, -0.000000000000000000 ) ) ;
#4721 = EDGE_LOOP ( 'NONE', ( #906, #5180, #2371, #1684 ) ) ;
#4722 = ORIENTED_EDGE ( 'NONE', *, *, #2374, .T. ) ;
#4723 = CARTESIAN_POINT ( 'NONE',  ( -1.020000000000000018, 4.241147254709246361, 23.50788165701039034 ) ) ;
#4724 = ORIENTED_EDGE ( 'NONE', *, *, #2092, .T. ) ;
#4725 = CARTESIAN_POINT ( 'NONE',  ( -9.090100452100568162, 6.235787267806853329, -22.96209193887560573 ) ) ;
#4726 = EDGE_CURVE ( 'NONE', #6022, #4250, #1378, .T. ) ;
#4727 = CARTESIAN_POINT ( 'NONE',  ( 4.807073215165557301, 0.000000000000000000, -16.18960560050119213 ) ) ;
#4728 = CYLINDRICAL_SURFACE ( 'NONE', #5051, 23.52999999999999758 ) ;
#4729 = ORIENTED_EDGE ( 'NONE', *, *, #3523, .T. ) ;
#4730 = CARTESIAN_POINT ( 'NONE',  ( -16.37562690112477171, 6.264999999999999680, 3.712898255689087268 ) ) ;
#4731 = CARTESIAN_POINT ( 'NONE',  ( -19.23334952206178272, 5.764999999999999680, 24.50825169393615610 ) ) ;
#4732 = ADVANCED_FACE ( 'NONE', ( #4629 ), #1799, .T. ) ;
#4733 = VERTEX_POINT ( 'NONE', #1254 ) ;
#4734 = ORIENTED_EDGE ( 'NONE', *, *, #2278, .F. ) ;
#4735 = ORIENTED_EDGE ( 'NONE', *, *, #4702, .T. ) ;
#4736 = EDGE_LOOP ( 'NONE', ( #4231, #3638, #2517, #4807, #631 ) ) ;
#4737 = CARTESIAN_POINT ( 'NONE',  ( 9.000391762837637089, 6.264999999999999680, -23.20799484655838185 ) ) ;
#4738 = DIRECTION ( 'NONE',  ( 0.5735764363506832275, 0.000000000000000000, -0.8191520442892458176 ) ) ;
#4739 = CARTESIAN_POINT ( 'NONE',  ( -19.23334952206178272, 3.265000000000000124, 24.50825169393615610 ) ) ;
#4740 = DIRECTION ( 'NONE',  ( -0.8191520442885953379, 0.000000000000000000, -0.5735764363516125952 ) ) ;
#4741 = EDGE_CURVE ( 'NONE', #892, #2389, #4511, .T. ) ;
#4742 = EDGE_CURVE ( 'NONE', #1239, #2209, #1382, .T. ) ;
#4743 = PLANE ( 'NONE',  #2411 ) ;
#4744 = ORIENTED_EDGE ( 'NONE', *, *, #4084, .T. ) ;
#4745 = CIRCLE ( 'NONE', #1802, 23.52999999999999758 ) ;
#4746 = CARTESIAN_POINT ( 'NONE',  ( -20.79608018602539588, 3.265000000000000124, 23.19696497017492476 ) ) ;
#4747 = EDGE_LOOP ( 'NONE', ( #2749, #1132, #1078, #5950, #2231, #4337, #2037, #3596, #3015, #5238 ) ) ;
#4748 = DIRECTION ( 'NONE',  ( 0.000000000000000000, 1.000000000000000000, 0.000000000000000000 ) ) ;
#4749 = DIRECTION ( 'NONE',  ( 0.000000000000000000, 0.000000000000000000, 1.000000000000000000 ) ) ;
#4750 = TOROIDAL_SURFACE ( 'NONE', #1417, 24.02999999999999758, 0.5000000000000000000 ) ;
#4751 = DIRECTION ( 'NONE',  ( 0.3420201433256418455, 0.000000000000000000, -0.9396926207859183089 ) ) ;
#4752 = ORIENTED_EDGE ( 'NONE', *, *, #2892, .T. ) ;
#4753 = EDGE_LOOP ( 'NONE', ( #2988, #5783, #5700, #2959, #3826, #574 ) ) ;
#4754 = AXIS2_PLACEMENT_3D ( 'NONE', #5231, #5138, #2822 ) ;
#4755 = ORIENTED_EDGE ( 'NONE', *, *, #498, .F. ) ;
#4756 = CARTESIAN_POINT ( 'NONE',  ( 0.000000000000000000, 3.265000000000000124, 0.000000000000000000 ) ) ;
#4757 = B_SPLINE_CURVE_WITH_KNOTS ( 'NONE', 3,
 ( #5726, #5259, #1869, #2751 ),
 .UNSPECIFIED., .F., .F.,
 ( 4, 4 ),
 ( 0.0004331434541830397932, 0.0006219894502956524202 ),
 .UNSPECIFIED. ) ;
#4758 = AXIS2_PLACEMENT_3D ( 'NONE', #5448, #6027, #5066 ) ;
#4759 = AXIS2_PLACEMENT_3D ( 'NONE', #1842, #5601, #1447 ) ;
#4760 = DIRECTION ( 'NONE',  ( 0.000000000000000000, 0.000000000000000000, 1.000000000000000000 ) ) ;
#4761 = ORIENTED_EDGE ( 'NONE', *, *, #3321, .T. ) ;
#4762 = EDGE_CURVE ( 'NONE', #3779, #4283, #3544, .T. ) ;
#4763 = AXIS2_PLACEMENT_3D ( 'NONE', #3709, #792, #1308 ) ;
#4764 = FACE_OUTER_BOUND ( 'NONE', #2725, .T. ) ;
#4765 = AXIS2_PLACEMENT_3D ( 'NONE', #5308, #1090, #5738 ) ;
#4766 = FACE_OUTER_BOUND ( 'NONE', #2887, .T. ) ;
#4767 = ORIENTED_EDGE ( 'NONE', *, *, #6037, .F. ) ;
#4768 = AXIS2_PLACEMENT_3D ( 'NONE', #1957, #4751, #4228 ) ;
#4769 =( BOUNDED_CURVE ( )  B_SPLINE_CURVE ( 3, ( #3425, #1191, #5379, #5316 ),
 .UNSPECIFIED., .F., .T. ) 
 B_SPLINE_CURVE_WITH_KNOTS ( ( 4, 4 ),
 ( 3.141592653589793116, 4.712388980384687898 ),
 .UNSPECIFIED. ) 
 CURVE ( )  GEOMETRIC_REPRESENTATION_ITEM ( )  RATIONAL_B_SPLINE_CURVE ( ( 1.000000000000000000, 0.8047378541243654926, 0.8047378541243654926, 1.000000000000000000 ) ) 
 REPRESENTATION_ITEM ( '' )  );
#4770 = ORIENTED_EDGE ( 'NONE', *, *, #5849, .F. ) ;
#4771 = ORIENTED_EDGE ( 'NONE', *, *, #2255, .T. ) ;
#4772 = EDGE_CURVE ( 'NONE', #4126, #2972, #6001, .T. ) ;
#4773 = ORIENTED_EDGE ( 'NONE', *, *, #3280, .F. ) ;
#4774 = CARTESIAN_POINT ( 'NONE',  ( 31.22244734251488651, 6.044248922266394430, 7.323511227749279762 ) ) ;
#4775 = CARTESIAN_POINT ( 'NONE',  ( 11.72428514981459635, 5.851846802861087049, 11.03241121076136544 ) ) ;
#4776 = CARTESIAN_POINT ( 'NONE',  ( -15.33490054855247919, 6.221055507768823212, 19.41045807298600323 ) ) ;
#4777 = DIRECTION ( 'NONE',  ( 0.000000000000000000, 1.000000000000000000, 0.000000000000000000 ) ) ;
#4778 = VECTOR ( 'NONE', #3919, 1000.000000000000000 ) ;
#4779 = LINE ( 'NONE', #5373, #5624 ) ;
#4780 = VERTEX_POINT ( 'NONE', #2723 ) ;
#4781 = EDGE_CURVE ( 'NONE', #1511, #2321, #1805, .T. ) ;
#4782 = CARTESIAN_POINT ( 'NONE',  ( 12.70307063338066378, 5.915251510363474630, -29.44092135480704542 ) ) ;
#4783 = VERTEX_POINT ( 'NONE', #824 ) ;
#4784 = CARTESIAN_POINT ( 'NONE',  ( -19.12613749183868350, 5.764999999999999680, 25.73369080688125976 ) ) ;
#4785 = CARTESIAN_POINT ( 'NONE',  ( 10.05434245573841068, 6.264999999999999680, 13.56913704619687699 ) ) ;
#4786 = AXIS2_PLACEMENT_3D ( 'NONE', #3606, #1703, #5056 ) ;
#4787 = DIRECTION ( 'NONE',  ( 0.08715574274745541139, -0.000000000000000000, -0.9961946980917633088 ) ) ;
#4788 = B_SPLINE_CURVE_WITH_KNOTS ( 'NONE', 3,
 ( #2332, #6076, #433, #5177, #3781, #3724, #3751, #5609 ),
 .UNSPECIFIED., .F., .F.,
 ( 4, 2, 2, 4 ),
 ( 0.0002326562781563408728, 0.0004093576251829202485, 0.0005860589722094995159, 0.0009394616662626582675 ),
 .UNSPECIFIED. ) ;
#4789 = ORIENTED_EDGE ( 'NONE', *, *, #1847, .T. ) ;
#4790 = VERTEX_POINT ( 'NONE', #1257 ) ;
#4791 = CARTESIAN_POINT ( 'NONE',  ( 24.44967702698105683, 0.000000000000000000, 5.346872873588295327 ) ) ;
#4792 = EDGE_CURVE ( 'NONE', #1599, #5736, #1338, .T. ) ;
#4793 = VECTOR ( 'NONE', #312, 1000.000000000000000 ) ;
#4794 = CARTESIAN_POINT ( 'NONE',  ( 0.000000000000000000, 6.264999999999999680, 0.000000000000000000 ) ) ;
#4795 = EDGE_CURVE ( 'NONE', #961, #684, #3715, .T. ) ;
#4796 = VERTEX_POINT ( 'NONE', #3151 ) ;
#4797 = CARTESIAN_POINT ( 'NONE',  ( -16.42414633486748698, 0.000000000000000000, 3.931755278065442560 ) ) ;
#4798 = LINE ( 'NONE', #2910, #3746 ) ;
#4799 = CARTESIAN_POINT ( 'NONE',  ( 0.000000000000000000, 0.000000000000000000, 0.000000000000000000 ) ) ;
#4800 = CARTESIAN_POINT ( 'NONE',  ( 7.863995953074280010, 6.251739144610556131, -23.48851738292142244 ) ) ;
#4801 = B_SPLINE_CURVE_WITH_KNOTS ( 'NONE', 3,
 ( #420, #6095, #5690, #51 ),
 .UNSPECIFIED., .F., .F.,
 ( 4, 4 ),
 ( 0.0004616423012649523388, 0.0006392070580658025265 ),
 .UNSPECIFIED. ) ;
#4802 = DIRECTION ( 'NONE',  ( -0.9961946980917977257, 0.000000000000000000, -0.08715574274706106017 ) ) ;
#4803 = CARTESIAN_POINT ( 'NONE',  ( 15.91241274480657175, 6.255184511341138176, 17.85736574113075648 ) ) ;
#4804 = EDGE_CURVE ( 'NONE', #5519, #1535, #4605, .T. ) ;
#4805 = ORIENTED_EDGE ( 'NONE', *, *, #5523, .F. ) ;
#4806 = CARTESIAN_POINT ( 'NONE',  ( -8.887658524020430661, 6.265000000000000568, -22.26435328922714518 ) ) ;
#4807 = ORIENTED_EDGE ( 'NONE', *, *, #492, .T. ) ;
#4808 = ORIENTED_EDGE ( 'NONE', *, *, #2916, .F. ) ;
#4809 = CARTESIAN_POINT ( 'NONE',  ( -8.663563913386738591, 6.264999999999999680, -22.09504205704433843 ) ) ;
#4810 = LINE ( 'NONE', #1604, #464 ) ;
#4811 = DIRECTION ( 'NONE',  ( -0.000000000000000000, -1.000000000000000000, -0.000000000000000000 ) ) ;
#4812 = EDGE_CURVE ( 'NONE', #54, #1898, #5600, .T. ) ;
#4813 = CARTESIAN_POINT ( 'NONE',  ( -14.85913885744720098, 6.264999999999999680, 18.88509709837633821 ) ) ;
#4814 = LINE ( 'NONE', #3477, #5958 ) ;
#4815 = AXIS2_PLACEMENT_3D ( 'NONE', #4344, #3361, #2894 ) ;
#4816 = ORIENTED_EDGE ( 'NONE', *, *, #3735, .F. ) ;
#4817 = LINE ( 'NONE', #1409, #3679 ) ;
#4818 = LINE ( 'NONE', #4382, #3314 ) ;
#4819 = EDGE_CURVE ( 'NONE', #5564, #3269, #1350, .T. ) ;
#4820 = CARTESIAN_POINT ( 'NONE',  ( -7.243917375737628284, 5.764999999999999680, -14.37701709155922813 ) ) ;
#4821 = ORIENTED_EDGE ( 'NONE', *, *, #4322, .T. ) ;
#4822 = VECTOR ( 'NONE', #1173, 1000.000000000000114 ) ;
#4823 = ORIENTED_EDGE ( 'NONE', *, *, #2477, .F. ) ;
#4824 = CARTESIAN_POINT ( 'NONE',  ( 14.85913885745105389, 6.264999999999999680, 18.88509709837331130 ) ) ;
#4825 = FACE_OUTER_BOUND ( 'NONE', #2608, .T. ) ;
#4826 = ORIENTED_EDGE ( 'NONE', *, *, #3063, .F. ) ;
#4827 = CARTESIAN_POINT ( 'NONE',  ( 9.691120861856093782, 6.264999999999999680, -29.60841622532396400 ) ) ;
#4828 = EDGE_CURVE ( 'NONE', #3310, #262, #2168, .T. ) ;
#4829 = ADVANCED_FACE ( 'NONE', ( #4105 ), #3220, .F. ) ;
#4830 = FACE_OUTER_BOUND ( 'NONE', #5769, .T. ) ;
#4831 = CARTESIAN_POINT ( 'NONE',  ( 24.80391930942181489, 6.264999999999999680, 3.337865057441843586 ) ) ;
#4832 = DIRECTION ( 'NONE',  ( -0.000000000000000000, -1.000000000000000000, 0.000000000000000000 ) ) ;
#4833 = ORIENTED_EDGE ( 'NONE', *, *, #4707, .T. ) ;
#4834 = LINE ( 'NONE', #2973, #2006 ) ;
#4835 = ORIENTED_EDGE ( 'NONE', *, *, #5644, .F. ) ;
#4836 = ORIENTED_EDGE ( 'NONE', *, *, #1288, .F. ) ;
#4837 = CARTESIAN_POINT ( 'NONE',  ( 0.4886401628093666183, 6.264999999999999680, -0.1778504745295997891 ) ) ;
#4838 = CARTESIAN_POINT ( 'NONE',  ( 19.23334952206225523, 5.764999999999999680, 24.50825169393582570 ) ) ;
#4839 = CARTESIAN_POINT ( 'NONE',  ( 7.520258147075114863, 6.238325924940718359, -22.65322754313870846 ) ) ;
#4840 = CARTESIAN_POINT ( 'NONE',  ( 23.46945635335689673, 6.264999999999999680, 4.886483353202085489 ) ) ;
#4841 = CARTESIAN_POINT ( 'NONE',  ( -24.27583800419699855, 6.264999999999999680, 3.504560663476138149 ) ) ;
#4842 = ORIENTED_EDGE ( 'NONE', *, *, #1757, .T. ) ;
#4843 = CARTESIAN_POINT ( 'NONE',  ( 9.171249647149318562, 5.764999999999999680, -30.72328364303766790 ) ) ;
#4844 = EDGE_CURVE ( 'NONE', #1570, #3315, #5534, .T. ) ;
#4845 = CARTESIAN_POINT ( 'NONE',  ( -6.835299471538871074, 6.219357122083183143, -14.58146280146476492 ) ) ;
#4846 = EDGE_LOOP ( 'NONE', ( #4292, #4475, #3873, #3979 ) ) ;
#4847 = VECTOR ( 'NONE', #4417, 1000.000000000000114 ) ;
#4848 = VERTEX_POINT ( 'NONE', #5565 ) ;
#4849 = DIRECTION ( 'NONE',  ( -0.000000000000000000, -1.000000000000000000, -0.000000000000000000 ) ) ;
#4850 = CARTESIAN_POINT ( 'NONE',  ( -9.691120861856122204, 0.000000000000000000, -29.60841622532391781 ) ) ;
#4851 = ORIENTED_EDGE ( 'NONE', *, *, #599, .T. ) ;
#4852 = CARTESIAN_POINT ( 'NONE',  ( -30.84144333032262608, 3.265000000000000124, 4.402443439002778014 ) ) ;
#4853 = EDGE_CURVE ( 'NONE', #741, #5505, #3183, .T. ) ;
#4854 = TOROIDAL_SURFACE ( 'NONE', #1808, 24.02999999999999758, 0.5000000000000000000 ) ;
#4855 = CARTESIAN_POINT ( 'NONE',  ( -24.43080516915159706, 6.235787267806490064, 3.608788054965337277 ) ) ;
#4856 = VECTOR ( 'NONE', #5394, 1000.000000000000000 ) ;
#4857 = CYLINDRICAL_SURFACE ( 'NONE', #3773, 23.53000000000000114 ) ;
#4858 = EDGE_CURVE ( 'NONE', #4672, #673, #393, .T. ) ;
#4859 = DIRECTION ( 'NONE',  ( 0.000000000000000000, 0.000000000000000000, 1.000000000000000000 ) ) ;
#4860 = AXIS2_PLACEMENT_3D ( 'NONE', #5252, #2318, #5720 ) ;
#4861 = LINE ( 'NONE', #280, #3831 ) ;
#4862 = ORIENTED_EDGE ( 'NONE', *, *, #3735, .T. ) ;
#4863 = FACE_BOUND ( 'NONE', #4181, .T. ) ;
#4864 = AXIS2_PLACEMENT_3D ( 'NONE', #2340, #3300, #5185 ) ;
#4865 = EDGE_LOOP ( 'NONE', ( #5706, #2589, #4922, #2236, #3182, #5926 ) ) ;
#4866 = ORIENTED_EDGE ( 'NONE', *, *, #1989, .T. ) ;
#4867 = EDGE_CURVE ( 'NONE', #5613, #4984, #193, .T. ) ;
#4868 = CARTESIAN_POINT ( 'NONE',  ( 24.80391930942181489, 0.000000000000000000, 3.337865057441843586 ) ) ;
#4869 = FACE_OUTER_BOUND ( 'NONE', #2356, .T. ) ;
#4870 = DIRECTION ( 'NONE',  ( 0.5735764363512210195, 0.000000000000000000, 0.8191520442888694520 ) ) ;
#4871 = CARTESIAN_POINT ( 'NONE',  ( 15.59851722659858630, 6.264999999999999680, 19.39856533390923232 ) ) ;
#4872 = VECTOR ( 'NONE', #3306, 1000.000000000000000 ) ;
#4873 = CARTESIAN_POINT ( 'NONE',  ( 19.12613749183849166, 5.841037802762284237, 25.73369080688132016 ) ) ;
#4874 = ORIENTED_EDGE ( 'NONE', *, *, #342, .T. ) ;
#4875 = B_SPLINE_CURVE_WITH_KNOTS ( 'NONE', 3,
 ( #5195, #1497, #1410, #2900 ),
 .UNSPECIFIED., .F., .F.,
 ( 4, 4 ),
 ( 0.0002259430207382577516, 0.0004897447509142527269 ),
 .UNSPECIFIED. ) ;
#4876 = APPLICATION_CONTEXT ( 'automotive_design' ) ;
#4877 = DIRECTION ( 'NONE',  ( 0.4226182617401657016, 0.000000000000000000, -0.9063077870368988487 ) ) ;
#4878 = PLANE ( 'NONE',  #4974 ) ;
#4879 = VERTEX_POINT ( 'NONE', #3346 ) ;
#4880 = VERTEX_POINT ( 'NONE', #1873 ) ;
#4881 = ADVANCED_FACE ( 'NONE', ( #5631 ), #2866, .T. ) ;
#4882 = DIRECTION ( 'NONE',  ( 1.776356839400250465E-15, 0.000000000000000000, -1.000000000000000000 ) ) ;
#4883 = CARTESIAN_POINT ( 'NONE',  ( 11.40327766165615841, 6.265000000000001457, 12.32525977142529250 ) ) ;
#4884 = ORIENTED_EDGE ( 'NONE', *, *, #5143, .F. ) ;
#4885 = DIRECTION ( 'NONE',  ( 0.000000000000000000, -0.000000000000000000, -1.000000000000000000 ) ) ;
#4886 = VECTOR ( 'NONE', #5640, 1000.000000000000114 ) ;
#4887 = DIRECTION ( 'NONE',  ( 0.000000000000000000, 0.000000000000000000, 1.000000000000000000 ) ) ;
#4888 = EDGE_CURVE ( 'NONE', #2128, #2416, #545, .T. ) ;
#4889 = CIRCLE ( 'NONE', #4296, 0.8000000000026805669 ) ;
#4890 = DIRECTION ( 'NONE',  ( -0.000000000000000000, -1.000000000000000000, -0.000000000000000000 ) ) ;
#4891 = CARTESIAN_POINT ( 'NONE',  ( 3.909195156316353614, 6.114145032862467133, -15.61988703267505407 ) ) ;
#4892 = FACE_OUTER_BOUND ( 'NONE', #3357, .T. ) ;
#4893 = ORIENTED_EDGE ( 'NONE', *, *, #976, .T. ) ;
#4894 = EDGE_CURVE ( 'NONE', #3428, #5307, #2117, .T. ) ;
#4895 = LINE ( 'NONE', #4026, #144 ) ;
#4896 = VERTEX_POINT ( 'NONE', #2902 ) ;
#4897 = ORIENTED_EDGE ( 'NONE', *, *, #3636, .T. ) ;
#4898 = CARTESIAN_POINT ( 'NONE',  ( -21.78835228229031529, 6.226413309392039075, 23.55278414163769085 ) ) ;
#4899 = CARTESIAN_POINT ( 'NONE',  ( 19.74949741645048462, 6.264999999999999680, 24.34551088795273444 ) ) ;
#4900 = DIRECTION ( 'NONE',  ( 0.000000000000000000, 1.000000000000000000, 0.000000000000000000 ) ) ;
#4902 = ADVANCED_FACE ( 'NONE', ( #422 ), #2025, .T. ) ;
#4901 = DIRECTION ( 'NONE',  ( -0.9063077870365631172, -0.000000000000000000, 0.4226182617408856812 ) ) ;
#4903 = LINE ( 'NONE', #5376, #3384 ) ;
#4904 = ORIENTED_EDGE ( 'NONE', *, *, #2440, .F. ) ;
#4905 = LINE ( 'NONE', #3016, #4290 ) ;
#4906 = CARTESIAN_POINT ( 'NONE',  ( 8.528809216421738171, 6.264999999999999680, -21.91233244887177989 ) ) ;
#4907 = ORIENTED_EDGE ( 'NONE', *, *, #2693, .T. ) ;
#4908 = ORIENTED_EDGE ( 'NONE', *, *, #79, .F. ) ;
#4909 = DIRECTION ( 'NONE',  ( 0.000000000000000000, 0.000000000000000000, 1.000000000000000000 ) ) ;
#4910 = CARTESIAN_POINT ( 'NONE',  ( 22.16644285628295208, 3.265000000000000124, -11.62000720090750150 ) ) ;
#4911 = ORIENTED_EDGE ( 'NONE', *, *, #5359, .F. ) ;
#4912 = CARTESIAN_POINT ( 'NONE',  ( -9.321851522238072008, 6.098599059609041362, -30.68895840426471011 ) ) ;
#4913 = DIRECTION ( 'NONE',  ( -0.9396926207859088720, 0.000000000000000000, 0.3420201433256677137 ) ) ;
#4914 = DIRECTION ( 'NONE',  ( 0.000000000000000000, 1.000000000000000000, -0.000000000000000000 ) ) ;
#4915 = DIRECTION ( 'NONE',  ( 0.000000000000000000, 0.000000000000000000, 1.000000000000000000 ) ) ;
#4916 = CARTESIAN_POINT ( 'NONE',  ( 3.839391074383078806, 6.063945815778176929, -15.63627588392514944 ) ) ;
#4917 = EDGE_CURVE ( 'NONE', #4520, #5688, #3843, .T. ) ;
#4918 = PLANE ( 'NONE',  #1964 ) ;
#4919 = VERTEX_POINT ( 'NONE', #5782 ) ;
#4920 = PLANE ( 'NONE',  #2381 ) ;
#4921 = VERTEX_POINT ( 'NONE', #5318 ) ;
#4922 = ORIENTED_EDGE ( 'NONE', *, *, #481, .F. ) ;
#4923 = LINE ( 'NONE', #1183, #4267 ) ;
#4924 = LINE ( 'NONE', #5800, #176 ) ;
#4925 = DIRECTION ( 'NONE',  ( 0.000000000000000000, 0.000000000000000000, 1.000000000000000000 ) ) ;
#4926 = EDGE_CURVE ( 'NONE', #692, #2, #606, .T. ) ;
#4927 = DIRECTION ( 'NONE',  ( -0.000000000000000000, -1.000000000000000000, 0.000000000000000000 ) ) ;
#4928 = CARTESIAN_POINT ( 'NONE',  ( 30.48720104788194618, 0.000000000000000000, 6.411451255148618245 ) ) ;
#4929 = ORIENTED_EDGE ( 'NONE', *, *, #4164, .F. ) ;
#4930 = CARTESIAN_POINT ( 'NONE',  ( 30.88996276406352237, 6.264999999999999680, 4.621300461378148761 ) ) ;
#4931 = EDGE_CURVE ( 'NONE', #563, #3648, #1100, .T. ) ;
#4932 = DIRECTION ( 'NONE',  ( 0.08715574274745542527, 0.000000000000000000, -0.9961946980917633088 ) ) ;
#4933 = ORIENTED_EDGE ( 'NONE', *, *, #492, .F. ) ;
#4934 = ORIENTED_EDGE ( 'NONE', *, *, #3912, .T. ) ;
#4935 = LINE ( 'NONE', #2161, #2875 ) ;
#4936 = LINE ( 'NONE', #5500, #4957 ) ;
#4937 = ORIENTED_EDGE ( 'NONE', *, *, #2451, .F. ) ;
#4938 = CARTESIAN_POINT ( 'NONE',  ( 0.000000000000000000, 6.264999999999999680, 0.000000000000000000 ) ) ;
#4939 = CARTESIAN_POINT ( 'NONE',  ( 10.05434245573841068, 5.764999999999999680, 13.56913704619687699 ) ) ;
#4940 = EDGE_CURVE ( 'NONE', #2060, #2563, #180, .T. ) ;
#4941 = DIRECTION ( 'NONE',  ( -0.000000000000000000, -1.000000000000000000, 0.000000000000000000 ) ) ;
#4942 = CARTESIAN_POINT ( 'NONE',  ( 7.594310774156530108, 6.264999999999999680, -23.84747785648474050 ) ) ;
#4943 = AXIS2_PLACEMENT_3D ( 'NONE', #2049, #2021, #2444 ) ;
#4944 = CARTESIAN_POINT ( 'NONE',  ( 15.60607930272298027, 0.000000000000000000, 17.79860107532421054 ) ) ;
#4945 = VECTOR ( 'NONE', #3005, 1000.000000000000000 ) ;
#4946 = CARTESIAN_POINT ( 'NONE',  ( 8.800362019751242215, 6.238325924937517364, -22.18730783671544771 ) ) ;
#4947 = ORIENTED_EDGE ( 'NONE', *, *, #2148, .F. ) ;
#4948 = PRODUCT_RELATED_PRODUCT_CATEGORY ( 'part', '', ( #2869 ) ) ;
#4949 = EDGE_CURVE ( 'NONE', #4027, #2664, #316, .T. ) ;
#4950 = FACE_BOUND ( 'NONE', #1455, .T. ) ;
#4951 = ORIENTED_EDGE ( 'NONE', *, *, #1704, .F. ) ;
#4952 = VERTEX_POINT ( 'NONE', #3426 ) ;
#4953 = CARTESIAN_POINT ( 'NONE',  ( 21.14644285628196485, 3.265000000000000124, -13.38669902462893191 ) ) ;
#4954 = DIRECTION ( 'NONE',  ( 0.000000000000000000, 1.000000000000000000, 0.000000000000000000 ) ) ;
#4955 = PLANE ( 'NONE',  #3045 ) ;
#4956 = AXIS2_PLACEMENT_3D ( 'NONE', #4131, #1771, #3179 ) ;
#4957 = VECTOR ( 'NONE', #2191, 1000.000000000000114 ) ;
#4958 = EDGE_CURVE ( 'NONE', #5106, #5367, #2499, .T. ) ;
#4959 = PLANE ( 'NONE',  #1140 ) ;
#4960 = ORIENTED_EDGE ( 'NONE', *, *, #1251, .T. ) ;
#4961 = LINE ( 'NONE', #4094, #6078 ) ;
#4962 = VECTOR ( 'NONE', #6084, 1000.000000000000227 ) ;
#4963 = CYLINDRICAL_SURFACE ( 'NONE', #164, 25.02749999999999275 ) ;
#4964 = ORIENTED_EDGE ( 'NONE', *, *, #258, .T. ) ;
#4965 = ORIENTED_EDGE ( 'NONE', *, *, #5212, .T. ) ;
#4966 = EDGE_CURVE ( 'NONE', #403, #4848, #4384, .T. ) ;
#4967 = AXIS2_PLACEMENT_3D ( 'NONE', #3345, #612, #4885 ) ;
#4968 = CARTESIAN_POINT ( 'NONE',  ( -24.64765971487545571, 6.114944888432710002, 3.451790278028224801 ) ) ;
#4969 =( BOUNDED_CURVE ( )  B_SPLINE_CURVE ( 3, ( #3117, #3982, #5413, #3055 ),
 .UNSPECIFIED., .F., .T. ) 
 B_SPLINE_CURVE_WITH_KNOTS ( ( 4, 4 ),
 ( 1.570796326794900111, 3.141592653589793116 ),
 .UNSPECIFIED. ) 
 CURVE ( )  GEOMETRIC_REPRESENTATION_ITEM ( )  RATIONAL_B_SPLINE_CURVE ( ( 1.000000000000000000, 0.8047378541243658256, 0.8047378541243658256, 1.000000000000000000 ) ) 
 REPRESENTATION_ITEM ( '' )  );
#4970 = CARTESIAN_POINT ( 'NONE',  ( 7.747258336692260272, 6.200926026334516727, -23.53433592234630467 ) ) ;
#4971 = ORIENTED_EDGE ( 'NONE', *, *, #1950, .T. ) ;
#4972 = CARTESIAN_POINT ( 'NONE',  ( -10.05434245573797369, 5.764999999999999680, 13.56913704619718430 ) ) ;
#4973 = CARTESIAN_POINT ( 'NONE',  ( 9.511283720560109955, 5.764999999999999680, -23.14975676410030658 ) ) ;
#4974 = AXIS2_PLACEMENT_3D ( 'NONE', #668, #2531, #352 ) ;
#4975 = DIRECTION ( 'NONE',  ( 0.000000000000000000, 0.000000000000000000, 1.000000000000000000 ) ) ;
#4976 = EDGE_CURVE ( 'NONE', #3952, #1214, #1273, .T. ) ;
#4977 = AXIS2_PLACEMENT_3D ( 'NONE', #2007, #1240, #2272 ) ;
#4978 = PLANE ( 'NONE',  #1032 ) ;
#4979 = B_SPLINE_CURVE_WITH_KNOTS ( 'NONE', 3,
 ( #5267, #2912, #4800, #2453 ),
 .UNSPECIFIED., .F., .F.,
 ( 4, 4 ),
 ( 4.982613841084487634E-18, 0.0002633906062238429999 ),
 .UNSPECIFIED. ) ;
#4980 = CARTESIAN_POINT ( 'NONE',  ( 3.730293732257587092, 5.934027361111965604, -15.66131143364790645 ) ) ;
#4981 = VECTOR ( 'NONE', #5115, 1000.000000000000000 ) ;
#4982 = DIRECTION ( 'NONE',  ( 0.000000000000000000, -1.000000000000000000, 0.000000000000000000 ) ) ;
#4983 = CARTESIAN_POINT ( 'NONE',  ( -1.019999999997242446, 3.265000000000000124, 25.00670622553088762 ) ) ;
#4984 = VERTEX_POINT ( 'NONE', #3483 ) ;
#4985 = ORIENTED_EDGE ( 'NONE', *, *, #4543, .T. ) ;
#4986 = AXIS2_PLACEMENT_3D ( 'NONE', #1000, #78, #4740 ) ;
#4987 = LINE ( 'NONE', #1821, #2418 ) ;
#4988 = CARTESIAN_POINT ( 'NONE',  ( -23.32786525393755994, 5.764999999999999680, 3.077596902476485319 ) ) ;
#4989 = EDGE_CURVE ( 'NONE', #2546, #1680, #3492, .T. ) ;
#4990 = DIRECTION ( 'NONE',  ( -0.000000000000000000, -1.000000000000000000, -0.000000000000000000 ) ) ;
#4991 = CARTESIAN_POINT ( 'NONE',  ( -24.25496193829556191, 6.200926026333879015, 5.057845431918097212 ) ) ;
#4992 = DIRECTION ( 'NONE',  ( -0.9396926207859087610, 0.000000000000000000, 0.3420201433256677137 ) ) ;
#4993 = DIRECTION ( 'NONE',  ( -0.9848077530122211209, 0.000000000000000000, -0.1736481776668561960 ) ) ;
#4994 = EDGE_CURVE ( 'NONE', #5181, #379, #1163, .T. ) ;
#4995 = DIRECTION ( 'NONE',  ( -0.9961946980917633088, 0.000000000000000000, -0.08715574274745573058 ) ) ;
#4996 = ORIENTED_EDGE ( 'NONE', *, *, #5355, .F. ) ;
#4997 = CARTESIAN_POINT ( 'NONE',  ( -19.23334952206178272, 0.000000000000000000, 24.50825169393615610 ) ) ;
#4998 = DIRECTION ( 'NONE',  ( 0.3420201433256684909, -0.000000000000000000, -0.9396926207859085389 ) ) ;
#4999 = CARTESIAN_POINT ( 'NONE',  ( 22.00638717967685665, 5.915060844301233800, 23.32069090788639798 ) ) ;
#5000 = ORIENTED_EDGE ( 'NONE', *, *, #5086, .T. ) ;
#5001 = LINE ( 'NONE', #883, #2893 ) ;
#5002 = DIRECTION ( 'NONE',  ( 0.7256903291925784760, 0.5457393103138313828, 0.4189775069076508984 ) ) ;
#5003 = EDGE_CURVE ( 'NONE', #900, #5935, #5169, .T. ) ;
#5004 = ORIENTED_EDGE ( 'NONE', *, *, #4501, .T. ) ;
#5005 = DIRECTION ( 'NONE',  ( 0.3420201433256673806, 0.000000000000000000, -0.9396926207859089830 ) ) ;
#5006 = DIRECTION ( 'NONE',  ( 0.000000000000000000, 0.000000000000000000, 1.000000000000000000 ) ) ;
#5007 = DIRECTION ( 'NONE',  ( -0.1736481776669060728, 0.000000000000000000, 0.9848077530122123502 ) ) ;
#5008 = ADVANCED_FACE ( 'NONE', ( #3978 ), #1192, .F. ) ;
#5009 = B_SPLINE_CURVE_WITH_KNOTS ( 'NONE', 3,
 ( #3133, #5432, #1241, #3627 ),
 .UNSPECIFIED., .F., .F.,
 ( 4, 4 ),
 ( 0.0002259430207391683188, 0.0004897447509164946401 ),
 .UNSPECIFIED. ) ;
#5010 = CARTESIAN_POINT ( 'NONE',  ( 15.29263558886092866, 0.000000000000000000, 19.81189170665698640 ) ) ;
#5011 = CARTESIAN_POINT ( 'NONE',  ( 0.000000000000000000, 6.264999999999999680, 0.000000000000000000 ) ) ;
#5012 = VERTEX_POINT ( 'NONE', #1984 ) ;
#5013 = ORIENTED_EDGE ( 'NONE', *, *, #3375, .F. ) ;
#5014 = CARTESIAN_POINT ( 'NONE',  ( -11.20908218885295149, 6.264999999999999680, -29.27632191859746769 ) ) ;
#5015 = CARTESIAN_POINT ( 'NONE',  ( -8.303821354726347082, 0.000000000000000000, -22.81456166729589441 ) ) ;
#5016 = ADVANCED_FACE ( 'NONE', ( #3858 ), #4878, .F. ) ;
#5017 = CYLINDRICAL_SURFACE ( 'NONE', #4020, 0.4999999999999990563 ) ;
#5018 = B_SPLINE_CURVE_WITH_KNOTS ( 'NONE', 3,
 ( #3092, #3147, #1344, #820, #359, #1835, #2680, #5101 ),
 .UNSPECIFIED., .F., .F.,
 ( 4, 2, 2, 4 ),
 ( 0.0002326562781597195720, 0.0004093576251854519690, 0.0005860589722111843661, 0.0009394616662626433055 ),
 .UNSPECIFIED. ) ;
#5019 = VERTEX_POINT ( 'NONE', #318 ) ;
#5020 = LINE ( 'NONE', #4928, #1042 ) ;
#5021 = CARTESIAN_POINT ( 'NONE',  ( 19.84842270412693566, 3.265000000000000124, -12.63728674036868860 ) ) ;
#5022 = CARTESIAN_POINT ( 'NONE',  ( 4.807073215165557301, 5.764999999999999680, -16.18960560050119213 ) ) ;
#5023 = CARTESIAN_POINT ( 'NONE',  ( -15.29263558886042063, 5.764999999999999680, 19.81189170665737365 ) ) ;
#5024 = ORIENTED_EDGE ( 'NONE', *, *, #3174, .F. ) ;
#5025 = CARTESIAN_POINT ( 'NONE',  ( -8.828903344063828484, 5.764999999999999680, 13.46192501608416947 ) ) ;
#5026 = DIRECTION ( 'NONE',  ( -0.6427876096865970945, -0.000000000000000000, -0.7660444431189294967 ) ) ;
#5027 = EDGE_CURVE ( 'NONE', #1911, #3921, #4079, .T. ) ;
#5028 = CARTESIAN_POINT ( 'NONE',  ( -16.48760416466078027, 6.264999999999999680, 2.379187623289604314 ) ) ;
#5029 = ORIENTED_EDGE ( 'NONE', *, *, #5420, .F. ) ;
#5030 = CYLINDRICAL_SURFACE ( 'NONE', #1235, 0.5000000000000000000 ) ;
#5031 = CARTESIAN_POINT ( 'NONE',  ( 7.565744276315642836, 6.264999999999999680, -22.49461572753158123 ) ) ;
#5032 = PRODUCT_DEFINITION_CONTEXT ( 'detailed design', #4876, 'design' ) ;
#5033 = VERTEX_POINT ( 'NONE', #1300 ) ;
#5034 = CARTESIAN_POINT ( 'NONE',  ( 0.3983431104229284703, 6.264999999999999680, -0.3342495570378904435 ) ) ;
#5035 = B_SPLINE_CURVE_WITH_KNOTS ( 'NONE', 3,
 ( #4436, #225, #4840, #5715 ),
 .UNSPECIFIED., .F., .F.,
 ( 4, 4 ),
 ( 0.0002530704856826555935, 0.0004294922445870749455 ),
 .UNSPECIFIED. ) ;
#5036 = PLANE ( 'NONE',  #3994 ) ;
#5037 = EDGE_CURVE ( 'NONE', #1898, #5286, #4095, .T. ) ;
#5038 = LINE ( 'NONE', #1470, #6047 ) ;
#5039 = DIRECTION ( 'NONE',  ( 0.000000000000000000, 0.000000000000000000, 1.000000000000000000 ) ) ;
#5040 = DIRECTION ( 'NONE',  ( -0.000000000000000000, -1.000000000000000000, 0.000000000000000000 ) ) ;
#5041 = VECTOR ( 'NONE', #1482, 1000.000000000000000 ) ;
#5042 = EDGE_CURVE ( 'NONE', #2389, #899, #1633, .T. ) ;
#5043 = CARTESIAN_POINT ( 'NONE',  ( -30.95857960530295827, 6.264999999999999680, 4.930811030644369097 ) ) ;
#5044 = ORIENTED_EDGE ( 'NONE', *, *, #5345, .F. ) ;
#5045 = ORIENTED_EDGE ( 'NONE', *, *, #3564, .F. ) ;
#5046 = CARTESIAN_POINT ( 'NONE',  ( -11.11897577065581899, 5.764999999999999680, 12.21427245106175263 ) ) ;
#5047 = DIRECTION ( 'NONE',  ( 0.000000000000000000, 1.000000000000000000, 0.000000000000000000 ) ) ;
#5048 = CIRCLE ( 'NONE', #3869, 0.8000000000027498448 ) ;
#5049 = DIRECTION ( 'NONE',  ( 0.000000000000000000, 0.000000000000000000, -1.000000000000000000 ) ) ;
#5050 = ADVANCED_FACE ( 'NONE', ( #3082 ), #2252, .T. ) ;
#5051 = AXIS2_PLACEMENT_3D ( 'NONE', #5203, #99, #3778 ) ;
#5052 = EDGE_LOOP ( 'NONE', ( #2446, #1981, #5591, #5626 ) ) ;
#5053 = ORIENTED_EDGE ( 'NONE', *, *, #4931, .F. ) ;
#5054 = CARTESIAN_POINT ( 'NONE',  ( -11.60809380826081316, 0.000000000000000000, -28.91069513293903270 ) ) ;
#5055 = CARTESIAN_POINT ( 'NONE',  ( 24.27328148202496649, 6.251667247834532759, 4.933977408944405951 ) ) ;
#5056 = DIRECTION ( 'NONE',  ( -0.5735764363516123732, 0.000000000000000000, 0.8191520442885952269 ) ) ;
#5057 = CIRCLE ( 'NONE', #2391, 25.02749999999999275 ) ;
#5058 = TOROIDAL_SURFACE ( 'NONE', #4064, 24.02999999999999403, 0.5000000000000000000 ) ;
#5059 = DIRECTION ( 'NONE',  ( -7.993605777301127091E-15, 0.000000000000000000, -1.000000000000000000 ) ) ;
#5060 = ORIENTED_EDGE ( 'NONE', *, *, #2403, .F. ) ;
#5061 = CYLINDRICAL_SURFACE ( 'NONE', #628, 0.4999999999999997780 ) ;
#5062 = AXIS2_PLACEMENT_3D ( 'NONE', #4938, #1170, #4304 ) ;
#5063 = CARTESIAN_POINT ( 'NONE',  ( 21.78832457979261505, 6.226507457126690070, 23.55281562658281658 ) ) ;
#5064 = ORIENTED_EDGE ( 'NONE', *, *, #2187, .F. ) ;
#5065 = DIRECTION ( 'NONE',  ( -0.000000000000000000, -1.000000000000000000, -0.000000000000000000 ) ) ;
#5066 = DIRECTION ( 'NONE',  ( -0.1736481776669309696, 0.000000000000000000, -0.9848077530122080203 ) ) ;
#5067 = ADVANCED_FACE ( 'NONE', ( #5991 ), #2221, .T. ) ;
#5068 = VERTEX_POINT ( 'NONE', #786 ) ;
#5069 = ORIENTED_EDGE ( 'NONE', *, *, #5323, .F. ) ;
#5070 = CARTESIAN_POINT ( 'NONE',  ( -30.48720104788181828, 0.000000000000000000, 6.411451255149191120 ) ) ;
#5071 = B_SPLINE_CURVE_WITH_KNOTS ( 'NONE', 3,
 ( #3880, #3909, #2888, #4341, #4774, #5827, #4373, #1973 ),
 .UNSPECIFIED., .F., .F.,
 ( 4, 2, 2, 4 ),
 ( 0.000000000000000000, 0.0004478229640557063141, 0.0006717344460835603928, 0.0008956459281114145798 ),
 .UNSPECIFIED. ) ;
#5072 = CARTESIAN_POINT ( 'NONE',  ( 9.268435803288946673, 6.043643711280789255, -30.70128925157579403 ) ) ;
#5073 = CARTESIAN_POINT ( 'NONE',  ( 31.80608415963043356, 6.264999999999999680, 4.337381953035670534 ) ) ;
#5074 = ORIENTED_EDGE ( 'NONE', *, *, #38, .F. ) ;
#5075 = CARTESIAN_POINT ( 'NONE',  ( -6.724046161570257141, 5.764999999999999680, -15.49188450811626794 ) ) ;
#5076 = VECTOR ( 'NONE', #4246, 1000.000000000000114 ) ;
#5077 = ADVANCED_FACE ( 'NONE', ( #1248 ), #2674, .F. ) ;
#5078 = CARTESIAN_POINT ( 'NONE',  ( -16.85536625282397338, 0.000000000000000000, 18.50060498289616362 ) ) ;
#5079 = AXIS2_PLACEMENT_3D ( 'NONE', #170, #2064, #2492 ) ;
#5080 = FACE_OUTER_BOUND ( 'NONE', #3488, .T. ) ;
#5081 = ORIENTED_EDGE ( 'NONE', *, *, #1718, .T. ) ;
#5082 = ORIENTED_EDGE ( 'NONE', *, *, #4958, .T. ) ;
#5083 = CARTESIAN_POINT ( 'NONE',  ( 0.3983431104229284703, 5.764999999999999680, -0.3342495570378904435 ) ) ;
#5084 = CARTESIAN_POINT ( 'NONE',  ( 9.171249647149318562, 0.000000000000000000, -30.72328364303766790 ) ) ;
#5085 = VECTOR ( 'NONE', #1876, 1000.000000000000000 ) ;
#5086 = EDGE_CURVE ( 'NONE', #5033, #1546, #5668, .T. ) ;
#5087 = DIRECTION ( 'NONE',  ( 0.9961946980917633088, -0.000000000000000000, 0.08715574274745541139 ) ) ;
#5088 = AXIS2_PLACEMENT_3D ( 'NONE', #1518, #1185, #3506 ) ;
#5089 = ORIENTED_EDGE ( 'NONE', *, *, #5544, .F. ) ;
#5090 = DIRECTION ( 'NONE',  ( -0.6427876096865444699, 0.000000000000000000, 0.7660444431189736836 ) ) ;
#5091 = CYLINDRICAL_SURFACE ( 'NONE', #3494, 0.8000000000027256419 ) ;
#5092 = CARTESIAN_POINT ( 'NONE',  ( 30.48720104788194618, 5.764999999999999680, 6.411451255148618245 ) ) ;
#5093 = EDGE_CURVE ( 'NONE', #1426, #4896, #1217, .T. ) ;
#5094 = EDGE_CURVE ( 'NONE', #3651, #3372, #2650, .T. ) ;
#5095 = DIRECTION ( 'NONE',  ( -0.000000000000000000, 1.000000000000000000, -0.000000000000000000 ) ) ;
#5096 = ORIENTED_EDGE ( 'NONE', *, *, #242, .T. ) ;
#5097 = VERTEX_POINT ( 'NONE', #722 ) ;
#5098 = CARTESIAN_POINT ( 'NONE',  ( 15.41649094842345313, 5.851862816039524517, 4.637323175571753886 ) ) ;
#5099 = DIRECTION ( 'NONE',  ( -0.9063077870368824174, 0.000000000000000000, -0.4226182617402011732 ) ) ;
#5100 = ORIENTED_EDGE ( 'NONE', *, *, #756, .T. ) ;
#5101 = CARTESIAN_POINT ( 'NONE',  ( 16.85536625282482959, 5.764999999999999680, 18.50060498289537847 ) ) ;
#5102 = CARTESIAN_POINT ( 'NONE',  ( 7.536903603122317996, 6.253063204682234755, -22.57238434273364547 ) ) ;
#5103 = ORIENTED_EDGE ( 'NONE', *, *, #3838, .T. ) ;
#5104 = ORIENTED_EDGE ( 'NONE', *, *, #2329, .F. ) ;
#5105 = DIRECTION ( 'NONE',  ( -0.1736481776669306643, 0.000000000000000000, 0.9848077530122080203 ) ) ;
#5106 = VERTEX_POINT ( 'NONE', #2712 ) ;
#5107 = EDGE_CURVE ( 'NONE', #1740, #2459, #5963, .T. ) ;
#5108 = DIRECTION ( 'NONE',  ( 0.000000000000000000, 1.000000000000000000, 0.000000000000000000 ) ) ;
#5109 = DIRECTION ( 'NONE',  ( -0.000000000000000000, -1.000000000000000000, -0.000000000000000000 ) ) ;
#5110 = CARTESIAN_POINT ( 'NONE',  ( -30.84144333032262608, 5.764999999999999680, 4.402443439002778014 ) ) ;
#5111 = AXIS2_PLACEMENT_3D ( 'NONE', #2125, #4927, #5049 ) ;
#5112 = VERTEX_POINT ( 'NONE', #1738 ) ;
#5113 = ADVANCED_FACE ( 'NONE', ( #2622 ), #4963, .T. ) ;
#5114 = ORIENTED_EDGE ( 'NONE', *, *, #4652, .T. ) ;
#5115 = DIRECTION ( 'NONE',  ( -0.000000000000000000, -1.000000000000000000, -0.000000000000000000 ) ) ;
#5116 = CARTESIAN_POINT ( 'NONE',  ( 1.899663625333126493, 5.764999999999999680, 21.71325459515938050 ) ) ;
#5117 = VECTOR ( 'NONE', #5109, 1000.000000000000000 ) ;
#5118 = CARTESIAN_POINT ( 'NONE',  ( -23.32786525393755994, 5.888645333210068777, 3.077596902476485319 ) ) ;
#5119 = VERTEX_POINT ( 'NONE', #383 ) ;
#5120 = ADVANCED_FACE ( 'NONE', ( #2588 ), #3607, .F. ) ;
#5121 = DIRECTION ( 'NONE',  ( 0.000000000000000000, 1.000000000000000000, 0.000000000000000000 ) ) ;
#5122 = CARTESIAN_POINT ( 'NONE',  ( 16.85536625282482959, 0.000000000000000000, 18.50060498289537847 ) ) ;
#5123 = CYLINDRICAL_SURFACE ( 'NONE', #1424, 0.5000000000000000000 ) ;
#5124 = CARTESIAN_POINT ( 'NONE',  ( -20.79608018602539588, 5.764999999999999680, 23.19696497017492476 ) ) ;
#5125 = DIRECTION ( 'NONE',  ( 0.000000000000000000, -1.000000000000000000, 0.000000000000000000 ) ) ;
#5126 = ORIENTED_EDGE ( 'NONE', *, *, #5803, .F. ) ;
#5127 = AXIS2_PLACEMENT_3D ( 'NONE', #3507, #4003, #5899 ) ;
#5128 = DIRECTION ( 'NONE',  ( -0.6427876096865972055, 0.000000000000000000, -0.7660444431189296077 ) ) ;
#5129 = EDGE_CURVE ( 'NONE', #473, #1404, #5902, .T. ) ;
#5130 = CARTESIAN_POINT ( 'NONE',  ( 7.594310774156530108, 5.764999999999999680, -23.84747785648474050 ) ) ;
#5131 = PLANE ( 'NONE',  #1330 ) ;
#5132 = DIRECTION ( 'NONE',  ( -0.000000000000000000, -1.000000000000000000, 0.000000000000000000 ) ) ;
#5133 = ORIENTED_EDGE ( 'NONE', *, *, #4124, .F. ) ;
#5134 = ORIENTED_EDGE ( 'NONE', *, *, #5406, .T. ) ;
#5135 = CARTESIAN_POINT ( 'NONE',  ( -1.509956535254285193, 3.265000000000000124, 0.2662460768590320659 ) ) ;
#5136 = ORIENTED_EDGE ( 'NONE', *, *, #3367, .F. ) ;
#5137 = LINE ( 'NONE', #4797, #5274 ) ;
#5138 = DIRECTION ( 'NONE',  ( 0.000000000000000000, 1.000000000000000000, -0.000000000000000000 ) ) ;
#5139 = ORIENTED_EDGE ( 'NONE', *, *, #3223, .F. ) ;
#5140 = ORIENTED_EDGE ( 'NONE', *, *, #2139, .T. ) ;
#5141 = CARTESIAN_POINT ( 'NONE',  ( 24.49724259190063336, 6.251739144609809173, 3.665785944598877411 ) ) ;
#5142 = VECTOR ( 'NONE', #5481, 1000.000000000000227 ) ;
#5143 = EDGE_CURVE ( 'NONE', #5221, #5586, #1706, .T. ) ;
#5144 = ORIENTED_EDGE ( 'NONE', *, *, #95, .T. ) ;
#5145 = CARTESIAN_POINT ( 'NONE',  ( 16.01602368630241102, 6.264999999999999680, 1.705700903103350541 ) ) ;
#5146 = ORIENTED_EDGE ( 'NONE', *, *, #4812, .F. ) ;
#5147 = VERTEX_POINT ( 'NONE', #3637 ) ;
#5148 = FACE_OUTER_BOUND ( 'NONE', #3859, .T. ) ;
#5149 = CIRCLE ( 'NONE', #3463, 14.64608244481093280 ) ;
#5150 = DIRECTION ( 'NONE',  ( 0.000000000000000000, -1.000000000000000000, 0.000000000000000000 ) ) ;
#5151 = CARTESIAN_POINT ( 'NONE',  ( -7.502921995040884084, 6.264999999999999680, -22.76911645834698561 ) ) ;
#5152 = DIRECTION ( 'NONE',  ( 0.000000000000000000, 0.000000000000000000, 1.000000000000000000 ) ) ;
#5153 = EDGE_CURVE ( 'NONE', #1055, #5894, #3694, .T. ) ;
#5154 = DIRECTION ( 'NONE',  ( 0.000000000000000000, 0.000000000000000000, 1.000000000000000000 ) ) ;
#5155 = VECTOR ( 'NONE', #4638, 1000.000000000000114 ) ;
#5156 = ORIENTED_EDGE ( 'NONE', *, *, #2359, .T. ) ;
#5157 = CARTESIAN_POINT ( 'NONE',  ( 1.509956535253397014, 0.000000000000000000, 0.2662460768645632525 ) ) ;
#5158 = EDGE_LOOP ( 'NONE', ( #978, #268, #5248, #829, #2854, #1615, #2293, #4688, #2520, #3804 ) ) ;
#5159 = CYLINDRICAL_SURFACE ( 'NONE', #4466, 14.57731163100814697 ) ;
#5160 = DIRECTION ( 'NONE',  ( 0.000000000000000000, 0.000000000000000000, -1.000000000000000000 ) ) ;
#5161 = ADVANCED_FACE ( 'NONE', ( #2805 ), #4156, .F. ) ;
#5162 = B_SPLINE_CURVE_WITH_KNOTS ( 'NONE', 3,
 ( #3820, #3301, #971, #1974, #5186, #5711, #4649, #1027, #4775, #3850 ),
 .UNSPECIFIED., .F., .F.,
 ( 4, 2, 2, 2, 4 ),
 ( 0.000000000000000000, 0.0002540264268553391307, 0.0005080528537106782615, 0.0007620792805660173922, 0.001016105707421356523 ),
 .UNSPECIFIED. ) ;
#5163 = ORIENTED_EDGE ( 'NONE', *, *, #5830, .F. ) ;
#5164 = VERTEX_POINT ( 'NONE', #5218 ) ;
#5165 = VECTOR ( 'NONE', #3863, 999.9999999999998863 ) ;
#5166 = LINE ( 'NONE', #1009, #1522 ) ;
#5167 = ORIENTED_EDGE ( 'NONE', *, *, #2811, .T. ) ;
#5168 = CARTESIAN_POINT ( 'NONE',  ( 0.000000000000000000, 5.764999999999999680, 0.000000000000000000 ) ) ;
#5169 = B_SPLINE_CURVE_WITH_KNOTS ( 'NONE', 3,
 ( #1585, #120, #3452, #5346 ),
 .UNSPECIFIED., .F., .F.,
 ( 4, 4 ),
 ( 0.000000000000000000, 0.0002492957699711770584 ),
 .UNSPECIFIED. ) ;
#5170 = CIRCLE ( 'NONE', #2305, 0.8000000000000020428 ) ;
#5171 = ADVANCED_FACE ( 'NONE', ( #2279 ), #945, .F. ) ;
#5172 = CIRCLE ( 'NONE', #1148, 0.8000000000027498448 ) ;
#5173 = CARTESIAN_POINT ( 'NONE',  ( -15.69829659962403134, 6.264999999999999680, 17.79943706402931269 ) ) ;
#5174 = VECTOR ( 'NONE', #4299, 1000.000000000000000 ) ;
#5175 =( BOUNDED_CURVE ( )  B_SPLINE_CURVE ( 3, ( #625, #2008, #3882, #5243 ),
 .UNSPECIFIED., .F., .T. ) 
 B_SPLINE_CURVE_WITH_KNOTS ( ( 4, 4 ),
 ( 4.712388980384696779, 6.283185307179586232 ),
 .UNSPECIFIED. ) 
 CURVE ( )  GEOMETRIC_REPRESENTATION_ITEM ( )  RATIONAL_B_SPLINE_CURVE ( ( 1.000000000000000000, 0.8047378541243667138, 0.8047378541243667138, 1.000000000000000000 ) ) 
 REPRESENTATION_ITEM ( '' )  );
#5176 = EDGE_LOOP ( 'NONE', ( #5722, #5204, #3621, #745 ) ) ;
#5177 = CARTESIAN_POINT ( 'NONE',  ( -16.61240484443282739, 6.148090468737730241, 18.48393734068741878 ) ) ;
#5178 = CARTESIAN_POINT ( 'NONE',  ( 21.14644285628433806, 3.265000000000000124, -13.38669902462539696 ) ) ;
#5179 = AXIS2_PLACEMENT_3D ( 'NONE', #4621, #2276, #5588 ) ;
#5180 = ORIENTED_EDGE ( 'NONE', *, *, #1187, .T. ) ;
#5181 = VERTEX_POINT ( 'NONE', #5684 ) ;
#5182 = ORIENTED_EDGE ( 'NONE', *, *, #1467, .T. ) ;
#5183 = EDGE_LOOP ( 'NONE', ( #5577, #4479, #439, #608 ) ) ;
#5184 = VECTOR ( 'NONE', #143, 1000.000000000000114 ) ;
#5185 = DIRECTION ( 'NONE',  ( 0.000000000000000000, 0.000000000000000000, 1.000000000000000000 ) ) ;
#5186 = CARTESIAN_POINT ( 'NONE',  ( 11.46754741149788792, 6.191524577312447875, 11.30526364754570423 ) ) ;
#5187 = CARTESIAN_POINT ( 'NONE',  ( -7.508755512585285175, 6.255141373521674097, -22.70909322701226785 ) ) ;
#5188 = FACE_OUTER_BOUND ( 'NONE', #868, .T. ) ;
#5189 = CARTESIAN_POINT ( 'NONE',  ( -4.807073215166054680, 0.000000000000000000, -16.18960560050088304 ) ) ;
#5190 = VECTOR ( 'NONE', #5985, 1000.000000000000114 ) ;
#5191 = ORIENTED_EDGE ( 'NONE', *, *, #5003, .T. ) ;
#5192 = PLANE ( 'NONE',  #5855 ) ;
#5193 = VERTEX_POINT ( 'NONE', #4193 ) ;
#5194 = CARTESIAN_POINT ( 'NONE',  ( -19.12613749183868705, 5.841007553701612842, 25.73369080688125976 ) ) ;
#5195 = CARTESIAN_POINT ( 'NONE',  ( -7.796327252067167812, 6.235787267806767176, -23.43298687357934185 ) ) ;
#5196 = EDGE_CURVE ( 'NONE', #5349, #4695, #5172, .T. ) ;
#5197 = ORIENTED_EDGE ( 'NONE', *, *, #2860, .F. ) ;
#5198 = EDGE_LOOP ( 'NONE', ( #5416, #2623, #353, #2004 ) ) ;
#5199 = CYLINDRICAL_SURFACE ( 'NONE', #1038, 0.5000000000000001110 ) ;
#5200 = ORIENTED_EDGE ( 'NONE', *, *, #5704, .F. ) ;
#5201 = DIRECTION ( 'NONE',  ( 0.000000000000000000, 0.000000000000000000, -1.000000000000000000 ) ) ;
#5202 = EDGE_CURVE ( 'NONE', #2326, #2917, #2739, .T. ) ;
#5203 = CARTESIAN_POINT ( 'NONE',  ( 0.000000000000000000, 3.265000000000000124, 0.000000000000000000 ) ) ;
#5204 = ORIENTED_EDGE ( 'NONE', *, *, #5205, .T. ) ;
#5205 = EDGE_CURVE ( 'NONE', #90, #2078, #1339, .T. ) ;
#5206 = CARTESIAN_POINT ( 'NONE',  ( -7.622060262325945246, 5.996288099986316844, -23.79106084215109007 ) ) ;
#5207 = CARTESIAN_POINT ( 'NONE',  ( 14.32920972712218166, 5.888645333210470234, 18.66372547473165611 ) ) ;
#5208 =( BOUNDED_CURVE ( )  B_SPLINE_CURVE ( 3, ( #5043, #3689, #1359, #5110 ),
 .UNSPECIFIED., .F., .T. ) 
 B_SPLINE_CURVE_WITH_KNOTS ( ( 4, 4 ),
 ( 4.712388980384687898, 6.283185307179586232 ),
 .UNSPECIFIED. ) 
 CURVE ( )  GEOMETRIC_REPRESENTATION_ITEM ( )  RATIONAL_B_SPLINE_CURVE ( ( 1.000000000000000000, 0.8047378541243646044, 0.8047378541243646044, 1.000000000000000000 ) ) 
 REPRESENTATION_ITEM ( '' )  );
#5209 = ORIENTED_EDGE ( 'NONE', *, *, #474, .T. ) ;
#5210 = ORIENTED_EDGE ( 'NONE', *, *, #1537, .F. ) ;
#5211 = VERTEX_POINT ( 'NONE', #2344 ) ;
#5212 = EDGE_CURVE ( 'NONE', #4639, #2731, #5622, .T. ) ;
#5213 = CYLINDRICAL_SURFACE ( 'NONE', #5661, 0.8000000000027681635 ) ;
#5214 = CARTESIAN_POINT ( 'NONE',  ( -30.84144333032262608, 3.265000000000000124, 4.402443439002778014 ) ) ;
#5215 = CARTESIAN_POINT ( 'NONE',  ( -15.29941582279530188, 5.996288099985134679, 19.74938617068108115 ) ) ;
#5216 = CYLINDRICAL_SURFACE ( 'NONE', #4986, 0.5000000000000011102 ) ;
#5217 = CIRCLE ( 'NONE', #112, 0.8000000000026805669 ) ;
#5218 = CARTESIAN_POINT ( 'NONE',  ( -21.14644285628553888, 0.000000000000000000, -13.38669902462328487 ) ) ;
#5219 = VERTEX_POINT ( 'NONE', #6088 ) ;
#5220 = DIRECTION ( 'NONE',  ( -0.9396926207859089830, 0.000000000000000000, -0.3420201433256673806 ) ) ;
#5221 = VERTEX_POINT ( 'NONE', #4222 ) ;
#5222 = CARTESIAN_POINT ( 'NONE',  ( 1.509956535253397014, 6.264999999999999680, 0.2662460768645632525 ) ) ;
#5223 = CARTESIAN_POINT ( 'NONE',  ( 7.520258147075114863, 6.238325924940718359, -22.65322754313870846 ) ) ;
#5224 = VERTEX_POINT ( 'NONE', #1374 ) ;
#5225 = EDGE_LOOP ( 'NONE', ( #4604, #483, #2834, #5654, #1452, #253 ) ) ;
#5226 = EDGE_CURVE ( 'NONE', #867, #4880, #3303, .T. ) ;
#5227 = CARTESIAN_POINT ( 'NONE',  ( 8.828903344064013226, 5.851862816039520077, 13.46192501608483028 ) ) ;
#5228 = ORIENTED_EDGE ( 'NONE', *, *, #2997, .T. ) ;
#5229 = DIRECTION ( 'NONE',  ( -0.000000000000000000, -1.000000000000000000, -0.000000000000000000 ) ) ;
#5230 = EDGE_CURVE ( 'NONE', #908, #3484, #3792, .T. ) ;
#5231 = CARTESIAN_POINT ( 'NONE',  ( 0.000000000000000000, 6.264999999999999680, 0.000000000000000000 ) ) ;
#5232 = ORIENTED_EDGE ( 'NONE', *, *, #5289, .F. ) ;
#5233 = DIRECTION ( 'NONE',  ( -0.000000000000000000, -1.000000000000000000, -0.000000000000000000 ) ) ;
#5234 = CARTESIAN_POINT ( 'NONE',  ( 15.31316792674676819, 6.114944888432688685, 19.61960431790202364 ) ) ;
#5235 = ORIENTED_EDGE ( 'NONE', *, *, #395, .T. ) ;
#5236 = EDGE_CURVE ( 'NONE', #2283, #5012, #2833, .T. ) ;
#5237 = LINE ( 'NONE', #3241, #4654 ) ;
#5238 = ORIENTED_EDGE ( 'NONE', *, *, #5873, .F. ) ;
#5239 = VERTEX_POINT ( 'NONE', #5189 ) ;
#5240 = CARTESIAN_POINT ( 'NONE',  ( -10.05434245573797369, 0.000000000000000000, 13.56913704619718430 ) ) ;
#5241 = CARTESIAN_POINT ( 'NONE',  ( 24.34180575933218549, 6.114944888432547465, 5.186374255559933033 ) ) ;
#5242 =( NAMED_UNIT ( * ) SI_UNIT ( $, .STERADIAN. ) SOLID_ANGLE_UNIT ( ) );
#5243 = CARTESIAN_POINT ( 'NONE',  ( -9.691120861856122204, 5.764999999999999680, -29.60841622532391781 ) ) ;
#5245 = EDGE_CURVE ( 'NONE', #3226, #2209, #5590, .T. ) ;
#5244 = LINE ( 'NONE', #5742, #1687 ) ;
#5246 = ADVANCED_FACE ( 'NONE', ( #974 ), #4743, .F. ) ;
#5247 = ORIENTED_EDGE ( 'NONE', *, *, #5762, .F. ) ;
#5248 = ORIENTED_EDGE ( 'NONE', *, *, #5374, .T. ) ;
#5249 = FACE_OUTER_BOUND ( 'NONE', #2651, .T. ) ;
#5250 = ORIENTED_EDGE ( 'NONE', *, *, #711, .F. ) ;
#5251 = B_SPLINE_CURVE_WITH_KNOTS ( 'NONE', 3,
 ( #3553, #5102, #5031, #3614 ),
 .UNSPECIFIED., .F., .F.,
 ( 4, 4 ),
 ( 0.0002320008640057946725, 0.0004814755168972481830 ),
 .UNSPECIFIED. ) ;
#5252 = CARTESIAN_POINT ( 'NONE',  ( -0.09029705238680615920, 5.764999999999999680, 0.5121000315663439828 ) ) ;
#5253 = CARTESIAN_POINT ( 'NONE',  ( -11.20908218885295149, 6.264999999999999680, -29.27632191859746769 ) ) ;
#5254 = AXIS2_PLACEMENT_3D ( 'NONE', #1814, #2174, #4519 ) ;
#5255 = DIRECTION ( 'NONE',  ( 0.000000000000000000, 0.000000000000000000, 1.000000000000000000 ) ) ;
#5256 = ORIENTED_EDGE ( 'NONE', *, *, #1995, .F. ) ;
#5257 = ORIENTED_EDGE ( 'NONE', *, *, #2785, .F. ) ;
#5258 = LINE ( 'NONE', #4388, #4847 ) ;
#5259 = CARTESIAN_POINT ( 'NONE',  ( -16.36819497488310660, 6.264999999999998792, 18.34722913732850103 ) ) ;
#5260 = ORIENTED_EDGE ( 'NONE', *, *, #3334, .F. ) ;
#5261 = CARTESIAN_POINT ( 'NONE',  ( 0.000000000000000000, 5.764999999999999680, 0.000000000000000000 ) ) ;
#5262 = EDGE_CURVE ( 'NONE', #5931, #4572, #1001, .T. ) ;
#5263 = B_SPLINE_CURVE_WITH_KNOTS ( 'NONE', 3,
 ( #4855, #3989, #4394, #1566 ),
 .UNSPECIFIED., .F., .F.,
 ( 4, 4 ),
 ( 0.0002259430207394689952, 0.0004897447509158726333 ),
 .UNSPECIFIED. ) ;
#5264 = VECTOR ( 'NONE', #1927, 1000.000000000000000 ) ;
#5265 = AXIS2_PLACEMENT_3D ( 'NONE', #2466, #3854, #3915 ) ;
#5266 = DIRECTION ( 'NONE',  ( -0.000000000000000000, -1.000000000000000000, 0.000000000000000000 ) ) ;
#5267 = CARTESIAN_POINT ( 'NONE',  ( 8.023111437219117903, 6.264999999999999680, -23.56369579561482652 ) ) ;
#5268 = AXIS2_PLACEMENT_3D ( 'NONE', #2857, #1400, #532 ) ;
#5269 = FACE_OUTER_BOUND ( 'NONE', #4198, .T. ) ;
#5270 = AXIS2_PLACEMENT_3D ( 'NONE', #5647, #4620, #3730 ) ;
#5271 = DIRECTION ( 'NONE',  ( 0.000000000000000000, 0.000000000000000000, 1.000000000000000000 ) ) ;
#5272 = ADVANCED_FACE ( 'NONE', ( #2769 ), #2859, .F. ) ;
#5273 = EDGE_LOOP ( 'NONE', ( #5069, #1266, #4133, #4612 ) ) ;
#5274 = VECTOR ( 'NONE', #1901, 1000.000000000000114 ) ;
#5275 = DIRECTION ( 'NONE',  ( -0.000000000000000000, 1.000000000000000000, -0.000000000000000000 ) ) ;
#5276 = ORIENTED_EDGE ( 'NONE', *, *, #2956, .T. ) ;
#5277 = EDGE_LOOP ( 'NONE', ( #2597, #3181, #5646, #4767, #3053, #2677 ) ) ;
#5278 = DIRECTION ( 'NONE',  ( 0.6427876096865400291, -0.000000000000000000, 0.7660444431189773473 ) ) ;
#5279 = DIRECTION ( 'NONE',  ( 0.000000000000000000, 0.000000000000000000, 1.000000000000000000 ) ) ;
#5280 = CARTESIAN_POINT ( 'NONE',  ( 23.90990065744999526, -6.264999999999999680, 4.215960591964933890 ) ) ;
#5281 = ADVANCED_FACE ( 'NONE', ( #80 ), #1951, .F. ) ;
#5282 = AXIS2_PLACEMENT_3D ( 'NONE', #4291, #1896, #5255 ) ;
#5283 = CARTESIAN_POINT ( 'NONE',  ( 8.303821354727178417, 6.264999999999999680, -22.81456166729559243 ) ) ;
#5284 = VECTOR ( 'NONE', #3939, 1000.000000000000114 ) ;
#5285 = CARTESIAN_POINT ( 'NONE',  ( 23.90990065744999526, 0.000000000000000000, 5.015960591967702165 ) ) ;
#5286 = VERTEX_POINT ( 'NONE', #4623 ) ;
#5287 = CARTESIAN_POINT ( 'NONE',  ( -19.41149257663105132, 6.226507457126706946, 25.54721448380892213 ) ) ;
#5288 = CARTESIAN_POINT ( 'NONE',  ( 9.511283720560113508, 0.000000000000000000, -23.14975676410030303 ) ) ;
#5289 = EDGE_CURVE ( 'NONE', #5733, #5635, #3525, .T. ) ;
#5290 = VECTOR ( 'NONE', #3975, 1000.000000000000114 ) ;
#5291 = CARTESIAN_POINT ( 'NONE',  ( -6.530831529805279700, 6.264999999999999680, -14.72313383150301291 ) ) ;
#5292 = ORIENTED_EDGE ( 'NONE', *, *, #1093, .F. ) ;
#5293 = EDGE_LOOP ( 'NONE', ( #1021, #1789, #3947, #4947, #211 ) ) ;
#5294 = CARTESIAN_POINT ( 'NONE',  ( -31.84909871781260904, 3.265000000000000124, 3.696875540765334645 ) ) ;
#5295 = VECTOR ( 'NONE', #3599, 1000.000000000000000 ) ;
#5296 = CARTESIAN_POINT ( 'NONE',  ( 21.65644285628432897, 3.265000000000000124, -12.50335311276526973 ) ) ;
#5297 = ORIENTED_EDGE ( 'NONE', *, *, #5725, .T. ) ;
#5298 = CARTESIAN_POINT ( 'NONE',  ( -8.998655526815831251, 5.764999999999999680, -21.74132237720849048 ) ) ;
#5299 = B_SPLINE_CURVE_WITH_KNOTS ( 'NONE', 3,
 ( #1068, #1124, #1555, #3423, #5832, #5313, #4873, #4438 ),
 .UNSPECIFIED., .F., .F.,
 ( 4, 2, 2, 4 ),
 ( 0.000000000000000000, 0.0004478229640557065852, 0.0006717344460835626696, 0.0008956459281114186998 ),
 .UNSPECIFIED. ) ;
#5300 = CARTESIAN_POINT ( 'NONE',  ( 11.61707311970207712, 6.264999999999999680, 12.25785032243555506 ) ) ;
#5301 = FACE_OUTER_BOUND ( 'NONE', #1445, .T. ) ;
#5302 = CARTESIAN_POINT ( 'NONE',  ( 15.87481365298688907, 6.159543664872598967, 17.60662364910959710 ) ) ;
#5303 = ORIENTED_EDGE ( 'NONE', *, *, #1422, .F. ) ;
#5304 = EDGE_CURVE ( 'NONE', #4188, #913, #3347, .T. ) ;
#5305 = CARTESIAN_POINT ( 'NONE',  ( 11.23820881949115780, 0.000000000000000000, 13.39317573496640357 ) ) ;
#5306 = ORIENTED_EDGE ( 'NONE', *, *, #488, .T. ) ;
#5307 = VERTEX_POINT ( 'NONE', #4408 ) ;
#5308 = CARTESIAN_POINT ( 'NONE',  ( 8.303821354727178417, 6.264999999999999680, -22.81456166729559243 ) ) ;
#5309 = LINE ( 'NONE', #4001, #5284 ) ;
#5310 = FACE_BOUND ( 'NONE', #2223, .T. ) ;
#5311 = DIRECTION ( 'NONE',  ( 0.000000000000000000, -0.000000000000000000, -1.000000000000000000 ) ) ;
#5312 = ADVANCED_FACE ( 'NONE', ( #113 ), #2066, .T. ) ;
#5313 = CARTESIAN_POINT ( 'NONE',  ( 19.14505048738957882, 5.915251510363442655, 25.72164255197628435 ) ) ;
#5314 = AXIS2_PLACEMENT_3D ( 'NONE', #5300, #5087, #3200 ) ;
#5315 = ORIENTED_EDGE ( 'NONE', *, *, #6056, .T. ) ;
#5316 = CARTESIAN_POINT ( 'NONE',  ( 16.48760416466110712, 6.264999999999999680, 2.379187623289520381 ) ) ;
#5317 = B_SPLINE_CURVE_WITH_KNOTS ( 'NONE', 3,
 ( #569, #1605, #5371, #4839 ),
 .UNSPECIFIED., .F., .F.,
 ( 4, 4 ),
 ( 0.0008322773059485771016, 0.001009903885900813791 ),
 .UNSPECIFIED. ) ;
#5318 = CARTESIAN_POINT ( 'NONE',  ( -16.34368263329290372, 6.264999999999999680, 18.28885710568595613 ) ) ;
#5319 = VERTEX_POINT ( 'NONE', #4813 ) ;
#5320 = VECTOR ( 'NONE', #5421, 1000.000000000000114 ) ;
#5321 = B_SPLINE_CURVE_WITH_KNOTS ( 'NONE', 3,
 ( #212, #2079, #2566, #5447 ),
 .UNSPECIFIED., .F., .F.,
 ( 4, 4 ),
 ( 3.974750819240313445E-18, 0.0002633906062243653685 ),
 .UNSPECIFIED. ) ;
#5322 = ORIENTED_EDGE ( 'NONE', *, *, #4828, .T. ) ;
#5323 = EDGE_CURVE ( 'NONE', #1381, #2378, #5244, .T. ) ;
#5324 = CARTESIAN_POINT ( 'NONE',  ( 16.42414633486759712, 6.264999999999999680, 3.931755278064975823 ) ) ;
#5325 = CARTESIAN_POINT ( 'NONE',  ( 15.61364137884342007, 6.264999999999999680, 17.79863681674464715 ) ) ;
#5326 = EDGE_LOOP ( 'NONE', ( #1250, #1196, #1646, #4708 ) ) ;
#5327 = FACE_OUTER_BOUND ( 'NONE', #4073, .T. ) ;
#5328 = CARTESIAN_POINT ( 'NONE',  ( 16.01602368630241102, 6.264999999999999680, 1.705700903103350541 ) ) ;
#5329 = VECTOR ( 'NONE', #12, 1000.000000000000000 ) ;
#5330 = LINE ( 'NONE', #5422, #333 ) ;
#5331 = CARTESIAN_POINT ( 'NONE',  ( -0.4886401628093746119, 5.764999999999999680, 0.1778504745296035083 ) ) ;
#5332 = DIRECTION ( 'NONE',  ( 0.000000000000000000, 0.000000000000000000, -1.000000000000000000 ) ) ;
#5333 = ORIENTED_EDGE ( 'NONE', *, *, #2956, .F. ) ;
#5334 = DIRECTION ( 'NONE',  ( -0.9063077870368824174, -0.000000000000000000, -0.4226182617402011732 ) ) ;
#5335 = ORIENTED_EDGE ( 'NONE', *, *, #1979, .F. ) ;
#5336 = EDGE_LOOP ( 'NONE', ( #5515, #3427, #4561, #4499, #2339 ) ) ;
#5337 = LINE ( 'NONE', #1603, #3883 ) ;
#5338 = DIRECTION ( 'NONE',  ( -0.000000000000000000, -1.000000000000000000, -0.000000000000000000 ) ) ;
#5339 = DIRECTION ( 'NONE',  ( -0.5735764363512142472, -0.000000000000000000, -0.8191520442888740039 ) ) ;
#5340 = ADVANCED_FACE ( 'NONE', ( #1031 ), #2167, .T. ) ;
#5341 = DIRECTION ( 'NONE',  ( 0.8191520442886223163, 0.000000000000000000, -0.5735764363515737374 ) ) ;
#5342 = DIRECTION ( 'NONE',  ( 0.000000000000000000, 1.000000000000000000, -0.000000000000000000 ) ) ;
#5343 = ORIENTED_EDGE ( 'NONE', *, *, #4917, .F. ) ;
#5344 = CARTESIAN_POINT ( 'NONE',  ( -20.79608018602539588, 0.000000000000000000, 23.19696497017492476 ) ) ;
#5345 = EDGE_CURVE ( 'NONE', #3612, #4554, #201, .T. ) ;
#5346 = CARTESIAN_POINT ( 'NONE',  ( -7.520258147076429367, 6.238325924937935696, -22.65322754313930886 ) ) ;
#5347 = ORIENTED_EDGE ( 'NONE', *, *, #3114, .F. ) ;
#5348 = AXIS2_PLACEMENT_3D ( 'NONE', #1421, #870, #2333 ) ;
#5349 = VERTEX_POINT ( 'NONE', #4871 ) ;
#5350 = PLANE ( 'NONE',  #1310 ) ;
#5351 = CARTESIAN_POINT ( 'NONE',  ( 19.65932503706211065, 6.264999999999999680, 25.37618590062853841 ) ) ;
#5352 = ORIENTED_EDGE ( 'NONE', *, *, #163, .T. ) ;
#5353 = CARTESIAN_POINT ( 'NONE',  ( -8.303821354726347082, -6.264999999999999680, -23.61456166729589157 ) ) ;
#5354 = AXIS2_PLACEMENT_3D ( 'NONE', #252, #620, #3037 ) ;
#5355 = EDGE_CURVE ( 'NONE', #2934, #27, #4779, .T. ) ;
#5356 = CARTESIAN_POINT ( 'NONE',  ( 23.32786525393763810, 5.764999999999999680, 3.077596902475849383 ) ) ;
#5357 = DIRECTION ( 'NONE',  ( -0.000000000000000000, -1.000000000000000000, -0.000000000000000000 ) ) ;
#5358 = CARTESIAN_POINT ( 'NONE',  ( 15.88739681665916592, 6.002084624030322502, 17.42204385675259104 ) ) ;
#5359 = EDGE_CURVE ( 'NONE', #5880, #5613, #3635, .T. ) ;
#5360 = AXIS2_PLACEMENT_3D ( 'NONE', #1800, #1345, #5937 ) ;
#5361 = EDGE_CURVE ( 'NONE', #1353, #5239, #1554, .T. ) ;
#5362 = CIRCLE ( 'NONE', #4664, 23.52999999999999758 ) ;
#5363 = CARTESIAN_POINT ( 'NONE',  ( 31.19276894612020712, 0.000000000000000000, 7.419106642638352511 ) ) ;
#5364 = EDGE_LOOP ( 'NONE', ( #3717, #3116, #4329, #4752, #1151 ) ) ;
#5365 = DIRECTION ( 'NONE',  ( 0.6427876096865392519, -0.000000000000000000, -0.7660444431189781245 ) ) ;
#5366 = AXIS2_PLACEMENT_3D ( 'NONE', #5927, #1645, #2669 ) ;
#5367 = VERTEX_POINT ( 'NONE', #5831 ) ;
#5368 = EDGE_LOOP ( 'NONE', ( #103, #2460 ) ) ;
#5369 = CARTESIAN_POINT ( 'NONE',  ( 1.020000000004275487, 3.265000000000000124, 25.00670622553059985 ) ) ;
#5370 = CARTESIAN_POINT ( 'NONE',  ( 0.000000000000000000, 6.264999999999999680, 0.000000000000000000 ) ) ;
#5371 = CARTESIAN_POINT ( 'NONE',  ( 7.508778896596750130, 6.255107188950534969, -22.70897965618393854 ) ) ;
#5372 = VECTOR ( 'NONE', #2476, 1000.000000000000114 ) ;
#5373 = CARTESIAN_POINT ( 'NONE',  ( -0.3983431104218729812, 6.264999999999999680, -0.3342495570370107028 ) ) ;
#5374 = EDGE_CURVE ( 'NONE', #5586, #4036, #305, .T. ) ;
#5375 = AXIS2_PLACEMENT_3D ( 'NONE', #3573, #814, #4559 ) ;
#5376 = CARTESIAN_POINT ( 'NONE',  ( -16.77838861730829123, 3.265000000000000124, 1.922747461919029899 ) ) ;
#5377 = CIRCLE ( 'NONE', #2495, 0.8000000000027681635 ) ;
#5378 = ORIENTED_EDGE ( 'NONE', *, *, #3086, .F. ) ;
#5379 = CARTESIAN_POINT ( 'NONE',  ( 16.65794175329465432, 6.264999999999997904, 2.111811167170370318 ) ) ;
#5380 = CARTESIAN_POINT ( 'NONE',  ( -15.41649094842271239, 3.265000000000000124, 4.637323175571033573 ) ) ;
#5381 = EDGE_LOOP ( 'NONE', ( #3965, #3907, #1164, #5893 ) ) ;
#5382 = ORIENTED_EDGE ( 'NONE', *, *, #1904, .F. ) ;
#5383 = DIRECTION ( 'NONE',  ( -0.000000000000000000, -1.000000000000000000, 0.000000000000000000 ) ) ;
#5384 = EDGE_CURVE ( 'NONE', #622, #4476, #2923, .T. ) ;
#5385 = CARTESIAN_POINT ( 'NONE',  ( -14.32920972712166652, 5.764999999999999680, 18.66372547473203625 ) ) ;
#5386 = ORIENTED_EDGE ( 'NONE', *, *, #6082, .F. ) ;
#5387 = DIRECTION ( 'NONE',  ( 0.000000000000000000, 0.000000000000000000, -1.000000000000000000 ) ) ;
#5388 = FACE_OUTER_BOUND ( 'NONE', #1130, .T. ) ;
#5389 = CIRCLE ( 'NONE', #2817, 23.52999999999999403 ) ;
#5390 = B_SPLINE_CURVE_WITH_KNOTS ( 'NONE', 3,
 ( #4440, #3917, #3889, #3857 ),
 .UNSPECIFIED., .F., .F.,
 ( 4, 4 ),
 ( 0.0002259430207432693949, 0.0004897447509170996249 ),
 .UNSPECIFIED. ) ;
#5391 = CARTESIAN_POINT ( 'NONE',  ( 16.06141046599197963, 6.114145032862501772, 1.137440779390177736 ) ) ;
#5392 = AXIS2_PLACEMENT_3D ( 'NONE', #4220, #3821, #1886 ) ;
#5393 = EDGE_CURVE ( 'NONE', #1214, #4921, #5425, .T. ) ;
#5394 = DIRECTION ( 'NONE',  ( -0.000000000000000000, -1.000000000000000000, -0.000000000000000000 ) ) ;
#5395 = CYLINDRICAL_SURFACE ( 'NONE', #1606, 25.02749999999999631 ) ;
#5396 = CARTESIAN_POINT ( 'NONE',  ( -0.3402132016513380042, 4.221937406372606283, 23.53737740419976276 ) ) ;
#5397 = ORIENTED_EDGE ( 'NONE', *, *, #1305, .F. ) ;
#5398 = ADVANCED_FACE ( 'NONE', ( #5774 ), #3884, .F. ) ;
#5399 = LINE ( 'NONE', #1694, #4550 ) ;
#5400 = ORIENTED_EDGE ( 'NONE', *, *, #798, .T. ) ;
#5401 = VERTEX_POINT ( 'NONE', #2951 ) ;
#5402 = CARTESIAN_POINT ( 'NONE',  ( -12.72296122597416002, 6.264999999999999680, -29.43056634764681334 ) ) ;
#5403 = FACE_OUTER_BOUND ( 'NONE', #3847, .T. ) ;
#5404 = LINE ( 'NONE', #5489, #6081 ) ;
#5405 = CARTESIAN_POINT ( 'NONE',  ( 6.724046161570117697, 6.264999999999999680, -15.49188450811890938 ) ) ;
#5406 = EDGE_CURVE ( 'NONE', #5798, #1333, #5035, .T. ) ;
#5407 = CARTESIAN_POINT ( 'NONE',  ( 4.807073215165557301, 6.264999999999999680, -16.18960560050119213 ) ) ;
#5408 = ORIENTED_EDGE ( 'NONE', *, *, #5725, .F. ) ;
#5409 = CARTESIAN_POINT ( 'NONE',  ( 17.21793483357267363, 6.264999999999999680, 3.035986463248324885 ) ) ;
#5410 = CARTESIAN_POINT ( 'NONE',  ( 9.334491788129422929, 6.114944888431522507, -23.07139459593167174 ) ) ;
#5411 = VERTEX_POINT ( 'NONE', #627 ) ;
#5412 = ORIENTED_EDGE ( 'NONE', *, *, #3100, .F. ) ;
#5413 = CARTESIAN_POINT ( 'NONE',  ( 9.691120861856095559, 6.057893218813450886, -29.60841622532397110 ) ) ;
#5414 = EDGE_LOOP ( 'NONE', ( #1875, #4934, #3824, #4319, #5615, #2895, #4971, #3402, #2200, #5335 ) ) ;
#5415 = CARTESIAN_POINT ( 'NONE',  ( -16.65794175329445537, 6.265000000000000568, 2.111811167170486225 ) ) ;
#5416 = ORIENTED_EDGE ( 'NONE', *, *, #5361, .F. ) ;
#5417 = DIRECTION ( 'NONE',  ( -0.000000000000000000, -1.000000000000000000, -0.000000000000000000 ) ) ;
#5418 = CARTESIAN_POINT ( 'NONE',  ( 9.691120861856093782, 5.764999999999999680, -29.60841622532396400 ) ) ;
#5419 = AXIS2_PLACEMENT_3D ( 'NONE', #733, #3927, #1201 ) ;
#5420 = EDGE_CURVE ( 'NONE', #4984, #1137, #2753, .T. ) ;
#5421 = DIRECTION ( 'NONE',  ( 0.3420201433256689905, 0.000000000000000000, 0.9396926207859083169 ) ) ;
#5422 = CARTESIAN_POINT ( 'NONE',  ( 15.89194039108607015, 6.264999999999999680, 17.35243875097005528 ) ) ;
#5423 = CARTESIAN_POINT ( 'NONE',  ( -9.171249647149551265, 0.000000000000000000, -30.72328364303758264 ) ) ;
#5424 = ADVANCED_FACE ( 'NONE', ( #3913 ), #5802, .T. ) ;
#5425 = CIRCLE ( 'NONE', #6, 0.8000000000027256419 ) ;
#5426 = PLANE ( 'NONE',  #3138 ) ;
#5427 = ORIENTED_EDGE ( 'NONE', *, *, #3988, .F. ) ;
#5428 = DIRECTION ( 'NONE',  ( -0.000000000000000000, -1.000000000000000000, -0.000000000000000000 ) ) ;
#5429 = EDGE_LOOP ( 'NONE', ( #1116, #2560, #4937, #2429, #5676, #4386 ) ) ;
#5430 = ORIENTED_EDGE ( 'NONE', *, *, #1612, .T. ) ;
#5431 = CARTESIAN_POINT ( 'NONE',  ( 0.000000000000000000, 3.265000000000000124, 0.000000000000000000 ) ) ;
#5432 = CARTESIAN_POINT ( 'NONE',  ( 15.42291285062498751, 6.251667247834649999, 19.38221055967477113 ) ) ;
#5433 = EDGE_CURVE ( 'NONE', #1511, #2974, #3601, .T. ) ;
#5434 = DIRECTION ( 'NONE',  ( 0.6427876096865571265, -0.000000000000000000, 0.7660444431189631365 ) ) ;
#5435 = FACE_OUTER_BOUND ( 'NONE', #2952, .T. ) ;
#5436 = VERTEX_POINT ( 'NONE', #286 ) ;
#5437 = DIRECTION ( 'NONE',  ( -0.9396926207859073177, 0.000000000000000000, -0.3420201433256716550 ) ) ;
#5438 = EDGE_CURVE ( 'NONE', #908, #5219, #1672, .T. ) ;
#5439 = ADVANCED_FACE ( 'NONE', ( #1699 ), #1243, .T. ) ;
#5440 = CARTESIAN_POINT ( 'NONE',  ( 11.11897577065619558, 5.764999999999999680, 12.21427245106182724 ) ) ;
#5441 = ORIENTED_EDGE ( 'NONE', *, *, #1052, .T. ) ;
#5442 = ORIENTED_EDGE ( 'NONE', *, *, #2202, .T. ) ;
#5443 = CARTESIAN_POINT ( 'NONE',  ( -10.05434245573797369, 5.764999999999999680, 13.56913704619718430 ) ) ;
#5444 = ORIENTED_EDGE ( 'NONE', *, *, #6066, .T. ) ;
#5445 = CARTESIAN_POINT ( 'NONE',  ( -0.3983431104218106977, 5.764999999999999680, 0.3342495570369447555 ) ) ;
#5446 = ORIENTED_EDGE ( 'NONE', *, *, #5027, .T. ) ;
#5447 = CARTESIAN_POINT ( 'NONE',  ( -9.090100452100568162, 6.235787267806853329, -22.96209193887560573 ) ) ;
#5448 = CARTESIAN_POINT ( 'NONE',  ( 0.09029705238693430669, 5.764999999999999680, 0.5121000315670865000 ) ) ;
#5449 = CARTESIAN_POINT ( 'NONE',  ( 0.000000000000000000, 0.000000000000000000, -23.52999999999999758 ) ) ;
#5450 = CARTESIAN_POINT ( 'NONE',  ( -8.303821354726347082, 6.264999999999999680, -22.81456166729589441 ) ) ;
#5451 = CIRCLE ( 'NONE', #927, 25.02749999999999275 ) ;
#5452 = ADVANCED_FACE ( 'NONE', ( #1758 ), #751, .T. ) ;
#5453 = CARTESIAN_POINT ( 'NONE',  ( 3.692205798609078382, 5.851846802861055963, -15.66973438633268856 ) ) ;
#5454 = CIRCLE ( 'NONE', #5648, 24.02999999999999758 ) ;
#5455 = CARTESIAN_POINT ( 'NONE',  ( -22.16644285628605715, 3.265000000000000124, -11.62000720090157735 ) ) ;
#5456 = DIRECTION ( 'NONE',  ( -0.9063077870368824174, 0.000000000000000000, -0.4226182617402012287 ) ) ;
#5457 = ORIENTED_EDGE ( 'NONE', *, *, #2518, .F. ) ;
#5458 = EDGE_CURVE ( 'NONE', #3624, #5586, #4332, .T. ) ;
#5459 = EDGE_LOOP ( 'NONE', ( #499, #2748, #4583, #3465 ) ) ;
#5460 = AXIS2_PLACEMENT_3D ( 'NONE', #2570, #188, #5819 ) ;
#5461 = DIRECTION ( 'NONE',  ( 0.08715574274706019975, 0.000000000000000000, -0.9961946980917978367 ) ) ;
#5462 = DIRECTION ( 'NONE',  ( 0.000000000000000000, 0.000000000000000000, 1.000000000000000000 ) ) ;
#5463 = B_SPLINE_CURVE_WITH_KNOTS ( 'NONE', 3,
 ( #3598, #869, #5984, #4495, #2732, #5517, #375, #1293 ),
 .UNSPECIFIED., .F., .F.,
 ( 4, 2, 2, 4 ),
 ( 0.000000000000000000, 0.0002554680715913730895, 0.0005109361431827461790, 0.001021872286365492358 ),
 .UNSPECIFIED. ) ;
#5464 = DIRECTION ( 'NONE',  ( 0.3420201433256418455, 0.000000000000000000, -0.9396926207859181979 ) ) ;
#5465 = CIRCLE ( 'NONE', #2885, 25.02749999999999275 ) ;
#5466 = EDGE_CURVE ( 'NONE', #4530, #5106, #4497, .T. ) ;
#5467 = DIRECTION ( 'NONE',  ( -0.000000000000000000, -1.000000000000000000, -0.000000000000000000 ) ) ;
#5468 = DIRECTION ( 'NONE',  ( 0.000000000000000000, 0.000000000000000000, -1.000000000000000000 ) ) ;
#5469 = PLANE ( 'NONE',  #1159 ) ;
#5470 = DIRECTION ( 'NONE',  ( -0.4999999999999910072, 0.000000000000000000, -0.8660254037844438146 ) ) ;
#5471 = ORIENTED_EDGE ( 'NONE', *, *, #5773, .T. ) ;
#5472 = VECTOR ( 'NONE', #5874, 1000.000000000000114 ) ;
#5473 = ADVANCED_FACE ( 'NONE', ( #2644 ), #4955, .T. ) ;
#5474 = CARTESIAN_POINT ( 'NONE',  ( -23.06044706033021896, 5.764999999999999680, 4.594200842116787697 ) ) ;
#5475 = DIRECTION ( 'NONE',  ( -0.000000000000000000, -1.000000000000000000, -0.000000000000000000 ) ) ;
#5476 = CARTESIAN_POINT ( 'NONE',  ( -12.14675912257044210, 6.264999999999999680, -29.71356785366570108 ) ) ;
#5477 = ORIENTED_EDGE ( 'NONE', *, *, #4383, .T. ) ;
#5478 = CARTESIAN_POINT ( 'NONE',  ( -0.09029705238692935232, 6.264999999999999680, -0.5121000315670637404 ) ) ;
#5479 = AXIS2_PLACEMENT_3D ( 'NONE', #3112, #4992, #783 ) ;
#5480 = CARTESIAN_POINT ( 'NONE',  ( 14.32920972712218166, 5.764999999999999680, 18.66372547473164900 ) ) ;
#5481 = DIRECTION ( 'NONE',  ( -0.3420201433256716550, -0.000000000000000000, 0.9396926207859073177 ) ) ;
#5482 = VECTOR ( 'NONE', #3791, 1000.000000000000000 ) ;
#5483 = LINE ( 'NONE', #6071, #895 ) ;
#5484 = ADVANCED_FACE ( 'NONE', ( #1296 ), #3566, .T. ) ;
#5485 = CARTESIAN_POINT ( 'NONE',  ( -16.85536625282397338, 3.265000000000000124, 18.50060498289616362 ) ) ;
#5486 = VERTEX_POINT ( 'NONE', #3164 ) ;
#5487 = ORIENTED_EDGE ( 'NONE', *, *, #5762, .T. ) ;
#5488 = DIRECTION ( 'NONE',  ( 0.9961946980917979477, 0.000000000000000000, 0.08715574274706108793 ) ) ;
#5489 = CARTESIAN_POINT ( 'NONE',  ( 4.807073215165557301, 5.764999999999999680, -16.18960560050119213 ) ) ;
#5490 = EDGE_CURVE ( 'NONE', #4476, #3612, #3466, .T. ) ;
#5491 = CARTESIAN_POINT ( 'NONE',  ( -31.33256639292934054, 6.264999999999998792, 6.948495401741066502 ) ) ;
#5492 = LINE ( 'NONE', #5407, #3191 ) ;
#5493 = CARTESIAN_POINT ( 'NONE',  ( 24.19172554510161532, 6.235787267806388812, 4.964675980283207224 ) ) ;
#5494 = CARTESIAN_POINT ( 'NONE',  ( 16.38554547785291859, 6.254094210133742671, 18.40862094573538599 ) ) ;
#5495 = EDGE_CURVE ( 'NONE', #13, #692, #590, .T. ) ;
#5496 = DIRECTION ( 'NONE',  ( -0.000000000000000000, -1.000000000000000000, -0.000000000000000000 ) ) ;
#5497 = ORIENTED_EDGE ( 'NONE', *, *, #1442, .T. ) ;
#5498 = B_SPLINE_CURVE_WITH_KNOTS ( 'NONE', 3,
 ( #388, #4128, #3057, #4478 ),
 .UNSPECIFIED., .F., .F.,
 ( 4, 4 ),
 ( 0.0001441701427661493226, 0.0003329011101898890360 ),
 .UNSPECIFIED. ) ;
#5499 = DIRECTION ( 'NONE',  ( -0.6427876096865237088, -0.000000000000000000, 0.7660444431189911141 ) ) ;
#5500 = CARTESIAN_POINT ( 'NONE',  ( 24.80391930942181133, 0.000000000000000000, 3.337865057441845362 ) ) ;
#5501 = ORIENTED_EDGE ( 'NONE', *, *, #3868, .F. ) ;
#5502 = CARTESIAN_POINT ( 'NONE',  ( -24.19172554510130979, 6.235787267806546019, 4.964675980283465684 ) ) ;
#5503 = CARTESIAN_POINT ( 'NONE',  ( -12.70309359613186651, 5.915060844301293308, -29.44090885504533617 ) ) ;
#5504 = EDGE_CURVE ( 'NONE', #1040, #1102, #2965, .T. ) ;
#5505 = VERTEX_POINT ( 'NONE', #3135 ) ;
#5506 = DIRECTION ( 'NONE',  ( 0.000000000000000000, 1.000000000000000000, 0.000000000000000000 ) ) ;
#5507 = CARTESIAN_POINT ( 'NONE',  ( 9.171249647149316786, 5.841007553701585309, -30.72328364303767501 ) ) ;
#5508 = FACE_OUTER_BOUND ( 'NONE', #5598, .T. ) ;
#5509 = VERTEX_POINT ( 'NONE', #260 ) ;
#5510 = FACE_OUTER_BOUND ( 'NONE', #2942, .T. ) ;
#5511 = CIRCLE ( 'NONE', #5714, 25.02749999999998920 ) ;
#5512 = ADVANCED_FACE ( 'NONE', ( #3044 ), #5017, .T. ) ;
#5513 = CARTESIAN_POINT ( 'NONE',  ( 0.000000000000000000, 6.264999999999999680, 0.000000000000000000 ) ) ;
#5514 = DIRECTION ( 'NONE',  ( 0.9063077870364758537, 0.000000000000000000, 0.4226182617410730868 ) ) ;
#5515 = ORIENTED_EDGE ( 'NONE', *, *, #2645, .F. ) ;
#5516 = VERTEX_POINT ( 'NONE', #4588 ) ;
#5517 = CARTESIAN_POINT ( 'NONE',  ( -16.04665894396707415, 6.229921559809634246, 1.364119405300080468 ) ) ;
#5518 = DIRECTION ( 'NONE',  ( 0.000000000000000000, 1.000000000000000000, 0.000000000000000000 ) ) ;
#5519 = VERTEX_POINT ( 'NONE', #5986 ) ;
#5520 = DIRECTION ( 'NONE',  ( 0.000000000000000000, -0.000000000000000000, -1.000000000000000000 ) ) ;
#5521 = CARTESIAN_POINT ( 'NONE',  ( -8.998655526815836581, 0.000000000000000000, -21.74132237720848693 ) ) ;
#5522 = CARTESIAN_POINT ( 'NONE',  ( 30.84144333032081420, 5.764999999999999680, 4.402443439001797465 ) ) ;
#5523 = EDGE_CURVE ( 'NONE', #684, #4161, #1641, .T. ) ;
#5524 = DIRECTION ( 'NONE',  ( 0.000000000000000000, 0.000000000000000000, 1.000000000000000000 ) ) ;
#5525 = ORIENTED_EDGE ( 'NONE', *, *, #711, .T. ) ;
#5526 = EDGE_LOOP ( 'NONE', ( #5045, #1635, #1882, #4504 ) ) ;
#5527 = CARTESIAN_POINT ( 'NONE',  ( 19.74949741645048462, 6.264999999999999680, 24.34551088795273444 ) ) ;
#5528 = CARTESIAN_POINT ( 'NONE',  ( 1.020000000000000018, 3.265000000000000124, 25.00670622553059985 ) ) ;
#5529 = CARTESIAN_POINT ( 'NONE',  ( -24.01045617635356422, 6.264999999999999680, 5.009615798981459811 ) ) ;
#5530 = CARTESIAN_POINT ( 'NONE',  ( 19.12613749183849521, 5.764999999999999680, 25.73369080688134147 ) ) ;
#5531 = ADVANCED_FACE ( 'NONE', ( #3075 ), #4551, .F. ) ;
#5532 = VERTEX_POINT ( 'NONE', #408 ) ;
#5533 = ORIENTED_EDGE ( 'NONE', *, *, #1607, .T. ) ;
#5534 = LINE ( 'NONE', #1313, #3583 ) ;
#5535 = DIRECTION ( 'NONE',  ( 0.9961946980916938088, 0.000000000000000000, -0.08715574274824935963 ) ) ;
#5536 = ORIENTED_EDGE ( 'NONE', *, *, #4233, .T. ) ;
#5537 = CARTESIAN_POINT ( 'NONE',  ( 11.60809380826084514, 0.000000000000000000, -28.91069513294267423 ) ) ;
#5538 = EDGE_CURVE ( 'NONE', #5193, #1495, #1049, .T. ) ;
#5539 = CARTESIAN_POINT ( 'NONE',  ( 23.27992997787512763, 6.210085216637667216, 4.880754814258161822 ) ) ;
#5540 = VECTOR ( 'NONE', #2634, 1000.000000000000000 ) ;
#5541 = LINE ( 'NONE', #5485, #934 ) ;
#5542 = ORIENTED_EDGE ( 'NONE', *, *, #2286, .F. ) ;
#5543 = ORIENTED_EDGE ( 'NONE', *, *, #4273, .T. ) ;
#5544 = EDGE_CURVE ( 'NONE', #5750, #900, #3753, .T. ) ;
#5545 = PLANE ( 'NONE',  #1249 ) ;
#5546 = CARTESIAN_POINT ( 'NONE',  ( 1.899663625333126493, 6.264999999999999680, 21.71325459515938050 ) ) ;
#5547 = VECTOR ( 'NONE', #4457, 1000.000000000000114 ) ;
#5548 = DIRECTION ( 'NONE',  ( 0.000000000000000000, 0.000000000000000000, -1.000000000000000000 ) ) ;
#5549 = AXIS2_PLACEMENT_3D ( 'NONE', #2419, #3840, #4209 ) ;
#5550 = DIRECTION ( 'NONE',  ( -0.000000000000000000, -1.000000000000000000, 0.000000000000000000 ) ) ;
#5551 = DIRECTION ( 'NONE',  ( 0.3420201433256698786, 0.000000000000000000, 0.9396926207859079838 ) ) ;
#5552 = FACE_OUTER_BOUND ( 'NONE', #946, .T. ) ;
#5553 = VECTOR ( 'NONE', #2370, 1000.000000000000000 ) ;
#5554 = DIRECTION ( 'NONE',  ( -0.000000000000000000, -1.000000000000000000, -0.000000000000000000 ) ) ;
#5555 = EDGE_LOOP ( 'NONE', ( #4541, #2472, #1925, #221 ) ) ;
#5556 = DIRECTION ( 'NONE',  ( -0.000000000000000000, -1.000000000000000000, -0.000000000000000000 ) ) ;
#5557 = CARTESIAN_POINT ( 'NONE',  ( 0.000000000000000000, 6.264999999999999680, 0.000000000000000000 ) ) ;
#5558 = AXIS2_PLACEMENT_3D ( 'NONE', #1790, #5550, #4189 ) ;
#5559 = VERTEX_POINT ( 'NONE', #935 ) ;
#5560 = DIRECTION ( 'NONE',  ( -0.6427876096865468014, 0.000000000000000000, 0.7660444431189719072 ) ) ;
#5561 = PLANE ( 'NONE',  #5670 ) ;
#5563 = VERTEX_POINT ( 'NONE', #128 ) ;
#5562 = CIRCLE ( 'NONE', #3195, 23.52999999999999758 ) ;
#5564 = VERTEX_POINT ( 'NONE', #2274 ) ;
#5565 = CARTESIAN_POINT ( 'NONE',  ( 31.84909871781022872, 0.000000000000000000, 3.696875540764980705 ) ) ;
#5566 = EDGE_CURVE ( 'NONE', #1239, #3159, #1157, .T. ) ;
#5567 = CARTESIAN_POINT ( 'NONE',  ( -9.691120861856122204, 6.264999999999999680, -29.60841622532391781 ) ) ;
#5568 = DIRECTION ( 'NONE',  ( -0.000000000000000000, 1.000000000000000000, -0.000000000000000000 ) ) ;
#5569 = ORIENTED_EDGE ( 'NONE', *, *, #5153, .F. ) ;
#5570 = FACE_OUTER_BOUND ( 'NONE', #527, .T. ) ;
#5571 = VECTOR ( 'NONE', #6020, 1000.000000000000114 ) ;
#5572 = DIRECTION ( 'NONE',  ( -0.000000000000000000, -1.000000000000000000, 0.000000000000000000 ) ) ;
#5573 = EDGE_CURVE ( 'NONE', #546, #1570, #471, .T. ) ;
#5574 = VECTOR ( 'NONE', #1370, 1000.000000000000000 ) ;
#5575 = B_SPLINE_CURVE_WITH_KNOTS ( 'NONE', 3,
 ( #329, #1717, #797, #1315 ),
 .UNSPECIFIED., .F., .F.,
 ( 4, 4 ),
 ( 0.0003040922579801727619, 0.0004930293277775762116 ),
 .UNSPECIFIED. ) ;
#5576 = CARTESIAN_POINT ( 'NONE',  ( -16.42414633486748698, 5.764999999999999680, 3.931755278065442560 ) ) ;
#5577 = ORIENTED_EDGE ( 'NONE', *, *, #2924, .F. ) ;
#5578 = ORIENTED_EDGE ( 'NONE', *, *, #2181, .T. ) ;
#5579 = DIRECTION ( 'NONE',  ( 0.000000000000000000, 0.000000000000000000, -1.000000000000000000 ) ) ;
#5580 = CARTESIAN_POINT ( 'NONE',  ( 15.34070471705005545, 6.235787267806473189, 19.35330388391050249 ) ) ;
#5581 = AXIS2_PLACEMENT_3D ( 'NONE', #4674, #3228, #5579 ) ;
#5582 = ORIENTED_EDGE ( 'NONE', *, *, #5803, .T. ) ;
#5584 = EDGE_CURVE ( 'NONE', #4390, #4371, #4798, .T. ) ;
#5583 = DIRECTION ( 'NONE',  ( -0.000000000000000000, -1.000000000000000000, -0.000000000000000000 ) ) ;
#5585 = AXIS2_PLACEMENT_3D ( 'NONE', #5280, #1977, #4375 ) ;
#5586 = VERTEX_POINT ( 'NONE', #1394 ) ;
#5587 = DIRECTION ( 'NONE',  ( 0.000000000000000000, -1.000000000000000000, 0.000000000000000000 ) ) ;
#5588 = DIRECTION ( 'NONE',  ( 0.000000000000000000, 0.000000000000000000, 1.000000000000000000 ) ) ;
#5589 = CYLINDRICAL_SURFACE ( 'NONE', #1450, 0.4999999999999991118 ) ;
#5590 = LINE ( 'NONE', #3238, #5076 ) ;
#5591 = ORIENTED_EDGE ( 'NONE', *, *, #6019, .T. ) ;
#5592 = B_SPLINE_CURVE_WITH_KNOTS ( 'NONE', 3,
 ( #789, #2652, #5907, #4011, #5994, #817, #3085, #4444, #1767, #294 ),
 .UNSPECIFIED., .F., .F.,
 ( 4, 2, 2, 2, 4 ),
 ( 0.000000000000000000, 0.0002540264268553403234, 0.0005080528537106806467, 0.0007620792805660209701, 0.001016105707421361293 ),
 .UNSPECIFIED. ) ;
#5593 = LINE ( 'NONE', #3705, #5847 ) ;
#5594 = FACE_OUTER_BOUND ( 'NONE', #5198, .T. ) ;
#5595 = VERTEX_POINT ( 'NONE', #3727 ) ;
#5596 = DIRECTION ( 'NONE',  ( 0.000000000000000000, 0.000000000000000000, 1.000000000000000000 ) ) ;
#5597 = CARTESIAN_POINT ( 'NONE',  ( -20.79608018602539588, 0.000000000000000000, 23.19696497017492476 ) ) ;
#5598 = EDGE_LOOP ( 'NONE', ( #5932, #3197, #1748, #4985 ) ) ;
#5599 = EDGE_LOOP ( 'NONE', ( #1311, #3468, #4492, #336, #3165 ) ) ;
#5600 = LINE ( 'NONE', #769, #456 ) ;
#5601 = DIRECTION ( 'NONE',  ( -0.7660444431189736836, 0.000000000000000000, -0.6427876096865444699 ) ) ;
#5602 = ORIENTED_EDGE ( 'NONE', *, *, #1506, .T. ) ;
#5603 = LINE ( 'NONE', #584, #5866 ) ;
#5604 = ADVANCED_FACE ( 'NONE', ( #4830 ), #2762, .T. ) ;
#5605 = DIRECTION ( 'NONE',  ( 0.000000000000000000, 0.000000000000000000, -1.000000000000000000 ) ) ;
#5606 = CARTESIAN_POINT ( 'NONE',  ( -15.60607930271879873, 6.264999999999999680, 18.59860107532919216 ) ) ;
#5607 = ORIENTED_EDGE ( 'NONE', *, *, #4214, .F. ) ;
#5608 = ORIENTED_EDGE ( 'NONE', *, *, #2557, .T. ) ;
#5609 = CARTESIAN_POINT ( 'NONE',  ( -16.85536625282397338, 5.764999999999999680, 18.50060498289616362 ) ) ;
#5610 = DIRECTION ( 'NONE',  ( -0.8191520442892448184, 0.000000000000000000, -0.5735764363506847818 ) ) ;
#5611 = EDGE_CURVE ( 'NONE', #5723, #409, #4525, .T. ) ;
#5612 = VECTOR ( 'NONE', #4422, 1000.000000000000114 ) ;
#5613 = VERTEX_POINT ( 'NONE', #6046 ) ;
#5614 = CARTESIAN_POINT ( 'NONE',  ( -14.32920972712166652, 3.265000000000000124, 18.66372547473203625 ) ) ;
#5615 = ORIENTED_EDGE ( 'NONE', *, *, #3874, .T. ) ;
#5616 = ORIENTED_EDGE ( 'NONE', *, *, #5652, .F. ) ;
#5617 = CARTESIAN_POINT ( 'NONE',  ( 15.89194039108607015, 5.764999999999999680, 17.35243875097005528 ) ) ;
#5618 = FACE_OUTER_BOUND ( 'NONE', #3278, .T. ) ;
#5619 = CARTESIAN_POINT ( 'NONE',  ( -5.979726014076907958, 6.264999999999999680, -16.42916219820119750 ) ) ;
#5620 = CARTESIAN_POINT ( 'NONE',  ( -9.090100452100568162, 6.235787267806853329, -22.96209193887560573 ) ) ;
#5621 = EDGE_CURVE ( 'NONE', #309, #1680, #406, .T. ) ;
#5622 = LINE ( 'NONE', #3761, #1730 ) ;
#5623 = ORIENTED_EDGE ( 'NONE', *, *, #4668, .T. ) ;
#5624 = VECTOR ( 'NONE', #3474, 1000.000000000000114 ) ;
#5625 = CARTESIAN_POINT ( 'NONE',  ( -11.41561486279142912, 6.229921559809637799, 11.35956963622874838 ) ) ;
#5626 = ORIENTED_EDGE ( 'NONE', *, *, #3841, .T. ) ;
#5627 = DIRECTION ( 'NONE',  ( 0.5000000000000034417, 0.000000000000000000, -0.8660254037844367092 ) ) ;
#5628 = DIRECTION ( 'NONE',  ( -0.1736481776669283328, 0.000000000000000000, -0.9848077530122084644 ) ) ;
#5629 = EDGE_CURVE ( 'NONE', #803, #3239, #4213, .T. ) ;
#5630 = EDGE_CURVE ( 'NONE', #4371, #4672, #2936, .T. ) ;
#5631 = FACE_OUTER_BOUND ( 'NONE', #5822, .T. ) ;
#5632 = EDGE_LOOP ( 'NONE', ( #2471, #4619, #5247, #2926, #4493 ) ) ;
#5633 = ORIENTED_EDGE ( 'NONE', *, *, #4437, .F. ) ;
#5634 = CARTESIAN_POINT ( 'NONE',  ( -19.84842270412917742, 4.241147254709429326, -12.63728674036540411 ) ) ;
#5635 = VERTEX_POINT ( 'NONE', #5145 ) ;
#5636 = DIRECTION ( 'NONE',  ( 0.000000000000000000, 1.000000000000000000, -0.000000000000000000 ) ) ;
#5637 = ADVANCED_FACE ( 'NONE', ( #6079 ), #585, .T. ) ;
#5638 = LINE ( 'NONE', #5730, #2977 ) ;
#5639 = ORIENTED_EDGE ( 'NONE', *, *, #5987, .F. ) ;
#5640 = DIRECTION ( 'NONE',  ( -0.6427876096865573485, 0.000000000000000000, -0.7660444431189629144 ) ) ;
#5641 = CARTESIAN_POINT ( 'NONE',  ( 0.000000000000000000, 5.764999999999999680, 0.000000000000000000 ) ) ;
#5642 = AXIS2_PLACEMENT_3D ( 'NONE', #2473, #183, #1103 ) ;
#5643 = DIRECTION ( 'NONE',  ( 0.7660444431189911141, -0.000000000000000000, 0.6427876096865237088 ) ) ;
#5644 = EDGE_CURVE ( 'NONE', #3914, #5516, #4571, .T. ) ;
#5645 = ORIENTED_EDGE ( 'NONE', *, *, #2366, .F. ) ;
#5646 = ORIENTED_EDGE ( 'NONE', *, *, #5406, .F. ) ;
#5647 = CARTESIAN_POINT ( 'NONE',  ( 17.21793483357267363, 0.000000000000000000, 3.035986463248324885 ) ) ;
#5648 = AXIS2_PLACEMENT_3D ( 'NONE', #281, #4429, #655 ) ;
#5649 = DIRECTION ( 'NONE',  ( -0.08715574274824935963, 0.000000000000000000, -0.9961946980916938088 ) ) ;
#5650 = CARTESIAN_POINT ( 'NONE',  ( -30.95857960530295827, 6.264999999999999680, 4.930811030644369097 ) ) ;
#5651 = CARTESIAN_POINT ( 'NONE',  ( 8.303821354727178417, 6.264999999999999680, -22.81456166729559243 ) ) ;
#5652 = EDGE_CURVE ( 'NONE', #72, #1571, #2245, .T. ) ;
#5653 = CARTESIAN_POINT ( 'NONE',  ( 23.47813231448314397, 6.159543664874282953, 3.283322686267107660 ) ) ;
#5654 = ORIENTED_EDGE ( 'NONE', *, *, #163, .F. ) ;
#5655 = CARTESIAN_POINT ( 'NONE',  ( -7.520258147076429367, 6.238325924937935696, -22.65322754313930886 ) ) ;
#5656 = CARTESIAN_POINT ( 'NONE',  ( -23.24104116510408957, 5.764999999999999680, 3.570000778982597378 ) ) ;
#5657 = ORIENTED_EDGE ( 'NONE', *, *, #4464, .F. ) ;
#5658 = ORIENTED_EDGE ( 'NONE', *, *, #3321, .F. ) ;
#5659 = EDGE_CURVE ( 'NONE', #5532, #1774, #1080, .T. ) ;
#5660 = VECTOR ( 'NONE', #3552, 1000.000000000000000 ) ;
#5661 = AXIS2_PLACEMENT_3D ( 'NONE', #997, #1883, #939 ) ;
#5662 = CARTESIAN_POINT ( 'NONE',  ( 15.29263558886092689, 5.764999999999999680, 19.81189170665698640 ) ) ;
#5663 = EDGE_LOOP ( 'NONE', ( #1074, #1897, #3277, #4458 ) ) ;
#5664 = DIRECTION ( 'NONE',  ( -0.000000000000000000, -1.000000000000000000, 0.000000000000000000 ) ) ;
#5665 = CIRCLE ( 'NONE', #3394, 0.7999999999999986011 ) ;
#5666 = AXIS2_PLACEMENT_3D ( 'NONE', #5168, #2784, #957 ) ;
#5667 = EDGE_CURVE ( 'NONE', #3261, #1945, #4515, .T. ) ;
#5668 = CIRCLE ( 'NONE', #2903, 25.02749999999999275 ) ;
#5669 = CARTESIAN_POINT ( 'NONE',  ( -15.61364137884382153, 6.264999999999999680, 17.79863681674694575 ) ) ;
#5670 = AXIS2_PLACEMENT_3D ( 'NONE', #2194, #2228, #4630 ) ;
#5671 = ORIENTED_EDGE ( 'NONE', *, *, #1226, .T. ) ;
#5672 = CARTESIAN_POINT ( 'NONE',  ( -0.09029705238692785352, 6.264999999999999680, -0.5121000315670560799 ) ) ;
#5673 = CARTESIAN_POINT ( 'NONE',  ( -3.692205798608257705, 6.264999999999999680, -15.66973438633325166 ) ) ;
#5674 = VECTOR ( 'NONE', #136, 1000.000000000000000 ) ;
#5675 = ORIENTED_EDGE ( 'NONE', *, *, #599, .F. ) ;
#5676 = ORIENTED_EDGE ( 'NONE', *, *, #768, .T. ) ;
#5677 = ORIENTED_EDGE ( 'NONE', *, *, #1887, .T. ) ;
#5678 = AXIS2_PLACEMENT_3D ( 'NONE', #6051, #1337, #4154 ) ;
#5679 = CARTESIAN_POINT ( 'NONE',  ( -30.48720104788181828, 3.265000000000000124, 6.411451255149191120 ) ) ;
#5680 = CYLINDRICAL_SURFACE ( 'NONE', #2320, 0.4999999999999998890 ) ;
#5681 = SURFACE_STYLE_USAGE ( .BOTH. , #1429 ) ;
#5682 = PLANE ( 'NONE',  #5678 ) ;
#5683 = EDGE_CURVE ( 'NONE', #4527, #4274, #1766, .T. ) ;
#5684 = CARTESIAN_POINT ( 'NONE',  ( -15.41649094842271239, 5.764999999999999680, 4.637323175571033573 ) ) ;
#5685 = AXIS2_PLACEMENT_3D ( 'NONE', #3940, #5713, #1064 ) ;
#5686 = ORIENTED_EDGE ( 'NONE', *, *, #943, .T. ) ;
#5687 = PLANE ( 'NONE',  #2596 ) ;
#5688 = VERTEX_POINT ( 'NONE', #2996 ) ;
#5689 = PLANE ( 'NONE',  #3087 ) ;
#5690 = CARTESIAN_POINT ( 'NONE',  ( -14.82292676008614407, 6.255216944177810490, 18.77167529994957107 ) ) ;
#5691 = EDGE_CURVE ( 'NONE', #168, #1561, #5263, .T. ) ;
#5692 = ORIENTED_EDGE ( 'NONE', *, *, #3348, .T. ) ;
#5693 = VERTEX_POINT ( 'NONE', #644 ) ;
#5694 = CARTESIAN_POINT ( 'NONE',  ( -20.21386016967311150, 4.221937406372789248, -12.06332197743285306 ) ) ;
#5695 = ORIENTED_EDGE ( 'NONE', *, *, #3697, .F. ) ;
#5696 = FACE_OUTER_BOUND ( 'NONE', #3815, .T. ) ;
#5697 = EDGE_CURVE ( 'NONE', #379, #2706, #6006, .T. ) ;
#5698 = DIRECTION ( 'NONE',  ( -0.08715574274696420709, 0.000000000000000000, -0.9961946980918062744 ) ) ;
#5699 = CARTESIAN_POINT ( 'NONE',  ( -15.85814145652950380, 6.238325924937500488, 17.83934836995326378 ) ) ;
#5700 = ORIENTED_EDGE ( 'NONE', *, *, #5652, .T. ) ;
#5701 = CARTESIAN_POINT ( 'NONE',  ( -12.50178425574864782, 5.764999999999999680, 17.85439826558410203 ) ) ;
#5702 = CARTESIAN_POINT ( 'NONE',  ( 6.183365160192088261, 6.264999999999999680, -15.46827786578618458 ) ) ;
#5703 = CARTESIAN_POINT ( 'NONE',  ( 0.9855541338458263523, 6.264999999999999680, 1.174537679710378146 ) ) ;
#5704 = EDGE_CURVE ( 'NONE', #4560, #5224, #5217, .T. ) ;
#5705 = EDGE_LOOP ( 'NONE', ( #3350, #1986, #4443, #4521 ) ) ;
#5706 = ORIENTED_EDGE ( 'NONE', *, *, #1274, .F. ) ;
#5707 = CARTESIAN_POINT ( 'NONE',  ( -30.48720104788181828, 5.764999999999999680, 6.411451255149191120 ) ) ;
#5708 = ORIENTED_EDGE ( 'NONE', *, *, #26, .T. ) ;
#5709 = ORIENTED_EDGE ( 'NONE', *, *, #1211, .F. ) ;
#5710 = LINE ( 'NONE', #3849, #3392 ) ;
#5711 = CARTESIAN_POINT ( 'NONE',  ( 11.57262139638190490, 6.114145032862505325, 11.19540583005807122 ) ) ;
#5712 = FILL_AREA_STYLE ('',( #3360 ) ) ;
#5713 = DIRECTION ( 'NONE',  ( -0.9063077870368542177, 0.000000000000000000, -0.4226182617402615693 ) ) ;
#5714 = AXIS2_PLACEMENT_3D ( 'NONE', #3592, #1263, #3192 ) ;
#5715 = CARTESIAN_POINT ( 'NONE',  ( 23.52186717384546455, 6.264999999999999680, 4.915553341788830188 ) ) ;
#5716 = ORIENTED_EDGE ( 'NONE', *, *, #3628, .T. ) ;
#5717 = EDGE_CURVE ( 'NONE', #4235, #3344, #2028, .T. ) ;
#5718 = DIRECTION ( 'NONE',  ( -0.000000000000000000, 1.000000000000000000, -0.000000000000000000 ) ) ;
#5719 = EDGE_LOOP ( 'NONE', ( #513, #4066, #1414, #1939 ) ) ;
#5720 = DIRECTION ( 'NONE',  ( 0.1736481776669362154, 0.000000000000000000, -0.9848077530122071321 ) ) ;
#5721 = CARTESIAN_POINT ( 'NONE',  ( -0.9855541338493460923, 6.264999999999999680, 1.174537679707344129 ) ) ;
#5722 = ORIENTED_EDGE ( 'NONE', *, *, #1449, .F. ) ;
#5723 = VERTEX_POINT ( 'NONE', #4485 ) ;
#5724 = FACE_OUTER_BOUND ( 'NONE', #4503, .T. ) ;
#5725 = EDGE_CURVE ( 'NONE', #1302, #2798, #3899, .T. ) ;
#5726 = CARTESIAN_POINT ( 'NONE',  ( -16.34368263329290372, 6.264999999999999680, 18.28885710568595613 ) ) ;
#5727 = ORIENTED_EDGE ( 'NONE', *, *, #5226, .F. ) ;
#5728 = DIRECTION ( 'NONE',  ( -0.000000000000000000, -1.000000000000000000, -0.000000000000000000 ) ) ;
#5729 = EDGE_CURVE ( 'NONE', #925, #27, #6040, .T. ) ;
#5730 = CARTESIAN_POINT ( 'NONE',  ( 11.61707311970207712, 0.000000000000000000, 12.25785032243555506 ) ) ;
#5731 = CARTESIAN_POINT ( 'NONE',  ( 7.081682580411109207, 6.264999999999999680, -22.43904346959338980 ) ) ;
#5732 = DIRECTION ( 'NONE',  ( -0.000000000000000000, -1.000000000000000000, 0.000000000000000000 ) ) ;
#5733 = VERTEX_POINT ( 'NONE', #4359 ) ;
#5734 = EDGE_CURVE ( 'NONE', #1650, #5401, #1109, .T. ) ;
#5735 = DIRECTION ( 'NONE',  ( -0.000000000000000000, 1.000000000000000000, -0.000000000000000000 ) ) ;
#5736 = VERTEX_POINT ( 'NONE', #2140 ) ;
#5737 = ORIENTED_EDGE ( 'NONE', *, *, #534, .F. ) ;
#5738 = DIRECTION ( 'NONE',  ( 0.000000000000000000, 0.000000000000000000, 1.000000000000000000 ) ) ;
#5739 = CYLINDRICAL_SURFACE ( 'NONE', #172, 0.5000000000000001110 ) ;
#5740 = CARTESIAN_POINT ( 'NONE',  ( 24.80391930942181489, 5.764999999999999680, 3.337865057441843586 ) ) ;
#5741 = CARTESIAN_POINT ( 'NONE',  ( 0.000000000000000000, 0.000000000000000000, 0.000000000000000000 ) ) ;
#5742 = CARTESIAN_POINT ( 'NONE',  ( -10.05434245573797369, 3.265000000000000124, 13.56913704619718430 ) ) ;
#5743 = AXIS2_PLACEMENT_3D ( 'NONE', #5331, #4305, #102 ) ;
#5744 = CARTESIAN_POINT ( 'NONE',  ( 11.60809380826084514, 0.000000000000000000, -28.91069513294267423 ) ) ;
#5745 = ORIENTED_EDGE ( 'NONE', *, *, #952, .T. ) ;
#5746 = CARTESIAN_POINT ( 'NONE',  ( -22.97362297149675214, 3.265000000000000124, 5.086604718622892207 ) ) ;
#5747 = DIRECTION ( 'NONE',  ( 0.000000000000000000, 1.000000000000000000, 0.000000000000000000 ) ) ;
#5748 = AXIS2_PLACEMENT_3D ( 'NONE', #2206, #4178, #898 ) ;
#5749 = CARTESIAN_POINT ( 'NONE',  ( -15.91225471487957321, 6.255135421643470472, 17.85731327722702488 ) ) ;
#5750 = VERTEX_POINT ( 'NONE', #1659 ) ;
#5751 = ORIENTED_EDGE ( 'NONE', *, *, #5355, .T. ) ;
#5752 = CARTESIAN_POINT ( 'NONE',  ( 0.000000000000000000, 0.000000000000000000, 0.000000000000000000 ) ) ;
#5753 = CARTESIAN_POINT ( 'NONE',  ( 15.77980646323074865, 6.253063204681833298, 17.81334215753925676 ) ) ;
#5754 = ORIENTED_EDGE ( 'NONE', *, *, #2970, .F. ) ;
#5755 = CARTESIAN_POINT ( 'NONE',  ( 6.724046161570117697, 6.057893218813451774, -15.49188450811890938 ) ) ;
#5756 = EDGE_CURVE ( 'NONE', #3944, #4259, #2940, .T. ) ;
#5757 = CIRCLE ( 'NONE', #1325, 0.8000000000026805669 ) ;
#5758 = VECTOR ( 'NONE', #2554, 1000.000000000000000 ) ;
#5759 = CARTESIAN_POINT ( 'NONE',  ( 10.05434245573840890, 6.057893218813451774, 13.56913704619687522 ) ) ;
#5760 = CARTESIAN_POINT ( 'NONE',  ( -15.59851722659965212, 6.264999999999999680, 19.39856533391149540 ) ) ;
#5761 = CARTESIAN_POINT ( 'NONE',  ( 23.26391297032615313, 6.264999999999999680, 4.695405119402430216 ) ) ;
#5762 = EDGE_CURVE ( 'NONE', #2321, #4733, #2112, .T. ) ;
#5763 = ORIENTED_EDGE ( 'NONE', *, *, #2526, .T. ) ;
#5764 = VECTOR ( 'NONE', #3243, 1000.000000000000114 ) ;
#5765 = ORIENTED_EDGE ( 'NONE', *, *, #2683, .T. ) ;
#5766 = VECTOR ( 'NONE', #3458, 999.9999999999998863 ) ;
#5767 = DIRECTION ( 'NONE',  ( 0.000000000000000000, 0.000000000000000000, 1.000000000000000000 ) ) ;
#5768 = VERTEX_POINT ( 'NONE', #5449 ) ;
#5769 = EDGE_LOOP ( 'NONE', ( #1317, #3103, #2611, #2877, #6090 ) ) ;
#5770 = DIRECTION ( 'NONE',  ( -0.8191520442893338583, 0.000000000000000000, 0.5735764363505577723 ) ) ;
#5771 = PLANE ( 'NONE',  #5079 ) ;
#5772 = CARTESIAN_POINT ( 'NONE',  ( -20.79608018602539588, 3.265000000000000124, 23.19696497017492476 ) ) ;
#5773 = EDGE_CURVE ( 'NONE', #262, #3159, #3190, .T. ) ;
#5774 = FACE_OUTER_BOUND ( 'NONE', #287, .T. ) ;
#5775 = AXIS2_PLACEMENT_3D ( 'NONE', #1428, #5150, #441 ) ;
#5776 = CARTESIAN_POINT ( 'NONE',  ( -0.4886401628094284022, 6.264999999999999680, -0.1778504745296227707 ) ) ;
#5777 = ORIENTED_EDGE ( 'NONE', *, *, #4707, .F. ) ;
#5778 = DIRECTION ( 'NONE',  ( -0.000000000000000000, 1.000000000000000000, -0.000000000000000000 ) ) ;
#5779 = DIRECTION ( 'NONE',  ( -0.000000000000000000, -1.000000000000000000, -0.000000000000000000 ) ) ;
#5780 = EDGE_CURVE ( 'NONE', #5635, #1511, #2162, .T. ) ;
#5781 = VECTOR ( 'NONE', #5026, 1000.000000000000114 ) ;
#5782 = CARTESIAN_POINT ( 'NONE',  ( -12.14675912257044210, 6.264999999999999680, -29.71356785366570108 ) ) ;
#5783 = ORIENTED_EDGE ( 'NONE', *, *, #4514, .T. ) ;
#5784 = ORIENTED_EDGE ( 'NONE', *, *, #3422, .F. ) ;
#5785 = CARTESIAN_POINT ( 'NONE',  ( -9.511283720561253929, 6.264999999999999680, -23.14975676409983407 ) ) ;
#5786 = LINE ( 'NONE', #2505, #2015 ) ;
#5787 = EDGE_LOOP ( 'NONE', ( #331, #5794, #723, #5082 ) ) ;
#5788 = PLANE ( 'NONE',  #2214 ) ;
#5789 = CARTESIAN_POINT ( 'NONE',  ( -20.79608018602539588, 5.764999999999999680, 23.19696497017492476 ) ) ;
#5790 = CYLINDRICAL_SURFACE ( 'NONE', #3572, 0.8000000000027256419 ) ;
#5791 = EDGE_CURVE ( 'NONE', #3130, #4390, #1141, .T. ) ;
#5792 = CARTESIAN_POINT ( 'NONE',  ( 23.90990065744999526, 0.000000000000000000, 4.215960591964933890 ) ) ;
#5793 = CARTESIAN_POINT ( 'NONE',  ( 31.37141457813754641, 6.264999999999999680, 6.802515648106712831 ) ) ;
#5794 = ORIENTED_EDGE ( 'NONE', *, *, #156, .T. ) ;
#5795 = CARTESIAN_POINT ( 'NONE',  ( 3.692205798609079270, 0.000000000000000000, -15.66973438633268856 ) ) ;
#5796 = ORIENTED_EDGE ( 'NONE', *, *, #4175, .F. ) ;
#5797 = EDGE_CURVE ( 'NONE', #4783, #1353, #2538, .T. ) ;
#5798 = VERTEX_POINT ( 'NONE', #2569 ) ;
#5799 = CARTESIAN_POINT ( 'NONE',  ( 5.206084834573428743, 6.264999999999999680, -15.82397881484279267 ) ) ;
#5800 = CARTESIAN_POINT ( 'NONE',  ( 14.71223194868166395, 6.264999999999999680, 18.34233166988837027 ) ) ;
#5801 = DIRECTION ( 'NONE',  ( 0.08715574274696420709, -0.000000000000000000, 0.9961946980918062744 ) ) ;
#5802 = PLANE ( 'NONE',  #2448 ) ;
#5803 = EDGE_CURVE ( 'NONE', #1587, #2698, #3340, .T. ) ;
#5804 = CARTESIAN_POINT ( 'NONE',  ( 22.97362297149689070, 0.000000000000000000, 5.086604718622284693 ) ) ;
#5805 = AXIS2_PLACEMENT_3D ( 'NONE', #2215, #717, #1212 ) ;
#5806 = VERTEX_POINT ( 'NONE', #3033 ) ;
#5807 =( BOUNDED_CURVE ( )  B_SPLINE_CURVE ( 3, ( #1751, #1813, #3686, #896 ),
 .UNSPECIFIED., .F., .T. ) 
 B_SPLINE_CURVE_WITH_KNOTS ( ( 4, 4 ),
 ( 4.712388980384693227, 6.283185307179586232 ),
 .UNSPECIFIED. ) 
 CURVE ( )  GEOMETRIC_REPRESENTATION_ITEM ( )  RATIONAL_B_SPLINE_CURVE ( ( 1.000000000000000000, 0.8047378541243658256, 0.8047378541243658256, 1.000000000000000000 ) ) 
 REPRESENTATION_ITEM ( '' )  );
#5808 = DIRECTION ( 'NONE',  ( 0.8710089201476161058, 0.4912671992137107591, 0.000000000000000000 ) ) ;
#5809 = CARTESIAN_POINT ( 'NONE',  ( -7.209326156193541557, 5.934027361111972709, -14.39504718728822574 ) ) ;
#5810 = ORIENTED_EDGE ( 'NONE', *, *, #5987, .T. ) ;
#5811 = VECTOR ( 'NONE', #249, 999.9999999999998863 ) ;
#5812 = ORIENTED_EDGE ( 'NONE', *, *, #2295, .T. ) ;
#5813 = CARTESIAN_POINT ( 'NONE',  ( 16.39539829303736340, 6.235787267805846135, 18.46831089329668885 ) ) ;
#5814 = ADVANCED_FACE ( 'NONE', ( #4490 ), #3438, .T. ) ;
#5815 = EDGE_LOOP ( 'NONE', ( #289, #4851, #4816, #6068, #495, #49 ) ) ;
#5816 = CARTESIAN_POINT ( 'NONE',  ( 30.77798550052926174, 6.264999999999999680, 5.955011093778010078 ) ) ;
#5817 = B_SPLINE_CURVE_WITH_KNOTS ( 'NONE', 3,
 ( #2696, #371, #1290, #1724, #6073, #4611 ),
 .UNSPECIFIED., .F., .F.,
 ( 4, 2, 4 ),
 ( 0.000000000000000000, 0.0003644118814602197338, 0.0007288237629204394677 ),
 .UNSPECIFIED. ) ;
#5818 = CARTESIAN_POINT ( 'NONE',  ( 16.07282071980216287, 5.764999999999999680, 0.9150920754745583974 ) ) ;
#5819 = DIRECTION ( 'NONE',  ( 0.000000000000000000, 0.000000000000000000, -1.000000000000000000 ) ) ;
#5820 = DIRECTION ( 'NONE',  ( 0.000000000000000000, 0.000000000000000000, 1.000000000000000000 ) ) ;
#5821 = CARTESIAN_POINT ( 'NONE',  ( -31.84909871781260904, 5.764999999999999680, 3.696875540765334645 ) ) ;
#5822 = EDGE_LOOP ( 'NONE', ( #208, #5053, #4324, #2565, #4911 ) ) ;
#5823 = B_SPLINE_CURVE_WITH_KNOTS ( 'NONE', 3,
 ( #616, #2031, #5358, #5302, #3378, #4269 ),
 .UNSPECIFIED., .F., .F.,
 ( 4, 2, 4 ),
 ( 0.000000000000000000, 0.0003644118814583269337, 0.0007288237629166538674 ),
 .UNSPECIFIED. ) ;
#5824 = CARTESIAN_POINT ( 'NONE',  ( 22.16644285628295208, 0.000000000000000000, -11.62000720090749972 ) ) ;
#5825 = ORIENTED_EDGE ( 'NONE', *, *, #5667, .F. ) ;
#5826 = VERTEX_POINT ( 'NONE', #5793 ) ;
#5827 = CARTESIAN_POINT ( 'NONE',  ( 31.19951267229354031, 5.915251510363442655, 7.397720104716775325 ) ) ;
#5828 = CARTESIAN_POINT ( 'NONE',  ( 0.000000000000000000, 5.764999999999999680, -24.02999999999999758 ) ) ;
#5829 = DIRECTION ( 'NONE',  ( 0.000000000000000000, 1.000000000000000000, 0.000000000000000000 ) ) ;
#5830 = EDGE_CURVE ( 'NONE', #5559, #3084, #4427, .T. ) ;
#5831 = CARTESIAN_POINT ( 'NONE',  ( -11.61707311970166501, 0.000000000000000000, 12.25785032243587658 ) ) ;
#5832 = CARTESIAN_POINT ( 'NONE',  ( 19.21032001071086981, 6.044248922266396207, 25.67953737599576769 ) ) ;
#5833 = EDGE_LOOP ( 'NONE', ( #1725, #1341, #5260, #3888 ) ) ;
#5834 = CARTESIAN_POINT ( 'NONE',  ( -15.60607930271879873, -6.264999999999999680, 17.79860107532646651 ) ) ;
#5835 = CARTESIAN_POINT ( 'NONE',  ( -1.019999999997242446, 0.000000000000000000, 23.50788165701039034 ) ) ;
#5836 = EDGE_CURVE ( 'NONE', #2120, #3864, #1233, .T. ) ;
#5837 = CARTESIAN_POINT ( 'NONE',  ( -7.243917375737627395, 5.851846802861057739, -14.37701709155922991 ) ) ;
#5838 = ORIENTED_EDGE ( 'NONE', *, *, #1501, .F. ) ;
#5839 = CIRCLE ( 'NONE', #5348, 14.57731163100804928 ) ;
#5840 = EDGE_LOOP ( 'NONE', ( #3860, #5114 ) ) ;
#5841 = CARTESIAN_POINT ( 'NONE',  ( -19.12613749183868350, 5.764999999999999680, 25.73369080688125976 ) ) ;
#5842 =( BOUNDED_CURVE ( )  B_SPLINE_CURVE ( 3, ( #1503, #4206, #5694, #5634 ),
 .UNSPECIFIED., .F., .T. ) 
 B_SPLINE_CURVE_WITH_KNOTS ( ( 4, 4 ),
 ( 6.239822803045045774, 6.326547811314126690 ),
 .UNSPECIFIED. ) 
 CURVE ( )  GEOMETRIC_REPRESENTATION_ITEM ( )  RATIONAL_B_SPLINE_CURVE ( ( 1.000000000000000000, 0.9993733292820589087, 0.9993733292820589087, 1.000000000000000000 ) ) 
 REPRESENTATION_ITEM ( '' )  );
#5843 = CARTESIAN_POINT ( 'NONE',  ( 23.22089232546057858, 6.264999999999999680, 4.622491671285558823 ) ) ;
#5844 = ORIENTED_EDGE ( 'NONE', *, *, #2744, .F. ) ;
#5845 = CARTESIAN_POINT ( 'NONE',  ( -11.72428514981518255, 5.764999999999999680, 11.03241121076153597 ) ) ;
#5846 = DIRECTION ( 'NONE',  ( 0.9961946980917275596, -0.000000000000000000, -0.08715574274786325182 ) ) ;
#5847 = VECTOR ( 'NONE', #3414, 1000.000000000000000 ) ;
#5848 = EDGE_CURVE ( 'NONE', #849, #3551, #4399, .T. ) ;
#5849 = EDGE_CURVE ( 'NONE', #2715, #5564, #2673, .T. ) ;
#5850 = CARTESIAN_POINT ( 'NONE',  ( 16.07113963096409748, 5.934027361112018006, 0.9540639982121634777 ) ) ;
#5851 = AXIS2_PLACEMENT_3D ( 'NONE', #129, #3495, #4915 ) ;
#5852 = CARTESIAN_POINT ( 'NONE',  ( 15.41649094842344958, 5.764999999999999680, 4.637323175571752998 ) ) ;
#5853 = DIRECTION ( 'NONE',  ( 0.000000000000000000, 1.000000000000000000, 0.000000000000000000 ) ) ;
#5854 = AXIS2_PLACEMENT_3D ( 'NONE', #5656, #3710, #5628 ) ;
#5855 = AXIS2_PLACEMENT_3D ( 'NONE', #947, #5220, #4657 ) ;
#5856 = CARTESIAN_POINT ( 'NONE',  ( -15.59851722659965212, 6.264999999999999680, 19.39856533391149540 ) ) ;
#5857 = ORIENTED_EDGE ( 'NONE', *, *, #2932, .F. ) ;
#5858 = STYLED_ITEM ( 'NONE', ( #4712 ), #4414 ) ;
#5859 = CARTESIAN_POINT ( 'NONE',  ( -15.87481365298575398, 6.159543664874939317, 17.60662364911415523 ) ) ;
#5860 = VERTEX_POINT ( 'NONE', #5363 ) ;
#5861 = ORIENTED_EDGE ( 'NONE', *, *, #4795, .T. ) ;
#5862 = CARTESIAN_POINT ( 'NONE',  ( -22.02151929897088678, 5.764999999999999680, 23.30417700039917506 ) ) ;
#5863 = CARTESIAN_POINT ( 'NONE',  ( 16.42414633486760067, 6.057893218813451774, 3.931755278064975823 ) ) ;
#5864 = DIRECTION ( 'NONE',  ( 0.000000000000000000, 0.000000000000000000, 1.000000000000000000 ) ) ;
#5865 = CIRCLE ( 'NONE', #1047, 14.64608244481091859 ) ;
#5866 = VECTOR ( 'NONE', #1961, 1000.000000000000000 ) ;
#5867 = DIRECTION ( 'NONE',  ( 0.4226182617401657571, 0.000000000000000000, -0.9063077870368989597 ) ) ;
#5868 = ORIENTED_EDGE ( 'NONE', *, *, #5262, .T. ) ;
#5869 = CARTESIAN_POINT ( 'NONE',  ( -16.42414633486748698, 5.764999999999999680, 3.931755278065442560 ) ) ;
#5870 = ORIENTED_EDGE ( 'NONE', *, *, #4994, .T. ) ;
#5871 = CARTESIAN_POINT ( 'NONE',  ( -30.84144333032262608, 5.764999999999999680, 4.402443439002778014 ) ) ;
#5872 = CARTESIAN_POINT ( 'NONE',  ( -8.303821354726347082, 0.000000000000000000, -22.01456166729589370 ) ) ;
#5873 = EDGE_CURVE ( 'NONE', #867, #1587, #4861, .T. ) ;
#5874 = DIRECTION ( 'NONE',  ( 0.6427876096865237088, 0.000000000000000000, -0.7660444431189911141 ) ) ;
#5875 = TOROIDAL_SURFACE ( 'NONE', #2124, 24.52749999999999631, 0.5000000000000000000 ) ;
#5876 = ORIENTED_EDGE ( 'NONE', *, *, #1112, .F. ) ;
#5877 = ORIENTED_EDGE ( 'NONE', *, *, #4917, .T. ) ;
#5878 = DIRECTION ( 'NONE',  ( 0.000000000000000000, 0.000000000000000000, 1.000000000000000000 ) ) ;
#5879 = CARTESIAN_POINT ( 'NONE',  ( -14.32920972712166474, 5.888645333209781008, 18.66372547473203625 ) ) ;
#5880 = VERTEX_POINT ( 'NONE', #4946 ) ;
#5881 = LINE ( 'NONE', #1657, #4368 ) ;
#5882 = CARTESIAN_POINT ( 'NONE',  ( -8.849122598505328341, 6.210085216637773797, -22.07872135265772329 ) ) ;
#5883 = ADVANCED_FACE ( 'NONE', ( #4892 ), #990, .T. ) ;
#5884 = CIRCLE ( 'NONE', #2423, 0.7999999999999986011 ) ;
#5885 = DIRECTION ( 'NONE',  ( 0.000000000000000000, 0.000000000000000000, 1.000000000000000000 ) ) ;
#5886 = VECTOR ( 'NONE', #4811, 1000.000000000000000 ) ;
#5887 = DIRECTION ( 'NONE',  ( 0.5735764363506832275, 0.000000000000000000, -0.8191520442892458176 ) ) ;
#5888 = EDGE_CURVE ( 'NONE', #4790, #3130, #2600, .T. ) ;
#5889 = FACE_OUTER_BOUND ( 'NONE', #4640, .T. ) ;
#5890 = CARTESIAN_POINT ( 'NONE',  ( -31.80608415963236979, 6.264999999999999680, 4.337381953036409499 ) ) ;
#5891 = ORIENTED_EDGE ( 'NONE', *, *, #1772, .F. ) ;
#5892 = CYLINDRICAL_SURFACE ( 'NONE', #3959, 23.52999999999999758 ) ;
#5893 = ORIENTED_EDGE ( 'NONE', *, *, #3416, .T. ) ;
#5894 = VERTEX_POINT ( 'NONE', #5856 ) ;
#5895 = ADVANCED_FACE ( 'NONE', ( #739 ), #4918, .T. ) ;
#5896 = CYLINDRICAL_SURFACE ( 'NONE', #2509, 14.57731163100804928 ) ;
#5897 = DIRECTION ( 'NONE',  ( -0.8191520442892442633, 0.000000000000000000, -0.5735764363506854480 ) ) ;
#5898 = DIRECTION ( 'NONE',  ( 0.000000000000000000, 1.000000000000000000, 0.000000000000000000 ) ) ;
#5899 = DIRECTION ( 'NONE',  ( 0.9063077870368544398, 0.000000000000000000, 0.4226182617402610697 ) ) ;
#5900 = CARTESIAN_POINT ( 'NONE',  ( -24.44967702698092893, 5.884670988163833272, 5.346872873588896624 ) ) ;
#5901 = EDGE_LOOP ( 'NONE', ( #729, #5352, #3232, #3737, #2758 ) ) ;
#5902 = LINE ( 'NONE', #5023, #953 ) ;
#5903 = ORIENTED_EDGE ( 'NONE', *, *, #2526, .F. ) ;
#5904 = ORIENTED_EDGE ( 'NONE', *, *, #3086, .T. ) ;
#5905 = ADVANCED_FACE ( 'NONE', ( #2484 ), #5426, .T. ) ;
#5906 = AXIS2_PLACEMENT_3D ( 'NONE', #4031, #3630, #2616 ) ;
#5907 = CARTESIAN_POINT ( 'NONE',  ( -9.346433687949314617, 6.255860970744405058, 13.11608534626011213 ) ) ;
#5908 = CARTESIAN_POINT ( 'NONE',  ( -11.61707311970166145, 6.057893218813449998, 12.25785032243587125 ) ) ;
#5909 = ORIENTED_EDGE ( 'NONE', *, *, #444, .F. ) ;
#5910 = DIRECTION ( 'NONE',  ( 0.4226182617402906017, 0.000000000000000000, 0.9063077870368406730 ) ) ;
#5911 = CYLINDRICAL_SURFACE ( 'NONE', #4758, 0.5000000000000000000 ) ;
#5912 = VECTOR ( 'NONE', #5946, 1000.000000000000000 ) ;
#5913 = CARTESIAN_POINT ( 'NONE',  ( -11.23820881949889028, 0.000000000000000000, 13.39317573496176550 ) ) ;
#5914 = EDGE_CURVE ( 'NONE', #695, #1495, #1476, .T. ) ;
#5915 = PLANE ( 'NONE',  #151 ) ;
#5916 = CARTESIAN_POINT ( 'NONE',  ( -22.97362297149675214, 5.764999999999999680, 5.086604718622892207 ) ) ;
#5917 = DIRECTION ( 'NONE',  ( 0.4226182617410740305, 0.000000000000000000, -0.9063077870364752986 ) ) ;
#5918 = ADVANCED_FACE ( 'NONE', ( #707 ), #2572, .T. ) ;
#5919 = CARTESIAN_POINT ( 'NONE',  ( 16.77838861730841558, 0.000000000000000000, 1.922747461918894674 ) ) ;
#5920 = ORIENTED_EDGE ( 'NONE', *, *, #542, .T. ) ;
#5921 = ORIENTED_EDGE ( 'NONE', *, *, #3868, .T. ) ;
#5922 = CARTESIAN_POINT ( 'NONE',  ( -8.828903344063828484, 0.000000000000000000, 13.46192501608416947 ) ) ;
#5923 = DIRECTION ( 'NONE',  ( 0.000000000000000000, 1.000000000000000000, 0.000000000000000000 ) ) ;
#5925 = EDGE_CURVE ( 'NONE', #4139, #5401, #3558, .T. ) ;
#5924 = DIRECTION ( 'NONE',  ( -0.9848077530122211209, 0.000000000000000000, -0.1736481776668561960 ) ) ;
#5926 = ORIENTED_EDGE ( 'NONE', *, *, #3051, .F. ) ;
#5927 = CARTESIAN_POINT ( 'NONE',  ( 20.86842270412794775, 3.265000000000000124, -10.87059491664726174 ) ) ;
#5928 = ORIENTED_EDGE ( 'NONE', *, *, #2824, .F. ) ;
#5929 = CARTESIAN_POINT ( 'NONE',  ( 23.90990065744999526, 0.000000000000000000, 3.415960591962166060 ) ) ;
#5930 = DIRECTION ( 'NONE',  ( -0.000000000000000000, 1.000000000000000000, -0.000000000000000000 ) ) ;
#5931 = VERTEX_POINT ( 'NONE', #1113 ) ;
#5932 = ORIENTED_EDGE ( 'NONE', *, *, #5433, .F. ) ;
#5933 = DIRECTION ( 'NONE',  ( -0.9848077530122080203, 0.000000000000000000, -0.1736481776669306643 ) ) ;
#5934 = CARTESIAN_POINT ( 'NONE',  ( -16.77838861730829123, 5.764999999999999680, 1.922747461919029899 ) ) ;
#5935 = VERTEX_POINT ( 'NONE', #3655 ) ;
#5936 = FACE_OUTER_BOUND ( 'NONE', #3518, .T. ) ;
#5937 = DIRECTION ( 'NONE',  ( 0.000000000000000000, 0.000000000000000000, 1.000000000000000000 ) ) ;
#5938 = CIRCLE ( 'NONE', #2873, 23.52999999999999758 ) ;
#5939 = CARTESIAN_POINT ( 'NONE',  ( 10.05434245573841068, 0.000000000000000000, 13.56913704619687699 ) ) ;
#5940 = DIRECTION ( 'NONE',  ( 0.000000000000000000, 0.000000000000000000, 1.000000000000000000 ) ) ;
#5941 = CARTESIAN_POINT ( 'NONE',  ( 11.17258253940787682, 6.264999999999999680, 11.60154428044662289 ) ) ;
#5942 = VECTOR ( 'NONE', #430, 1000.000000000000000 ) ;
#5943 = CARTESIAN_POINT ( 'NONE',  ( -3.692205798608258149, 5.851862816039522741, -15.66973438633325877 ) ) ;
#5944 = EDGE_CURVE ( 'NONE', #2543, #4161, #5483, .T. ) ;
#5945 = VECTOR ( 'NONE', #4890, 1000.000000000000000 ) ;
#5946 = DIRECTION ( 'NONE',  ( -0.000000000000000000, -1.000000000000000000, -0.000000000000000000 ) ) ;
#5947 = B_SPLINE_CURVE_WITH_KNOTS ( 'NONE', 3,
 ( #1655, #5753, #184, #5325 ),
 .UNSPECIFIED., .F., .F.,
 ( 4, 4 ),
 ( 0.0002320008640114858665, 0.0004814755169060987421 ),
 .UNSPECIFIED. ) ;
#5948 = DIRECTION ( 'NONE',  ( -0.000000000000000000, -1.000000000000000000, -0.000000000000000000 ) ) ;
#5949 = ORIENTED_EDGE ( 'NONE', *, *, #5914, .F. ) ;
#5950 = ORIENTED_EDGE ( 'NONE', *, *, #3201, .T. ) ;
#5951 = AXIS2_PLACEMENT_3D ( 'NONE', #3742, #2865, #5160 ) ;
#5952 = VECTOR ( 'NONE', #2786, 1000.000000000000114 ) ;
#5953 = FACE_OUTER_BOUND ( 'NONE', #3336, .T. ) ;
#5954 = FACE_OUTER_BOUND ( 'NONE', #4679, .T. ) ;
#5955 = ADVANCED_FACE ( 'NONE', ( #2268 ), #2755, .T. ) ;
#5956 = CARTESIAN_POINT ( 'NONE',  ( -31.22231432244325688, 6.043643711280867414, 7.323943766794005050 ) ) ;
#5957 = COLOUR_RGB ( '',0.7921568627450980005, 0.8196078431372548767, 0.9333333333333333481 ) ;
#5958 = VECTOR ( 'NONE', #5718, 1000.000000000000000 ) ;
#5959 = DIRECTION ( 'NONE',  ( -0.000000000000000000, -1.000000000000000000, -0.000000000000000000 ) ) ;
#5960 = ORIENTED_EDGE ( 'NONE', *, *, #96, .T. ) ;
#5961 = CARTESIAN_POINT ( 'NONE',  ( 16.39539829303736340, 6.235787267805846135, 18.46831089329668885 ) ) ;
#5962 = ADVANCED_FACE ( 'NONE', ( #3128 ), #2660, .F. ) ;
#5963 = LINE ( 'NONE', #4502, #355 ) ;
#5964 = ORIENTED_EDGE ( 'NONE', *, *, #3160, .F. ) ;
#5965 = EDGE_LOOP ( 'NONE', ( #1020, #5457, #2741, #995, #1668, #3262, #162 ) ) ;
#5966 = VECTOR ( 'NONE', #507, 1000.000000000000000 ) ;
#5967 = DIRECTION ( 'NONE',  ( 0.000000000000000000, 0.000000000000000000, 1.000000000000000000 ) ) ;
#5968 = CARTESIAN_POINT ( 'NONE',  ( -15.61364137884382153, 6.264999999999999680, 17.79863681674694575 ) ) ;
#5969 = ORIENTED_EDGE ( 'NONE', *, *, #604, .T. ) ;
#5970 = DIRECTION ( 'NONE',  ( 1.000000000000000000, 0.000000000000000000, 0.000000000000000000 ) ) ;
#5971 = DIRECTION ( 'NONE',  ( 0.000000000000000000, 0.000000000000000000, -1.000000000000000000 ) ) ;
#5972 = VECTOR ( 'NONE', #4093, 1000.000000000000114 ) ;
#5973 = VERTEX_POINT ( 'NONE', #4176 ) ;
#5974 = CARTESIAN_POINT ( 'NONE',  ( 14.80304302290960017, 6.264999999999999680, 18.55064401006105967 ) ) ;
#5975 = VECTOR ( 'NONE', #746, 1000.000000000000000 ) ;
#5976 = CARTESIAN_POINT ( 'NONE',  ( -15.63352333970059682, 6.264999999999999680, 3.874968164782183866 ) ) ;
#5977 = ORIENTED_EDGE ( 'NONE', *, *, #4018, .F. ) ;
#5978 = CIRCLE ( 'NONE', #4090, 0.8000000000027256419 ) ;
#5979 = LINE ( 'NONE', #3622, #3240 ) ;
#5980 = EDGE_CURVE ( 'NONE', #3484, #2664, #2151, .T. ) ;
#5981 = DIRECTION ( 'NONE',  ( 0.3420201433256698231, 0.000000000000000000, 0.9396926207859079838 ) ) ;
#5982 = ORIENTED_EDGE ( 'NONE', *, *, #205, .F. ) ;
#5983 = ORIENTED_EDGE ( 'NONE', *, *, #1321, .F. ) ;
#5984 = CARTESIAN_POINT ( 'NONE',  ( -16.07116719312327291, 5.933231137178836434, 0.9534987490404047694 ) ) ;
#5985 = DIRECTION ( 'NONE',  ( -0.5735764363506832275, -0.000000000000000000, 0.8191520442892460396 ) ) ;
#5986 = CARTESIAN_POINT ( 'NONE',  ( 20.54618363729410291, 6.264999999999999680, 23.67701177387600353 ) ) ;
#5987 = EDGE_CURVE ( 'NONE', #3315, #1089, #370, .T. ) ;
#5988 = CARTESIAN_POINT ( 'NONE',  ( 20.86842270412930844, 4.241147254709439984, -10.87059491664489030 ) ) ;
#5989 = ORIENTED_EDGE ( 'NONE', *, *, #1204, .F. ) ;
#5990 = CARTESIAN_POINT ( 'NONE',  ( 0.000000000000000000, 6.264999999999999680, 0.000000000000000000 ) ) ;
#5991 = FACE_OUTER_BOUND ( 'NONE', #3069, .T. ) ;
#5992 = ORIENTED_EDGE ( 'NONE', *, *, #617, .F. ) ;
#5993 = ADVANCED_FACE ( 'NONE', ( #4109 ), #3530, .T. ) ;
#5994 = CARTESIAN_POINT ( 'NONE',  ( -9.142192579634333072, 6.191524577312446986, 13.25646802931864165 ) ) ;
#5995 = CARTESIAN_POINT ( 'NONE',  ( 19.84842270412905663, 4.241147254709639824, -12.63728674036500088 ) ) ;
#5996 = ORIENTED_EDGE ( 'NONE', *, *, #1979, .T. ) ;
#5997 = CARTESIAN_POINT ( 'NONE',  ( 19.23334952206225523, 5.764999999999999680, 24.50825169393582570 ) ) ;
#5998 = CARTESIAN_POINT ( 'NONE',  ( -20.06650459954959942, 4.844211972148243284, -10.40760728309315830 ) ) ;
#5999 = ORIENTED_EDGE ( 'NONE', *, *, #2414, .T. ) ;
#6000 = VERTEX_POINT ( 'NONE', #4580 ) ;
#6001 = LINE ( 'NONE', #1749, #2990 ) ;
#6002 = EDGE_CURVE ( 'NONE', #1089, #5164, #5511, .T. ) ;
#6003 = CARTESIAN_POINT ( 'NONE',  ( 0.000000000000000000, 6.264999999999999680, 0.000000000000000000 ) ) ;
#6004 = EDGE_LOOP ( 'NONE', ( #1477, #3415, #1621, #2815, #5812, #4287 ) ) ;
#6005 = DIRECTION ( 'NONE',  ( 0.000000000000000000, 1.000000000000000000, -0.000000000000000000 ) ) ;
#6006 = CIRCLE ( 'NONE', #5419, 14.57731163100803862 ) ;
#6007 =( BOUNDED_CURVE ( )  B_SPLINE_CURVE ( 3, ( #659, #5863, #1670, #595 ),
 .UNSPECIFIED., .F., .T. ) 
 B_SPLINE_CURVE_WITH_KNOTS ( ( 4, 4 ),
 ( 3.141592653589793116, 4.712388980384689674 ),
 .UNSPECIFIED. ) 
 CURVE ( )  GEOMETRIC_REPRESENTATION_ITEM ( )  RATIONAL_B_SPLINE_CURVE ( ( 1.000000000000000000, 0.8047378541243649375, 0.8047378541243649375, 1.000000000000000000 ) ) 
 REPRESENTATION_ITEM ( '' )  );
#6008 = CARTESIAN_POINT ( 'NONE',  ( -8.303821354726347082, 6.264999999999999680, -23.61456166729589157 ) ) ;
#6009 = PLANE ( 'NONE',  #3172 ) ;
#6010 = ORIENTED_EDGE ( 'NONE', *, *, #2075, .F. ) ;
#6011 = ORIENTED_EDGE ( 'NONE', *, *, #2821, .F. ) ;
#6012 = DIRECTION ( 'NONE',  ( 0.000000000000000000, -1.000000000000000000, 0.000000000000000000 ) ) ;
#6013 = CARTESIAN_POINT ( 'NONE',  ( -21.57685864997098335, 6.264999999999999680, 23.76718415326719480 ) ) ;
#6014 = DIRECTION ( 'NONE',  ( -0.000000000000000000, -1.000000000000000000, -0.000000000000000000 ) ) ;
#6015 = ORIENTED_EDGE ( 'NONE', *, *, #2239, .T. ) ;
#6016 = FACE_OUTER_BOUND ( 'NONE', #323, .T. ) ;
#6017 = CARTESIAN_POINT ( 'NONE',  ( 0.000000000000000000, 0.000000000000000000, 0.000000000000000000 ) ) ;
#6018 = CARTESIAN_POINT ( 'NONE',  ( 31.84146336746067263, 6.098366653769007328, 3.850859321112152678 ) ) ;
#6019 = EDGE_CURVE ( 'NONE', #3341, #1900, #2205, .T. ) ;
#6020 = DIRECTION ( 'NONE',  ( -0.4226182617402632902, 0.000000000000000000, 0.9063077870368533295 ) ) ;
#6021 = ORIENTED_EDGE ( 'NONE', *, *, #5107, .T. ) ;
#6022 = VERTEX_POINT ( 'NONE', #5078 ) ;
#6023 = CARTESIAN_POINT ( 'NONE',  ( 0.000000000000000000, 5.764999999999999680, -25.02749999999999631 ) ) ;
#6024 = DIRECTION ( 'NONE',  ( 0.1736481776669281663, 0.000000000000000000, 0.9848077530122084644 ) ) ;
#6025 = EDGE_LOOP ( 'NONE', ( #3478, #3143, #3214, #5533, #1388, #564 ) ) ;
#6026 = DIRECTION ( 'NONE',  ( -0.6427876096865468014, 0.000000000000000000, 0.7660444431189717962 ) ) ;
#6027 = DIRECTION ( 'NONE',  ( 0.9848077530122080203, 0.000000000000000000, -0.1736481776669309696 ) ) ;
#6028 = EDGE_CURVE ( 'NONE', #1571, #1570, #3929, .T. ) ;
#6029 = ORIENTED_EDGE ( 'NONE', *, *, #5773, .F. ) ;
#6030 = ORIENTED_EDGE ( 'NONE', *, *, #3174, .T. ) ;
#6031 = DIRECTION ( 'NONE',  ( -0.000000000000000000, -1.000000000000000000, -0.000000000000000000 ) ) ;
#6032 = CARTESIAN_POINT ( 'NONE',  ( 6.724046161570117697, 0.000000000000000000, -15.49188450811890938 ) ) ;
#6033 = CARTESIAN_POINT ( 'NONE',  ( -8.303821354726347082, -6.264999999999999680, -22.81456166729589441 ) ) ;
#6034 = VERTEX_POINT ( 'NONE', #6008 ) ;
#6035 = CARTESIAN_POINT ( 'NONE',  ( -21.91649183265830558, 6.098599059609072448, 23.41743943069702993 ) ) ;
#6036 = B_SPLINE_CURVE_WITH_KNOTS ( 'NONE', 3,
 ( #1203, #216, #4516, #1662, #4488, #4891, #4916, #4980, #5453, #278 ),
 .UNSPECIFIED., .F., .F.,
 ( 4, 2, 2, 2, 4 ),
 ( 0.000000000000000000, 0.0002540264268552500635, 0.0005080528537105001271, 0.0007620792805657502448, 0.001016105707421000254 ),
 .UNSPECIFIED. ) ;
#6037 = EDGE_CURVE ( 'NONE', #2532, #5798, #4358, .T. ) ;
#6038 = CARTESIAN_POINT ( 'NONE',  ( 9.105963912261760385, 6.265000000000001457, -22.83929287597350921 ) ) ;
#6039 = LINE ( 'NONE', #5576, #5942 ) ;
#6040 =( BOUNDED_CURVE ( )  B_SPLINE_CURVE ( 3, ( #5789, #275, #3522, #2510 ),
 .UNSPECIFIED., .F., .T. ) 
 B_SPLINE_CURVE_WITH_KNOTS ( ( 4, 4 ),
 ( 3.141592653589793116, 4.712388980384689674 ),
 .UNSPECIFIED. ) 
 CURVE ( )  GEOMETRIC_REPRESENTATION_ITEM ( )  RATIONAL_B_SPLINE_CURVE ( ( 1.000000000000000000, 0.8047378541243649375, 0.8047378541243649375, 1.000000000000000000 ) ) 
 REPRESENTATION_ITEM ( '' )  );
#6041 = ORIENTED_EDGE ( 'NONE', *, *, #1487, .T. ) ;
#6042 = ORIENTED_EDGE ( 'NONE', *, *, #2181, .F. ) ;
#6043 = DIRECTION ( 'NONE',  ( -0.6427876096865401401, 0.000000000000000000, -0.7660444431189774583 ) ) ;
#6044 = CARTESIAN_POINT ( 'NONE',  ( -10.05434245573797369, 5.764999999999999680, 13.56913704619718430 ) ) ;
#6045 = CIRCLE ( 'NONE', #4254, 23.52999999999999758 ) ;
#6046 = CARTESIAN_POINT ( 'NONE',  ( 8.998655526814697936, 5.764999999999999680, -21.74132237720895944 ) ) ;
#6047 = VECTOR ( 'NONE', #1932, 1000.000000000000227 ) ;
#6048 = ORIENTED_EDGE ( 'NONE', *, *, #488, .F. ) ;
#6049 = CARTESIAN_POINT ( 'NONE',  ( 7.594310774156530108, 5.764999999999999680, -23.84747785648474050 ) ) ;
#6050 = ORIENTED_EDGE ( 'NONE', *, *, #38, .T. ) ;
#6051 = CARTESIAN_POINT ( 'NONE',  ( -10.05434245573797369, 3.265000000000000124, 13.56913704619718430 ) ) ;
#6052 = CIRCLE ( 'NONE', #737, 14.57731163100815586 ) ;
#6053 = VECTOR ( 'NONE', #3943, 1000.000000000000227 ) ;
#6054 = DIRECTION ( 'NONE',  ( -0.6427876096865312583, -0.000000000000000000, -0.7660444431189847858 ) ) ;
#6055 = CARTESIAN_POINT ( 'NONE',  ( -9.453762221560474188, 5.996288099986444742, -23.12437585094258452 ) ) ;
#6056 = EDGE_CURVE ( 'NONE', #2352, #1404, #5807, .T. ) ;
#6057 = CARTESIAN_POINT ( 'NONE',  ( -11.29540193480741195, 6.264999999999998792, 11.48155158095073247 ) ) ;
#6058 = VECTOR ( 'NONE', #5278, 1000.000000000000114 ) ;
#6059 = ORIENTED_EDGE ( 'NONE', *, *, #2683, .F. ) ;
#6060 = DIRECTION ( 'NONE',  ( 0.000000000000000000, 1.000000000000000000, 0.000000000000000000 ) ) ;
#6061 = CARTESIAN_POINT ( 'NONE',  ( 30.95857960530109310, 6.264999999999999680, 4.930811030643378778 ) ) ;
#6062 = ORIENTED_EDGE ( 'NONE', *, *, #4412, .T. ) ;
#6063 = ORIENTED_EDGE ( 'NONE', *, *, #307, .F. ) ;
#6064 = DIRECTION ( 'NONE',  ( -0.000000000000000000, -1.000000000000000000, -0.000000000000000000 ) ) ;
#6065 = CARTESIAN_POINT ( 'NONE',  ( 9.794555928166381875, 6.264999999999999680, -30.56969980137531806 ) ) ;
#6066 = EDGE_CURVE ( 'NONE', #4103, #5319, #11, .T. ) ;
#6067 = CARTESIAN_POINT ( 'NONE',  ( 9.204691530768977614, 6.229921559809639575, 13.21475458869008435 ) ) ;
#6068 = ORIENTED_EDGE ( 'NONE', *, *, #3141, .T. ) ;
#6069 = PLANE ( 'NONE',  #2406 ) ;
#6070 = AXIS2_PLACEMENT_3D ( 'NONE', #1129, #2987, #3890 ) ;
#6071 = CARTESIAN_POINT ( 'NONE',  ( 14.32920972712218166, 6.264999999999999680, 18.66372547473164900 ) ) ;
#6072 = EDGE_CURVE ( 'NONE', #1546, #4780, #2297, .T. ) ;
#6073 = CARTESIAN_POINT ( 'NONE',  ( -23.27992997787214335, 6.210085216636276328, 4.880754814260708230 ) ) ;
#6074 = ORIENTED_EDGE ( 'NONE', *, *, #4867, .F. ) ;
#6075 = ORIENTED_EDGE ( 'NONE', *, *, #4132, .T. ) ;
#6076 = CARTESIAN_POINT ( 'NONE',  ( -16.45269206483162705, 6.221055507769907678, 18.47251962394015834 ) ) ;
#6077 = DIRECTION ( 'NONE',  ( -0.9961946980917275596, 0.000000000000000000, 0.08715574274786325182 ) ) ;
#6078 = VECTOR ( 'NONE', #3169, 1000.000000000000114 ) ;
#6079 = FACE_OUTER_BOUND ( 'NONE', #2839, .T. ) ;
#6080 = EDGE_CURVE ( 'NONE', #72, #2326, #2636, .T. ) ;
#6081 = VECTOR ( 'NONE', #3163, 1000.000000000000114 ) ;
#6082 = EDGE_CURVE ( 'NONE', #3084, #3514, #4081, .T. ) ;
#6083 = ORIENTED_EDGE ( 'NONE', *, *, #6028, .F. ) ;
#6084 = DIRECTION ( 'NONE',  ( -0.3420201433255952717, -0.000000000000000000, -0.9396926207859350733 ) ) ;
#6085 = FACE_BOUND ( 'NONE', #3007, .T. ) ;
#6086 = DIRECTION ( 'NONE',  ( -0.7660444431189782355, 0.000000000000000000, -0.6427876096865392519 ) ) ;
#6087 = CARTESIAN_POINT ( 'NONE',  ( 31.80608415963043356, 6.264999999999999680, 4.337381953035670534 ) ) ;
#6088 = CARTESIAN_POINT ( 'NONE',  ( 23.78454326885316306, 6.264999999999999680, 3.425843179722543042 ) ) ;
#6089 = PRODUCT_DEFINITION_SHAPE ( 'NONE', 'NONE',  #2201 ) ;
#6090 = ORIENTED_EDGE ( 'NONE', *, *, #5848, .F. ) ;
#6091 = CARTESIAN_POINT ( 'NONE',  ( -8.800362019751680975, 6.238325924938123102, -22.18730783671658457 ) ) ;
#6092 = DIRECTION ( 'NONE',  ( 0.9961946980917977257, -0.000000000000000000, 0.08715574274706106017 ) ) ;
#6093 = ORIENTED_EDGE ( 'NONE', *, *, #3993, .F. ) ;
#6094 = CARTESIAN_POINT ( 'NONE',  ( -21.14644285628553888, 3.265000000000000124, -13.38669902462328487 ) ) ;
#6095 = CARTESIAN_POINT ( 'NONE',  ( -14.83770344137863972, 6.264999999999998792, 18.82921157838711324 ) ) ;
#6096 = EDGE_CURVE ( 'NONE', #283, #2352, #5979, .T. ) ;
#6097 = ORIENTED_EDGE ( 'NONE', *, *, #1841, .F. ) ;
#6098 = VERTEX_POINT ( 'NONE', #4727 ) ;
ENDSEC;
END-ISO-10303-21;
