ISO-10303-21;
HEADER;
FILE_DESCRIPTION (( 'STEP AP214' ),
    '1' );
FILE_NAME ('Front Mesh Piece (With Holes).STEP',
    '2026-03-03T06:57:21',
    ( '' ),
    ( '' ),
    'SwSTEP 2.0',
    'SolidWorks 2025',
    '' );
FILE_SCHEMA (( 'AUTOMOTIVE_DESIGN' ));
ENDSEC;

DATA;
#1 = VERTEX_POINT ( 'NONE', #7360 ) ;
#2 = FACE_OUTER_BOUND ( 'NONE', #6886, .T. ) ;
#3 = ORIENTED_EDGE ( 'NONE', *, *, #690, .F. ) ;
#4 = FACE_OUTER_BOUND ( 'NONE', #6782, .T. ) ;
#5 = DIRECTION ( 'NONE',  ( -0.000000000000000000, 1.000000000000000000, -0.000000000000000000 ) ) ;
#6 = FACE_OUTER_BOUND ( 'NONE', #1867, .T. ) ;
#7 = ORIENTED_EDGE ( 'NONE', *, *, #5384, .F. ) ;
#8 = EDGE_CURVE ( 'NONE', #3788, #6997, #4121, .T. ) ;
#9 = CYLINDRICAL_SURFACE ( 'NONE', #2790, 0.9000000000000084599 ) ;
#10 = CIRCLE ( 'NONE', #8292, 11.34208899530036696 ) ;
#11 = ORIENTED_EDGE ( 'NONE', *, *, #2369, .F. ) ;
#12 = ORIENTED_EDGE ( 'NONE', *, *, #1923, .T. ) ;
#13 = ORIENTED_EDGE ( 'NONE', *, *, #739, .F. ) ;
#14 = CARTESIAN_POINT ( 'NONE',  ( 16.98348280056085713, 4.618866039815422653, 26.90684065434801298 ) ) ;
#15 = DIRECTION ( 'NONE',  ( 0.000000000000000000, 0.000000000000000000, 1.000000000000000000 ) ) ;
#16 = ORIENTED_EDGE ( 'NONE', *, *, #759, .T. ) ;
#17 = AXIS2_PLACEMENT_3D ( 'NONE', #3189, #1825, #4431 ) ;
#18 = AXIS2_PLACEMENT_3D ( 'NONE', #3979, #4542, #7256 ) ;
#19 = ORIENTED_EDGE ( 'NONE', *, *, #5393, .F. ) ;
#20 = LINE ( 'NONE', #2599, #8019 ) ;
#21 = LINE ( 'NONE', #5983, #5710 ) ;
#22 = CARTESIAN_POINT ( 'NONE',  ( 11.69152436717008570, 0.000000000000000000, 22.25031422186815533 ) ) ;
#23 = CIRCLE ( 'NONE', #8011, 12.97090984906004785 ) ;
#24 = AXIS2_PLACEMENT_3D ( 'NONE', #5060, #5106, #3009 ) ;
#25 = EDGE_CURVE ( 'NONE', #3523, #5901, #7284, .T. ) ;
#26 = DIRECTION ( 'NONE',  ( -0.000000000000000000, -1.000000000000000000, -0.000000000000000000 ) ) ;
#27 = FACE_OUTER_BOUND ( 'NONE', #6299, .T. ) ;
#28 = VERTEX_POINT ( 'NONE', #815 ) ;
#29 = CARTESIAN_POINT ( 'NONE',  ( -14.30585555931143382, 4.169999999999999929, 28.41310023613409186 ) ) ;
#30 = CARTESIAN_POINT ( 'NONE',  ( 20.03065169146038116, 4.652225243043648817, -12.29462508638772356 ) ) ;
#31 = ORIENTED_EDGE ( 'NONE', *, *, #843, .T. ) ;
#32 = AXIS2_PLACEMENT_3D ( 'NONE', #5626, #6287, #6876 ) ;
#33 = DIRECTION ( 'NONE',  ( 0.000000000000000000, 0.000000000000000000, 1.000000000000000000 ) ) ;
#34 = DIRECTION ( 'NONE',  ( -0.000000000000000000, -1.000000000000000000, -0.000000000000000000 ) ) ;
#35 = ADVANCED_FACE ( 'NONE', ( #3404 ), #2088, .F. ) ;
#37 = EDGE_LOOP ( 'NONE', ( #387, #6436, #2998, #2637 ) ) ;
#36 = VECTOR ( 'NONE', #2767, 1000.000000000000227 ) ;
#38 = CIRCLE ( 'NONE', #4759, 16.18118721290257866 ) ;
#39 = EDGE_CURVE ( 'NONE', #5380, #3418, #853, .T. ) ;
#40 = ORIENTED_EDGE ( 'NONE', *, *, #5997, .T. ) ;
#41 = CARTESIAN_POINT ( 'NONE',  ( 0.000000000000000000, 4.169999999999999929, 0.000000000000000000 ) ) ;
#42 = CARTESIAN_POINT ( 'NONE',  ( -14.79062215075732389, 4.615696297820576000, -27.14099165632340771 ) ) ;
#43 = VECTOR ( 'NONE', #5208, 1000.000000000000000 ) ;
#44 = VECTOR ( 'NONE', #222, 1000.000000000000000 ) ;
#45 = ORIENTED_EDGE ( 'NONE', *, *, #4614, .T. ) ;
#46 = DIRECTION ( 'NONE',  ( 0.000000000000000000, 1.000000000000000000, 0.000000000000000000 ) ) ;
#47 = CYLINDRICAL_SURFACE ( 'NONE', #7358, 25.13500000000000512 ) ;
#48 = ORIENTED_EDGE ( 'NONE', *, *, #7120, .F. ) ;
#49 = CARTESIAN_POINT ( 'NONE',  ( 0.000000000000000000, 4.169999999999999929, 0.000000000000000000 ) ) ;
#50 = EDGE_CURVE ( 'NONE', #5228, #3468, #7808, .T. ) ;
#51 = DIRECTION ( 'NONE',  ( 0.000000000000000000, 0.000000000000000000, -1.000000000000000000 ) ) ;
#52 = CARTESIAN_POINT ( 'NONE',  ( 14.57762276433414961, 4.169999999999999929, -27.24918328139941792 ) ) ;
#53 = VECTOR ( 'NONE', #4271, 1000.000000000000000 ) ;
#54 = VECTOR ( 'NONE', #2219, 1000.000000000000000 ) ;
#55 = ORIENTED_EDGE ( 'NONE', *, *, #7435, .F. ) ;
#56 = DIRECTION ( 'NONE',  ( -0.000000000000000000, 1.000000000000000000, -0.000000000000000000 ) ) ;
#57 = VECTOR ( 'NONE', #4157, 1000.000000000000000 ) ;
#58 = ORIENTED_EDGE ( 'NONE', *, *, #1599, .T. ) ;
#59 = FACE_OUTER_BOUND ( 'NONE', #2151, .T. ) ;
#60 = ORIENTED_EDGE ( 'NONE', *, *, #4982, .T. ) ;
#61 = VERTEX_POINT ( 'NONE', #2776 ) ;
#62 = CARTESIAN_POINT ( 'NONE',  ( 13.54981216616208428, 4.670000000000000817, -9.277374353940642138 ) ) ;
#63 = ADVANCED_FACE ( 'NONE', ( #7399 ), #7317, .T. ) ;
#64 = FACE_OUTER_BOUND ( 'NONE', #6259, .T. ) ;
#65 = EDGE_LOOP ( 'NONE', ( #2891, #3501, #5766, #3835, #6156, #4202 ) ) ;
#66 = VECTOR ( 'NONE', #7819, 1000.000000000000000 ) ;
#67 = ORIENTED_EDGE ( 'NONE', *, *, #888, .F. ) ;
#68 = B_SPLINE_CURVE_WITH_KNOTS ( 'NONE', 3,
 ( #6398, #3126, #5237, #8333, #2579, #7079, #3208, #3168 ),
 .UNSPECIFIED., .F., .F.,
 ( 4, 2, 2, 4 ),
 ( 0.000000000000000000, 0.0001927721350681390635, 0.0003855442701362781269, 0.0007710885402725545191 ),
 .UNSPECIFIED. ) ;
#69 = DIRECTION ( 'NONE',  ( -0.000000000000000000, 1.000000000000000000, -0.000000000000000000 ) ) ;
#70 = CARTESIAN_POINT ( 'NONE',  ( -26.59578445530214807, 4.169999999999999929, -17.45353882510841714 ) ) ;
#71 = AXIS2_PLACEMENT_3D ( 'NONE', #1159, #6343, #4904 ) ;
#72 = CARTESIAN_POINT ( 'NONE',  ( -26.37959333286462282, 4.615749189755394610, 16.10941082093085086 ) ) ;
#73 = CARTESIAN_POINT ( 'NONE',  ( 20.00725254425075761, 4.670000000000000817, 12.18442105538959730 ) ) ;
#74 = EDGE_LOOP ( 'NONE', ( #5761, #7825, #477, #1322 ) ) ;
#75 = CARTESIAN_POINT ( 'NONE',  ( -14.51453906012035411, 4.462893218813452023, 9.534673571902905209 ) ) ;
#76 = DIRECTION ( 'NONE',  ( 0.000000000000000000, 0.000000000000000000, -1.000000000000000000 ) ) ;
#77 = ORIENTED_EDGE ( 'NONE', *, *, #7047, .F. ) ;
#78 = CIRCLE ( 'NONE', #4941, 23.13500000000000156 ) ;
#79 = EDGE_CURVE ( 'NONE', #4835, #2606, #460, .T. ) ;
#80 = DIRECTION ( 'NONE',  ( 0.000000000000000000, -0.000000000000000000, 1.000000000000000000 ) ) ;
#81 = CARTESIAN_POINT ( 'NONE',  ( -16.85639623181460323, 4.670000000000000817, 27.01031519832817906 ) ) ;
#82 = ORIENTED_EDGE ( 'NONE', *, *, #2536, .F. ) ;
#83 = VERTEX_POINT ( 'NONE', #7967 ) ;
#84 = CARTESIAN_POINT ( 'NONE',  ( 21.12879883022084826, 4.649847419183376296, 12.93832888017116289 ) ) ;
#85 = CARTESIAN_POINT ( 'NONE',  ( -15.06371434019471423, 4.169999999999999929, 6.462191090617002587 ) ) ;
#86 = FACE_OUTER_BOUND ( 'NONE', #4987, .T. ) ;
#87 = EDGE_CURVE ( 'NONE', #5515, #1859, #2733, .T. ) ;
#88 = VECTOR ( 'NONE', #7679, 1000.000000000000114 ) ;
#89 = VERTEX_POINT ( 'NONE', #118 ) ;
#90 = CARTESIAN_POINT ( 'NONE',  ( -11.23484719286404498, 4.670000000000000817, 20.55509947483853495 ) ) ;
#91 = LINE ( 'NONE', #2662, #6016 ) ;
#92 = CYLINDRICAL_SURFACE ( 'NONE', #6810, 0.5000000000000000000 ) ;
#93 = CARTESIAN_POINT ( 'NONE',  ( 12.32575449969853487, 4.628020370231396896, 19.90789431114001928 ) ) ;
#94 = LINE ( 'NONE', #7209, #1662 ) ;
#95 = AXIS2_PLACEMENT_3D ( 'NONE', #6988, #8326, #6892 ) ;
#96 = ORIENTED_EDGE ( 'NONE', *, *, #1344, .F. ) ;
#97 = EDGE_CURVE ( 'NONE', #5281, #3874, #879, .T. ) ;
#98 = EDGE_CURVE ( 'NONE', #338, #2610, #7246, .T. ) ;
#99 = CARTESIAN_POINT ( 'NONE',  ( 10.69066340616454092, 4.670000000000000817, 20.51677218609433950 ) ) ;
#100 = CIRCLE ( 'NONE', #882, 23.63499999999999801 ) ;
#101 = ORIENTED_EDGE ( 'NONE', *, *, #136, .F. ) ;
#102 = CARTESIAN_POINT ( 'NONE',  ( 13.12827881868120095, 4.670000000000000817, -9.814463748652007880 ) ) ;
#103 = DIRECTION ( 'NONE',  ( -0.000000000000000000, -1.000000000000000000, -0.000000000000000000 ) ) ;
#104 = CARTESIAN_POINT ( 'NONE',  ( -11.88677181116714543, 4.662192170321654672, 21.78522845298148169 ) ) ;
#105 = CARTESIAN_POINT ( 'NONE',  ( 28.24372676341500110, 4.483385181039933443, -14.59579490332971830 ) ) ;
#106 = ORIENTED_EDGE ( 'NONE', *, *, #1599, .F. ) ;
#107 = EDGE_CURVE ( 'NONE', #539, #7878, #624, .T. ) ;
#108 = VERTEX_POINT ( 'NONE', #8136 ) ;
#109 = LINE ( 'NONE', #1346, #3400 ) ;
#110 = CARTESIAN_POINT ( 'NONE',  ( 13.17156689968822647, 4.573863308489815260, 21.18771934078088748 ) ) ;
#111 = LINE ( 'NONE', #7273, #1228 ) ;
#112 = CARTESIAN_POINT ( 'NONE',  ( -9.218331398995744053, 4.670000000000000817, 13.55462614496579832 ) ) ;
#113 = ORIENTED_EDGE ( 'NONE', *, *, #25, .T. ) ;
#114 = CARTESIAN_POINT ( 'NONE',  ( -20.00344712380679724, 4.670000000000000817, -12.12634585084008165 ) ) ;
#115 = CARTESIAN_POINT ( 'NONE',  ( -7.802622764334260275, 2.669999999999999929, 15.51453906012021733 ) ) ;
#116 = DIRECTION ( 'NONE',  ( 0.000000000000000000, 0.000000000000000000, 1.000000000000000000 ) ) ;
#117 = CARTESIAN_POINT ( 'NONE',  ( 12.93832888017395710, 4.649847419186042607, -21.12879883022289462 ) ) ;
#118 = CARTESIAN_POINT ( 'NONE',  ( -12.45294779642454053, 4.670000000000000817, -20.08823825474810221 ) ) ;
#119 = ORIENTED_EDGE ( 'NONE', *, *, #2862, .T. ) ;
#120 = DIRECTION ( 'NONE',  ( -0.000000000000000000, -1.000000000000000000, -0.000000000000000000 ) ) ;
#121 = ORIENTED_EDGE ( 'NONE', *, *, #4187, .T. ) ;
#122 = CARTESIAN_POINT ( 'NONE',  ( 17.45353882511009758, 4.670000000000000817, 26.59578445530152990 ) ) ;
#123 = VECTOR ( 'NONE', #120, 1000.000000000000000 ) ;
#124 = ORIENTED_EDGE ( 'NONE', *, *, #7652, .T. ) ;
#125 = CARTESIAN_POINT ( 'NONE',  ( -26.24918328139936463, 4.670000000000000817, -16.30967357190309741 ) ) ;
#126 = CARTESIAN_POINT ( 'NONE',  ( 0.000000000000000000, 2.669999999999999929, 0.000000000000000000 ) ) ;
#127 = DIRECTION ( 'NONE',  ( 0.4999999999999906186, 0.000000000000000000, -0.8660254037844440367 ) ) ;
#128 = EDGE_CURVE ( 'NONE', #4872, #1406, #4262, .T. ) ;
#129 = DIRECTION ( 'NONE',  ( 0.000000000000000000, 0.000000000000000000, 1.000000000000000000 ) ) ;
#130 = VERTEX_POINT ( 'NONE', #3065 ) ;
#131 = CARTESIAN_POINT ( 'NONE',  ( 7.942841814093026365, 4.670000000000001705, -15.34319201611857153 ) ) ;
#132 = CARTESIAN_POINT ( 'NONE',  ( 20.03065169146038116, 4.652225243043648817, -12.29462508638772356 ) ) ;
#133 = VERTEX_POINT ( 'NONE', #6882 ) ;
#134 = CARTESIAN_POINT ( 'NONE',  ( 12.95363122990721294, 4.662150145697348869, -21.07016681825931315 ) ) ;
#135 = CARTESIAN_POINT ( 'NONE',  ( 24.35665843275932829, 0.000000000000000000, -12.90762276433424027 ) ) ;
#136 = EDGE_CURVE ( 'NONE', #1726, #8005, #2548, .T. ) ;
#137 = CARTESIAN_POINT ( 'NONE',  ( -11.65702501040202144, 4.670000000000000817, -21.70246513433121649 ) ) ;
#138 = EDGE_CURVE ( 'NONE', #1597, #6916, #353, .T. ) ;
#139 = CARTESIAN_POINT ( 'NONE',  ( 10.70895168659621710, 4.298923624762674756, -20.52210424823727664 ) ) ;
#140 = ORIENTED_EDGE ( 'NONE', *, *, #7343, .T. ) ;
#141 = VECTOR ( 'NONE', #4501, 1000.000000000000114 ) ;
#142 = ORIENTED_EDGE ( 'NONE', *, *, #7847, .F. ) ;
#143 = CARTESIAN_POINT ( 'NONE',  ( 10.69066340616454092, 4.169999999999999929, -20.51677218609433950 ) ) ;
#144 = CARTESIAN_POINT ( 'NONE',  ( 27.24918328139936108, 4.169999999999999929, 14.57762276433424731 ) ) ;
#145 = CYLINDRICAL_SURFACE ( 'NONE', #5898, 0.5000000000000000000 ) ;
#146 = ADVANCED_FACE ( 'NONE', ( #4346 ), #1056, .T. ) ;
#147 = ORIENTED_EDGE ( 'NONE', *, *, #8274, .F. ) ;
#148 = CARTESIAN_POINT ( 'NONE',  ( -13.35550006447054372, 4.413147668298295301, 21.23354704571772444 ) ) ;
#149 = DIRECTION ( 'NONE',  ( 0.000000000000000000, 1.000000000000000000, -0.000000000000000000 ) ) ;
#150 = VECTOR ( 'NONE', #2317, 1000.000000000000000 ) ;
#151 = DIRECTION ( 'NONE',  ( 0.000000000000000000, 0.000000000000000000, 1.000000000000000000 ) ) ;
#152 = AXIS2_PLACEMENT_3D ( 'NONE', #7979, #2133, #5473 ) ;
#153 = CARTESIAN_POINT ( 'NONE',  ( 14.85990020836380232, 4.670000000000000817, -7.424666847050658269 ) ) ;
#154 = EDGE_LOOP ( 'NONE', ( #6328, #1553, #7987, #8105 ) ) ;
#155 = ADVANCED_FACE ( 'NONE', ( #3650 ), #6555, .T. ) ;
#156 = ORIENTED_EDGE ( 'NONE', *, *, #6265, .F. ) ;
#157 = CIRCLE ( 'NONE', #6644, 0.9000000000016876722 ) ;
#158 = CARTESIAN_POINT ( 'NONE',  ( 22.00077121316252615, 4.573863308492426505, 11.76331974752826071 ) ) ;
#159 = DIRECTION ( 'NONE',  ( 6.921832167980895041E-15, 0.000000000000000000, -1.000000000000000000 ) ) ;
#160 = EDGE_LOOP ( 'NONE', ( #6464, #5724, #7001, #884, #263, #5799, #6700 ) ) ;
#161 = CIRCLE ( 'NONE', #692, 23.63499999999999801 ) ;
#162 = DIRECTION ( 'NONE',  ( 0.000000000000000000, 0.000000000000000000, 1.000000000000000000 ) ) ;
#163 = ORIENTED_EDGE ( 'NONE', *, *, #3029, .T. ) ;
#164 = CARTESIAN_POINT ( 'NONE',  ( 12.18381472609386940, 4.670000000000000817, 20.00721281407402330 ) ) ;
#165 = CARTESIAN_POINT ( 'NONE',  ( 13.66095511311943511, 4.670000000000000817, -27.64883365011749561 ) ) ;
#166 = DIRECTION ( 'NONE',  ( 0.000000000000000000, 1.000000000000000000, 0.000000000000000000 ) ) ;
#167 = CIRCLE ( 'NONE', #7387, 20.67695921580875407 ) ;
#168 = VERTEX_POINT ( 'NONE', #8269 ) ;
#169 = AXIS2_PLACEMENT_3D ( 'NONE', #1513, #846, #5494 ) ;
#170 = DIRECTION ( 'NONE',  ( 0.000000000000000000, -0.000000000000000000, 1.000000000000000000 ) ) ;
#171 = EDGE_CURVE ( 'NONE', #7413, #6916, #6796, .T. ) ;
#172 = CARTESIAN_POINT ( 'NONE',  ( 12.06749888762737655, 0.000000000000000000, 20.90152119364642047 ) ) ;
#173 = CARTESIAN_POINT ( 'NONE',  ( 20.01646615621594449, 4.663188625685231514, -12.24023351868537013 ) ) ;
#174 = CIRCLE ( 'NONE', #4642, 1.000000000000032196 ) ;
#175 = VERTEX_POINT ( 'NONE', #437 ) ;
#176 = DIRECTION ( 'NONE',  ( 0.000000000000000000, -0.000000000000000000, 1.000000000000000000 ) ) ;
#177 = CARTESIAN_POINT ( 'NONE',  ( 27.64883365011742811, 0.000000000000000000, -14.66095511311958077 ) ) ;
#178 = ORIENTED_EDGE ( 'NONE', *, *, #6265, .T. ) ;
#179 = VECTOR ( 'NONE', #3645, 999.9999999999998863 ) ;
#180 = AXIS2_PLACEMENT_3D ( 'NONE', #6650, #251, #292 ) ;
#181 = ORIENTED_EDGE ( 'NONE', *, *, #6407, .F. ) ;
#182 = EDGE_CURVE ( 'NONE', #552, #6384, #2888, .T. ) ;
#183 = DIRECTION ( 'NONE',  ( 0.000000000000000000, 0.000000000000000000, -1.000000000000000000 ) ) ;
#184 = EDGE_CURVE ( 'NONE', #1789, #2848, #1395, .T. ) ;
#185 = CARTESIAN_POINT ( 'NONE',  ( 12.29462508638332707, 4.652225243045747582, -20.03065169147676983 ) ) ;
#186 = B_SPLINE_CURVE_WITH_KNOTS ( 'NONE', 3,
 ( #4684, #6627, #6005, #5300, #1585, #5491, #5342, #7932 ),
 .UNSPECIFIED., .F., .F.,
 ( 4, 2, 2, 4 ),
 ( 0.000000000000000000, 0.0001927721350687737554, 0.0003855442701375475108, 0.0007710885402751035868 ),
 .UNSPECIFIED. ) ;
#187 = CARTESIAN_POINT ( 'NONE',  ( 0.000000000000000000, 4.169999999999999929, 0.000000000000000000 ) ) ;
#188 = CARTESIAN_POINT ( 'NONE',  ( -20.94651235872433404, 4.670000000000000817, -12.96637362587585329 ) ) ;
#189 = AXIS2_PLACEMENT_3D ( 'NONE', #1532, #6018, #3451 ) ;
#190 = ORIENTED_EDGE ( 'NONE', *, *, #3063, .F. ) ;
#191 = LINE ( 'NONE', #4167, #6206 ) ;
#192 = ADVANCED_FACE ( 'NONE', ( #5535 ), #1645, .F. ) ;
#193 = CIRCLE ( 'NONE', #2198, 1.500000000000001332 ) ;
#194 = FACE_OUTER_BOUND ( 'NONE', #356, .T. ) ;
#195 = EDGE_CURVE ( 'NONE', #6325, #4477, #973, .T. ) ;
#196 = CARTESIAN_POINT ( 'NONE',  ( 9.814463748651954589, 4.670000000000000817, -13.12827881868123114 ) ) ;
#197 = VERTEX_POINT ( 'NONE', #1016 ) ;
#198 = CLOSED_SHELL ( 'NONE', ( #2927, #1209, #1425, #4360, #2101, #1207, #713, #1301, #2668, #5558, #6212, #3386, #6943, #1180, #2808, #2721, #3969, #819, #6439, #6458, #2237, #6143, #5383, #4214, #4644, #3880, #8223, #1970, #8113, #6752, #3530, #6613, #4665, #1151, #2257, #3421, #4883, #7724, #2442, #434, #63, #3073, #3242, #5971, #6623, #8076, #7367, #7011, #6743, #2092, #3209, #6202, #2920, #3447, #6990, #2342, #4516, #3872, #300, #5046, #3085, #7891, #1304, #3475, #8018, #2861, #1048, #6664, #3971, #1198, #3406, #5321, #8359, #7588, #1516, #7466, #1988, #5961, #5852, #383, #5889, #6776, #7388, #7319, #8231, #7881, #6655, #4060, #3998, #5614, #4100, #6080, #4204, #593, #3442, #1555, #4840, #3397, #722, #3350, #7827, #5151, #4787, #7561, #192, #1359, #210, #5417, #7978, #4243, #3740, #4456, #7259, #1537, #4438, #5222, #6595, #2625, #5425, #2351, #6350, #604, #1088, #2547, #6153, #1797, #3551, #1816, #2481, #4370, #7024, #2111, #2603, #2247, #5526, #4554, #2709, #5631, #526, #268, #8308, #2695, #6036, #35, #3257, #4694, #643, #4391, #7398, #1946, #3789, #4735, #2384, #4347, #1808, #2786, #3578, #5698, #7599, #8132, #813, #953, #4697, #5278, #867, #7331, #146, #3903, #2911, #4177, #5534, #4006, #3469, #7494, #5245, #4774, #6853, #7101, #2772, #7947, #8350, #2354, #4724, #6042, #4094, #5287, #4300, #5643, #1612, #8087, #519, #7781, #6917, #6469, #155, #1668, #7664, #2655, #8174, #6320, #5686, #4276, #5013, #3601, #2685, #5285, #8248, #3660, #373, #5576, #8266, #7330, #1670, #2972, #6331, #3154, #5304, #1844, #3433, #7452, #7601, #1050, #5436, #917, #579, #4116, #235, #7620, #749, #3236, #768, #6231, #8413, #381, #5341, #6573, #6963, #6072, #4734, #3306, #3763, #7113, #3958 ) ) ;
#199 =( BOUNDED_CURVE ( )  B_SPLINE_CURVE ( 3, ( #3479, #4841, #5459, #7396 ),
 .UNSPECIFIED., .F., .F. ) 
 B_SPLINE_CURVE_WITH_KNOTS ( ( 4, 4 ),
 ( 1.570796326794896558, 3.141592653589793116 ),
 .UNSPECIFIED. ) 
 CURVE ( )  GEOMETRIC_REPRESENTATION_ITEM ( )  RATIONAL_B_SPLINE_CURVE ( ( 1.000000000000000000, 0.8047378541243649375, 0.8047378541243649375, 1.000000000000000000 ) ) 
 REPRESENTATION_ITEM ( '' )  );
#200 = FACE_OUTER_BOUND ( 'NONE', #4610, .T. ) ;
#201 = EDGE_CURVE ( 'NONE', #6211, #993, #5502, .T. ) ;
#202 = VERTEX_POINT ( 'NONE', #4937 ) ;
#203 = CIRCLE ( 'NONE', #1271, 325.5254822644254773 ) ;
#204 = LINE ( 'NONE', #3334, #2340 ) ;
#205 = ORIENTED_EDGE ( 'NONE', *, *, #1996, .T. ) ;
#206 = DIRECTION ( 'NONE',  ( 0.000000000000000000, 0.000000000000000000, 1.000000000000000000 ) ) ;
#207 = CARTESIAN_POINT ( 'NONE',  ( -13.35550006447159888, 4.413147668296510062, -21.23354704571800511 ) ) ;
#208 = DIRECTION ( 'NONE',  ( 0.000000000000000000, 1.000000000000000000, 0.000000000000000000 ) ) ;
#209 = CARTESIAN_POINT ( 'NONE',  ( -0.2500000000002399747, 4.169999999999999929, -0.4330127018926521743 ) ) ;
#210 = ADVANCED_FACE ( 'NONE', ( #2387 ), #4985, .F. ) ;
#211 = DIRECTION ( 'NONE',  ( -0.8660254037844185016, 0.000000000000000000, -0.5000000000000348610 ) ) ;
#212 = ORIENTED_EDGE ( 'NONE', *, *, #7497, .T. ) ;
#213 = CARTESIAN_POINT ( 'NONE',  ( 13.12827881868119384, 4.670000000000000817, 9.814463748652000774 ) ) ;
#214 = PLANE ( 'NONE',  #2045 ) ;
#215 = ORIENTED_EDGE ( 'NONE', *, *, #3384, .F. ) ;
#216 = DIRECTION ( 'NONE',  ( 0.4999999999999986677, 0.000000000000000000, -0.8660254037844394848 ) ) ;
#217 = CARTESIAN_POINT ( 'NONE',  ( -20.90152119364758221, 0.000000000000000000, -12.06749888762527867 ) ) ;
#218 = CARTESIAN_POINT ( 'NONE',  ( 15.34319201611854488, 4.669999999999999929, 7.942841814093084096 ) ) ;
#219 = VERTEX_POINT ( 'NONE', #5217 ) ;
#220 = EDGE_CURVE ( 'NONE', #2855, #4577, #4984, .T. ) ;
#221 = ORIENTED_EDGE ( 'NONE', *, *, #5780, .F. ) ;
#222 = DIRECTION ( 'NONE',  ( -0.000000000000000000, -1.000000000000000000, -0.000000000000000000 ) ) ;
#223 = CARTESIAN_POINT ( 'NONE',  ( 13.66095511311944222, 4.169999999999999929, 27.64883365011748140 ) ) ;
#224 = CARTESIAN_POINT ( 'NONE',  ( -9.534673571902855471, 4.169999999999999929, -14.51453906012038431 ) ) ;
#225 = DIRECTION ( 'NONE',  ( -0.000000000000000000, -1.000000000000000000, -0.000000000000000000 ) ) ;
#226 = VERTEX_POINT ( 'NONE', #7056 ) ;
#227 = EDGE_CURVE ( 'NONE', #7454, #1953, #3914, .T. ) ;
#228 = LINE ( 'NONE', #2119, #8415 ) ;
#229 = DIRECTION ( 'NONE',  ( 0.000000000000000000, 0.000000000000000000, -1.000000000000000000 ) ) ;
#230 = DIRECTION ( 'NONE',  ( -0.8660254037844706820, 0.000000000000000000, 0.4999999999999445444 ) ) ;
#231 = ORIENTED_EDGE ( 'NONE', *, *, #2995, .F. ) ;
#232 = ORIENTED_EDGE ( 'NONE', *, *, #4328, .F. ) ;
#233 = ORIENTED_EDGE ( 'NONE', *, *, #4990, .T. ) ;
#234 = EDGE_CURVE ( 'NONE', #5763, #677, #1995, .T. ) ;
#235 = ADVANCED_FACE ( 'NONE', ( #27 ), #565, .T. ) ;
#236 = DIRECTION ( 'NONE',  ( 0.000000000000000000, 0.000000000000000000, 1.000000000000000000 ) ) ;
#237 = ORIENTED_EDGE ( 'NONE', *, *, #340, .F. ) ;
#238 = CARTESIAN_POINT ( 'NONE',  ( 0.000000000000000000, 4.670000000000000817, 0.000000000000000000 ) ) ;
#239 = CARTESIAN_POINT ( 'NONE',  ( -10.69066340616468302, 0.000000000000000000, 20.51677218609426490 ) ) ;
#240 =( BOUNDED_CURVE ( )  B_SPLINE_CURVE ( 3, ( #399, #8057, #2254, #4945 ),
 .UNSPECIFIED., .F., .F. ) 
 B_SPLINE_CURVE_WITH_KNOTS ( ( 4, 4 ),
 ( 0.000000000000000000, 1.570796326794899223 ),
 .UNSPECIFIED. ) 
 CURVE ( )  GEOMETRIC_REPRESENTATION_ITEM ( )  RATIONAL_B_SPLINE_CURVE ( ( 1.000000000000000000, 0.8047378541243643824, 0.8047378541243643824, 1.000000000000000000 ) ) 
 REPRESENTATION_ITEM ( '' )  );
#241 = CARTESIAN_POINT ( 'NONE',  ( -15.04062489701896688, 4.670000000000000817, 7.962013372627087193 ) ) ;
#242 = CARTESIAN_POINT ( 'NONE',  ( -21.88695908182008054, 4.624213390369014576, -11.79575527663676837 ) ) ;
#243 = CARTESIAN_POINT ( 'NONE',  ( 11.19974067597001621, 4.652225243042862779, 20.66278350054721002 ) ) ;
#244 = EDGE_CURVE ( 'NONE', #4918, #5238, #820, .T. ) ;
#245 = VECTOR ( 'NONE', #2575, 1000.000000000000227 ) ;
#246 = CARTESIAN_POINT ( 'NONE',  ( -20.90152119364758221, 4.670000000000000817, -12.06749888762527867 ) ) ;
#247 = CARTESIAN_POINT ( 'NONE',  ( 22.25031422186815533, 0.000000000000000000, 11.69152436717008570 ) ) ;
#248 = CARTESIAN_POINT ( 'NONE',  ( 1.690000000000081881, 2.669999999999999929, -24.35665843275937803 ) ) ;
#249 = CARTESIAN_POINT ( 'NONE',  ( 14.57571433125682603, 4.493701553442406293, -28.28864387627996990 ) ) ;
#250 = ORIENTED_EDGE ( 'NONE', *, *, #1931, .F. ) ;
#251 = DIRECTION ( 'NONE',  ( 0.000000000000000000, 1.000000000000000000, 0.000000000000000000 ) ) ;
#252 = CARTESIAN_POINT ( 'NONE',  ( -21.24426712305692533, 4.670000000000000817, -12.90196336177964298 ) ) ;
#253 = EDGE_CURVE ( 'NONE', #606, #2000, #3984, .T. ) ;
#254 = VECTOR ( 'NONE', #3959, 1000.000000000000114 ) ;
#255 = ORIENTED_EDGE ( 'NONE', *, *, #1279, .F. ) ;
#256 = DIRECTION ( 'NONE',  ( 0.000000000000000000, 1.000000000000000000, 0.000000000000000000 ) ) ;
#257 = AXIS2_PLACEMENT_3D ( 'NONE', #1865, #388, #5575 ) ;
#258 = DIRECTION ( 'NONE',  ( -0.000000000000000000, -1.000000000000000000, -0.000000000000000000 ) ) ;
#259 = ORIENTED_EDGE ( 'NONE', *, *, #5244, .T. ) ;
#260 = FACE_OUTER_BOUND ( 'NONE', #3262, .T. ) ;
#261 = CARTESIAN_POINT ( 'NONE',  ( -11.77059443197872568, 4.662126916400890941, 21.75328745618870485 ) ) ;
#262 = PRODUCT_DEFINITION_CONTEXT ( 'detailed design', #6971, 'design' ) ;
#263 = ORIENTED_EDGE ( 'NONE', *, *, #4713, .T. ) ;
#264 = CARTESIAN_POINT ( 'NONE',  ( -14.95018620752216520, 4.670000000000000817, 28.10997081596839919 ) ) ;
#265 = AXIS2_PLACEMENT_3D ( 'NONE', #3813, #6404, #7086 ) ;
#266 = CARTESIAN_POINT ( 'NONE',  ( 9.216711472603771327, 4.670000000000000817, 13.56265230077034012 ) ) ;
#267 = DIRECTION ( 'NONE',  ( -0.000000000000000000, -1.000000000000000000, -0.000000000000000000 ) ) ;
#268 = ADVANCED_FACE ( 'NONE', ( #7759 ), #1917, .T. ) ;
#269 = ORIENTED_EDGE ( 'NONE', *, *, #988, .F. ) ;
#270 = ORIENTED_EDGE ( 'NONE', *, *, #3063, .T. ) ;
#271 = DIRECTION ( 'NONE',  ( 0.000000000000000000, 1.000000000000000000, 0.000000000000000000 ) ) ;
#272 = AXIS2_PLACEMENT_3D ( 'NONE', #1958, #8310, #6648 ) ;
#273 = CARTESIAN_POINT ( 'NONE',  ( -22.25031422186815888, 4.169999999999999929, 11.69152436717009280 ) ) ;
#274 = ORIENTED_EDGE ( 'NONE', *, *, #2564, .F. ) ;
#275 = EDGE_CURVE ( 'NONE', #5363, #3261, #6377, .T. ) ;
#276 = DIRECTION ( 'NONE',  ( 0.000000000000000000, 0.000000000000000000, -1.000000000000000000 ) ) ;
#277 = EDGE_CURVE ( 'NONE', #5647, #539, #646, .T. ) ;
#278 = ORIENTED_EDGE ( 'NONE', *, *, #5565, .T. ) ;
#279 = CARTESIAN_POINT ( 'NONE',  ( -16.30967357190272438, 4.670000000000000817, -26.24918328139960622 ) ) ;
#280 = VECTOR ( 'NONE', #5646, 1000.000000000000000 ) ;
#281 = CARTESIAN_POINT ( 'NONE',  ( -12.12634585084005856, 4.670000000000000817, -20.00344712380697487 ) ) ;
#282 = CARTESIAN_POINT ( 'NONE',  ( 20.66278350054746227, 4.652225243042692249, 11.19974067596730727 ) ) ;
#283 = DIRECTION ( 'NONE',  ( 0.000000000000000000, -0.000000000000000000, 1.000000000000000000 ) ) ;
#284 = CARTESIAN_POINT ( 'NONE',  ( 20.04460967533839266, 4.663155917074234047, 12.34814415435836565 ) ) ;
#285 = AXIS2_PLACEMENT_3D ( 'NONE', #8345, #8257, #2507 ) ;
#286 = CARTESIAN_POINT ( 'NONE',  ( 17.45353882511010823, 4.218696708336184820, 26.59578445530155477 ) ) ;
#287 = CARTESIAN_POINT ( 'NONE',  ( -21.25031422186807362, 4.670000000000000817, -13.42357517473909390 ) ) ;
#288 = CYLINDRICAL_SURFACE ( 'NONE', #2067, 0.9000000000000014655 ) ;
#289 = EDGE_CURVE ( 'NONE', #7906, #4466, #7112, .T. ) ;
#290 = CARTESIAN_POINT ( 'NONE',  ( -12.45294779642454053, 4.670000000000000817, -20.08823825474810221 ) ) ;
#291 = VERTEX_POINT ( 'NONE', #2605 ) ;
#292 = DIRECTION ( 'NONE',  ( 0.000000000000000000, 0.000000000000000000, 1.000000000000000000 ) ) ;
#293 = CARTESIAN_POINT ( 'NONE',  ( -13.42357517473899975, 0.000000000000000000, 21.25031422186813046 ) ) ;
#294 = AXIS2_PLACEMENT_3D ( 'NONE', #4164, #8126, #3555 ) ;
#295 = CIRCLE ( 'NONE', #2854, 23.13500000000000156 ) ;
#296 = B_SPLINE_CURVE_WITH_KNOTS ( 'NONE', 3,
 ( #1351, #6707, #3473, #847, #4038, #3956 ),
 .UNSPECIFIED., .F., .F.,
 ( 4, 2, 4 ),
 ( 0.000000000000000000, 0.0003908072650538893327, 0.0007816145301077786654 ),
 .UNSPECIFIED. ) ;
#297 = ORIENTED_EDGE ( 'NONE', *, *, #5087, .T. ) ;
#298 = CARTESIAN_POINT ( 'NONE',  ( -0.4330127018921873794, 4.169999999999999929, -0.2499999999999833744 ) ) ;
#299 = CIRCLE ( 'NONE', #3685, 1.000000000000070166 ) ;
#300 = ADVANCED_FACE ( 'NONE', ( #3879 ), #1234, .T. ) ;
#301 = CARTESIAN_POINT ( 'NONE',  ( 8.141141495965088737, 4.670000000000000817, -15.10087070261882225 ) ) ;
#302 = FACE_OUTER_BOUND ( 'NONE', #1464, .T. ) ;
#303 = DIRECTION ( 'NONE',  ( -0.9802340172108805483, 0.000000000000000000, -0.1978415312886023236 ) ) ;
#304 = ORIENTED_EDGE ( 'NONE', *, *, #5498, .F. ) ;
#305 = CARTESIAN_POINT ( 'NONE',  ( 12.29462508638332707, 4.652225243045747582, -20.03065169147676983 ) ) ;
#306 = VECTOR ( 'NONE', #5025, 1000.000000000000114 ) ;
#307 = VECTOR ( 'NONE', #4825, 1000.000000000000000 ) ;
#308 = PLANE ( 'NONE',  #1734 ) ;
#309 = DIRECTION ( 'NONE',  ( 0.000000000000000000, 0.000000000000000000, -1.000000000000000000 ) ) ;
#310 = ADVANCED_BREP_SHAPE_REPRESENTATION ( 'Front Mesh Piece (With Holes)', ( #7162, #6097 ), #6940 ) ;
#311 = EDGE_CURVE ( 'NONE', #1672, #1220, #724, .T. ) ;
#312 = DIRECTION ( 'NONE',  ( 0.8660254037844441477, -0.000000000000000000, 0.4999999999999906741 ) ) ;
#313 = VECTOR ( 'NONE', #8417, 1000.000000000000000 ) ;
#314 = AXIS2_PLACEMENT_3D ( 'NONE', #8381, #7783, #2501 ) ;
#315 = DIRECTION ( 'NONE',  ( 0.5000000000000000000, 0.000000000000000000, 0.8660254037844385966 ) ) ;
#316 = ORIENTED_EDGE ( 'NONE', *, *, #621, .F. ) ;
#317 = ORIENTED_EDGE ( 'NONE', *, *, #5600, .F. ) ;
#318 = EDGE_CURVE ( 'NONE', #6544, #8279, #5881, .T. ) ;
#319 = AXIS2_PLACEMENT_3D ( 'NONE', #5857, #5692, #3718 ) ;
#320 = CYLINDRICAL_SURFACE ( 'NONE', #5624, 0.9000000000017154278 ) ;
#321 = VERTEX_POINT ( 'NONE', #1147 ) ;
#322 = CARTESIAN_POINT ( 'NONE',  ( 11.10645329366210809, 4.670000000000000817, 3.735411355654326471 ) ) ;
#323 = ORIENTED_EDGE ( 'NONE', *, *, #1980, .T. ) ;
#324 = DIRECTION ( 'NONE',  ( 0.3187812165858492364, 0.000000000000000000, -0.9478283262026123701 ) ) ;
#325 = CARTESIAN_POINT ( 'NONE',  ( -11.98970151184123267, 4.169999999999999929, 19.76677218609431819 ) ) ;
#326 = DIRECTION ( 'NONE',  ( 0.000000000000000000, 0.000000000000000000, -1.000000000000000000 ) ) ;
#327 = LINE ( 'NONE', #5513, #3739 ) ;
#328 = EDGE_CURVE ( 'NONE', #5569, #7151, #4473, .T. ) ;
#329 = AXIS2_PLACEMENT_3D ( 'NONE', #592, #6104, #3175 ) ;
#330 = CARTESIAN_POINT ( 'NONE',  ( 11.69152436717008747, 4.296427799499410227, 22.25031422186815533 ) ) ;
#331 = ORIENTED_EDGE ( 'NONE', *, *, #5577, .T. ) ;
#332 = CARTESIAN_POINT ( 'NONE',  ( -10.70895168659625263, 4.298923624762779561, -20.52210424823728374 ) ) ;
#333 = PLANE ( 'NONE',  #4520 ) ;
#334 = CARTESIAN_POINT ( 'NONE',  ( -12.40124503023494995, 4.670000000000000817, -20.06373414448524528 ) ) ;
#335 = ORIENTED_EDGE ( 'NONE', *, *, #7661, .T. ) ;
#336 = CARTESIAN_POINT ( 'NONE',  ( 19.51677218609436437, 0.000000000000000000, 12.42271421373338747 ) ) ;
#337 = CARTESIAN_POINT ( 'NONE',  ( -12.90196336177903369, 4.670000000000000817, 21.24426712305749732 ) ) ;
#338 = VERTEX_POINT ( 'NONE', #7708 ) ;
#339 = EDGE_CURVE ( 'NONE', #4850, #2658, #5077, .T. ) ;
#340 = EDGE_CURVE ( 'NONE', #6229, #4581, #4546, .T. ) ;
#341 = CARTESIAN_POINT ( 'NONE',  ( -1.689999999999922231, 2.669999999999999929, -23.07319061161676998 ) ) ;
#342 = ORIENTED_EDGE ( 'NONE', *, *, #128, .F. ) ;
#343 = DIRECTION ( 'NONE',  ( 0.8660254037844402619, 0.000000000000000000, -0.4999999999999972800 ) ) ;
#344 = CARTESIAN_POINT ( 'NONE',  ( -20.94651235872340322, 4.670000000000000817, 12.96637362587735254 ) ) ;
#345 = CARTESIAN_POINT ( 'NONE',  ( -11.65702501039959849, 4.670000000000000817, 21.70246513433251323 ) ) ;
#346 = EDGE_LOOP ( 'NONE', ( #6132, #1814, #5587, #5084, #401 ) ) ;
#347 = DIRECTION ( 'NONE',  ( 0.000000000000000000, 1.000000000000000000, 0.000000000000000000 ) ) ;
#348 = CARTESIAN_POINT ( 'NONE',  ( 12.12634585083986138, 4.670000000000000817, -20.00344712380691803 ) ) ;
#349 = B_SPLINE_CURVE_WITH_KNOTS ( 'NONE', 3,
 ( #3749, #1838, #4442, #7023, #6432, #7197 ),
 .UNSPECIFIED., .F., .F.,
 ( 4, 2, 4 ),
 ( 0.0001930194709205866545, 0.0005663713981657887264, 0.0009397233254109906356 ),
 .UNSPECIFIED. ) ;
#350 = EDGE_CURVE ( 'NONE', #6380, #3131, #2154, .T. ) ;
#351 = CARTESIAN_POINT ( 'NONE',  ( -6.462191090617162459, 4.169999999999999929, 15.06371434019465383 ) ) ;
#352 = DIRECTION ( 'NONE',  ( 0.4999999999999960032, -0.000000000000000000, -0.8660254037844410391 ) ) ;
#353 = LINE ( 'NONE', #6201, #3300 ) ;
#354 = ORIENTED_EDGE ( 'NONE', *, *, #3224, .T. ) ;
#355 = EDGE_CURVE ( 'NONE', #4066, #3220, #3159, .T. ) ;
#356 = EDGE_LOOP ( 'NONE', ( #2757, #5745, #1251, #7433 ) ) ;
#357 = AXIS2_PLACEMENT_3D ( 'NONE', #7887, #812, #967 ) ;
#358 = DIRECTION ( 'NONE',  ( 0.000000000000000000, 0.000000000000000000, 1.000000000000000000 ) ) ;
#359 = ORIENTED_EDGE ( 'NONE', *, *, #6794, .T. ) ;
#360 = CYLINDRICAL_SURFACE ( 'NONE', #1780, 0.5000000000000004441 ) ;
#361 = VERTEX_POINT ( 'NONE', #7275 ) ;
#362 = CARTESIAN_POINT ( 'NONE',  ( -6.621581698909876579, 4.169999999999999929, -14.58980017709343002 ) ) ;
#363 = DIRECTION ( 'NONE',  ( 0.000000000000000000, 0.000000000000000000, -1.000000000000000000 ) ) ;
#364 = LINE ( 'NONE', #451, #5914 ) ;
#365 = CARTESIAN_POINT ( 'NONE',  ( -26.59578445530214807, 4.169999999999999929, -17.45353882510841714 ) ) ;
#366 = ORIENTED_EDGE ( 'NONE', *, *, #5137, .F. ) ;
#367 = CARTESIAN_POINT ( 'NONE',  ( -14.90122735996143177, 4.622816595023753194, -6.858908486273841199 ) ) ;
#368 = ORIENTED_EDGE ( 'NONE', *, *, #1478, .T. ) ;
#369 = CARTESIAN_POINT ( 'NONE',  ( -17.11411476945176346, 4.169999999999999929, -25.65515099297929780 ) ) ;
#370 = LINE ( 'NONE', #7984, #7191 ) ;
#371 = DIRECTION ( 'NONE',  ( -0.000000000000000000, 1.000000000000000000, -0.000000000000000000 ) ) ;
#372 = DIRECTION ( 'NONE',  ( 0.000000000000000000, 0.000000000000000000, 1.000000000000000000 ) ) ;
#373 = ADVANCED_FACE ( 'NONE', ( #2681 ), #145, .T. ) ;
#374 = ORIENTED_EDGE ( 'NONE', *, *, #5879, .F. ) ;
#375 = CARTESIAN_POINT ( 'NONE',  ( 21.25031422186811980, 4.169999999999999929, -13.42357517473902107 ) ) ;
#376 = FACE_OUTER_BOUND ( 'NONE', #3909, .T. ) ;
#377 = ORIENTED_EDGE ( 'NONE', *, *, #7147, .T. ) ;
#378 = AXIS2_PLACEMENT_3D ( 'NONE', #657, #7815, #700 ) ;
#379 = CARTESIAN_POINT ( 'NONE',  ( -9.789244812662245110, 4.330868867295253999, 13.14724873732737542 ) ) ;
#380 = VERTEX_POINT ( 'NONE', #112 ) ;
#381 = ADVANCED_FACE ( 'NONE', ( #5374 ), #7923, .T. ) ;
#382 = ORIENTED_EDGE ( 'NONE', *, *, #2311, .F. ) ;
#383 = ADVANCED_FACE ( 'NONE', ( #7349 ), #5294, .F. ) ;
#384 = VECTOR ( 'NONE', #4800, 1000.000000000000114 ) ;
#385 = CARTESIAN_POINT ( 'NONE',  ( -11.17502439322350405, 4.670000000000343654, -20.77235687466396996 ) ) ;
#386 = DIRECTION ( 'NONE',  ( 0.000000000000000000, 1.000000000000000000, 0.000000000000000000 ) ) ;
#387 = ORIENTED_EDGE ( 'NONE', *, *, #4061, .F. ) ;
#388 = DIRECTION ( 'NONE',  ( 0.000000000000000000, 1.000000000000000000, 0.000000000000000000 ) ) ;
#389 = AXIS2_PLACEMENT_3D ( 'NONE', #8042, #2159, #4168 ) ;
#390 = LINE ( 'NONE', #7573, #1900 ) ;
#391 = DIRECTION ( 'NONE',  ( 0.000000000000000000, 0.000000000000000000, 1.000000000000000000 ) ) ;
#392 = EDGE_CURVE ( 'NONE', #1545, #7035, #1474, .T. ) ;
#393 = CARTESIAN_POINT ( 'NONE',  ( 0.000000000000000000, 4.169999999999999929, 0.000000000000000000 ) ) ;
#394 = CYLINDRICAL_SURFACE ( 'NONE', #914, 12.90862149930206293 ) ;
#395 = ORIENTED_EDGE ( 'NONE', *, *, #5464, .F. ) ;
#396 = ORIENTED_EDGE ( 'NONE', *, *, #6392, .T. ) ;
#397 = LINE ( 'NONE', #5038, #5183 ) ;
#398 = ORIENTED_EDGE ( 'NONE', *, *, #8209, .T. ) ;
#399 = CARTESIAN_POINT ( 'NONE',  ( 14.51453906012028305, 4.169999999999999929, -9.534673571903006462 ) ) ;
#400 = EDGE_CURVE ( 'NONE', #1245, #5442, #1398, .T. ) ;
#401 = ORIENTED_EDGE ( 'NONE', *, *, #4632, .F. ) ;
#402 = DIRECTION ( 'NONE',  ( 0.000000000000000000, 0.000000000000000000, 1.000000000000000000 ) ) ;
#403 = CARTESIAN_POINT ( 'NONE',  ( -12.06749888762499268, 4.670000000000000817, -20.90152119364775274 ) ) ;
#404 = CARTESIAN_POINT ( 'NONE',  ( -27.02108929809659443, 4.670000000000000817, -15.02328291086373291 ) ) ;
#405 = AXIS2_PLACEMENT_3D ( 'NONE', #5681, #2397, #8280 ) ;
#406 = CARTESIAN_POINT ( 'NONE',  ( 13.12827881868119384, 4.670000000000000817, 9.814463748652000774 ) ) ;
#407 = ORIENTED_EDGE ( 'NONE', *, *, #7038, .T. ) ;
#408 = CARTESIAN_POINT ( 'NONE',  ( 20.90152119364827854, 0.000000000000000000, -12.06749888762685252 ) ) ;
#409 = DIRECTION ( 'NONE',  ( -0.4999999999999683031, 0.000000000000000000, -0.8660254037844570263 ) ) ;
#410 = CIRCLE ( 'NONE', #5185, 0.9000000000028429703 ) ;
#411 = CARTESIAN_POINT ( 'NONE',  ( -15.04062489701888872, 4.169999999999999929, -7.962013372627257723 ) ) ;
#412 = DIRECTION ( 'NONE',  ( 0.000000000000000000, 0.000000000000000000, 1.000000000000000000 ) ) ;
#413 = ORIENTED_EDGE ( 'NONE', *, *, #894, .T. ) ;
#414 = CARTESIAN_POINT ( 'NONE',  ( -20.55564443649806705, 4.670000000000000817, 11.23457843555605429 ) ) ;
#415 = CARTESIAN_POINT ( 'NONE',  ( -21.25031422186811270, 4.296427799499393352, 13.42357517473902639 ) ) ;
#416 = CARTESIAN_POINT ( 'NONE',  ( 7.802622764334153693, 4.670000000000000817, -15.51453906012027062 ) ) ;
#417 = EDGE_LOOP ( 'NONE', ( #3345, #7622, #506, #6068, #4458, #1798 ) ) ;
#418 = TOROIDAL_SURFACE ( 'NONE', #2039, 24.63500000000000512, 0.5000000000000000000 ) ;
#419 = EDGE_CURVE ( 'NONE', #1911, #5515, #7939, .T. ) ;
#420 = CARTESIAN_POINT ( 'NONE',  ( -3.735411355654435717, 4.670000000000000817, 11.10645329366196066 ) ) ;
#421 = CARTESIAN_POINT ( 'NONE',  ( 12.90762276433414790, 0.000000000000000000, -24.35665843275938869 ) ) ;
#422 = ORIENTED_EDGE ( 'NONE', *, *, #4445, .F. ) ;
#423 = AXIS2_PLACEMENT_3D ( 'NONE', #476, #2423, #1776 ) ;
#424 = CIRCLE ( 'NONE', #5586, 0.9000000000012973178 ) ;
#425 = ORIENTED_EDGE ( 'NONE', *, *, #2402, .F. ) ;
#426 = DIRECTION ( 'NONE',  ( 0.000000000000000000, 0.000000000000000000, 1.000000000000000000 ) ) ;
#427 = CARTESIAN_POINT ( 'NONE',  ( -14.30585555931274122, 4.169999999999999929, -28.41310023613296210 ) ) ;
#428 = CARTESIAN_POINT ( 'NONE',  ( 14.41561829447598164, 4.169999999999999929, -9.044556563297565077 ) ) ;
#429 = ORIENTED_EDGE ( 'NONE', *, *, #781, .F. ) ;
#430 = CARTESIAN_POINT ( 'NONE',  ( 9.478574580320762166, 4.622527583665942075, 13.37814691498531161 ) ) ;
#431 = AXIS2_PLACEMENT_3D ( 'NONE', #3401, #925, #309 ) ;
#432 = VERTEX_POINT ( 'NONE', #4129 ) ;
#433 = EDGE_CURVE ( 'NONE', #2367, #7639, #8356, .T. ) ;
#434 = ADVANCED_FACE ( 'NONE', ( #3396 ), #6000, .T. ) ;
#435 = CARTESIAN_POINT ( 'NONE',  ( -6.582403424404528636, 4.461798287106311101, 15.01187044623702427 ) ) ;
#436 = CARTESIAN_POINT ( 'NONE',  ( 17.11411476945192689, 4.169999999999999929, -26.65515099297919477 ) ) ;
#437 = CARTESIAN_POINT ( 'NONE',  ( -21.29959526348921628, 4.670000000000000817, 12.87467732819532706 ) ) ;
#438 = VECTOR ( 'NONE', #1310, 1000.000000000000000 ) ;
#439 = AXIS2_PLACEMENT_3D ( 'NONE', #408, #992, #6898 ) ;
#440 = LINE ( 'NONE', #3025, #2955 ) ;
#441 = ORIENTED_EDGE ( 'NONE', *, *, #444, .F. ) ;
#442 = EDGE_LOOP ( 'NONE', ( #5156, #2207, #6673, #8121 ) ) ;
#443 = EDGE_CURVE ( 'NONE', #7856, #8034, #6541, .T. ) ;
#444 = EDGE_CURVE ( 'NONE', #951, #1911, #4597, .T. ) ;
#445 = CIRCLE ( 'NONE', #2618, 1.000000000000000888 ) ;
#446 = DIRECTION ( 'NONE',  ( 0.000000000000000000, 0.000000000000000000, -1.000000000000000000 ) ) ;
#447 = ORIENTED_EDGE ( 'NONE', *, *, #7131, .F. ) ;
#448 = DIRECTION ( 'NONE',  ( -0.000000000000000000, -1.000000000000000000, -0.000000000000000000 ) ) ;
#449 = VERTEX_POINT ( 'NONE', #7185 ) ;
#450 = CARTESIAN_POINT ( 'NONE',  ( 20.03065169146038116, 4.652225243043648817, -12.29462508638772356 ) ) ;
#451 = CARTESIAN_POINT ( 'NONE',  ( -6.462191090616950184, 4.670000000000000817, -15.06371434019473554 ) ) ;
#453 = DIRECTION ( 'NONE',  ( 0.000000000000000000, 0.000000000000000000, 1.000000000000000000 ) ) ;
#452 = AXIS2_PLACEMENT_3D ( 'NONE', #6558, #744, #3332 ) ;
#454 = CIRCLE ( 'NONE', #2341, 1.500000000000001332 ) ;
#455 = EDGE_CURVE ( 'NONE', #4241, #2454, #78, .T. ) ;
#456 = DIRECTION ( 'NONE',  ( 0.000000000000000000, -0.000000000000000000, 1.000000000000000000 ) ) ;
#457 = ORIENTED_EDGE ( 'NONE', *, *, #3119, .T. ) ;
#458 = CARTESIAN_POINT ( 'NONE',  ( -12.06749888762342060, 4.670000000000000817, 20.90152119364811156 ) ) ;
#459 = DIRECTION ( 'NONE',  ( 0.000000000000000000, 0.000000000000000000, -1.000000000000000000 ) ) ;
#460 = CIRCLE ( 'NONE', #5082, 24.63500000000000512 ) ;
#461 = AXIS2_PLACEMENT_3D ( 'NONE', #2252, #3409, #2739 ) ;
#462 = DIRECTION ( 'NONE',  ( -0.5000000000000243139, 0.000000000000000000, -0.8660254037844247188 ) ) ;
#463 = ORIENTED_EDGE ( 'NONE', *, *, #571, .F. ) ;
#464 = CARTESIAN_POINT ( 'NONE',  ( 12.42271421373331997, 0.000000000000000000, -19.51677218609439990 ) ) ;
#465 = DIRECTION ( 'NONE',  ( 0.5000000000000002220, 0.000000000000000000, 0.8660254037844384856 ) ) ;
#466 = DIRECTION ( 'NONE',  ( 0.000000000000000000, 0.000000000000000000, 1.000000000000000000 ) ) ;
#467 = EDGE_LOOP ( 'NONE', ( #1503, #6568, #5867, #5979, #6396, #5815, #6731, #6867, #5775, #7550 ) ) ;
#468 = EDGE_CURVE ( 'NONE', #4441, #993, #296, .T. ) ;
#469 = CARTESIAN_POINT ( 'NONE',  ( 20.51677218609433950, 4.169999999999999929, -10.69066340616453914 ) ) ;
#470 = CARTESIAN_POINT ( 'NONE',  ( 3.133803367899199888, 4.670000000000000817, 5.427906654126693375 ) ) ;
#471 = CYLINDRICAL_SURFACE ( 'NONE', #7775, 0.9000000000012973178 ) ;
#472 = ORIENTED_EDGE ( 'NONE', *, *, #877, .T. ) ;
#473 = VERTEX_POINT ( 'NONE', #188 ) ;
#474 = CARTESIAN_POINT ( 'NONE',  ( 20.90152119364996608, 4.670000000000000817, 12.06749888762394463 ) ) ;
#475 = EDGE_CURVE ( 'NONE', #2667, #5830, #3429, .T. ) ;
#476 = CARTESIAN_POINT ( 'NONE',  ( 0.000000000000000000, 4.670000000000000817, 0.000000000000000000 ) ) ;
#477 = ORIENTED_EDGE ( 'NONE', *, *, #6102, .T. ) ;
#478 = CARTESIAN_POINT ( 'NONE',  ( -21.79556159152507888, 4.669999999999999929, 11.94709333245993577 ) ) ;
#479 = EDGE_CURVE ( 'NONE', #3957, #3268, #5411, .T. ) ;
#480 = CARTESIAN_POINT ( 'NONE',  ( 7.137245698860630760, 4.670000000000000817, 14.76323242501154276 ) ) ;
#481 = CARTESIAN_POINT ( 'NONE',  ( 7.105492864710123868, 4.669999999999999929, -14.81259682262527377 ) ) ;
#482 = ORIENTED_EDGE ( 'NONE', *, *, #2936, .F. ) ;
#483 = ORIENTED_EDGE ( 'NONE', *, *, #6787, .F. ) ;
#484 = CARTESIAN_POINT ( 'NONE',  ( -9.814463748651876429, 4.169999999999999929, -13.12827881868129687 ) ) ;
#485 = ORIENTED_EDGE ( 'NONE', *, *, #8334, .F. ) ;
#486 = CARTESIAN_POINT ( 'NONE',  ( 15.51453906012024220, 4.670000000000000817, 7.802622764334208760 ) ) ;
#487 = CARTESIAN_POINT ( 'NONE',  ( -14.55029879730511055, 4.669999999999999929, -9.316173154054743222 ) ) ;
#488 = EDGE_CURVE ( 'NONE', #3002, #6629, #4834, .T. ) ;
#489 = ORIENTED_EDGE ( 'NONE', *, *, #328, .T. ) ;
#490 = EDGE_CURVE ( 'NONE', #5538, #1220, #2912, .T. ) ;
#491 = DIRECTION ( 'NONE',  ( -0.4999999999999898970, 0.000000000000000000, 0.8660254037844444808 ) ) ;
#492 = CARTESIAN_POINT ( 'NONE',  ( -15.01063546622627243, 4.670000000000000817, -26.99918328139947477 ) ) ;
#493 = AXIS2_PLACEMENT_3D ( 'NONE', #7189, #149, #3358 ) ;
#494 = DIRECTION ( 'NONE',  ( -0.000000000000000000, -1.000000000000000000, -0.000000000000000000 ) ) ;
#495 = CARTESIAN_POINT ( 'NONE',  ( -28.36571080924039734, 4.359820886459835343, -14.41004754143095745 ) ) ;
#496 = VERTEX_POINT ( 'NONE', #6149 ) ;
#497 = DIRECTION ( 'NONE',  ( -0.000000000000000000, -1.000000000000000000, -0.000000000000000000 ) ) ;
#498 = CARTESIAN_POINT ( 'NONE',  ( 12.12634585083986138, 4.670000000000000817, -20.00344712380691803 ) ) ;
#499 = FACE_OUTER_BOUND ( 'NONE', #3166, .T. ) ;
#500 = ORIENTED_EDGE ( 'NONE', *, *, #7614, .T. ) ;
#501 = CARTESIAN_POINT ( 'NONE',  ( -27.24918328139942147, 4.169999999999999929, 14.57762276433412474 ) ) ;
#502 = EDGE_CURVE ( 'NONE', #8225, #3263, #989, .T. ) ;
#503 = DIRECTION ( 'NONE',  ( 0.000000000000000000, 1.000000000000000000, 0.000000000000000000 ) ) ;
#504 = DIRECTION ( 'NONE',  ( 0.1978415312886053767, 0.000000000000000000, -0.9802340172108799932 ) ) ;
#505 = ORIENTED_EDGE ( 'NONE', *, *, #4946, .F. ) ;
#506 = ORIENTED_EDGE ( 'NONE', *, *, #2958, .T. ) ;
#507 = CARTESIAN_POINT ( 'NONE',  ( 25.07812044392483841, 2.669999999999999929, -1.689999999999826308 ) ) ;
#508 = EDGE_LOOP ( 'NONE', ( #5965, #7136, #1719, #7488, #5674, #3490, #1484, #6855 ) ) ;
#509 = ORIENTED_EDGE ( 'NONE', *, *, #253, .T. ) ;
#510 = ORIENTED_EDGE ( 'NONE', *, *, #275, .T. ) ;
#511 = EDGE_CURVE ( 'NONE', #4039, #4139, #2209, .T. ) ;
#512 = CARTESIAN_POINT ( 'NONE',  ( -14.57964835179251040, 4.491821260036651609, -28.28029323399567119 ) ) ;
#513 = VERTEX_POINT ( 'NONE', #7569 ) ;
#514 = CARTESIAN_POINT ( 'NONE',  ( -9.316173154054748551, 4.670000000000000817, 14.55029879730511055 ) ) ;
#515 = CARTESIAN_POINT ( 'NONE',  ( -11.10645329366220935, 4.670000000000000817, 3.735411355654222110 ) ) ;
#516 = DIRECTION ( 'NONE',  ( 0.5000000000000075495, 0.000000000000000000, -0.8660254037844342667 ) ) ;
#517 = CIRCLE ( 'NONE', #7575, 1.000000000000000888 ) ;
#518 = B_SPLINE_CURVE_WITH_KNOTS ( 'NONE', 3,
 ( #2878, #1589, #4205, #344 ),
 .UNSPECIFIED., .F., .F.,
 ( 4, 4 ),
 ( 0.0001818276790604155294, 0.0003668244205212953810 ),
 .UNSPECIFIED. ) ;
#519 = ADVANCED_FACE ( 'NONE', ( #6238 ), #964, .T. ) ;
#520 = CYLINDRICAL_SURFACE ( 'NONE', #5476, 1.000000000000000888 ) ;
#521 = DIRECTION ( 'NONE',  ( -0.000000000000000000, -1.000000000000000000, -0.000000000000000000 ) ) ;
#522 = CARTESIAN_POINT ( 'NONE',  ( -0.4330127018921958726, 4.169999999999999929, -0.2499999999999859002 ) ) ;
#523 = VERTEX_POINT ( 'NONE', #1049 ) ;
#524 = LINE ( 'NONE', #3068, #2265 ) ;
#525 = ORIENTED_EDGE ( 'NONE', *, *, #6015, .F. ) ;
#526 = ADVANCED_FACE ( 'NONE', ( #2284 ), #4879, .T. ) ;
#527 = DIRECTION ( 'NONE',  ( 1.051949387485938019E-14, -0.000000000000000000, -1.000000000000000000 ) ) ;
#528 = ORIENTED_EDGE ( 'NONE', *, *, #6503, .T. ) ;
#529 = CARTESIAN_POINT ( 'NONE',  ( -20.03065169145887836, 4.652225243043353942, 12.29462508638811968 ) ) ;
#530 = LINE ( 'NONE', #5679, #8004 ) ;
#531 = AXIS2_PLACEMENT_3D ( 'NONE', #522, #7577, #2430 ) ;
#532 = ORIENTED_EDGE ( 'NONE', *, *, #1434, .F. ) ;
#533 = LINE ( 'NONE', #4998, #5505 ) ;
#534 = LINE ( 'NONE', #3797, #3679 ) ;
#535 = AXIS2_PLACEMENT_3D ( 'NONE', #1813, #6961, #8340 ) ;
#536 = CARTESIAN_POINT ( 'NONE',  ( -20.90152119364589467, 4.670000000000000817, 12.06749888762551848 ) ) ;
#537 = EDGE_CURVE ( 'NONE', #4577, #5663, #4407, .T. ) ;
#538 = EDGE_CURVE ( 'NONE', #1545, #8255, #736, .T. ) ;
#539 = VERTEX_POINT ( 'NONE', #4931 ) ;
#540 = CARTESIAN_POINT ( 'NONE',  ( 0.000000000000000000, 0.000000000000000000, 0.000000000000000000 ) ) ;
#541 = DIRECTION ( 'NONE',  ( -0.1978415312886384614, 0.000000000000000000, -0.9802340172108734428 ) ) ;
#542 = CARTESIAN_POINT ( 'NONE',  ( 27.07182525767015591, 4.670000000000000817, -16.62112995451137110 ) ) ;
#543 = EDGE_LOOP ( 'NONE', ( #6121, #525, #1822, #4763 ) ) ;
#544 = LINE ( 'NONE', #5008, #4521 ) ;
#545 = ORIENTED_EDGE ( 'NONE', *, *, #1932, .F. ) ;
#546 = FACE_OUTER_BOUND ( 'NONE', #1487, .T. ) ;
#547 = LINE ( 'NONE', #1853, #3923 ) ;
#548 = VERTEX_POINT ( 'NONE', #3015 ) ;
#549 = EDGE_CURVE ( 'NONE', #6766, #3030, #1394, .T. ) ;
#550 = CARTESIAN_POINT ( 'NONE',  ( -20.90152119364589467, 4.670000000000000817, 12.06749888762551848 ) ) ;
#551 = ORIENTED_EDGE ( 'NONE', *, *, #3637, .T. ) ;
#552 = VERTEX_POINT ( 'NONE', #4296 ) ;
#553 = ORIENTED_EDGE ( 'NONE', *, *, #5780, .T. ) ;
#554 = CARTESIAN_POINT ( 'NONE',  ( 20.60858625354271112, 4.663188625685047661, 11.21465142593009112 ) ) ;
#555 = AXIS2_PLACEMENT_3D ( 'NONE', #6624, #8002, #4801 ) ;
#556 = DIRECTION ( 'NONE',  ( 0.000000000000000000, 0.000000000000000000, 1.000000000000000000 ) ) ;
#557 = VECTOR ( 'NONE', #1244, 1000.000000000000000 ) ;
#558 = EDGE_LOOP ( 'NONE', ( #8112, #5642, #7701, #5958, #6925, #6897 ) ) ;
#559 = EDGE_CURVE ( 'NONE', #7198, #4695, #5495, .T. ) ;
#560 = ORIENTED_EDGE ( 'NONE', *, *, #1459, .F. ) ;
#561 = CIRCLE ( 'NONE', #3669, 1.000000000000052847 ) ;
#562 = CARTESIAN_POINT ( 'NONE',  ( -9.534673571903027778, 4.169999999999999929, 14.51453906012026529 ) ) ;
#563 = DIRECTION ( 'NONE',  ( -0.000000000000000000, -1.000000000000000000, -0.000000000000000000 ) ) ;
#564 = LINE ( 'NONE', #1827, #7924 ) ;
#565 = CYLINDRICAL_SURFACE ( 'NONE', #8353, 0.5000000000000000000 ) ;
#566 = CARTESIAN_POINT ( 'NONE',  ( -7.802622764334155470, 4.169999999999999929, -15.51453906012026529 ) ) ;
#567 = ORIENTED_EDGE ( 'NONE', *, *, #3541, .F. ) ;
#568 = CARTESIAN_POINT ( 'NONE',  ( -20.90152119364758221, 4.670000000000000817, -12.06749888762527867 ) ) ;
#569 = AXIS2_PLACEMENT_3D ( 'NONE', #738, #2086, #5264 ) ;
#570 = ORIENTED_EDGE ( 'NONE', *, *, #6526, .F. ) ;
#571 = EDGE_CURVE ( 'NONE', #1777, #6958, #4977, .T. ) ;
#572 = DIRECTION ( 'NONE',  ( 0.000000000000000000, 0.000000000000000000, 1.000000000000000000 ) ) ;
#573 = ORIENTED_EDGE ( 'NONE', *, *, #6417, .F. ) ;
#574 = CARTESIAN_POINT ( 'NONE',  ( 21.12879883022735328, 4.649847419193029907, -12.93832888018057758 ) ) ;
#575 = EDGE_LOOP ( 'NONE', ( #7168, #1846, #5809, #2764 ) ) ;
#576 = CIRCLE ( 'NONE', #2474, 24.63500000000000512 ) ;
#577 = VERTEX_POINT ( 'NONE', #1095 ) ;
#578 = ORIENTED_EDGE ( 'NONE', *, *, #4171, .F. ) ;
#579 = ADVANCED_FACE ( 'NONE', ( #3812 ), #6403, .T. ) ;
#580 = FACE_OUTER_BOUND ( 'NONE', #8181, .T. ) ;
#581 = CIRCLE ( 'NONE', #3301, 1.000000000000049516 ) ;
#582 = VECTOR ( 'NONE', #1424, 1000.000000000000227 ) ;
#583 = CYLINDRICAL_SURFACE ( 'NONE', #5037, 23.13499999999999801 ) ;
#584 = DIRECTION ( 'NONE',  ( 0.000000000000000000, 0.000000000000000000, 1.000000000000000000 ) ) ;
#585 = ORIENTED_EDGE ( 'NONE', *, *, #6751, .T. ) ;
#586 = CARTESIAN_POINT ( 'NONE',  ( 27.02108929809669746, 4.670000000000000817, 15.02328291086354639 ) ) ;
#587 = FACE_OUTER_BOUND ( 'NONE', #3327, .T. ) ;
#588 = AXIS2_PLACEMENT_3D ( 'NONE', #1257, #1294, #1331 ) ;
#589 = ORIENTED_EDGE ( 'NONE', *, *, #4961, .T. ) ;
#590 = FACE_OUTER_BOUND ( 'NONE', #840, .T. ) ;
#591 = CARTESIAN_POINT ( 'NONE',  ( 12.90762276433416211, 0.000000000000000000, 24.35665843275938158 ) ) ;
#592 = CARTESIAN_POINT ( 'NONE',  ( 6.621581698910013358, 4.169999999999999929, 14.58980017709339450 ) ) ;
#593 = ADVANCED_FACE ( 'NONE', ( #7429 ), #2197, .T. ) ;
#594 = DIRECTION ( 'NONE',  ( 0.000000000000000000, 1.000000000000000000, 0.000000000000000000 ) ) ;
#595 = ORIENTED_EDGE ( 'NONE', *, *, #1248, .T. ) ;
#596 = VECTOR ( 'NONE', #8145, 1000.000000000000114 ) ;
#597 = CARTESIAN_POINT ( 'NONE',  ( 17.11411476945192689, 4.670000000000000817, -26.65515099297919477 ) ) ;
#598 = ORIENTED_EDGE ( 'NONE', *, *, #1834, .F. ) ;
#599 = ORIENTED_EDGE ( 'NONE', *, *, #1469, .F. ) ;
#600 = EDGE_LOOP ( 'NONE', ( #2597, #771, #4968, #3170 ) ) ;
#601 = CARTESIAN_POINT ( 'NONE',  ( 12.96327227449611463, 4.670000000000034568, -21.00847399957566353 ) ) ;
#602 = DIRECTION ( 'NONE',  ( 0.000000000000000000, 0.000000000000000000, 1.000000000000000000 ) ) ;
#603 = EDGE_CURVE ( 'NONE', #4076, #876, #3512, .T. ) ;
#604 = ADVANCED_FACE ( 'NONE', ( #4580 ), #1297, .T. ) ;
#605 = ORIENTED_EDGE ( 'NONE', *, *, #7536, .T. ) ;
#606 = VERTEX_POINT ( 'NONE', #3980 ) ;
#607 = VECTOR ( 'NONE', #7085, 1000.000000000000000 ) ;
#608 = CARTESIAN_POINT ( 'NONE',  ( -13.66095511311962518, 0.000000000000000000, 27.64883365011740324 ) ) ;
#609 = CARTESIAN_POINT ( 'NONE',  ( -16.30967357190272438, 0.000000000000000000, -26.24918328139960622 ) ) ;
#610 = CARTESIAN_POINT ( 'NONE',  ( 20.51677218609434306, 4.169999999999999929, 10.69066340616454802 ) ) ;
#611 = DIRECTION ( 'NONE',  ( -0.5000000000000350830, 0.000000000000000000, -0.8660254037844185016 ) ) ;
#612 = EDGE_CURVE ( 'NONE', #2042, #5901, #7166, .T. ) ;
#613 = ORIENTED_EDGE ( 'NONE', *, *, #1356, .T. ) ;
#614 = FACE_OUTER_BOUND ( 'NONE', #3706, .T. ) ;
#615 = DIRECTION ( 'NONE',  ( -0.000000000000000000, -1.000000000000000000, -0.000000000000000000 ) ) ;
#616 = EDGE_LOOP ( 'NONE', ( #4989, #8367, #578, #4942, #500, #6734 ) ) ;
#617 = CARTESIAN_POINT ( 'NONE',  ( 0.000000000000000000, 0.000000000000000000, 0.000000000000000000 ) ) ;
#618 = FACE_OUTER_BOUND ( 'NONE', #5134, .T. ) ;
#619 = ORIENTED_EDGE ( 'NONE', *, *, #7714, .T. ) ;
#620 = VERTEX_POINT ( 'NONE', #788 ) ;
#621 = EDGE_CURVE ( 'NONE', #6325, #7527, #5194, .T. ) ;
#622 = VERTEX_POINT ( 'NONE', #3372 ) ;
#623 = FACE_OUTER_BOUND ( 'NONE', #6846, .T. ) ;
#624 = B_SPLINE_CURVE_WITH_KNOTS ( 'NONE', 3,
 ( #1104, #7438, #1785, #4303, #7531, #6294, #6158, #480 ),
 .UNSPECIFIED., .F., .F.,
 ( 4, 2, 2, 4 ),
 ( 0.000000000000000000, 0.0002441089400449481753, 0.0004882178800898963507, 0.0009764357601797905330 ),
 .UNSPECIFIED. ) ;
#625 = CIRCLE ( 'NONE', #95, 14.99267480351038451 ) ;
#626 = ORIENTED_EDGE ( 'NONE', *, *, #3027, .T. ) ;
#627 = CARTESIAN_POINT ( 'NONE',  ( -20.59440237767994120, 4.579182007011960209, 10.95908546764361091 ) ) ;
#628 = CARTESIAN_POINT ( 'NONE',  ( 26.88576877463414050, 4.610017929496597944, -16.94570768435172070 ) ) ;
#629 = AXIS2_PLACEMENT_3D ( 'NONE', #5934, #2056, #7251 ) ;
#630 = ORIENTED_EDGE ( 'NONE', *, *, #4034, .F. ) ;
#631 = CARTESIAN_POINT ( 'NONE',  ( -12.96637362587523334, 4.670000000000000817, 20.94651235872471773 ) ) ;
#632 = CYLINDRICAL_SURFACE ( 'NONE', #3649, 1.000000000000000888 ) ;
#633 = CARTESIAN_POINT ( 'NONE',  ( -13.58106158616571868, 4.670000000000000817, -9.212995909637660574 ) ) ;
#634 = ORIENTED_EDGE ( 'NONE', *, *, #7248, .F. ) ;
#635 = EDGE_CURVE ( 'NONE', #4378, #7413, #3566, .T. ) ;
#636 = VERTEX_POINT ( 'NONE', #1259 ) ;
#637 = ORIENTED_EDGE ( 'NONE', *, *, #2631, .T. ) ;
#638 = ORIENTED_EDGE ( 'NONE', *, *, #3169, .T. ) ;
#639 = CARTESIAN_POINT ( 'NONE',  ( -16.26427753762775197, 4.431292217824013058, -26.27898760532780642 ) ) ;
#640 = EDGE_LOOP ( 'NONE', ( #5530, #2743, #7769, #7368, #7020 ) ) ;
#641 = ORIENTED_EDGE ( 'NONE', *, *, #3750, .T. ) ;
#642 = DIRECTION ( 'NONE',  ( 0.000000000000000000, 1.000000000000000000, 0.000000000000000000 ) ) ;
#643 = ADVANCED_FACE ( 'NONE', ( #711 ), #6567, .F. ) ;
#644 = DIRECTION ( 'NONE',  ( -0.000000000000000000, -1.000000000000000000, 0.000000000000000000 ) ) ;
#645 = CARTESIAN_POINT ( 'NONE',  ( -12.32575449969752590, 4.628020370232836633, 19.90789431114392727 ) ) ;
#646 = LINE ( 'NONE', #7667, #980 ) ;
#647 = ORIENTED_EDGE ( 'NONE', *, *, #479, .F. ) ;
#648 = PLANE ( 'NONE',  #3774 ) ;
#649 = CARTESIAN_POINT ( 'NONE',  ( 12.06749888762737655, 0.000000000000000000, 20.90152119364642047 ) ) ;
#650 = VERTEX_POINT ( 'NONE', #3297 ) ;
#651 = DIRECTION ( 'NONE',  ( 0.000000000000000000, 1.000000000000000000, 0.000000000000000000 ) ) ;
#652 = EDGE_CURVE ( 'NONE', #7848, #8322, #7786, .T. ) ;
#653 = CARTESIAN_POINT ( 'NONE',  ( 17.11411476945192689, 4.670000000000000817, -25.65515099297916990 ) ) ;
#654 = ORIENTED_EDGE ( 'NONE', *, *, #6844, .T. ) ;
#655 = CIRCLE ( 'NONE', #6485, 0.9000000000012973178 ) ;
#656 = ORIENTED_EDGE ( 'NONE', *, *, #7712, .F. ) ;
#657 = CARTESIAN_POINT ( 'NONE',  ( 27.64883365011744587, 4.169999999999999929, 13.66095511311953281 ) ) ;
#658 = DIRECTION ( 'NONE',  ( 0.000000000000000000, 1.000000000000000000, 0.000000000000000000 ) ) ;
#659 = EDGE_CURVE ( 'NONE', #3865, #4918, #3178, .T. ) ;
#660 = EDGE_LOOP ( 'NONE', ( #5003, #1591, #7417, #3474, #5945 ) ) ;
#661 = CARTESIAN_POINT ( 'NONE',  ( -12.29462508638669505, 4.652225243042994229, 20.03065169146218594 ) ) ;
#662 = DIRECTION ( 'NONE',  ( 0.000000000000000000, 0.000000000000000000, 1.000000000000000000 ) ) ;
#663 = ORIENTED_EDGE ( 'NONE', *, *, #6844, .F. ) ;
#664 = CYLINDRICAL_SURFACE ( 'NONE', #314, 0.4999999999999997780 ) ;
#665 = ORIENTED_EDGE ( 'NONE', *, *, #311, .F. ) ;
#666 = CARTESIAN_POINT ( 'NONE',  ( -8.141141495965193542, 4.670000000000000817, 15.10087070261876718 ) ) ;
#667 = CARTESIAN_POINT ( 'NONE',  ( -17.11411476945176346, 4.670000000000000817, -26.65515099297929780 ) ) ;
#668 = CARTESIAN_POINT ( 'NONE',  ( -15.51453906012026884, 4.169999999999999929, 7.802622764334148364 ) ) ;
#669 = AXIS2_PLACEMENT_3D ( 'NONE', #4826, #2274, #4196 ) ;
#670 = ORIENTED_EDGE ( 'NONE', *, *, #7928, .F. ) ;
#671 = AXIS2_PLACEMENT_3D ( 'NONE', #5776, #4374, #1130 ) ;
#672 = ORIENTED_EDGE ( 'NONE', *, *, #5359, .F. ) ;
#673 = ORIENTED_EDGE ( 'NONE', *, *, #3647, .F. ) ;
#674 = EDGE_LOOP ( 'NONE', ( #848, #924, #4169, #3770, #3767 ) ) ;
#675 = DIRECTION ( 'NONE',  ( -0.000000000000000000, -1.000000000000000000, -0.000000000000000000 ) ) ;
#676 = DIRECTION ( 'NONE',  ( 0.000000000000000000, 0.000000000000000000, -1.000000000000000000 ) ) ;
#677 = VERTEX_POINT ( 'NONE', #1416 ) ;
#678 = EDGE_CURVE ( 'NONE', #2726, #5779, #94, .T. ) ;
#679 = VECTOR ( 'NONE', #3371, 1000.000000000000000 ) ;
#680 = ORIENTED_EDGE ( 'NONE', *, *, #7917, .F. ) ;
#681 = DIRECTION ( 'NONE',  ( -0.000000000000000000, -1.000000000000000000, 0.000000000000000000 ) ) ;
#682 = CARTESIAN_POINT ( 'NONE',  ( 11.65702501039901051, 4.670000000000000817, -21.70246513433283297 ) ) ;
#683 = VECTOR ( 'NONE', #1461, 1000.000000000000000 ) ;
#684 = CARTESIAN_POINT ( 'NONE',  ( -12.06749888762342060, 4.670000000000000817, 20.90152119364811156 ) ) ;
#685 = DIRECTION ( 'NONE',  ( 0.3187812165858884828, 0.000000000000000000, 0.9478283262025992695 ) ) ;
#686 = ORIENTED_EDGE ( 'NONE', *, *, #1691, .T. ) ;
#687 = EDGE_CURVE ( 'NONE', #5054, #7690, #4198, .T. ) ;
#688 = CARTESIAN_POINT ( 'NONE',  ( -12.34814415435838164, 4.663155917074233159, 20.04460967533836424 ) ) ;
#689 = DIRECTION ( 'NONE',  ( 0.000000000000000000, 1.000000000000000000, -0.000000000000000000 ) ) ;
#690 = EDGE_CURVE ( 'NONE', #8342, #2409, #6112, .T. ) ;
#691 = ORIENTED_EDGE ( 'NONE', *, *, #5737, .T. ) ;
#692 = AXIS2_PLACEMENT_3D ( 'NONE', #4634, #4077, #5291 ) ;
#693 = CARTESIAN_POINT ( 'NONE',  ( 21.25031422186811980, 4.670000000000000817, -13.42357517473902107 ) ) ;
#694 = VERTEX_POINT ( 'NONE', #3900 ) ;
#695 = DIRECTION ( 'NONE',  ( -0.4999999999999967804, 0.000000000000000000, 0.8660254037844405950 ) ) ;
#697 = ORIENTED_EDGE ( 'NONE', *, *, #3384, .T. ) ;
#696 = AXIS2_PLACEMENT_3D ( 'NONE', #5216, #807, #6497 ) ;
#698 = EDGE_LOOP ( 'NONE', ( #672, #6612, #5154, #7912, #6440, #3026, #4496 ) ) ;
#699 = EDGE_CURVE ( 'NONE', #3994, #2985, #203, .T. ) ;
#700 = DIRECTION ( 'NONE',  ( 0.000000000000000000, 0.000000000000000000, 1.000000000000000000 ) ) ;
#701 = EDGE_CURVE ( 'NONE', #1149, #449, #758, .T. ) ;
#702 = CARTESIAN_POINT ( 'NONE',  ( 12.06749888762580269, 4.670000000000000817, -20.90152119364944383 ) ) ;
#703 = AXIS2_PLACEMENT_3D ( 'NONE', #5619, #6236, #426 ) ;
#704 = ORIENTED_EDGE ( 'NONE', *, *, #1141, .F. ) ;
#705 = CARTESIAN_POINT ( 'NONE',  ( 17.34721808183504876, 4.364216864301543097, 26.66735438536570513 ) ) ;
#706 = CARTESIAN_POINT ( 'NONE',  ( 16.30967357190285583, 4.169999999999999929, -26.24918328139951029 ) ) ;
#707 = DIRECTION ( 'NONE',  ( 0.8660254037844196118, 0.000000000000000000, -0.5000000000000328626 ) ) ;
#708 = ORIENTED_EDGE ( 'NONE', *, *, #5458, .F. ) ;
#709 = CARTESIAN_POINT ( 'NONE',  ( 17.45353882510843846, 4.670000000000000817, -26.59578445530216229 ) ) ;
#710 = CARTESIAN_POINT ( 'NONE',  ( 12.40284484197865567, 4.410773209853501520, 19.59770838271465010 ) ) ;
#711 = FACE_OUTER_BOUND ( 'NONE', #5209, .T. ) ;
#712 = CIRCLE ( 'NONE', #1105, 10.60655127071745341 ) ;
#713 = ADVANCED_FACE ( 'NONE', ( #7735 ), #1896, .F. ) ;
#714 = EDGE_LOOP ( 'NONE', ( #7727, #6842, #8088, #2832, #3730 ) ) ;
#715 = COLOUR_RGB ( '',0.7921568627450980005, 0.8196078431372548767, 0.9333333333333333481 ) ;
#716 = ORIENTED_EDGE ( 'NONE', *, *, #3027, .F. ) ;
#717 = CARTESIAN_POINT ( 'NONE',  ( 9.534673571902963829, 0.000000000000000000, 14.51453906012032036 ) ) ;
#718 = ORIENTED_EDGE ( 'NONE', *, *, #1311, .T. ) ;
#719 = DIRECTION ( 'NONE',  ( 0.000000000000000000, 0.000000000000000000, 1.000000000000000000 ) ) ;
#720 = CARTESIAN_POINT ( 'NONE',  ( 12.90196336178144065, 4.670000000000000817, -21.24426712306015119 ) ) ;
#721 = DIRECTION ( 'NONE',  ( -0.000000000000000000, -1.000000000000000000, -0.000000000000000000 ) ) ;
#722 = ADVANCED_FACE ( 'NONE', ( #1568 ), #3534, .F. ) ;
#723 = ORIENTED_EDGE ( 'NONE', *, *, #4948, .T. ) ;
#724 = B_SPLINE_CURVE_WITH_KNOTS ( 'NONE', 3,
 ( #2519, #73, #1873, #2642 ),
 .UNSPECIFIED., .F., .F.,
 ( 4, 4 ),
 ( 5.275955480050202716E-18, 0.0001710686492135319963 ),
 .UNSPECIFIED. ) ;
#725 = ORIENTED_EDGE ( 'NONE', *, *, #7026, .F. ) ;
#726 = FACE_OUTER_BOUND ( 'NONE', #801, .T. ) ;
#727 = DIRECTION ( 'NONE',  ( -0.8660254037844350439, 0.000000000000000000, -0.5000000000000062172 ) ) ;
#728 = EDGE_CURVE ( 'NONE', #4460, #2235, #4146, .T. ) ;
#729 = VECTOR ( 'NONE', #2977, 999.9999999999998863 ) ;
#730 = CIRCLE ( 'NONE', #1809, 1.000000000000059952 ) ;
#731 = FACE_OUTER_BOUND ( 'NONE', #4652, .T. ) ;
#732 = DIRECTION ( 'NONE',  ( 0.000000000000000000, 1.000000000000000000, 0.000000000000000000 ) ) ;
#733 = EDGE_LOOP ( 'NONE', ( #630, #6028, #777, #1235, #4831 ) ) ;
#734 = CARTESIAN_POINT ( 'NONE',  ( 26.59578445530147306, 4.169999999999999929, -17.45353882511041377 ) ) ;
#735 = CARTESIAN_POINT ( 'NONE',  ( 21.76932090785658502, 4.649847419183368302, -11.82891209833657520 ) ) ;
#736 = CIRCLE ( 'NONE', #1815, 1.000000000000000888 ) ;
#737 = CARTESIAN_POINT ( 'NONE',  ( 2.924091636693207708, 4.670000000000000817, -5.064675280739946217 ) ) ;
#738 = CARTESIAN_POINT ( 'NONE',  ( 25.65515099297910950, 4.670000000000000817, 17.11411476945201571 ) ) ;
#739 = EDGE_CURVE ( 'NONE', #7818, #5190, #7528, .T. ) ;
#740 = ORIENTED_EDGE ( 'NONE', *, *, #844, .F. ) ;
#741 = ORIENTED_EDGE ( 'NONE', *, *, #2984, .T. ) ;
#742 = LINE ( 'NONE', #3926, #7716 ) ;
#743 = CARTESIAN_POINT ( 'NONE',  ( 21.12879883022084826, 4.649847419183376296, 12.93832888017116289 ) ) ;
#744 = DIRECTION ( 'NONE',  ( 0.000000000000000000, 1.000000000000000000, 0.000000000000000000 ) ) ;
#745 = VERTEX_POINT ( 'NONE', #6049 ) ;
#746 = CARTESIAN_POINT ( 'NONE',  ( 0.000000000000000000, 4.169999999999999929, 0.000000000000000000 ) ) ;
#747 = EDGE_CURVE ( 'NONE', #1587, #7674, #6825, .T. ) ;
#748 = DIRECTION ( 'NONE',  ( -0.8660254037844339337, 0.000000000000000000, -0.5000000000000084377 ) ) ;
#749 = ADVANCED_FACE ( 'NONE', ( #7329 ), #4813, .T. ) ;
#750 = EDGE_LOOP ( 'NONE', ( #425, #331, #5098, #3432 ) ) ;
#751 = FACE_OUTER_BOUND ( 'NONE', #5389, .T. ) ;
#752 = CARTESIAN_POINT ( 'NONE',  ( -27.64883365011752758, 4.169999999999999929, 14.66095511311941380 ) ) ;
#753 = DIRECTION ( 'NONE',  ( 0.1978415312886096233, -0.000000000000000000, 0.9802340172108792160 ) ) ;
#754 = VECTOR ( 'NONE', #2398, 1000.000000000000000 ) ;
#755 = ORIENTED_EDGE ( 'NONE', *, *, #1321, .F. ) ;
#756 = CARTESIAN_POINT ( 'NONE',  ( 21.07019389183383851, 4.662144464862610249, -12.95362416398471517 ) ) ;
#758 = B_SPLINE_CURVE_WITH_KNOTS ( 'NONE', 3,
 ( #4500, #4663, #5862, #7257, #4021, #6482 ),
 .UNSPECIFIED., .F., .F.,
 ( 4, 2, 4 ),
 ( -1.477143756511340621E-05, 0.0003797396612298971482, 0.0007742507600249076824 ),
 .UNSPECIFIED. ) ;
#757 = CIRCLE ( 'NONE', #1421, 23.13499999999999446 ) ;
#759 = EDGE_CURVE ( 'NONE', #4955, #5876, #1866, .T. ) ;
#760 = ORIENTED_EDGE ( 'NONE', *, *, #7917, .T. ) ;
#761 = CARTESIAN_POINT ( 'NONE',  ( -21.88695908181974659, 4.624213390369213528, 11.79575527663659607 ) ) ;
#762 = CARTESIAN_POINT ( 'NONE',  ( 15.10087070261879383, 4.670000000000000817, 8.141141495965145580 ) ) ;
#763 = DIRECTION ( 'NONE',  ( -0.000000000000000000, -1.000000000000000000, -0.000000000000000000 ) ) ;
#764 = ORIENTED_EDGE ( 'NONE', *, *, #1344, .T. ) ;
#765 = AXIS2_PLACEMENT_3D ( 'NONE', #6809, #4186, #6761 ) ;
#766 = ORIENTED_EDGE ( 'NONE', *, *, #2402, .T. ) ;
#767 = CARTESIAN_POINT ( 'NONE',  ( -20.00721281407536267, 4.670000000000000817, 12.18381472609418914 ) ) ;
#768 = ADVANCED_FACE ( 'NONE', ( #2175 ), #8078, .T. ) ;
#769 = DIRECTION ( 'NONE',  ( 8.881784197001252323E-16, 0.000000000000000000, 1.000000000000000000 ) ) ;
#770 = CARTESIAN_POINT ( 'NONE',  ( -27.64883365011735350, 4.670000000000000817, -14.66095511311972466 ) ) ;
#771 = ORIENTED_EDGE ( 'NONE', *, *, #781, .T. ) ;
#772 = DIRECTION ( 'NONE',  ( 0.5000000000000002220, -0.000000000000000000, 0.8660254037844385966 ) ) ;
#773 = DIRECTION ( 'NONE',  ( 0.000000000000000000, 0.000000000000000000, 1.000000000000000000 ) ) ;
#774 = CARTESIAN_POINT ( 'NONE',  ( -28.17874069313190333, 4.615532800701929617, 14.79408005272541793 ) ) ;
#775 = EDGE_CURVE ( 'NONE', #4944, #4810, #2236, .T. ) ;
#776 = DIRECTION ( 'NONE',  ( 0.000000000000000000, 0.000000000000000000, -1.000000000000000000 ) ) ;
#777 = ORIENTED_EDGE ( 'NONE', *, *, #3286, .T. ) ;
#778 = EDGE_LOOP ( 'NONE', ( #6708, #7243, #2424, #6904, #827, #3187 ) ) ;
#779 = CARTESIAN_POINT ( 'NONE',  ( -21.00847399957622130, 4.670000000000035456, -12.96327227449354602 ) ) ;
#780 =( BOUNDED_CURVE ( )  B_SPLINE_CURVE ( 3, ( #1010, #4256, #5413, #5531 ),
 .UNSPECIFIED., .F., .F. ) 
 B_SPLINE_CURVE_WITH_KNOTS ( ( 4, 4 ),
 ( 3.141592653589793116, 4.712388980384689674 ),
 .UNSPECIFIED. ) 
 CURVE ( )  GEOMETRIC_REPRESENTATION_ITEM ( )  RATIONAL_B_SPLINE_CURVE ( ( 1.000000000000000000, 0.8047378541243649375, 0.8047378541243649375, 1.000000000000000000 ) ) 
 REPRESENTATION_ITEM ( '' )  );
#781 = EDGE_CURVE ( 'NONE', #4850, #6325, #2134, .T. ) ;
#782 = FACE_OUTER_BOUND ( 'NONE', #8396, .T. ) ;
#783 = VERTEX_POINT ( 'NONE', #1494 ) ;
#784 = PLANE ( 'NONE',  #3557 ) ;
#785 = ORIENTED_EDGE ( 'NONE', *, *, #1100, .F. ) ;
#786 = CARTESIAN_POINT ( 'NONE',  ( 7.802622764334153693, 4.169999999999999929, -15.51453906012027062 ) ) ;
#787 = CARTESIAN_POINT ( 'NONE',  ( 17.11411476945192689, 4.169999999999999929, -25.65515099297916990 ) ) ;
#788 = CARTESIAN_POINT ( 'NONE',  ( -1.689999999999922231, 2.669999999999999929, -23.07319061161676998 ) ) ;
#789 = DIRECTION ( 'NONE',  ( 0.9802340172108805483, -0.000000000000000000, 0.1978415312886023236 ) ) ;
#790 = ORIENTED_EDGE ( 'NONE', *, *, #6242, .T. ) ;
#791 = EDGE_CURVE ( 'NONE', #1880, #548, #8398, .T. ) ;
#792 = EDGE_CURVE ( 'NONE', #3002, #3724, #3996, .T. ) ;
#793 = DIRECTION ( 'NONE',  ( 0.000000000000000000, 0.000000000000000000, 1.000000000000000000 ) ) ;
#794 = CARTESIAN_POINT ( 'NONE',  ( 23.07319061161677354, 2.669999999999999929, -1.689999999999841851 ) ) ;
#795 = CARTESIAN_POINT ( 'NONE',  ( -19.90789431114411911, 4.628020370232930780, -12.32575449969754011 ) ) ;
#796 = ORIENTED_EDGE ( 'NONE', *, *, #4838, .F. ) ;
#797 = CARTESIAN_POINT ( 'NONE',  ( 0.000000000000000000, 2.669999999999999929, 0.000000000000000000 ) ) ;
#798 = VECTOR ( 'NONE', #5905, 1000.000000000000000 ) ;
#799 = CARTESIAN_POINT ( 'NONE',  ( -23.07319061161676288, 2.669999999999999929, 1.690000000000002833 ) ) ;
#800 = DIRECTION ( 'NONE',  ( 0.000000000000000000, 0.000000000000000000, 1.000000000000000000 ) ) ;
#801 = EDGE_LOOP ( 'NONE', ( #1176, #6962, #595, #1023 ) ) ;
#802 = EDGE_CURVE ( 'NONE', #7198, #4480, #5094, .T. ) ;
#803 = AXIS2_PLACEMENT_3D ( 'NONE', #4058, #5978, #2021 ) ;
#804 = ORIENTED_EDGE ( 'NONE', *, *, #8001, .F. ) ;
#805 = PLANE ( 'NONE',  #2994 ) ;
#806 = CARTESIAN_POINT ( 'NONE',  ( 21.73088889083994246, 4.670000000000007923, 11.71248733530367225 ) ) ;
#807 = DIRECTION ( 'NONE',  ( 0.000000000000000000, 1.000000000000000000, 0.000000000000000000 ) ) ;
#808 = DIRECTION ( 'NONE',  ( -0.8660254037844393737, 0.000000000000000000, -0.4999999999999986122 ) ) ;
#809 = AXIS2_PLACEMENT_3D ( 'NONE', #217, #4965, #4327 ) ;
#810 = ORIENTED_EDGE ( 'NONE', *, *, #6051, .T. ) ;
#811 = CARTESIAN_POINT ( 'NONE',  ( -14.50490254310712324, 4.445641932799136775, 28.32265293739662937 ) ) ;
#812 = DIRECTION ( 'NONE',  ( 0.000000000000000000, 1.000000000000000000, 0.000000000000000000 ) ) ;
#813 = ADVANCED_FACE ( 'NONE', ( #7295 ), #6152, .T. ) ;
#814 = CARTESIAN_POINT ( 'NONE',  ( 9.316173154054665062, 4.669999999999999929, -14.55029879730516029 ) ) ;
#815 = CARTESIAN_POINT ( 'NONE',  ( -19.51677218609430398, 4.169999999999999929, 12.42271421373348339 ) ) ;
#816 = ORIENTED_EDGE ( 'NONE', *, *, #7968, .F. ) ;
#817 = CIRCLE ( 'NONE', #6635, 25.13500000000000512 ) ;
#818 = AXIS2_PLACEMENT_3D ( 'NONE', #5765, #7154, #2004 ) ;
#819 = ADVANCED_FACE ( 'NONE', ( #3415 ), #4104, .T. ) ;
#820 = B_SPLINE_CURVE_WITH_KNOTS ( 'NONE', 3,
 ( #3832, #5757, #5121, #5795, #7805, #1189 ),
 .UNSPECIFIED., .F., .F.,
 ( 4, 2, 4 ),
 ( 0.000000000000000000, 0.0003908072650539398565, 0.0007816145301078797130 ),
 .UNSPECIFIED. ) ;
#821 = CARTESIAN_POINT ( 'NONE',  ( 17.38801683521144170, 4.328549818187993559, -26.64262584566172265 ) ) ;
#822 = ORIENTED_EDGE ( 'NONE', *, *, #3562, .F. ) ;
#823 = VECTOR ( 'NONE', #1094, 999.9999999999998863 ) ;
#824 = AXIS2_PLACEMENT_3D ( 'NONE', #6232, #5153, #6408 ) ;
#825 = DIRECTION ( 'NONE',  ( 3.469446951953611033E-15, 0.000000000000000000, 1.000000000000000000 ) ) ;
#826 = EDGE_CURVE ( 'NONE', #5322, #6829, #3571, .T. ) ;
#827 = ORIENTED_EDGE ( 'NONE', *, *, #7966, .T. ) ;
#828 = CARTESIAN_POINT ( 'NONE',  ( 28.31715649819323488, 4.444344620547506786, 14.50835318636593030 ) ) ;
#829 = FACE_OUTER_BOUND ( 'NONE', #2504, .T. ) ;
#830 = DIRECTION ( 'NONE',  ( 0.8660254037844354880, -0.000000000000000000, 0.5000000000000054401 ) ) ;
#831 = ORIENTED_EDGE ( 'NONE', *, *, #5488, .F. ) ;
#832 = AXIS2_PLACEMENT_3D ( 'NONE', #4647, #3922, #7424 ) ;
#833 = LINE ( 'NONE', #943, #2988 ) ;
#834 = LINE ( 'NONE', #287, #1601 ) ;
#835 = LINE ( 'NONE', #3381, #8309 ) ;
#836 = EDGE_CURVE ( 'NONE', #2760, #2663, #2441, .T. ) ;
#837 = ORIENTED_EDGE ( 'NONE', *, *, #6245, .T. ) ;
#838 = DIRECTION ( 'NONE',  ( 0.5000000000000230926, -0.000000000000000000, 0.8660254037844253849 ) ) ;
#839 = CARTESIAN_POINT ( 'NONE',  ( 12.34814415435927515, 4.663155917074353951, -20.04460967533875149 ) ) ;
#840 = EDGE_LOOP ( 'NONE', ( #5018, #560, #7718, #4570 ) ) ;
#841 = ORIENTED_EDGE ( 'NONE', *, *, #6406, .F. ) ;
#842 = CARTESIAN_POINT ( 'NONE',  ( -16.71611508416008007, 4.670000000000000817, 27.10138619186879438 ) ) ;
#843 = EDGE_CURVE ( 'NONE', #2375, #2632, #7675, .T. ) ;
#844 = EDGE_CURVE ( 'NONE', #636, #5827, #7634, .T. ) ;
#845 = DIRECTION ( 'NONE',  ( 1.776356839400250465E-15, 0.000000000000000000, 1.000000000000000000 ) ) ;
#846 = DIRECTION ( 'NONE',  ( 0.8660254037844427044, -0.000000000000000000, 0.4999999999999931721 ) ) ;
#847 = CARTESIAN_POINT ( 'NONE',  ( -16.10941082093372856, 4.615749189755383952, 26.37959333286818264 ) ) ;
#848 = ORIENTED_EDGE ( 'NONE', *, *, #7748, .F. ) ;
#849 = CARTESIAN_POINT ( 'NONE',  ( -9.666967627480337555, 2.669999999999999929, 5.581226361975702766 ) ) ;
#850 = LINE ( 'NONE', #7355, #3101 ) ;
#851 = DIRECTION ( 'NONE',  ( 0.000000000000000000, -0.000000000000000000, 1.000000000000000000 ) ) ;
#852 = EDGE_CURVE ( 'NONE', #6360, #7814, #6260, .T. ) ;
#853 = LINE ( 'NONE', #196, #6681 ) ;
#854 = ORIENTED_EDGE ( 'NONE', *, *, #7816, .F. ) ;
#855 = AXIS2_PLACEMENT_3D ( 'NONE', #8361, #7146, #1275 ) ;
#856 = CARTESIAN_POINT ( 'NONE',  ( -24.35665843275938869, 2.669999999999999929, 1.690000000000002833 ) ) ;
#857 = VERTEX_POINT ( 'NONE', #5044 ) ;
#858 = AXIS2_PLACEMENT_3D ( 'NONE', #4638, #2117, #4716 ) ;
#859 = FACE_OUTER_BOUND ( 'NONE', #4109, .T. ) ;
#860 = EDGE_CURVE ( 'NONE', #5190, #2551, #4588, .T. ) ;
#861 = ORIENTED_EDGE ( 'NONE', *, *, #502, .T. ) ;
#862 = DIRECTION ( 'NONE',  ( -0.000000000000000000, -1.000000000000000000, -0.000000000000000000 ) ) ;
#863 = CARTESIAN_POINT ( 'NONE',  ( -12.93832888017704263, 4.649847419193785747, -21.12879883022648642 ) ) ;
#864 = CARTESIAN_POINT ( 'NONE',  ( 0.000000000000000000, 4.670000000000000817, 0.000000000000000000 ) ) ;
#865 = CARTESIAN_POINT ( 'NONE',  ( -12.42271421373345142, 2.669999999999999929, 19.51677218609431463 ) ) ;
#866 = CARTESIAN_POINT ( 'NONE',  ( 7.802622764334147476, 4.169999999999999929, 15.51453906012027062 ) ) ;
#867 = ADVANCED_FACE ( 'NONE', ( #5644 ), #2650, .T. ) ;
#868 = CARTESIAN_POINT ( 'NONE',  ( -20.82868827107916232, 4.670000000000000817, -11.17045074767394475 ) ) ;
#869 = CARTESIAN_POINT ( 'NONE',  ( 0.000000000000000000, 2.669999999999999929, 0.000000000000000000 ) ) ;
#870 = ORIENTED_EDGE ( 'NONE', *, *, #2037, .T. ) ;
#871 = CARTESIAN_POINT ( 'NONE',  ( 28.41310023613297275, 4.169999999999999929, -14.30585555931277142 ) ) ;
#872 = CARTESIAN_POINT ( 'NONE',  ( 13.05678493813856100, 4.624213390365086163, 21.15890326730412951 ) ) ;
#873 = DIRECTION ( 'NONE',  ( -0.000000000000000000, -1.000000000000000000, -0.000000000000000000 ) ) ;
#874 = VERTEX_POINT ( 'NONE', #3117 ) ;
#875 = CARTESIAN_POINT ( 'NONE',  ( -21.18692616397270001, 4.662206113563533094, -12.92315824623587339 ) ) ;
#876 = VERTEX_POINT ( 'NONE', #8149 ) ;
#877 = EDGE_CURVE ( 'NONE', #4117, #7871, #3727, .T. ) ;
#878 = CARTESIAN_POINT ( 'NONE',  ( -14.63967357190275287, 0.000000000000000000, -23.35665843275955922 ) ) ;
#879 = B_SPLINE_CURVE_WITH_KNOTS ( 'NONE', 3,
 ( #5345, #2690, #7933, #1483 ),
 .UNSPECIFIED., .F., .F.,
 ( 4, 4 ),
 ( 0.0001818276790585244640, 0.0003668244205235932933 ),
 .UNSPECIFIED. ) ;
#880 = CARTESIAN_POINT ( 'NONE',  ( -17.11411476945210453, 2.669999999999999929, 25.65515099297905266 ) ) ;
#881 = DIRECTION ( 'NONE',  ( 0.000000000000000000, 1.000000000000000000, 0.000000000000000000 ) ) ;
#882 = AXIS2_PLACEMENT_3D ( 'NONE', #7846, #615, #2609 ) ;
#883 = CARTESIAN_POINT ( 'NONE',  ( -12.96328223596341012, 4.670000000001252261, -21.00827498019441109 ) ) ;
#884 = ORIENTED_EDGE ( 'NONE', *, *, #988, .T. ) ;
#885 = FACE_OUTER_BOUND ( 'NONE', #2029, .T. ) ;
#886 = FACE_OUTER_BOUND ( 'NONE', #3974, .T. ) ;
#887 = EDGE_CURVE ( 'NONE', #1317, #7743, #4092, .T. ) ;
#888 = EDGE_CURVE ( 'NONE', #7878, #4728, #625, .T. ) ;
#889 = CARTESIAN_POINT ( 'NONE',  ( -27.24918328139926516, 4.169999999999999929, -14.57762276433443560 ) ) ;
#890 = CARTESIAN_POINT ( 'NONE',  ( 26.24918328139943213, 4.670000000000000817, 16.30967357190298017 ) ) ;
#891 = CARTESIAN_POINT ( 'NONE',  ( 20.04467947524856086, 4.663210578269168849, -12.34841178801149297 ) ) ;
#892 = ORIENTED_EDGE ( 'NONE', *, *, #2574, .F. ) ;
#893 = DIRECTION ( 'NONE',  ( -0.000000000000000000, -1.000000000000000000, -0.000000000000000000 ) ) ;
#894 = EDGE_CURVE ( 'NONE', #3787, #361, #364, .T. ) ;
#895 = DIRECTION ( 'NONE',  ( -0.000000000000000000, 1.000000000000000000, -0.000000000000000000 ) ) ;
#896 = ORIENTED_EDGE ( 'NONE', *, *, #3625, .F. ) ;
#897 = CARTESIAN_POINT ( 'NONE',  ( 11.12367610805675966, 4.169999999999999929, -20.26677218609433950 ) ) ;
#898 = ORIENTED_EDGE ( 'NONE', *, *, #340, .T. ) ;
#899 = CARTESIAN_POINT ( 'NONE',  ( -15.06371434019471423, 2.669999999999999929, 6.462191090617002587 ) ) ;
#900 = LINE ( 'NONE', #241, #6230 ) ;
#901 = CARTESIAN_POINT ( 'NONE',  ( 14.57762276433414961, 4.670000000000000817, -27.24918328139941792 ) ) ;
#902 = EDGE_CURVE ( 'NONE', #3825, #2199, #3325, .T. ) ;
#903 = DIRECTION ( 'NONE',  ( 0.8660254037844448138, -0.000000000000000000, -0.4999999999999890643 ) ) ;
#904 = VECTOR ( 'NONE', #8272, 1000.000000000000114 ) ;
#905 = DIRECTION ( 'NONE',  ( -1.000000000000000000, 0.000000000000000000, 0.000000000000000000 ) ) ;
#906 = CARTESIAN_POINT ( 'NONE',  ( 21.18771934077946995, 4.573863308493531399, 13.17156689968220462 ) ) ;
#907 = CARTESIAN_POINT ( 'NONE',  ( -20.08823825474610203, 4.670000000000000817, 12.45294779642777350 ) ) ;
#908 = CARTESIAN_POINT ( 'NONE',  ( -20.51677218609423292, 4.235407758176844339, -10.69066340616475408 ) ) ;
#909 = ORIENTED_EDGE ( 'NONE', *, *, #6868, .T. ) ;
#910 = FACE_OUTER_BOUND ( 'NONE', #1517, .T. ) ;
#911 = CARTESIAN_POINT ( 'NONE',  ( -7.154068017591502127, 4.670000000000000817, -14.76889024202609946 ) ) ;
#912 = ORIENTED_EDGE ( 'NONE', *, *, #4142, .F. ) ;
#913 = CYLINDRICAL_SURFACE ( 'NONE', #5731, 0.5000000000000000000 ) ;
#914 = AXIS2_PLACEMENT_3D ( 'NONE', #3743, #2520, #5759 ) ;
#915 = DIRECTION ( 'NONE',  ( 0.000000000000000000, 0.000000000000000000, 1.000000000000000000 ) ) ;
#916 = B_SPLINE_CURVE_WITH_KNOTS ( 'NONE', 3,
 ( #4115, #950, #3586, #3542, #6818, #7378, #249, #8024, #4191, #4239 ),
 .UNSPECIFIED., .F., .F.,
 ( 4, 2, 2, 2, 4 ),
 ( 1.734723475976807094E-18, 0.0001365539762244896520, 0.0002731079524489775693, 0.0005462159048979584996, 0.001092431809795921553 ),
 .UNSPECIFIED. ) ;
#917 = ADVANCED_FACE ( 'NONE', ( #3754 ), #3615, .T. ) ;
#918 = CARTESIAN_POINT ( 'NONE',  ( 0.000000000000000000, 4.169999999999999929, 0.000000000000000000 ) ) ;
#919 = DIRECTION ( 'NONE',  ( 0.000000000000000000, 0.000000000000000000, -1.000000000000000000 ) ) ;
#920 = EDGE_LOOP ( 'NONE', ( #1620, #2621, #2296, #2220 ) ) ;
#921 = DIRECTION ( 'NONE',  ( 0.000000000000000000, 1.000000000000000000, 0.000000000000000000 ) ) ;
#922 = AXIS2_PLACEMENT_3D ( 'NONE', #416, #8254, #7462 ) ;
#923 = CARTESIAN_POINT ( 'NONE',  ( 13.12827881868120095, 0.000000000000000000, -9.814463748652007880 ) ) ;
#924 = ORIENTED_EDGE ( 'NONE', *, *, #5707, .F. ) ;
#925 = DIRECTION ( 'NONE',  ( -0.000000000000000000, -1.000000000000000000, -0.000000000000000000 ) ) ;
#926 = CARTESIAN_POINT ( 'NONE',  ( 12.29462508638849094, 4.652225243043065284, 20.03065169145742175 ) ) ;
#927 = EDGE_CURVE ( 'NONE', #2194, #5228, #7829, .T. ) ;
#928 = CARTESIAN_POINT ( 'NONE',  ( -14.90715345650944101, 4.633657098667460339, 6.861862869656904174 ) ) ;
#929 = ORIENTED_EDGE ( 'NONE', *, *, #6221, .F. ) ;
#930 = CIRCLE ( 'NONE', #272, 1.500000000000048184 ) ;
#931 = CARTESIAN_POINT ( 'NONE',  ( 23.07319061161677354, 2.669999999999999929, -1.689999999999841851 ) ) ;
#932 = EDGE_LOOP ( 'NONE', ( #4216, #3851, #1018, #3311, #4755 ) ) ;
#933 = AXIS2_PLACEMENT_3D ( 'NONE', #8275, #7672, #6887 ) ;
#934 = EDGE_CURVE ( 'NONE', #2962, #2281, #8237, .T. ) ;
#935 = ORIENTED_EDGE ( 'NONE', *, *, #1996, .F. ) ;
#936 = DIRECTION ( 'NONE',  ( -0.000000000000000000, -1.000000000000000000, -0.000000000000000000 ) ) ;
#937 = AXIS2_PLACEMENT_3D ( 'NONE', #3040, #8152, #6264 ) ;
#938 = EDGE_CURVE ( 'NONE', #3891, #2610, #533, .T. ) ;
#939 = CARTESIAN_POINT ( 'NONE',  ( 0.000000000000000000, 4.169999999999999929, -23.13499999999999801 ) ) ;
#940 = CARTESIAN_POINT ( 'NONE',  ( -22.18297585893458290, 4.413147668298842419, -11.71104112180866963 ) ) ;
#941 = DIRECTION ( 'NONE',  ( -0.3187812165858832647, 0.000000000000000000, -0.9478283262026009348 ) ) ;
#942 = CARTESIAN_POINT ( 'NONE',  ( -7.129484880843363293, 4.670000000000000817, 14.76062224451690774 ) ) ;
#943 = CARTESIAN_POINT ( 'NONE',  ( 20.51677218609433950, 0.000000000000000000, -10.69066340616454092 ) ) ;
#944 = CIRCLE ( 'NONE', #4894, 1.000000000000049516 ) ;
#945 = CARTESIAN_POINT ( 'NONE',  ( -17.45353882510994126, 4.169999999999999929, -26.59578445530170399 ) ) ;
#946 = ORIENTED_EDGE ( 'NONE', *, *, #7435, .T. ) ;
#947 = DIRECTION ( 'NONE',  ( 0.000000000000000000, 0.000000000000000000, 1.000000000000000000 ) ) ;
#948 = LINE ( 'NONE', #213, #3251 ) ;
#949 = CARTESIAN_POINT ( 'NONE',  ( -15.06371434019463784, 4.670000000000000817, -6.462191090617205091 ) ) ;
#950 = CARTESIAN_POINT ( 'NONE',  ( 14.30585555931122776, 4.216279151784313228, -28.41310023613420910 ) ) ;
#951 = VERTEX_POINT ( 'NONE', #5090 ) ;
#952 = LINE ( 'NONE', #4067, #582 ) ;
#953 = ADVANCED_FACE ( 'NONE', ( #3711 ), #1841, .T. ) ;
#954 = CARTESIAN_POINT ( 'NONE',  ( 21.70246513433197677, 4.670000000000000817, -11.65702501040059680 ) ) ;
#955 = CIRCLE ( 'NONE', #6108, 0.9000000000012297052 ) ;
#956 = AXIS2_PLACEMENT_3D ( 'NONE', #486, #5040, #1196 ) ;
#957 = EDGE_LOOP ( 'NONE', ( #3881, #4457, #5063, #3941, #3109, #7626, #1677, #7697, #7218, #7196, #2537, #2069, #5282, #147, #6401, #5634, #6061, #6552, #634, #725, #6970, #395, #3239, #2396, #7945, #680, #7704, #3962, #5740, #1255 ) ) ;
#958 = DIRECTION ( 'NONE',  ( 0.000000000000000000, 1.000000000000000000, 0.000000000000000000 ) ) ;
#959 = AXIS2_PLACEMENT_3D ( 'NONE', #1512, #7995, #4203 ) ;
#960 = CARTESIAN_POINT ( 'NONE',  ( 15.88930831464778493, 4.670000000000000817, 26.52108929809684668 ) ) ;
#961 = ORIENTED_EDGE ( 'NONE', *, *, #2200, .T. ) ;
#962 = PLANE ( 'NONE',  #3145 ) ;
#963 = DIRECTION ( 'NONE',  ( 0.000000000000000000, 1.000000000000000000, 0.000000000000000000 ) ) ;
#964 = CYLINDRICAL_SURFACE ( 'NONE', #2890, 0.5000000000000008882 ) ;
#965 = ORIENTED_EDGE ( 'NONE', *, *, #7282, .F. ) ;
#966 = CYLINDRICAL_SURFACE ( 'NONE', #1581, 10.60655127071745341 ) ;
#967 = DIRECTION ( 'NONE',  ( 0.000000000000000000, 0.000000000000000000, 1.000000000000000000 ) ) ;
#968 = AXIS2_PLACEMENT_3D ( 'NONE', #2355, #2440, #4312 ) ;
#969 = AXIS2_PLACEMENT_3D ( 'NONE', #7795, #6452, #1950 ) ;
#970 = CARTESIAN_POINT ( 'NONE',  ( 27.64883365011742811, 4.169999999999999929, -14.66095511311957722 ) ) ;
#971 = CARTESIAN_POINT ( 'NONE',  ( 14.77510171309873677, 4.670000000000000817, -7.172536509220895695 ) ) ;
#972 = CIRCLE ( 'NONE', #5752, 25.13500000000000512 ) ;
#973 = LINE ( 'NONE', #8224, #729 ) ;
#974 = VERTEX_POINT ( 'NONE', #2939 ) ;
#975 = EDGE_LOOP ( 'NONE', ( #3407, #140, #3304, #6225 ) ) ;
#976 = EDGE_CURVE ( 'NONE', #6211, #7603, #6578, .T. ) ;
#977 = CARTESIAN_POINT ( 'NONE',  ( 12.40284484197754011, 4.410773209858932731, -19.59770838271862559 ) ) ;
#978 = ORIENTED_EDGE ( 'NONE', *, *, #8095, .F. ) ;
#979 = CYLINDRICAL_SURFACE ( 'NONE', #3976, 0.5000000000000000000 ) ;
#980 = VECTOR ( 'NONE', #7843, 1000.000000000000114 ) ;
#981 = ORIENTED_EDGE ( 'NONE', *, *, #8079, .T. ) ;
#982 = DIRECTION ( 'NONE',  ( 0.000000000000000000, 0.000000000000000000, -1.000000000000000000 ) ) ;
#983 = LINE ( 'NONE', #2261, #7890 ) ;
#984 = CARTESIAN_POINT ( 'NONE',  ( -22.00077121315942463, 4.573863308494306779, -11.76331974752935672 ) ) ;
#985 = CARTESIAN_POINT ( 'NONE',  ( -12.06749888762499268, 0.000000000000000000, -21.80152119364776198 ) ) ;
#986 = CARTESIAN_POINT ( 'NONE',  ( -12.12453706906246431, 4.670000000000000817, 22.00031422186808072 ) ) ;
#987 = CARTESIAN_POINT ( 'NONE',  ( 16.26427753762798645, 4.431292217823971313, 26.27898760532771760 ) ) ;
#988 = EDGE_CURVE ( 'NONE', #1443, #7731, #5105, .T. ) ;
#989 = CIRCLE ( 'NONE', #4794, 1.000000000000084155 ) ;
#990 = EDGE_CURVE ( 'NONE', #7848, #6788, #6996, .T. ) ;
#991 = ORIENTED_EDGE ( 'NONE', *, *, #5665, .T. ) ;
#992 = DIRECTION ( 'NONE',  ( 0.000000000000000000, 1.000000000000000000, 0.000000000000000000 ) ) ;
#993 = VERTEX_POINT ( 'NONE', #6133 ) ;
#994 = DIRECTION ( 'NONE',  ( -0.000000000000000000, -1.000000000000000000, -0.000000000000000000 ) ) ;
#995 = CARTESIAN_POINT ( 'NONE',  ( 14.60087070261883824, 4.670000000000000817, -9.007166899749499578 ) ) ;
#996 = CARTESIAN_POINT ( 'NONE',  ( 13.66095511311944222, 4.670000000000000817, 27.64883365011748140 ) ) ;
#997 = ORIENTED_EDGE ( 'NONE', *, *, #3801, .F. ) ;
#998 = CARTESIAN_POINT ( 'NONE',  ( -7.802622764334260275, 0.000000000000000000, 15.51453906012021733 ) ) ;
#999 = FACE_OUTER_BOUND ( 'NONE', #8263, .T. ) ;
#1000 = AXIS2_PLACEMENT_3D ( 'NONE', #901, #7410, #5429 ) ;
#1001 = EDGE_LOOP ( 'NONE', ( #4307, #2258, #5751, #1536, #1122 ) ) ;
#1002 = EDGE_CURVE ( 'NONE', #2777, #3842, #4236, .T. ) ;
#1003 = CARTESIAN_POINT ( 'NONE',  ( -9.814463748652045183, 4.169999999999999929, 13.12827881868116009 ) ) ;
#1004 = CARTESIAN_POINT ( 'NONE',  ( -20.90152119364589467, -7.859999999999998543, 12.06749888762551848 ) ) ;
#1005 = ORIENTED_EDGE ( 'NONE', *, *, #7968, .T. ) ;
#1006 = ORIENTED_EDGE ( 'NONE', *, *, #2391, .T. ) ;
#1007 = CARTESIAN_POINT ( 'NONE',  ( 23.07319061161677354, 2.669999999999999929, -1.689999999999841851 ) ) ;
#1008 = DIRECTION ( 'NONE',  ( -0.000000000000000000, -1.000000000000000000, -0.000000000000000000 ) ) ;
#1009 = ORIENTED_EDGE ( 'NONE', *, *, #5849, .F. ) ;
#1010 = CARTESIAN_POINT ( 'NONE',  ( -9.534673571902855471, 4.169999999999999929, -14.51453906012038431 ) ) ;
#1011 = VERTEX_POINT ( 'NONE', #7506 ) ;
#1012 = EDGE_CURVE ( 'NONE', #2667, #1927, #7956, .T. ) ;
#1013 = CARTESIAN_POINT ( 'NONE',  ( -26.24918328139936463, 4.169999999999999929, -16.30967357190309741 ) ) ;
#1014 = CARTESIAN_POINT ( 'NONE',  ( 20.26677218609434661, 4.169999999999999929, 11.12367610805676854 ) ) ;
#1015 = AXIS2_PLACEMENT_3D ( 'NONE', #4819, #1573, #947 ) ;
#1016 = CARTESIAN_POINT ( 'NONE',  ( -23.07319061161676288, 0.000000000000000000, -1.689999999999996838 ) ) ;
#1017 = DIRECTION ( 'NONE',  ( -0.8660254037844308250, 0.000000000000000000, 0.5000000000000134337 ) ) ;
#1018 = ORIENTED_EDGE ( 'NONE', *, *, #1261, .T. ) ;
#1019 = EDGE_LOOP ( 'NONE', ( #6721, #4197, #5290, #5972, #2064 ) ) ;
#1020 = DIRECTION ( 'NONE',  ( -0.4999999999999996669, 0.000000000000000000, -0.8660254037844388186 ) ) ;
#1021 = ORIENTED_EDGE ( 'NONE', *, *, #1248, .F. ) ;
#1022 = CARTESIAN_POINT ( 'NONE',  ( 11.71250177135281767, 4.670000000000005258, 21.73089628913143656 ) ) ;
#1023 = ORIENTED_EDGE ( 'NONE', *, *, #5127, .T. ) ;
#1024 = LINE ( 'NONE', #1481, #1127 ) ;
#1025 = CARTESIAN_POINT ( 'NONE',  ( -21.70246513433086832, 4.670000000000000817, 11.65702501040266981 ) ) ;
#1026 = EDGE_CURVE ( 'NONE', #8074, #2042, #8287, .T. ) ;
#1027 = CARTESIAN_POINT ( 'NONE',  ( -27.14095567736187320, 4.615749189755438131, -14.79069255729967836 ) ) ;
#1028 = CARTESIAN_POINT ( 'NONE',  ( 26.24918328139943213, 4.169999999999999929, -16.30967357190300149 ) ) ;
#1029 = VERTEX_POINT ( 'NONE', #2539 ) ;
#1030 = CARTESIAN_POINT ( 'NONE',  ( 0.000000000000000000, 4.670000000000000817, 0.000000000000000000 ) ) ;
#1031 = LINE ( 'NONE', #1805, #4207 ) ;
#1032 = DIRECTION ( 'NONE',  ( -0.000000000000000000, -1.000000000000000000, -0.000000000000000000 ) ) ;
#1033 = DIRECTION ( 'NONE',  ( 0.8660254037844500319, 0.000000000000000000, -0.4999999999999802935 ) ) ;
#1034 = ORIENTED_EDGE ( 'NONE', *, *, #4606, .F. ) ;
#1035 = CARTESIAN_POINT ( 'NONE',  ( -21.12879883022020522, 4.649847419183842590, -12.93832888016915561 ) ) ;
#1036 = CARTESIAN_POINT ( 'NONE',  ( -22.25031422186802743, 0.000000000000000000, -11.69152436717032728 ) ) ;
#1037 = EDGE_CURVE ( 'NONE', #4117, #745, #1206, .T. ) ;
#1038 = B_SPLINE_CURVE_WITH_KNOTS ( 'NONE', 3,
 ( #4494, #7730, #2624, #3896 ),
 .UNSPECIFIED., .F., .F.,
 ( 4, 4 ),
 ( 7.320861918766876942E-17, 0.0001831339601526971595 ),
 .UNSPECIFIED. ) ;
#1039 = CARTESIAN_POINT ( 'NONE',  ( -9.534673571902855471, 0.000000000000000000, -14.51453906012038431 ) ) ;
#1040 = EDGE_CURVE ( 'NONE', #5544, #4882, #6583, .T. ) ;
#1041 = ORIENTED_EDGE ( 'NONE', *, *, #3692, .F. ) ;
#1042 = AXIS2_PLACEMENT_3D ( 'NONE', #5598, #8239, #4999 ) ;
#1043 = LINE ( 'NONE', #420, #6926 ) ;
#1044 = VERTEX_POINT ( 'NONE', #5140 ) ;
#1045 = EDGE_LOOP ( 'NONE', ( #6091, #3203, #7851, #5116 ) ) ;
#1046 = DIRECTION ( 'NONE',  ( 0.000000000000000000, 1.000000000000000000, 0.000000000000000000 ) ) ;
#1047 = DIRECTION ( 'NONE',  ( 0.000000000000000000, 1.000000000000000000, -0.000000000000000000 ) ) ;
#1048 = ADVANCED_FACE ( 'NONE', ( #8246 ), #1847, .F. ) ;
#1049 = CARTESIAN_POINT ( 'NONE',  ( 20.94651235872220951, 4.670000000000000817, -12.96637362587928344 ) ) ;
#1050 = ADVANCED_FACE ( 'NONE', ( #7593 ), #5649, .T. ) ;
#1051 = VERTEX_POINT ( 'NONE', #586 ) ;
#1052 = ORIENTED_EDGE ( 'NONE', *, *, #7074, .T. ) ;
#1053 = AXIS2_PLACEMENT_3D ( 'NONE', #2201, #7432, #4885 ) ;
#1054 = CARTESIAN_POINT ( 'NONE',  ( 0.000000000000000000, 0.000000000000000000, 0.000000000000000000 ) ) ;
#1055 = LINE ( 'NONE', #1826, #179 ) ;
#1056 = CYLINDRICAL_SURFACE ( 'NONE', #6429, 0.5000000000000004441 ) ;
#1057 = EDGE_CURVE ( 'NONE', #2855, #4286, #7738, .T. ) ;
#1058 = CARTESIAN_POINT ( 'NONE',  ( -12.18442105538959375, 4.670000000000000817, 20.00725254425054089 ) ) ;
#1059 = VERTEX_POINT ( 'NONE', #3082 ) ;
#1060 = CARTESIAN_POINT ( 'NONE',  ( 15.88930831464762505, 4.670000000000000817, -26.52108929809668680 ) ) ;
#1061 = ORIENTED_EDGE ( 'NONE', *, *, #5403, .T. ) ;
#1062 = CARTESIAN_POINT ( 'NONE',  ( -9.538661792296238673, 4.594051585209284028, -13.34254371646561665 ) ) ;
#1063 = CIRCLE ( 'NONE', #7186, 23.13500000000000156 ) ;
#1064 = EDGE_LOOP ( 'NONE', ( #1328, #7226, #1687, #2380, #1246, #2251 ) ) ;
#1065 = DIRECTION ( 'NONE',  ( 0.000000000000000000, 1.000000000000000000, 0.000000000000000000 ) ) ;
#1066 = ORIENTED_EDGE ( 'NONE', *, *, #5192, .T. ) ;
#1067 = EDGE_CURVE ( 'NONE', #4159, #3943, #4491, .T. ) ;
#1068 = CARTESIAN_POINT ( 'NONE',  ( 0.000000000000000000, 4.670000000000000817, 0.000000000000000000 ) ) ;
#1069 = CARTESIAN_POINT ( 'NONE',  ( 25.07812044392481354, 2.669999999999999929, 1.690000000000169145 ) ) ;
#1070 = FACE_OUTER_BOUND ( 'NONE', #1791, .T. ) ;
#1071 = CARTESIAN_POINT ( 'NONE',  ( -14.51453906012035233, 0.000000000000000000, 9.534673571902905209 ) ) ;
#1072 = AXIS2_PLACEMENT_3D ( 'NONE', #7686, #5773, #1848 ) ;
#1073 = DIRECTION ( 'NONE',  ( 0.000000000000000000, 0.000000000000000000, 1.000000000000000000 ) ) ;
#1074 = ORIENTED_EDGE ( 'NONE', *, *, #887, .T. ) ;
#1075 = CARTESIAN_POINT ( 'NONE',  ( -15.01293066084642547, 4.463960650192946744, -6.590354703028468819 ) ) ;
#1076 = AXIS2_PLACEMENT_3D ( 'NONE', #1966, #7811, #3920 ) ;
#1077 = EDGE_CURVE ( 'NONE', #2532, #513, #7641, .T. ) ;
#1078 = DIRECTION ( 'NONE',  ( 0.000000000000000000, 0.000000000000000000, 1.000000000000000000 ) ) ;
#1079 = VECTOR ( 'NONE', #8241, 1000.000000000000000 ) ;
#1080 = CARTESIAN_POINT ( 'NONE',  ( -20.90152119364758221, -7.859999999999998543, -12.06749888762527867 ) ) ;
#1081 = B_SPLINE_CURVE_WITH_KNOTS ( 'NONE', 3,
 ( #1083, #6959, #1129, #1169, #3762, #375 ),
 .UNSPECIFIED., .F., .F.,
 ( 4, 2, 4 ),
 ( 0.0001930194709289712236, 0.0005663713981699845888, 0.0009397233254109980082 ),
 .UNSPECIFIED. ) ;
#1082 = ORIENTED_EDGE ( 'NONE', *, *, #4126, .F. ) ;
#1083 = CARTESIAN_POINT ( 'NONE',  ( 21.12879883022735328, 4.649847419193029907, -12.93832888018057758 ) ) ;
#1084 = CYLINDRICAL_SURFACE ( 'NONE', #5836, 23.13499999999999446 ) ;
#1085 = CARTESIAN_POINT ( 'NONE',  ( -21.79959526348837784, 4.670000000000000817, -12.00865192441059470 ) ) ;
#1086 = VERTEX_POINT ( 'NONE', #6397 ) ;
#1087 = VECTOR ( 'NONE', #7181, 1000.000000000000000 ) ;
#1088 = ADVANCED_FACE ( 'NONE', ( #1124 ), #6312, .F. ) ;
#1089 = DIRECTION ( 'NONE',  ( -0.000000000000000000, -1.000000000000000000, -0.000000000000000000 ) ) ;
#1090 = EDGE_LOOP ( 'NONE', ( #1837, #221, #2346, #4325, #3460 ) ) ;
#1091 = CIRCLE ( 'NONE', #2313, 1.000000000000042633 ) ;
#1092 = ORIENTED_EDGE ( 'NONE', *, *, #1321, .T. ) ;
#1093 = DIRECTION ( 'NONE',  ( -0.000000000000000000, -1.000000000000000000, -0.000000000000000000 ) ) ;
#1094 = DIRECTION ( 'NONE',  ( -0.9802340172108793270, 0.000000000000000000, -0.1978415312886091793 ) ) ;
#1095 = CARTESIAN_POINT ( 'NONE',  ( -14.51453906012026884, 0.000000000000000000, -9.534673571903027778 ) ) ;
#1096 = ORIENTED_EDGE ( 'NONE', *, *, #4908, .T. ) ;
#1097 = CARTESIAN_POINT ( 'NONE',  ( -9.534673571903029554, 4.462893218813452911, 14.51453906012026529 ) ) ;
#1098 = ORIENTED_EDGE ( 'NONE', *, *, #6828, .T. ) ;
#1099 = CIRCLE ( 'NONE', #7625, 25.13500000000000512 ) ;
#1100 = EDGE_CURVE ( 'NONE', #3606, #6535, #7837, .T. ) ;
#1101 = CARTESIAN_POINT ( 'NONE',  ( 6.728925952921328779, 4.670000000000000817, -11.65484163083434233 ) ) ;
#1102 = EDGE_CURVE ( 'NONE', #7444, #7763, #757, .T. ) ;
#1103 = LINE ( 'NONE', #5709, #6118 ) ;
#1104 = CARTESIAN_POINT ( 'NONE',  ( 6.462191090617059430, 4.169999999999999929, 15.06371434019469113 ) ) ;
#1105 = AXIS2_PLACEMENT_3D ( 'NONE', #6420, #644, #5833 ) ;
#1106 = AXIS2_PLACEMENT_3D ( 'NONE', #2835, #3510, #4832 ) ;
#1107 = CARTESIAN_POINT ( 'NONE',  ( 16.30967357190292333, 4.169999999999999929, 26.24918328139951029 ) ) ;
#1108 = ORIENTED_EDGE ( 'NONE', *, *, #2829, .F. ) ;
#1109 = DIRECTION ( 'NONE',  ( 0.000000000000000000, 0.000000000000000000, 1.000000000000000000 ) ) ;
#1110 = ORIENTED_EDGE ( 'NONE', *, *, #1546, .F. ) ;
#1111 = AXIS2_PLACEMENT_3D ( 'NONE', #3383, #216, #7988 ) ;
#1112 = CARTESIAN_POINT ( 'NONE',  ( -9.280989028677785413, 4.670000000000000817, -13.53212571197077985 ) ) ;
#1113 = EDGE_CURVE ( 'NONE', #4717, #2250, #8379, .T. ) ;
#1114 = ORIENTED_EDGE ( 'NONE', *, *, #107, .F. ) ;
#1115 = CARTESIAN_POINT ( 'NONE',  ( 25.07812044392481354, 2.669999999999999929, 1.690000000000169145 ) ) ;
#1116 = ORIENTED_EDGE ( 'NONE', *, *, #976, .F. ) ;
#1117 = CARTESIAN_POINT ( 'NONE',  ( -10.69066340616454625, 4.670000000000000817, -20.51677218609433595 ) ) ;
#1118 = CARTESIAN_POINT ( 'NONE',  ( 8.235635466226366219, 4.169999999999999929, 15.26453906012027062 ) ) ;
#1119 = CARTESIAN_POINT ( 'NONE',  ( 21.12879883022735328, 4.649847419193029907, -12.93832888018057758 ) ) ;
#1120 = CARTESIAN_POINT ( 'NONE',  ( 15.88930831464778493, 4.670000000000000817, 26.52108929809684668 ) ) ;
#1121 = EDGE_CURVE ( 'NONE', #197, #3943, #5512, .T. ) ;
#1122 = ORIENTED_EDGE ( 'NONE', *, *, #5838, .T. ) ;
#1123 = CARTESIAN_POINT ( 'NONE',  ( 11.19974067597001621, 4.652225243042862779, 20.66278350054721002 ) ) ;
#1124 = FACE_OUTER_BOUND ( 'NONE', #5329, .T. ) ;
#1125 = DIRECTION ( 'NONE',  ( -0.000000000000000000, -1.000000000000000000, -0.000000000000000000 ) ) ;
#1126 = CARTESIAN_POINT ( 'NONE',  ( -13.66095511311924149, 4.169999999999999929, -27.64883365011757377 ) ) ;
#1127 = VECTOR ( 'NONE', #2246, 1000.000000000000000 ) ;
#1128 = ORIENTED_EDGE ( 'NONE', *, *, #7301, .F. ) ;
#1129 = CARTESIAN_POINT ( 'NONE',  ( 21.18771934078073116, 4.573863308490230928, -13.17156689968755501 ) ) ;
#1130 = DIRECTION ( 'NONE',  ( 0.000000000000000000, 0.000000000000000000, 1.000000000000000000 ) ) ;
#1131 = CARTESIAN_POINT ( 'NONE',  ( 11.88683716298780624, 4.662206113563445165, 21.78524642035413095 ) ) ;
#1132 = ORIENTED_EDGE ( 'NONE', *, *, #7354, .T. ) ;
#1133 = PRODUCT_DEFINITION ( 'UNKNOWN', '', #2449, #262 ) ;
#1134 = CARTESIAN_POINT ( 'NONE',  ( 23.07319061161675577, 2.669999999999999929, 1.690000000000158042 ) ) ;
#1135 = DIRECTION ( 'NONE',  ( -0.8660254037844289376, 0.000000000000000000, -0.5000000000000166533 ) ) ;
#1136 = ORIENTED_EDGE ( 'NONE', *, *, #7138, .T. ) ;
#1137 = VERTEX_POINT ( 'NONE', #661 ) ;
#1138 = DIRECTION ( 'NONE',  ( 0.000000000000000000, 1.000000000000000000, 0.000000000000000000 ) ) ;
#1139 = DIRECTION ( 'NONE',  ( 0.000000000000000000, 0.000000000000000000, 1.000000000000000000 ) ) ;
#1140 = VERTEX_POINT ( 'NONE', #706 ) ;
#1141 = EDGE_CURVE ( 'NONE', #7743, #5363, #2255, .T. ) ;
#1142 = CARTESIAN_POINT ( 'NONE',  ( 9.350178359487061996, 4.660526306310334377, 13.46978456928932921 ) ) ;
#1143 = LINE ( 'NONE', #8091, #4505 ) ;
#1144 = LINE ( 'NONE', #4302, #1639 ) ;
#1145 =( BOUNDED_CURVE ( )  B_SPLINE_CURVE ( 3, ( #1998, #75, #7149, #4562 ),
 .UNSPECIFIED., .F., .F. ) 
 B_SPLINE_CURVE_WITH_KNOTS ( ( 4, 4 ),
 ( 3.141592653589793116, 4.712388980384686121 ),
 .UNSPECIFIED. ) 
 CURVE ( )  GEOMETRIC_REPRESENTATION_ITEM ( )  RATIONAL_B_SPLINE_CURVE ( ( 1.000000000000000000, 0.8047378541243658256, 0.8047378541243658256, 1.000000000000000000 ) ) 
 REPRESENTATION_ITEM ( '' )  );
#1146 = CARTESIAN_POINT ( 'NONE',  ( 15.51453906012023332, 0.000000000000000000, -7.802622764334209648 ) ) ;
#1147 = CARTESIAN_POINT ( 'NONE',  ( 14.57762276433416027, 4.169999999999999929, 27.24918328139940016 ) ) ;
#1148 = FACE_OUTER_BOUND ( 'NONE', #674, .T. ) ;
#1149 = VERTEX_POINT ( 'NONE', #5310 ) ;
#1150 = CARTESIAN_POINT ( 'NONE',  ( 16.30967357190285583, 4.169999999999999929, -26.24918328139951029 ) ) ;
#1151 = ADVANCED_FACE ( 'NONE', ( #4657 ), #2095, .T. ) ;
#1152 = EDGE_LOOP ( 'NONE', ( #4974, #3515, #231, #3158, #8083 ) ) ;
#1153 = CIRCLE ( 'NONE', #493, 18.28105443885434767 ) ;
#1154 = DIRECTION ( 'NONE',  ( 0.000000000000000000, 1.000000000000000000, 0.000000000000000000 ) ) ;
#1155 = ORIENTED_EDGE ( 'NONE', *, *, #4339, .T. ) ;
#1156 = CARTESIAN_POINT ( 'NONE',  ( -22.25031422186815888, 2.669999999999999929, 11.69152436717009280 ) ) ;
#1157 = FACE_OUTER_BOUND ( 'NONE', #3402, .T. ) ;
#1158 = ORIENTED_EDGE ( 'NONE', *, *, #7379, .F. ) ;
#1159 = CARTESIAN_POINT ( 'NONE',  ( -0.1058167759897411103, 2.669999999999999929, 0.1832800323074458559 ) ) ;
#1160 = DIRECTION ( 'NONE',  ( -0.000000000000000000, -1.000000000000000000, -0.000000000000000000 ) ) ;
#1161 = CIRCLE ( 'NONE', #7002, 25.13500000000000512 ) ;
#1162 = CARTESIAN_POINT ( 'NONE',  ( -21.12879883022048944, 4.649847419183608110, 12.93832888017021610 ) ) ;
#1163 = EDGE_CURVE ( 'NONE', #2663, #6205, #7141, .T. ) ;
#1164 = CARTESIAN_POINT ( 'NONE',  ( -24.35665843275938514, 2.669999999999999929, -1.689999999999996838 ) ) ;
#1165 = VERTEX_POINT ( 'NONE', #4612 ) ;
#1166 = DIRECTION ( 'NONE',  ( 0.000000000000000000, 0.000000000000000000, 1.000000000000000000 ) ) ;
#1167 = DIRECTION ( 'NONE',  ( -0.8660254037844342667, 0.000000000000000000, -0.5000000000000075495 ) ) ;
#1168 = ORIENTED_EDGE ( 'NONE', *, *, #1893, .F. ) ;
#1169 = CARTESIAN_POINT ( 'NONE',  ( 21.23354704571813301, 4.413147668295431814, -13.35550006447230231 ) ) ;
#1170 = DIRECTION ( 'NONE',  ( 0.000000000000000000, -0.000000000000000000, 1.000000000000000000 ) ) ;
#1171 = DIRECTION ( 'NONE',  ( 0.000000000000000000, 1.000000000000000000, 0.000000000000000000 ) ) ;
#1172 = EDGE_CURVE ( 'NONE', #3891, #6571, #8093, .T. ) ;
#1173 = ORIENTED_EDGE ( 'NONE', *, *, #7482, .T. ) ;
#1174 = DIRECTION ( 'NONE',  ( -0.000000000000000000, -1.000000000000000000, 0.000000000000000000 ) ) ;
#1175 = ORIENTED_EDGE ( 'NONE', *, *, #7661, .F. ) ;
#1176 = ORIENTED_EDGE ( 'NONE', *, *, #3134, .F. ) ;
#1177 = ORIENTED_EDGE ( 'NONE', *, *, #2075, .T. ) ;
#1178 =( NAMED_UNIT ( * ) SI_UNIT ( $, .STERADIAN. ) SOLID_ANGLE_UNIT ( ) );
#1179 = CARTESIAN_POINT ( 'NONE',  ( -14.51048812218058615, 4.444138615043476292, -28.31426555175046289 ) ) ;
#1180 = ADVANCED_FACE ( 'NONE', ( #1371 ), #4969, .T. ) ;
#1181 = ORIENTED_EDGE ( 'NONE', *, *, #652, .T. ) ;
#1182 = CARTESIAN_POINT ( 'NONE',  ( 9.284302649969799148, 4.669999999999999929, 13.51603639376052435 ) ) ;
#1183 = DIRECTION ( 'NONE',  ( 1.000000000000000000, 0.000000000000000000, 0.000000000000000000 ) ) ;
#1184 = CARTESIAN_POINT ( 'NONE',  ( -15.02328291086361567, 4.670000000000000817, 27.02108929809660864 ) ) ;
#1185 = AXIS2_PLACEMENT_3D ( 'NONE', #8193, #4858, #283 ) ;
#1186 = EDGE_CURVE ( 'NONE', #4439, #1587, #7397, .T. ) ;
#1187 = B_SPLINE_CURVE_WITH_KNOTS ( 'NONE', 3,
 ( #3264, #2711, #6489, #639, #1305, #5825 ),
 .UNSPECIFIED., .F., .F.,
 ( 4, 2, 4 ),
 ( -1.477143756511471064E-05, 0.0003797396612299174228, 0.0007742507600249495326 ),
 .UNSPECIFIED. ) ;
#1188 = CARTESIAN_POINT ( 'NONE',  ( 20.66278350054746227, 4.652225243042692249, 11.19974067596730727 ) ) ;
#1189 = CARTESIAN_POINT ( 'NONE',  ( -26.52108929809672233, 4.670000000000000817, -15.88930831464797144 ) ) ;
#1190 = FACE_OUTER_BOUND ( 'NONE', #4710, .T. ) ;
#1191 = EDGE_LOOP ( 'NONE', ( #2483, #2556, #1997, #3398 ) ) ;
#1192 = DIRECTION ( 'NONE',  ( -1.000000000000000000, 0.000000000000000000, -3.306126646384376889E-15 ) ) ;
#1193 = ORIENTED_EDGE ( 'NONE', *, *, #5128, .F. ) ;
#1194 = CARTESIAN_POINT ( 'NONE',  ( 14.98760873548039108, 4.515017694013313765, 6.652701947445529562 ) ) ;
#1195 = ORIENTED_EDGE ( 'NONE', *, *, #5181, .F. ) ;
#1196 = DIRECTION ( 'NONE',  ( -0.3187812165858947000, 0.000000000000000000, -0.9478283262025970490 ) ) ;
#1197 = ORIENTED_EDGE ( 'NONE', *, *, #5737, .F. ) ;
#1198 = ADVANCED_FACE ( 'NONE', ( #4015 ), #1449, .F. ) ;
#1199 = CARTESIAN_POINT ( 'NONE',  ( 0.000000000000000000, 4.169999999999999929, 0.000000000000000000 ) ) ;
#1200 = EDGE_LOOP ( 'NONE', ( #5371, #686, #7083, #4868, #3426, #259, #4181 ) ) ;
#1201 = ORIENTED_EDGE ( 'NONE', *, *, #5368, .F. ) ;
#1202 = CARTESIAN_POINT ( 'NONE',  ( 0.000000000000000000, 0.000000000000000000, 0.000000000000000000 ) ) ;
#1203 = AXIS2_PLACEMENT_3D ( 'NONE', #2584, #5149, #4455 ) ;
#1204 = CARTESIAN_POINT ( 'NONE',  ( -15.02328291086336698, 4.670000000000000817, -27.02108929809683602 ) ) ;
#1205 = VERTEX_POINT ( 'NONE', #7778 ) ;
#1206 = LINE ( 'NONE', #7685, #5919 ) ;
#1207 = ADVANCED_FACE ( 'NONE', ( #1934 ), #4536, .F. ) ;
#1208 = CARTESIAN_POINT ( 'NONE',  ( 26.61430750865053341, 4.255571474540566612, -17.42104205565966524 ) ) ;
#1209 = ADVANCED_FACE ( 'NONE', ( #7828 ), #9, .F. ) ;
#1210 = ORIENTED_EDGE ( 'NONE', *, *, #87, .F. ) ;
#1211 = DIRECTION ( 'NONE',  ( -0.000000000000000000, -1.000000000000000000, -0.000000000000000000 ) ) ;
#1212 = AXIS2_PLACEMENT_3D ( 'NONE', #1199, #1243, #7583 ) ;
#1213 = DIRECTION ( 'NONE',  ( 0.000000000000000000, 1.000000000000000000, 0.000000000000000000 ) ) ;
#1214 = CARTESIAN_POINT ( 'NONE',  ( 12.06749888762580269, 4.670000000000000817, -20.90152119364944383 ) ) ;
#1215 = VERTEX_POINT ( 'NONE', #7215 ) ;
#1216 = AXIS2_PLACEMENT_3D ( 'NONE', #4820, #2269, #4280 ) ;
#1217 = LINE ( 'NONE', #2549, #1358 ) ;
#1218 = EDGE_CURVE ( 'NONE', #5964, #3845, #2914, .T. ) ;
#1219 = VERTEX_POINT ( 'NONE', #2738 ) ;
#1220 = VERTEX_POINT ( 'NONE', #6474 ) ;
#1221 = EDGE_LOOP ( 'NONE', ( #5203, #1886 ) ) ;
#1222 = LINE ( 'NONE', #6412, #6534 ) ;
#1223 = CARTESIAN_POINT ( 'NONE',  ( 9.224864364556331964, 4.670000000000000817, 5.325977924111742645 ) ) ;
#1224 = CIRCLE ( 'NONE', #6645, 0.5000000000000004441 ) ;
#1225 = ORIENTED_EDGE ( 'NONE', *, *, #2814, .F. ) ;
#1226 = CARTESIAN_POINT ( 'NONE',  ( 0.000000000000000000, 4.169999999999999929, 0.000000000000000000 ) ) ;
#1227 = ORIENTED_EDGE ( 'NONE', *, *, #3982, .T. ) ;
#1228 = VECTOR ( 'NONE', #4637, 1000.000000000000000 ) ;
#1229 = VECTOR ( 'NONE', #4556, 1000.000000000000000 ) ;
#1230 = CARTESIAN_POINT ( 'NONE',  ( 26.66278382506391509, 4.358938947821485499, 17.35705602345321097 ) ) ;
#1231 = EDGE_CURVE ( 'NONE', #2606, #4498, #3580, .T. ) ;
#1232 = CARTESIAN_POINT ( 'NONE',  ( 17.45353882510843135, 0.000000000000000000, -26.59578445530214452 ) ) ;
#1233 = CARTESIAN_POINT ( 'NONE',  ( 27.64883365011744587, 4.670000000000000817, 13.66095511311953281 ) ) ;
#1234 = CYLINDRICAL_SURFACE ( 'NONE', #4537, 25.13500000000000512 ) ;
#1235 = ORIENTED_EDGE ( 'NONE', *, *, #8064, .F. ) ;
#1236 = PLANE ( 'NONE',  #3064 ) ;
#1237 = CIRCLE ( 'NONE', #5995, 25.13500000000000512 ) ;
#1238 = ORIENTED_EDGE ( 'NONE', *, *, #2179, .T. ) ;
#1239 = FACE_OUTER_BOUND ( 'NONE', #7628, .T. ) ;
#1240 = ORIENTED_EDGE ( 'NONE', *, *, #1722, .T. ) ;
#1241 = CARTESIAN_POINT ( 'NONE',  ( 21.24371652342902550, 4.670000000000000817, -12.90223489955488922 ) ) ;
#1242 = AXIS2_PLACEMENT_3D ( 'NONE', #2917, #4079, #6147 ) ;
#1243 = DIRECTION ( 'NONE',  ( 0.000000000000000000, 1.000000000000000000, 0.000000000000000000 ) ) ;
#1244 = DIRECTION ( 'NONE',  ( -0.000000000000000000, -1.000000000000000000, -0.000000000000000000 ) ) ;
#1245 = VERTEX_POINT ( 'NONE', #5960 ) ;
#1246 = ORIENTED_EDGE ( 'NONE', *, *, #1626, .F. ) ;
#1247 = DIRECTION ( 'NONE',  ( 3.378977344427008533E-15, -0.000000000000000000, -1.000000000000000000 ) ) ;
#1248 = EDGE_CURVE ( 'NONE', #2815, #8215, #2566, .T. ) ;
#1249 = AXIS2_PLACEMENT_3D ( 'NONE', #1727, #8303, #7006 ) ;
#1250 = DIRECTION ( 'NONE',  ( 0.000000000000000000, 0.000000000000000000, 1.000000000000000000 ) ) ;
#1251 = ORIENTED_EDGE ( 'NONE', *, *, #6701, .F. ) ;
#1252 = DIRECTION ( 'NONE',  ( -0.000000000000000000, 1.000000000000000000, -0.000000000000000000 ) ) ;
#1253 = CARTESIAN_POINT ( 'NONE',  ( 26.76220289833796784, 4.483379883733154436, -17.16186944845079765 ) ) ;
#1254 = VECTOR ( 'NONE', #4227, 1000.000000000000000 ) ;
#1255 = ORIENTED_EDGE ( 'NONE', *, *, #2874, .F. ) ;
#1256 = CARTESIAN_POINT ( 'NONE',  ( -17.11411476943970200, 4.554312603826698336, 26.83530130556338733 ) ) ;
#1257 = CARTESIAN_POINT ( 'NONE',  ( 0.000000000000000000, 4.169999999999999929, 0.000000000000000000 ) ) ;
#1258 = DIRECTION ( 'NONE',  ( 0.9478283262026123701, -0.000000000000000000, 0.3187812165858493474 ) ) ;
#1259 = CARTESIAN_POINT ( 'NONE',  ( -12.00865192441041174, 4.670000000000000817, -21.79959526348856613 ) ) ;
#1260 = VERTEX_POINT ( 'NONE', #3321 ) ;
#1261 = EDGE_CURVE ( 'NONE', #6829, #4441, #6041, .T. ) ;
#1262 = CIRCLE ( 'NONE', #3423, 25.13500000000000512 ) ;
#1263 = ORIENTED_EDGE ( 'NONE', *, *, #5828, .F. ) ;
#1264 = ORIENTED_EDGE ( 'NONE', *, *, #2150, .F. ) ;
#1265 = DIRECTION ( 'NONE',  ( -0.000000000000000000, -1.000000000000000000, -0.000000000000000000 ) ) ;
#1266 = CARTESIAN_POINT ( 'NONE',  ( 12.92315824623775633, 4.662206113563489573, -21.18692616397584061 ) ) ;
#1267 = VECTOR ( 'NONE', #4890, 999.9999999999998863 ) ;
#1268 = ORIENTED_EDGE ( 'NONE', *, *, #612, .F. ) ;
#1269 = EDGE_CURVE ( 'NONE', #6755, #1286, #5385, .T. ) ;
#1270 = ORIENTED_EDGE ( 'NONE', *, *, #3752, .T. ) ;
#1271 = AXIS2_PLACEMENT_3D ( 'NONE', #5316, #1979, #2061 ) ;
#1272 = DIRECTION ( 'NONE',  ( 0.000000000000000000, 0.000000000000000000, 1.000000000000000000 ) ) ;
#1273 = CARTESIAN_POINT ( 'NONE',  ( 26.24918328139943213, 0.000000000000000000, -16.30967357190300149 ) ) ;
#1274 = CARTESIAN_POINT ( 'NONE',  ( 0.000000000000000000, 2.669999999999999929, 0.000000000000000000 ) ) ;
#1275 = DIRECTION ( 'NONE',  ( 0.000000000000000000, 0.000000000000000000, -1.000000000000000000 ) ) ;
#1276 = EDGE_LOOP ( 'NONE', ( #6078, #981, #1949, #1819 ) ) ;
#1277 = CARTESIAN_POINT ( 'NONE',  ( 11.69152436717008570, 4.670000000000000817, 22.25031422186815533 ) ) ;
#1278 = CARTESIAN_POINT ( 'NONE',  ( 1.689999999999761027, 2.669999999999999929, 23.07319061161677709 ) ) ;
#1279 = EDGE_CURVE ( 'NONE', #7045, #4992, #8238, .T. ) ;
#1280 = ORIENTED_EDGE ( 'NONE', *, *, #3202, .F. ) ;
#1281 = CARTESIAN_POINT ( 'NONE',  ( 12.93832888018171090, 4.649847419192786546, 21.12879883022763039 ) ) ;
#1282 = CARTESIAN_POINT ( 'NONE',  ( -15.34319201611848449, 4.670000000000000817, -7.942841814093184460 ) ) ;
#1283 = DIRECTION ( 'NONE',  ( 0.000000000000000000, 1.000000000000000000, 0.000000000000000000 ) ) ;
#1284 = LINE ( 'NONE', #4569, #557 ) ;
#1285 = VERTEX_POINT ( 'NONE', #5798 ) ;
#1286 = VERTEX_POINT ( 'NONE', #7762 ) ;
#1287 = CARTESIAN_POINT ( 'NONE',  ( 14.51453906012028305, 4.670000000000000817, -9.534673571903006462 ) ) ;
#1288 = DIRECTION ( 'NONE',  ( 0.000000000000000000, 0.000000000000000000, 1.000000000000000000 ) ) ;
#1289 = ORIENTED_EDGE ( 'NONE', *, *, #4341, .F. ) ;
#1290 = DIRECTION ( 'NONE',  ( 0.000000000000000000, 0.000000000000000000, 1.000000000000000000 ) ) ;
#1291 = FACE_OUTER_BOUND ( 'NONE', #1437, .T. ) ;
#1292 = EDGE_CURVE ( 'NONE', #61, #4944, #100, .T. ) ;
#1293 = EDGE_LOOP ( 'NONE', ( #8056, #7715 ) ) ;
#1294 = DIRECTION ( 'NONE',  ( 0.000000000000000000, 1.000000000000000000, 0.000000000000000000 ) ) ;
#1295 = ORIENTED_EDGE ( 'NONE', *, *, #5996, .F. ) ;
#1296 = CARTESIAN_POINT ( 'NONE',  ( -12.87467732819471955, 4.670000000000000817, -21.29959526348832810 ) ) ;
#1297 = PLANE ( 'NONE',  #2505 ) ;
#1298 = CARTESIAN_POINT ( 'NONE',  ( -15.51453906012027062, 4.462893218813453799, 7.802622764334151029 ) ) ;
#1299 = EDGE_LOOP ( 'NONE', ( #3223, #5251, #2500, #7556, #6141 ) ) ;
#1300 = CARTESIAN_POINT ( 'NONE',  ( 26.24918328139943213, 4.169999999999999929, 16.30967357190298017 ) ) ;
#1301 = ADVANCED_FACE ( 'NONE', ( #1964 ), #1999, .F. ) ;
#1302 = EDGE_LOOP ( 'NONE', ( #6301, #4522, #6683, #7481, #816, #7992 ) ) ;
#1303 = EDGE_LOOP ( 'NONE', ( #1009, #6241, #7582, #8372 ) ) ;
#1304 = ADVANCED_FACE ( 'NONE', ( #3234 ), #1236, .F. ) ;
#1305 = CARTESIAN_POINT ( 'NONE',  ( -16.30967357190272438, 4.302122217144075833, -26.24918328139960266 ) ) ;
#1306 = DIRECTION ( 'NONE',  ( -0.000000000000000000, -1.000000000000000000, -0.000000000000000000 ) ) ;
#1307 = EDGE_LOOP ( 'NONE', ( #4226, #6626, #929 ) ) ;
#1308 = VERTEX_POINT ( 'NONE', #1278 ) ;
#1309 = DIRECTION ( 'NONE',  ( -0.000000000000000000, -1.000000000000000000, -0.000000000000000000 ) ) ;
#1310 = DIRECTION ( 'NONE',  ( -0.000000000000000000, -1.000000000000000000, -0.000000000000000000 ) ) ;
#1311 = EDGE_CURVE ( 'NONE', #7199, #8273, #3196, .T. ) ;
#1312 = EDGE_CURVE ( 'NONE', #3263, #3950, #1153, .T. ) ;
#1313 = CARTESIAN_POINT ( 'NONE',  ( -11.75100665499373420, 4.670000000000000817, -6.784446855506382157 ) ) ;
#1314 = DIRECTION ( 'NONE',  ( 0.8660254037844425934, 0.000000000000000000, 0.4999999999999931166 ) ) ;
#1315 = VERTEX_POINT ( 'NONE', #6463 ) ;
#1316 = CARTESIAN_POINT ( 'NONE',  ( 15.51453906012023332, 0.000000000000000000, -7.802622764334209648 ) ) ;
#1317 = VERTEX_POINT ( 'NONE', #5885 ) ;
#1318 = TOROIDAL_SURFACE ( 'NONE', #4714, 24.63500000000000512, 0.5000000000000000000 ) ;
#1319 = CARTESIAN_POINT ( 'NONE',  ( 15.06371434019467692, 4.169999999999999929, 6.462191090617110056 ) ) ;
#1320 = CARTESIAN_POINT ( 'NONE',  ( -16.71611508416008007, 4.670000000000000817, 27.10138619186879438 ) ) ;
#1321 = EDGE_CURVE ( 'NONE', #2432, #3468, #5933, .T. ) ;
#1322 = ORIENTED_EDGE ( 'NONE', *, *, #678, .T. ) ;
#1323 = VECTOR ( 'NONE', #1353, 1000.000000000000000 ) ;
#1324 = ORIENTED_EDGE ( 'NONE', *, *, #1012, .F. ) ;
#1325 = CARTESIAN_POINT ( 'NONE',  ( 13.12827881868119384, 0.000000000000000000, 9.814463748652000774 ) ) ;
#1326 = DIRECTION ( 'NONE',  ( 0.000000000000000000, 1.000000000000000000, 0.000000000000000000 ) ) ;
#1327 = CIRCLE ( 'NONE', #6749, 0.9000000000027943425 ) ;
#1328 = ORIENTED_EDGE ( 'NONE', *, *, #355, .F. ) ;
#1329 = LINE ( 'NONE', #6598, #7099 ) ;
#1330 = ORIENTED_EDGE ( 'NONE', *, *, #6298, .F. ) ;
#1331 = DIRECTION ( 'NONE',  ( 0.000000000000000000, 0.000000000000000000, 1.000000000000000000 ) ) ;
#1332 = CARTESIAN_POINT ( 'NONE',  ( 12.42271421373347984, 4.235407758176397586, 19.51677218609430753 ) ) ;
#1333 = CARTESIAN_POINT ( 'NONE',  ( 9.534673571902963829, 4.670000000000000817, 14.51453906012032036 ) ) ;
#1334 = ORIENTED_EDGE ( 'NONE', *, *, #5792, .T. ) ;
#1335 = CYLINDRICAL_SURFACE ( 'NONE', #7604, 0.4999999999999999445 ) ;
#1336 = EDGE_CURVE ( 'NONE', #6164, #4460, #3431, .T. ) ;
#1337 = CIRCLE ( 'NONE', #4199, 25.13500000000000512 ) ;
#1338 = EDGE_LOOP ( 'NONE', ( #6695, #7102, #2615, #4292, #6547, #4605 ) ) ;
#1339 = CARTESIAN_POINT ( 'NONE',  ( 13.15150792288681991, 4.335642792052645689, -9.786713547591302742 ) ) ;
#1340 = CARTESIAN_POINT ( 'NONE',  ( 12.93832888017395710, 4.649847419186042607, -21.12879883022289462 ) ) ;
#1341 = LINE ( 'NONE', #4744, #6210 ) ;
#1342 = VERTEX_POINT ( 'NONE', #2684 ) ;
#1343 = AXIS2_PLACEMENT_3D ( 'NONE', #7479, #5500, #4934 ) ;
#1344 = EDGE_CURVE ( 'NONE', #6075, #3968, #5262, .T. ) ;
#1345 = ORIENTED_EDGE ( 'NONE', *, *, #138, .T. ) ;
#1346 = CARTESIAN_POINT ( 'NONE',  ( 20.90152119364996608, -7.859999999999998543, 12.96749888762673919 ) ) ;
#1347 = CARTESIAN_POINT ( 'NONE',  ( 14.30585555931272523, 0.000000000000000000, 28.41310023613300473 ) ) ;
#1348 = CIRCLE ( 'NONE', #4746, 23.13500000000000156 ) ;
#1349 = CIRCLE ( 'NONE', #3393, 23.13499999999999446 ) ;
#1350 = CARTESIAN_POINT ( 'NONE',  ( -12.29462508638669505, 4.652225243042994229, 20.03065169146218594 ) ) ;
#1351 = CARTESIAN_POINT ( 'NONE',  ( -16.30967357190301925, 4.169999999999999929, 26.24918328139941082 ) ) ;
#1352 = ORIENTED_EDGE ( 'NONE', *, *, #1026, .F. ) ;
#1353 = DIRECTION ( 'NONE',  ( 0.3187812165858939784, -0.000000000000000000, -0.9478283262025973821 ) ) ;
#1354 = CARTESIAN_POINT ( 'NONE',  ( 19.51677218609430042, 4.235407758176660487, -12.42271421373347273 ) ) ;
#1355 = ORIENTED_EDGE ( 'NONE', *, *, #8395, .T. ) ;
#1356 = EDGE_CURVE ( 'NONE', #4531, #745, #7274, .T. ) ;
#1357 = B_SPLINE_CURVE_WITH_KNOTS ( 'NONE', 3,
 ( #7183, #872, #110, #1959, #6056, #4558 ),
 .UNSPECIFIED., .F., .F.,
 ( 4, 2, 4 ),
 ( 0.0001930194709301500495, 0.0005663713981705753705, 0.0009397233254110007187 ),
 .UNSPECIFIED. ) ;
#1358 = VECTOR ( 'NONE', #3683, 1000.000000000000000 ) ;
#1359 = ADVANCED_FACE ( 'NONE', ( #2713 ), #6852, .T. ) ;
#1360 = CARTESIAN_POINT ( 'NONE',  ( 10.69066340616454092, 0.000000000000000000, -20.51677218609433950 ) ) ;
#1361 = DIRECTION ( 'NONE',  ( -0.000000000000000000, -1.000000000000000000, -0.000000000000000000 ) ) ;
#1362 = VERTEX_POINT ( 'NONE', #7500 ) ;
#1364 = VERTEX_POINT ( 'NONE', #942 ) ;
#1363 = AXIS2_PLACEMENT_3D ( 'NONE', #2935, #3317, #4518 ) ;
#1365 = VECTOR ( 'NONE', #4528, 1000.000000000000000 ) ;
#1366 = ORIENTED_EDGE ( 'NONE', *, *, #7268, .F. ) ;
#1367 = LINE ( 'NONE', #5929, #5144 ) ;
#1368 = EDGE_CURVE ( 'NONE', #3902, #3865, #6218, .T. ) ;
#1369 = ORIENTED_EDGE ( 'NONE', *, *, #4228, .F. ) ;
#1370 = CARTESIAN_POINT ( 'NONE',  ( 1.689999999999761249, 0.000000000000000000, 23.07319061161678064 ) ) ;
#1371 = FACE_OUTER_BOUND ( 'NONE', #4143, .T. ) ;
#1372 = DIRECTION ( 'NONE',  ( -0.000000000000000000, -1.000000000000000000, -0.000000000000000000 ) ) ;
#1373 = VERTEX_POINT ( 'NONE', #2900 ) ;
#1374 = DIRECTION ( 'NONE',  ( -0.000000000000000000, -1.000000000000000000, -0.000000000000000000 ) ) ;
#1375 = CARTESIAN_POINT ( 'NONE',  ( 27.14099165632323007, 4.615696297820623073, 14.79062215075756193 ) ) ;
#1376 = DIRECTION ( 'NONE',  ( 0.000000000000000000, 0.000000000000000000, 1.000000000000000000 ) ) ;
#1377 = VECTOR ( 'NONE', #6330, 1000.000000000000000 ) ;
#1378 = VECTOR ( 'NONE', #2422, 1000.000000000000000 ) ;
#1379 = VERTEX_POINT ( 'NONE', #2073 ) ;
#1380 = EDGE_CURVE ( 'NONE', #6849, #3641, #6107, .T. ) ;
#1381 = CARTESIAN_POINT ( 'NONE',  ( 7.802622764334153693, 4.169999999999999929, -15.51453906012027062 ) ) ;
#1382 = VECTOR ( 'NONE', #2856, 1000.000000000000000 ) ;
#1383 = ORIENTED_EDGE ( 'NONE', *, *, #8, .T. ) ;
#1384 = CARTESIAN_POINT ( 'NONE',  ( -20.03065169146244529, 4.652225243043055514, -12.29462508638669860 ) ) ;
#1385 = ORIENTED_EDGE ( 'NONE', *, *, #826, .F. ) ;
#1386 = CARTESIAN_POINT ( 'NONE',  ( -22.25031422186815888, 4.169999999999999929, 11.69152436717009280 ) ) ;
#1387 = PRODUCT_RELATED_PRODUCT_CATEGORY ( 'part', '', ( #4111 ) ) ;
#1388 = LINE ( 'NONE', #2555, #5035 ) ;
#1389 = LINE ( 'NONE', #3385, #5543 ) ;
#1390 = DIRECTION ( 'NONE',  ( -0.000000000000000000, 1.000000000000000000, -0.000000000000000000 ) ) ;
#1391 = ORIENTED_EDGE ( 'NONE', *, *, #8233, .T. ) ;
#1392 = ORIENTED_EDGE ( 'NONE', *, *, #5032, .F. ) ;
#1393 = LINE ( 'NONE', #7272, #1229 ) ;
#1394 = B_SPLINE_CURVE_WITH_KNOTS ( 'NONE', 3,
 ( #4165, #7526, #1686, #8219 ),
 .UNSPECIFIED., .F., .F.,
 ( 4, 4 ),
 ( 0.0002138446335420800249, 0.0003827153031077930399 ),
 .UNSPECIFIED. ) ;
#1395 = CIRCLE ( 'NONE', #2765, 0.9000000000000084599 ) ;
#1396 = EDGE_CURVE ( 'NONE', #8059, #1849, #327, .T. ) ;
#1397 = CARTESIAN_POINT ( 'NONE',  ( -16.30967357190272438, 4.169999999999999929, -26.24918328139960622 ) ) ;
#1398 = LINE ( 'NONE', #6034, #3034 ) ;
#1399 = ORIENTED_EDGE ( 'NONE', *, *, #227, .T. ) ;
#1400 = LINE ( 'NONE', #6462, #7031 ) ;
#1401 = DIRECTION ( 'NONE',  ( -0.000000000000000000, -1.000000000000000000, -0.000000000000000000 ) ) ;
#1402 = CARTESIAN_POINT ( 'NONE',  ( -28.41310023613304026, 4.169999999999999929, 14.30585555931276787 ) ) ;
#1403 = DIRECTION ( 'NONE',  ( 0.000000000000000000, 0.000000000000000000, 1.000000000000000000 ) ) ;
#1404 = ORIENTED_EDGE ( 'NONE', *, *, #1292, .F. ) ;
#1405 = EDGE_CURVE ( 'NONE', #1220, #4548, #1858, .T. ) ;
#1406 = VERTEX_POINT ( 'NONE', #1428 ) ;
#1407 = FACE_OUTER_BOUND ( 'NONE', #558, .T. ) ;
#1408 = DIRECTION ( 'NONE',  ( 0.000000000000000000, 0.000000000000000000, 1.000000000000000000 ) ) ;
#1409 = EDGE_LOOP ( 'NONE', ( #6188, #2902, #4902, #1431, #5705, #3776 ) ) ;
#1410 = DIRECTION ( 'NONE',  ( 0.000000000000000000, 0.000000000000000000, 1.000000000000000000 ) ) ;
#1411 = CARTESIAN_POINT ( 'NONE',  ( 13.66095511311943511, 4.670000000000000817, -27.64883365011749561 ) ) ;
#1412 = ORIENTED_EDGE ( 'NONE', *, *, #927, .T. ) ;
#1413 = LINE ( 'NONE', #279, #5348 ) ;
#1414 = EDGE_CURVE ( 'NONE', #1308, #6992, #1569, .T. ) ;
#1415 = CARTESIAN_POINT ( 'NONE',  ( 27.22477132445028403, 4.431292217824030821, 14.62613208313619673 ) ) ;
#1416 = CARTESIAN_POINT ( 'NONE',  ( -15.06371434019463784, 0.000000000000000000, -6.462191090617205091 ) ) ;
#1417 = CARTESIAN_POINT ( 'NONE',  ( -20.51677218609422937, 0.000000000000000000, -10.69066340616475586 ) ) ;
#1418 = VERTEX_POINT ( 'NONE', #7450 ) ;
#1419 = CARTESIAN_POINT ( 'NONE',  ( 8.141141495965088737, 4.670000000000000817, -15.10087070261882225 ) ) ;
#1420 = CARTESIAN_POINT ( 'NONE',  ( 26.76674487225839982, 4.492487317888698151, 17.20518164192337807 ) ) ;
#1421 = AXIS2_PLACEMENT_3D ( 'NONE', #540, #3804, #1078 ) ;
#1422 = CARTESIAN_POINT ( 'NONE',  ( -19.51677218609426845, 4.235407758176848780, -12.42271421373352958 ) ) ;
#1423 = ORIENTED_EDGE ( 'NONE', *, *, #475, .F. ) ;
#1424 = DIRECTION ( 'NONE',  ( -0.9802340172108804373, 0.000000000000000000, 0.1978415312886027955 ) ) ;
#1425 = ADVANCED_FACE ( 'NONE', ( #4231 ), #4030, .F. ) ;
#1426 = CARTESIAN_POINT ( 'NONE',  ( 9.207162634049897321, 4.670000000000000817, -13.60996338006891371 ) ) ;
#1427 = CARTESIAN_POINT ( 'NONE',  ( 21.07016681825906801, 4.662150145697435910, 12.95363122990660365 ) ) ;
#1428 = CARTESIAN_POINT ( 'NONE',  ( -9.213200126502751885, 4.670000000000000817, -13.58004976464921221 ) ) ;
#1429 = ORIENTED_EDGE ( 'NONE', *, *, #220, .T. ) ;
#1430 = CIRCLE ( 'NONE', #6178, 23.63499999999999801 ) ;
#1431 = ORIENTED_EDGE ( 'NONE', *, *, #4504, .T. ) ;
#1432 = CARTESIAN_POINT ( 'NONE',  ( -20.00344712380366730, 4.670000000000000817, 12.12634585083821470 ) ) ;
#1433 = ORIENTED_EDGE ( 'NONE', *, *, #3562, .T. ) ;
#1434 = EDGE_CURVE ( 'NONE', #3902, #1029, #5119, .T. ) ;
#1435 = DIRECTION ( 'NONE',  ( 0.9802340172108792160, 0.000000000000000000, -0.1978415312886096233 ) ) ;
#1436 = CARTESIAN_POINT ( 'NONE',  ( 0.000000000000000000, 2.669999999999999929, 0.000000000000000000 ) ) ;
#1437 = EDGE_LOOP ( 'NONE', ( #3558, #4785, #7844, #2143, #1334, #3367 ) ) ;
#1438 = B_SPLINE_CURVE_WITH_KNOTS ( 'NONE', 3,
 ( #1150, #7670, #6297, #6933, #1831, #1060 ),
 .UNSPECIFIED., .F., .F.,
 ( 4, 2, 4 ),
 ( 0.000000000000000000, 0.0003908072650539148657, 0.0007816145301078297313 ),
 .UNSPECIFIED. ) ;
#1439 = CARTESIAN_POINT ( 'NONE',  ( -14.37933424580845809, 4.329483962298692923, 28.38002508913206512 ) ) ;
#1440 = EDGE_CURVE ( 'NONE', #3793, #4932, #5475, .T. ) ;
#1441 = DIRECTION ( 'NONE',  ( 0.1978415312886053767, -0.000000000000000000, -0.9802340172108799932 ) ) ;
#1442 = CARTESIAN_POINT ( 'NONE',  ( 12.06749888762580269, 0.000000000000000000, -20.90152119364944383 ) ) ;
#1443 = VERTEX_POINT ( 'NONE', #6171 ) ;
#1444 = CARTESIAN_POINT ( 'NONE',  ( 11.82891209833689139, 4.649847419183624986, 21.76932090785539842 ) ) ;
#1445 = AXIS2_PLACEMENT_3D ( 'NONE', #2617, #4047, #3970 ) ;
#1446 = EDGE_CURVE ( 'NONE', #4768, #2532, #5424, .T. ) ;
#1447 = DIRECTION ( 'NONE',  ( -1.000000000000000000, -0.000000000000000000, -6.921832167980893463E-15 ) ) ;
#1448 = EDGE_LOOP ( 'NONE', ( #796, #3986, #4179, #6614 ) ) ;
#1449 = CYLINDRICAL_SURFACE ( 'NONE', #6170, 11.67924603423417551 ) ;
#1450 = CARTESIAN_POINT ( 'NONE',  ( 16.30967357190291622, 4.670000000000000817, 26.24918328139949608 ) ) ;
#1451 = AXIS2_PLACEMENT_3D ( 'NONE', #5497, #5453, #1554 ) ;
#1452 = ORIENTED_EDGE ( 'NONE', *, *, #5801, .F. ) ;
#1453 = DIRECTION ( 'NONE',  ( 0.000000000000000000, 1.000000000000000000, 0.000000000000000000 ) ) ;
#1454 = CARTESIAN_POINT ( 'NONE',  ( 17.11411476945194821, 4.169999999999999929, 25.65515099297918056 ) ) ;
#1455 = CARTESIAN_POINT ( 'NONE',  ( 26.27898760532788813, 4.431292217824042368, 16.26427753762813566 ) ) ;
#1456 = DIRECTION ( 'NONE',  ( 0.000000000000000000, 0.000000000000000000, -1.000000000000000000 ) ) ;
#1457 = ORIENTED_EDGE ( 'NONE', *, *, #8197, .T. ) ;
#1458 = DIRECTION ( 'NONE',  ( 0.000000000000000000, 0.000000000000000000, -1.000000000000000000 ) ) ;
#1459 = EDGE_CURVE ( 'NONE', #7306, #133, #2991, .T. ) ;
#1460 = EDGE_CURVE ( 'NONE', #3935, #89, #1430, .T. ) ;
#1461 = DIRECTION ( 'NONE',  ( -0.9478283262025962719, -0.000000000000000000, 0.3187812165858973090 ) ) ;
#1462 = DIRECTION ( 'NONE',  ( 0.000000000000000000, 1.000000000000000000, 0.000000000000000000 ) ) ;
#1463 = LINE ( 'NONE', #6606, #6088 ) ;
#1464 = EDGE_LOOP ( 'NONE', ( #5805, #567, #3096, #6636, #5227, #528 ) ) ;
#1465 = DIRECTION ( 'NONE',  ( -0.000000000000000000, -1.000000000000000000, -0.000000000000000000 ) ) ;
#1466 = AXIS2_PLACEMENT_3D ( 'NONE', #2794, #6610, #7176 ) ;
#1467 = CARTESIAN_POINT ( 'NONE',  ( 28.41310023613267433, 4.194051307391704064, -14.30585555931312136 ) ) ;
#1468 = ORIENTED_EDGE ( 'NONE', *, *, #318, .F. ) ;
#1469 = EDGE_CURVE ( 'NONE', #620, #2760, #6893, .T. ) ;
#1470 = ORIENTED_EDGE ( 'NONE', *, *, #3237, .T. ) ;
#1471 = CARTESIAN_POINT ( 'NONE',  ( 0.000000000000000000, 4.169999999999999929, 0.000000000000000000 ) ) ;
#1472 = CARTESIAN_POINT ( 'NONE',  ( 21.76932090785952312, 4.649847419182727037, 11.82891209833576163 ) ) ;
#1473 = CARTESIAN_POINT ( 'NONE',  ( -28.41310023613304026, 0.000000000000000000, 14.30585555931276787 ) ) ;
#1474 = LINE ( 'NONE', #770, #7662 ) ;
#1475 = VECTOR ( 'NONE', #2307, 1000.000000000000000 ) ;
#1476 = ORIENTED_EDGE ( 'NONE', *, *, #6296, .F. ) ;
#1477 = CARTESIAN_POINT ( 'NONE',  ( 11.17045074767288426, 4.670000000000000817, -20.82868827107973431 ) ) ;
#1478 = EDGE_CURVE ( 'NONE', #6384, #1205, #1161, .T. ) ;
#1479 = VECTOR ( 'NONE', #2105, 1000.000000000000227 ) ;
#1480 = DIRECTION ( 'NONE',  ( -0.3187812165858970870, 0.000000000000000000, -0.9478283262025964939 ) ) ;
#1481 = CARTESIAN_POINT ( 'NONE',  ( -15.51453906012027062, 4.169999999999999929, 7.802622764334149252 ) ) ;
#1482 = B_SPLINE_CURVE_WITH_KNOTS ( 'NONE', 3,
 ( #501, #4326, #1673, #4284, #4373, #3721 ),
 .UNSPECIFIED., .F., .F.,
 ( 4, 2, 4 ),
 ( 0.000000000000000000, 0.0003908072650538767017, 0.0007816145301077534035 ),
 .UNSPECIFIED. ) ;
#1483 = CARTESIAN_POINT ( 'NONE',  ( 12.96637362588089637, 4.670000000000000817, 20.94651235872121475 ) ) ;
#1484 = ORIENTED_EDGE ( 'NONE', *, *, #1459, .T. ) ;
#1485 = AXIS2_PLACEMENT_3D ( 'NONE', #2495, #8329, #7073 ) ;
#1486 = DIRECTION ( 'NONE',  ( 0.8660254037844405950, -0.000000000000000000, 0.4999999999999967248 ) ) ;
#1487 = EDGE_LOOP ( 'NONE', ( #7276, #638, #1655, #6447, #212, #7271, #1263, #8161, #6502 ) ) ;
#1488 = VECTOR ( 'NONE', #3014, 1000.000000000000000 ) ;
#1489 = CIRCLE ( 'NONE', #2461, 1.499999999999997780 ) ;
#1490 = CARTESIAN_POINT ( 'NONE',  ( 14.79069255729953980, 4.615749189755436355, 27.14095567736225334 ) ) ;
#1491 = VERTEX_POINT ( 'NONE', #4363 ) ;
#1492 = LINE ( 'NONE', #6600, #1937 ) ;
#1493 = CARTESIAN_POINT ( 'NONE',  ( 27.24918328139936463, 4.169999999999999929, 14.57762276433424908 ) ) ;
#1494 = CARTESIAN_POINT ( 'NONE',  ( -27.24918328139942147, 4.169999999999999929, 14.57762276433412474 ) ) ;
#1495 = EDGE_CURVE ( 'NONE', #2033, #5103, #3755, .T. ) ;
#1496 = AXIS2_PLACEMENT_3D ( 'NONE', #4063, #6647, #7374 ) ;
#1497 = DIRECTION ( 'NONE',  ( 0.000000000000000000, 0.000000000000000000, 1.000000000000000000 ) ) ;
#1498 = CARTESIAN_POINT ( 'NONE',  ( -11.76331974752891796, 4.573863308493532287, 22.00077121316069650 ) ) ;
#1499 = LINE ( 'NONE', #6055, #6910 ) ;
#1500 = PLANE ( 'NONE',  #1502 ) ;
#1501 = DIRECTION ( 'NONE',  ( 0.000000000000000000, 1.000000000000000000, 0.000000000000000000 ) ) ;
#1502 = AXIS2_PLACEMENT_3D ( 'NONE', #2560, #727, #5878 ) ;
#1503 = ORIENTED_EDGE ( 'NONE', *, *, #3732, .F. ) ;
#1504 = PLANE ( 'NONE',  #4917 ) ;
#1505 = EDGE_CURVE ( 'NONE', #7871, #2194, #534, .T. ) ;
#1506 = PLANE ( 'NONE',  #4050 ) ;
#1507 = EDGE_CURVE ( 'NONE', #857, #1342, #7029, .T. ) ;
#1508 = VERTEX_POINT ( 'NONE', #1887 ) ;
#1509 =( GEOMETRIC_REPRESENTATION_CONTEXT ( 3 ) GLOBAL_UNCERTAINTY_ASSIGNED_CONTEXT ( ( #2530 ) ) GLOBAL_UNIT_ASSIGNED_CONTEXT ( ( #6872, #3097, #1178 ) ) REPRESENTATION_CONTEXT ( 'NONE', 'WORKASPACE' ) );
#1510 = LINE ( 'NONE', #2437, #2170 ) ;
#1511 = ORIENTED_EDGE ( 'NONE', *, *, #7958, .T. ) ;
#1512 = CARTESIAN_POINT ( 'NONE',  ( 0.000000000000000000, 4.169999999999999929, 0.000000000000000000 ) ) ;
#1513 = CARTESIAN_POINT ( 'NONE',  ( 0.2500000000001624256, 4.169999999999999929, -0.4330127018925085669 ) ) ;
#1514 = CARTESIAN_POINT ( 'NONE',  ( 2.318265519249508522, 4.670000000000000817, 11.48617637608389863 ) ) ;
#1515 = CIRCLE ( 'NONE', #7651, 18.39154951988265196 ) ;
#1516 = ADVANCED_FACE ( 'NONE', ( #3665, #3079, #580 ), #4953, .F. ) ;
#1517 = EDGE_LOOP ( 'NONE', ( #4750, #7439, #4208, #5367 ) ) ;
#1518 = CARTESIAN_POINT ( 'NONE',  ( 20.90152119364996608, -7.859999999999998543, 12.06749888762394463 ) ) ;
#1519 = DIRECTION ( 'NONE',  ( -0.8660254037844425934, 0.000000000000000000, -0.4999999999999931166 ) ) ;
#1520 = CARTESIAN_POINT ( 'NONE',  ( -17.11411476945176346, 4.670000000000000817, -25.65515099297929780 ) ) ;
#1521 = CYLINDRICAL_SURFACE ( 'NONE', #4382, 0.4999999999999999445 ) ;
#1522 = DIRECTION ( 'NONE',  ( 0.000000000000000000, 0.000000000000000000, 1.000000000000000000 ) ) ;
#1523 = EDGE_CURVE ( 'NONE', #1140, #6467, #6989, .T. ) ;
#1524 = ORIENTED_EDGE ( 'NONE', *, *, #3921, .T. ) ;
#1525 = AXIS2_PLACEMENT_3D ( 'NONE', #6663, #732, #2838 ) ;
#1526 = LINE ( 'NONE', #4138, #7324 ) ;
#1527 = VERTEX_POINT ( 'NONE', #6947 ) ;
#1528 = CARTESIAN_POINT ( 'NONE',  ( -27.64883365011752758, 4.670000000000000817, 13.66095511311933741 ) ) ;
#1529 = AXIS2_PLACEMENT_3D ( 'NONE', #4057, #166, #5356 ) ;
#1530 = DIRECTION ( 'NONE',  ( 0.9478283262025974931, 0.000000000000000000, 0.3187812165858939228 ) ) ;
#1531 = ORIENTED_EDGE ( 'NONE', *, *, #7748, .T. ) ;
#1532 = CARTESIAN_POINT ( 'NONE',  ( 0.000000000000000000, 4.670000000000000817, 0.000000000000000000 ) ) ;
#1533 = CARTESIAN_POINT ( 'NONE',  ( -7.003358473776136961, 4.670000000000000817, -14.83834026519626015 ) ) ;
#1534 = DIRECTION ( 'NONE',  ( 0.000000000000000000, 0.000000000000000000, 1.000000000000000000 ) ) ;
#1535 = DIRECTION ( 'NONE',  ( -0.8660254037844196118, 0.000000000000000000, 0.5000000000000328626 ) ) ;
#1536 = ORIENTED_EDGE ( 'NONE', *, *, #2179, .F. ) ;
#1537 = ADVANCED_FACE ( 'NONE', ( #5136 ), #8195, .F. ) ;
#1538 = LINE ( 'NONE', #6768, #3389 ) ;
#1539 = DIRECTION ( 'NONE',  ( 0.000000000000000000, 0.000000000000000000, 1.000000000000000000 ) ) ;
#1540 = CARTESIAN_POINT ( 'NONE',  ( -20.62836367312029751, 4.628020370232913017, -11.07786495945804006 ) ) ;
#1541 = ORIENTED_EDGE ( 'NONE', *, *, #7860, .T. ) ;
#1542 = CARTESIAN_POINT ( 'NONE',  ( -7.942841814093130282, 4.670000000000000817, 15.34319201611851291 ) ) ;
#1543 = CARTESIAN_POINT ( 'NONE',  ( -13.49690041550551101, 4.660558602901121006, 9.344342569907915674 ) ) ;
#1544 = CARTESIAN_POINT ( 'NONE',  ( -21.78522845297931099, 4.662192170321826090, -11.88677181116726267 ) ) ;
#1545 = VERTEX_POINT ( 'NONE', #1706 ) ;
#1546 = EDGE_CURVE ( 'NONE', #4424, #1911, #4316, .T. ) ;
#1547 = CARTESIAN_POINT ( 'NONE',  ( 17.11411476945194821, 4.169999999999999929, 25.65515099297918056 ) ) ;
#1548 = VERTEX_POINT ( 'NONE', #1119 ) ;
#1549 = FACE_OUTER_BOUND ( 'NONE', #4408, .T. ) ;
#1550 = LINE ( 'NONE', #4796, #6251 ) ;
#1551 = VECTOR ( 'NONE', #2363, 1000.000000000000000 ) ;
#1552 = DIRECTION ( 'NONE',  ( 0.000000000000000000, 0.000000000000000000, 1.000000000000000000 ) ) ;
#1553 = ORIENTED_EDGE ( 'NONE', *, *, #3713, .F. ) ;
#1554 = DIRECTION ( 'NONE',  ( 0.000000000000000000, 0.000000000000000000, 1.000000000000000000 ) ) ;
#1555 = ADVANCED_FACE ( 'NONE', ( #623 ), #2443, .F. ) ;
#1556 = FACE_OUTER_BOUND ( 'NONE', #2795, .T. ) ;
#1557 = EDGE_CURVE ( 'NONE', #8389, #7157, #2686, .T. ) ;
#1558 = PLANE ( 'NONE',  #7918 ) ;
#1559 = DIRECTION ( 'NONE',  ( 0.000000000000000000, 1.000000000000000000, 0.000000000000000000 ) ) ;
#1560 = ORIENTED_EDGE ( 'NONE', *, *, #7245, .F. ) ;
#1561 = CARTESIAN_POINT ( 'NONE',  ( 9.534673571902963829, 4.462893218813452911, 14.51453906012032213 ) ) ;
#1562 = EDGE_CURVE ( 'NONE', #3030, #6875, #1723, .T. ) ;
#1563 = ORIENTED_EDGE ( 'NONE', *, *, #7147, .F. ) ;
#1564 = DIRECTION ( 'NONE',  ( -0.000000000000000000, 1.000000000000000000, -0.000000000000000000 ) ) ;
#1565 = ORIENTED_EDGE ( 'NONE', *, *, #4288, .F. ) ;
#1566 = CARTESIAN_POINT ( 'NONE',  ( -12.95363122990406701, 4.662150145697624204, 21.07016681825926341 ) ) ;
#1567 = DIRECTION ( 'NONE',  ( 0.000000000000000000, 0.000000000000000000, 1.000000000000000000 ) ) ;
#1568 = FACE_OUTER_BOUND ( 'NONE', #5387, .T. ) ;
#1569 = LINE ( 'NONE', #2310, #7278 ) ;
#1570 = DIRECTION ( 'NONE',  ( -0.000000000000000000, -1.000000000000000000, -0.000000000000000000 ) ) ;
#1571 = CIRCLE ( 'NONE', #5950, 0.9000000000016876722 ) ;
#1572 = CARTESIAN_POINT ( 'NONE',  ( 17.37717236657703879, 4.333274416536222695, 26.64726836388994968 ) ) ;
#1573 = DIRECTION ( 'NONE',  ( 0.000000000000000000, 1.000000000000000000, 0.000000000000000000 ) ) ;
#1574 = CARTESIAN_POINT ( 'NONE',  ( -17.00006986093868733, 4.614985583748157261, -26.90002757646434972 ) ) ;
#1575 = CYLINDRICAL_SURFACE ( 'NONE', #6415, 1.000000000000000888 ) ;
#1576 = DIRECTION ( 'NONE',  ( 0.000000000000000000, -0.000000000000000000, 1.000000000000000000 ) ) ;
#1577 = ORIENTED_EDGE ( 'NONE', *, *, #234, .F. ) ;
#1578 = CARTESIAN_POINT ( 'NONE',  ( -11.23457843555735458, 4.670000000000000817, -20.55564443649902628 ) ) ;
#1579 = CARTESIAN_POINT ( 'NONE',  ( -13.21782464288135017, 4.465027379695382770, 9.704826454897395038 ) ) ;
#1580 = DIRECTION ( 'NONE',  ( -0.1978415312886127320, 0.000000000000000000, 0.9802340172108785499 ) ) ;
#1581 = AXIS2_PLACEMENT_3D ( 'NONE', #6069, #3600, #4131 ) ;
#1582 = EDGE_LOOP ( 'NONE', ( #4278, #13, #5079, #5205, #3894, #7049 ) ) ;
#1583 = CARTESIAN_POINT ( 'NONE',  ( 0.000000000000000000, 4.670000000000000817, 0.000000000000000000 ) ) ;
#1584 = CARTESIAN_POINT ( 'NONE',  ( -9.486000039694728159, 4.633361796401752386, 13.36898989568885554 ) ) ;
#1585 = CARTESIAN_POINT ( 'NONE',  ( -12.39212026871347128, 4.459267797770197106, -19.64123725407884535 ) ) ;
#1586 = AXIS2_PLACEMENT_3D ( 'NONE', #6248, #7709, #2482 ) ;
#1587 = VERTEX_POINT ( 'NONE', #5045 ) ;
#1588 = CARTESIAN_POINT ( 'NONE',  ( -21.29959526348839205, 4.670000000000000817, -12.87467732819488120 ) ) ;
#1589 = CARTESIAN_POINT ( 'NONE',  ( -21.07019389183310309, 4.662144464862892690, 12.95362416398258354 ) ) ;
#1590 = CARTESIAN_POINT ( 'NONE',  ( 0.000000000000000000, 4.670000000000000817, 0.000000000000000000 ) ) ;
#1591 = ORIENTED_EDGE ( 'NONE', *, *, #2849, .T. ) ;
#1592 = EDGE_CURVE ( 'NONE', #7674, #7818, #3477, .T. ) ;
#1593 = DIRECTION ( 'NONE',  ( 0.000000000000000000, 1.000000000000000000, 0.000000000000000000 ) ) ;
#1594 = VECTOR ( 'NONE', #5988, 1000.000000000000000 ) ;
#1595 = DIRECTION ( 'NONE',  ( -0.000000000000000000, -1.000000000000000000, -0.000000000000000000 ) ) ;
#1596 = CARTESIAN_POINT ( 'NONE',  ( 20.95018138672613972, 4.670000000000000817, -10.94089232481856122 ) ) ;
#1597 = VERTEX_POINT ( 'NONE', #2358 ) ;
#1598 = EDGE_CURVE ( 'NONE', #175, #1982, #2677, .T. ) ;
#1599 = EDGE_CURVE ( 'NONE', #3326, #5228, #6478, .T. ) ;
#1600 = ORIENTED_EDGE ( 'NONE', *, *, #1562, .T. ) ;
#1601 = VECTOR ( 'NONE', #2824, 1000.000000000000000 ) ;
#1602 = CARTESIAN_POINT ( 'NONE',  ( 9.007166899749455169, 4.670000000000000817, 14.60087070261887732 ) ) ;
#1603 = ORIENTED_EDGE ( 'NONE', *, *, #7901, .F. ) ;
#1604 = VECTOR ( 'NONE', #527, 1000.000000000000000 ) ;
#1605 = ORIENTED_EDGE ( 'NONE', *, *, #5179, .F. ) ;
#1606 = CARTESIAN_POINT ( 'NONE',  ( 20.94651235872332506, 4.670000000000000817, 12.96637362587748576 ) ) ;
#1607 = CARTESIAN_POINT ( 'NONE',  ( 20.90152119364827854, 0.000000000000000000, -12.96749888762856706 ) ) ;
#1608 = TOROIDAL_SURFACE ( 'NONE', #1910, 1.500000000000030420, 0.5000000000000000000 ) ;
#1609 = FACE_OUTER_BOUND ( 'NONE', #5358, .T. ) ;
#1610 = DIRECTION ( 'NONE',  ( 0.8660254037844348218, 0.000000000000000000, 0.5000000000000066613 ) ) ;
#1611 = CARTESIAN_POINT ( 'NONE',  ( 10.69066340616454269, 4.235407758176783943, -20.51677218609433950 ) ) ;
#1612 = ADVANCED_FACE ( 'NONE', ( #4444 ), #2399, .T. ) ;
#1613 = CARTESIAN_POINT ( 'NONE',  ( 20.90152119364827854, 4.670000000000000817, -12.06749888762685252 ) ) ;
#1614 = ORIENTED_EDGE ( 'NONE', *, *, #3703, .F. ) ;
#1615 = CARTESIAN_POINT ( 'NONE',  ( 25.07812044392483841, 0.000000000000000000, -1.689999999999826308 ) ) ;
#1616 = EDGE_LOOP ( 'NONE', ( #2682, #1746, #4817, #5823, #270 ) ) ;
#1617 = CARTESIAN_POINT ( 'NONE',  ( 0.000000000000000000, 4.670000000000000817, 0.000000000000000000 ) ) ;
#1618 = CARTESIAN_POINT ( 'NONE',  ( 0.000000000000000000, 4.670000000000000817, 0.000000000000000000 ) ) ;
#1619 = LINE ( 'NONE', #5559, #7770 ) ;
#1620 = ORIENTED_EDGE ( 'NONE', *, *, #4026, .F. ) ;
#1621 = CARTESIAN_POINT ( 'NONE',  ( -26.90141517483762357, 4.615499897991438338, 17.00646901907126818 ) ) ;
#1622 = CARTESIAN_POINT ( 'NONE',  ( -13.12827881868126845, 4.254642250389704117, 9.814463748651920838 ) ) ;
#1623 = DIRECTION ( 'NONE',  ( 0.000000000000000000, 0.000000000000000000, 1.000000000000000000 ) ) ;
#1624 = AXIS2_PLACEMENT_3D ( 'NONE', #6706, #7390, #2800 ) ;
#1625 = AXIS2_PLACEMENT_3D ( 'NONE', #8123, #256, #2834 ) ;
#1626 = EDGE_CURVE ( 'NONE', #473, #7521, #5016, .T. ) ;
#1627 = VERTEX_POINT ( 'NONE', #4653 ) ;
#1628 = B_SPLINE_CURVE_WITH_KNOTS ( 'NONE', 3,
 ( #7648, #3628, #8253, #1717, #2370, #7039 ),
 .UNSPECIFIED., .F., .F.,
 ( 4, 2, 4 ),
 ( -1.477143756511426341E-05, 0.0003797396612299050087, 0.0007742507600249242707 ),
 .UNSPECIFIED. ) ;
#1629 = DIRECTION ( 'NONE',  ( 0.000000000000000000, 0.000000000000000000, 1.000000000000000000 ) ) ;
#1630 = FACE_OUTER_BOUND ( 'NONE', #4234, .T. ) ;
#1631 = AXIS2_PLACEMENT_3D ( 'NONE', #6813, #2362, #2266 ) ;
#1632 = FACE_OUTER_BOUND ( 'NONE', #6861, .T. ) ;
#1633 = VERTEX_POINT ( 'NONE', #1325 ) ;
#1634 = CARTESIAN_POINT ( 'NONE',  ( -27.64883365011735350, 0.000000000000000000, -14.66095511311972466 ) ) ;
#1635 = CYLINDRICAL_SURFACE ( 'NONE', #294, 0.5000000000000000000 ) ;
#1636 = CARTESIAN_POINT ( 'NONE',  ( 19.53527633261122887, 4.298923624762751139, 12.41818777478788505 ) ) ;
#1637 = ORIENTED_EDGE ( 'NONE', *, *, #4685, .T. ) ;
#1638 = CARTESIAN_POINT ( 'NONE',  ( 14.51453906012028128, 4.169999999999999929, 9.534673571902997580 ) ) ;
#1639 = VECTOR ( 'NONE', #6292, 1000.000000000000000 ) ;
#1640 = DIRECTION ( 'NONE',  ( 0.000000000000000000, -0.000000000000000000, 1.000000000000000000 ) ) ;
#1641 = CARTESIAN_POINT ( 'NONE',  ( -6.841143550895979253, 4.622389748749159644, 14.89627928475519525 ) ) ;
#1642 = FACE_OUTER_BOUND ( 'NONE', #3655, .T. ) ;
#1643 = EDGE_CURVE ( 'NONE', #4723, #6164, #7853, .T. ) ;
#1644 = AXIS2_PLACEMENT_3D ( 'NONE', #1939, #1892, #5814 ) ;
#1645 = PLANE ( 'NONE',  #3560 ) ;
#1646 = ORIENTED_EDGE ( 'NONE', *, *, #2623, .T. ) ;
#1647 = B_SPLINE_CURVE_WITH_KNOTS ( 'NONE', 3,
 ( #2499, #1891, #3854, #6314 ),
 .UNSPECIFIED., .F., .F.,
 ( 4, 4 ),
 ( 0.0008524128465719206212, 0.001021256587831818278 ),
 .UNSPECIFIED. ) ;
#1648 = ORIENTED_EDGE ( 'NONE', *, *, #6981, .T. ) ;
#1649 = CARTESIAN_POINT ( 'NONE',  ( -7.802622764334155470, 4.670000000000000817, -15.51453906012026529 ) ) ;
#1650 = ORIENTED_EDGE ( 'NONE', *, *, #1698, .T. ) ;
#1651 = EDGE_CURVE ( 'NONE', #1709, #2033, #8058, .T. ) ;
#1652 = FACE_OUTER_BOUND ( 'NONE', #7469, .T. ) ;
#1653 = EDGE_CURVE ( 'NONE', #4460, #7763, #742, .T. ) ;
#1654 = AXIS2_PLACEMENT_3D ( 'NONE', #3363, #1559, #3480 ) ;
#1655 = ORIENTED_EDGE ( 'NONE', *, *, #7989, .T. ) ;
#1656 = CARTESIAN_POINT ( 'NONE',  ( -20.08823825474610203, 4.670000000000000817, 12.45294779642777350 ) ) ;
#1657 = FACE_OUTER_BOUND ( 'NONE', #6410, .T. ) ;
#1658 = DIRECTION ( 'NONE',  ( 0.000000000000000000, 1.000000000000000000, 0.000000000000000000 ) ) ;
#1659 = DIRECTION ( 'NONE',  ( 3.469446951953538853E-15, 0.000000000000000000, 1.000000000000000000 ) ) ;
#1660 = CARTESIAN_POINT ( 'NONE',  ( 12.06749888762580269, -7.859999999999998543, -20.90152119364944383 ) ) ;
#1661 = CARTESIAN_POINT ( 'NONE',  ( -28.37956506491200415, 4.329369290461546171, -14.37976215375824296 ) ) ;
#1662 = VECTOR ( 'NONE', #753, 999.9999999999998863 ) ;
#1663 = VERTEX_POINT ( 'NONE', #2654 ) ;
#1664 = DIRECTION ( 'NONE',  ( 0.000000000000000000, 0.000000000000000000, -1.000000000000000000 ) ) ;
#1665 = ORIENTED_EDGE ( 'NONE', *, *, #468, .F. ) ;
#1666 = CARTESIAN_POINT ( 'NONE',  ( -11.79575527663619106, 4.624213390368336007, 21.88695908182181782 ) ) ;
#1667 = CARTESIAN_POINT ( 'NONE',  ( 21.25031422186818020, 4.296427799499206834, 13.42357517473893402 ) ) ;
#1668 = ADVANCED_FACE ( 'NONE', ( #6512 ), #4036, .T. ) ;
#1669 = DIRECTION ( 'NONE',  ( 0.000000000000000000, 0.000000000000000000, -1.000000000000000000 ) ) ;
#1670 = ADVANCED_FACE ( 'NONE', ( #1407 ), #5409, .T. ) ;
#1671 = FACE_OUTER_BOUND ( 'NONE', #920, .T. ) ;
#1672 = VERTEX_POINT ( 'NONE', #1971 ) ;
#1673 = CARTESIAN_POINT ( 'NONE',  ( -27.22476184672174782, 4.431339364531985403, 14.62615092454270993 ) ) ;
#1674 = DIRECTION ( 'NONE',  ( 0.000000000000000000, 0.000000000000000000, 1.000000000000000000 ) ) ;
#1675 = CARTESIAN_POINT ( 'NONE',  ( 9.814463748651968800, 0.000000000000000000, 13.12827881868123470 ) ) ;
#1676 = ORIENTED_EDGE ( 'NONE', *, *, #7572, .T. ) ;
#1677 = ORIENTED_EDGE ( 'NONE', *, *, #3191, .F. ) ;
#1678 = B_SPLINE_CURVE_WITH_KNOTS ( 'NONE', 3,
 ( #8245, #5514, #4235, #5603, #330, #5554 ),
 .UNSPECIFIED., .F., .F.,
 ( 4, 2, 4 ),
 ( 0.0001930194709183765084, 0.0005663713981646867433, 0.0009397233254109969239 ),
 .UNSPECIFIED. ) ;
#1679 = DIRECTION ( 'NONE',  ( -0.000000000000000000, -1.000000000000000000, -0.000000000000000000 ) ) ;
#1680 = LINE ( 'NONE', #341, #4366 ) ;
#1681 = EDGE_CURVE ( 'NONE', #6986, #175, #7935, .T. ) ;
#1682 = VERTEX_POINT ( 'NONE', #1444 ) ;
#1683 = VERTEX_POINT ( 'NONE', #7200 ) ;
#1684 = CARTESIAN_POINT ( 'NONE',  ( -12.06749888762499268, -7.859999999999998543, -20.90152119364775274 ) ) ;
#1685 = DIRECTION ( 'NONE',  ( 0.000000000000000000, 0.000000000000000000, -1.000000000000000000 ) ) ;
#1686 = CARTESIAN_POINT ( 'NONE',  ( 11.17502439322281127, 4.670000000000343654, 20.77235687466409786 ) ) ;
#1687 = ORIENTED_EDGE ( 'NONE', *, *, #6972, .F. ) ;
#1688 = DIRECTION ( 'NONE',  ( 0.000000000000000000, 0.000000000000000000, 1.000000000000000000 ) ) ;
#1689 = AXIS2_PLACEMENT_3D ( 'NONE', #1704, #2492, #3037 ) ;
#1690 = DIRECTION ( 'NONE',  ( 0.000000000000000000, 0.000000000000000000, -1.000000000000000000 ) ) ;
#1691 = EDGE_CURVE ( 'NONE', #4039, #622, #6594, .T. ) ;
#1692 = FACE_OUTER_BOUND ( 'NONE', #1955, .T. ) ;
#1693 = AXIS2_PLACEMENT_3D ( 'NONE', #2450, #1804, #4415 ) ;
#1694 = CARTESIAN_POINT ( 'NONE',  ( -15.06371434019471600, 4.254655144284040347, 6.462191090617004363 ) ) ;
#1695 = DIRECTION ( 'NONE',  ( -0.000000000000000000, -1.000000000000000000, -0.000000000000000000 ) ) ;
#1696 = ORIENTED_EDGE ( 'NONE', *, *, #6245, .F. ) ;
#1697 = ORIENTED_EDGE ( 'NONE', *, *, #234, .T. ) ;
#1698 = EDGE_CURVE ( 'NONE', #5830, #1317, #3485, .T. ) ;
#1699 = CARTESIAN_POINT ( 'NONE',  ( 0.000000000000000000, 0.000000000000000000, 0.000000000000000000 ) ) ;
#1700 = ORIENTED_EDGE ( 'NONE', *, *, #1954, .T. ) ;
#1701 = DIRECTION ( 'NONE',  ( -0.000000000000000000, -1.000000000000000000, 0.000000000000000000 ) ) ;
#1702 = ORIENTED_EDGE ( 'NONE', *, *, #182, .F. ) ;
#1703 = PLANE ( 'NONE',  #968 ) ;
#1704 = CARTESIAN_POINT ( 'NONE',  ( 20.90152119364827854, 4.670000000000000817, -12.06749888762685252 ) ) ;
#1705 = CARTESIAN_POINT ( 'NONE',  ( -24.35665843275942066, 0.000000000000000000, 12.90762276433406797 ) ) ;
#1706 = CARTESIAN_POINT ( 'NONE',  ( -27.64883365011735350, 4.169999999999999929, -14.66095511311972466 ) ) ;
#1707 = EDGE_CURVE ( 'NONE', #7892, #2792, #4689, .T. ) ;
#1708 = DIRECTION ( 'NONE',  ( -0.000000000000000000, -1.000000000000000000, 0.000000000000000000 ) ) ;
#1709 = VERTEX_POINT ( 'NONE', #3328 ) ;
#1710 = CARTESIAN_POINT ( 'NONE',  ( -15.06371434019463784, 4.253892477001962824, -6.462191090617204203 ) ) ;
#1711 = DIRECTION ( 'NONE',  ( -0.8660254037844348218, 0.000000000000000000, -0.5000000000000066613 ) ) ;
#1712 = CARTESIAN_POINT ( 'NONE',  ( 25.65515099297911661, 4.169999999999999929, -17.11411476945202992 ) ) ;
#1713 = CARTESIAN_POINT ( 'NONE',  ( 11.19974067596996292, 4.652225243043219827, -20.66278350054821189 ) ) ;
#1714 = CARTESIAN_POINT ( 'NONE',  ( 25.65515099297911661, 4.670000000000000817, -17.11411476945202992 ) ) ;
#1715 = VERTEX_POINT ( 'NONE', #5307 ) ;
#1716 = DIRECTION ( 'NONE',  ( 0.000000000000000000, 1.000000000000000000, 0.000000000000000000 ) ) ;
#1717 = CARTESIAN_POINT ( 'NONE',  ( 26.27898760532763589, 4.431292217824007729, -16.26427753762803263 ) ) ;
#1718 = DIRECTION ( 'NONE',  ( 0.000000000000000000, 0.000000000000000000, 1.000000000000000000 ) ) ;
#1719 = ORIENTED_EDGE ( 'NONE', *, *, #7792, .T. ) ;
#1720 = EDGE_CURVE ( 'NONE', #3948, #7793, #1367, .T. ) ;
#1721 = ORIENTED_EDGE ( 'NONE', *, *, #8370, .F. ) ;
#1722 = EDGE_CURVE ( 'NONE', #5442, #2023, #7982, .T. ) ;
#1723 = CIRCLE ( 'NONE', #7427, 23.63499999999999801 ) ;
#1724 = LINE ( 'NONE', #6964, #7204 ) ;
#1725 = ORIENTED_EDGE ( 'NONE', *, *, #7308, .F. ) ;
#1726 = VERTEX_POINT ( 'NONE', #85 ) ;
#1727 = CARTESIAN_POINT ( 'NONE',  ( -13.66095511311924149, 4.670000000000000817, -27.64883365011757377 ) ) ;
#1728 = DIRECTION ( 'NONE',  ( -0.000000000000000000, -1.000000000000000000, -0.000000000000000000 ) ) ;
#1729 = CARTESIAN_POINT ( 'NONE',  ( 0.000000000000000000, 4.670000000000000817, 0.000000000000000000 ) ) ;
#1730 = ORIENTED_EDGE ( 'NONE', *, *, #6956, .F. ) ;
#1731 = DIRECTION ( 'NONE',  ( -0.000000000000000000, -1.000000000000000000, -0.000000000000000000 ) ) ;
#1732 = EDGE_CURVE ( 'NONE', #432, #28, #8412, .T. ) ;
#1733 = VERTEX_POINT ( 'NONE', #6630 ) ;
#1734 = AXIS2_PLACEMENT_3D ( 'NONE', #7394, #5454, #1640 ) ;
#1735 = CARTESIAN_POINT ( 'NONE',  ( -7.055889595467697006, 4.669999999999999929, 14.79608199095324217 ) ) ;
#1736 = LINE ( 'NONE', #2975, #306 ) ;
#1737 = B_SPLINE_CURVE_WITH_KNOTS ( 'NONE', 3,
 ( #6060, #2110, #6532, #105, #3308, #5912, #7952, #4708, #7304, #2145, #1467, #4070 ),
 .UNSPECIFIED., .F., .F.,
 ( 4, 2, 2, 2, 2, 4 ),
 ( 0.000000000000000000, 0.0005621150438073882396, 0.0008431725657110823594, 0.0009837013266629293651, 0.001053965707138855741, 0.001124230087614781900 ),
 .UNSPECIFIED. ) ;
#1738 = DIRECTION ( 'NONE',  ( 0.8660254037844707931, 0.000000000000000000, -0.4999999999999445444 ) ) ;
#1739 = CARTESIAN_POINT ( 'NONE',  ( 15.51453906012024575, 4.462893218813452911, 7.802622764334212313 ) ) ;
#1740 = CIRCLE ( 'NONE', #2705, 1.000000000000000888 ) ;
#1741 = ORIENTED_EDGE ( 'NONE', *, *, #6674, .T. ) ;
#1742 = DIRECTION ( 'NONE',  ( 0.000000000000000000, 0.000000000000000000, 1.000000000000000000 ) ) ;
#1743 = EDGE_CURVE ( 'NONE', #4269, #8322, #8407, .T. ) ;
#1744 = ORIENTED_EDGE ( 'NONE', *, *, #5907, .F. ) ;
#1745 = CARTESIAN_POINT ( 'NONE',  ( 15.25550955437526035, 0.000000000000000000, -9.385122817033071385 ) ) ;
#1746 = ORIENTED_EDGE ( 'NONE', *, *, #1681, .F. ) ;
#1747 = DIRECTION ( 'NONE',  ( 0.000000000000000000, 0.000000000000000000, -1.000000000000000000 ) ) ;
#1748 = CARTESIAN_POINT ( 'NONE',  ( 13.58068175890711871, 4.670000000000000817, 9.213072570521784854 ) ) ;
#1749 = ORIENTED_EDGE ( 'NONE', *, *, #5565, .F. ) ;
#1750 = DIRECTION ( 'NONE',  ( 0.3187812165858771030, 0.000000000000000000, -0.9478283262026030442 ) ) ;
#1751 = CARTESIAN_POINT ( 'NONE',  ( -11.17503467196684319, 4.670000000000021245, 20.77223027628200214 ) ) ;
#1752 = CARTESIAN_POINT ( 'NONE',  ( 17.11411476945192689, 4.670000000000000817, -25.65515099297916990 ) ) ;
#1753 = AXIS2_PLACEMENT_3D ( 'NONE', #3249, #7732, #7081 ) ;
#1754 = DIRECTION ( 'NONE',  ( 0.000000000000000000, 0.000000000000000000, 1.000000000000000000 ) ) ;
#1755 = ORIENTED_EDGE ( 'NONE', *, *, #87, .T. ) ;
#1756 = CARTESIAN_POINT ( 'NONE',  ( 14.57762276433414783, 4.169999999999999929, -27.24918328139941437 ) ) ;
#1757 = VECTOR ( 'NONE', #7063, 1000.000000000000000 ) ;
#1758 = CARTESIAN_POINT ( 'NONE',  ( -20.51677218609422937, 4.670000000000000817, -10.69066340616475230 ) ) ;
#1759 = CARTESIAN_POINT ( 'NONE',  ( 20.08823825474683034, 4.670000000000000817, -12.45294779642659400 ) ) ;
#1760 = AXIS2_PLACEMENT_3D ( 'NONE', #4107, #1570, #1458 ) ;
#1761 = CARTESIAN_POINT ( 'NONE',  ( -14.51453906012026884, 4.670000000000000817, -9.534673571903027778 ) ) ;
#1762 = EDGE_CURVE ( 'NONE', #3950, #7035, #517, .T. ) ;
#1763 = VERTEX_POINT ( 'NONE', #5537 ) ;
#1764 = DIRECTION ( 'NONE',  ( 0.000000000000000000, 0.000000000000000000, 1.000000000000000000 ) ) ;
#1765 = DIRECTION ( 'NONE',  ( 0.000000000000000000, 1.000000000000000000, 0.000000000000000000 ) ) ;
#1766 = LINE ( 'NONE', #4375, #3374 ) ;
#1767 = EDGE_LOOP ( 'NONE', ( #8025, #3137, #7809, #5804, #3965, #178 ) ) ;
#1768 = AXIS2_PLACEMENT_3D ( 'NONE', #1547, #958, #7468 ) ;
#1769 = CARTESIAN_POINT ( 'NONE',  ( 10.69066340616454092, 4.169999999999999929, 20.51677218609433950 ) ) ;
#1770 = ORIENTED_EDGE ( 'NONE', *, *, #3440, .T. ) ;
#1771 = AXIS2_PLACEMENT_3D ( 'NONE', #8171, #8304, #3098 ) ;
#1772 = VECTOR ( 'NONE', #7519, 1000.000000000000000 ) ;
#1773 = ORIENTED_EDGE ( 'NONE', *, *, #6539, .F. ) ;
#1774 = EDGE_CURVE ( 'NONE', #2454, #5782, #3483, .T. ) ;
#1775 = SURFACE_SIDE_STYLE ('',( #5019 ) ) ;
#1776 = DIRECTION ( 'NONE',  ( 0.000000000000000000, 0.000000000000000000, -1.000000000000000000 ) ) ;
#1777 = VERTEX_POINT ( 'NONE', #4217 ) ;
#1778 = FACE_OUTER_BOUND ( 'NONE', #7177, .T. ) ;
#1779 = CARTESIAN_POINT ( 'NONE',  ( -9.534673571903029554, 4.169999999999999929, 14.51453906012026707 ) ) ;
#1780 = AXIS2_PLACEMENT_3D ( 'NONE', #897, #2350, #6847 ) ;
#1781 = VECTOR ( 'NONE', #5683, 1000.000000000000000 ) ;
#1782 = CARTESIAN_POINT ( 'NONE',  ( 14.30585555931270569, 4.169999999999999929, 28.41310023613298341 ) ) ;
#1783 = CARTESIAN_POINT ( 'NONE',  ( 0.000000000000000000, 0.000000000000000000, 0.000000000000000000 ) ) ;
#1784 = EDGE_CURVE ( 'NONE', #4268, #4287, #6160, .T. ) ;
#1785 = CARTESIAN_POINT ( 'NONE',  ( 6.491969021626345260, 4.331550412367622727, 15.05138281189974592 ) ) ;
#1786 = CIRCLE ( 'NONE', #4776, 0.9000000000016876722 ) ;
#1787 = CIRCLE ( 'NONE', #7644, 1.000000000000042633 ) ;
#1788 = CARTESIAN_POINT ( 'NONE',  ( -13.66095511311962518, 4.670000000000000817, 27.64883365011740324 ) ) ;
#1789 = VERTEX_POINT ( 'NONE', #985 ) ;
#1790 = CARTESIAN_POINT ( 'NONE',  ( -11.69152436717025090, 4.169999999999999929, 22.25031422186807006 ) ) ;
#1791 = EDGE_LOOP ( 'NONE', ( #6353, #7591, #2466, #422, #5306, #6967, #5564, #5837, #3792, #5891, #2573, #1369, #7806, #7440, #1195, #2058, #4824, #96, #1884, #232, #5007, #6282, #8229, #4162, #5270, #2420, #2921, #8118 ) ) ;
#1792 = AXIS2_PLACEMENT_3D ( 'NONE', #49, #6519, #2627 ) ;
#1793 = CARTESIAN_POINT ( 'NONE',  ( -12.06749888762342060, 0.000000000000000000, 21.80152119364933938 ) ) ;
#1794 = ORIENTED_EDGE ( 'NONE', *, *, #5952, .F. ) ;
#1795 = PLANE ( 'NONE',  #956 ) ;
#1796 = FACE_OUTER_BOUND ( 'NONE', #3445, .T. ) ;
#1797 = ADVANCED_FACE ( 'NONE', ( #4315 ), #5597, .F. ) ;
#1798 = ORIENTED_EDGE ( 'NONE', *, *, #107, .T. ) ;
#1799 = PLANE ( 'NONE',  #7751 ) ;
#1800 = DIRECTION ( 'NONE',  ( 0.000000000000000000, 0.000000000000000000, 1.000000000000000000 ) ) ;
#1802 = CARTESIAN_POINT ( 'NONE',  ( -21.70246513433104951, 4.670000000000000817, -11.65702501040233230 ) ) ;
#1801 = CIRCLE ( 'NONE', #3293, 0.9000000000000084599 ) ;
#1803 = ORIENTED_EDGE ( 'NONE', *, *, #8258, .T. ) ;
#1804 = DIRECTION ( 'NONE',  ( 0.000000000000000000, 1.000000000000000000, 0.000000000000000000 ) ) ;
#1805 = CARTESIAN_POINT ( 'NONE',  ( 15.06371434019466626, 4.169999999999999929, -6.462191090617107392 ) ) ;
#1806 = VECTOR ( 'NONE', #5582, 999.9999999999998863 ) ;
#1807 = CARTESIAN_POINT ( 'NONE',  ( 26.59578445530140911, 4.194113219668985870, -17.45353882511039245 ) ) ;
#1808 = ADVANCED_FACE ( 'NONE', ( #4185, #5549, #1070 ), #2262, .F. ) ;
#1809 = AXIS2_PLACEMENT_3D ( 'NONE', #6891, #6305, #363 ) ;
#1810 = EDGE_LOOP ( 'NONE', ( #822, #1600, #2578, #5162, #3687, #6388 ) ) ;
#1811 = CARTESIAN_POINT ( 'NONE',  ( -14.76453906012027772, 4.169999999999999929, -9.101660870010812587 ) ) ;
#1812 = DIRECTION ( 'NONE',  ( 0.000000000000000000, 0.000000000000000000, 1.000000000000000000 ) ) ;
#1813 = CARTESIAN_POINT ( 'NONE',  ( -14.51453906012026884, 4.670000000000000817, -9.534673571903027778 ) ) ;
#1814 = ORIENTED_EDGE ( 'NONE', *, *, #6007, .T. ) ;
#1815 = AXIS2_PLACEMENT_3D ( 'NONE', #6192, #386, #2965 ) ;
#1816 = ADVANCED_FACE ( 'NONE', ( #2357 ), #4952, .T. ) ;
#1817 = DIRECTION ( 'NONE',  ( 0.000000000000000000, 0.000000000000000000, -1.000000000000000000 ) ) ;
#1818 = DIRECTION ( 'NONE',  ( -0.000000000000000000, 1.000000000000000000, -0.000000000000000000 ) ) ;
#1819 = ORIENTED_EDGE ( 'NONE', *, *, #2836, .T. ) ;
#1820 = ORIENTED_EDGE ( 'NONE', *, *, #2567, .T. ) ;
#1821 = CARTESIAN_POINT ( 'NONE',  ( 6.728925952921328779, 0.000000000000000000, -11.65484163083434233 ) ) ;
#1822 = ORIENTED_EDGE ( 'NONE', *, *, #7524, .F. ) ;
#1823 = CARTESIAN_POINT ( 'NONE',  ( 12.12453706906230799, 4.670000000000000817, -22.00031422186814822 ) ) ;
#1824 = EDGE_CURVE ( 'NONE', #622, #6980, #4996, .T. ) ;
#1825 = DIRECTION ( 'NONE',  ( -1.000000000000000000, 0.000000000000000000, -1.064377863494507932E-14 ) ) ;
#1826 = CARTESIAN_POINT ( 'NONE',  ( -13.02935805303696526, 4.670000000000000817, 9.324346740046477677 ) ) ;
#1827 = CARTESIAN_POINT ( 'NONE',  ( -1.690000000000259739, 2.669999999999999929, 25.07812044392480644 ) ) ;
#1828 = CARTESIAN_POINT ( 'NONE',  ( -6.462191090617162459, 2.669999999999999929, 15.06371434019465383 ) ) ;
#1829 = CARTESIAN_POINT ( 'NONE',  ( 6.599338937227450685, 4.466177145749655075, -15.01426974707650253 ) ) ;
#1830 = VERTEX_POINT ( 'NONE', #7544 ) ;
#1831 = CARTESIAN_POINT ( 'NONE',  ( 15.99902080799003201, 4.669999999999977724, -26.45082627711692780 ) ) ;
#1832 = ORIENTED_EDGE ( 'NONE', *, *, #559, .T. ) ;
#1833 = EDGE_CURVE ( 'NONE', #1663, #6766, #5723, .T. ) ;
#1834 = EDGE_CURVE ( 'NONE', #3155, #7302, #7372, .T. ) ;
#1835 = AXIS2_PLACEMENT_3D ( 'NONE', #3167, #6993, #1166 ) ;
#1836 = FACE_OUTER_BOUND ( 'NONE', #1276, .T. ) ;
#1837 = ORIENTED_EDGE ( 'NONE', *, *, #701, .T. ) ;
#1838 = CARTESIAN_POINT ( 'NONE',  ( 11.79575527663581980, 4.624213390368022480, -21.88695908182268468 ) ) ;
#1839 = B_SPLINE_CURVE_WITH_KNOTS ( 'NONE', 3,
 ( #3539, #8022, #8071, #2789, #4913, #6728, #6134, #1574, #2903, #2139 ),
 .UNSPECIFIED., .F., .F.,
 ( 4, 2, 2, 2, 4 ),
 ( 1.734723475976807094E-18, 0.0001376575940285462826, 0.0002753151880570908305, 0.0005506303761141861063, 0.001101260752228383055 ),
 .UNSPECIFIED. ) ;
#1840 = ORIENTED_EDGE ( 'NONE', *, *, #7472, .F. ) ;
#1841 = CYLINDRICAL_SURFACE ( 'NONE', #7681, 0.5000000000000000000 ) ;
#1842 = AXIS2_PLACEMENT_3D ( 'NONE', #1660, #8150, #800 ) ;
#1843 = CARTESIAN_POINT ( 'NONE',  ( -21.24371652342544792, 4.670000000000000817, 12.90223489955365466 ) ) ;
#1844 = ADVANCED_FACE ( 'NONE', ( #2820 ), #1318, .T. ) ;
#1845 = LINE ( 'NONE', #3290, #5319 ) ;
#1846 = ORIENTED_EDGE ( 'NONE', *, *, #1732, .T. ) ;
#1847 = CYLINDRICAL_SURFACE ( 'NONE', #3329, 23.13499999999999801 ) ;
#1848 = DIRECTION ( 'NONE',  ( 0.000000000000000000, 0.000000000000000000, 1.000000000000000000 ) ) ;
#1849 = VERTEX_POINT ( 'NONE', #8016 ) ;
#1850 = FACE_OUTER_BOUND ( 'NONE', #733, .T. ) ;
#1851 = ORIENTED_EDGE ( 'NONE', *, *, #6604, .T. ) ;
#1852 = LINE ( 'NONE', #6227, #6631 ) ;
#1853 = CARTESIAN_POINT ( 'NONE',  ( 6.462191090617059430, 4.670000000000000817, 15.06371434019469113 ) ) ;
#1854 = ORIENTED_EDGE ( 'NONE', *, *, #3373, .F. ) ;
#1855 = ORIENTED_EDGE ( 'NONE', *, *, #1856, .F. ) ;
#1856 = EDGE_CURVE ( 'NONE', #974, #6342, #1571, .T. ) ;
#1857 = CARTESIAN_POINT ( 'NONE',  ( 27.09729052274362715, 4.670000000000000817, 16.70152105077628235 ) ) ;
#1858 = B_SPLINE_CURVE_WITH_KNOTS ( 'NONE', 3,
 ( #8110, #284, #4859, #2940 ),
 .UNSPECIFIED., .F., .F.,
 ( 4, 4 ),
 ( 9.589639512080779481E-05, 0.0002648171892377910010 ),
 .UNSPECIFIED. ) ;
#1859 = VERTEX_POINT ( 'NONE', #2433 ) ;
#1860 = ORIENTED_EDGE ( 'NONE', *, *, #6327, .T. ) ;
#1861 = CARTESIAN_POINT ( 'NONE',  ( -21.76932090785388851, 4.649847419183963382, 11.82891209833730173 ) ) ;
#1862 = CARTESIAN_POINT ( 'NONE',  ( -14.57762276433433968, 2.669999999999999929, 27.24918328139931845 ) ) ;
#1863 = AXIS2_PLACEMENT_3D ( 'NONE', #1101, #8221, #1690 ) ;
#1864 = ORIENTED_EDGE ( 'NONE', *, *, #7138, .F. ) ;
#1865 = CARTESIAN_POINT ( 'NONE',  ( -20.90152119364589467, 4.670000000000000817, 12.06749888762551848 ) ) ;
#1866 = B_SPLINE_CURVE_WITH_KNOTS ( 'NONE', 3,
 ( #2746, #2898, #5511, #1455, #8109, #2819 ),
 .UNSPECIFIED., .F., .F.,
 ( 4, 2, 4 ),
 ( -1.477143756509632325E-05, 0.0003797396612299743434, 0.0007742507600250449424 ),
 .UNSPECIFIED. ) ;
#1867 = EDGE_LOOP ( 'NONE', ( #6748, #2055, #4876, #6303 ) ) ;
#1868 = CARTESIAN_POINT ( 'NONE',  ( 26.64325343207288554, 4.328076893724014163, 17.38529633803607055 ) ) ;
#1869 = DIRECTION ( 'NONE',  ( 0.000000000000000000, 1.000000000000000000, 0.000000000000000000 ) ) ;
#1870 = CIRCLE ( 'NONE', #5152, 23.13499999999999801 ) ;
#1871 = EDGE_CURVE ( 'NONE', #1205, #8279, #524, .T. ) ;
#1872 = DIRECTION ( 'NONE',  ( 0.000000000000000000, 0.000000000000000000, 1.000000000000000000 ) ) ;
#1873 = CARTESIAN_POINT ( 'NONE',  ( 20.01649461007552233, 4.663166634937288002, 12.24034261925215539 ) ) ;
#1874 = CARTESIAN_POINT ( 'NONE',  ( -14.57762276433404480, 4.670000000000000817, -27.24918328139946411 ) ) ;
#1875 = ORIENTED_EDGE ( 'NONE', *, *, #6839, .T. ) ;
#1876 = DIRECTION ( 'NONE',  ( -0.000000000000000000, 1.000000000000000000, -0.000000000000000000 ) ) ;
#1877 = EDGE_LOOP ( 'NONE', ( #82, #1240, #6471, #4664 ) ) ;
#1878 = CIRCLE ( 'NONE', #6616, 25.13500000000000512 ) ;
#1879 = CARTESIAN_POINT ( 'NONE',  ( 14.90115481157713795, 4.622811013901034549, 6.858652628463434375 ) ) ;
#1880 = VERTEX_POINT ( 'NONE', #8316 ) ;
#1881 = CARTESIAN_POINT ( 'NONE',  ( 19.78081797506029105, 0.000000000000000000, -11.99781085188174856 ) ) ;
#1882 = CARTESIAN_POINT ( 'NONE',  ( 13.25479131540016020, 4.514563080170342246, 9.653845722317619504 ) ) ;
#1883 = AXIS2_PLACEMENT_3D ( 'NONE', #2503, #5863, #6357 ) ;
#1884 = ORIENTED_EDGE ( 'NONE', *, *, #3773, .F. ) ;
#1885 = EDGE_CURVE ( 'NONE', #8279, #7813, #5812, .T. ) ;
#1886 = ORIENTED_EDGE ( 'NONE', *, *, #4595, .T. ) ;
#1887 = CARTESIAN_POINT ( 'NONE',  ( -1.690000000000259739, 2.669999999999999929, 25.07812044392480644 ) ) ;
#1888 = CYLINDRICAL_SURFACE ( 'NONE', #6382, 0.5000000000000002220 ) ;
#1889 = ORIENTED_EDGE ( 'NONE', *, *, #1523, .F. ) ;
#1890 = DIRECTION ( 'NONE',  ( 0.9802340172108735539, 0.000000000000000000, -0.1978415312886378508 ) ) ;
#1891 = CARTESIAN_POINT ( 'NONE',  ( -20.77223027628080487, 4.670000000000021245, -11.17503467197007083 ) ) ;
#1892 = DIRECTION ( 'NONE',  ( 0.000000000000000000, -0.000000000000000000, 1.000000000000000000 ) ) ;
#1893 = EDGE_CURVE ( 'NONE', #783, #4439, #4306, .T. ) ;
#1894 = ORIENTED_EDGE ( 'NONE', *, *, #7640, .T. ) ;
#1895 = CARTESIAN_POINT ( 'NONE',  ( 12.42271421373347984, 4.169999999999999929, 19.51677218609430398 ) ) ;
#1896 = CYLINDRICAL_SURFACE ( 'NONE', #3312, 0.9000000000012297052 ) ;
#1897 = LINE ( 'NONE', #3723, #7443 ) ;
#1898 = EDGE_LOOP ( 'NONE', ( #7017, #6799, #5351, #3828, #1324 ) ) ;
#1899 = AXIS2_PLACEMENT_3D ( 'NONE', #7239, #5415, #151 ) ;
#1900 = VECTOR ( 'NONE', #1595, 1000.000000000000000 ) ;
#1901 = VECTOR ( 'NONE', #2322, 1000.000000000000114 ) ;
#1902 = CARTESIAN_POINT ( 'NONE',  ( 11.71248733530566710, 4.670000000000007923, -21.73088889083822295 ) ) ;
#1903 = ORIENTED_EDGE ( 'NONE', *, *, #7536, .F. ) ;
#1904 = ORIENTED_EDGE ( 'NONE', *, *, #7076, .F. ) ;
#1905 = ORIENTED_EDGE ( 'NONE', *, *, #6553, .F. ) ;
#1906 = FACE_OUTER_BOUND ( 'NONE', #3863, .T. ) ;
#1907 = EDGE_CURVE ( 'NONE', #876, #6467, #5031, .T. ) ;
#1908 = CARTESIAN_POINT ( 'NONE',  ( 13.66095511311943511, 0.000000000000000000, -27.64883365011749561 ) ) ;
#1909 = AXIS2_PLACEMENT_3D ( 'NONE', #7395, #2120, #2085 ) ;
#1910 = AXIS2_PLACEMENT_3D ( 'NONE', #2577, #5093, #5186 ) ;
#1911 = VERTEX_POINT ( 'NONE', #5080 ) ;
#1912 = TOROIDAL_SURFACE ( 'NONE', #1624, 24.63500000000000512, 0.5000000000000000000 ) ;
#1913 = VECTOR ( 'NONE', #3818, 1000.000000000000000 ) ;
#1914 = DIRECTION ( 'NONE',  ( -0.000000000000000000, -1.000000000000000000, -0.000000000000000000 ) ) ;
#1915 = DIRECTION ( 'NONE',  ( 0.000000000000000000, -0.000000000000000000, 1.000000000000000000 ) ) ;
#1916 = LINE ( 'NONE', #3573, #4654 ) ;
#1917 = PLANE ( 'NONE',  #2352 ) ;
#1918 = EDGE_LOOP ( 'NONE', ( #6365, #6773, #6924, #1531, #3509, #7064, #7337, #1227, #278, #3241 ) ) ;
#1919 = FACE_OUTER_BOUND ( 'NONE', #7077, .T. ) ;
#1920 = CARTESIAN_POINT ( 'NONE',  ( 19.90789431114244223, 4.628020370232292180, -12.32575449969791492 ) ) ;
#1921 = AXIS2_PLACEMENT_3D ( 'NONE', #2104, #4702, #1535 ) ;
#1922 = VERTEX_POINT ( 'NONE', #5125 ) ;
#1923 = EDGE_CURVE ( 'NONE', #8416, #3845, #7018, .T. ) ;
#1924 = CARTESIAN_POINT ( 'NONE',  ( 0.000000000000000000, 2.669999999999999929, 0.000000000000000000 ) ) ;
#1925 = CARTESIAN_POINT ( 'NONE',  ( -15.51453906012019068, 4.462893218813453799, -7.802622764334315342 ) ) ;
#1926 = AXIS2_PLACEMENT_3D ( 'NONE', #5527, #3471, #4163 ) ;
#1927 = VERTEX_POINT ( 'NONE', #1790 ) ;
#1928 = ORIENTED_EDGE ( 'NONE', *, *, #2191, .T. ) ;
#1929 = CARTESIAN_POINT ( 'NONE',  ( -27.64883365011735350, 0.000000000000000000, -13.66095511311972466 ) ) ;
#1930 = DIRECTION ( 'NONE',  ( -0.9802340172108781058, 0.000000000000000000, -0.1978415312886143973 ) ) ;
#1931 = EDGE_CURVE ( 'NONE', #108, #2127, #7534, .T. ) ;
#1932 = EDGE_CURVE ( 'NONE', #1140, #2361, #1438, .T. ) ;
#1933 = ORIENTED_EDGE ( 'NONE', *, *, #7236, .T. ) ;
#1934 = FACE_OUTER_BOUND ( 'NONE', #8325, .T. ) ;
#1935 = DIRECTION ( 'NONE',  ( 0.000000000000000000, 1.000000000000000000, 0.000000000000000000 ) ) ;
#1936 = CIRCLE ( 'NONE', #8054, 12.90862149930206293 ) ;
#1937 = VECTOR ( 'NONE', #862, 1000.000000000000000 ) ;
#1938 = VERTEX_POINT ( 'NONE', #3654 ) ;
#1939 = CARTESIAN_POINT ( 'NONE',  ( -24.35665843275938869, 2.669999999999999929, 1.690000000000002833 ) ) ;
#1940 = ORIENTED_EDGE ( 'NONE', *, *, #7248, .T. ) ;
#1941 = FACE_OUTER_BOUND ( 'NONE', #4045, .T. ) ;
#1942 = CARTESIAN_POINT ( 'NONE',  ( 14.90648051375233329, 4.670000000000012363, -27.08153912195977142 ) ) ;
#1943 = ORIENTED_EDGE ( 'NONE', *, *, #6255, .T. ) ;
#1944 = EDGE_CURVE ( 'NONE', #5363, #4695, #5002, .T. ) ;
#1945 = CIRCLE ( 'NONE', #461, 1.000000000000000888 ) ;
#1946 = ADVANCED_FACE ( 'NONE', ( #614 ), #4476, .F. ) ;
#1947 = ORIENTED_EDGE ( 'NONE', *, *, #877, .F. ) ;
#1948 = ORIENTED_EDGE ( 'NONE', *, *, #3192, .T. ) ;
#1949 = ORIENTED_EDGE ( 'NONE', *, *, #1067, .T. ) ;
#1950 = DIRECTION ( 'NONE',  ( 0.9478283262025932743, 0.000000000000000000, 0.3187812165859060798 ) ) ;
#1951 = CARTESIAN_POINT ( 'NONE',  ( 20.51677218609433950, 0.000000000000000000, -10.69066340616453914 ) ) ;
#1952 = AXIS2_PLACEMENT_3D ( 'NONE', #1590, #7391, #919 ) ;
#1953 = VERTEX_POINT ( 'NONE', #8226 ) ;
#1954 = EDGE_CURVE ( 'NONE', #6944, #513, #4593, .T. ) ;
#1955 = EDGE_LOOP ( 'NONE', ( #7134, #4837, #585, #5468 ) ) ;
#1956 = VECTOR ( 'NONE', #303, 1000.000000000000114 ) ;
#1957 = CARTESIAN_POINT ( 'NONE',  ( 9.207162634049897321, 4.670000000000000817, -13.60996338006891371 ) ) ;
#1958 = CARTESIAN_POINT ( 'NONE',  ( 27.64883365011742811, 4.670000000000000817, -13.66095511311952748 ) ) ;
#1959 = CARTESIAN_POINT ( 'NONE',  ( 13.35550006447252258, 4.413147668295084536, 21.23354704571818274 ) ) ;
#1960 = DIRECTION ( 'NONE',  ( -0.000000000000000000, -1.000000000000000000, -0.000000000000000000 ) ) ;
#1961 = DIRECTION ( 'NONE',  ( 0.000000000000000000, 1.000000000000000000, 0.000000000000000000 ) ) ;
#1962 = ORIENTED_EDGE ( 'NONE', *, *, #4402, .T. ) ;
#1963 = LINE ( 'NONE', #3916, #254 ) ;
#1964 = FACE_OUTER_BOUND ( 'NONE', #5327, .T. ) ;
#1965 = ORIENTED_EDGE ( 'NONE', *, *, #5997, .F. ) ;
#1966 = CARTESIAN_POINT ( 'NONE',  ( 12.06749888762737655, 4.670000000000000817, 20.90152119364642047 ) ) ;
#1967 = DIRECTION ( 'NONE',  ( 0.000000000000000000, 1.000000000000000000, 0.000000000000000000 ) ) ;
#1968 = ORIENTED_EDGE ( 'NONE', *, *, #5840, .T. ) ;
#1969 = ORIENTED_EDGE ( 'NONE', *, *, #4075, .T. ) ;
#1970 = ADVANCED_FACE ( 'NONE', ( #5219 ), #648, .T. ) ;
#1971 = CARTESIAN_POINT ( 'NONE',  ( 20.00344712380643486, 4.670000000000000817, 12.12634585083966776 ) ) ;
#1972 = AXIS2_PLACEMENT_3D ( 'NONE', #5726, #5596, #1800 ) ;
#1973 = CARTESIAN_POINT ( 'NONE',  ( -14.62613208313598889, 4.431292217823987301, -27.22477132445042258 ) ) ;
#1974 = ORIENTED_EDGE ( 'NONE', *, *, #8031, .T. ) ;
#1975 = LINE ( 'NONE', #122, #6815 ) ;
#1976 = ORIENTED_EDGE ( 'NONE', *, *, #728, .T. ) ;
#1977 = LINE ( 'NONE', #7207, #3424 ) ;
#1978 = CARTESIAN_POINT ( 'NONE',  ( -26.59578445530214807, 0.000000000000000000, -17.45353882510841714 ) ) ;
#1979 = DIRECTION ( 'NONE',  ( -0.000000000000000000, -1.000000000000000000, -0.000000000000000000 ) ) ;
#1980 = EDGE_CURVE ( 'NONE', #5636, #7916, #2683, .T. ) ;
#1981 = LINE ( 'NONE', #7517, #7050 ) ;
#1982 = VERTEX_POINT ( 'NONE', #4640 ) ;
#1983 = B_SPLINE_CURVE_WITH_KNOTS ( 'NONE', 3,
 ( #863, #3533, #4103, #207, #2174, #4145 ),
 .UNSPECIFIED., .F., .F.,
 ( 4, 2, 4 ),
 ( 0.0001930194709252879720, 0.0005663713981681364577, 0.0009397233254109847809 ),
 .UNSPECIFIED. ) ;
#1984 = CARTESIAN_POINT ( 'NONE',  ( -19.51677218609426490, 4.169999999999999929, -12.42271421373352958 ) ) ;
#1985 = ORIENTED_EDGE ( 'NONE', *, *, #1446, .F. ) ;
#1986 = EDGE_LOOP ( 'NONE', ( #8190, #5507, #1854, #1280 ) ) ;
#1987 = CARTESIAN_POINT ( 'NONE',  ( 13.21912692527616073, 4.465367149682651693, -9.704313981725254834 ) ) ;
#1988 = ADVANCED_FACE ( 'NONE', ( #1919 ), #5259, .F. ) ;
#1989 = EDGE_CURVE ( 'NONE', #432, #4014, #1145, .T. ) ;
#1990 = ORIENTED_EDGE ( 'NONE', *, *, #1598, .T. ) ;
#1991 = ORIENTED_EDGE ( 'NONE', *, *, #1707, .F. ) ;
#1992 = CARTESIAN_POINT ( 'NONE',  ( -0.1058167759897411103, 0.000000000000000000, 0.1832800323074458559 ) ) ;
#1993 = CARTESIAN_POINT ( 'NONE',  ( -17.45353882510847399, 4.169999999999999929, 26.59578445530220847 ) ) ;
#1994 = CARTESIAN_POINT ( 'NONE',  ( -26.24918328139954937, 4.302146110896791775, 16.30967357190281319 ) ) ;
#1995 = LINE ( 'NONE', #6498, #4933 ) ;
#1996 = EDGE_CURVE ( 'NONE', #3724, #1663, #2007, .T. ) ;
#1997 = ORIENTED_EDGE ( 'NONE', *, *, #5097, .T. ) ;
#1998 = CARTESIAN_POINT ( 'NONE',  ( -14.51453906012035233, 4.169999999999999929, 9.534673571902905209 ) ) ;
#1999 = CYLINDRICAL_SURFACE ( 'NONE', #4152, 0.9000000000012973178 ) ;
#2000 = VERTEX_POINT ( 'NONE', #114 ) ;
#2001 = CARTESIAN_POINT ( 'NONE',  ( 12.87467732819738764, 4.670000000000000817, 21.29959526349283294 ) ) ;
#2002 = CARTESIAN_POINT ( 'NONE',  ( 20.90152119364827854, 4.670000000000000817, -12.06749888762685252 ) ) ;
#2003 = ORIENTED_EDGE ( 'NONE', *, *, #3359, .T. ) ;
#2004 = DIRECTION ( 'NONE',  ( 0.000000000000000000, 0.000000000000000000, 1.000000000000000000 ) ) ;
#2005 = ORIENTED_EDGE ( 'NONE', *, *, #3103, .F. ) ;
#2006 = EDGE_CURVE ( 'NONE', #2375, #4872, #1963, .T. ) ;
#2007 = CIRCLE ( 'NONE', #6745, 0.9000000000028429703 ) ;
#2008 = ORIENTED_EDGE ( 'NONE', *, *, #6691, .T. ) ;
#2009 = CARTESIAN_POINT ( 'NONE',  ( 22.18297585893565582, 4.413147668297265902, 11.71104112180814738 ) ) ;
#2010 = CARTESIAN_POINT ( 'NONE',  ( -14.51453906012035233, 2.669999999999999929, 9.534673571902905209 ) ) ;
#2011 = VERTEX_POINT ( 'NONE', #5297 ) ;
#2012 = CARTESIAN_POINT ( 'NONE',  ( 17.11411476945194821, 4.542371243354500265, 26.82147501673482637 ) ) ;
#2013 = EDGE_CURVE ( 'NONE', #694, #1777, #5839, .T. ) ;
#2014 = DIRECTION ( 'NONE',  ( 0.000000000000000000, -0.000000000000000000, 1.000000000000000000 ) ) ;
#2015 = CYLINDRICAL_SURFACE ( 'NONE', #2076, 0.4999999999999995004 ) ;
#2016 = ORIENTED_EDGE ( 'NONE', *, *, #843, .F. ) ;
#2017 = CARTESIAN_POINT ( 'NONE',  ( 7.182992714690578318, 4.670000000000000817, -14.77861842789655711 ) ) ;
#2018 =( BOUNDED_CURVE ( )  B_SPLINE_CURVE ( 3, ( #4259, #5024, #7617, #7529 ),
 .UNSPECIFIED., .F., .F. ) 
 B_SPLINE_CURVE_WITH_KNOTS ( ( 4, 4 ),
 ( 0.000000000000000000, 1.570796326794897002 ),
 .UNSPECIFIED. ) 
 CURVE ( )  GEOMETRIC_REPRESENTATION_ITEM ( )  RATIONAL_B_SPLINE_CURVE ( ( 1.000000000000000000, 0.8047378541243649375, 0.8047378541243649375, 1.000000000000000000 ) ) 
 REPRESENTATION_ITEM ( '' )  );
#2019 = CARTESIAN_POINT ( 'NONE',  ( -19.51677218609430398, 0.000000000000000000, 12.42271421373348339 ) ) ;
#2020 = DIRECTION ( 'NONE',  ( -0.8660254037844440367, 0.000000000000000000, -0.4999999999999906186 ) ) ;
#2021 = DIRECTION ( 'NONE',  ( 0.000000000000000000, 0.000000000000000000, 1.000000000000000000 ) ) ;
#2022 = CIRCLE ( 'NONE', #669, 1.500000000000025535 ) ;
#2023 = VERTEX_POINT ( 'NONE', #734 ) ;
#2024 = CARTESIAN_POINT ( 'NONE',  ( -14.57762276433434678, 4.169999999999999929, 27.24918328139932200 ) ) ;
#2025 = CARTESIAN_POINT ( 'NONE',  ( -20.00344712380366730, 4.670000000000000817, 12.12634585083821470 ) ) ;
#2026 = EDGE_CURVE ( 'NONE', #3891, #1260, #5010, .T. ) ;
#2027 = CIRCLE ( 'NONE', #3380, 0.9000000000012973178 ) ;
#2028 = CARTESIAN_POINT ( 'NONE',  ( -19.78804760606500679, 4.579182007012471800, -12.35573290100756871 ) ) ;
#2029 = EDGE_LOOP ( 'NONE', ( #6323, #2841, #2513, #3761, #841, #946 ) ) ;
#2030 = CARTESIAN_POINT ( 'NONE',  ( 13.35380174562972044, 4.594542826750662279, -9.535539968313692327 ) ) ;
#2031 = CARTESIAN_POINT ( 'NONE',  ( 0.000000000000000000, 4.670000000000000817, 0.000000000000000000 ) ) ;
#2032 = CARTESIAN_POINT ( 'NONE',  ( -25.07812044392482420, 2.669999999999999929, 1.690000000000002833 ) ) ;
#2033 = VERTEX_POINT ( 'NONE', #3320 ) ;
#2034 = CIRCLE ( 'NONE', #1072, 23.13499999999999801 ) ;
#2035 = ORIENTED_EDGE ( 'NONE', *, *, #4465, .F. ) ;
#2036 = CARTESIAN_POINT ( 'NONE',  ( 9.786628109638535022, 4.335720409393083230, -13.15216528260752149 ) ) ;
#2037 = EDGE_CURVE ( 'NONE', #1137, #1315, #3470, .T. ) ;
#2038 = CIRCLE ( 'NONE', #4624, 1.000000000000000888 ) ;
#2039 = AXIS2_PLACEMENT_3D ( 'NONE', #3599, #347, #2381 ) ;
#2040 = CARTESIAN_POINT ( 'NONE',  ( 0.000000000000000000, 4.670000000000000817, 0.000000000000000000 ) ) ;
#2041 = DIRECTION ( 'NONE',  ( -0.4999999999999445444, -0.000000000000000000, -0.8660254037844707931 ) ) ;
#2042 = VERTEX_POINT ( 'NONE', #7237 ) ;
#2043 = CARTESIAN_POINT ( 'NONE',  ( -12.29462508638669505, 4.652225243042994229, 20.03065169146218594 ) ) ;
#2044 = CARTESIAN_POINT ( 'NONE',  ( -20.90152119364589467, -7.859999999999998543, 12.06749888762551848 ) ) ;
#2045 = AXIS2_PLACEMENT_3D ( 'NONE', #2184, #4784, #1576 ) ;
#2046 = CARTESIAN_POINT ( 'NONE',  ( -28.28435535119341537, 4.492663175784939789, 14.57766787762159133 ) ) ;
#2047 = EDGE_CURVE ( 'NONE', #5538, #8349, #7109, .T. ) ;
#2048 = DIRECTION ( 'NONE',  ( 0.000000000000000000, 1.000000000000000000, 0.000000000000000000 ) ) ;
#2050 = ORIENTED_EDGE ( 'NONE', *, *, #2037, .F. ) ;
#2049 = CIRCLE ( 'NONE', #5455, 0.9000000000000014655 ) ;
#2051 = ORIENTED_EDGE ( 'NONE', *, *, #559, .F. ) ;
#2052 = CARTESIAN_POINT ( 'NONE',  ( 21.76932090785952312, 4.649847419182727037, 11.82891209833576163 ) ) ;
#2053 = CIRCLE ( 'NONE', #8179, 1.500000000000075939 ) ;
#2054 = EDGE_CURVE ( 'NONE', #1527, #7578, #1400, .T. ) ;
#2055 = ORIENTED_EDGE ( 'NONE', *, *, #392, .T. ) ;
#2056 = DIRECTION ( 'NONE',  ( 0.000000000000000000, 1.000000000000000000, 0.000000000000000000 ) ) ;
#2057 = DIRECTION ( 'NONE',  ( 0.000000000000000000, 1.000000000000000000, 0.000000000000000000 ) ) ;
#2058 = ORIENTED_EDGE ( 'NONE', *, *, #6674, .F. ) ;
#2059 = CARTESIAN_POINT ( 'NONE',  ( -1.689999999999922231, 0.000000000000000000, -23.07319061161676998 ) ) ;
#2060 = DIRECTION ( 'NONE',  ( 0.000000000000000000, 1.000000000000000000, -0.000000000000000000 ) ) ;
#2061 = DIRECTION ( 'NONE',  ( 0.000000000000000000, 0.000000000000000000, 1.000000000000000000 ) ) ;
#2062 = VECTOR ( 'NONE', #563, 1000.000000000000000 ) ;
#2063 = PRESENTATION_LAYER_ASSIGNMENT (  '', '', ( #2480 ) ) ;
#2064 = ORIENTED_EDGE ( 'NONE', *, *, #3316, .F. ) ;
#2065 = EDGE_CURVE ( 'NONE', #6185, #3032, #7027, .T. ) ;
#2066 = DIRECTION ( 'NONE',  ( 0.000000000000000000, 1.000000000000000000, 0.000000000000000000 ) ) ;
#2067 = AXIS2_PLACEMENT_3D ( 'NONE', #1080, #371, #2950 ) ;
#2068 = AXIS2_PLACEMENT_3D ( 'NONE', #5099, #5191, #4497 ) ;
#2069 = ORIENTED_EDGE ( 'NONE', *, *, #6581, .F. ) ;
#2070 = DIRECTION ( 'NONE',  ( 0.8660254037844393737, -0.000000000000000000, 0.4999999999999988898 ) ) ;
#2071 = B_SPLINE_CURVE_WITH_KNOTS ( 'NONE', 3,
 ( #3112, #5719, #8321, #6802, #977, #3569, #6162, #5540 ),
 .UNSPECIFIED., .F., .F.,
 ( 4, 2, 2, 4 ),
 ( 0.0001854542068645635548, 0.0005714495824173889717, 0.0007644472701937962862, 0.0009574449579702038176 ),
 .UNSPECIFIED. ) ;
#2072 = DIRECTION ( 'NONE',  ( -0.9478283262026123701, -0.000000000000000000, -0.3187812165858492919 ) ) ;
#2073 = CARTESIAN_POINT ( 'NONE',  ( -27.64883365011752758, 4.670000000000000817, 15.16095511311941380 ) ) ;
#2074 = VERTEX_POINT ( 'NONE', #3357 ) ;
#2075 = EDGE_CURVE ( 'NONE', #3232, #783, #6070, .T. ) ;
#2076 = AXIS2_PLACEMENT_3D ( 'NONE', #4016, #5970, #6045 ) ;
#2077 = ORIENTED_EDGE ( 'NONE', *, *, #7779, .F. ) ;
#2078 = DIRECTION ( 'NONE',  ( 0.000000000000000000, 0.000000000000000000, -1.000000000000000000 ) ) ;
#2079 = CARTESIAN_POINT ( 'NONE',  ( -11.69152436717009458, 4.670000000000000817, -22.25031422186815178 ) ) ;
#2080 = DIRECTION ( 'NONE',  ( 0.4999999999998913647, 0.000000000000000000, 0.8660254037845013242 ) ) ;
#2081 = ORIENTED_EDGE ( 'NONE', *, *, #5333, .T. ) ;
#2082 = EDGE_CURVE ( 'NONE', #4436, #4581, #5124, .T. ) ;
#2083 = DIRECTION ( 'NONE',  ( -0.5000000000000026645, 0.000000000000000000, -0.8660254037844372643 ) ) ;
#2084 = AXIS2_PLACEMENT_3D ( 'NONE', #6874, #2879, #8172 ) ;
#2085 = DIRECTION ( 'NONE',  ( 0.000000000000000000, 0.000000000000000000, 1.000000000000000000 ) ) ;
#2086 = DIRECTION ( 'NONE',  ( -0.000000000000000000, -1.000000000000000000, -0.000000000000000000 ) ) ;
#2087 = AXIS2_PLACEMENT_3D ( 'NONE', #325, #7980, #1610 ) ;
#2088 = CYLINDRICAL_SURFACE ( 'NONE', #5628, 12.87150456288244449 ) ;
#2089 = VERTEX_POINT ( 'NONE', #8089 ) ;
#2090 = EDGE_CURVE ( 'NONE', #4577, #1215, #655, .T. ) ;
#2091 = DIRECTION ( 'NONE',  ( 0.5000000000000026645, -0.000000000000000000, 0.8660254037844372643 ) ) ;
#2092 = ADVANCED_FACE ( 'NONE', ( #885 ), #4836, .T. ) ;
#2093 = CARTESIAN_POINT ( 'NONE',  ( 9.534673571902963829, 4.670000000000000817, 14.51453906012032036 ) ) ;
#2094 = ORIENTED_EDGE ( 'NONE', *, *, #400, .T. ) ;
#2095 = PLANE ( 'NONE',  #6717 ) ;
#2096 = CARTESIAN_POINT ( 'NONE',  ( -20.26677218609422582, 4.169999999999999929, -11.12367610805697282 ) ) ;
#2097 = ORIENTED_EDGE ( 'NONE', *, *, #7929, .F. ) ;
#2098 = CARTESIAN_POINT ( 'NONE',  ( 12.24023351868529375, 4.663188625685008581, 20.01646615621277192 ) ) ;
#2099 = CARTESIAN_POINT ( 'NONE',  ( 0.000000000000000000, 4.169999999999999929, 24.63500000000000512 ) ) ;
#2100 = DIRECTION ( 'NONE',  ( 0.000000000000000000, 1.000000000000000000, 0.000000000000000000 ) ) ;
#2101 = ADVANCED_FACE ( 'NONE', ( #2287 ), #4209, .F. ) ;
#2102 = ORIENTED_EDGE ( 'NONE', *, *, #511, .T. ) ;
#2103 = CARTESIAN_POINT ( 'NONE',  ( -7.802622764334260275, 0.000000000000000000, 15.51453906012021733 ) ) ;
#2104 = CARTESIAN_POINT ( 'NONE',  ( -19.51677218609430398, 2.669999999999999929, 12.42271421373348339 ) ) ;
#2105 = DIRECTION ( 'NONE',  ( 0.5000000000000054401, 0.000000000000000000, -0.8660254037844354880 ) ) ;
#2106 = VECTOR ( 'NONE', #3716, 1000.000000000000000 ) ;
#2107 = PLANE ( 'NONE',  #5990 ) ;
#2108 = VERTEX_POINT ( 'NONE', #2243 ) ;
#2109 = CARTESIAN_POINT ( 'NONE',  ( -17.11411476945210453, 0.000000000000000000, 25.65515099297905266 ) ) ;
#2110 = CARTESIAN_POINT ( 'NONE',  ( 28.02574294746106887, 4.670000000000001705, -14.96989890422228697 ) ) ;
#2111 = ADVANCED_FACE ( 'NONE', ( #7431 ), #966, .F. ) ;
#2112 = ORIENTED_EDGE ( 'NONE', *, *, #433, .T. ) ;
#2113 = EDGE_LOOP ( 'NONE', ( #4351, #6281, #2275, #5471 ) ) ;
#2114 = CARTESIAN_POINT ( 'NONE',  ( -20.01646615621419656, 4.663188625685112498, 12.24023351868528664 ) ) ;
#2115 = CARTESIAN_POINT ( 'NONE',  ( -23.07319061161676288, 2.669999999999999929, -1.689999999999996838 ) ) ;
#2116 = DIRECTION ( 'NONE',  ( 0.000000000000000000, 1.000000000000000000, 0.000000000000000000 ) ) ;
#2117 = DIRECTION ( 'NONE',  ( -0.000000000000000000, -1.000000000000000000, -0.000000000000000000 ) ) ;
#2118 = ORIENTED_EDGE ( 'NONE', *, *, #2576, .T. ) ;
#2119 = CARTESIAN_POINT ( 'NONE',  ( -10.69066340616455335, 0.000000000000000000, -20.51677218609433240 ) ) ;
#2120 = DIRECTION ( 'NONE',  ( 0.000000000000000000, 1.000000000000000000, 0.000000000000000000 ) ) ;
#2121 = DIRECTION ( 'NONE',  ( 0.8660254037844393737, -0.000000000000000000, 0.4999999999999986122 ) ) ;
#2122 = EDGE_CURVE ( 'NONE', #4150, #2390, #3559, .T. ) ;
#2123 = DIRECTION ( 'NONE',  ( -0.3187812165858770475, 0.000000000000000000, 0.9478283262026030442 ) ) ;
#2124 = EDGE_LOOP ( 'NONE', ( #7118, #4331 ) ) ;
#2125 = AXIS2_PLACEMENT_3D ( 'NONE', #5268, #3205, #2694 ) ;
#2126 = PLANE ( 'NONE',  #6421 ) ;
#2127 = VERTEX_POINT ( 'NONE', #2842 ) ;
#2128 = EDGE_CURVE ( 'NONE', #4918, #3690, #6151, .T. ) ;
#2129 = CARTESIAN_POINT ( 'NONE',  ( -20.03065169146244529, 4.652225243043055514, -12.29462508638669860 ) ) ;
#2130 = EDGE_CURVE ( 'NONE', #1733, #3131, #7749, .T. ) ;
#2131 = ORIENTED_EDGE ( 'NONE', *, *, #2128, .F. ) ;
#2132 = CARTESIAN_POINT ( 'NONE',  ( 20.90152119364996608, 4.670000000000000817, 12.06749888762394463 ) ) ;
#2133 = DIRECTION ( 'NONE',  ( -0.000000000000000000, -1.000000000000000000, -0.000000000000000000 ) ) ;
#2134 = LINE ( 'NONE', #4731, #3867 ) ;
#2135 = CYLINDRICAL_SURFACE ( 'NONE', #4474, 23.13499999999999801 ) ;
#2136 = FACE_OUTER_BOUND ( 'NONE', #8220, .T. ) ;
#2137 = CARTESIAN_POINT ( 'NONE',  ( -12.29462508638728480, 4.652225243043961456, -20.03065169146199054 ) ) ;
#2138 = EDGE_LOOP ( 'NONE', ( #304, #2330, #7383, #4864, #4428 ) ) ;
#2139 = CARTESIAN_POINT ( 'NONE',  ( -16.69466412678011835, 4.670000000000000817, -27.09531110850893754 ) ) ;
#2140 = CARTESIAN_POINT ( 'NONE',  ( -17.25488210192938610, 4.463240959384922490, 26.73761833482786088 ) ) ;
#2141 = EDGE_CURVE ( 'NONE', #5212, #7080, #3074, .T. ) ;
#2142 = CARTESIAN_POINT ( 'NONE',  ( -13.12827881868112634, 4.670000000000000817, -9.814463748652093145 ) ) ;
#2143 = ORIENTED_EDGE ( 'NONE', *, *, #2557, .T. ) ;
#2144 = FACE_OUTER_BOUND ( 'NONE', #508, .T. ) ;
#2145 = CARTESIAN_POINT ( 'NONE',  ( 28.40769462039108362, 4.216698786067318849, -14.31509860812453816 ) ) ;
#2146 = ORIENTED_EDGE ( 'NONE', *, *, #4828, .F. ) ;
#2147 = AXIS2_PLACEMENT_3D ( 'NONE', #3843, #6942, #3794 ) ;
#2148 = ORIENTED_EDGE ( 'NONE', *, *, #4330, .T. ) ;
#2149 = CARTESIAN_POINT ( 'NONE',  ( 13.02935805303689243, 4.169999999999999929, 9.324346740046559390 ) ) ;
#2150 = EDGE_CURVE ( 'NONE', #4305, #1, #1870, .T. ) ;
#2151 = EDGE_LOOP ( 'NONE', ( #3216, #8286, #4514, #6884 ) ) ;
#2152 = DIRECTION ( 'NONE',  ( -0.000000000000000000, -1.000000000000000000, -0.000000000000000000 ) ) ;
#2153 = CARTESIAN_POINT ( 'NONE',  ( 0.000000000000000000, 4.670000000000000817, 0.000000000000000000 ) ) ;
#2154 = LINE ( 'NONE', #1514, #6560 ) ;
#2155 = AXIS2_PLACEMENT_3D ( 'NONE', #7594, #1167, #5605 ) ;
#2156 = AXIS2_PLACEMENT_3D ( 'NONE', #3722, #6318, #1812 ) ;
#2157 = ORIENTED_EDGE ( 'NONE', *, *, #1312, .F. ) ;
#2158 = DIRECTION ( 'NONE',  ( 0.000000000000000000, 0.000000000000000000, 1.000000000000000000 ) ) ;
#2159 = DIRECTION ( 'NONE',  ( -0.8660254037844390407, 0.000000000000000000, -0.4999999999999992784 ) ) ;
#2160 = TOROIDAL_SURFACE ( 'NONE', #818, 1.499999999999999112, 0.5000000000000000000 ) ;
#2161 = PLANE ( 'NONE',  #555 ) ;
#2162 = FACE_OUTER_BOUND ( 'NONE', #4175, .T. ) ;
#2163 = VERTEX_POINT ( 'NONE', #7393 ) ;
#2164 = EDGE_LOOP ( 'NONE', ( #3045, #3390, #3686, #5617 ) ) ;
#2165 = VECTOR ( 'NONE', #2756, 999.9999999999998863 ) ;
#2166 = EDGE_CURVE ( 'NONE', #1597, #4872, #780, .T. ) ;
#2167 = DIRECTION ( 'NONE',  ( 0.4999999999999967248, 0.000000000000000000, -0.8660254037844405950 ) ) ;
#2168 = ORIENTED_EDGE ( 'NONE', *, *, #2166, .F. ) ;
#2169 = CIRCLE ( 'NONE', #5730, 25.13500000000000512 ) ;
#2170 = VECTOR ( 'NONE', #7021, 1000.000000000000000 ) ;
#2171 = CARTESIAN_POINT ( 'NONE',  ( 14.58980017709336785, 4.169999999999999929, -6.621581698910054214 ) ) ;
#2172 = ORIENTED_EDGE ( 'NONE', *, *, #5181, .T. ) ;
#2173 = CARTESIAN_POINT ( 'NONE',  ( -21.70246513433104951, 4.670000000000000817, -11.65702501040233230 ) ) ;
#2174 = CARTESIAN_POINT ( 'NONE',  ( -13.42357517473897133, 4.296427799498239608, -21.25031422186815178 ) ) ;
#2175 = FACE_OUTER_BOUND ( 'NONE', #7969, .T. ) ;
#2176 = DIRECTION ( 'NONE',  ( -0.000000000000000000, -1.000000000000000000, -0.000000000000000000 ) ) ;
#2177 = EDGE_CURVE ( 'NONE', #3183, #4031, #2942, .T. ) ;
#2178 = CIRCLE ( 'NONE', #4091, 1.500000000000084599 ) ;
#2179 = EDGE_CURVE ( 'NONE', #6461, #5647, #191, .T. ) ;
#2180 = LINE ( 'NONE', #7867, #3271 ) ;
#2181 = ORIENTED_EDGE ( 'NONE', *, *, #138, .F. ) ;
#2182 = CARTESIAN_POINT ( 'NONE',  ( -13.42357517473897310, 0.000000000000000000, -21.25031422186815178 ) ) ;
#2183 = DIRECTION ( 'NONE',  ( -3.306126646384361112E-15, -0.000000000000000000, 1.000000000000000000 ) ) ;
#2184 = CARTESIAN_POINT ( 'NONE',  ( 0.000000000000000000, 2.669999999999999929, 0.000000000000000000 ) ) ;
#2185 = TOROIDAL_SURFACE ( 'NONE', #703, 23.63499999999999801, 0.5000000000000000000 ) ;
#2186 = VERTEX_POINT ( 'NONE', #2770 ) ;
#2187 = FACE_OUTER_BOUND ( 'NONE', #957, .T. ) ;
#2188 = CARTESIAN_POINT ( 'NONE',  ( -7.802622764334155470, 0.000000000000000000, -15.51453906012026529 ) ) ;
#2189 = ORIENTED_EDGE ( 'NONE', *, *, #1507, .T. ) ;
#2190 = EDGE_CURVE ( 'NONE', #1587, #4768, #7963, .T. ) ;
#2191 = EDGE_CURVE ( 'NONE', #5858, #6266, #228, .T. ) ;
#2192 = CIRCLE ( 'NONE', #7637, 1.500000000000070610 ) ;
#2193 = DIRECTION ( 'NONE',  ( -0.8660254037844371533, 0.000000000000000000, -0.5000000000000027756 ) ) ;
#2194 = VERTEX_POINT ( 'NONE', #7313 ) ;
#2195 = CARTESIAN_POINT ( 'NONE',  ( 20.51677218609434306, 4.670000000000000817, 10.69066340616454802 ) ) ;
#2196 = CARTESIAN_POINT ( 'NONE',  ( -4.121320747478347535, 4.670000000000000817, 2.379445642973405217 ) ) ;
#2197 = CYLINDRICAL_SURFACE ( 'NONE', #1952, 25.13500000000000512 ) ;
#2198 = AXIS2_PLACEMENT_3D ( 'NONE', #1411, #3930, #825 ) ;
#2199 = VERTEX_POINT ( 'NONE', #1477 ) ;
#2200 = EDGE_CURVE ( 'NONE', #4882, #5544, #1327, .T. ) ;
#2201 = CARTESIAN_POINT ( 'NONE',  ( 0.000000000000000000, 4.670000000000000817, 0.000000000000000000 ) ) ;
#2202 = VECTOR ( 'NONE', #3697, 1000.000000000000114 ) ;
#2203 = FACE_OUTER_BOUND ( 'NONE', #1582, .T. ) ;
#2204 = VECTOR ( 'NONE', #2183, 1000.000000000000000 ) ;
#2205 = DIRECTION ( 'NONE',  ( 0.000000000000000000, 1.000000000000000000, 0.000000000000000000 ) ) ;
#2206 = DIRECTION ( 'NONE',  ( -0.000000000000000000, -1.000000000000000000, -0.000000000000000000 ) ) ;
#2207 = ORIENTED_EDGE ( 'NONE', *, *, #350, .F. ) ;
#2208 = DIRECTION ( 'NONE',  ( 0.000000000000000000, 1.000000000000000000, 0.000000000000000000 ) ) ;
#2209 = CIRCLE ( 'NONE', #2084, 0.9000000000028429703 ) ;
#2210 = EDGE_CURVE ( 'NONE', #4728, #8074, #8049, .T. ) ;
#2211 = ORIENTED_EDGE ( 'NONE', *, *, #1077, .T. ) ;
#2212 = DIRECTION ( 'NONE',  ( 0.000000000000000000, 0.000000000000000000, 1.000000000000000000 ) ) ;
#2213 = EDGE_CURVE ( 'NONE', #4150, #6414, #2880, .T. ) ;
#2214 = EDGE_LOOP ( 'NONE', ( #6359, #1803, #7693, #60 ) ) ;
#2215 = DIRECTION ( 'NONE',  ( -0.3187812165858947000, -0.000000000000000000, -0.9478283262025970490 ) ) ;
#2216 = CARTESIAN_POINT ( 'NONE',  ( -9.044556563297589946, 4.670000000000000817, 14.41561829447596033 ) ) ;
#2217 = CARTESIAN_POINT ( 'NONE',  ( -8.141141495965083408, 4.670000000000000817, -15.10087070261880449 ) ) ;
#2218 = CARTESIAN_POINT ( 'NONE',  ( -26.72334945647615001, 4.445907774358971665, -17.27400797135012311 ) ) ;
#2219 = DIRECTION ( 'NONE',  ( -0.000000000000000000, -1.000000000000000000, -0.000000000000000000 ) ) ;
#2220 = ORIENTED_EDGE ( 'NONE', *, *, #2947, .T. ) ;
#2221 = DIRECTION ( 'NONE',  ( 0.000000000000000000, 1.000000000000000000, 0.000000000000000000 ) ) ;
#2222 = CARTESIAN_POINT ( 'NONE',  ( 21.25031422186818020, 4.169999999999999929, 13.42357517473893225 ) ) ;
#2223 = DIRECTION ( 'NONE',  ( -0.9478283262026009348, 0.000000000000000000, 0.3187812165858835423 ) ) ;
#2224 = FACE_OUTER_BOUND ( 'NONE', #7487, .T. ) ;
#2225 = EDGE_CURVE ( 'NONE', #4475, #5569, #8131, .T. ) ;
#2226 = ORIENTED_EDGE ( 'NONE', *, *, #4266, .T. ) ;
#2227 = CARTESIAN_POINT ( 'NONE',  ( 11.98970151184127175, 4.169999999999999929, 19.76677218609431463 ) ) ;
#2228 = DIRECTION ( 'NONE',  ( -0.4999999999999988898, 0.000000000000000000, 0.8660254037844393737 ) ) ;
#2229 = B_SPLINE_CURVE_WITH_KNOTS ( 'NONE', 3,
 ( #290, #334, #6090, #2951 ),
 .UNSPECIFIED., .F., .F.,
 ( 4, 4 ),
 ( 0.0003136697347696539018, 0.0004831740570703359303 ),
 .UNSPECIFIED. ) ;
#2230 = ORIENTED_EDGE ( 'NONE', *, *, #1592, .T. ) ;
#2231 = AXIS2_PLACEMENT_3D ( 'NONE', #5220, #689, #76 ) ;
#2232 = CARTESIAN_POINT ( 'NONE',  ( -9.709857663197258404, 4.461355451119801252, 13.20616994825918944 ) ) ;
#2233 = CARTESIAN_POINT ( 'NONE',  ( -25.65515099297898871, 4.670000000000000817, -17.11411476945219334 ) ) ;
#2234 = EDGE_CURVE ( 'NONE', #2367, #5753, #3919, .T. ) ;
#2235 = VERTEX_POINT ( 'NONE', #923 ) ;
#2236 = B_SPLINE_CURVE_WITH_KNOTS ( 'NONE', 3,
 ( #6085, #6640, #4857, #282 ),
 .UNSPECIFIED., .F., .F.,
 ( 4, 4 ),
 ( 0.0008524128465719675671, 0.001021256587833971503 ),
 .UNSPECIFIED. ) ;
#2237 = ADVANCED_FACE ( 'NONE', ( #886 ), #308, .T. ) ;
#2238 = DIRECTION ( 'NONE',  ( -0.000000000000000000, -1.000000000000000000, -0.000000000000000000 ) ) ;
#2239 = DIRECTION ( 'NONE',  ( 0.000000000000000000, 0.000000000000000000, 1.000000000000000000 ) ) ;
#2240 = VECTOR ( 'NONE', #3577, 999.9999999999998863 ) ;
#2241 = DIRECTION ( 'NONE',  ( -0.5000000000000229816, 0.000000000000000000, -0.8660254037844252739 ) ) ;
#2242 = ORIENTED_EDGE ( 'NONE', *, *, #8020, .F. ) ;
#2243 = CARTESIAN_POINT ( 'NONE',  ( 21.25031422186811980, 0.000000000000000000, -13.42357517473902107 ) ) ;
#2244 = ORIENTED_EDGE ( 'NONE', *, *, #2817, .T. ) ;
#2245 = LINE ( 'NONE', #4839, #3798 ) ;
#2246 = DIRECTION ( 'NONE',  ( 0.8660254037844387076, 0.000000000000000000, -0.4999999999999998335 ) ) ;
#2247 = ADVANCED_FACE ( 'NONE', ( #8130 ), #4757, .T. ) ;
#2248 = CARTESIAN_POINT ( 'NONE',  ( -15.01357768696152206, 4.465066003601158684, 6.594461148776050941 ) ) ;
#2249 = DIRECTION ( 'NONE',  ( 0.000000000000000000, 0.000000000000000000, 1.000000000000000000 ) ) ;
#2250 = VERTEX_POINT ( 'NONE', #6196 ) ;
#2251 = ORIENTED_EDGE ( 'NONE', *, *, #5075, .F. ) ;
#2252 = CARTESIAN_POINT ( 'NONE',  ( -25.65515099297923740, 4.169999999999999929, 17.11411476945184873 ) ) ;
#2253 = EDGE_LOOP ( 'NONE', ( #2146, #255, #4980, #2353, #3336, #5783, #2966, #6470, #7155, #4539 ) ) ;
#2254 = CARTESIAN_POINT ( 'NONE',  ( 14.55029879730513187, 4.670000000000000817, -9.316173154054725458 ) ) ;
#2255 = B_SPLINE_CURVE_WITH_KNOTS ( 'NONE', 3,
 ( #2661, #5896, #90, #5272 ),
 .UNSPECIFIED., .F., .F.,
 ( 4, 4 ),
 ( 0.0002302718042592201127, 0.0004006657018485690900 ),
 .UNSPECIFIED. ) ;
#2256 = CARTESIAN_POINT ( 'NONE',  ( -27.64883365011735350, 4.670000000000000817, -13.66095511311972466 ) ) ;
#2257 = ADVANCED_FACE ( 'NONE', ( #5499 ), #2289, .T. ) ;
#2258 = ORIENTED_EDGE ( 'NONE', *, *, #8233, .F. ) ;
#2259 = CARTESIAN_POINT ( 'NONE',  ( -20.66278350054735924, 4.652225243043044856, -11.19974067597114242 ) ) ;
#2260 = VECTOR ( 'NONE', #941, 1000.000000000000114 ) ;
#2261 = CARTESIAN_POINT ( 'NONE',  ( -24.35665843275925013, 0.000000000000000000, -12.90762276433440370 ) ) ;
#2262 = PLANE ( 'NONE',  #1185 ) ;
#2263 = CARTESIAN_POINT ( 'NONE',  ( -26.90294536878638709, 4.616105774188349997, -17.01387644110038622 ) ) ;
#2264 = CARTESIAN_POINT ( 'NONE',  ( -28.41310023613407765, 4.169999999999999929, -14.30585555931155461 ) ) ;
#2265 = VECTOR ( 'NONE', #7579, 1000.000000000000000 ) ;
#2266 = DIRECTION ( 'NONE',  ( 0.000000000000000000, 0.000000000000000000, -1.000000000000000000 ) ) ;
#2267 = ORIENTED_EDGE ( 'NONE', *, *, #7572, .F. ) ;
#2268 = CARTESIAN_POINT ( 'NONE',  ( -26.99918328139946766, 4.670000000000000817, 15.01063546622628841 ) ) ;
#2269 = DIRECTION ( 'NONE',  ( 0.000000000000000000, 1.000000000000000000, 0.000000000000000000 ) ) ;
#2270 = CARTESIAN_POINT ( 'NONE',  ( -13.42357517473899975, 4.169999999999999929, 21.25031422186813046 ) ) ;
#2271 = CARTESIAN_POINT ( 'NONE',  ( 7.802622764334147476, 4.670000000000000817, 15.51453906012027062 ) ) ;
#2272 = EDGE_LOOP ( 'NONE', ( #804, #4384, #7515, #861 ) ) ;
#2273 = DIRECTION ( 'NONE',  ( 0.000000000000000000, 0.000000000000000000, -1.000000000000000000 ) ) ;
#2274 = DIRECTION ( 'NONE',  ( -0.000000000000000000, -1.000000000000000000, -0.000000000000000000 ) ) ;
#2275 = ORIENTED_EDGE ( 'NONE', *, *, #6427, .F. ) ;
#2276 = B_SPLINE_CURVE_WITH_KNOTS ( 'NONE', 3,
 ( #1895, #1332, #3936, #710, #3296, #5903, #93, #5938 ),
 .UNSPECIFIED., .F., .F.,
 ( 4, 2, 2, 4 ),
 ( 0.000000000000000000, 0.0001927721350675851175, 0.0003855442701351702349, 0.0007710885402703483845 ),
 .UNSPECIFIED. ) ;
#2277 = EDGE_CURVE ( 'NONE', #7302, #8186, #4463, .T. ) ;
#2278 = DIRECTION ( 'NONE',  ( -0.000000000000000000, -1.000000000000000000, -0.000000000000000000 ) ) ;
#2279 = CARTESIAN_POINT ( 'NONE',  ( -7.802622764334260275, 4.169999999999999929, 15.51453906012021733 ) ) ;
#2280 = AXIS2_PLACEMENT_3D ( 'NONE', #1788, #4396, #5714 ) ;
#2281 = VERTEX_POINT ( 'NONE', #4257 ) ;
#2282 = DIRECTION ( 'NONE',  ( -0.000000000000000000, -1.000000000000000000, -0.000000000000000000 ) ) ;
#2283 = LINE ( 'NONE', #8036, #2600 ) ;
#2284 = FACE_OUTER_BOUND ( 'NONE', #8012, .T. ) ;
#2285 = ORIENTED_EDGE ( 'NONE', *, *, #1495, .F. ) ;
#2286 = CARTESIAN_POINT ( 'NONE',  ( 17.11411476945192689, 4.169999999999999929, -25.65515099297916990 ) ) ;
#2287 = FACE_OUTER_BOUND ( 'NONE', #7285, .T. ) ;
#2288 = TOROIDAL_SURFACE ( 'NONE', #265, 1.500000000000000666, 0.5000000000000000000 ) ;
#2289 = PLANE ( 'NONE',  #1053 ) ;
#2290 = EDGE_CURVE ( 'NONE', #61, #6492, #2969, .T. ) ;
#2291 = EDGE_CURVE ( 'NONE', #6944, #5238, #850, .T. ) ;
#2292 = CARTESIAN_POINT ( 'NONE',  ( -7.129484880843363293, 4.670000000000000817, 14.76062224451690774 ) ) ;
#2293 = CARTESIAN_POINT ( 'NONE',  ( 27.64883365011742811, 4.169999999999999929, -13.66095511311952748 ) ) ;
#2294 = DIRECTION ( 'NONE',  ( -0.000000000000000000, -1.000000000000000000, -0.000000000000000000 ) ) ;
#2295 = ORIENTED_EDGE ( 'NONE', *, *, #5600, .T. ) ;
#2296 = ORIENTED_EDGE ( 'NONE', *, *, #5879, .T. ) ;
#2297 = CIRCLE ( 'NONE', #7054, 1.000000000000000888 ) ;
#2298 = EDGE_CURVE ( 'NONE', #7151, #6529, #3630, .T. ) ;
#2299 = CARTESIAN_POINT ( 'NONE',  ( 0.4330127018921966497, 4.670000000000000817, 0.2499999999999847067 ) ) ;
#2300 = ORIENTED_EDGE ( 'NONE', *, *, #8001, .T. ) ;
#2301 = CARTESIAN_POINT ( 'NONE',  ( -12.06749888762499268, 4.670000000000000817, -20.90152119364775274 ) ) ;
#2302 = DIRECTION ( 'NONE',  ( -0.8660254037845012132, -0.000000000000000000, 0.4999999999998913647 ) ) ;
#2303 = AXIS2_PLACEMENT_3D ( 'NONE', #737, #3323, #116 ) ;
#2304 = CARTESIAN_POINT ( 'NONE',  ( -11.82891209833706192, 4.649847419183725350, -21.76932090785493656 ) ) ;
#2305 = EDGE_LOOP ( 'NONE', ( #2314, #6579, #5081, #1352 ) ) ;
#2306 = DIRECTION ( 'NONE',  ( -0.8660254037844387076, -0.000000000000000000, 0.4999999999999998335 ) ) ;
#2307 = DIRECTION ( 'NONE',  ( -0.000000000000000000, -1.000000000000000000, -0.000000000000000000 ) ) ;
#2308 = CARTESIAN_POINT ( 'NONE',  ( -21.76932090785388851, 4.649847419183963382, 11.82891209833730173 ) ) ;
#2309 = DIRECTION ( 'NONE',  ( -0.8660254037844308250, 0.000000000000000000, 0.5000000000000134337 ) ) ;
#2310 = CARTESIAN_POINT ( 'NONE',  ( 1.689999999999747704, 2.669999999999999929, 24.35665843275940645 ) ) ;
#2311 = EDGE_CURVE ( 'NONE', #7260, #1137, #2671, .T. ) ;
#2312 = DIRECTION ( 'NONE',  ( -1.000000000000000000, 0.000000000000000000, 0.000000000000000000 ) ) ;
#2313 = AXIS2_PLACEMENT_3D ( 'NONE', #5370, #681, #2078 ) ;
#2314 = ORIENTED_EDGE ( 'NONE', *, *, #2210, .F. ) ;
#2315 = CARTESIAN_POINT ( 'NONE',  ( -14.83724752211702835, 4.660548028758753958, -7.005243148281337540 ) ) ;
#2316 = CARTESIAN_POINT ( 'NONE',  ( -11.82891209833675816, 4.649847419183375408, 21.76932090785646068 ) ) ;
#2317 = DIRECTION ( 'NONE',  ( -0.000000000000000000, -1.000000000000000000, -0.000000000000000000 ) ) ;
#2318 = DIRECTION ( 'NONE',  ( -0.000000000000000000, -1.000000000000000000, -0.000000000000000000 ) ) ;
#2319 = CARTESIAN_POINT ( 'NONE',  ( -20.00725254425105604, 4.670000000000000817, -12.18442105538989217 ) ) ;
#2320 = ORIENTED_EDGE ( 'NONE', *, *, #6719, .F. ) ;
#2321 = CARTESIAN_POINT ( 'NONE',  ( 21.79959526349075460, 4.670000000000000817, -12.00865192441164986 ) ) ;
#2322 = DIRECTION ( 'NONE',  ( -0.8660254037844308250, -0.000000000000000000, 0.5000000000000134337 ) ) ;
#2323 = PLANE ( 'NONE',  #922 ) ;
#2324 = VECTOR ( 'NONE', #4874, 1000.000000000000114 ) ;
#2325 = ORIENTED_EDGE ( 'NONE', *, *, #3224, .F. ) ;
#2326 = EDGE_CURVE ( 'NONE', #5569, #8416, #4891, .T. ) ;
#2327 = DIRECTION ( 'NONE',  ( 0.000000000000000000, 0.000000000000000000, 1.000000000000000000 ) ) ;
#2328 = AXIS2_PLACEMENT_3D ( 'NONE', #458, #6765, #5004 ) ;
#2329 = VECTOR ( 'NONE', #6391, 1000.000000000000000 ) ;
#2330 = ORIENTED_EDGE ( 'NONE', *, *, #5179, .T. ) ;
#2331 = ORIENTED_EDGE ( 'NONE', *, *, #4713, .F. ) ;
#2332 = DIRECTION ( 'NONE',  ( 0.000000000000000000, 0.000000000000000000, 1.000000000000000000 ) ) ;
#2333 = EDGE_CURVE ( 'NONE', #5953, #6164, #4348, .T. ) ;
#2334 = CARTESIAN_POINT ( 'NONE',  ( 9.044556563297524221, 4.169999999999999929, 14.41561829447601895 ) ) ;
#2335 = DIRECTION ( 'NONE',  ( 0.1978415312886037114, 0.000000000000000000, -0.9802340172108802152 ) ) ;
#2336 = ORIENTED_EDGE ( 'NONE', *, *, #1040, .T. ) ;
#2337 = CIRCLE ( 'NONE', #7092, 1.500000000000001332 ) ;
#2338 = LINE ( 'NONE', #3602, #5201 ) ;
#2339 = DIRECTION ( 'NONE',  ( 0.000000000000000000, 0.000000000000000000, -1.000000000000000000 ) ) ;
#2340 = VECTOR ( 'NONE', #4053, 1000.000000000000000 ) ;
#2341 = AXIS2_PLACEMENT_3D ( 'NONE', #1233, #5794, #8312 ) ;
#2342 = ADVANCED_FACE ( 'NONE', ( #6931 ), #7014, .T. ) ;
#2343 = DIRECTION ( 'NONE',  ( 0.000000000000000000, 0.000000000000000000, 1.000000000000000000 ) ) ;
#2344 = CYLINDRICAL_SURFACE ( 'NONE', #531, 0.5000000000000000000 ) ;
#2345 = ORIENTED_EDGE ( 'NONE', *, *, #6701, .T. ) ;
#2346 = ORIENTED_EDGE ( 'NONE', *, *, #3521, .F. ) ;
#2347 = VECTOR ( 'NONE', #1564, 1000.000000000000000 ) ;
#2348 = CARTESIAN_POINT ( 'NONE',  ( -1.725477202014698008, 4.670000000000000817, -2.988614181191272756 ) ) ;
#2349 = ORIENTED_EDGE ( 'NONE', *, *, #1691, .F. ) ;
#2350 = DIRECTION ( 'NONE',  ( 0.4999999999999992784, 0.000000000000000000, -0.8660254037844390407 ) ) ;
#2351 = ADVANCED_FACE ( 'NONE', ( #5583 ), #394, .F. ) ;
#2352 = AXIS2_PLACEMENT_3D ( 'NONE', #4519, #3275, #3784 ) ;
#2353 = ORIENTED_EDGE ( 'NONE', *, *, #7386, .T. ) ;
#2354 = ADVANCED_FACE ( 'NONE', ( #1148 ), #2344, .T. ) ;
#2355 = CARTESIAN_POINT ( 'NONE',  ( -14.63967357190306373, 2.669999999999999929, 23.35665843275935671 ) ) ;
#2356 = DIRECTION ( 'NONE',  ( 0.4999999999999445444, -0.000000000000000000, 0.8660254037844707931 ) ) ;
#2357 = FACE_OUTER_BOUND ( 'NONE', #8128, .T. ) ;
#2358 = CARTESIAN_POINT ( 'NONE',  ( -9.534673571902855471, 4.169999999999999929, -14.51453906012038431 ) ) ;
#2359 = FACE_OUTER_BOUND ( 'NONE', #2272, .T. ) ;
#2360 = AXIS2_PLACEMENT_3D ( 'NONE', #7013, #3150, #8037 ) ;
#2361 = VERTEX_POINT ( 'NONE', #8362 ) ;
#2362 = DIRECTION ( 'NONE',  ( -0.000000000000000000, -1.000000000000000000, -0.000000000000000000 ) ) ;
#2363 = DIRECTION ( 'NONE',  ( -0.1978415312886053767, 0.000000000000000000, 0.9802340172108799932 ) ) ;
#2364 = DIRECTION ( 'NONE',  ( 0.000000000000000000, 0.000000000000000000, 1.000000000000000000 ) ) ;
#2365 = CARTESIAN_POINT ( 'NONE',  ( -27.10065299126542726, 4.670000000000000817, -16.71346033861413005 ) ) ;
#2366 = DIRECTION ( 'NONE',  ( -9.251858538542984844E-15, 0.000000000000000000, 1.000000000000000000 ) ) ;
#2367 = VERTEX_POINT ( 'NONE', #3152 ) ;
#2368 = DIRECTION ( 'NONE',  ( -0.000000000000000000, -1.000000000000000000, -0.000000000000000000 ) ) ;
#2369 = EDGE_CURVE ( 'NONE', #2802, #1880, #4435, .T. ) ;
#2370 = CARTESIAN_POINT ( 'NONE',  ( 26.24918328139943569, 4.302122217144071392, -16.30967357190300149 ) ) ;
#2371 = CARTESIAN_POINT ( 'NONE',  ( 27.64883365011744587, 4.169999999999999929, 13.66095511311953281 ) ) ;
#2372 = ORIENTED_EDGE ( 'NONE', *, *, #3144, .F. ) ;
#2373 = LINE ( 'NONE', #5781, #4503 ) ;
#2374 = ORIENTED_EDGE ( 'NONE', *, *, #2425, .F. ) ;
#2375 = VERTEX_POINT ( 'NONE', #4587 ) ;
#2376 = LINE ( 'NONE', #6831, #3544 ) ;
#2377 = EDGE_CURVE ( 'NONE', #7654, #3948, #6011, .T. ) ;
#2378 = DIRECTION ( 'NONE',  ( -0.1978415312886053767, 0.000000000000000000, 0.9802340172108799932 ) ) ;
#2379 = CARTESIAN_POINT ( 'NONE',  ( -12.06749888762342060, -7.859999999999998543, 20.00152119364688019 ) ) ;
#2380 = ORIENTED_EDGE ( 'NONE', *, *, #3693, .F. ) ;
#2381 = DIRECTION ( 'NONE',  ( 0.000000000000000000, 0.000000000000000000, 1.000000000000000000 ) ) ;
#2382 = CARTESIAN_POINT ( 'NONE',  ( 9.655819423055037376, 4.513911670788439245, 13.24819757747517635 ) ) ;
#2383 = ORIENTED_EDGE ( 'NONE', *, *, #2947, .F. ) ;
#2384 = ADVANCED_FACE ( 'NONE', ( #1190 ), #5671, .F. ) ;
#2385 = CARTESIAN_POINT ( 'NONE',  ( 14.51198687832640921, 4.443594717933725846, 28.31187575583719607 ) ) ;
#2386 = LINE ( 'NONE', #3315, #2886 ) ;
#2387 = FACE_OUTER_BOUND ( 'NONE', #7203, .T. ) ;
#2388 = CARTESIAN_POINT ( 'NONE',  ( 19.51677218609430042, 4.169999999999999929, -12.42271421373347096 ) ) ;
#2389 = ORIENTED_EDGE ( 'NONE', *, *, #6477, .T. ) ;
#2390 = VERTEX_POINT ( 'NONE', #5029 ) ;
#2391 = EDGE_CURVE ( 'NONE', #4581, #3793, #8137, .T. ) ;
#2392 = PLANE ( 'NONE',  #933 ) ;
#2393 = ORIENTED_EDGE ( 'NONE', *, *, #6929, .T. ) ;
#2394 = CARTESIAN_POINT ( 'NONE',  ( -11.88683716298777249, 4.662206113563526877, -21.78524642035302961 ) ) ;
#2395 = DIRECTION ( 'NONE',  ( 0.000000000000000000, 0.000000000000000000, -1.000000000000000000 ) ) ;
#2396 = ORIENTED_EDGE ( 'NONE', *, *, #8395, .F. ) ;
#2397 = DIRECTION ( 'NONE',  ( 0.000000000000000000, 1.000000000000000000, 0.000000000000000000 ) ) ;
#2398 = DIRECTION ( 'NONE',  ( -0.000000000000000000, -1.000000000000000000, -0.000000000000000000 ) ) ;
#2399 = CYLINDRICAL_SURFACE ( 'NONE', #6064, 0.5000000000000000000 ) ;
#2400 = DIRECTION ( 'NONE',  ( 0.000000000000000000, 1.000000000000000000, 0.000000000000000000 ) ) ;
#2401 = EDGE_CURVE ( 'NONE', #650, #6446, #7532, .T. ) ;
#2402 = EDGE_CURVE ( 'NONE', #5126, #7906, #3786, .T. ) ;
#2403 = ORIENTED_EDGE ( 'NONE', *, *, #3144, .T. ) ;
#2404 = PRODUCT_CONTEXT ( 'NONE', #5302, 'mechanical' ) ;
#2405 = CARTESIAN_POINT ( 'NONE',  ( -14.76921929579110504, 4.670000000000000817, -7.155046389161858755 ) ) ;
#2406 = CARTESIAN_POINT ( 'NONE',  ( -11.69152436717024912, 4.296427799499204170, 22.25031422186807006 ) ) ;
#2407 = CYLINDRICAL_SURFACE ( 'NONE', #7888, 0.5000000000000007772 ) ;
#2408 = CARTESIAN_POINT ( 'NONE',  ( 6.462191090617056766, 4.169999999999999929, -15.06371434019470179 ) ) ;
#2409 = VERTEX_POINT ( 'NONE', #4304 ) ;
#2410 = DIRECTION ( 'NONE',  ( 0.000000000000000000, 1.000000000000000000, 0.000000000000000000 ) ) ;
#2411 = CARTESIAN_POINT ( 'NONE',  ( -21.25031422186811270, 4.169999999999999929, 13.42357517473902817 ) ) ;
#2412 = CARTESIAN_POINT ( 'NONE',  ( -26.59578445530160451, 0.000000000000000000, 17.45353882511000521 ) ) ;
#2413 = ORIENTED_EDGE ( 'NONE', *, *, #2574, .T. ) ;
#2414 = EDGE_LOOP ( 'NONE', ( #8138, #3610, #6058, #3116, #5734, #2211 ) ) ;
#2415 = AXIS2_PLACEMENT_3D ( 'NONE', #2484, #8364, #1742 ) ;
#2416 = VECTOR ( 'NONE', #3164, 999.9999999999998863 ) ;
#2417 = EDGE_CURVE ( 'NONE', #8390, #1830, #440, .T. ) ;
#2418 = DIRECTION ( 'NONE',  ( 0.000000000000000000, 0.000000000000000000, -1.000000000000000000 ) ) ;
#2419 = DIRECTION ( 'NONE',  ( 0.000000000000000000, 0.000000000000000000, -1.000000000000000000 ) ) ;
#2420 = ORIENTED_EDGE ( 'NONE', *, *, #3119, .F. ) ;
#2421 = EDGE_LOOP ( 'NONE', ( #4553, #8010, #485, #1423, #2762 ) ) ;
#2422 = DIRECTION ( 'NONE',  ( -0.000000000000000000, 1.000000000000000000, -0.000000000000000000 ) ) ;
#2423 = DIRECTION ( 'NONE',  ( -0.000000000000000000, -1.000000000000000000, -0.000000000000000000 ) ) ;
#2424 = ORIENTED_EDGE ( 'NONE', *, *, #8250, .F. ) ;
#2425 = EDGE_CURVE ( 'NONE', #1086, #1777, #2524, .T. ) ;
#2426 = VECTOR ( 'NONE', #1017, 1000.000000000000114 ) ;
#2427 = CARTESIAN_POINT ( 'NONE',  ( -6.462191090617162459, 4.169999999999999929, 15.06371434019465383 ) ) ;
#2428 = DIRECTION ( 'NONE',  ( 0.000000000000000000, 0.000000000000000000, 1.000000000000000000 ) ) ;
#2429 = CARTESIAN_POINT ( 'NONE',  ( -21.25031422186808427, 4.670000000000000817, -13.42357517473907613 ) ) ;
#2430 = DIRECTION ( 'NONE',  ( -0.8660254037844392627, 0.000000000000000000, -0.4999999999999991673 ) ) ;
#2431 = AXIS2_PLACEMENT_3D ( 'NONE', #3005, #2228, #3629 ) ;
#2432 = VERTEX_POINT ( 'NONE', #2388 ) ;
#2433 = CARTESIAN_POINT ( 'NONE',  ( -15.51453906012026884, 0.000000000000000000, 7.802622764334148364 ) ) ;
#2434 = VERTEX_POINT ( 'NONE', #1426 ) ;
#2435 = CARTESIAN_POINT ( 'NONE',  ( 11.69152436717008925, 4.169999999999999929, -22.25031422186815178 ) ) ;
#2436 = ORIENTED_EDGE ( 'NONE', *, *, #5900, .F. ) ;
#2437 = CARTESIAN_POINT ( 'NONE',  ( 14.30585555931270569, 4.670000000000000817, 28.41310023613298341 ) ) ;
#2438 = LINE ( 'NONE', #5086, #4733 ) ;
#2439 = EDGE_LOOP ( 'NONE', ( #5602, #6175, #7954, #7669, #2460, #3608 ) ) ;
#2440 = DIRECTION ( 'NONE',  ( 0.8660254037844371533, -0.000000000000000000, 0.5000000000000027756 ) ) ;
#2441 = LINE ( 'NONE', #4951, #7384 ) ;
#2442 = ADVANCED_FACE ( 'NONE', ( #7914 ), #4029, .T. ) ;
#2443 = CYLINDRICAL_SURFACE ( 'NONE', #6739, 1.000000000000025091 ) ;
#2444 = VECTOR ( 'NONE', #3621, 1000.000000000000000 ) ;
#2445 = VECTOR ( 'NONE', #6084, 1000.000000000000114 ) ;
#2446 = DIRECTION ( 'NONE',  ( 0.000000000000000000, 1.000000000000000000, 0.000000000000000000 ) ) ;
#2447 = ORIENTED_EDGE ( 'NONE', *, *, #2799, .F. ) ;
#2448 = VECTOR ( 'NONE', #2611, 1000.000000000000114 ) ;
#2449 = PRODUCT_DEFINITION_FORMATION_WITH_SPECIFIED_SOURCE ( 'ANY', '', #4111, .NOT_KNOWN. ) ;
#2450 = CARTESIAN_POINT ( 'NONE',  ( -20.90152119364589467, 0.000000000000000000, 12.06749888762551848 ) ) ;
#2451 = FACE_OUTER_BOUND ( 'NONE', #154, .T. ) ;
#2452 = VECTOR ( 'NONE', #7638, 1000.000000000000000 ) ;
#2453 = CARTESIAN_POINT ( 'NONE',  ( 0.000000000000000000, 4.670000000000000817, 0.000000000000000000 ) ) ;
#2454 = VERTEX_POINT ( 'NONE', #799 ) ;
#2455 = DIRECTION ( 'NONE',  ( 0.000000000000000000, 0.000000000000000000, 1.000000000000000000 ) ) ;
#2456 = ORIENTED_EDGE ( 'NONE', *, *, #2527, .T. ) ;
#2457 = CARTESIAN_POINT ( 'NONE',  ( 0.000000000000000000, 4.169999999999999929, 0.000000000000000000 ) ) ;
#2458 = EDGE_CURVE ( 'NONE', #361, #5858, #6652, .T. ) ;
#2459 = FACE_OUTER_BOUND ( 'NONE', #5662, .T. ) ;
#2460 = ORIENTED_EDGE ( 'NONE', *, *, #4075, .F. ) ;
#2461 = AXIS2_PLACEMENT_3D ( 'NONE', #1714, #6224, #2366 ) ;
#2462 = DIRECTION ( 'NONE',  ( -0.000000000000000000, -1.000000000000000000, 0.000000000000000000 ) ) ;
#2463 = DIRECTION ( 'NONE',  ( -0.000000000000000000, -1.000000000000000000, -0.000000000000000000 ) ) ;
#2464 = ORIENTED_EDGE ( 'NONE', *, *, #6539, .T. ) ;
#2465 = CIRCLE ( 'NONE', #569, 1.500000000000029088 ) ;
#2466 = ORIENTED_EDGE ( 'NONE', *, *, #2585, .F. ) ;
#2467 = DIRECTION ( 'NONE',  ( -0.000000000000000000, -1.000000000000000000, -0.000000000000000000 ) ) ;
#2468 = CARTESIAN_POINT ( 'NONE',  ( 0.000000000000000000, 2.669999999999999929, 0.000000000000000000 ) ) ;
#2469 = EDGE_CURVE ( 'NONE', #321, #6122, #1389, .T. ) ;
#2470 = EDGE_CURVE ( 'NONE', #1953, #2760, #1878, .T. ) ;
#2471 = ORIENTED_EDGE ( 'NONE', *, *, #488, .F. ) ;
#2472 = FACE_OUTER_BOUND ( 'NONE', #1064, .T. ) ;
#2473 = B_SPLINE_CURVE_WITH_KNOTS ( 'NONE', 3,
 ( #7889, #6291, #4212, #3644, #2385, #6792, #2973, #8133, #3561, #1782 ),
 .UNSPECIFIED., .F., .F.,
 ( 4, 2, 2, 2, 4 ),
 ( 0.000000000000000000, 0.0005456923626132210992, 0.0008185385439198357687, 0.0009549616345731449466, 0.001091384725226454125 ),
 .UNSPECIFIED. ) ;
#2474 = AXIS2_PLACEMENT_3D ( 'NONE', #6220, #6856, #8200 ) ;
#2475 = DIRECTION ( 'NONE',  ( 0.000000000000000000, 0.000000000000000000, 1.000000000000000000 ) ) ;
#2476 = DIRECTION ( 'NONE',  ( -0.8660254037844342667, 0.000000000000000000, -0.5000000000000075495 ) ) ;
#2477 = FACE_OUTER_BOUND ( 'NONE', #2541, .T. ) ;
#2478 = DIRECTION ( 'NONE',  ( -0.000000000000000000, -1.000000000000000000, -0.000000000000000000 ) ) ;
#2479 = CIRCLE ( 'NONE', #4791, 1.000000000000056399 ) ;
#2480 = STYLED_ITEM ( 'NONE', ( #5067 ), #7162 ) ;
#2481 = ADVANCED_FACE ( 'NONE', ( #3946 ), #4629, .F. ) ;
#2482 = DIRECTION ( 'NONE',  ( 1.051949387485943067E-14, 0.000000000000000000, -1.000000000000000000 ) ) ;
#2483 = ORIENTED_EDGE ( 'NONE', *, *, #652, .F. ) ;
#2484 = CARTESIAN_POINT ( 'NONE',  ( 0.000000000000000000, 0.000000000000000000, 0.000000000000000000 ) ) ;
#2485 = ORIENTED_EDGE ( 'NONE', *, *, #5267, .F. ) ;
#2486 = TOROIDAL_SURFACE ( 'NONE', #588, 23.63499999999999801, 0.5000000000000000000 ) ;
#2487 = DIRECTION ( 'NONE',  ( 0.000000000000000000, 0.000000000000000000, 1.000000000000000000 ) ) ;
#2488 = ORIENTED_EDGE ( 'NONE', *, *, #6866, .T. ) ;
#2489 = CARTESIAN_POINT ( 'NONE',  ( 21.18686058395385530, 4.662192170321942442, -12.92317536194627436 ) ) ;
#2490 = DIRECTION ( 'NONE',  ( -0.000000000000000000, -1.000000000000000000, -0.000000000000000000 ) ) ;
#2491 = ORIENTED_EDGE ( 'NONE', *, *, #7236, .F. ) ;
#2492 = DIRECTION ( 'NONE',  ( 0.000000000000000000, 1.000000000000000000, 0.000000000000000000 ) ) ;
#2494 = CARTESIAN_POINT ( 'NONE',  ( 0.000000000000000000, 4.670000000000000817, 0.000000000000000000 ) ) ;
#2493 = AXIS2_PLACEMENT_3D ( 'NONE', #2256, #7493, #7540 ) ;
#2495 = CARTESIAN_POINT ( 'NONE',  ( 0.000000000000000000, 4.169999999999999929, 0.000000000000000000 ) ) ;
#2496 = ORIENTED_EDGE ( 'NONE', *, *, #4225, .F. ) ;
#2497 = CARTESIAN_POINT ( 'NONE',  ( 17.11411476945194821, 0.000000000000000000, 25.65515099297918056 ) ) ;
#2498 = AXIS2_PLACEMENT_3D ( 'NONE', #6333, #1961, #3742 ) ;
#2499 = CARTESIAN_POINT ( 'NONE',  ( -20.82868827107916232, 4.670000000000000817, -11.17045074767394475 ) ) ;
#2500 = ORIENTED_EDGE ( 'NONE', *, *, #3802, .F. ) ;
#2501 = DIRECTION ( 'NONE',  ( -0.3187812165858923685, 0.000000000000000000, -0.9478283262025979372 ) ) ;
#2502 = DIRECTION ( 'NONE',  ( 0.000000000000000000, 0.000000000000000000, 1.000000000000000000 ) ) ;
#2503 = CARTESIAN_POINT ( 'NONE',  ( -8.235635466226375101, 4.169999999999999929, -15.26453906012026529 ) ) ;
#2504 = EDGE_LOOP ( 'NONE', ( #6105, #2630, #45, #2393 ) ) ;
#2505 = AXIS2_PLACEMENT_3D ( 'NONE', #6522, #127, #2020 ) ;
#2506 = EDGE_CURVE ( 'NONE', #7080, #3326, #3666, .T. ) ;
#2507 = DIRECTION ( 'NONE',  ( 0.000000000000000000, 0.000000000000000000, 1.000000000000000000 ) ) ;
#2508 = EDGE_LOOP ( 'NONE', ( #441, #3204, #4846, #8302 ) ) ;
#2509 = AXIS2_PLACEMENT_3D ( 'NONE', #6020, #208, #5392 ) ;
#2510 = ORIENTED_EDGE ( 'NONE', *, *, #6513, .F. ) ;
#2511 = DIRECTION ( 'NONE',  ( 0.000000000000000000, 0.000000000000000000, 1.000000000000000000 ) ) ;
#2512 = FACE_OUTER_BOUND ( 'NONE', #6338, .T. ) ;
#2513 = ORIENTED_EDGE ( 'NONE', *, *, #8107, .T. ) ;
#2514 = ORIENTED_EDGE ( 'NONE', *, *, #2669, .T. ) ;
#2515 = DIRECTION ( 'NONE',  ( 0.000000000000000000, 1.000000000000000000, 0.000000000000000000 ) ) ;
#2516 = EDGE_CURVE ( 'NONE', #2432, #5953, #1341, .T. ) ;
#2517 = CARTESIAN_POINT ( 'NONE',  ( -21.15890326730158577, 4.624213390369031451, -13.05678493812863827 ) ) ;
#2518 = CARTESIAN_POINT ( 'NONE',  ( 7.137245698860630760, 4.670000000000000817, 14.76323242501154276 ) ) ;
#2519 = CARTESIAN_POINT ( 'NONE',  ( 20.00344712380643486, 4.670000000000000817, 12.12634585083966776 ) ) ;
#2520 = DIRECTION ( 'NONE',  ( -0.000000000000000000, -1.000000000000000000, -0.000000000000000000 ) ) ;
#2521 = ORIENTED_EDGE ( 'NONE', *, *, #6128, .F. ) ;
#2522 = DIRECTION ( 'NONE',  ( 0.8660254037844401509, -0.000000000000000000, -0.4999999999999972800 ) ) ;
#2523 = VERTEX_POINT ( 'NONE', #137 ) ;
#2524 =( BOUNDED_CURVE ( )  B_SPLINE_CURVE ( 3, ( #4986, #1739, #218, #762 ),
 .UNSPECIFIED., .F., .F. ) 
 B_SPLINE_CURVE_WITH_KNOTS ( ( 4, 4 ),
 ( 0.000000000000000000, 1.570796326794897446 ),
 .UNSPECIFIED. ) 
 CURVE ( )  GEOMETRIC_REPRESENTATION_ITEM ( )  RATIONAL_B_SPLINE_CURVE ( ( 1.000000000000000000, 0.8047378541243648264, 0.8047378541243648264, 1.000000000000000000 ) ) 
 REPRESENTATION_ITEM ( '' )  );
#2525 = VECTOR ( 'NONE', #7150, 1000.000000000000000 ) ;
#2526 = CARTESIAN_POINT ( 'NONE',  ( 14.76909577243501737, 4.670000000000000817, 7.154679118664633464 ) ) ;
#2527 = EDGE_CURVE ( 'NONE', #523, #2194, #7739, .T. ) ;
#2528 = ORIENTED_EDGE ( 'NONE', *, *, #4908, .F. ) ;
#2529 = CARTESIAN_POINT ( 'NONE',  ( 15.87666087001063708, 4.670000000000000817, -26.49918328139951029 ) ) ;
#2530 = UNCERTAINTY_MEASURE_WITH_UNIT (LENGTH_MEASURE( 1.000000000000000082E-05 ), #6872, 'distance_accuracy_value', 'NONE');
#2531 = DIRECTION ( 'NONE',  ( -0.9802340172108734428, -0.000000000000000000, 0.1978415312886378508 ) ) ;
#2532 = VERTEX_POINT ( 'NONE', #2831 ) ;
#2533 = ORIENTED_EDGE ( 'NONE', *, *, #2290, .T. ) ;
#2534 = CARTESIAN_POINT ( 'NONE',  ( -21.73088889083583908, 4.670000000000007923, -11.71248733530834230 ) ) ;
#2535 = CARTESIAN_POINT ( 'NONE',  ( 21.24426712305921683, 4.670000000000009699, 12.90196336178142111 ) ) ;
#2536 = EDGE_CURVE ( 'NONE', #5442, #3808, #2712, .T. ) ;
#2537 = ORIENTED_EDGE ( 'NONE', *, *, #3094, .F. ) ;
#2538 = APPLICATION_PROTOCOL_DEFINITION ( 'draft international standard', 'automotive_design', 1998, #6971 ) ;
#2539 = CARTESIAN_POINT ( 'NONE',  ( -28.02460773401641347, 4.670000000000000817, -15.11312378027578873 ) ) ;
#2540 = DIRECTION ( 'NONE',  ( 0.000000000000000000, 0.000000000000000000, 1.000000000000000000 ) ) ;
#2541 = EDGE_LOOP ( 'NONE', ( #316, #7404, #8297, #6187 ) ) ;
#2542 = CARTESIAN_POINT ( 'NONE',  ( -27.24918328139942147, 2.669999999999999929, 14.57762276433412474 ) ) ;
#2543 = CARTESIAN_POINT ( 'NONE',  ( 19.51677218609430398, 4.169999999999999929, -12.42271421373347451 ) ) ;
#2544 = CARTESIAN_POINT ( 'NONE',  ( -13.21372566893326272, 4.463829257873584311, -9.706600228646941275 ) ) ;
#2545 = CYLINDRICAL_SURFACE ( 'NONE', #1883, 0.5000000000000004441 ) ;
#2546 = VERTEX_POINT ( 'NONE', #177 ) ;
#2547 = ADVANCED_FACE ( 'NONE', ( #2759 ), #1506, .T. ) ;
#2548 = B_SPLINE_CURVE_WITH_KNOTS ( 'NONE', 3,
 ( #8094, #1694, #6247, #2248, #4842, #928, #3522, #6113 ),
 .UNSPECIFIED., .F., .F.,
 ( 4, 2, 2, 4 ),
 ( 0.000000000000000000, 0.0002491101079899775070, 0.0004982202159799550140, 0.0009964404319599117626 ),
 .UNSPECIFIED. ) ;
#2549 = CARTESIAN_POINT ( 'NONE',  ( 14.57762276433416027, 4.670000000000000817, 27.24918328139940016 ) ) ;
#2550 = ORIENTED_EDGE ( 'NONE', *, *, #1885, .F. ) ;
#2551 = VERTEX_POINT ( 'NONE', #5365 ) ;
#2552 = ORIENTED_EDGE ( 'NONE', *, *, #7860, .F. ) ;
#2553 = CARTESIAN_POINT ( 'NONE',  ( 13.50067103934782864, 4.660561032871878950, -9.343542946835867724 ) ) ;
#2554 = B_SPLINE_CURVE_WITH_KNOTS ( 'NONE', 3,
 ( #5490, #6736, #4792, #6827 ),
 .UNSPECIFIED., .F., .F.,
 ( 4, 4 ),
 ( 0.0002302718042571492594, 0.0004006657018433217683 ),
 .UNSPECIFIED. ) ;
#2555 = CARTESIAN_POINT ( 'NONE',  ( -12.42271421373345142, 0.000000000000000000, 19.51677218609431463 ) ) ;
#2556 = ORIENTED_EDGE ( 'NONE', *, *, #990, .T. ) ;
#2557 = EDGE_CURVE ( 'NONE', #3183, #5123, #1737, .T. ) ;
#2558 = ORIENTED_EDGE ( 'NONE', *, *, #3039, .F. ) ;
#2559 = DIRECTION ( 'NONE',  ( 0.000000000000000000, 0.000000000000000000, 1.000000000000000000 ) ) ;
#2560 = CARTESIAN_POINT ( 'NONE',  ( -12.90762276433431666, 2.669999999999999929, 24.35665843275929632 ) ) ;
#2561 = CARTESIAN_POINT ( 'NONE',  ( 20.59440237767961079, 4.579182007011271871, 10.95908546764244562 ) ) ;
#2562 = CARTESIAN_POINT ( 'NONE',  ( -19.76677218609432174, 4.169999999999999929, 11.98970151184127353 ) ) ;
#2563 = ORIENTED_EDGE ( 'NONE', *, *, #6117, .F. ) ;
#2564 = EDGE_CURVE ( 'NONE', #5860, #8225, #5402, .T. ) ;
#2565 = CARTESIAN_POINT ( 'NONE',  ( -12.93832888017098348, 4.649847419186716735, 21.12879883022202065 ) ) ;
#2566 = LINE ( 'NONE', #4563, #2525 ) ;
#2567 = EDGE_CURVE ( 'NONE', #7521, #6944, #6709, .T. ) ;
#2568 = ORIENTED_EDGE ( 'NONE', *, *, #4380, .T. ) ;
#2569 = AXIS2_PLACEMENT_3D ( 'NONE', #2031, #5948, #4671 ) ;
#2570 = PLANE ( 'NONE',  #5578 ) ;
#2571 = ORIENTED_EDGE ( 'NONE', *, *, #6762, .F. ) ;
#2572 = ORIENTED_EDGE ( 'NONE', *, *, #8064, .T. ) ;
#2573 = ORIENTED_EDGE ( 'NONE', *, *, #7801, .F. ) ;
#2574 = EDGE_CURVE ( 'NONE', #5135, #1726, #7990, .T. ) ;
#2575 = DIRECTION ( 'NONE',  ( 0.8660254037845012132, 0.000000000000000000, -0.4999999999998913647 ) ) ;
#2576 = EDGE_CURVE ( 'NONE', #7133, #496, #3108, .T. ) ;
#2577 = CARTESIAN_POINT ( 'NONE',  ( 25.65515099297910950, 4.169999999999999929, 17.11411476945201571 ) ) ;
#2578 = ORIENTED_EDGE ( 'NONE', *, *, #6093, .T. ) ;
#2579 = CARTESIAN_POINT ( 'NONE',  ( -10.81375028943229566, 4.459267797769435049, 20.55250958649703819 ) ) ;
#2580 = VERTEX_POINT ( 'NONE', #911 ) ;
#2581 = DIRECTION ( 'NONE',  ( -0.000000000000000000, -1.000000000000000000, -0.000000000000000000 ) ) ;
#2582 = FACE_OUTER_BOUND ( 'NONE', #3219, .T. ) ;
#2583 = CARTESIAN_POINT ( 'NONE',  ( -7.802622764334260275, 2.669999999999999929, 15.51453906012021733 ) ) ;
#2584 = CARTESIAN_POINT ( 'NONE',  ( -27.64883365011735350, 4.670000000000000817, -13.66095511311972466 ) ) ;
#2585 = EDGE_CURVE ( 'NONE', #5667, #1527, #3504, .T. ) ;
#2586 = ORIENTED_EDGE ( 'NONE', *, *, #7816, .T. ) ;
#2587 = CARTESIAN_POINT ( 'NONE',  ( 0.4330127018922239612, 4.169999999999999929, 0.2500000000000068279 ) ) ;
#2588 = CIRCLE ( 'NONE', #1216, 25.13500000000000512 ) ;
#2589 = ORIENTED_EDGE ( 'NONE', *, *, #5917, .F. ) ;
#2590 = DIRECTION ( 'NONE',  ( -0.000000000000000000, -1.000000000000000000, -0.000000000000000000 ) ) ;
#2591 = ORIENTED_EDGE ( 'NONE', *, *, #6711, .T. ) ;
#2592 = VERTEX_POINT ( 'NONE', #8163 ) ;
#2593 = DIRECTION ( 'NONE',  ( -0.8660254037844590247, 0.000000000000000000, 0.4999999999999646394 ) ) ;
#2594 = CARTESIAN_POINT ( 'NONE',  ( 13.66095511311943511, 4.169999999999999929, -27.64883365011749561 ) ) ;
#2595 = AXIS2_PLACEMENT_3D ( 'NONE', #2286, #4255, #6195 ) ;
#2596 = EDGE_CURVE ( 'NONE', #226, #3855, #6894, .T. ) ;
#2597 = ORIENTED_EDGE ( 'NONE', *, *, #339, .F. ) ;
#2598 = ORIENTED_EDGE ( 'NONE', *, *, #802, .F. ) ;
#2599 = CARTESIAN_POINT ( 'NONE',  ( -16.30967357190301925, 2.669999999999999929, 26.24918328139941082 ) ) ;
#2600 = VECTOR ( 'NONE', #4878, 1000.000000000000000 ) ;
#2601 = CIRCLE ( 'NONE', #7341, 23.13500000000000156 ) ;
#2602 = DIRECTION ( 'NONE',  ( 0.000000000000000000, 0.000000000000000000, 1.000000000000000000 ) ) ;
#2603 = ADVANCED_FACE ( 'NONE', ( #6140 ), #2323, .T. ) ;
#2604 = CARTESIAN_POINT ( 'NONE',  ( -12.41818777478794900, 4.298923624762745810, 19.53527633261117913 ) ) ;
#2605 = CARTESIAN_POINT ( 'NONE',  ( 12.42271421373347984, 4.169999999999999929, 19.51677218609430398 ) ) ;
#2606 = VERTEX_POINT ( 'NONE', #954 ) ;
#2607 = CARTESIAN_POINT ( 'NONE',  ( -12.06749888762499268, -7.859999999999998543, -20.00152119364774350 ) ) ;
#2608 = DIRECTION ( 'NONE',  ( 0.000000000000000000, -0.000000000000000000, 1.000000000000000000 ) ) ;
#2609 = DIRECTION ( 'NONE',  ( 1.776356839400250465E-15, 0.000000000000000000, 1.000000000000000000 ) ) ;
#2610 = VERTEX_POINT ( 'NONE', #293 ) ;
#2611 = DIRECTION ( 'NONE',  ( 0.8660254037844246078, 0.000000000000000000, -0.5000000000000242029 ) ) ;
#2612 = EDGE_CURVE ( 'NONE', #6916, #1830, #6823, .T. ) ;
#2613 = AXIS2_PLACEMENT_3D ( 'NONE', #3190, #5793, #1915 ) ;
#2614 = AXIS2_PLACEMENT_3D ( 'NONE', #3638, #1046, #8170 ) ;
#2615 = ORIENTED_EDGE ( 'NONE', *, *, #7074, .F. ) ;
#2616 = ORIENTED_EDGE ( 'NONE', *, *, #4126, .T. ) ;
#2617 = CARTESIAN_POINT ( 'NONE',  ( -12.06749888762342060, 4.670000000000000817, 20.90152119364811156 ) ) ;
#2618 = AXIS2_PLACEMENT_3D ( 'NONE', #7699, #1093, #2332 ) ;
#2619 = CARTESIAN_POINT ( 'NONE',  ( -14.90648051375224270, 4.669999999999980389, -27.08153912196005564 ) ) ;
#2620 = FACE_OUTER_BOUND ( 'NONE', #3121, .T. ) ;
#2621 = ORIENTED_EDGE ( 'NONE', *, *, #8141, .T. ) ;
#2622 = CARTESIAN_POINT ( 'NONE',  ( 0.000000000000000000, 4.169999999999999929, 0.000000000000000000 ) ) ;
#2623 = EDGE_CURVE ( 'NONE', #513, #7674, #6424, .T. ) ;
#2624 = CARTESIAN_POINT ( 'NONE',  ( 21.78522845298486743, 4.662192170321393547, 11.88677181116703530 ) ) ;
#2625 = ADVANCED_FACE ( 'NONE', ( #999 ), #8077, .T. ) ;
#2626 = ORIENTED_EDGE ( 'NONE', *, *, #433, .F. ) ;
#2627 = DIRECTION ( 'NONE',  ( 0.000000000000000000, 0.000000000000000000, 1.000000000000000000 ) ) ;
#2628 = DIRECTION ( 'NONE',  ( 0.1978415312886095956, -0.000000000000000000, 0.9802340172108791050 ) ) ;
#2629 = CARTESIAN_POINT ( 'NONE',  ( 13.42357517473885586, 4.670000000000000817, -21.25031422186822283 ) ) ;
#2630 = ORIENTED_EDGE ( 'NONE', *, *, #4084, .T. ) ;
#2631 = EDGE_CURVE ( 'NONE', #2361, #5932, #2022, .T. ) ;
#2632 = VERTEX_POINT ( 'NONE', #7514 ) ;
#2633 = ORIENTED_EDGE ( 'NONE', *, *, #4429, .F. ) ;
#2634 = CARTESIAN_POINT ( 'NONE',  ( 12.96637362587823183, 4.670000000000000817, -20.94651235872286676 ) ) ;
#2635 = CARTESIAN_POINT ( 'NONE',  ( 12.87467732819653321, 4.670000000000000817, -21.29959526349177423 ) ) ;
#2636 = ORIENTED_EDGE ( 'NONE', *, *, #1002, .T. ) ;
#2637 = ORIENTED_EDGE ( 'NONE', *, *, #6051, .F. ) ;
#2638 = DIRECTION ( 'NONE',  ( -0.000000000000000000, -1.000000000000000000, -0.000000000000000000 ) ) ;
#2639 = EDGE_CURVE ( 'NONE', #1260, #6211, #3785, .T. ) ;
#2640 = LINE ( 'NONE', #2825, #438 ) ;
#2641 = DIRECTION ( 'NONE',  ( 0.000000000000000000, 0.000000000000000000, 1.000000000000000000 ) ) ;
#2642 = CARTESIAN_POINT ( 'NONE',  ( 20.03065169146226765, 4.652225243043001335, 12.29462508638661866 ) ) ;
#2643 = VERTEX_POINT ( 'NONE', #1675 ) ;
#2644 = CARTESIAN_POINT ( 'NONE',  ( 0.2499999999998688827, 4.670000000000000817, -0.4330127018920030268 ) ) ;
#2645 = CARTESIAN_POINT ( 'NONE',  ( 0.000000000000000000, 0.000000000000000000, 0.000000000000000000 ) ) ;
#2646 = ORIENTED_EDGE ( 'NONE', *, *, #635, .F. ) ;
#2647 = DIRECTION ( 'NONE',  ( 0.000000000000000000, 0.000000000000000000, 1.000000000000000000 ) ) ;
#2648 = EDGE_CURVE ( 'NONE', #4192, #3935, #7854, .T. ) ;
#2649 = CARTESIAN_POINT ( 'NONE',  ( -16.99152107116474397, 4.624536028915298580, 26.91967764984893918 ) ) ;
#2650 = TOROIDAL_SURFACE ( 'NONE', #2906, 1.500000000000000444, 0.5000000000000000000 ) ;
#2651 = ORIENTED_EDGE ( 'NONE', *, *, #1172, .T. ) ;
#2652 = B_SPLINE_CURVE_WITH_KNOTS ( 'NONE', 3,
 ( #1204, #2619, #42, #1973, #3800, #5232 ),
 .UNSPECIFIED., .F., .F.,
 ( 4, 2, 4 ),
 ( -1.477143756511258290E-05, 0.0003797396612298784458, 0.0007742507600248694100 ),
 .UNSPECIFIED. ) ;
#2653 = ORIENTED_EDGE ( 'NONE', *, *, #5750, .T. ) ;
#2654 = CARTESIAN_POINT ( 'NONE',  ( 11.26032044705469737, 4.670000000000000817, 20.50344712380543655 ) ) ;
#2655 = ADVANCED_FACE ( 'NONE', ( #5612 ), #7178, .T. ) ;
#2656 = VECTOR ( 'NONE', #2948, 1000.000000000000000 ) ;
#2657 = CARTESIAN_POINT ( 'NONE',  ( 27.64883365011742811, 4.670000000000000817, -13.66095511311952748 ) ) ;
#2658 = VERTEX_POINT ( 'NONE', #5522 ) ;
#2659 = B_SPLINE_CURVE_WITH_KNOTS ( 'NONE', 3,
 ( #6197, #4343, #478, #6973 ),
 .UNSPECIFIED., .F., .F.,
 ( 4, 4 ),
 ( 0.0002294575577213091538, 0.0004120090770006087618 ),
 .UNSPECIFIED. ) ;
#2660 = CARTESIAN_POINT ( 'NONE',  ( 17.25305438445172257, 4.451560894890726594, 26.73016754951307306 ) ) ;
#2661 = CARTESIAN_POINT ( 'NONE',  ( -11.19974067596788458, 4.652225243042778402, 20.66278350054750490 ) ) ;
#2662 = CARTESIAN_POINT ( 'NONE',  ( -19.51677218609430398, 0.000000000000000000, 12.42271421373348339 ) ) ;
#2663 = VERTEX_POINT ( 'NONE', #4245 ) ;
#2664 = CARTESIAN_POINT ( 'NONE',  ( -12.06749888762342060, 4.670000000000000817, 21.80152119364933938 ) ) ;
#2665 = CARTESIAN_POINT ( 'NONE',  ( 27.02108929809669746, 4.670000000000000817, 15.02328291086354639 ) ) ;
#2666 = CARTESIAN_POINT ( 'NONE',  ( 0.000000000000000000, 0.000000000000000000, 0.000000000000000000 ) ) ;
#2667 = VERTEX_POINT ( 'NONE', #7382 ) ;
#2668 = ADVANCED_FACE ( 'NONE', ( #376 ), #5422, .T. ) ;
#2669 = EDGE_CURVE ( 'NONE', #7607, #6115, #1740, .T. ) ;
#2670 = DIRECTION ( 'NONE',  ( -0.4999999999999996669, 0.000000000000000000, -0.8660254037844388186 ) ) ;
#2671 = B_SPLINE_CURVE_WITH_KNOTS ( 'NONE', 3,
 ( #7485, #1058, #7621, #6977 ),
 .UNSPECIFIED., .F., .F.,
 ( 4, 4 ),
 ( 0.000000000000000000, 0.0001710686492136906421 ),
 .UNSPECIFIED. ) ;
#2672 = ORIENTED_EDGE ( 'NONE', *, *, #490, .T. ) ;
#2673 = FACE_OUTER_BOUND ( 'NONE', #4770, .T. ) ;
#2674 = DIRECTION ( 'NONE',  ( 0.000000000000000000, -0.000000000000000000, 1.000000000000000000 ) ) ;
#2675 = ORIENTED_EDGE ( 'NONE', *, *, #3928, .T. ) ;
#2676 = EDGE_CURVE ( 'NONE', #5901, #2643, #5656, .T. ) ;
#2677 = B_SPLINE_CURVE_WITH_KNOTS ( 'NONE', 3,
 ( #3038, #1843, #5645, #1162 ),
 .UNSPECIFIED., .F., .F.,
 ( 4, 4 ),
 ( 7.204847710556567793E-18, 0.0001831339601487760611 ),
 .UNSPECIFIED. ) ;
#2678 = ORIENTED_EDGE ( 'NONE', *, *, #5588, .F. ) ;
#2679 = DIRECTION ( 'NONE',  ( -0.4999999999998914202, 0.000000000000000000, -0.8660254037845013242 ) ) ;
#2680 = CARTESIAN_POINT ( 'NONE',  ( -12.39212026871346950, 4.459267797770264607, 19.64123725407889864 ) ) ;
#2681 = FACE_OUTER_BOUND ( 'NONE', #2138, .T. ) ;
#2682 = ORIENTED_EDGE ( 'NONE', *, *, #1598, .F. ) ;
#2683 = LINE ( 'NONE', #1316, #1323 ) ;
#2684 = CARTESIAN_POINT ( 'NONE',  ( -25.07812044392482420, 0.000000000000000000, -1.689999999999996838 ) ) ;
#2685 = ADVANCED_FACE ( 'NONE', ( #6483 ), #2830, .T. ) ;
#2686 = CIRCLE ( 'NONE', #2937, 23.13499999999999801 ) ;
#2687 = CARTESIAN_POINT ( 'NONE',  ( -17.11411476945176346, 4.169999999999999929, -25.65515099297929780 ) ) ;
#2688 = CARTESIAN_POINT ( 'NONE',  ( 9.101660870010725546, 4.169999999999999929, -14.76453906012031325 ) ) ;
#2689 = DIRECTION ( 'NONE',  ( -0.000000000000000000, -1.000000000000000000, -0.000000000000000000 ) ) ;
#2690 = CARTESIAN_POINT ( 'NONE',  ( 12.95362416398608296, 4.662144464862505444, 21.07019389183372482 ) ) ;
#2691 = AXIS2_PLACEMENT_3D ( 'NONE', #8402, #1192, #3028 ) ;
#2692 = ORIENTED_EDGE ( 'NONE', *, *, #2333, .T. ) ;
#2693 = B_SPLINE_CURVE_WITH_KNOTS ( 'NONE', 3,
 ( #8267, #2517, #8222, #6928, #8311, #3022 ),
 .UNSPECIFIED., .F., .F.,
 ( 4, 2, 4 ),
 ( 0.0001930194709173218507, 0.0005663713981641614473, 0.0009397233254110010439 ),
 .UNSPECIFIED. ) ;
#2694 = DIRECTION ( 'NONE',  ( 0.000000000000000000, 0.000000000000000000, 1.000000000000000000 ) ) ;
#2695 = ADVANCED_FACE ( 'NONE', ( #3862 ), #5195, .T. ) ;
#2696 = CARTESIAN_POINT ( 'NONE',  ( -15.51453906012018891, 4.169999999999999929, -7.802622764334316230 ) ) ;
#2697 = ORIENTED_EDGE ( 'NONE', *, *, #4017, .T. ) ;
#2698 = CARTESIAN_POINT ( 'NONE',  ( -12.06749888762499268, 4.670000000000000817, -20.90152119364775274 ) ) ;
#2699 = EDGE_CURVE ( 'NONE', #1682, #4039, #5328, .T. ) ;
#2700 = ORIENTED_EDGE ( 'NONE', *, *, #3181, .T. ) ;
#2701 = LINE ( 'NONE', #2816, #6279 ) ;
#2702 = CARTESIAN_POINT ( 'NONE',  ( -0.4330127018922026449, 4.670000000000000817, -0.2499999999999898692 ) ) ;
#2703 = CARTESIAN_POINT ( 'NONE',  ( 14.79062215075746067, 4.615696297820621297, -27.14099165632329047 ) ) ;
#2704 = CARTESIAN_POINT ( 'NONE',  ( 21.88695908182193506, 4.624213390368320020, -11.79575527663602053 ) ) ;
#2705 = AXIS2_PLACEMENT_3D ( 'NONE', #2371, #6276, #466 ) ;
#2706 = ORIENTED_EDGE ( 'NONE', *, *, #2191, .F. ) ;
#2707 = CARTESIAN_POINT ( 'NONE',  ( 20.90152119364996608, 4.670000000000000817, 11.16749888762115006 ) ) ;
#2708 = CARTESIAN_POINT ( 'NONE',  ( -19.64123725407894483, 4.459267797770362307, -12.39212026871352634 ) ) ;
#2709 = ADVANCED_FACE ( 'NONE', ( #6444 ), #3089, .T. ) ;
#2710 = ORIENTED_EDGE ( 'NONE', *, *, #1989, .F. ) ;
#2711 = CARTESIAN_POINT ( 'NONE',  ( -16.00006059632291056, 4.670000000000002593, -26.45016036690741501 ) ) ;
#2712 = LINE ( 'NONE', #5441, #1594 ) ;
#2713 = FACE_OUTER_BOUND ( 'NONE', #3635, .T. ) ;
#2714 = ORIENTED_EDGE ( 'NONE', *, *, #8153, .F. ) ;
#2715 = AXIS2_PLACEMENT_3D ( 'NONE', #608, #7103, #2475 ) ;
#2716 = AXIS2_PLACEMENT_3D ( 'NONE', #2784, #7409, #7328 ) ;
#2717 = B_SPLINE_CURVE_WITH_KNOTS ( 'NONE', 3,
 ( #6366, #554, #4426, #3056 ),
 .UNSPECIFIED., .F., .F.,
 ( 4, 4 ),
 ( 0.0002302718042600234794, 0.0004006657018495685075 ),
 .UNSPECIFIED. ) ;
#2718 = EDGE_LOOP ( 'NONE', ( #7510, #5796, #2148, #4355 ) ) ;
#2719 = CYLINDRICAL_SURFACE ( 'NONE', #4630, 0.9999999999999974465 ) ;
#2720 = AXIS2_PLACEMENT_3D ( 'NONE', #7537, #4220, #446 ) ;
#2721 = ADVANCED_FACE ( 'NONE', ( #6 ), #3766, .F. ) ;
#2722 = CIRCLE ( 'NONE', #5444, 20.67695921580875407 ) ;
#2723 = EDGE_CURVE ( 'NONE', #4287, #5763, #5696, .T. ) ;
#2724 = CARTESIAN_POINT ( 'NONE',  ( -12.35573290100753319, 4.579182007012362554, 19.78804760606486823 ) ) ;
#2725 = DIRECTION ( 'NONE',  ( 0.000000000000000000, 1.000000000000000000, 0.000000000000000000 ) ) ;
#2726 = VERTEX_POINT ( 'NONE', #5101 ) ;
#2727 = CARTESIAN_POINT ( 'NONE',  ( -27.64883365011752758, 4.169999999999999929, 13.66095511311933741 ) ) ;
#2728 = CARTESIAN_POINT ( 'NONE',  ( 21.70246513433197677, 4.670000000000000817, -11.65702501040059680 ) ) ;
#2729 = FACE_BOUND ( 'NONE', #7364, .T. ) ;
#2730 = CARTESIAN_POINT ( 'NONE',  ( 13.35550006447098603, 4.413147668297333404, -21.23354704571796603 ) ) ;
#2731 = EDGE_CURVE ( 'NONE', #539, #5667, #547, .T. ) ;
#2733 = LINE ( 'NONE', #6073, #5229 ) ;
#2732 = VECTOR ( 'NONE', #2918, 999.9999999999998863 ) ;
#2734 = CIRCLE ( 'NONE', #7478, 12.97090984906004607 ) ;
#2735 = ORIENTED_EDGE ( 'NONE', *, *, #6704, .T. ) ;
#2736 = DIRECTION ( 'NONE',  ( 0.8660254037844308250, -0.000000000000000000, -0.5000000000000134337 ) ) ;
#2737 = AXIS2_PLACEMENT_3D ( 'NONE', #6727, #905, #5280 ) ;
#2738 = CARTESIAN_POINT ( 'NONE',  ( 21.79959526349383481, 4.670000000000000817, 12.00865192441342266 ) ) ;
#2739 = DIRECTION ( 'NONE',  ( 0.000000000000000000, 0.000000000000000000, 1.000000000000000000 ) ) ;
#2740 = ORIENTED_EDGE ( 'NONE', *, *, #7047, .T. ) ;
#2741 = CARTESIAN_POINT ( 'NONE',  ( -15.10087070261881337, 4.670000000000000817, 8.141141495965079855 ) ) ;
#2742 = EDGE_CURVE ( 'NONE', #4130, #5135, #6625, .T. ) ;
#2743 = ORIENTED_EDGE ( 'NONE', *, *, #6503, .F. ) ;
#2744 = CARTESIAN_POINT ( 'NONE',  ( 11.94648073030582403, 4.670000000000006146, -21.79552145032295130 ) ) ;
#2745 = CARTESIAN_POINT ( 'NONE',  ( 12.45294779642504324, 4.670000000000000817, -20.08823825474778957 ) ) ;
#2746 = CARTESIAN_POINT ( 'NONE',  ( 26.52108929809703142, 4.670000000000000817, 15.88930831464799276 ) ) ;
#2747 = CARTESIAN_POINT ( 'NONE',  ( 21.76932090785658502, 4.649847419183368302, -11.82891209833657520 ) ) ;
#2748 = CIRCLE ( 'NONE', #6409, 0.9000000000012297052 ) ;
#2749 = AXIS2_PLACEMENT_3D ( 'NONE', #797, #6092, #5364 ) ;
#2750 = ORIENTED_EDGE ( 'NONE', *, *, #4643, .T. ) ;
#2751 = DIRECTION ( 'NONE',  ( 0.9478283262025980482, 0.000000000000000000, -0.3187812165858919244 ) ) ;
#2752 = FACE_OUTER_BOUND ( 'NONE', #3285, .T. ) ;
#2753 = CARTESIAN_POINT ( 'NONE',  ( 12.06749888762737655, 0.000000000000000000, 20.00152119364357972 ) ) ;
#2754 = AXIS2_PLACEMENT_3D ( 'NONE', #1126, #6476, #662 ) ;
#2755 = AXIS2_PLACEMENT_3D ( 'NONE', #2132, #7942, #206 ) ;
#2756 = DIRECTION ( 'NONE',  ( 0.5000000000000027756, -0.000000000000000000, -0.8660254037844371533 ) ) ;
#2757 = ORIENTED_EDGE ( 'NONE', *, *, #2377, .F. ) ;
#2758 = CARTESIAN_POINT ( 'NONE',  ( -14.58980017709341226, 4.169999999999999929, 6.621581698909940528 ) ) ;
#2759 = FACE_OUTER_BOUND ( 'NONE', #3925, .T. ) ;
#2760 = VERTEX_POINT ( 'NONE', #4544 ) ;
#2761 = EDGE_CURVE ( 'NONE', #2434, #6013, #1897, .T. ) ;
#2762 = ORIENTED_EDGE ( 'NONE', *, *, #1012, .T. ) ;
#2763 = DIRECTION ( 'NONE',  ( 0.4999999999999992784, 0.000000000000000000, -0.8660254037844390407 ) ) ;
#2764 = ORIENTED_EDGE ( 'NONE', *, *, #4170, .T. ) ;
#2765 = AXIS2_PLACEMENT_3D ( 'NONE', #4215, #7576, #2343 ) ;
#2766 = DIRECTION ( 'NONE',  ( 0.000000000000000000, 1.000000000000000000, 0.000000000000000000 ) ) ;
#2767 = DIRECTION ( 'NONE',  ( 0.8660254037844289376, -0.000000000000000000, 0.5000000000000166533 ) ) ;
#2768 = DIRECTION ( 'NONE',  ( -0.4999999999999988343, 0.000000000000000000, 0.8660254037844394848 ) ) ;
#2769 = ORIENTED_EDGE ( 'NONE', *, *, #635, .T. ) ;
#2770 = CARTESIAN_POINT ( 'NONE',  ( -11.17045074767365342, 4.670000000000000817, -20.82868827107931509 ) ) ;
#2771 = AXIS2_PLACEMENT_3D ( 'NONE', #5957, #4754, #2080 ) ;
#2772 = ADVANCED_FACE ( 'NONE', ( #2459 ), #2545, .T. ) ;
#2773 = CARTESIAN_POINT ( 'NONE',  ( -20.90152119364589467, 0.000000000000000000, 12.96749888762681557 ) ) ;
#2774 = CARTESIAN_POINT ( 'NONE',  ( 14.51453906012028305, 4.670000000000000817, -9.534673571903006462 ) ) ;
#2775 = VERTEX_POINT ( 'NONE', #2412 ) ;
#2776 = CARTESIAN_POINT ( 'NONE',  ( 20.95018138672613972, 4.670000000000000817, -10.94089232481856122 ) ) ;
#2777 = VERTEX_POINT ( 'NONE', #7736 ) ;
#2778 = EDGE_CURVE ( 'NONE', #6205, #7906, #5057, .T. ) ;
#2779 = CARTESIAN_POINT ( 'NONE',  ( 17.45353882510843846, 4.169999999999999929, -26.59578445530216229 ) ) ;
#2780 = ORIENTED_EDGE ( 'NONE', *, *, #6363, .T. ) ;
#2781 = DIRECTION ( 'NONE',  ( 0.8660254037844196118, -0.000000000000000000, -0.5000000000000328626 ) ) ;
#2782 = ORIENTED_EDGE ( 'NONE', *, *, #4959, .F. ) ;
#2783 = CARTESIAN_POINT ( 'NONE',  ( -11.19974067596788458, 4.652225243042778402, 20.66278350054750490 ) ) ;
#2784 = CARTESIAN_POINT ( 'NONE',  ( 20.90152119364827854, -7.859999999999998543, -12.06749888762685252 ) ) ;
#2785 = CARTESIAN_POINT ( 'NONE',  ( 12.06749888762737655, 4.670000000000000817, 20.90152119364642047 ) ) ;
#2786 = ADVANCED_FACE ( 'NONE', ( #4421 ), #2288, .T. ) ;
#2787 = DIRECTION ( 'NONE',  ( 0.8660254037844472563, 0.000000000000000000, -0.4999999999999851785 ) ) ;
#2788 = ORIENTED_EDGE ( 'NONE', *, *, #4017, .F. ) ;
#2789 = CARTESIAN_POINT ( 'NONE',  ( -17.38306512002999327, 4.328423962758319199, -26.64400103275821508 ) ) ;
#2790 = AXIS2_PLACEMENT_3D ( 'NONE', #7089, #5199, #7169 ) ;
#2791 = CARTESIAN_POINT ( 'NONE',  ( 27.64883365011744587, 4.169999999999999929, 13.66095511311953281 ) ) ;
#2792 = VERTEX_POINT ( 'NONE', #5011 ) ;
#2793 = FACE_OUTER_BOUND ( 'NONE', #4336, .T. ) ;
#2794 = CARTESIAN_POINT ( 'NONE',  ( 20.90152119364827854, 4.670000000000000817, -12.06749888762685252 ) ) ;
#2795 = EDGE_LOOP ( 'NONE', ( #7318, #3620, #269, #4926, #1136, #1470 ) ) ;
#2796 = EDGE_LOOP ( 'NONE', ( #5108, #5768, #1614, #3796 ) ) ;
#2797 = CARTESIAN_POINT ( 'NONE',  ( -9.814463748652045183, 4.252460939818345054, 13.12827881868116009 ) ) ;
#2798 = DIRECTION ( 'NONE',  ( -0.000000000000000000, -1.000000000000000000, -0.000000000000000000 ) ) ;
#2799 = EDGE_CURVE ( 'NONE', #4156, #5212, #7044, .T. ) ;
#2800 = DIRECTION ( 'NONE',  ( 0.000000000000000000, 0.000000000000000000, 1.000000000000000000 ) ) ;
#2801 = DIRECTION ( 'NONE',  ( -0.000000000000000000, -1.000000000000000000, -0.000000000000000000 ) ) ;
#2802 = VERTEX_POINT ( 'NONE', #7600 ) ;
#2803 = CARTESIAN_POINT ( 'NONE',  ( -21.25031422186808783, 4.169999999999999929, -13.42357517473907791 ) ) ;
#2804 = CARTESIAN_POINT ( 'NONE',  ( 15.51453906012023332, 4.670000000000000817, -7.802622764334209648 ) ) ;
#2805 = CARTESIAN_POINT ( 'NONE',  ( -28.01445220005012260, 4.670000000000000817, 15.11571388210662725 ) ) ;
#2806 = EDGE_CURVE ( 'NONE', #4882, #6633, #1766, .T. ) ;
#2807 = CARTESIAN_POINT ( 'NONE',  ( 20.03065169146038116, 4.652225243043648817, -12.29462508638772356 ) ) ;
#2808 = ADVANCED_FACE ( 'NONE', ( #3938 ), #2135, .F. ) ;
#2809 = ORIENTED_EDGE ( 'NONE', *, *, #7989, .F. ) ;
#2810 = B_SPLINE_CURVE_WITH_KNOTS ( 'NONE', 3,
 ( #3809, #3370, #5427, #7977, #5354, #828, #7255, #4102, #6722, #6684 ),
 .UNSPECIFIED., .F., .F.,
 ( 4, 2, 2, 2, 4 ),
 ( 8.673617379884034509E-19, 0.0001372460000205068373, 0.0002744920000410128072, 0.0005489840000820282164, 0.001097968000164054915 ),
 .UNSPECIFIED. ) ;
#2811 = DIRECTION ( 'NONE',  ( -0.000000000000000000, -1.000000000000000000, -0.000000000000000000 ) ) ;
#2812 = ORIENTED_EDGE ( 'NONE', *, *, #2177, .T. ) ;
#2813 = DIRECTION ( 'NONE',  ( 0.000000000000000000, 1.000000000000000000, 0.000000000000000000 ) ) ;
#2814 = EDGE_CURVE ( 'NONE', #6046, #4051, #8142, .T. ) ;
#2815 = VERTEX_POINT ( 'NONE', #5357 ) ;
#2816 = CARTESIAN_POINT ( 'NONE',  ( 15.51453906012024220, 4.169999999999999929, 7.802622764334208760 ) ) ;
#2817 = EDGE_CURVE ( 'NONE', #6484, #4723, #3298, .T. ) ;
#2818 = DIRECTION ( 'NONE',  ( 0.8660254037844331565, 0.000000000000000000, 0.5000000000000097700 ) ) ;
#2819 = CARTESIAN_POINT ( 'NONE',  ( 26.24918328139943213, 4.169999999999999929, 16.30967357190298017 ) ) ;
#2820 = FACE_OUTER_BOUND ( 'NONE', #8097, .T. ) ;
#2821 = AXIS2_PLACEMENT_3D ( 'NONE', #8175, #8090, #229 ) ;
#2822 = DIRECTION ( 'NONE',  ( -0.000000000000000000, -1.000000000000000000, -0.000000000000000000 ) ) ;
#2823 = DIRECTION ( 'NONE',  ( 0.8660254037844290487, 0.000000000000000000, 0.5000000000000167644 ) ) ;
#2824 = DIRECTION ( 'NONE',  ( -0.000000000000000000, -1.000000000000000000, -0.000000000000000000 ) ) ;
#2825 = CARTESIAN_POINT ( 'NONE',  ( -14.30585555931143382, 2.669999999999999929, 28.41310023613409186 ) ) ;
#2826 = CARTESIAN_POINT ( 'NONE',  ( 19.51677218609430042, 0.5000000000000004441, -12.42271421373347096 ) ) ;
#2827 = ORIENTED_EDGE ( 'NONE', *, *, #7062, .F. ) ;
#2828 = FACE_BOUND ( 'NONE', #4589, .T. ) ;
#2829 = EDGE_CURVE ( 'NONE', #6122, #3855, #7167, .T. ) ;
#2830 = TOROIDAL_SURFACE ( 'NONE', #4870, 23.63499999999999801, 0.5000000000000000000 ) ;
#2831 = CARTESIAN_POINT ( 'NONE',  ( -27.02108929809659443, 4.670000000000000817, -15.02328291086373291 ) ) ;
#2832 = ORIENTED_EDGE ( 'NONE', *, *, #1102, .T. ) ;
#2833 = VECTOR ( 'NONE', #8278, 1000.000000000000000 ) ;
#2834 = DIRECTION ( 'NONE',  ( 0.000000000000000000, 0.000000000000000000, 1.000000000000000000 ) ) ;
#2835 = CARTESIAN_POINT ( 'NONE',  ( 25.65515099297911661, 0.000000000000000000, -17.11411476945202992 ) ) ;
#2836 = EDGE_CURVE ( 'NONE', #3943, #5763, #4732, .T. ) ;
#2837 = CYLINDRICAL_SURFACE ( 'NONE', #7340, 21.18552803699880371 ) ;
#2838 = DIRECTION ( 'NONE',  ( 0.000000000000000000, 0.000000000000000000, 1.000000000000000000 ) ) ;
#2839 = AXIS2_PLACEMENT_3D ( 'NONE', #3083, #6269, #8377 ) ;
#2840 = AXIS2_PLACEMENT_3D ( 'NONE', #126, #5240, #7129 ) ;
#2841 = ORIENTED_EDGE ( 'NONE', *, *, #4707, .T. ) ;
#2842 = CARTESIAN_POINT ( 'NONE',  ( 9.534673571902946065, 0.000000000000000000, -14.51453906012031503 ) ) ;
#2843 = EDGE_CURVE ( 'NONE', #3935, #1849, #2961, .T. ) ;
#2844 = CIRCLE ( 'NONE', #6779, 0.9000000000016876722 ) ;
#2845 = CARTESIAN_POINT ( 'NONE',  ( -28.41310023613313618, 4.216588310615366098, 14.30585555931255826 ) ) ;
#2846 = CARTESIAN_POINT ( 'NONE',  ( 12.06749888762737655, 4.670000000000000817, 20.90152119364642047 ) ) ;
#2847 = ORIENTED_EDGE ( 'NONE', *, *, #4471, .T. ) ;
#2848 = VERTEX_POINT ( 'NONE', #4105 ) ;
#2849 = EDGE_CURVE ( 'NONE', #4498, #2163, #5114, .T. ) ;
#2850 = CARTESIAN_POINT ( 'NONE',  ( 17.01349291263841224, 4.616076455305447190, -26.90286819469230295 ) ) ;
#2851 = ORIENTED_EDGE ( 'NONE', *, *, #1026, .T. ) ;
#2852 = DIRECTION ( 'NONE',  ( 0.000000000000000000, 0.000000000000000000, 1.000000000000000000 ) ) ;
#2853 = AXIS2_PLACEMENT_3D ( 'NONE', #2334, #2378, #7568 ) ;
#2854 = AXIS2_PLACEMENT_3D ( 'NONE', #4123, #5445, #3508 ) ;
#2855 = VERTEX_POINT ( 'NONE', #3454 ) ;
#2856 = DIRECTION ( 'NONE',  ( -0.000000000000000000, -1.000000000000000000, -0.000000000000000000 ) ) ;
#2857 = CARTESIAN_POINT ( 'NONE',  ( -7.154068017591502127, 4.670000000000000817, -14.76889024202609946 ) ) ;
#2858 = DIRECTION ( 'NONE',  ( -0.9478283262025980482, 0.000000000000000000, 0.3187812165858919244 ) ) ;
#2859 = DIRECTION ( 'NONE',  ( 0.000000000000000000, 0.000000000000000000, 1.000000000000000000 ) ) ;
#2860 = AXIS2_PLACEMENT_3D ( 'NONE', #1908, #103, #15 ) ;
#2861 = ADVANCED_FACE ( 'NONE', ( #4022 ), #6642, .F. ) ;
#2862 = EDGE_CURVE ( 'NONE', #3131, #1672, #1981, .T. ) ;
#2863 = CARTESIAN_POINT ( 'NONE',  ( -19.64123725407790388, 4.459267797769236097, 12.39212026871374661 ) ) ;
#2864 = DIRECTION ( 'NONE',  ( -0.000000000000000000, -1.000000000000000000, -0.000000000000000000 ) ) ;
#2865 = CARTESIAN_POINT ( 'NONE',  ( 22.25031422186815533, 4.670000000000000817, -11.69152436717009103 ) ) ;
#2866 = CARTESIAN_POINT ( 'NONE',  ( -20.59440237768006554, 4.579182007012447819, -10.95908546764465186 ) ) ;
#2867 = AXIS2_PLACEMENT_3D ( 'NONE', #1783, #4935, #2428 ) ;
#2868 = CIRCLE ( 'NONE', #7229, 1.000000000000094591 ) ;
#2869 = ORIENTED_EDGE ( 'NONE', *, *, #4936, .F. ) ;
#2870 = DIRECTION ( 'NONE',  ( 0.000000000000000000, 1.000000000000000000, 0.000000000000000000 ) ) ;
#2871 = DIRECTION ( 'NONE',  ( 0.000000000000000000, 1.000000000000000000, 0.000000000000000000 ) ) ;
#2872 = VERTEX_POINT ( 'NONE', #469 ) ;
#2873 = AXIS2_PLACEMENT_3D ( 'NONE', #3783, #8106, #4270 ) ;
#2874 = EDGE_CURVE ( 'NONE', #2235, #5636, #10, .T. ) ;
#2875 = DIRECTION ( 'NONE',  ( -0.8660254037845012132, 0.000000000000000000, 0.4999999999998913647 ) ) ;
#2876 = CARTESIAN_POINT ( 'NONE',  ( 13.42357517473885586, 4.169999999999999929, -21.25031422186822283 ) ) ;
#2877 = LINE ( 'NONE', #3394, #5211 ) ;
#2878 = CARTESIAN_POINT ( 'NONE',  ( -21.12879883022048944, 4.649847419183608110, 12.93832888017021610 ) ) ;
#2879 = DIRECTION ( 'NONE',  ( 0.000000000000000000, 1.000000000000000000, 0.000000000000000000 ) ) ;
#2880 =( BOUNDED_CURVE ( )  B_SPLINE_CURVE ( 3, ( #1779, #1097, #514, #5070 ),
 .UNSPECIFIED., .F., .F. ) 
 B_SPLINE_CURVE_WITH_KNOTS ( ( 4, 4 ),
 ( 3.141592653589793116, 4.712388980384689674 ),
 .UNSPECIFIED. ) 
 CURVE ( )  GEOMETRIC_REPRESENTATION_ITEM ( )  RATIONAL_B_SPLINE_CURVE ( ( 1.000000000000000000, 0.8047378541243649375, 0.8047378541243649375, 1.000000000000000000 ) ) 
 REPRESENTATION_ITEM ( '' )  );
#2881 = ORIENTED_EDGE ( 'NONE', *, *, #3847, .T. ) ;
#2882 = DIRECTION ( 'NONE',  ( 0.000000000000000000, 0.000000000000000000, 1.000000000000000000 ) ) ;
#2883 = EDGE_CURVE ( 'NONE', #4305, #7976, #4379, .T. ) ;
#2884 = AXIS2_PLACEMENT_3D ( 'NONE', #2429, #5028, #1314 ) ;
#2885 = CARTESIAN_POINT ( 'NONE',  ( 0.000000000000000000, 4.169999999999999929, 0.000000000000000000 ) ) ;
#2886 = VECTOR ( 'NONE', #5435, 1000.000000000000000 ) ;
#2887 = CARTESIAN_POINT ( 'NONE',  ( 10.69066340616454092, 4.670000000000000817, -20.51677218609433595 ) ) ;
#2888 = LINE ( 'NONE', #3024, #3853 ) ;
#2889 = ORIENTED_EDGE ( 'NONE', *, *, #8008, .F. ) ;
#2890 = AXIS2_PLACEMENT_3D ( 'NONE', #428, #4797, #2335 ) ;
#2891 = ORIENTED_EDGE ( 'NONE', *, *, #2090, .F. ) ;
#2892 = EDGE_CURVE ( 'NONE', #6603, #5876, #6906, .T. ) ;
#2893 = PLANE ( 'NONE',  #6682 ) ;
#2894 = EDGE_LOOP ( 'NONE', ( #7142, #6656, #3248, #2345, #6364 ) ) ;
#2895 = ORIENTED_EDGE ( 'NONE', *, *, #5233, .T. ) ;
#2896 = CARTESIAN_POINT ( 'NONE',  ( -20.26677218609434306, 4.670000000000000817, 11.12367610805676144 ) ) ;
#2897 = CYLINDRICAL_SURFACE ( 'NONE', #2976, 1.000000000000000888 ) ;
#2898 = CARTESIAN_POINT ( 'NONE',  ( 26.45016036690752870, 4.670000000000023022, 16.00006059632325872 ) ) ;
#2899 = EDGE_CURVE ( 'NONE', #2592, #6380, #2967, .T. ) ;
#2900 = CARTESIAN_POINT ( 'NONE',  ( -28.01445220005012260, 4.670000000000000817, 15.11571388210662725 ) ) ;
#2901 = FACE_OUTER_BOUND ( 'NONE', #5865, .T. ) ;
#2902 = ORIENTED_EDGE ( 'NONE', *, *, #3373, .T. ) ;
#2903 = CARTESIAN_POINT ( 'NONE',  ( -16.85021082916629354, 4.670000000000000817, -26.99721341390780438 ) ) ;
#2904 = CARTESIAN_POINT ( 'NONE',  ( -11.69152436717009458, 4.169999999999999929, -22.25031422186815178 ) ) ;
#2905 = DIRECTION ( 'NONE',  ( 0.4999999999999804046, -0.000000000000000000, 0.8660254037844500319 ) ) ;
#2906 = AXIS2_PLACEMENT_3D ( 'NONE', #7028, #1658, #4313 ) ;
#2907 = EDGE_LOOP ( 'NONE', ( #7322, #1098, #3256, #7392, #7876, #7265, #1383 ) ) ;
#2908 = FACE_OUTER_BOUND ( 'NONE', #4093, .T. ) ;
#2909 = CARTESIAN_POINT ( 'NONE',  ( -13.54569414015306705, 4.670000000000000817, 9.278213373140038911 ) ) ;
#2910 = CARTESIAN_POINT ( 'NONE',  ( -20.04460967533852411, 4.663155917074252699, -12.34814415435839763 ) ) ;
#2911 = ADVANCED_FACE ( 'NONE', ( #4529 ), #4873, .T. ) ;
#2912 = B_SPLINE_CURVE_WITH_KNOTS ( 'NONE', 3,
 ( #5572, #3640, #1636, #8127, #6786, #4206, #3597, #6741 ),
 .UNSPECIFIED., .F., .F.,
 ( 4, 2, 2, 4 ),
 ( 0.000000000000000000, 0.0001927721350688416807, 0.0003855442701376833614, 0.0007710885402753694332 ),
 .UNSPECIFIED. ) ;
#2913 = VERTEX_POINT ( 'NONE', #4357 ) ;
#2914 = CIRCLE ( 'NONE', #4012, 0.5000000000000004441 ) ;
#2915 = DIRECTION ( 'NONE',  ( -0.000000000000000000, -1.000000000000000000, -0.000000000000000000 ) ) ;
#2916 = ORIENTED_EDGE ( 'NONE', *, *, #1163, .T. ) ;
#2917 = CARTESIAN_POINT ( 'NONE',  ( -12.06749888762342060, -7.859999999999998543, 20.90152119364811156 ) ) ;
#2918 = DIRECTION ( 'NONE',  ( 0.1978415312886145916, 0.000000000000000000, -0.9802340172108782168 ) ) ;
#2919 = DIRECTION ( 'NONE',  ( 0.000000000000000000, 0.000000000000000000, -1.000000000000000000 ) ) ;
#2920 = ADVANCED_FACE ( 'NONE', ( #6341 ), #3201, .T. ) ;
#2921 = ORIENTED_EDGE ( 'NONE', *, *, #2596, .F. ) ;
#2922 = DIRECTION ( 'NONE',  ( -0.4999999999999991673, 0.000000000000000000, 0.8660254037844390407 ) ) ;
#2923 = CARTESIAN_POINT ( 'NONE',  ( 12.24034261925177169, 4.663166634937343069, -20.01649461007569997 ) ) ;
#2924 = DIRECTION ( 'NONE',  ( 0.000000000000000000, 1.000000000000000000, 0.000000000000000000 ) ) ;
#2925 = DIRECTION ( 'NONE',  ( 0.000000000000000000, 0.000000000000000000, 1.000000000000000000 ) ) ;
#2926 = DIRECTION ( 'NONE',  ( 0.000000000000000000, 0.000000000000000000, 1.000000000000000000 ) ) ;
#2927 = ADVANCED_FACE ( 'NONE', ( #1157 ), #5178, .F. ) ;
#2928 = ORIENTED_EDGE ( 'NONE', *, *, #5790, .T. ) ;
#2929 = ORIENTED_EDGE ( 'NONE', *, *, #7801, .T. ) ;
#2930 = CARTESIAN_POINT ( 'NONE',  ( -9.346995703723129267, 4.660547057262764525, -13.48448604393185946 ) ) ;
#2931 = ORIENTED_EDGE ( 'NONE', *, *, #2047, .F. ) ;
#2932 = DIRECTION ( 'NONE',  ( 0.3187812165858939228, -0.000000000000000000, -0.9478283262025973821 ) ) ;
#2933 = B_SPLINE_CURVE_WITH_KNOTS ( 'NONE', 3,
 ( #1003, #2797, #379, #2232, #4829, #1584, #7385, #3592 ),
 .UNSPECIFIED., .F., .F.,
 ( 4, 2, 2, 4 ),
 ( 0.000000000000000000, 0.0002428775495587753169, 0.0004857550991175506338, 0.0009715101982351025687 ),
 .UNSPECIFIED. ) ;
#2934 = ORIENTED_EDGE ( 'NONE', *, *, #4380, .F. ) ;
#2935 = CARTESIAN_POINT ( 'NONE',  ( 0.000000000000000000, 0.000000000000000000, 0.000000000000000000 ) ) ;
#2936 = EDGE_CURVE ( 'NONE', #1011, #130, #3377, .T. ) ;
#2937 = AXIS2_PLACEMENT_3D ( 'NONE', #8373, #5769, #6307 ) ;
#2938 = DIRECTION ( 'NONE',  ( -0.8660254037844444808, 0.000000000000000000, -0.4999999999999898970 ) ) ;
#2939 = CARTESIAN_POINT ( 'NONE',  ( 12.06749888762580269, 4.670000000000000817, -21.80152119365112995 ) ) ;
#2940 = CARTESIAN_POINT ( 'NONE',  ( 20.08823825474789260, 4.670000000000000817, 12.45294779642488692 ) ) ;
#2941 = CARTESIAN_POINT ( 'NONE',  ( -28.40324754256186779, 4.258120773181048868, -14.32769832250167852 ) ) ;
#2942 = CIRCLE ( 'NONE', #1451, 325.5254822644255341 ) ;
#2943 = ORIENTED_EDGE ( 'NONE', *, *, #4074, .T. ) ;
#2944 = CARTESIAN_POINT ( 'NONE',  ( -14.98763769424221870, 4.515040219521544884, -6.652857507065200515 ) ) ;
#2945 = AXIS2_PLACEMENT_3D ( 'NONE', #5728, #7546, #3712 ) ;
#2946 = ORIENTED_EDGE ( 'NONE', *, *, #5403, .F. ) ;
#2947 = EDGE_CURVE ( 'NONE', #8234, #577, #2438, .T. ) ;
#2948 = DIRECTION ( 'NONE',  ( -0.8660254037844401509, 0.000000000000000000, 0.4999999999999972800 ) ) ;
#2949 = DIRECTION ( 'NONE',  ( -0.000000000000000000, -1.000000000000000000, -0.000000000000000000 ) ) ;
#2950 = DIRECTION ( 'NONE',  ( 0.000000000000000000, 0.000000000000000000, 1.000000000000000000 ) ) ;
#2951 = CARTESIAN_POINT ( 'NONE',  ( -12.29462508638728480, 4.652225243043961456, -20.03065169146199054 ) ) ;
#2952 = ORIENTED_EDGE ( 'NONE', *, *, #7936, .F. ) ;
#2953 = CARTESIAN_POINT ( 'NONE',  ( 0.000000000000000000, 0.000000000000000000, 0.000000000000000000 ) ) ;
#2954 = CARTESIAN_POINT ( 'NONE',  ( -21.29959526348839205, 4.670000000000000817, -12.87467732819488120 ) ) ;
#2955 = VECTOR ( 'NONE', #5633, 1000.000000000000000 ) ;
#2956 = ORIENTED_EDGE ( 'NONE', *, *, #5487, .F. ) ;
#2957 = CARTESIAN_POINT ( 'NONE',  ( 13.12827881868119384, 4.253877730943677271, 9.814463748652000774 ) ) ;
#2958 = EDGE_CURVE ( 'NONE', #8074, #2643, #530, .T. ) ;
#2959 = CARTESIAN_POINT ( 'NONE',  ( -10.69066340616454625, 0.000000000000000000, -20.51677218609433595 ) ) ;
#2960 = DIRECTION ( 'NONE',  ( 0.000000000000000000, 0.000000000000000000, 1.000000000000000000 ) ) ;
#2961 = CIRCLE ( 'NONE', #7316, 0.9000000000000014655 ) ;
#2962 = VERTEX_POINT ( 'NONE', #1115 ) ;
#2963 = DIRECTION ( 'NONE',  ( 0.000000000000000000, 1.000000000000000000, 0.000000000000000000 ) ) ;
#2964 = FACE_OUTER_BOUND ( 'NONE', #5869, .T. ) ;
#2965 = DIRECTION ( 'NONE',  ( 0.000000000000000000, 0.000000000000000000, 1.000000000000000000 ) ) ;
#2966 = ORIENTED_EDGE ( 'NONE', *, *, #4594, .T. ) ;
#2967 = B_SPLINE_CURVE_WITH_KNOTS ( 'NONE', 3,
 ( #6826, #2957, #4289, #8324, #1882, #3033, #6468, #1748 ),
 .UNSPECIFIED., .F., .F.,
 ( 4, 2, 2, 4 ),
 ( 0.000000000000000000, 0.0002469061585964670924, 0.0004938123171929341849, 0.0009876246343858657677 ),
 .UNSPECIFIED. ) ;
#2968 = AXIS2_PLACEMENT_3D ( 'NONE', #865, #830, #7824 ) ;
#2969 = LINE ( 'NONE', #2804, #7584 ) ;
#2970 = ORIENTED_EDGE ( 'NONE', *, *, #2829, .T. ) ;
#2971 = B_SPLINE_CURVE_WITH_KNOTS ( 'NONE', 3,
 ( #6718, #7972, #2850, #3366, #4848, #6120, #821, #5467, #5421, #2779 ),
 .UNSPECIFIED., .F., .F.,
 ( 4, 2, 2, 2, 4 ),
 ( 0.000000000000000000, 0.0005399155584765584796, 0.0008098733377148409178, 0.0009448522273339846848, 0.001079831116953128235 ),
 .UNSPECIFIED. ) ;
#2972 = ADVANCED_FACE ( 'NONE', ( #1796 ), #5132, .T. ) ;
#2973 = CARTESIAN_POINT ( 'NONE',  ( 14.38344294529402845, 4.327603931056302144, 28.37524573383176829 ) ) ;
#2974 = EDGE_CURVE ( 'NONE', #496, #4156, #5640, .T. ) ;
#2975 = CARTESIAN_POINT ( 'NONE',  ( -2.318265519250010342, 4.670000000000000817, -11.48617637608427344 ) ) ;
#2976 = AXIS2_PLACEMENT_3D ( 'NONE', #165, #7943, #4698 ) ;
#2977 = DIRECTION ( 'NONE',  ( -0.5000000000000057732, 0.000000000000000000, 0.8660254037844353769 ) ) ;
#2978 = CARTESIAN_POINT ( 'NONE',  ( 14.51453906012028305, 0.5000000000000004441, -9.534673571903006462 ) ) ;
#2979 = VERTEX_POINT ( 'NONE', #7117 ) ;
#2980 = ORIENTED_EDGE ( 'NONE', *, *, #6553, .T. ) ;
#2981 = AXIS2_PLACEMENT_3D ( 'NONE', #1649, #4267, #1020 ) ;
#2982 = CIRCLE ( 'NONE', #2715, 1.000000000000000888 ) ;
#2983 = CARTESIAN_POINT ( 'NONE',  ( -16.30967357190301925, 4.169999999999999929, 26.24918328139941082 ) ) ;
#2984 = EDGE_CURVE ( 'NONE', #4159, #4286, #1063, .T. ) ;
#2985 = VERTEX_POINT ( 'NONE', #3888 ) ;
#2986 = B_SPLINE_CURVE_WITH_KNOTS ( 'NONE', 3,
 ( #6807, #4056, #3414, #6048, #5428, #8108, #5391, #3452 ),
 .UNSPECIFIED., .F., .F.,
 ( 4, 2, 2, 4 ),
 ( 0.000000000000000000, 0.0002498136336593582627, 0.0004996272673187165253, 0.0009992545346374367369 ),
 .UNSPECIFIED. ) ;
#2987 = ORIENTED_EDGE ( 'NONE', *, *, #2006, .T. ) ;
#2988 = VECTOR ( 'NONE', #903, 1000.000000000000114 ) ;
#2989 = LINE ( 'NONE', #7498, #53 ) ;
#2990 = CARTESIAN_POINT ( 'NONE',  ( -12.99056247284673482, 4.670000000000000817, -21.50031422186812335 ) ) ;
#2991 = LINE ( 'NONE', #2032, #7401 ) ;
#2992 = CARTESIAN_POINT ( 'NONE',  ( 16.30967357190291978, 4.302122217144055405, 26.24918328139949608 ) ) ;
#2993 = AXIS2_PLACEMENT_3D ( 'NONE', #362, #5756, #324 ) ;
#2994 = AXIS2_PLACEMENT_3D ( 'NONE', #3951, #3352, #6658 ) ;
#2995 = EDGE_CURVE ( 'NONE', #4768, #1545, #5023, .T. ) ;
#2996 = ORIENTED_EDGE ( 'NONE', *, *, #6184, .F. ) ;
#2997 = LINE ( 'NONE', #3537, #54 ) ;
#2998 = ORIENTED_EDGE ( 'NONE', *, *, #3132, .F. ) ;
#2999 = CARTESIAN_POINT ( 'NONE',  ( 27.64883365011744587, 0.000000000000000000, 13.66095511311953281 ) ) ;
#3000 = CARTESIAN_POINT ( 'NONE',  ( -20.08823825474793168, 4.670000000000000817, -12.45294779642481053 ) ) ;
#3001 = CARTESIAN_POINT ( 'NONE',  ( -12.06749888762499268, 4.670000000000000817, -20.90152119364775274 ) ) ;
#3002 = VERTEX_POINT ( 'NONE', #4994 ) ;
#3003 = CARTESIAN_POINT ( 'NONE',  ( -26.76697085918899788, 4.492825930128351075, 17.20589664950425401 ) ) ;
#3004 = CARTESIAN_POINT ( 'NONE',  ( 16.30967357190291622, 0.000000000000000000, 26.24918328139949608 ) ) ;
#3005 = CARTESIAN_POINT ( 'NONE',  ( 14.51453906012028128, 4.670000000000000817, 9.534673571902997580 ) ) ;
#3006 = AXIS2_PLACEMENT_3D ( 'NONE', #6053, #7948, #2823 ) ;
#3007 = ORIENTED_EDGE ( 'NONE', *, *, #2013, .T. ) ;
#3008 = DIRECTION ( 'NONE',  ( 0.000000000000000000, 0.000000000000000000, -1.000000000000000000 ) ) ;
#3009 = DIRECTION ( 'NONE',  ( 0.000000000000000000, 0.000000000000000000, 1.000000000000000000 ) ) ;
#3010 = VECTOR ( 'NONE', #2238, 1000.000000000000000 ) ;
#3011 = ORIENTED_EDGE ( 'NONE', *, *, #79, .T. ) ;
#3012 = ORIENTED_EDGE ( 'NONE', *, *, #5488, .T. ) ;
#3013 = DIRECTION ( 'NONE',  ( 0.000000000000000000, 0.000000000000000000, 1.000000000000000000 ) ) ;
#3014 = DIRECTION ( 'NONE',  ( -0.000000000000000000, -1.000000000000000000, -0.000000000000000000 ) ) ;
#3015 = CARTESIAN_POINT ( 'NONE',  ( -8.141141495965083408, 4.670000000000000817, -15.10087070261880449 ) ) ;
#3016 = ORIENTED_EDGE ( 'NONE', *, *, #1121, .T. ) ;
#3017 = EDGE_CURVE ( 'NONE', #7015, #4484, #349, .T. ) ;
#3018 = AXIS2_PLACEMENT_3D ( 'NONE', #2865, #462, #4153 ) ;
#3019 = AXIS2_PLACEMENT_3D ( 'NONE', #8291, #1716, #6820 ) ;
#3020 = ORIENTED_EDGE ( 'NONE', *, *, #4135, .T. ) ;
#3021 = CARTESIAN_POINT ( 'NONE',  ( -6.462191090617158018, 4.252466148110497279, 15.06371434019465383 ) ) ;
#3022 = CARTESIAN_POINT ( 'NONE',  ( -21.25031422186807362, 4.169999999999999929, -13.42357517473909390 ) ) ;
#3023 = TOROIDAL_SURFACE ( 'NONE', #452, 1.500000000000026645, 0.5000000000000000000 ) ;
#3024 = CARTESIAN_POINT ( 'NONE',  ( -12.90762276433431666, 0.000000000000000000, 24.35665843275929632 ) ) ;
#3025 = CARTESIAN_POINT ( 'NONE',  ( -9.814463748651876429, 4.670000000000000817, -13.12827881868129687 ) ) ;
#3026 = ORIENTED_EDGE ( 'NONE', *, *, #3921, .F. ) ;
#3027 = EDGE_CURVE ( 'NONE', #2848, #1789, #7451, .T. ) ;
#3028 = DIRECTION ( 'NONE',  ( -3.306126646384376889E-15, 0.000000000000000000, 1.000000000000000000 ) ) ;
#3029 = EDGE_CURVE ( 'NONE', #3207, #951, #6821, .T. ) ;
#3030 = VERTEX_POINT ( 'NONE', #6822 ) ;
#3031 = DIRECTION ( 'NONE',  ( 0.000000000000000000, 1.000000000000000000, 0.000000000000000000 ) ) ;
#3032 = VERTEX_POINT ( 'NONE', #6651 ) ;
#3033 = CARTESIAN_POINT ( 'NONE',  ( 13.38657647456365929, 4.633572164718605890, 9.481443672064635564 ) ) ;
#3034 = VECTOR ( 'NONE', #4081, 1000.000000000000000 ) ;
#3035 = ORIENTED_EDGE ( 'NONE', *, *, #7755, .F. ) ;
#3036 = CARTESIAN_POINT ( 'NONE',  ( 9.814463748651954589, 0.000000000000000000, -13.12827881868122937 ) ) ;
#3037 = DIRECTION ( 'NONE',  ( 0.000000000000000000, 0.000000000000000000, 1.000000000000000000 ) ) ;
#3038 = CARTESIAN_POINT ( 'NONE',  ( -21.29959526348921628, 4.670000000000000817, 12.87467732819532706 ) ) ;
#3039 = EDGE_CURVE ( 'NONE', #5658, #8059, #5967, .T. ) ;
#3040 = CARTESIAN_POINT ( 'NONE',  ( 0.000000000000000000, 4.169999999999999929, 0.000000000000000000 ) ) ;
#3041 = ORIENTED_EDGE ( 'NONE', *, *, #6605, .T. ) ;
#3042 = CARTESIAN_POINT ( 'NONE',  ( -19.51677218609430398, 4.169999999999999929, 12.42271421373348339 ) ) ;
#3043 = CARTESIAN_POINT ( 'NONE',  ( -20.52210424823727664, 4.298923624762548634, 10.70895168659618513 ) ) ;
#3044 = FACE_OUTER_BOUND ( 'NONE', #1299, .T. ) ;
#3045 = ORIENTED_EDGE ( 'NONE', *, *, #4972, .T. ) ;
#3046 = CARTESIAN_POINT ( 'NONE',  ( -26.72315513370284989, 4.444515316846240793, 17.27002986833523934 ) ) ;
#3047 = DIRECTION ( 'NONE',  ( -0.000000000000000000, -1.000000000000000000, -0.000000000000000000 ) ) ;
#3048 = CARTESIAN_POINT ( 'NONE',  ( -15.06371434019471423, 4.169999999999999929, 6.462191090617003475 ) ) ;
#3049 = EDGE_CURVE ( 'NONE', #2250, #4717, #2027, .T. ) ;
#3050 = ORIENTED_EDGE ( 'NONE', *, *, #7929, .T. ) ;
#3051 = ORIENTED_EDGE ( 'NONE', *, *, #6885, .T. ) ;
#3052 = DIRECTION ( 'NONE',  ( -0.000000000000000000, -1.000000000000000000, -0.000000000000000000 ) ) ;
#3053 = DIRECTION ( 'NONE',  ( -0.4999999999999996114, -0.000000000000000000, 0.8660254037844388186 ) ) ;
#3054 = ORIENTED_EDGE ( 'NONE', *, *, #1824, .F. ) ;
#3055 = EDGE_LOOP ( 'NONE', ( #7059, #1238, #6035, #6163 ) ) ;
#3056 = CARTESIAN_POINT ( 'NONE',  ( 20.50344712380390533, 4.670000000000000817, 11.26032044705381630 ) ) ;
#3057 = CARTESIAN_POINT ( 'NONE',  ( -13.12827881868112634, 0.000000000000000000, -9.814463748652093145 ) ) ;
#3058 = ORIENTED_EDGE ( 'NONE', *, *, #2567, .F. ) ;
#3059 = AXIS2_PLACEMENT_3D ( 'NONE', #6851, #4362, #3078 ) ;
#3060 = B_SPLINE_CURVE_WITH_KNOTS ( 'NONE', 3,
 ( #8115, #4151, #906, #3498, #1667, #2222 ),
 .UNSPECIFIED., .F., .F.,
 ( 4, 2, 4 ),
 ( 0.0001930194709195781567, 0.0005663713981652861986, 0.0009397233254109943219 ),
 .UNSPECIFIED. ) ;
#3061 = LINE ( 'NONE', #515, #5591 ) ;
#3062 = CARTESIAN_POINT ( 'NONE',  ( -14.57762276433433790, 4.302122217144057181, 27.24918328139931489 ) ) ;
#3063 = EDGE_CURVE ( 'NONE', #6571, #1982, #6200, .T. ) ;
#3064 = AXIS2_PLACEMENT_3D ( 'NONE', #115, #3278, #8403 ) ;
#3065 = CARTESIAN_POINT ( 'NONE',  ( -14.60087070261881514, 4.670000000000000817, -9.007166899749515565 ) ) ;
#3066 = CARTESIAN_POINT ( 'NONE',  ( 6.462191090617056766, 4.169999999999999929, -15.06371434019470179 ) ) ;
#3067 = EDGE_LOOP ( 'NONE', ( #2956, #2636, #4399, #3929, #7671, #2653, #6593 ) ) ;
#3068 = CARTESIAN_POINT ( 'NONE',  ( -1.690000000000251967, 0.000000000000000000, 24.35665843275937092 ) ) ;
#3069 = ORIENTED_EDGE ( 'NONE', *, *, #6762, .T. ) ;
#3070 = DIRECTION ( 'NONE',  ( -0.8660254037844281605, -0.000000000000000000, -0.5000000000000180966 ) ) ;
#3071 = ORIENTED_EDGE ( 'NONE', *, *, #4026, .T. ) ;
#3072 = CARTESIAN_POINT ( 'NONE',  ( -15.88930831464755578, 4.670000000000000817, -26.52108929809690352 ) ) ;
#3073 = ADVANCED_FACE ( 'NONE', ( #7558 ), #6356, .T. ) ;
#3074 = B_SPLINE_CURVE_WITH_KNOTS ( 'NONE', 3,
 ( #348, #6667, #2923, #305 ),
 .UNSPECIFIED., .F., .F.,
 ( 4, 4 ),
 ( 1.734723475976807094E-18, 0.0001710686492126131620 ),
 .UNSPECIFIED. ) ;
#3075 = CARTESIAN_POINT ( 'NONE',  ( 12.06749888762580269, -7.859999999999998543, -20.00152119364775416 ) ) ;
#3076 = ORIENTED_EDGE ( 'NONE', *, *, #6526, .T. ) ;
#3077 = CARTESIAN_POINT ( 'NONE',  ( 0.000000000000000000, 4.169999999999999929, 0.000000000000000000 ) ) ;
#3078 = DIRECTION ( 'NONE',  ( 0.000000000000000000, 0.000000000000000000, 1.000000000000000000 ) ) ;
#3079 = FACE_BOUND ( 'NONE', #1293, .T. ) ;
#3080 = B_SPLINE_CURVE_WITH_KNOTS ( 'NONE', 3,
 ( #5273, #7900, #7253, #1490, #7205, #5935 ),
 .UNSPECIFIED., .F., .F.,
 ( 4, 2, 4 ),
 ( 0.000000000000000000, 0.0003908072650539789420, 0.0007816145301079578840 ),
 .UNSPECIFIED. ) ;
#3081 = ORIENTED_EDGE ( 'NONE', *, *, #7344, .T. ) ;
#3082 = CARTESIAN_POINT ( 'NONE',  ( -15.10087070261873521, 4.670000000000000817, -8.141141495965243280 ) ) ;
#3083 = CARTESIAN_POINT ( 'NONE',  ( 12.42271421373348339, 4.670000000000000817, 19.51677218609430398 ) ) ;
#3084 = EDGE_CURVE ( 'NONE', #6849, #3291, #8151, .T. ) ;
#3085 = ADVANCED_FACE ( 'NONE', ( #546 ), #1084, .F. ) ;
#3086 = ORIENTED_EDGE ( 'NONE', *, *, #5985, .F. ) ;
#3087 = CARTESIAN_POINT ( 'NONE',  ( 14.51453906012028128, 4.169999999999999929, 9.534673571902997580 ) ) ;
#3088 = CARTESIAN_POINT ( 'NONE',  ( 27.93023340904410290, 4.670000000000000817, -15.13432342270004582 ) ) ;
#3089 = PLANE ( 'NONE',  #4194 ) ;
#3090 = ORIENTED_EDGE ( 'NONE', *, *, #97, .F. ) ;
#3091 = VERTEX_POINT ( 'NONE', #4285 ) ;
#3092 = AXIS2_PLACEMENT_3D ( 'NONE', #41, #5347, #4011 ) ;
#3093 = CARTESIAN_POINT ( 'NONE',  ( 10.95908546764389513, 4.579182007012127187, 20.59440237768002291 ) ) ;
#3094 = EDGE_CURVE ( 'NONE', #7777, #7994, #1337, .T. ) ;
#3095 = ORIENTED_EDGE ( 'NONE', *, *, #3331, .F. ) ;
#3096 = ORIENTED_EDGE ( 'NONE', *, *, #6711, .F. ) ;
#3097 =( NAMED_UNIT ( * ) PLANE_ANGLE_UNIT ( ) SI_UNIT ( $, .RADIAN. ) );
#3098 = DIRECTION ( 'NONE',  ( 0.000000000000000000, 0.000000000000000000, 1.000000000000000000 ) ) ;
#3099 = VERTEX_POINT ( 'NONE', #3004 ) ;
#3100 = CARTESIAN_POINT ( 'NONE',  ( 17.11411476945192689, 0.000000000000000000, -26.65515099297921253 ) ) ;
#3101 = VECTOR ( 'NONE', #1519, 1000.000000000000114 ) ;
#3102 = DIRECTION ( 'NONE',  ( 8.881784197001252323E-16, 0.000000000000000000, 1.000000000000000000 ) ) ;
#3103 = EDGE_CURVE ( 'NONE', #5753, #4010, #3507, .T. ) ;
#3104 = CARTESIAN_POINT ( 'NONE',  ( -0.1058167759897411103, 4.670000000000000817, 0.1832800323074458559 ) ) ;
#3105 = CARTESIAN_POINT ( 'NONE',  ( -14.63967357190306373, 0.000000000000000000, 23.35665843275935671 ) ) ;
#3106 = DIRECTION ( 'NONE',  ( 0.8660254037844197228, 0.000000000000000000, -0.5000000000000329736 ) ) ;
#3107 = CARTESIAN_POINT ( 'NONE',  ( 7.182992714690578318, 4.670000000000000817, -14.77861842789655711 ) ) ;
#3108 = CIRCLE ( 'NONE', #5829, 0.9000000000016876722 ) ;
#3109 = ORIENTED_EDGE ( 'NONE', *, *, #4895, .F. ) ;
#3110 = ORIENTED_EDGE ( 'NONE', *, *, #2470, .T. ) ;
#3111 =( BOUNDED_CURVE ( )  B_SPLINE_CURVE ( 3, ( #7116, #1925, #1282, #5721 ),
 .UNSPECIFIED., .F., .F. ) 
 B_SPLINE_CURVE_WITH_KNOTS ( ( 4, 4 ),
 ( 0.000000000000000000, 1.570796326794899223 ),
 .UNSPECIFIED. ) 
 CURVE ( )  GEOMETRIC_REPRESENTATION_ITEM ( )  RATIONAL_B_SPLINE_CURVE ( ( 1.000000000000000000, 0.8047378541243643824, 0.8047378541243643824, 1.000000000000000000 ) ) 
 REPRESENTATION_ITEM ( '' )  );
#3112 = CARTESIAN_POINT ( 'NONE',  ( 12.29462508638332707, 4.652225243045747582, -20.03065169147676983 ) ) ;
#3113 = AXIS2_PLACEMENT_3D ( 'NONE', #6907, #1213, #1170 ) ;
#3114 = ORIENTED_EDGE ( 'NONE', *, *, #5477, .F. ) ;
#3115 = LINE ( 'NONE', #4993, #1365 ) ;
#3116 = ORIENTED_EDGE ( 'NONE', *, *, #1434, .T. ) ;
#3117 = CARTESIAN_POINT ( 'NONE',  ( 27.24918328139936463, 0.000000000000000000, 14.57762276433424908 ) ) ;
#3118 = DIRECTION ( 'NONE',  ( -0.000000000000000000, 1.000000000000000000, -0.000000000000000000 ) ) ;
#3119 = EDGE_CURVE ( 'NONE', #3855, #1491, #5655, .T. ) ;
#3120 = DIRECTION ( 'NONE',  ( 0.000000000000000000, 0.000000000000000000, 1.000000000000000000 ) ) ;
#3121 = EDGE_LOOP ( 'NONE', ( #1289, #3163, #545, #5890, #2325 ) ) ;
#3122 = CIRCLE ( 'NONE', #7894, 1.500000000000001332 ) ;
#3123 = DIRECTION ( 'NONE',  ( 0.5000000000000057732, 0.000000000000000000, -0.8660254037844353769 ) ) ;
#3124 = DIRECTION ( 'NONE',  ( 0.000000000000000000, 1.000000000000000000, 0.000000000000000000 ) ) ;
#3125 = CIRCLE ( 'NONE', #6923, 0.9000000000017154278 ) ;
#3126 = CARTESIAN_POINT ( 'NONE',  ( -10.69066340616468480, 4.235407758176585880, 20.51677218609426845 ) ) ;
#3127 = ORIENTED_EDGE ( 'NONE', *, *, #2862, .F. ) ;
#3128 = CARTESIAN_POINT ( 'NONE',  ( 21.76932090785658502, 4.649847419183368302, -11.82891209833657520 ) ) ;
#3129 = CARTESIAN_POINT ( 'NONE',  ( -20.90152119364589467, 4.670000000000000817, 12.06749888762551848 ) ) ;
#3130 = DIRECTION ( 'NONE',  ( -0.000000000000000000, 1.000000000000000000, -0.000000000000000000 ) ) ;
#3131 = VERTEX_POINT ( 'NONE', #7691 ) ;
#3132 = EDGE_CURVE ( 'NONE', #7892, #5442, #1628, .T. ) ;
#3133 = VECTOR ( 'NONE', #3052, 1000.000000000000000 ) ;
#3134 = EDGE_CURVE ( 'NONE', #6571, #338, #1852, .T. ) ;
#3135 = DIRECTION ( 'NONE',  ( 0.000000000000000000, 1.000000000000000000, 0.000000000000000000 ) ) ;
#3136 = ORIENTED_EDGE ( 'NONE', *, *, #3103, .T. ) ;
#3137 = ORIENTED_EDGE ( 'NONE', *, *, #4818, .T. ) ;
#3138 = CIRCLE ( 'NONE', #8168, 23.13499999999999801 ) ;
#3139 = AXIS2_PLACEMENT_3D ( 'NONE', #7850, #4604, #776 ) ;
#3140 = VERTEX_POINT ( 'NONE', #6863 ) ;
#3141 = CARTESIAN_POINT ( 'NONE',  ( -12.06749888762499268, 4.670000000000000817, -20.90152119364775274 ) ) ;
#3142 = DIRECTION ( 'NONE',  ( 0.000000000000000000, 1.000000000000000000, 0.000000000000000000 ) ) ;
#3143 = ORIENTED_EDGE ( 'NONE', *, *, #8122, .F. ) ;
#3144 = EDGE_CURVE ( 'NONE', #6603, #6075, #4454, .T. ) ;
#3145 = AXIS2_PLACEMENT_3D ( 'NONE', #3554, #4752, #343 ) ;
#3146 = VERTEX_POINT ( 'NONE', #1036 ) ;
#3147 = CYLINDRICAL_SURFACE ( 'NONE', #8299, 0.5000000000000000000 ) ;
#3148 = FACE_OUTER_BOUND ( 'NONE', #467, .T. ) ;
#3149 = CYLINDRICAL_SURFACE ( 'NONE', #2993, 0.4999999999999993894 ) ;
#3150 = DIRECTION ( 'NONE',  ( 0.000000000000000000, 1.000000000000000000, 0.000000000000000000 ) ) ;
#3151 = AXIS2_PLACEMENT_3D ( 'NONE', #2227, #838, #7418 ) ;
#3152 = CARTESIAN_POINT ( 'NONE',  ( -20.94651235872340322, 4.670000000000000817, 12.96637362587735254 ) ) ;
#3153 = ORIENTED_EDGE ( 'NONE', *, *, #4687, .F. ) ;
#3154 = ADVANCED_FACE ( 'NONE', ( #5009 ), #5168, .T. ) ;
#3155 = VERTEX_POINT ( 'NONE', #7598 ) ;
#3156 = AXIS2_PLACEMENT_3D ( 'NONE', #7293, #1453, #4729 ) ;
#3157 = CARTESIAN_POINT ( 'NONE',  ( 12.92317536194722827, 4.662192170321852736, 21.18686058395432070 ) ) ;
#3158 = ORIENTED_EDGE ( 'NONE', *, *, #1446, .T. ) ;
#3159 = B_SPLINE_CURVE_WITH_KNOTS ( 'NONE', 3,
 ( #7311, #6067, #883, #7961 ),
 .UNSPECIFIED., .F., .F.,
 ( 4, 4 ),
 ( 0.0001818276790595609342, 0.0003668244205200175945 ),
 .UNSPECIFIED. ) ;
#3160 = CARTESIAN_POINT ( 'NONE',  ( -14.57762276433433968, 4.169999999999999929, 27.24918328139931845 ) ) ;
#3161 = CARTESIAN_POINT ( 'NONE',  ( 0.000000000000000000, 2.669999999999999929, 0.000000000000000000 ) ) ;
#3162 = ORIENTED_EDGE ( 'NONE', *, *, #5985, .T. ) ;
#3163 = ORIENTED_EDGE ( 'NONE', *, *, #2631, .F. ) ;
#3164 = DIRECTION ( 'NONE',  ( 0.9802340172108793270, 0.000000000000000000, 0.1978415312886091793 ) ) ;
#3165 = CARTESIAN_POINT ( 'NONE',  ( 0.000000000000000000, 4.670000000000000817, 24.63500000000000512 ) ) ;
#3166 = EDGE_LOOP ( 'NONE', ( #2295, #8404, #5095, #48 ) ) ;
#3167 = CARTESIAN_POINT ( 'NONE',  ( 0.000000000000000000, 0.000000000000000000, 0.000000000000000000 ) ) ;
#3168 = CARTESIAN_POINT ( 'NONE',  ( -11.19974067596788458, 4.652225243042778402, 20.66278350054750490 ) ) ;
#3169 = EDGE_CURVE ( 'NONE', #4477, #6150, #6375, .T. ) ;
#3170 = ORIENTED_EDGE ( 'NONE', *, *, #5620, .T. ) ;
#3171 = PLANE ( 'NONE',  #1753 ) ;
#3172 = DIRECTION ( 'NONE',  ( -0.000000000000000000, -1.000000000000000000, -0.000000000000000000 ) ) ;
#3173 = ORIENTED_EDGE ( 'NONE', *, *, #7202, .F. ) ;
#3174 = CARTESIAN_POINT ( 'NONE',  ( -0.2499999999998581968, 4.670000000000000817, -0.4330127018919581183 ) ) ;
#3175 = DIRECTION ( 'NONE',  ( -0.3187812165859059133, 0.000000000000000000, 0.9478283262025934963 ) ) ;
#3176 = DIRECTION ( 'NONE',  ( 0.000000000000000000, 0.000000000000000000, 1.000000000000000000 ) ) ;
#3177 = ORIENTED_EDGE ( 'NONE', *, *, #1440, .T. ) ;
#3178 = CIRCLE ( 'NONE', #5366, 1.000000000000084155 ) ;
#3179 = CARTESIAN_POINT ( 'NONE',  ( 10.70895168659620111, 4.298923624762632123, 20.52210424823726953 ) ) ;
#3180 = ORIENTED_EDGE ( 'NONE', *, *, #7512, .T. ) ;
#3181 = EDGE_CURVE ( 'NONE', #4531, #3957, #4420, .T. ) ;
#3182 = ORIENTED_EDGE ( 'NONE', *, *, #3861, .T. ) ;
#3183 = VERTEX_POINT ( 'NONE', #3088 ) ;
#3184 = EDGE_CURVE ( 'NONE', #4723, #2432, #4920, .T. ) ;
#3185 = CARTESIAN_POINT ( 'NONE',  ( 1.690000000000072555, 2.669999999999999929, -23.07319061161675933 ) ) ;
#3186 = LINE ( 'NONE', #7525, #1488 ) ;
#3187 = ORIENTED_EDGE ( 'NONE', *, *, #7472, .T. ) ;
#3188 = ORIENTED_EDGE ( 'NONE', *, *, #4677, .T. ) ;
#3189 = CARTESIAN_POINT ( 'NONE',  ( -1.690000000000251967, 2.669999999999999929, 24.35665843275937092 ) ) ;
#3190 = CARTESIAN_POINT ( 'NONE',  ( 0.000000000000000000, 4.670000000000000817, 0.000000000000000000 ) ) ;
#3191 = EDGE_CURVE ( 'NONE', #8330, #8199, #7208, .T. ) ;
#3192 = EDGE_CURVE ( 'NONE', #2913, #7066, #4499, .T. ) ;
#3193 = CARTESIAN_POINT ( 'NONE',  ( 20.55250958649708082, 4.459267797769300934, 10.81375028943203098 ) ) ;
#3194 = CARTESIAN_POINT ( 'NONE',  ( 0.000000000000000000, 2.669999999999999929, 0.000000000000000000 ) ) ;
#3195 = VERTEX_POINT ( 'NONE', #6601 ) ;
#3196 = LINE ( 'NONE', #4641, #7687 ) ;
#3197 = ORIENTED_EDGE ( 'NONE', *, *, #4982, .F. ) ;
#3198 = VECTOR ( 'NONE', #7078, 1000.000000000000000 ) ;
#3199 = CARTESIAN_POINT ( 'NONE',  ( -20.51677218609422937, 4.670000000000000817, -10.69066340616475586 ) ) ;
#3200 = ORIENTED_EDGE ( 'NONE', *, *, #7683, .T. ) ;
#3201 = CYLINDRICAL_SURFACE ( 'NONE', #4608, 25.13500000000000512 ) ;
#3202 = EDGE_CURVE ( 'NONE', #1880, #3787, #8383, .T. ) ;
#3203 = ORIENTED_EDGE ( 'NONE', *, *, #6493, .F. ) ;
#3204 = ORIENTED_EDGE ( 'NONE', *, *, #8298, .T. ) ;
#3205 = DIRECTION ( 'NONE',  ( -0.000000000000000000, -1.000000000000000000, -0.000000000000000000 ) ) ;
#3206 = CARTESIAN_POINT ( 'NONE',  ( -15.06371434019471423, 0.000000000000000000, 6.462191090617002587 ) ) ;
#3207 = VERTEX_POINT ( 'NONE', #3899 ) ;
#3208 = CARTESIAN_POINT ( 'NONE',  ( -11.07786495945561178, 4.628020370232033720, 20.62836367311965446 ) ) ;
#3209 = ADVANCED_FACE ( 'NONE', ( #2582 ), #632, .F. ) ;
#3210 = B_SPLINE_CURVE_WITH_KNOTS ( 'NONE', 3,
 ( #2405, #6267, #2315, #367, #7551, #2944, #1075, #4912, #1710, #3671 ),
 .UNSPECIFIED., .F., .F.,
 ( 4, 2, 2, 2, 4 ),
 ( 0.000000000000000000, 0.0002456609905573305260, 0.0004913219811146610520, 0.0007369829716719915238, 0.0009826439622293221040 ),
 .UNSPECIFIED. ) ;
#3211 = ORIENTED_EDGE ( 'NONE', *, *, #4948, .F. ) ;
#3212 = CARTESIAN_POINT ( 'NONE',  ( -17.11411476945176346, 4.670000000000000817, -25.65515099297929780 ) ) ;
#3213 = CARTESIAN_POINT ( 'NONE',  ( -6.462191090616951961, 4.169999999999999929, -15.06371434019473554 ) ) ;
#3214 = CARTESIAN_POINT ( 'NONE',  ( 1.690000000000081881, 2.669999999999999929, -24.35665843275937803 ) ) ;
#3215 = CARTESIAN_POINT ( 'NONE',  ( 11.82891209833689139, 4.649847419183624986, 21.76932090785539842 ) ) ;
#3216 = ORIENTED_EDGE ( 'NONE', *, *, #328, .F. ) ;
#3217 = EDGE_CURVE ( 'NONE', #7814, #4066, #7241, .T. ) ;
#3218 = VERTEX_POINT ( 'NONE', #6442 ) ;
#3219 = EDGE_LOOP ( 'NONE', ( #1021, #2568, #6951, #7350 ) ) ;
#3220 = VERTEX_POINT ( 'NONE', #4662 ) ;
#3221 = CARTESIAN_POINT ( 'NONE',  ( -3.075684002619826440, 0.000000000000000000, -1.775746986854781939 ) ) ;
#3222 = VECTOR ( 'NONE', #2091, 999.9999999999998863 ) ;
#3223 = ORIENTED_EDGE ( 'NONE', *, *, #3322, .F. ) ;
#3224 = EDGE_CURVE ( 'NONE', #6599, #3768, #5711, .T. ) ;
#3225 = VERTEX_POINT ( 'NONE', #7863 ) ;
#3226 = DIRECTION ( 'NONE',  ( 0.3187812165858939228, 0.000000000000000000, -0.9478283262025973821 ) ) ;
#3227 = DIRECTION ( 'NONE',  ( 0.000000000000000000, 1.000000000000000000, 0.000000000000000000 ) ) ;
#3228 = DIRECTION ( 'NONE',  ( 0.000000000000000000, 0.000000000000000000, 1.000000000000000000 ) ) ;
#3229 = VECTOR ( 'NONE', #4600, 1000.000000000000114 ) ;
#3230 = CARTESIAN_POINT ( 'NONE',  ( -12.42271421373346563, 4.235407758176823023, 19.51677218609431463 ) ) ;
#3231 = CARTESIAN_POINT ( 'NONE',  ( -8.235635466226478130, 4.670000000000000817, 15.26453906012021200 ) ) ;
#3232 = VERTEX_POINT ( 'NONE', #752 ) ;
#3233 = DIRECTION ( 'NONE',  ( 0.000000000000000000, 1.000000000000000000, 0.000000000000000000 ) ) ;
#3234 = FACE_OUTER_BOUND ( 'NONE', #600, .T. ) ;
#3235 = ORIENTED_EDGE ( 'NONE', *, *, #4250, .T. ) ;
#3236 = ADVANCED_FACE ( 'NONE', ( #7734 ), #4579, .T. ) ;
#3237 = EDGE_CURVE ( 'NONE', #4466, #4269, #5027, .T. ) ;
#3238 = DIRECTION ( 'NONE',  ( -0.000000000000000000, -1.000000000000000000, -0.000000000000000000 ) ) ;
#3239 = ORIENTED_EDGE ( 'NONE', *, *, #5767, .F. ) ;
#3240 = ORIENTED_EDGE ( 'NONE', *, *, #7640, .F. ) ;
#3241 = ORIENTED_EDGE ( 'NONE', *, *, #2974, .F. ) ;
#3242 = ADVANCED_FACE ( 'NONE', ( #4 ), #6481, .F. ) ;
#3243 = AXIS2_PLACEMENT_3D ( 'NONE', #3726, #6361, #1629 ) ;
#3244 = DIRECTION ( 'NONE',  ( 0.000000000000000000, 1.000000000000000000, 0.000000000000000000 ) ) ;
#3245 = ORIENTED_EDGE ( 'NONE', *, *, #1626, .T. ) ;
#3246 = CARTESIAN_POINT ( 'NONE',  ( 0.000000000000000000, 0.000000000000000000, 0.000000000000000000 ) ) ;
#3247 = CYLINDRICAL_SURFACE ( 'NONE', #319, 325.5254822644255910 ) ;
#3248 = ORIENTED_EDGE ( 'NONE', *, *, #6083, .F. ) ;
#3249 = CARTESIAN_POINT ( 'NONE',  ( -20.51677218609434306, 2.669999999999999929, 10.69066340616454269 ) ) ;
#3250 = DIRECTION ( 'NONE',  ( 0.000000000000000000, 0.000000000000000000, 1.000000000000000000 ) ) ;
#3251 = VECTOR ( 'NONE', #2949, 1000.000000000000000 ) ;
#3252 = DIRECTION ( 'NONE',  ( 0.8660254037844308250, 0.000000000000000000, -0.5000000000000134337 ) ) ;
#3253 = CARTESIAN_POINT ( 'NONE',  ( -13.38683433919757704, 4.633574727193286336, -9.481378148119175009 ) ) ;
#3254 = DIRECTION ( 'NONE',  ( -0.1978415312886077360, 0.000000000000000000, -0.9802340172108795491 ) ) ;
#3255 = B_SPLINE_CURVE_WITH_KNOTS ( 'NONE', 3,
 ( #3584, #7507, #332, #6814, #7414, #7456, #5397, #6087 ),
 .UNSPECIFIED., .F., .F.,
 ( 4, 2, 2, 4 ),
 ( 0.000000000000000000, 0.0001927721350688818775, 0.0003855442701377637549, 0.0007710885402755314130 ),
 .UNSPECIFIED. ) ;
#3256 = ORIENTED_EDGE ( 'NONE', *, *, #7245, .T. ) ;
#3257 = ADVANCED_FACE ( 'NONE', ( #1941 ), #5315, .T. ) ;
#3258 = VECTOR ( 'NONE', #6207, 1000.000000000000114 ) ;
#3259 = TOROIDAL_SURFACE ( 'NONE', #5460, 24.63500000000000512, 0.5000000000000000000 ) ;
#3260 = AXIS2_PLACEMENT_3D ( 'NONE', #209, #2787, #6689 ) ;
#3261 = VERTEX_POINT ( 'NONE', #666 ) ;
#3262 = EDGE_LOOP ( 'NONE', ( #2051, #5102, #5172, #4615, #4358, #6137, #1650, #1074, #4633, #7684 ) ) ;
#3263 = VERTEX_POINT ( 'NONE', #1978 ) ;
#3264 = CARTESIAN_POINT ( 'NONE',  ( -15.88930831464755578, 4.670000000000000817, -26.52108929809690352 ) ) ;
#3265 = DIRECTION ( 'NONE',  ( 0.000000000000000000, 0.000000000000000000, 1.000000000000000000 ) ) ;
#3266 = AXIS2_PLACEMENT_3D ( 'NONE', #6099, #4290, #2327 ) ;
#3267 = EDGE_LOOP ( 'NONE', ( #7938, #510, #5906, #3699, #2003, #6286, #2242 ) ) ;
#3268 = VERTEX_POINT ( 'NONE', #7165 ) ;
#3269 = DIRECTION ( 'NONE',  ( 0.9478283262025973821, -0.000000000000000000, 0.3187812165858939228 ) ) ;
#3270 = AXIS2_PLACEMENT_3D ( 'NONE', #187, #3878, #5834 ) ;
#3271 = VECTOR ( 'NONE', #2670, 1000.000000000000000 ) ;
#3272 = CARTESIAN_POINT ( 'NONE',  ( -17.34983200360586508, 4.372446826735315817, 26.67028524873406070 ) ) ;
#3273 = EDGE_CURVE ( 'NONE', #291, #4726, #2276, .T. ) ;
#3274 = CARTESIAN_POINT ( 'NONE',  ( -9.534673571903029554, 2.669999999999999929, 14.51453906012026707 ) ) ;
#3275 = DIRECTION ( 'NONE',  ( -0.8660254037844193897, 0.000000000000000000, 0.5000000000000333067 ) ) ;
#3276 = ORIENTED_EDGE ( 'NONE', *, *, #1643, .F. ) ;
#3277 = DIRECTION ( 'NONE',  ( 0.000000000000000000, 0.000000000000000000, 1.000000000000000000 ) ) ;
#3278 = DIRECTION ( 'NONE',  ( -0.3187812165858919244, 0.000000000000000000, -0.9478283262025980482 ) ) ;
#3279 = AXIS2_PLACEMENT_3D ( 'NONE', #3989, #2766, #915 ) ;
#3280 = VERTEX_POINT ( 'NONE', #2019 ) ;
#3281 = CARTESIAN_POINT ( 'NONE',  ( 14.80382363307409754, 4.669999999999999929, 7.079236612150271668 ) ) ;
#3282 = DIRECTION ( 'NONE',  ( 0.000000000000000000, 0.000000000000000000, 1.000000000000000000 ) ) ;
#3283 = CIRCLE ( 'NONE', #7489, 25.13500000000000512 ) ;
#3284 = AXIS2_PLACEMENT_3D ( 'NONE', #6249, #7834, #3307 ) ;
#3285 = EDGE_LOOP ( 'NONE', ( #2285, #2572, #4700, #1741 ) ) ;
#3286 = EDGE_CURVE ( 'NONE', #1051, #7607, #3694, .T. ) ;
#3287 = EDGE_LOOP ( 'NONE', ( #7495, #3012, #5492, #2943, #6843 ) ) ;
#3288 = CARTESIAN_POINT ( 'NONE',  ( 21.50031422186811270, 4.670000000000000817, -12.99056247284679344 ) ) ;
#3289 = CIRCLE ( 'NONE', #8048, 12.90862149930206293 ) ;
#3290 = CARTESIAN_POINT ( 'NONE',  ( -11.69152436717010168, 4.169999999999999929, -22.25031422186815178 ) ) ;
#3291 = VERTEX_POINT ( 'NONE', #939 ) ;
#3292 = CARTESIAN_POINT ( 'NONE',  ( 20.51677218609433595, 0.000000000000000000, 10.69066340616454625 ) ) ;
#3293 = AXIS2_PLACEMENT_3D ( 'NONE', #2698, #2057, #5388 ) ;
#3294 = ORIENTED_EDGE ( 'NONE', *, *, #603, .T. ) ;
#3295 = EDGE_CURVE ( 'NONE', #8005, #4130, #900, .T. ) ;
#3296 = CARTESIAN_POINT ( 'NONE',  ( 12.39212026871385852, 4.459267797768779573, 19.64123725407747756 ) ) ;
#3297 = CARTESIAN_POINT ( 'NONE',  ( 15.06371434019467692, 4.169999999999999929, 6.462191090617110056 ) ) ;
#3298 = LINE ( 'NONE', #7981, #5562 ) ;
#3299 = ORIENTED_EDGE ( 'NONE', *, *, #3625, .T. ) ;
#3300 = VECTOR ( 'NONE', #2294, 1000.000000000000000 ) ;
#3301 = AXIS2_PLACEMENT_3D ( 'NONE', #2293, #4802, #7315 ) ;
#3302 = EDGE_LOOP ( 'NONE', ( #3884, #1468, #3897, #6562 ) ) ;
#3303 = CARTESIAN_POINT ( 'NONE',  ( 20.00344712380561418, 4.670000000000000817, -12.12634585083932492 ) ) ;
#3304 = ORIENTED_EDGE ( 'NONE', *, *, #5115, .T. ) ;
#3305 = CARTESIAN_POINT ( 'NONE',  ( 27.24918328139932555, 4.670000000000000817, -14.57762276433428994 ) ) ;
#3306 = ADVANCED_FACE ( 'NONE', ( #7294 ), #6639, .F. ) ;
#3307 = DIRECTION ( 'NONE',  ( -0.5000000000000134337, 0.000000000000000000, -0.8660254037844308250 ) ) ;
#3308 = CARTESIAN_POINT ( 'NONE',  ( 28.28397579339507928, 4.434725036022658884, -14.52683141103565312 ) ) ;
#3309 = AXIS2_PLACEMENT_3D ( 'NONE', #7474, #4252, #6833 ) ;
#3310 = ORIENTED_EDGE ( 'NONE', *, *, #5930, .T. ) ;
#3311 = ORIENTED_EDGE ( 'NONE', *, *, #6191, .T. ) ;
#3312 = AXIS2_PLACEMENT_3D ( 'NONE', #5817, #5, #8015 ) ;
#3313 = PLANE ( 'NONE',  #4359 ) ;
#3314 = ORIENTED_EDGE ( 'NONE', *, *, #6372, .F. ) ;
#3315 = CARTESIAN_POINT ( 'NONE',  ( 7.802622764334153693, 4.670000000000000817, -15.51453906012027062 ) ) ;
#3316 = EDGE_CURVE ( 'NONE', #4066, #7856, #1983, .T. ) ;
#3317 = DIRECTION ( 'NONE',  ( -0.000000000000000000, -1.000000000000000000, -0.000000000000000000 ) ) ;
#3318 = CARTESIAN_POINT ( 'NONE',  ( -11.71248733530623198, 4.670000000000007923, 21.73088889083764386 ) ) ;
#3319 = ORIENTED_EDGE ( 'NONE', *, *, #934, .T. ) ;
#3320 = CARTESIAN_POINT ( 'NONE',  ( 22.25031422186815533, 4.169999999999999929, 11.69152436717008570 ) ) ;
#3321 = CARTESIAN_POINT ( 'NONE',  ( -12.93832888017098348, 4.649847419186716735, 21.12879883022202065 ) ) ;
#3322 = EDGE_CURVE ( 'NONE', #6716, #2375, #7261, .T. ) ;
#3323 = DIRECTION ( 'NONE',  ( 0.000000000000000000, 1.000000000000000000, 0.000000000000000000 ) ) ;
#3324 = CARTESIAN_POINT ( 'NONE',  ( 13.05678493813244501, 4.624213390367437171, -21.15890326730274040 ) ) ;
#3325 = CIRCLE ( 'NONE', #3059, 0.9000000000016876722 ) ;
#3326 = VERTEX_POINT ( 'NONE', #2745 ) ;
#3327 = EDGE_LOOP ( 'NONE', ( #2528, #124, #5182, #2172, #7463, #7460, #5177, #4249 ) ) ;
#3328 = CARTESIAN_POINT ( 'NONE',  ( 21.76932090785952312, 4.649847419182727037, 11.82891209833576163 ) ) ;
#3329 = AXIS2_PLACEMENT_3D ( 'NONE', #6268, #3852, #459 ) ;
#3330 = CARTESIAN_POINT ( 'NONE',  ( 0.000000000000000000, 4.670000000000000817, 0.000000000000000000 ) ) ;
#3331 = EDGE_CURVE ( 'NONE', #5069, #3497, #2986, .T. ) ;
#3332 = DIRECTION ( 'NONE',  ( 0.000000000000000000, 0.000000000000000000, 1.000000000000000000 ) ) ;
#3333 = ORIENTED_EDGE ( 'NONE', *, *, #7268, .T. ) ;
#3334 = CARTESIAN_POINT ( 'NONE',  ( 1.689999999999747704, 0.000000000000000000, 24.35665843275940645 ) ) ;
#3335 = AXIS2_PLACEMENT_3D ( 'NONE', #7875, #3387, #2859 ) ;
#3336 = ORIENTED_EDGE ( 'NONE', *, *, #4655, .T. ) ;
#3337 = CARTESIAN_POINT ( 'NONE',  ( 12.00865192441238349, 4.670000000000000817, -21.79959526349201226 ) ) ;
#3338 = DIRECTION ( 'NONE',  ( -0.4999999999999992784, -0.000000000000000000, 0.8660254037844390407 ) ) ;
#3339 = CARTESIAN_POINT ( 'NONE',  ( -13.12827881868112101, 4.253898653211590997, -9.814463748652093145 ) ) ;
#3340 = DIRECTION ( 'NONE',  ( -0.000000000000000000, -1.000000000000000000, -0.000000000000000000 ) ) ;
#3341 = ORIENTED_EDGE ( 'NONE', *, *, #1336, .T. ) ;
#3342 = EDGE_CURVE ( 'NONE', #3448, #5503, #4618, .T. ) ;
#3343 = EDGE_CURVE ( 'NONE', #5030, #3146, #983, .T. ) ;
#3344 = FACE_OUTER_BOUND ( 'NONE', #778, .T. ) ;
#3345 = ORIENTED_EDGE ( 'NONE', *, *, #888, .T. ) ;
#3346 = CARTESIAN_POINT ( 'NONE',  ( 21.25031422186817665, 4.169999999999999929, 13.42357517473893047 ) ) ;
#3347 = CARTESIAN_POINT ( 'NONE',  ( 0.000000000000000000, 4.670000000000000817, 0.000000000000000000 ) ) ;
#3348 = DIRECTION ( 'NONE',  ( 0.000000000000000000, 0.000000000000000000, 1.000000000000000000 ) ) ;
#3349 = ORIENTED_EDGE ( 'NONE', *, *, #7714, .F. ) ;
#3350 = ADVANCED_FACE ( 'NONE', ( #3492 ), #5976, .T. ) ;
#3351 = ORIENTED_EDGE ( 'NONE', *, *, #5234, .F. ) ;
#3352 = DIRECTION ( 'NONE',  ( 0.000000000000000000, 1.000000000000000000, 0.000000000000000000 ) ) ;
#3353 = AXIS2_PLACEMENT_3D ( 'NONE', #4398, #7623, #1109 ) ;
#3354 = DIRECTION ( 'NONE',  ( 0.000000000000000000, 0.000000000000000000, 1.000000000000000000 ) ) ;
#3355 = DIRECTION ( 'NONE',  ( -0.000000000000000000, -1.000000000000000000, -0.000000000000000000 ) ) ;
#3356 = EDGE_LOOP ( 'NONE', ( #4035, #6250, #2678, #1092, #6515, #106 ) ) ;
#3357 = CARTESIAN_POINT ( 'NONE',  ( 10.69066340616454092, 0.000000000000000000, -20.51677218609433950 ) ) ;
#3358 = DIRECTION ( 'NONE',  ( 0.000000000000000000, 0.000000000000000000, -1.000000000000000000 ) ) ;
#3359 = EDGE_CURVE ( 'NONE', #380, #6414, #4772, .T. ) ;
#3360 = FACE_OUTER_BOUND ( 'NONE', #5824, .T. ) ;
#3361 = CARTESIAN_POINT ( 'NONE',  ( 13.12827881868120095, 4.169999999999999929, -9.814463748652007880 ) ) ;
#3362 = CARTESIAN_POINT ( 'NONE',  ( 11.69152436717008925, 4.670000000000000817, -22.25031422186815178 ) ) ;
#3363 = CARTESIAN_POINT ( 'NONE',  ( 0.000000000000000000, 4.670000000000000817, 0.000000000000000000 ) ) ;
#3364 = ORIENTED_EDGE ( 'NONE', *, *, #6029, .F. ) ;
#3365 = CARTESIAN_POINT ( 'NONE',  ( -19.51677218609430042, 4.169999999999999929, 12.42271421373348161 ) ) ;
#3366 = CARTESIAN_POINT ( 'NONE',  ( 17.21105046170164954, 4.493547649768471430, -26.76710631880894553 ) ) ;
#3367 = ORIENTED_EDGE ( 'NONE', *, *, #699, .T. ) ;
#3368 = CARTESIAN_POINT ( 'NONE',  ( 26.24918328139943213, 4.670000000000000817, -16.30967357190300149 ) ) ;
#3369 = ORIENTED_EDGE ( 'NONE', *, *, #2817, .F. ) ;
#3370 = CARTESIAN_POINT ( 'NONE',  ( 28.41310023613415581, 4.216521185564822360, 14.30585555931134323 ) ) ;
#3371 = DIRECTION ( 'NONE',  ( -0.9478283262025959388, 0.000000000000000000, 0.3187812165858981972 ) ) ;
#3372 = CARTESIAN_POINT ( 'NONE',  ( 15.02328291086361745, 4.670000000000000817, 27.02108929809701365 ) ) ;
#3373 = EDGE_CURVE ( 'NONE', #3787, #2580, #7970, .T. ) ;
#3374 = VECTOR ( 'NONE', #3130, 1000.000000000000000 ) ;
#3375 = ORIENTED_EDGE ( 'NONE', *, *, #5828, .T. ) ;
#3376 = LINE ( 'NONE', #4701, #683 ) ;
#3377 =( BOUNDED_CURVE ( )  B_SPLINE_CURVE ( 3, ( #3708, #7720, #487, #5764 ),
 .UNSPECIFIED., .F., .F. ) 
 B_SPLINE_CURVE_WITH_KNOTS ( ( 4, 4 ),
 ( 0.000000000000000000, 1.570796326794896558 ),
 .UNSPECIFIED. ) 
 CURVE ( )  GEOMETRIC_REPRESENTATION_ITEM ( )  RATIONAL_B_SPLINE_CURVE ( ( 1.000000000000000000, 0.8047378541243649375, 0.8047378541243649375, 1.000000000000000000 ) ) 
 REPRESENTATION_ITEM ( '' )  );
#3378 = PLANE ( 'NONE',  #3529 ) ;
#3379 = DIRECTION ( 'NONE',  ( 0.000000000000000000, 0.000000000000000000, 1.000000000000000000 ) ) ;
#3380 = AXIS2_PLACEMENT_3D ( 'NONE', #3676, #6999, #7513 ) ;
#3381 = CARTESIAN_POINT ( 'NONE',  ( -13.12827881868112456, 4.670000000000000817, -9.814463748652098474 ) ) ;
#3382 = EDGE_LOOP ( 'NONE', ( #2181, #6253, #4137, #8391 ) ) ;
#3383 = CARTESIAN_POINT ( 'NONE',  ( 21.25031422186818020, 4.670000000000000817, 13.42357517473893225 ) ) ;
#3384 = EDGE_CURVE ( 'NONE', #108, #5380, #6723, .T. ) ;
#3385 = CARTESIAN_POINT ( 'NONE',  ( 11.69152436717008392, 4.169999999999999929, 22.25031422186815178 ) ) ;
#3386 = ADVANCED_FACE ( 'NONE', ( #1609 ), #3514, .T. ) ;
#3387 = DIRECTION ( 'NONE',  ( 0.000000000000000000, 1.000000000000000000, 0.000000000000000000 ) ) ;
#3388 = EDGE_LOOP ( 'NONE', ( #3548, #5638, #8006, #5309, #6008, #1066 ) ) ;
#3389 = VECTOR ( 'NONE', #4237, 1000.000000000000114 ) ;
#3390 = ORIENTED_EDGE ( 'NONE', *, *, #2150, .T. ) ;
#3391 = PLANE ( 'NONE',  #3947 ) ;
#3392 = AXIS2_PLACEMENT_3D ( 'NONE', #2885, #4720, #6589 ) ;
#3393 = AXIS2_PLACEMENT_3D ( 'NONE', #7773, #658, #7682 ) ;
#3394 = CARTESIAN_POINT ( 'NONE',  ( -10.69066340616468302, 0.000000000000000000, 20.51677218609426490 ) ) ;
#3395 = DIRECTION ( 'NONE',  ( -0.000000000000000000, -1.000000000000000000, -0.000000000000000000 ) ) ;
#3396 = FACE_OUTER_BOUND ( 'NONE', #3067, .T. ) ;
#3397 = ADVANCED_FACE ( 'NONE', ( #829 ), #2897, .F. ) ;
#3398 = ORIENTED_EDGE ( 'NONE', *, *, #1743, .T. ) ;
#3399 = CARTESIAN_POINT ( 'NONE',  ( 12.06749888762737655, 4.670000000000000817, 20.90152119364642047 ) ) ;
#3400 = VECTOR ( 'NONE', #69, 1000.000000000000000 ) ;
#3401 = CARTESIAN_POINT ( 'NONE',  ( -4.259940106989818176, 4.670000000000000817, -7.378432702499878815 ) ) ;
#3402 = EDGE_LOOP ( 'NONE', ( #7211, #4590, #4418, #3245, #1820, #1700, #1646, #2230, #5056, #7866 ) ) ;
#3403 = FACE_OUTER_BOUND ( 'NONE', #4651, .T. ) ;
#3404 = FACE_OUTER_BOUND ( 'NONE', #3587, .T. ) ;
#3405 = AXIS2_PLACEMENT_3D ( 'NONE', #1583, #2278, #3008 ) ;
#3406 = ADVANCED_FACE ( 'NONE', ( #5043 ), #7633, .F. ) ;
#3407 = ORIENTED_EDGE ( 'NONE', *, *, #4719, .F. ) ;
#3408 = CIRCLE ( 'NONE', #7788, 1.000000000000075495 ) ;
#3409 = DIRECTION ( 'NONE',  ( 0.000000000000000000, 1.000000000000000000, 0.000000000000000000 ) ) ;
#3410 = ORIENTED_EDGE ( 'NONE', *, *, #1396, .F. ) ;
#3411 = DIRECTION ( 'NONE',  ( -0.5000000000000082157, 0.000000000000000000, 0.8660254037844339337 ) ) ;
#3412 = ORIENTED_EDGE ( 'NONE', *, *, #5750, .F. ) ;
#3413 = LINE ( 'NONE', #899, #1382 ) ;
#3414 = CARTESIAN_POINT ( 'NONE',  ( 15.05153013955469277, 4.334667316485930399, -6.495557463048296398 ) ) ;
#3415 = FACE_OUTER_BOUND ( 'NONE', #4018, .T. ) ;
#3416 = CARTESIAN_POINT ( 'NONE',  ( 22.00077121316080664, 4.573863308493514523, -11.76331974752875986 ) ) ;
#3417 = CIRCLE ( 'NONE', #8184, 1.000000000000070166 ) ;
#3418 = VERTEX_POINT ( 'NONE', #3036 ) ;
#3419 = CARTESIAN_POINT ( 'NONE',  ( 6.462191090617060318, 0.000000000000000000, 15.06371434019469113 ) ) ;
#3420 = CARTESIAN_POINT ( 'NONE',  ( -20.90152119364758221, -7.859999999999998543, -11.16749888762527654 ) ) ;
#3421 = ADVANCED_FACE ( 'NONE', ( #4361 ), #1799, .T. ) ;
#3422 = DIRECTION ( 'NONE',  ( 0.000000000000000000, 1.000000000000000000, 0.000000000000000000 ) ) ;
#3423 = AXIS2_PLACEMENT_3D ( 'NONE', #5311, #7940, #162 ) ;
#3424 = VECTOR ( 'NONE', #1374, 1000.000000000000000 ) ;
#3425 = LINE ( 'NONE', #7869, #6100 ) ;
#3426 = ORIENTED_EDGE ( 'NONE', *, *, #1100, .T. ) ;
#3427 = DIRECTION ( 'NONE',  ( -0.3187812165858770475, 0.000000000000000000, 0.9478283262026030442 ) ) ;
#3428 = DIRECTION ( 'NONE',  ( 0.4999999999999888978, -0.000000000000000000, 0.8660254037844450359 ) ) ;
#3429 = B_SPLINE_CURVE_WITH_KNOTS ( 'NONE', 3,
 ( #7998, #261, #3318, #345 ),
 .UNSPECIFIED., .F., .F.,
 ( 4, 4 ),
 ( 0.0001010891641044674356, 0.0002860823888226893806 ),
 .UNSPECIFIED. ) ;
#3430 = ORIENTED_EDGE ( 'NONE', *, *, #8296, .T. ) ;
#3431 =( BOUNDED_CURVE ( )  B_SPLINE_CURVE ( 3, ( #3883, #7807, #5260, #6546 ),
 .UNSPECIFIED., .F., .F. ) 
 B_SPLINE_CURVE_WITH_KNOTS ( ( 4, 4 ),
 ( 3.141592653589793116, 4.712388980384691450 ),
 .UNSPECIFIED. ) 
 CURVE ( )  GEOMETRIC_REPRESENTATION_ITEM ( )  RATIONAL_B_SPLINE_CURVE ( ( 1.000000000000000000, 0.8047378541243646044, 0.8047378541243646044, 1.000000000000000000 ) ) 
 REPRESENTATION_ITEM ( '' )  );
#3432 = ORIENTED_EDGE ( 'NONE', *, *, #2778, .T. ) ;
#3433 = ADVANCED_FACE ( 'NONE', ( #8236 ), #4065, .T. ) ;
#3434 = EDGE_CURVE ( 'NONE', #2802, #6266, #3574, .T. ) ;
#3435 = CARTESIAN_POINT ( 'NONE',  ( 21.70246513433422564, 4.670000000000000817, 11.65702501039641348 ) ) ;
#3436 = LINE ( 'NONE', #1007, #8317 ) ;
#3437 = CARTESIAN_POINT ( 'NONE',  ( -4.121320747478347535, 0.000000000000000000, 2.379445642973405217 ) ) ;
#3438 = ORIENTED_EDGE ( 'NONE', *, *, #1732, .F. ) ;
#3439 = CARTESIAN_POINT ( 'NONE',  ( -9.814463748652045183, 4.169999999999999929, 13.12827881868115831 ) ) ;
#3440 = EDGE_CURVE ( 'NONE', #4548, #6185, #5844, .T. ) ;
#3441 = CARTESIAN_POINT ( 'NONE',  ( 7.962013372627101404, 4.169999999999999929, -15.04062489701897221 ) ) ;
#3442 = ADVANCED_FACE ( 'NONE', ( #1657 ), #4997, .F. ) ;
#3443 = CARTESIAN_POINT ( 'NONE',  ( 0.000000000000000000, 4.670000000000000817, 0.000000000000000000 ) ) ;
#3444 = CARTESIAN_POINT ( 'NONE',  ( 3.133803367899199888, 0.000000000000000000, 5.427906654126693375 ) ) ;
#3445 = EDGE_LOOP ( 'NONE', ( #665, #3127, #5993, #1903, #2672 ) ) ;
#3446 = DIRECTION ( 'NONE',  ( -1.000000000000000000, -0.000000000000000000, -0.000000000000000000 ) ) ;
#3447 = ADVANCED_FACE ( 'NONE', ( #6166 ), #1703, .F. ) ;
#3448 = VERTEX_POINT ( 'NONE', #6213 ) ;
#3449 = CARTESIAN_POINT ( 'NONE',  ( 12.06749888762737655, 4.670000000000000817, 21.80152119364926477 ) ) ;
#3450 = ORIENTED_EDGE ( 'NONE', *, *, #2639, .T. ) ;
#3451 = DIRECTION ( 'NONE',  ( 0.000000000000000000, -0.000000000000000000, 1.000000000000000000 ) ) ;
#3452 = CARTESIAN_POINT ( 'NONE',  ( 14.77510171309873677, 4.670000000000000817, -7.172536509220895695 ) ) ;
#3453 = DIRECTION ( 'NONE',  ( 0.000000000000000000, 0.000000000000000000, -1.000000000000000000 ) ) ;
#3454 = CARTESIAN_POINT ( 'NONE',  ( -20.66278350054805202, 4.652225243042958702, 11.19974067596925060 ) ) ;
#3455 = CARTESIAN_POINT ( 'NONE',  ( -25.65515099297923740, 0.000000000000000000, 17.11411476945184873 ) ) ;
#3456 = B_SPLINE_CURVE_WITH_KNOTS ( 'NONE', 3,
 ( #1120, #4860, #4233, #987, #2992, #7590 ),
 .UNSPECIFIED., .F., .F.,
 ( 4, 2, 4 ),
 ( -1.477143756510914902E-05, 0.0003797396612298640801, 0.0007742507600248373176 ),
 .UNSPECIFIED. ) ;
#3457 = EDGE_CURVE ( 'NONE', #1491, #3788, #730, .T. ) ;
#3458 = LINE ( 'NONE', #2024, #4493 ) ;
#3459 = PLANE ( 'NONE',  #3006 ) ;
#3460 = ORIENTED_EDGE ( 'NONE', *, *, #4961, .F. ) ;
#3461 = DIRECTION ( 'NONE',  ( 0.000000000000000000, 0.000000000000000000, 1.000000000000000000 ) ) ;
#3462 = AXIS2_PLACEMENT_3D ( 'NONE', #2645, #6587, #773 ) ;
#3463 = CARTESIAN_POINT ( 'NONE',  ( -15.02328291086361567, 4.670000000000000817, 27.02108929809660864 ) ) ;
#3464 = CARTESIAN_POINT ( 'NONE',  ( -20.01649461007576036, 4.663166634937309318, -12.24034261925234013 ) ) ;
#3465 = ORIENTED_EDGE ( 'NONE', *, *, #7156, .F. ) ;
#3466 = CARTESIAN_POINT ( 'NONE',  ( -15.51453906012026884, 2.669999999999999929, 7.802622764334148364 ) ) ;
#3467 = DIRECTION ( 'NONE',  ( -0.5000000000000026645, -0.000000000000000000, -0.8660254037844372643 ) ) ;
#3468 = VERTEX_POINT ( 'NONE', #450 ) ;
#3469 = ADVANCED_FACE ( 'NONE', ( #4409 ), #3684, .T. ) ;
#3470 = B_SPLINE_CURVE_WITH_KNOTS ( 'NONE', 3,
 ( #2043, #688, #4681, #6586 ),
 .UNSPECIFIED., .F., .F.,
 ( 4, 4 ),
 ( 9.589639512084400716E-05, 0.0002648171892376981933 ),
 .UNSPECIFIED. ) ;
#3471 = DIRECTION ( 'NONE',  ( 0.9802340172108795491, 0.000000000000000000, -0.1978415312886077360 ) ) ;
#3472 = PLANE ( 'NONE',  #5989 ) ;
#3473 = CARTESIAN_POINT ( 'NONE',  ( -16.26425990897096341, 4.431339364531992508, 26.27899918360008868 ) ) ;
#3474 = ORIENTED_EDGE ( 'NONE', *, *, #701, .F. ) ;
#3475 = ADVANCED_FACE ( 'NONE', ( #7586 ), #6987, .F. ) ;
#3476 = DIRECTION ( 'NONE',  ( 0.000000000000000000, 0.000000000000000000, -1.000000000000000000 ) ) ;
#3477 = B_SPLINE_CURVE_WITH_KNOTS ( 'NONE', 3,
 ( #5091, #7635, #2534, #1802 ),
 .UNSPECIFIED., .F., .F.,
 ( 4, 4 ),
 ( 0.0001010891641038689018, 0.0002860823888198613476 ),
 .UNSPECIFIED. ) ;
#3478 = CARTESIAN_POINT ( 'NONE',  ( -12.06749888762342060, 4.670000000000000817, 20.00152119364688019 ) ) ;
#3479 = CARTESIAN_POINT ( 'NONE',  ( 14.85990020836380232, 4.670000000000000817, -7.424666847050658269 ) ) ;
#3480 = DIRECTION ( 'NONE',  ( 0.000000000000000000, -0.000000000000000000, 1.000000000000000000 ) ) ;
#3481 = ORIENTED_EDGE ( 'NONE', *, *, #5685, .F. ) ;
#3482 = EDGE_CURVE ( 'NONE', #2023, #2985, #2989, .T. ) ;
#3483 = LINE ( 'NONE', #8098, #6881 ) ;
#3484 = EDGE_CURVE ( 'NONE', #7856, #5145, #3753, .T. ) ;
#3485 = CIRCLE ( 'NONE', #1445, 0.9000000000012297052 ) ;
#3486 = CARTESIAN_POINT ( 'NONE',  ( -14.30585555931143382, 4.169999999999999929, 28.41310023613409186 ) ) ;
#3487 = ORIENTED_EDGE ( 'NONE', *, *, #7737, .T. ) ;
#3488 = CARTESIAN_POINT ( 'NONE',  ( 11.77059780046672977, 4.662126207124847710, 21.75328838229590644 ) ) ;
#3489 = B_SPLINE_CURVE_WITH_KNOTS ( 'NONE', 3,
 ( #1184, #7530, #5669, #4983, #3062, #6880 ),
 .UNSPECIFIED., .F., .F.,
 ( 4, 2, 4 ),
 ( -1.477143756511875607E-05, 0.0003797396612298610443, 0.0007742507600248407871 ),
 .UNSPECIFIED. ) ;
#3490 = ORIENTED_EDGE ( 'NONE', *, *, #4564, .T. ) ;
#3491 = CARTESIAN_POINT ( 'NONE',  ( 11.69152436717008925, 0.000000000000000000, -22.25031422186815178 ) ) ;
#3492 = FACE_OUTER_BOUND ( 'NONE', #1302, .T. ) ;
#3493 = CARTESIAN_POINT ( 'NONE',  ( -22.25031422186802388, 4.296427799499577205, -11.69152436717032728 ) ) ;
#3494 = EDGE_CURVE ( 'NONE', #4286, #5135, #1024, .T. ) ;
#3495 = AXIS2_PLACEMENT_3D ( 'NONE', #3698, #8270, #3605 ) ;
#3496 = CARTESIAN_POINT ( 'NONE',  ( 20.94651235872220951, 4.670000000000000817, -12.96637362587928344 ) ) ;
#3497 = VERTEX_POINT ( 'NONE', #971 ) ;
#3498 = CARTESIAN_POINT ( 'NONE',  ( 21.23354704571777063, 4.413147668298189608, 13.35550006447053484 ) ) ;
#3499 = CARTESIAN_POINT ( 'NONE',  ( 11.23484719286572187, 4.670000000000000817, -20.55509947484048894 ) ) ;
#3500 = CARTESIAN_POINT ( 'NONE',  ( 9.007166899749440958, 4.670000000000000817, -14.60087070261886488 ) ) ;
#3501 = ORIENTED_EDGE ( 'NONE', *, *, #537, .T. ) ;
#3502 = DIRECTION ( 'NONE',  ( 0.000000000000000000, 0.000000000000000000, -1.000000000000000000 ) ) ;
#3503 = AXIS2_PLACEMENT_3D ( 'NONE', #4966, #7559, #3677 ) ;
#3504 = LINE ( 'NONE', #6733, #7877 ) ;
#3505 = EDGE_CURVE ( 'NONE', #2127, #7444, #8135, .T. ) ;
#3506 = ORIENTED_EDGE ( 'NONE', *, *, #2892, .F. ) ;
#3507 = CIRCLE ( 'NONE', #4479, 0.9000000000012973178 ) ;
#3508 = DIRECTION ( 'NONE',  ( 0.000000000000000000, 0.000000000000000000, 1.000000000000000000 ) ) ;
#3509 = ORIENTED_EDGE ( 'NONE', *, *, #5749, .T. ) ;
#3510 = DIRECTION ( 'NONE',  ( -0.000000000000000000, -1.000000000000000000, -0.000000000000000000 ) ) ;
#3511 = CARTESIAN_POINT ( 'NONE',  ( -20.51677218609435016, 0.000000000000000000, 10.69066340616452848 ) ) ;
#3512 = LINE ( 'NONE', #2629, #5088 ) ;
#3513 = AXIS2_PLACEMENT_3D ( 'NONE', #1617, #3422, #4189 ) ;
#3514 = TOROIDAL_SURFACE ( 'NONE', #8159, 1.500000000000001110, 0.5000000000000000000 ) ;
#3515 = ORIENTED_EDGE ( 'NONE', *, *, #538, .F. ) ;
#3516 = DIRECTION ( 'NONE',  ( -0.000000000000000000, -1.000000000000000000, -0.000000000000000000 ) ) ;
#3517 = CIRCLE ( 'NONE', #5851, 0.9000000000012973178 ) ;
#3518 = CARTESIAN_POINT ( 'NONE',  ( -28.31760342743045200, 4.444986300354583975, 14.50846092329834569 ) ) ;
#3519 = CARTESIAN_POINT ( 'NONE',  ( 20.51677218609433595, 4.302115208749006214, -10.69066340616453914 ) ) ;
#3520 = ORIENTED_EDGE ( 'NONE', *, *, #7182, .F. ) ;
#3521 = EDGE_CURVE ( 'NONE', #5123, #4911, #581, .T. ) ;
#3522 = CARTESIAN_POINT ( 'NONE',  ( -14.84233174091482788, 4.670000000000000817, 7.015474586762705300 ) ) ;
#3523 = VERTEX_POINT ( 'NONE', #6071 ) ;
#3524 = CIRCLE ( 'NONE', #5866, 1.500000000000075939 ) ;
#3525 = FACE_OUTER_BOUND ( 'NONE', #8320, .T. ) ;
#3526 = ORIENTED_EDGE ( 'NONE', *, *, #5295, .T. ) ;
#3527 = LINE ( 'NONE', #322, #3826 ) ;
#3528 = AXIS2_PLACEMENT_3D ( 'NONE', #2196, #963, #2239 ) ;
#3529 = AXIS2_PLACEMENT_3D ( 'NONE', #869, #1462, #5982 ) ;
#3530 = ADVANCED_FACE ( 'NONE', ( #2162 ), #1558, .T. ) ;
#3531 = ORIENTED_EDGE ( 'NONE', *, *, #1774, .F. ) ;
#3532 = LINE ( 'NONE', #3741, #8336 ) ;
#3533 = CARTESIAN_POINT ( 'NONE',  ( -13.05678493813473651, 4.624213390366577414, -21.15890326730320226 ) ) ;
#3534 = PLANE ( 'NONE',  #1000 ) ;
#3535 = CARTESIAN_POINT ( 'NONE',  ( -26.76712113102696478, 4.493594777831583009, -17.21131784819732502 ) ) ;
#3536 = CIRCLE ( 'NONE', #7087, 23.13499999999999801 ) ;
#3537 = CARTESIAN_POINT ( 'NONE',  ( -27.24918328139926516, 4.670000000000000817, -14.57762276433443560 ) ) ;
#3538 = DIRECTION ( 'NONE',  ( 0.000000000000000000, 0.000000000000000000, 1.000000000000000000 ) ) ;
#3539 = CARTESIAN_POINT ( 'NONE',  ( -17.45353882510994126, 4.169999999999999929, -26.59578445530170399 ) ) ;
#3540 = DIRECTION ( 'NONE',  ( -0.000000000000000000, -1.000000000000000000, -0.000000000000000000 ) ) ;
#3541 = EDGE_CURVE ( 'NONE', #523, #1627, #5874, .T. ) ;
#3542 = CARTESIAN_POINT ( 'NONE',  ( 14.37984667811578454, 4.329346178387002197, -28.37947392254286427 ) ) ;
#3543 = CIRCLE ( 'NONE', #7352, 0.5000000000000004441 ) ;
#3544 = VECTOR ( 'NONE', #3772, 1000.000000000000000 ) ;
#3545 = ORIENTED_EDGE ( 'NONE', *, *, #1743, .F. ) ;
#3546 = CARTESIAN_POINT ( 'NONE',  ( -26.59578445530160451, 4.169999999999999929, 17.45353882511000521 ) ) ;
#3547 = CARTESIAN_POINT ( 'NONE',  ( -12.93832888017098348, 4.649847419186716735, 21.12879883022202065 ) ) ;
#3548 = ORIENTED_EDGE ( 'NONE', *, *, #253, .F. ) ;
#3549 = AXIS2_PLACEMENT_3D ( 'NONE', #5390, #4019, #7326 ) ;
#3550 = CARTESIAN_POINT ( 'NONE',  ( 14.30585555931123487, 0.000000000000000000, -28.41310023613419133 ) ) ;
#3551 = ADVANCED_FACE ( 'NONE', ( #7437 ), #4174, .T. ) ;
#3552 = DIRECTION ( 'NONE',  ( 0.000000000000000000, 1.000000000000000000, 0.000000000000000000 ) ) ;
#3553 = ORIENTED_EDGE ( 'NONE', *, *, #8107, .F. ) ;
#3554 = CARTESIAN_POINT ( 'NONE',  ( -24.35665843275942066, 2.669999999999999929, 12.90762276433406797 ) ) ;
#3555 = DIRECTION ( 'NONE',  ( 0.5000000000000242029, 0.000000000000000000, 0.8660254037844247188 ) ) ;
#3556 = CARTESIAN_POINT ( 'NONE',  ( 0.4330127018917420689, 4.670000000000000817, -0.2499999999997398470 ) ) ;
#3557 = AXIS2_PLACEMENT_3D ( 'NONE', #3368, #7323, #5352 ) ;
#3558 = ORIENTED_EDGE ( 'NONE', *, *, #3482, .F. ) ;
#3559 = LINE ( 'NONE', #3439, #5539 ) ;
#3560 = AXIS2_PLACEMENT_3D ( 'NONE', #8178, #1738, #3564 ) ;
#3561 = CARTESIAN_POINT ( 'NONE',  ( 14.30585555931259556, 4.216821172972164966, 28.41310023613311131 ) ) ;
#3562 = EDGE_CURVE ( 'NONE', #3030, #2011, #6557, .T. ) ;
#3563 = CARTESIAN_POINT ( 'NONE',  ( 0.000000000000000000, 4.670000000000000817, 0.000000000000000000 ) ) ;
#3564 = DIRECTION ( 'NONE',  ( -0.4999999999999445444, 0.000000000000000000, -0.8660254037844707931 ) ) ;
#3565 = ORIENTED_EDGE ( 'NONE', *, *, #3237, .F. ) ;
#3566 = CIRCLE ( 'NONE', #6830, 23.13499999999999446 ) ;
#3567 = ORIENTED_EDGE ( 'NONE', *, *, #4643, .F. ) ;
#3568 = EDGE_CURVE ( 'NONE', #5155, #4726, #6837, .T. ) ;
#3569 = CARTESIAN_POINT ( 'NONE',  ( 12.41818777478763991, 4.298923624765219387, -19.53527633261198559 ) ) ;
#3570 = ORIENTED_EDGE ( 'NONE', *, *, #7826, .F. ) ;
#3571 = CIRCLE ( 'NONE', #6445, 0.5000000000000004441 ) ;
#3572 = ORIENTED_EDGE ( 'NONE', *, *, #7958, .F. ) ;
#3573 = CARTESIAN_POINT ( 'NONE',  ( -20.51677218609434306, 0.000000000000000000, 10.69066340616454269 ) ) ;
#3574 = LINE ( 'NONE', #1117, #1475 ) ;
#3575 = CARTESIAN_POINT ( 'NONE',  ( -0.2499999999999989175, 4.169999999999999929, -0.4330127018922205751 ) ) ;
#3576 = DIRECTION ( 'NONE',  ( -0.5000000000000135447, 0.000000000000000000, -0.8660254037844309360 ) ) ;
#3577 = DIRECTION ( 'NONE',  ( 0.5000000000000062172, 0.000000000000000000, -0.8660254037844350439 ) ) ;
#3578 = ADVANCED_FACE ( 'NONE', ( #5533 ), #1521, .T. ) ;
#3579 = CARTESIAN_POINT ( 'NONE',  ( -25.65515099297898871, 4.670000000000000817, -17.11411476945219334 ) ) ;
#3580 = B_SPLINE_CURVE_WITH_KNOTS ( 'NONE', 3,
 ( #2728, #4003, #7110, #735 ),
 .UNSPECIFIED., .F., .F.,
 ( 4, 4 ),
 ( 0.0002924434288580138579, 0.0004782209977614630355 ),
 .UNSPECIFIED. ) ;
#3581 = VERTEX_POINT ( 'NONE', #4134 ) ;
#3582 = CARTESIAN_POINT ( 'NONE',  ( -19.51677218609430398, 4.235407758176527260, 12.42271421373348339 ) ) ;
#3583 = ORIENTED_EDGE ( 'NONE', *, *, #392, .F. ) ;
#3584 = CARTESIAN_POINT ( 'NONE',  ( -10.69066340616454625, 4.169999999999999929, -20.51677218609433595 ) ) ;
#3585 = FACE_OUTER_BOUND ( 'NONE', #8214, .T. ) ;
#3586 = CARTESIAN_POINT ( 'NONE',  ( 14.32774530608714159, 4.258128004840728842, -28.40321043719939809 ) ) ;
#3587 = EDGE_LOOP ( 'NONE', ( #7140, #359, #2697, #7430, #374, #7088 ) ) ;
#3588 = CARTESIAN_POINT ( 'NONE',  ( -26.61020514327154984, 4.258234197087432449, 17.43298549157920263 ) ) ;
#3589 = ORIENTED_EDGE ( 'NONE', *, *, #4482, .T. ) ;
#3590 = EDGE_CURVE ( 'NONE', #5876, #3218, #6714, .T. ) ;
#3591 = EDGE_CURVE ( 'NONE', #6492, #1715, #199, .T. ) ;
#3592 = CARTESIAN_POINT ( 'NONE',  ( -9.218331398995744053, 4.670000000000000817, 13.55462614496579832 ) ) ;
#3593 = ORIENTED_EDGE ( 'NONE', *, *, #1261, .F. ) ;
#3594 = ORIENTED_EDGE ( 'NONE', *, *, #6868, .F. ) ;
#3595 = CARTESIAN_POINT ( 'NONE',  ( -13.66095511311924149, 4.169999999999999929, -27.64883365011757377 ) ) ;
#3596 = DIRECTION ( 'NONE',  ( 0.9802340172108734428, 0.000000000000000000, -0.1978415312886378230 ) ) ;
#3597 = CARTESIAN_POINT ( 'NONE',  ( 19.90789431114399832, 4.628020370232846403, 12.32575449969744064 ) ) ;
#3598 = ORIENTED_EDGE ( 'NONE', *, *, #1356, .F. ) ;
#3599 = CARTESIAN_POINT ( 'NONE',  ( 0.000000000000000000, 4.169999999999999929, 0.000000000000000000 ) ) ;
#3600 = DIRECTION ( 'NONE',  ( -0.000000000000000000, -1.000000000000000000, -0.000000000000000000 ) ) ;
#3601 = ADVANCED_FACE ( 'NONE', ( #1642 ), #4261, .T. ) ;
#3602 = CARTESIAN_POINT ( 'NONE',  ( 12.06749888762737655, -7.859999999999998543, 20.00152119364357972 ) ) ;
#3603 = CARTESIAN_POINT ( 'NONE',  ( 20.83576920529999299, 4.670000000000000817, -10.87483642107360282 ) ) ;
#3604 = CARTESIAN_POINT ( 'NONE',  ( -15.87666087001086268, 4.670000000000000817, 26.49918328139938950 ) ) ;
#3605 = DIRECTION ( 'NONE',  ( 0.000000000000000000, 0.000000000000000000, -1.000000000000000000 ) ) ;
#3606 = VERTEX_POINT ( 'NONE', #8045 ) ;
#3607 = EDGE_CURVE ( 'NONE', #6849, #2074, #6198, .T. ) ;
#3608 = ORIENTED_EDGE ( 'NONE', *, *, #537, .F. ) ;
#3609 = DIRECTION ( 'NONE',  ( -0.000000000000000000, -1.000000000000000000, -0.000000000000000000 ) ) ;
#3610 = ORIENTED_EDGE ( 'NONE', *, *, #2291, .T. ) ;
#3611 = CARTESIAN_POINT ( 'NONE',  ( -20.90152119364589467, 4.670000000000000817, 12.06749888762551848 ) ) ;
#3612 = ORIENTED_EDGE ( 'NONE', *, *, #5350, .F. ) ;
#3613 = AXIS2_PLACEMENT_3D ( 'NONE', #7449, #3576, #2309 ) ;
#3614 = CARTESIAN_POINT ( 'NONE',  ( -15.06371434019471423, 2.669999999999999929, 6.462191090617002587 ) ) ;
#3615 = CYLINDRICAL_SURFACE ( 'NONE', #4148, 0.5000000000000004441 ) ;
#3616 = CARTESIAN_POINT ( 'NONE',  ( -27.08097159395391884, 4.670000000000007923, -14.90757710307759432 ) ) ;
#3617 = DIRECTION ( 'NONE',  ( -0.000000000000000000, -1.000000000000000000, -0.000000000000000000 ) ) ;
#3618 = EDGE_LOOP ( 'NONE', ( #5242, #6116, #656, #3086 ) ) ;
#3619 = DIRECTION ( 'NONE',  ( 0.000000000000000000, 0.000000000000000000, 1.000000000000000000 ) ) ;
#3620 = ORIENTED_EDGE ( 'NONE', *, *, #5137, .T. ) ;
#3621 = DIRECTION ( 'NONE',  ( -0.8660254037844273833, 0.000000000000000000, -0.5000000000000195399 ) ) ;
#3622 = PRODUCT_DEFINITION_SHAPE ( 'NONE', 'NONE',  #1133 ) ;
#3623 = CARTESIAN_POINT ( 'NONE',  ( 12.06749888762580269, 4.670000000000000817, -20.90152119364944383 ) ) ;
#3624 = DIRECTION ( 'NONE',  ( 0.000000000000000000, 0.000000000000000000, 1.000000000000000000 ) ) ;
#3625 = EDGE_CURVE ( 'NONE', #2872, #61, #4004, .T. ) ;
#3626 = ORIENTED_EDGE ( 'NONE', *, *, #2213, .T. ) ;
#3627 = CYLINDRICAL_SURFACE ( 'NONE', #6672, 0.5000000000000000000 ) ;
#3628 = CARTESIAN_POINT ( 'NONE',  ( 26.45016036690704553, 4.669999999999996376, -16.00006059632309530 ) ) ;
#3629 = DIRECTION ( 'NONE',  ( 0.8660254037844393737, 0.000000000000000000, 0.4999999999999988898 ) ) ;
#3630 = CIRCLE ( 'NONE', #6074, 25.13500000000000512 ) ;
#3631 = ORIENTED_EDGE ( 'NONE', *, *, #4250, .F. ) ;
#3632 = DIRECTION ( 'NONE',  ( 0.000000000000000000, 0.000000000000000000, 1.000000000000000000 ) ) ;
#3633 = CARTESIAN_POINT ( 'NONE',  ( -17.11411476943970200, 4.554312603826698336, 26.83530130556338733 ) ) ;
#3634 = AXIS2_PLACEMENT_3D ( 'NONE', #1214, #1171, #3176 ) ;
#3635 = EDGE_LOOP ( 'NONE', ( #1193, #6208, #6146, #2847 ) ) ;
#3636 = ORIENTED_EDGE ( 'NONE', *, *, #3184, .F. ) ;
#3637 = EDGE_CURVE ( 'NONE', #1922, #4955, #4213, .T. ) ;
#3638 = CARTESIAN_POINT ( 'NONE',  ( -12.06749888762499268, 4.670000000000000817, -20.90152119364775274 ) ) ;
#3639 = CARTESIAN_POINT ( 'NONE',  ( -14.41341771257683746, 4.358470735739325086, -28.36142205299496766 ) ) ;
#3640 = CARTESIAN_POINT ( 'NONE',  ( 19.51677218609436792, 4.235407758176823911, 12.42271421373338569 ) ) ;
#3641 = VERTEX_POINT ( 'NONE', #6155 ) ;
#3642 = B_SPLINE_CURVE_WITH_KNOTS ( 'NONE', 3,
 ( #1340, #1266, #720, #2635 ),
 .UNSPECIFIED., .F., .F.,
 ( 4, 4 ),
 ( 0.0002294575577262736885, 0.0004120090770067508755 ),
 .UNSPECIFIED. ) ;
#3643 = ORIENTED_EDGE ( 'NONE', *, *, #6956, .T. ) ;
#3644 = CARTESIAN_POINT ( 'NONE',  ( 14.58113408188576443, 4.491302763840568701, 28.27739294938573877 ) ) ;
#3645 = DIRECTION ( 'NONE',  ( 0.9802340172108793270, -0.000000000000000000, 0.1978415312886091793 ) ) ;
#3646 = VECTOR ( 'NONE', #4469, 1000.000000000000000 ) ;
#3647 = EDGE_CURVE ( 'NONE', #2199, #3641, #7873, .T. ) ;
#3648 = B_SPLINE_CURVE_WITH_KNOTS ( 'NONE', 3,
 ( #4559, #3230, #2604, #6619, #2680, #2724, #645, #1350 ),
 .UNSPECIFIED., .F., .F.,
 ( 4, 2, 2, 4 ),
 ( 0.000000000000000000, 0.0001927721350688358802, 0.0003855442701376717604, 0.0007710885402753428703 ),
 .UNSPECIFIED. ) ;
#3649 = AXIS2_PLACEMENT_3D ( 'NONE', #5193, #3859, #51 ) ;
#3650 = FACE_OUTER_BOUND ( 'NONE', #3356, .T. ) ;
#3651 = DIRECTION ( 'NONE',  ( 0.4999999999999996669, -0.000000000000000000, 0.8660254037844388186 ) ) ;
#3652 = FACE_OUTER_BOUND ( 'NONE', #5657, .T. ) ;
#3653 = ORIENTED_EDGE ( 'NONE', *, *, #6308, .T. ) ;
#3654 = CARTESIAN_POINT ( 'NONE',  ( -11.26032044705547186, 4.670000000000000817, -20.50344712380675816 ) ) ;
#3655 = EDGE_LOOP ( 'NONE', ( #1563, #2097, #4862, #5739, #7361 ) ) ;
#3656 = AXIS2_PLACEMENT_3D ( 'NONE', #6983, #3609, #358 ) ;
#3657 = VECTOR ( 'NONE', #409, 999.9999999999998863 ) ;
#3658 = LINE ( 'NONE', #2299, #3258 ) ;
#3659 = EDGE_LOOP ( 'NONE', ( #831, #6273, #5187, #5618, #2809 ) ) ;
#3660 = ADVANCED_FACE ( 'NONE', ( #4721 ), #6800, .T. ) ;
#3661 = ORIENTED_EDGE ( 'NONE', *, *, #201, .F. ) ;
#3662 = CIRCLE ( 'NONE', #24, 1.499999999999997780 ) ;
#3663 = CARTESIAN_POINT ( 'NONE',  ( 13.42357517473885586, 4.670000000000000817, -21.25031422186822638 ) ) ;
#3664 = DIRECTION ( 'NONE',  ( 0.000000000000000000, 0.000000000000000000, 1.000000000000000000 ) ) ;
#3665 = FACE_BOUND ( 'NONE', #7093, .T. ) ;
#3666 = B_SPLINE_CURVE_WITH_KNOTS ( 'NONE', 3,
 ( #5324, #839, #6575, #7874 ),
 .UNSPECIFIED., .F., .F.,
 ( 4, 4 ),
 ( 9.589639512220897704E-05, 0.0002648171892378766530 ),
 .UNSPECIFIED. ) ;
#3667 = CARTESIAN_POINT ( 'NONE',  ( -28.10767396552306963, 4.669999999999999041, -14.95081868345336851 ) ) ;
#3668 = TOROIDAL_SURFACE ( 'NONE', #4073, 1.499999999999999778, 0.5000000000000000000 ) ;
#3669 = AXIS2_PLACEMENT_3D ( 'NONE', #5015, #1174, #2419 ) ;
#3670 = VERTEX_POINT ( 'NONE', #1232 ) ;
#3671 = CARTESIAN_POINT ( 'NONE',  ( -15.06371434019463784, 4.169999999999999929, -6.462191090617205091 ) ) ;
#3672 = CARTESIAN_POINT ( 'NONE',  ( -11.71104112180846535, 4.413147668298192272, 22.18297585893501633 ) ) ;
#3673 = CARTESIAN_POINT ( 'NONE',  ( 28.41310023613296920, 0.000000000000000000, -14.30585555931276964 ) ) ;
#3674 = ORIENTED_EDGE ( 'NONE', *, *, #7156, .T. ) ;
#3675 = CARTESIAN_POINT ( 'NONE',  ( -26.66279256278919263, 4.359187207402082542, 17.35746648741174525 ) ) ;
#3676 = CARTESIAN_POINT ( 'NONE',  ( -20.90152119364589467, 0.000000000000000000, 12.06749888762551848 ) ) ;
#3677 = DIRECTION ( 'NONE',  ( 0.000000000000000000, 0.000000000000000000, 1.000000000000000000 ) ) ;
#3678 = AXIS2_PLACEMENT_3D ( 'NONE', #2149, #4749, #7345 ) ;
#3679 = VECTOR ( 'NONE', #3118, 1000.000000000000000 ) ;
#3680 = EDGE_LOOP ( 'NONE', ( #5248, #6938, #6675, #6368 ) ) ;
#3681 = ORIENTED_EDGE ( 'NONE', *, *, #5192, .F. ) ;
#3682 = EDGE_CURVE ( 'NONE', #380, #1364, #5893, .T. ) ;
#3683 = DIRECTION ( 'NONE',  ( -0.000000000000000000, -1.000000000000000000, -0.000000000000000000 ) ) ;
#3684 = TOROIDAL_SURFACE ( 'NONE', #5489, 23.63499999999999801, 0.5000000000000000000 ) ;
#3685 = AXIS2_PLACEMENT_3D ( 'NONE', #6131, #4279, #3619 ) ;
#3686 = ORIENTED_EDGE ( 'NONE', *, *, #8095, .T. ) ;
#3687 = ORIENTED_EDGE ( 'NONE', *, *, #8334, .T. ) ;
#3688 = FACE_OUTER_BOUND ( 'NONE', #5420, .T. ) ;
#3689 = DIRECTION ( 'NONE',  ( 0.000000000000000000, 1.000000000000000000, 0.000000000000000000 ) ) ;
#3690 = VERTEX_POINT ( 'NONE', #6373 ) ;
#3691 = AXIS2_PLACEMENT_3D ( 'NONE', #2758, #3427, #7303 ) ;
#3692 = EDGE_CURVE ( 'NONE', #3261, #1364, #1144, .T. ) ;
#3693 = EDGE_CURVE ( 'NONE', #7521, #3690, #2693, .T. ) ;
#3694 = B_SPLINE_CURVE_WITH_KNOTS ( 'NONE', 3,
 ( #2665, #4619, #1375, #1415, #4020, #1493 ),
 .UNSPECIFIED., .F., .F.,
 ( 4, 2, 4 ),
 ( -1.477143756511539504E-05, 0.0003797396612299379685, 0.0007742507600249912744 ),
 .UNSPECIFIED. ) ;
#3695 = CARTESIAN_POINT ( 'NONE',  ( 20.66278350054746227, 4.652225243042692249, 11.19974067596730727 ) ) ;
#3696 = CARTESIAN_POINT ( 'NONE',  ( 0.000000000000000000, 4.169999999999999929, 0.000000000000000000 ) ) ;
#3697 = DIRECTION ( 'NONE',  ( 0.5000000000000333067, 0.000000000000000000, 0.8660254037844193897 ) ) ;
#3698 = CARTESIAN_POINT ( 'NONE',  ( -7.056435552109441289, 2.669999999999999929, 12.22210489659291888 ) ) ;
#3699 = ORIENTED_EDGE ( 'NONE', *, *, #3682, .F. ) ;
#3700 = ORIENTED_EDGE ( 'NONE', *, *, #1989, .T. ) ;
#3701 = EDGE_CURVE ( 'NONE', #8273, #2074, #5210, .T. ) ;
#3702 = AXIS2_PLACEMENT_3D ( 'NONE', #5418, #4090, #7619 ) ;
#3703 = EDGE_CURVE ( 'NONE', #3793, #6347, #3489, .T. ) ;
#3704 =( BOUNDED_CURVE ( )  B_SPLINE_CURVE ( 3, ( #7442, #1561, #7363, #1602 ),
 .UNSPECIFIED., .F., .F. ) 
 B_SPLINE_CURVE_WITH_KNOTS ( ( 4, 4 ),
 ( 0.000000000000000000, 1.570796326794896558 ),
 .UNSPECIFIED. ) 
 CURVE ( )  GEOMETRIC_REPRESENTATION_ITEM ( )  RATIONAL_B_SPLINE_CURVE ( ( 1.000000000000000000, 0.8047378541243649375, 0.8047378541243649375, 1.000000000000000000 ) ) 
 REPRESENTATION_ITEM ( '' )  );
#3705 = CARTESIAN_POINT ( 'NONE',  ( 21.25031422186818020, 4.169999999999999929, 13.42357517473893225 ) ) ;
#3706 = EDGE_LOOP ( 'NONE', ( #2780, #8341, #599, #3653 ) ) ;
#3707 = DIRECTION ( 'NONE',  ( -0.000000000000000000, -1.000000000000000000, -0.000000000000000000 ) ) ;
#3708 = CARTESIAN_POINT ( 'NONE',  ( -14.51453906012026884, 4.169999999999999929, -9.534673571903027778 ) ) ;
#3709 = ORIENTED_EDGE ( 'NONE', *, *, #3202, .T. ) ;
#3710 = DIRECTION ( 'NONE',  ( 0.000000000000000000, -0.000000000000000000, 1.000000000000000000 ) ) ;
#3711 = FACE_OUTER_BOUND ( 'NONE', #8154, .T. ) ;
#3712 = DIRECTION ( 'NONE',  ( 0.000000000000000000, 0.000000000000000000, -1.000000000000000000 ) ) ;
#3713 = EDGE_CURVE ( 'NONE', #7690, #130, #1736, .T. ) ;
#3714 = CARTESIAN_POINT ( 'NONE',  ( -19.51677218609430398, 2.669999999999999929, 12.42271421373348339 ) ) ;
#3715 = ORIENTED_EDGE ( 'NONE', *, *, #7549, .T. ) ;
#3716 = DIRECTION ( 'NONE',  ( -0.000000000000000000, -1.000000000000000000, -0.000000000000000000 ) ) ;
#3717 = CARTESIAN_POINT ( 'NONE',  ( 0.2499999999998139544, 4.670000000000000817, -0.4330127018918745740 ) ) ;
#3718 = DIRECTION ( 'NONE',  ( 0.000000000000000000, 0.000000000000000000, -1.000000000000000000 ) ) ;
#3719 = B_SPLINE_CURVE_WITH_KNOTS ( 'NONE', 3,
 ( #6086, #286, #8069, #1572, #705, #2660, #5271, #2012 ),
 .UNSPECIFIED., .F., .F.,
 ( 4, 2, 2, 4 ),
 ( 8.673617379884035472E-19, 0.0001436338664260465754, 0.0002872677328520922835, 0.0005745354657041836996 ),
 .UNSPECIFIED. ) ;
#3720 = ORIENTED_EDGE ( 'NONE', *, *, #6787, .T. ) ;
#3721 = CARTESIAN_POINT ( 'NONE',  ( -27.02108929809747551, 4.670000000000000817, 15.02328291086375422 ) ) ;
#3722 = CARTESIAN_POINT ( 'NONE',  ( 0.000000000000000000, 4.169999999999999929, 0.000000000000000000 ) ) ;
#3723 = CARTESIAN_POINT ( 'NONE',  ( 11.48617637608390751, 4.670000000000000817, -2.318265519249569806 ) ) ;
#3724 = VERTEX_POINT ( 'NONE', #4394 ) ;
#3725 = EDGE_CURVE ( 'NONE', #4477, #7813, #1103, .T. ) ;
#3726 = CARTESIAN_POINT ( 'NONE',  ( 25.65515099297910950, 4.169999999999999929, 17.11411476945201571 ) ) ;
#3727 = CIRCLE ( 'NONE', #1972, 0.9000000000017154278 ) ;
#3728 = LINE ( 'NONE', #597, #3133 ) ;
#3729 = CARTESIAN_POINT ( 'NONE',  ( -21.25031422186811270, 4.169999999999999929, 13.42357517473902817 ) ) ;
#3730 = ORIENTED_EDGE ( 'NONE', *, *, #6407, .T. ) ;
#3731 = VERTEX_POINT ( 'NONE', #3738 ) ;
#3732 = EDGE_CURVE ( 'NONE', #7133, #974, #7574, .T. ) ;
#3733 = CYLINDRICAL_SURFACE ( 'NONE', #423, 23.13499999999999446 ) ;
#3734 = ORIENTED_EDGE ( 'NONE', *, *, #277, .F. ) ;
#3735 = CARTESIAN_POINT ( 'NONE',  ( 9.814463748651968800, 4.169999999999999929, 13.12827881868123470 ) ) ;
#3736 = AXIS2_PLACEMENT_3D ( 'NONE', #7125, #56, #5821 ) ;
#3737 = CARTESIAN_POINT ( 'NONE',  ( -9.007166899749345035, 4.670000000000000817, -14.60087070261894304 ) ) ;
#3738 = CARTESIAN_POINT ( 'NONE',  ( -11.82891209833706192, 4.649847419183725350, -21.76932090785493656 ) ) ;
#3739 = VECTOR ( 'NONE', #1390, 1000.000000000000000 ) ;
#3740 = ADVANCED_FACE ( 'NONE', ( #1692 ), #5630, .F. ) ;
#3741 = CARTESIAN_POINT ( 'NONE',  ( 23.07319061161677354, 0.000000000000000000, -1.689999999999841851 ) ) ;
#3742 = DIRECTION ( 'NONE',  ( 0.000000000000000000, 0.000000000000000000, 1.000000000000000000 ) ) ;
#3743 = CARTESIAN_POINT ( 'NONE',  ( 3.043171204642130423, 4.670000000000000817, 1.756975714190222693 ) ) ;
#3744 = VERTEX_POINT ( 'NONE', #7665 ) ;
#3745 = EDGE_LOOP ( 'NONE', ( #5680, #3211, #4387, #7032, #5221, #4530, #2157, #7342, #274, #8380, #1330, #3465, #3545, #3565, #5841, #5423, #4447, #7750, #8410, #2706, #4367, #7999, #7830, #4939, #2646, #6289, #2383, #3173, #1577, #7254 ) ) ;
#3746 = CARTESIAN_POINT ( 'NONE',  ( -1.690000000000251967, 2.669999999999999929, 24.35665843275937092 ) ) ;
#3747 = ORIENTED_EDGE ( 'NONE', *, *, #6735, .F. ) ;
#3748 = CARTESIAN_POINT ( 'NONE',  ( 19.71231755233310778, -3.049318610115479988E-17, -12.11074765426255162 ) ) ;
#3749 = CARTESIAN_POINT ( 'NONE',  ( 11.82891209833633894, 4.649847419183168462, -21.76932090785749807 ) ) ;
#3750 = EDGE_CURVE ( 'NONE', #4014, #3207, #1055, .T. ) ;
#3751 = ORIENTED_EDGE ( 'NONE', *, *, #1762, .T. ) ;
#3752 = EDGE_CURVE ( 'NONE', #1308, #6836, #6246, .T. ) ;
#3753 = LINE ( 'NONE', #5595, #6948 ) ;
#3754 = FACE_OUTER_BOUND ( 'NONE', #1001, .T. ) ;
#3755 = LINE ( 'NONE', #4411, #7486 ) ;
#3756 = CARTESIAN_POINT ( 'NONE',  ( 0.000000000000000000, 4.670000000000000817, -23.13499999999999801 ) ) ;
#3757 = ORIENTED_EDGE ( 'NONE', *, *, #1380, .T. ) ;
#3758 = DIRECTION ( 'NONE',  ( 0.000000000000000000, 0.000000000000000000, 1.000000000000000000 ) ) ;
#3759 = CARTESIAN_POINT ( 'NONE',  ( 17.11411476945194821, 4.169999999999999929, 25.65515099297918056 ) ) ;
#3760 = CARTESIAN_POINT ( 'NONE',  ( 26.72263130296595079, 4.434784009374096669, -17.23115860494460705 ) ) ;
#3761 = ORIENTED_EDGE ( 'NONE', *, *, #5589, .T. ) ;
#3762 = CARTESIAN_POINT ( 'NONE',  ( 21.25031422186811980, 4.296427799497617883, -13.42357517473902107 ) ) ;
#3763 = ADVANCED_FACE ( 'NONE', ( #3148 ), #5755, .F. ) ;
#3764 = ORIENTED_EDGE ( 'NONE', *, *, #6221, .T. ) ;
#3765 = DIRECTION ( 'NONE',  ( -0.000000000000000000, -1.000000000000000000, -0.000000000000000000 ) ) ;
#3766 = CYLINDRICAL_SURFACE ( 'NONE', #1203, 1.000000000000000888 ) ;
#3767 = ORIENTED_EDGE ( 'NONE', *, *, #3017, .F. ) ;
#3768 = VERTEX_POINT ( 'NONE', #436 ) ;
#3769 = CARTESIAN_POINT ( 'NONE',  ( 11.19974067597001621, 4.652225243042862779, 20.66278350054721002 ) ) ;
#3770 = ORIENTED_EDGE ( 'NONE', *, *, #6817, .F. ) ;
#3771 = ORIENTED_EDGE ( 'NONE', *, *, #5165, .F. ) ;
#3772 = DIRECTION ( 'NONE',  ( -3.378977344427017605E-15, 0.000000000000000000, 1.000000000000000000 ) ) ;
#3773 = EDGE_CURVE ( 'NONE', #3218, #6075, #2479, .T. ) ;
#3774 = AXIS2_PLACEMENT_3D ( 'NONE', #4002, #5922, #2608 ) ;
#3775 = CARTESIAN_POINT ( 'NONE',  ( -14.38224963535165024, 4.327750201209305203, -28.37646522803498073 ) ) ;
#3776 = ORIENTED_EDGE ( 'NONE', *, *, #6564, .T. ) ;
#3777 = CARTESIAN_POINT ( 'NONE',  ( 9.788539816190313658, 4.332333999458142237, 13.14817224489892666 ) ) ;
#3778 = VECTOR ( 'NONE', #1695, 1000.000000000000000 ) ;
#3779 = ORIENTED_EDGE ( 'NONE', *, *, #4895, .T. ) ;
#3780 = EDGE_CURVE ( 'NONE', #7793, #8330, #2386, .T. ) ;
#3781 = CARTESIAN_POINT ( 'NONE',  ( 26.52108929809703142, 4.670000000000000817, 15.88930831464799276 ) ) ;
#3782 = CARTESIAN_POINT ( 'NONE',  ( 1.689999999999761249, 2.669999999999999929, 23.07319061161678064 ) ) ;
#3783 = CARTESIAN_POINT ( 'NONE',  ( -10.69066340616468302, 2.669999999999999929, 20.51677218609426490 ) ) ;
#3784 = DIRECTION ( 'NONE',  ( 0.5000000000000333067, 0.000000000000000000, 0.8660254037844193897 ) ) ;
#3785 = B_SPLINE_CURVE_WITH_KNOTS ( 'NONE', 3,
 ( #3547, #8120, #337, #6908 ),
 .UNSPECIFIED., .F., .F.,
 ( 4, 4 ),
 ( 0.0002294575577234473360, 0.0004120090770009323961 ),
 .UNSPECIFIED. ) ;
#3786 = LINE ( 'NONE', #1874, #3778 ) ;
#3787 = VERTEX_POINT ( 'NONE', #4592 ) ;
#3788 = VERTEX_POINT ( 'NONE', #1347 ) ;
#3789 = ADVANCED_FACE ( 'NONE', ( #4114 ), #7754, .F. ) ;
#3790 = CARTESIAN_POINT ( 'NONE',  ( 14.30585555931125086, 4.670000000000000817, -28.41310023613422686 ) ) ;
#3791 = AXIS2_PLACEMENT_3D ( 'NONE', #6508, #5926, #7283 ) ;
#3792 = ORIENTED_EDGE ( 'NONE', *, *, #6457, .F. ) ;
#3793 = VERTEX_POINT ( 'NONE', #3463 ) ;
#3794 = DIRECTION ( 'NONE',  ( 0.000000000000000000, 0.000000000000000000, 1.000000000000000000 ) ) ;
#3795 = ORIENTED_EDGE ( 'NONE', *, *, #39, .F. ) ;
#3796 = ORIENTED_EDGE ( 'NONE', *, *, #2391, .F. ) ;
#3797 = CARTESIAN_POINT ( 'NONE',  ( 20.90152119364827854, -7.859999999999998543, -12.96749888762856706 ) ) ;
#3798 = VECTOR ( 'NONE', #7436, 1000.000000000000114 ) ;
#3799 = AXIS2_PLACEMENT_3D ( 'NONE', #2099, #8014, #1567 ) ;
#3800 = CARTESIAN_POINT ( 'NONE',  ( -14.57762276433404480, 4.302122217144061622, -27.24918328139946766 ) ) ;
#3801 = EDGE_CURVE ( 'NONE', #4436, #4051, #2640, .T. ) ;
#3802 = EDGE_CURVE ( 'NONE', #1597, #1683, #6537, .T. ) ;
#3803 = ORIENTED_EDGE ( 'NONE', *, *, #2290, .F. ) ;
#3804 = DIRECTION ( 'NONE',  ( -0.000000000000000000, -1.000000000000000000, -0.000000000000000000 ) ) ;
#3805 = CIRCLE ( 'NONE', #6098, 1.000000000000052847 ) ;
#3806 = CARTESIAN_POINT ( 'NONE',  ( 22.25031422186815533, 4.169999999999999929, -11.69152436717009103 ) ) ;
#3807 = AXIS2_PLACEMENT_3D ( 'NONE', #3663, #2938, #491 ) ;
#3808 = VERTEX_POINT ( 'NONE', #1273 ) ;
#3809 = CARTESIAN_POINT ( 'NONE',  ( 28.41310023613412383, 4.169999999999999929, 14.30585555931132369 ) ) ;
#3810 = ORIENTED_EDGE ( 'NONE', *, *, #39, .T. ) ;
#3811 = CARTESIAN_POINT ( 'NONE',  ( 0.000000000000000000, 2.669999999999999929, 0.000000000000000000 ) ) ;
#3812 = FACE_OUTER_BOUND ( 'NONE', #8070, .T. ) ;
#3813 = CARTESIAN_POINT ( 'NONE',  ( -17.11411476945176346, 4.169999999999999929, -25.65515099297929780 ) ) ;
#3814 = ORIENTED_EDGE ( 'NONE', *, *, #4171, .T. ) ;
#3815 = EDGE_LOOP ( 'NONE', ( #8382, #7305, #6494, #5625 ) ) ;
#3816 = VECTOR ( 'NONE', #2763, 1000.000000000000000 ) ;
#3817 = EDGE_CURVE ( 'NONE', #5281, #5569, #1357, .T. ) ;
#3818 = DIRECTION ( 'NONE',  ( -0.000000000000000000, -1.000000000000000000, -0.000000000000000000 ) ) ;
#3819 = ORIENTED_EDGE ( 'NONE', *, *, #6866, .F. ) ;
#3820 = CIRCLE ( 'NONE', #1771, 1.000000000000000888 ) ;
#3821 = VECTOR ( 'NONE', #8409, 1000.000000000000000 ) ;
#3822 = EDGE_LOOP ( 'NONE', ( #2016, #2987, #5296, #5059, #3081, #3041, #7533 ) ) ;
#3823 = DIRECTION ( 'NONE',  ( -0.000000000000000000, -1.000000000000000000, -0.000000000000000000 ) ) ;
#3824 = CARTESIAN_POINT ( 'NONE',  ( -15.11789568002105000, 4.670000000000000817, -28.00565879569467498 ) ) ;
#3825 = VERTEX_POINT ( 'NONE', #682 ) ;
#3826 = VECTOR ( 'NONE', #2932, 1000.000000000000114 ) ;
#3827 = EDGE_CURVE ( 'NONE', #4480, #7198, #2748, .T. ) ;
#3828 = ORIENTED_EDGE ( 'NONE', *, *, #5675, .F. ) ;
#3829 = CARTESIAN_POINT ( 'NONE',  ( 25.07812044392483486, 2.669999999999999929, -1.689999999999827862 ) ) ;
#3830 = CARTESIAN_POINT ( 'NONE',  ( 12.06749888762580269, -7.859999999999998543, -21.80152119365112995 ) ) ;
#3831 = CARTESIAN_POINT ( 'NONE',  ( -14.57762276433404480, 0.000000000000000000, -27.24918328139946411 ) ) ;
#3832 = CARTESIAN_POINT ( 'NONE',  ( -26.24918328139936463, 4.169999999999999929, -16.30967357190309741 ) ) ;
#3833 = AXIS2_PLACEMENT_3D ( 'NONE', #1014, #312, #7965 ) ;
#3834 = CIRCLE ( 'NONE', #180, 0.9000000000028429703 ) ;
#3835 = ORIENTED_EDGE ( 'NONE', *, *, #6641, .F. ) ;
#3836 = CARTESIAN_POINT ( 'NONE',  ( 19.78804760606377400, 4.579182007011728395, -12.35573290100782984 ) ) ;
#3837 = ORIENTED_EDGE ( 'NONE', *, *, #6451, .T. ) ;
#3838 = VECTOR ( 'NONE', #2581, 1000.000000000000000 ) ;
#3839 = DIRECTION ( 'NONE',  ( -0.5000000000000083267, 0.000000000000000000, 0.8660254037844338226 ) ) ;
#3840 = ORIENTED_EDGE ( 'NONE', *, *, #2234, .F. ) ;
#3841 = LINE ( 'NONE', #6431, #5332 ) ;
#3842 = VERTEX_POINT ( 'NONE', #4517 ) ;
#3843 = CARTESIAN_POINT ( 'NONE',  ( -20.90152119364758221, -7.859999999999998543, -12.06749888762527867 ) ) ;
#3844 = CARTESIAN_POINT ( 'NONE',  ( -11.65702501040202144, 4.670000000000000817, -21.70246513433121649 ) ) ;
#3845 = VERTEX_POINT ( 'NONE', #7144 ) ;
#3846 = ORIENTED_EDGE ( 'NONE', *, *, #8043, .T. ) ;
#3847 = EDGE_CURVE ( 'NONE', #8199, #3418, #712, .T. ) ;
#3848 = CARTESIAN_POINT ( 'NONE',  ( -25.07812044392482420, 2.669999999999999929, -1.689999999999996838 ) ) ;
#3849 = CARTESIAN_POINT ( 'NONE',  ( 13.42357517473902817, 4.169999999999999929, 21.25031422186811625 ) ) ;
#3850 = LINE ( 'NONE', #6678, #5223 ) ;
#3851 = ORIENTED_EDGE ( 'NONE', *, *, #6719, .T. ) ;
#3852 = DIRECTION ( 'NONE',  ( -0.000000000000000000, -1.000000000000000000, -0.000000000000000000 ) ) ;
#3853 = VECTOR ( 'NONE', #6930, 999.9999999999998863 ) ;
#3854 = CARTESIAN_POINT ( 'NONE',  ( -20.71623463286495337, 4.663181183444331523, -11.18503519712724525 ) ) ;
#3855 = VERTEX_POINT ( 'NONE', #22 ) ;
#3856 = FACE_OUTER_BOUND ( 'NONE', #4896, .T. ) ;
#3857 = CARTESIAN_POINT ( 'NONE',  ( 27.24918328139936463, 4.169999999999999929, 14.57762276433424908 ) ) ;
#3858 = ORIENTED_EDGE ( 'NONE', *, *, #791, .F. ) ;
#3859 = DIRECTION ( 'NONE',  ( -0.000000000000000000, -1.000000000000000000, -0.000000000000000000 ) ) ;
#3860 = CARTESIAN_POINT ( 'NONE',  ( -13.25494141922989932, 4.514586901031886867, -9.653791410749304802 ) ) ;
#3861 = EDGE_CURVE ( 'NONE', #5322, #1763, #5036, .T. ) ;
#3862 = FACE_OUTER_BOUND ( 'NONE', #4626, .T. ) ;
#3863 = EDGE_LOOP ( 'NONE', ( #2372, #8205, #7562, #4561 ) ) ;
#3864 = AXIS2_PLACEMENT_3D ( 'NONE', #5451, #6620, #7883 ) ;
#3865 = VERTEX_POINT ( 'NONE', #70 ) ;
#3866 = ORIENTED_EDGE ( 'NONE', *, *, #5907, .T. ) ;
#3867 = VECTOR ( 'NONE', #2858, 1000.000000000000000 ) ;
#3868 = VERTEX_POINT ( 'NONE', #609 ) ;
#3869 = DIRECTION ( 'NONE',  ( 0.000000000000000000, 0.000000000000000000, -1.000000000000000000 ) ) ;
#3870 = FACE_OUTER_BOUND ( 'NONE', #6777, .T. ) ;
#3871 = CARTESIAN_POINT ( 'NONE',  ( -9.534673571903029554, 2.669999999999999929, 14.51453906012026707 ) ) ;
#3872 = ADVANCED_FACE ( 'NONE', ( #5164 ), #1500, .F. ) ;
#3873 = EDGE_CURVE ( 'NONE', #6870, #7199, #7335, .T. ) ;
#3874 = VERTEX_POINT ( 'NONE', #3877 ) ;
#3875 = EDGE_LOOP ( 'NONE', ( #5951, #3643, #1968, #7111 ) ) ;
#3876 = CARTESIAN_POINT ( 'NONE',  ( -27.24918328139926516, 0.000000000000000000, -14.57762276433443560 ) ) ;
#3877 = CARTESIAN_POINT ( 'NONE',  ( 12.96637362588089637, 4.670000000000000817, 20.94651235872121475 ) ) ;
#3878 = DIRECTION ( 'NONE',  ( -0.000000000000000000, -1.000000000000000000, -0.000000000000000000 ) ) ;
#3879 = FACE_OUTER_BOUND ( 'NONE', #3983, .T. ) ;
#3880 = ADVANCED_FACE ( 'NONE', ( #4783 ), #7377, .T. ) ;
#3881 = ORIENTED_EDGE ( 'NONE', *, *, #728, .F. ) ;
#3882 = DIRECTION ( 'NONE',  ( 0.000000000000000000, 1.000000000000000000, 0.000000000000000000 ) ) ;
#3883 = CARTESIAN_POINT ( 'NONE',  ( 14.51453906012028305, 0.5000000000000004441, -9.534673571903006462 ) ) ;
#3884 = ORIENTED_EDGE ( 'NONE', *, *, #1871, .T. ) ;
#3885 = AXIS2_PLACEMENT_3D ( 'NONE', #2622, #4692, #7289 ) ;
#3886 = CARTESIAN_POINT ( 'NONE',  ( 14.93209027587175086, 4.594068723090837914, 6.786023993619880734 ) ) ;
#3887 = FACE_OUTER_BOUND ( 'NONE', #5720, .T. ) ;
#3888 = CARTESIAN_POINT ( 'NONE',  ( 26.59578445530148016, 0.000000000000000000, -17.45353882511019350 ) ) ;
#3889 = ORIENTED_EDGE ( 'NONE', *, *, #2958, .F. ) ;
#3890 = EDGE_CURVE ( 'NONE', #6621, #6115, #3543, .T. ) ;
#3891 = VERTEX_POINT ( 'NONE', #2270 ) ;
#3892 = DIRECTION ( 'NONE',  ( -0.4999999999999899525, 0.000000000000000000, 0.8660254037844445918 ) ) ;
#3893 = CARTESIAN_POINT ( 'NONE',  ( -9.044556563297415863, 4.169999999999999929, -14.41561829447607757 ) ) ;
#3894 = ORIENTED_EDGE ( 'NONE', *, *, #1186, .F. ) ;
#3895 = DIRECTION ( 'NONE',  ( -0.000000000000000000, -1.000000000000000000, -0.000000000000000000 ) ) ;
#3896 = CARTESIAN_POINT ( 'NONE',  ( 21.76932090785952312, 4.649847419182727037, 11.82891209833576163 ) ) ;
#3897 = ORIENTED_EDGE ( 'NONE', *, *, #4533, .F. ) ;
#3898 = DIRECTION ( 'NONE',  ( 0.000000000000000000, 1.000000000000000000, 0.000000000000000000 ) ) ;
#3899 = CARTESIAN_POINT ( 'NONE',  ( -13.59470478306858610, 4.670000000000000817, 9.210242290685789257 ) ) ;
#3900 = CARTESIAN_POINT ( 'NONE',  ( 20.50344712380390533, 4.670000000000000817, 11.26032044705381630 ) ) ;
#3901 = DIRECTION ( 'NONE',  ( 0.000000000000000000, 0.000000000000000000, 1.000000000000000000 ) ) ;
#3902 = VERTEX_POINT ( 'NONE', #2365 ) ;
#3903 = ADVANCED_FACE ( 'NONE', ( #5557 ), #6089, .T. ) ;
#3904 = ORIENTED_EDGE ( 'NONE', *, *, #4043, .F. ) ;
#3905 = ORIENTED_EDGE ( 'NONE', *, *, #7766, .F. ) ;
#3906 = LINE ( 'NONE', #3346, #6272 ) ;
#3907 = DIRECTION ( 'NONE',  ( 0.000000000000000000, 1.000000000000000000, 0.000000000000000000 ) ) ;
#3908 = ORIENTED_EDGE ( 'NONE', *, *, #8182, .T. ) ;
#3909 = EDGE_LOOP ( 'NONE', ( #8146, #5746, #2320 ) ) ;
#3910 = DIRECTION ( 'NONE',  ( 0.000000000000000000, 1.000000000000000000, 0.000000000000000000 ) ) ;
#3911 = EDGE_CURVE ( 'NONE', #3731, #7608, #6538, .T. ) ;
#3912 = CARTESIAN_POINT ( 'NONE',  ( -12.06749888762342060, 0.000000000000000000, 20.90152119364811156 ) ) ;
#3913 = CYLINDRICAL_SURFACE ( 'NONE', #8028, 18.28105443885429793 ) ;
#3914 = LINE ( 'NONE', #8400, #7658 ) ;
#3915 = EDGE_LOOP ( 'NONE', ( #4468, #8210, #297, #323 ) ) ;
#3916 = CARTESIAN_POINT ( 'NONE',  ( -0.4330127018914545212, 4.670000000000000817, 0.2499999999995805855 ) ) ;
#3917 = DIRECTION ( 'NONE',  ( 0.000000000000000000, 1.000000000000000000, 0.000000000000000000 ) ) ;
#3918 = ORIENTED_EDGE ( 'NONE', *, *, #7838, .F. ) ;
#3919 = CIRCLE ( 'NONE', #257, 0.9000000000012973178 ) ;
#3920 = DIRECTION ( 'NONE',  ( 0.000000000000000000, 0.000000000000000000, 1.000000000000000000 ) ) ;
#3921 = EDGE_CURVE ( 'NONE', #7608, #7454, #3283, .T. ) ;
#3922 = DIRECTION ( 'NONE',  ( 0.000000000000000000, 1.000000000000000000, 0.000000000000000000 ) ) ;
#3923 = VECTOR ( 'NONE', #7787, 1000.000000000000000 ) ;
#3924 = ORIENTED_EDGE ( 'NONE', *, *, #488, .T. ) ;
#3925 = EDGE_LOOP ( 'NONE', ( #2533, #5847, #6523, #4385, #5318, #3299 ) ) ;
#3926 = CARTESIAN_POINT ( 'NONE',  ( 19.76677218609431108, 0.000000000000000000, -11.98970151184125932 ) ) ;
#3927 = CYLINDRICAL_SURFACE ( 'NONE', #7465, 1.000000000000049516 ) ;
#3928 = EDGE_CURVE ( 'NONE', #3825, #2523, #4916, .T. ) ;
#3929 = ORIENTED_EDGE ( 'NONE', *, *, #6914, .T. ) ;
#3930 = DIRECTION ( 'NONE',  ( -0.000000000000000000, -1.000000000000000000, -0.000000000000000000 ) ) ;
#3931 = ORIENTED_EDGE ( 'NONE', *, *, #2648, .T. ) ;
#3932 = FACE_OUTER_BOUND ( 'NONE', #1045, .T. ) ;
#3933 = VECTOR ( 'NONE', #258, 1000.000000000000000 ) ;
#3934 = B_SPLINE_CURVE_WITH_KNOTS ( 'NONE', 3,
 ( #5870, #62, #2553, #5249, #2030, #7833, #1987, #1339, #3944, #4627 ),
 .UNSPECIFIED., .F., .F.,
 ( 4, 2, 2, 2, 4 ),
 ( 0.000000000000000000, 0.0002485047995000277911, 0.0004970095990000555821, 0.0007455143985000833732, 0.0009940191980001111642 ),
 .UNSPECIFIED. ) ;
#3935 = VERTEX_POINT ( 'NONE', #3000 ) ;
#3936 = CARTESIAN_POINT ( 'NONE',  ( 12.41818777478803959, 4.298923624761927798, 19.53527633261091623 ) ) ;
#3937 = DIRECTION ( 'NONE',  ( -0.000000000000000000, -1.000000000000000000, -0.000000000000000000 ) ) ;
#3938 = FACE_OUTER_BOUND ( 'NONE', #5523, .T. ) ;
#3939 = ORIENTED_EDGE ( 'NONE', *, *, #5849, .T. ) ;
#3940 = CIRCLE ( 'NONE', #8305, 0.9000000000012973178 ) ;
#3941 = ORIENTED_EDGE ( 'NONE', *, *, #3505, .F. ) ;
#3942 = ORIENTED_EDGE ( 'NONE', *, *, #7406, .F. ) ;
#3943 = VERTEX_POINT ( 'NONE', #6816 ) ;
#3944 = CARTESIAN_POINT ( 'NONE',  ( 13.12827881868120450, 4.254888474495750472, -9.814463748652007880 ) ) ;
#3945 = CARTESIAN_POINT ( 'NONE',  ( 19.51677218609436437, 0.000000000000000000, 12.42271421373338747 ) ) ;
#3946 = FACE_OUTER_BOUND ( 'NONE', #714, .T. ) ;
#3947 = AXIS2_PLACEMENT_3D ( 'NONE', #5994, #3269, #3226 ) ;
#3948 = VERTEX_POINT ( 'NONE', #2408 ) ;
#3949 = EDGE_CURVE ( 'NONE', #3326, #1627, #1786, .T. ) ;
#3950 = VERTEX_POINT ( 'NONE', #6223 ) ;
#3951 = CARTESIAN_POINT ( 'NONE',  ( 0.000000000000000000, 4.670000000000000817, 0.000000000000000000 ) ) ;
#3952 = AXIS2_PLACEMENT_3D ( 'NONE', #2040, #4037, #769 ) ;
#3953 = TOROIDAL_SURFACE ( 'NONE', #1625, 1.500000000000049072, 0.5000000000000000000 ) ;
#3954 = DIRECTION ( 'NONE',  ( 0.000000000000000000, 1.000000000000000000, 0.000000000000000000 ) ) ;
#3955 = CARTESIAN_POINT ( 'NONE',  ( 1.690000000000084324, 2.669999999999999929, -25.07812044392481710 ) ) ;
#3956 = CARTESIAN_POINT ( 'NONE',  ( -15.88930831464829474, 4.670000000000000817, 26.52108929809734050 ) ) ;
#3957 = VERTEX_POINT ( 'NONE', #995 ) ;
#3958 = ADVANCED_FACE ( 'NONE', ( #3585 ), #288, .F. ) ;
#3959 = DIRECTION ( 'NONE',  ( 0.5000000000000333067, -0.000000000000000000, 0.8660254037844193897 ) ) ;
#3960 = CARTESIAN_POINT ( 'NONE',  ( 19.59770838271525051, 4.410773209854339960, -12.40284484197849402 ) ) ;
#3961 = VECTOR ( 'NONE', #4024, 1000.000000000000000 ) ;
#3962 = ORIENTED_EDGE ( 'NONE', *, *, #5641, .F. ) ;
#3963 = CARTESIAN_POINT ( 'NONE',  ( 0.000000000000000000, 4.670000000000000817, 0.000000000000000000 ) ) ;
#3964 = CARTESIAN_POINT ( 'NONE',  ( 14.51453906012028128, 0.000000000000000000, 9.534673571902997580 ) ) ;
#3965 = ORIENTED_EDGE ( 'NONE', *, *, #6102, .F. ) ;
#3966 = AXIS2_PLACEMENT_3D ( 'NONE', #3104, #1869, #5118 ) ;
#3967 = ORIENTED_EDGE ( 'NONE', *, *, #1405, .T. ) ;
#3968 = VERTEX_POINT ( 'NONE', #4323 ) ;
#3969 = ADVANCED_FACE ( 'NONE', ( #7415 ), #1575, .F. ) ;
#3970 = DIRECTION ( 'NONE',  ( 0.000000000000000000, 0.000000000000000000, 1.000000000000000000 ) ) ;
#3971 = ADVANCED_FACE ( 'NONE', ( #8203 ), #333, .F. ) ;
#3972 = VECTOR ( 'NONE', #3172, 1000.000000000000000 ) ;
#3973 = CARTESIAN_POINT ( 'NONE',  ( 4.417525414551752405, 4.670000000000000817, -2.550459487243502910 ) ) ;
#3974 = EDGE_LOOP ( 'NONE', ( #5555, #6878, #4221, #2675 ) ) ;
#3975 = DIRECTION ( 'NONE',  ( 0.000000000000000000, 0.000000000000000000, 1.000000000000000000 ) ) ;
#3976 = AXIS2_PLACEMENT_3D ( 'NONE', #2171, #7366, #1530 ) ;
#3977 = ORIENTED_EDGE ( 'NONE', *, *, #4719, .T. ) ;
#3978 = CARTESIAN_POINT ( 'NONE',  ( -21.76932090785432550, 4.649847419183828379, -11.82891209833740120 ) ) ;
#3979 = CARTESIAN_POINT ( 'NONE',  ( -15.51453906012018891, 4.670000000000000817, -7.802622764334316230 ) ) ;
#3980 = CARTESIAN_POINT ( 'NONE',  ( -20.50344712380669776, 4.670000000000000817, -11.26032044705571167 ) ) ;
#3981 = CARTESIAN_POINT ( 'NONE',  ( 22.18297585893511226, 4.413147668298179838, -11.71104112180831436 ) ) ;
#3982 = EDGE_CURVE ( 'NONE', #3641, #2913, #4506, .T. ) ;
#3983 = EDGE_LOOP ( 'NONE', ( #1108, #5594, #3908, #6334, #368, #1603, #7221, #4299, #5992 ) ) ;
#3984 = CIRCLE ( 'NONE', #2498, 0.9000000000000014655 ) ;
#3985 = LINE ( 'NONE', #99, #3961 ) ;
#3986 = ORIENTED_EDGE ( 'NONE', *, *, #5675, .T. ) ;
#3987 = ORIENTED_EDGE ( 'NONE', *, *, #1414, .T. ) ;
#3988 = CARTESIAN_POINT ( 'NONE',  ( -22.25031422186815533, 4.296427799499668687, 11.69152436717009280 ) ) ;
#3989 = CARTESIAN_POINT ( 'NONE',  ( 27.64883365011744587, 4.169999999999999929, 13.66095511311953281 ) ) ;
#3990 = CARTESIAN_POINT ( 'NONE',  ( 0.000000000000000000, 4.169999999999999929, 0.000000000000000000 ) ) ;
#3991 = CARTESIAN_POINT ( 'NONE',  ( 0.000000000000000000, 2.669999999999999929, 0.000000000000000000 ) ) ;
#3992 = VECTOR ( 'NONE', #8086, 1000.000000000000000 ) ;
#3993 = DIRECTION ( 'NONE',  ( -0.000000000000000000, -1.000000000000000000, -0.000000000000000000 ) ) ;
#3994 = VERTEX_POINT ( 'NONE', #3673 ) ;
#3995 = ORIENTED_EDGE ( 'NONE', *, *, #2417, .F. ) ;
#3996 = CIRCLE ( 'NONE', #5243, 0.9000000000028429703 ) ;
#3997 = CARTESIAN_POINT ( 'NONE',  ( 9.476470909657470187, 4.633726839861759039, -13.40657629762435832 ) ) ;
#3998 = ADVANCED_FACE ( 'NONE', ( #5517 ), #6270, .F. ) ;
#3999 = CARTESIAN_POINT ( 'NONE',  ( -20.90152119364758221, 0.000000000000000000, -12.96749888762527902 ) ) ;
#4000 = CARTESIAN_POINT ( 'NONE',  ( -13.12827881868126845, 2.669999999999999929, 9.814463748651917285 ) ) ;
#4001 = ORIENTED_EDGE ( 'NONE', *, *, #5165, .T. ) ;
#4002 = CARTESIAN_POINT ( 'NONE',  ( 0.000000000000000000, 4.670000000000000817, 0.000000000000000000 ) ) ;
#4003 = CARTESIAN_POINT ( 'NONE',  ( 21.73089628913205473, 4.670000000000006146, -11.71250177135220127 ) ) ;
#4004 = B_SPLINE_CURVE_WITH_KNOTS ( 'NONE', 3,
 ( #6747, #3519, #5501, #8092, #3603, #1596 ),
 .UNSPECIFIED., .F., .F.,
 ( 4, 2, 4 ),
 ( 0.000000000000000000, 0.0003907179323894552554, 0.0007814358647789105107 ),
 .UNSPECIFIED. ) ;
#4005 = CARTESIAN_POINT ( 'NONE',  ( -28.37807185327414672, 4.328159397827627153, 14.38077490976945327 ) ) ;
#4006 = ADVANCED_FACE ( 'NONE', ( #3044 ), #5651, .T. ) ;
#4007 = AXIS2_PLACEMENT_3D ( 'NONE', #6767, #2221, #6176 ) ;
#4008 = CARTESIAN_POINT ( 'NONE',  ( 27.24918328139932555, 0.000000000000000000, -14.57762276433428994 ) ) ;
#4009 = CARTESIAN_POINT ( 'NONE',  ( 20.08823825474683034, 4.670000000000000817, -12.45294779642659400 ) ) ;
#4010 = VERTEX_POINT ( 'NONE', #907 ) ;
#4011 = DIRECTION ( 'NONE',  ( 0.000000000000000000, 0.000000000000000000, 1.000000000000000000 ) ) ;
#4012 = AXIS2_PLACEMENT_3D ( 'NONE', #5308, #7896, #1408 ) ;
#4013 = CARTESIAN_POINT ( 'NONE',  ( -7.802622764334155470, 4.670000000000000817, -15.51453906012026529 ) ) ;
#4014 = VERTEX_POINT ( 'NONE', #5481 ) ;
#4015 = FACE_OUTER_BOUND ( 'NONE', #4349, .T. ) ;
#4016 = CARTESIAN_POINT ( 'NONE',  ( -14.41561829447604914, 4.169999999999999929, 9.044556563297465601 ) ) ;
#4017 = EDGE_CURVE ( 'NONE', #4268, #677, #6770, .T. ) ;
#4018 = EDGE_LOOP ( 'NONE', ( #1524, #1399, #3110, #7375, #2916, #2889 ) ) ;
#4019 = DIRECTION ( 'NONE',  ( 0.1978415312886077637, -0.000000000000000000, 0.9802340172108796601 ) ) ;
#4020 = CARTESIAN_POINT ( 'NONE',  ( 27.24918328139936463, 4.302122217144082938, 14.57762276433424908 ) ) ;
#4021 = CARTESIAN_POINT ( 'NONE',  ( 27.24918328139932555, 4.302122217144067839, -14.57762276433428994 ) ) ;
#4022 = FACE_OUTER_BOUND ( 'NONE', #3815, .T. ) ;
#4023 = ORIENTED_EDGE ( 'NONE', *, *, #311, .T. ) ;
#4024 = DIRECTION ( 'NONE',  ( -0.000000000000000000, -1.000000000000000000, -0.000000000000000000 ) ) ;
#4025 = CARTESIAN_POINT ( 'NONE',  ( 26.61019076166164510, 4.257934903740276944, 17.43291248170757157 ) ) ;
#4026 = EDGE_CURVE ( 'NONE', #1011, #577, #6135, .T. ) ;
#4027 = ORIENTED_EDGE ( 'NONE', *, *, #1312, .T. ) ;
#4028 = CARTESIAN_POINT ( 'NONE',  ( 3.735411355654004062, 4.670000000000000817, -11.10645329366287726 ) ) ;
#4029 = PLANE ( 'NONE',  #7041 ) ;
#4030 = CYLINDRICAL_SURFACE ( 'NONE', #1842, 0.9000000000016876722 ) ;
#4031 = VERTEX_POINT ( 'NONE', #6955 ) ;
#4032 = EDGE_LOOP ( 'NONE', ( #3364, #4054, #4736, #5041, #570, #8102 ) ) ;
#4033 = CARTESIAN_POINT ( 'NONE',  ( 11.69152436717008570, 4.169999999999999929, 22.25031422186815533 ) ) ;
#4034 = EDGE_CURVE ( 'NONE', #1219, #1709, #1038, .T. ) ;
#4035 = ORIENTED_EDGE ( 'NONE', *, *, #2506, .F. ) ;
#4036 = TOROIDAL_SURFACE ( 'NONE', #378, 1.500000000000001110, 0.5000000000000000000 ) ;
#4037 = DIRECTION ( 'NONE',  ( -0.000000000000000000, -1.000000000000000000, -0.000000000000000000 ) ) ;
#4038 = CARTESIAN_POINT ( 'NONE',  ( -15.99902080799054538, 4.669999999999967955, 26.45082627711727241 ) ) ;
#4039 = VERTEX_POINT ( 'NONE', #4538 ) ;
#4040 = CARTESIAN_POINT ( 'NONE',  ( 19.51677218609436437, 4.670000000000000817, 12.42271421373338747 ) ) ;
#4041 = AXIS2_PLACEMENT_3D ( 'NONE', #1518, #6789, #2882 ) ;
#4042 = DIRECTION ( 'NONE',  ( 0.9478283262025962719, 0.000000000000000000, -0.3187812165858973090 ) ) ;
#4043 = EDGE_CURVE ( 'NONE', #291, #3523, #8378, .T. ) ;
#4044 = DIRECTION ( 'NONE',  ( 0.000000000000000000, 0.000000000000000000, 1.000000000000000000 ) ) ;
#4045 = EDGE_LOOP ( 'NONE', ( #2788, #8251, #6812, #1697 ) ) ;
#4046 = EDGE_LOOP ( 'NONE', ( #6936, #6857, #3090, #7005, #5609, #1605 ) ) ;
#4047 = DIRECTION ( 'NONE',  ( 0.000000000000000000, 1.000000000000000000, 0.000000000000000000 ) ) ;
#4048 = EDGE_CURVE ( 'NONE', #449, #2163, #5052, .T. ) ;
#4049 = DIRECTION ( 'NONE',  ( 0.9802340172108799932, -0.000000000000000000, 0.1978415312886053767 ) ) ;
#4050 = AXIS2_PLACEMENT_3D ( 'NONE', #8027, #3428, #7339 ) ;
#4051 = VERTEX_POINT ( 'NONE', #4450 ) ;
#4052 = CARTESIAN_POINT ( 'NONE',  ( -4.121320747478347535, 2.669999999999999929, 2.379445642973405217 ) ) ;
#4053 = DIRECTION ( 'NONE',  ( -1.051949387485943067E-14, 0.000000000000000000, 1.000000000000000000 ) ) ;
#4054 = ORIENTED_EDGE ( 'NONE', *, *, #1460, .F. ) ;
#4055 = CYLINDRICAL_SURFACE ( 'NONE', #3549, 0.4999999999999995004 ) ;
#4056 = CARTESIAN_POINT ( 'NONE',  ( 15.06371434019466626, 4.254903668735718902, -6.462191090617110945 ) ) ;
#4057 = CARTESIAN_POINT ( 'NONE',  ( -12.06749888762342060, 0.000000000000000000, 20.90152119364811156 ) ) ;
#4058 = CARTESIAN_POINT ( 'NONE',  ( -7.056435552109441289, 0.000000000000000000, 12.22210489659291888 ) ) ;
#4059 = ORIENTED_EDGE ( 'NONE', *, *, #4547, .F. ) ;
#4060 = ADVANCED_FACE ( 'NONE', ( #587 ), #47, .T. ) ;
#4061 = EDGE_CURVE ( 'NONE', #2023, #4031, #5133, .T. ) ;
#4062 = LINE ( 'NONE', #5430, #4078 ) ;
#4063 = CARTESIAN_POINT ( 'NONE',  ( 27.64883365011744587, 4.670000000000000817, 13.66095511311953281 ) ) ;
#4064 = FACE_OUTER_BOUND ( 'NONE', #7832, .T. ) ;
#4065 = TOROIDAL_SURFACE ( 'NONE', #405, 1.500000000000032196, 0.5000000000000000000 ) ;
#4066 = VERTEX_POINT ( 'NONE', #6995 ) ;
#4067 = CARTESIAN_POINT ( 'NONE',  ( 13.12827881868119384, 4.169999999999999929, 9.814463748652000774 ) ) ;
#4068 = B_SPLINE_CURVE_WITH_KNOTS ( 'NONE', 3,
 ( #2264, #8198, #2941, #1661, #495, #5001, #6950, #5601, #3667, #5729 ),
 .UNSPECIFIED., .F., .F.,
 ( 4, 2, 2, 2, 4 ),
 ( 1.734723475976806902E-18, 0.0001365222221502419462, 0.0002730444443004821577, 0.0005460888886009623638, 0.001092177777201923860 ),
 .UNSPECIFIED. ) ;
#4069 = CARTESIAN_POINT ( 'NONE',  ( -13.26075924554700336, 4.515827822802151559, 9.651364761882994969 ) ) ;
#4070 = CARTESIAN_POINT ( 'NONE',  ( 28.41310023613297275, 4.169999999999999929, -14.30585555931277142 ) ) ;
#4071 = ORIENTED_EDGE ( 'NONE', *, *, #2843, .T. ) ;
#4072 = AXIS2_PLACEMENT_3D ( 'NONE', #1924, #5762, #33 ) ;
#4073 = AXIS2_PLACEMENT_3D ( 'NONE', #2594, #3907, #3265 ) ;
#4074 = EDGE_CURVE ( 'NONE', #4477, #7743, #68, .T. ) ;
#4075 = EDGE_CURVE ( 'NONE', #5663, #7953, #1647, .T. ) ;
#4076 = VERTEX_POINT ( 'NONE', #5774 ) ;
#4077 = DIRECTION ( 'NONE',  ( -0.000000000000000000, -1.000000000000000000, -0.000000000000000000 ) ) ;
#4078 = VECTOR ( 'NONE', #4778, 1000.000000000000114 ) ;
#4079 = DIRECTION ( 'NONE',  ( -0.000000000000000000, 1.000000000000000000, -0.000000000000000000 ) ) ;
#4080 = CARTESIAN_POINT ( 'NONE',  ( -26.24918328139936463, 0.000000000000000000, -16.30967357190309741 ) ) ;
#4081 = DIRECTION ( 'NONE',  ( 0.8660254037844472563, -0.000000000000000000, -0.4999999999999851785 ) ) ;
#4082 = ORIENTED_EDGE ( 'NONE', *, *, #678, .F. ) ;
#4083 = CARTESIAN_POINT ( 'NONE',  ( 20.90152119364996608, 0.000000000000000000, 12.06749888762394463 ) ) ;
#4084 = EDGE_CURVE ( 'NONE', #2409, #2089, #6271, .T. ) ;
#4085 = CIRCLE ( 'NONE', #696, 23.13499999999999446 ) ;
#4086 = AXIS2_PLACEMENT_3D ( 'NONE', #3001, #4962, #412 ) ;
#4087 = DIRECTION ( 'NONE',  ( -0.000000000000000000, -1.000000000000000000, -0.000000000000000000 ) ) ;
#4088 = CARTESIAN_POINT ( 'NONE',  ( 12.34841178801310058, 4.663210578268949469, 20.04467947524582172 ) ) ;
#4090 = DIRECTION ( 'NONE',  ( 0.000000000000000000, 1.000000000000000000, 0.000000000000000000 ) ) ;
#4089 = VECTOR ( 'NONE', #5871, 1000.000000000000114 ) ;
#4091 = AXIS2_PLACEMENT_3D ( 'NONE', #2233, #1361, #4044 ) ;
#4092 = B_SPLINE_CURVE_WITH_KNOTS ( 'NONE', 3,
 ( #7543, #1751, #4410, #4272 ),
 .UNSPECIFIED., .F., .F.,
 ( 4, 4 ),
 ( 0.0008524128465717512688, 0.001021256587833144908 ),
 .UNSPECIFIED. ) ;
#4093 = EDGE_LOOP ( 'NONE', ( #101, #892, #4550, #4545 ) ) ;
#4094 = ADVANCED_FACE ( 'NONE', ( #499 ), #8335, .T. ) ;
#4095 = AXIS2_PLACEMENT_3D ( 'NONE', #6496, #5215, #6693 ) ;
#4096 = CIRCLE ( 'NONE', #2860, 1.000000000000000888 ) ;
#4097 = PLANE ( 'NONE',  #7610 ) ;
#4098 = ORIENTED_EDGE ( 'NONE', *, *, #5872, .F. ) ;
#4099 = CARTESIAN_POINT ( 'NONE',  ( 12.06749888762580269, 4.670000000000000817, -20.00152119364775416 ) ) ;
#4100 = ADVANCED_FACE ( 'NONE', ( #1291 ), #3247, .F. ) ;
#4101 = VERTEX_POINT ( 'NONE', #5899 ) ;
#4102 = CARTESIAN_POINT ( 'NONE',  ( 28.17742208520389369, 4.615390184801485773, 14.79449982090512705 ) ) ;
#4103 = CARTESIAN_POINT ( 'NONE',  ( -13.17156689968545358, 4.573863308491521451, -21.18771934078023733 ) ) ;
#4104 = CYLINDRICAL_SURFACE ( 'NONE', #6570, 25.13500000000000512 ) ;
#4105 = CARTESIAN_POINT ( 'NONE',  ( -12.06749888762499268, 0.000000000000000000, -20.00152119364774350 ) ) ;
#4106 = AXIS2_PLACEMENT_3D ( 'NONE', #2953, #4419, #2455 ) ;
#4107 = CARTESIAN_POINT ( 'NONE',  ( -1.725477202014698008, 4.670000000000000817, -2.988614181191272756 ) ) ;
#4108 = CARTESIAN_POINT ( 'NONE',  ( 9.007166899749455169, 4.670000000000000817, 14.60087070261887732 ) ) ;
#4109 = EDGE_LOOP ( 'NONE', ( #7645, #58, #7095, #5261, #6720 ) ) ;
#4110 = CARTESIAN_POINT ( 'NONE',  ( -13.12827881868112456, 4.169999999999999929, -9.814463748652098474 ) ) ;
#4112 = AXIS2_PLACEMENT_3D ( 'NONE', #2096, #748, #3411 ) ;
#4111 = PRODUCT ( 'Front Mesh Piece (With Holes)', 'Front Mesh Piece (With Holes)', '', ( #2404 ) ) ;
#4113 = CIRCLE ( 'NONE', #5072, 25.13500000000000512 ) ;
#4114 = FACE_OUTER_BOUND ( 'NONE', #4675, .T. ) ;
#4115 = CARTESIAN_POINT ( 'NONE',  ( 14.30585555931125086, 4.169999999999999929, -28.41310023613422686 ) ) ;
#4116 = ADVANCED_FACE ( 'NONE', ( #4613 ), #2015, .T. ) ;
#4117 = VERTEX_POINT ( 'NONE', #6014 ) ;
#4118 = CARTESIAN_POINT ( 'NONE',  ( 6.462191090617056766, 4.670000000000000817, -15.06371434019470179 ) ) ;
#4119 = CARTESIAN_POINT ( 'NONE',  ( -23.35665843275930342, 0.000000000000000000, -14.63967357190314722 ) ) ;
#4120 = ORIENTED_EDGE ( 'NONE', *, *, #6372, .T. ) ;
#4121 = CIRCLE ( 'NONE', #6285, 25.55648399467294851 ) ;
#4122 = VECTOR ( 'NONE', #4725, 1000.000000000000000 ) ;
#4123 = CARTESIAN_POINT ( 'NONE',  ( 0.000000000000000000, 0.000000000000000000, 0.000000000000000000 ) ) ;
#4124 = EDGE_CURVE ( 'NONE', #6836, #226, #204, .T. ) ;
#4125 = EDGE_LOOP ( 'NONE', ( #1565, #3709, #413, #7008 ) ) ;
#4126 = EDGE_CURVE ( 'NONE', #6617, #4014, #1329, .T. ) ;
#4127 = DIRECTION ( 'NONE',  ( 0.000000000000000000, 0.000000000000000000, 1.000000000000000000 ) ) ;
#4128 = DIRECTION ( 'NONE',  ( 0.000000000000000000, 0.000000000000000000, 1.000000000000000000 ) ) ;
#4129 = CARTESIAN_POINT ( 'NONE',  ( -14.51453906012035233, 4.169999999999999929, 9.534673571902905209 ) ) ;
#4130 = VERTEX_POINT ( 'NONE', #2741 ) ;
#4131 = DIRECTION ( 'NONE',  ( 0.000000000000000000, 0.000000000000000000, -1.000000000000000000 ) ) ;
#4132 = CARTESIAN_POINT ( 'NONE',  ( 0.000000000000000000, 0.000000000000000000, 0.000000000000000000 ) ) ;
#4133 = CARTESIAN_POINT ( 'NONE',  ( 9.534673571902946065, 4.462893218813452911, -14.51453906012031503 ) ) ;
#4134 = CARTESIAN_POINT ( 'NONE',  ( 14.51453906012028128, 0.000000000000000000, 9.534673571902997580 ) ) ;
#4135 = EDGE_CURVE ( 'NONE', #219, #8342, #193, .T. ) ;
#4136 = DIRECTION ( 'NONE',  ( -0.5000000000000229816, 0.000000000000000000, -0.8660254037844252739 ) ) ;
#4137 = ORIENTED_EDGE ( 'NONE', *, *, #6193, .T. ) ;
#4138 = CARTESIAN_POINT ( 'NONE',  ( -12.06749888762499268, -7.859999999999998543, -21.80152119364776198 ) ) ;
#4139 = VERTEX_POINT ( 'NONE', #3449 ) ;
#4140 = DIRECTION ( 'NONE',  ( 0.000000000000000000, 1.000000000000000000, 0.000000000000000000 ) ) ;
#4141 = CARTESIAN_POINT ( 'NONE',  ( -20.90152119364589467, -7.859999999999998543, 12.96749888762681557 ) ) ;
#4142 = EDGE_CURVE ( 'NONE', #321, #622, #3080, .T. ) ;
#4143 = EDGE_LOOP ( 'NONE', ( #7920, #2735, #4334, #8401 ) ) ;
#4144 = DIRECTION ( 'NONE',  ( -0.000000000000000000, -1.000000000000000000, -0.000000000000000000 ) ) ;
#4145 = CARTESIAN_POINT ( 'NONE',  ( -13.42357517473897310, 4.169999999999999929, -21.25031422186815178 ) ) ;
#4146 = LINE ( 'NONE', #4773, #7123 ) ;
#4147 = CARTESIAN_POINT ( 'NONE',  ( 11.21462151741287094, 4.663166634937230270, 20.60869496433502945 ) ) ;
#4148 = AXIS2_PLACEMENT_3D ( 'NONE', #1118, #6344, #8192 ) ;
#4149 = DIRECTION ( 'NONE',  ( -0.000000000000000000, 1.000000000000000000, -0.000000000000000000 ) ) ;
#4150 = VERTEX_POINT ( 'NONE', #6634 ) ;
#4151 = CARTESIAN_POINT ( 'NONE',  ( 21.15890326730212578, 4.624213390368335119, 13.05678493813024588 ) ) ;
#4152 = AXIS2_PLACEMENT_3D ( 'NONE', #2044, #4601, #7238 ) ;
#4153 = DIRECTION ( 'NONE',  ( -0.8660254037844246078, 0.000000000000000000, 0.5000000000000242029 ) ) ;
#4154 = EDGE_CURVE ( 'NONE', #2962, #4995, #1262, .T. ) ;
#4155 = CARTESIAN_POINT ( 'NONE',  ( -20.55250958649725135, 4.459267797770341879, -10.81375028943322469 ) ) ;
#4156 = VERTEX_POINT ( 'NONE', #4099 ) ;
#4157 = DIRECTION ( 'NONE',  ( -0.000000000000000000, -1.000000000000000000, -0.000000000000000000 ) ) ;
#4158 = CARTESIAN_POINT ( 'NONE',  ( 9.534673571902963829, 0.000000000000000000, 14.51453906012032036 ) ) ;
#4159 = VERTEX_POINT ( 'NONE', #7974 ) ;
#4160 = EDGE_CURVE ( 'NONE', #5303, #6997, #1975, .T. ) ;
#4161 = DIRECTION ( 'NONE',  ( 0.5000000000000027756, 0.000000000000000000, -0.8660254037844371533 ) ) ;
#4162 = ORIENTED_EDGE ( 'NONE', *, *, #8, .F. ) ;
#4163 = DIRECTION ( 'NONE',  ( -0.1978415312886077360, 0.000000000000000000, -0.9802340172108795491 ) ) ;
#4164 = CARTESIAN_POINT ( 'NONE',  ( 0.2500000000003609890, 4.169999999999999929, 0.4330127018928167093 ) ) ;
#4165 = CARTESIAN_POINT ( 'NONE',  ( 11.19974067597001621, 4.652225243042862779, 20.66278350054721002 ) ) ;
#4166 = VERTEX_POINT ( 'NONE', #4727 ) ;
#4167 = CARTESIAN_POINT ( 'NONE',  ( 7.802622764334147476, 4.169999999999999929, 15.51453906012027062 ) ) ;
#4168 = DIRECTION ( 'NONE',  ( -0.4999999999999992784, 0.000000000000000000, 0.8660254037844390407 ) ) ;
#4169 = ORIENTED_EDGE ( 'NONE', *, *, #690, .T. ) ;
#4170 = EDGE_CURVE ( 'NONE', #3280, #4424, #91, .T. ) ;
#4171 = EDGE_CURVE ( 'NONE', #5932, #219, #1515, .T. ) ;
#4172 = B_SPLINE_CURVE_WITH_KNOTS ( 'NONE', 3,
 ( #743, #7855, #2535, #4573 ),
 .UNSPECIFIED., .F., .F.,
 ( 4, 4 ),
 ( 0.0002294575577233368829, 0.0004120090770056251484 ),
 .UNSPECIFIED. ) ;
#4173 = CYLINDRICAL_SURFACE ( 'NONE', #431, 23.31046236190299936 ) ;
#4174 = PLANE ( 'NONE',  #4765 ) ;
#4175 = EDGE_LOOP ( 'NONE', ( #7566, #3007, #4705, #5426, #4297, #119 ) ) ;
#4176 = ORIENTED_EDGE ( 'NONE', *, *, #3494, .F. ) ;
#4177 = ADVANCED_FACE ( 'NONE', ( #6561 ), #6517, .T. ) ;
#4178 = CARTESIAN_POINT ( 'NONE',  ( 20.90152119364827854, -7.859999999999998543, -12.06749888762685252 ) ) ;
#4179 = ORIENTED_EDGE ( 'NONE', *, *, #8283, .T. ) ;
#4180 = AXIS2_PLACEMENT_3D ( 'NONE', #568, #4988, #4940 ) ;
#4181 = ORIENTED_EDGE ( 'NONE', *, *, #7386, .F. ) ;
#4182 = DIRECTION ( 'NONE',  ( -0.000000000000000000, -1.000000000000000000, -0.000000000000000000 ) ) ;
#4183 = CARTESIAN_POINT ( 'NONE',  ( -6.462191090616950184, 4.253842935203489439, -15.06371434019473554 ) ) ;
#4184 = DIRECTION ( 'NONE',  ( 0.000000000000000000, 0.000000000000000000, 1.000000000000000000 ) ) ;
#4185 = FACE_BOUND ( 'NONE', #6966, .T. ) ;
#4186 = DIRECTION ( 'NONE',  ( -0.000000000000000000, -1.000000000000000000, -0.000000000000000000 ) ) ;
#4187 = EDGE_CURVE ( 'NONE', #6081, #7814, #1801, .T. ) ;
#4188 = FACE_OUTER_BOUND ( 'NONE', #4722, .T. ) ;
#4189 = DIRECTION ( 'NONE',  ( 0.000000000000000000, 0.000000000000000000, 1.000000000000000000 ) ) ;
#4190 = CARTESIAN_POINT ( 'NONE',  ( -17.11411476945176346, 4.670000000000000817, -25.65515099297929780 ) ) ;
#4191 = CARTESIAN_POINT ( 'NONE',  ( 14.95094271317734957, 4.670000000000001705, -28.10722118447545625 ) ) ;
#4192 = VERTEX_POINT ( 'NONE', #2129 ) ;
#4193 = CARTESIAN_POINT ( 'NONE',  ( -8.141141495965193542, 4.670000000000000817, 15.10087070261876718 ) ) ;
#4194 = AXIS2_PLACEMENT_3D ( 'NONE', #5778, #5738, #5818 ) ;
#4195 = CARTESIAN_POINT ( 'NONE',  ( -13.15108374726994001, 4.335245730191942037, 9.786939640701724841 ) ) ;
#4196 = DIRECTION ( 'NONE',  ( 0.000000000000000000, 0.000000000000000000, 1.000000000000000000 ) ) ;
#4197 = ORIENTED_EDGE ( 'NONE', *, *, #852, .F. ) ;
#4198 = B_SPLINE_CURVE_WITH_KNOTS ( 'NONE', 3,
 ( #7823, #3339, #8384, #2544, #3860, #3253, #5277, #633 ),
 .UNSPECIFIED., .F., .F.,
 ( 4, 2, 2, 4 ),
 ( 8.673617379884035472E-19, 0.0002469655357748154955, 0.0004939310715496301237, 0.0009878621430992632832 ),
 .UNSPECIFIED. ) ;
#4199 = AXIS2_PLACEMENT_3D ( 'NONE', #6275, #503, #2502 ) ;
#4200 = LINE ( 'NONE', #6780, #1772 ) ;
#4201 = CARTESIAN_POINT ( 'NONE',  ( 21.25031422186818020, 0.000000000000000000, 13.42357517473893225 ) ) ;
#4202 = ORIENTED_EDGE ( 'NONE', *, *, #5864, .F. ) ;
#4203 = DIRECTION ( 'NONE',  ( 0.000000000000000000, 0.000000000000000000, 1.000000000000000000 ) ) ;
#4204 = ADVANCED_FACE ( 'NONE', ( #4658 ), #784, .F. ) ;
#4205 = CARTESIAN_POINT ( 'NONE',  ( -21.00827498019344475, 4.670000000001253149, 12.96328223596513496 ) ) ;
#4206 = CARTESIAN_POINT ( 'NONE',  ( 19.78804760606493574, 4.579182007012373212, 12.35573290100746568 ) ) ;
#4207 = VECTOR ( 'NONE', #4416, 1000.000000000000114 ) ;
#4208 = ORIENTED_EDGE ( 'NONE', *, *, #5917, .T. ) ;
#4209 = CYLINDRICAL_SURFACE ( 'NONE', #4041, 0.9000000000027943425 ) ;
#4210 = VECTOR ( 'NONE', #4087, 1000.000000000000000 ) ;
#4211 = TOROIDAL_SURFACE ( 'NONE', #937, 23.63499999999999801, 0.5000000000000000000 ) ;
#4212 = CARTESIAN_POINT ( 'NONE',  ( 14.79753995681425494, 4.614697707672048566, 28.16811870249878069 ) ) ;
#4213 = LINE ( 'NONE', #5379, #4648 ) ;
#4214 = ADVANCED_FACE ( 'NONE', ( #859 ), #4575, .T. ) ;
#4215 = CARTESIAN_POINT ( 'NONE',  ( -12.06749888762499268, 0.000000000000000000, -20.90152119364775274 ) ) ;
#4216 = ORIENTED_EDGE ( 'NONE', *, *, #5295, .F. ) ;
#4217 = CARTESIAN_POINT ( 'NONE',  ( 15.10087070261879383, 4.670000000000000817, 8.141141495965145580 ) ) ;
#4218 = VECTOR ( 'NONE', #4332, 1000.000000000000000 ) ;
#4219 = ORIENTED_EDGE ( 'NONE', *, *, #5900, .T. ) ;
#4220 = DIRECTION ( 'NONE',  ( -0.000000000000000000, -1.000000000000000000, -0.000000000000000000 ) ) ;
#4221 = ORIENTED_EDGE ( 'NONE', *, *, #902, .F. ) ;
#4222 = CIRCLE ( 'NONE', #1363, 23.13499999999999801 ) ;
#4223 = AXIS2_PLACEMENT_3D ( 'NONE', #6507, #1967, #5888 ) ;
#4224 = CARTESIAN_POINT ( 'NONE',  ( -17.45353882510991639, 0.000000000000000000, -26.59578445530166846 ) ) ;
#4225 = EDGE_CURVE ( 'NONE', #8416, #3099, #7290, .T. ) ;
#4226 = ORIENTED_EDGE ( 'NONE', *, *, #1218, .F. ) ;
#4227 = DIRECTION ( 'NONE',  ( -0.5000000000000026645, 0.000000000000000000, 0.8660254037844371533 ) ) ;
#4228 = EDGE_CURVE ( 'NONE', #4780, #4101, #7161, .T. ) ;
#4229 = DIRECTION ( 'NONE',  ( -0.3187812165858771030, -0.000000000000000000, 0.9478283262026030442 ) ) ;
#4230 = CARTESIAN_POINT ( 'NONE',  ( -7.802622764334156358, 4.462893218813452911, -15.51453906012026707 ) ) ;
#4231 = FACE_OUTER_BOUND ( 'NONE', #1918, .T. ) ;
#4232 = CIRCLE ( 'NONE', #2737, 0.5000000000000004441 ) ;
#4233 = CARTESIAN_POINT ( 'NONE',  ( 16.10947718289870423, 4.615696297820560012, 26.37955034849449376 ) ) ;
#4234 = EDGE_LOOP ( 'NONE', ( #4764, #4583, #1744, #7560, #3661 ) ) ;
#4235 = CARTESIAN_POINT ( 'NONE',  ( 11.76331974752895349, 4.573863308493953284, 22.00077121316011386 ) ) ;
#4236 = LINE ( 'NONE', #2268, #2656 ) ;
#4237 = DIRECTION ( 'NONE',  ( 0.8660254037845012132, 0.000000000000000000, -0.4999999999998914202 ) ) ;
#4238 = DIRECTION ( 'NONE',  ( 0.000000000000000000, 0.000000000000000000, 1.000000000000000000 ) ) ;
#4239 = CARTESIAN_POINT ( 'NONE',  ( 15.11325962399935996, 4.670000000000000817, -28.02408237786726275 ) ) ;
#4240 = VECTOR ( 'NONE', #6671, 1000.000000000000000 ) ;
#4241 = VERTEX_POINT ( 'NONE', #4769 ) ;
#4242 = CARTESIAN_POINT ( 'NONE',  ( -20.50344712380505641, 4.670000000000000817, 11.26032044705448065 ) ) ;
#4243 = ADVANCED_FACE ( 'NONE', ( #6258 ), #8104, .F. ) ;
#4244 = CARTESIAN_POINT ( 'NONE',  ( -13.12827881868126845, 4.169999999999999929, 9.814463748651917285 ) ) ;
#4245 = CARTESIAN_POINT ( 'NONE',  ( -1.689999999999914015, 0.000000000000000000, -25.07812044392483131 ) ) ;
#4246 = EDGE_LOOP ( 'NONE', ( #5064, #4001, #4949, #5265 ) ) ;
#4247 = VECTOR ( 'NONE', #5120, 1000.000000000000000 ) ;
#4248 = LINE ( 'NONE', #878, #4636 ) ;
#4249 = ORIENTED_EDGE ( 'NONE', *, *, #1269, .T. ) ;
#4250 = EDGE_CURVE ( 'NONE', #4717, #5753, #8188, .T. ) ;
#4251 = FACE_OUTER_BOUND ( 'NONE', #5508, .T. ) ;
#4252 = DIRECTION ( 'NONE',  ( -0.9802340172108782168, 0.000000000000000000, -0.1978415312886145916 ) ) ;
#4253 = AXIS2_PLACEMENT_3D ( 'NONE', #6043, #8055, #6596 ) ;
#4254 = ORIENTED_EDGE ( 'NONE', *, *, #4429, .T. ) ;
#4255 = DIRECTION ( 'NONE',  ( 0.000000000000000000, 1.000000000000000000, 0.000000000000000000 ) ) ;
#4256 = CARTESIAN_POINT ( 'NONE',  ( -9.534673571902851918, 4.462893218813452911, -14.51453906012038253 ) ) ;
#4257 = CARTESIAN_POINT ( 'NONE',  ( 25.07812044392481354, 0.000000000000000000, 1.690000000000169145 ) ) ;
#4258 = EDGE_CURVE ( 'NONE', #6571, #2815, #5470, .T. ) ;
#4259 = CARTESIAN_POINT ( 'NONE',  ( 7.802622764334147476, 4.169999999999999929, 15.51453906012027062 ) ) ;
#4260 =( BOUNDED_CURVE ( )  B_SPLINE_CURVE ( 3, ( #4761, #814, #4133, #7931 ),
 .UNSPECIFIED., .F., .F. ) 
 B_SPLINE_CURVE_WITH_KNOTS ( ( 4, 4 ),
 ( 4.712388980384689674, 6.283185307179586232 ),
 .UNSPECIFIED. ) 
 CURVE ( )  GEOMETRIC_REPRESENTATION_ITEM ( )  RATIONAL_B_SPLINE_CURVE ( ( 1.000000000000000000, 0.8047378541243649375, 0.8047378541243649375, 1.000000000000000000 ) ) 
 REPRESENTATION_ITEM ( '' )  );
#4261 = CYLINDRICAL_SURFACE ( 'NONE', #3833, 0.5000000000000001110 ) ;
#4262 = LINE ( 'NONE', #4395, #1267 ) ;
#4263 = ORIENTED_EDGE ( 'NONE', *, *, #6726, .T. ) ;
#4264 = VECTOR ( 'NONE', #3355, 1000.000000000000000 ) ;
#4265 = ORIENTED_EDGE ( 'NONE', *, *, #2026, .T. ) ;
#4266 = EDGE_CURVE ( 'NONE', #6446, #1633, #1936, .T. ) ;
#4267 = DIRECTION ( 'NONE',  ( 0.8660254037844388186, 0.000000000000000000, -0.4999999999999996669 ) ) ;
#4268 = VERTEX_POINT ( 'NONE', #4310 ) ;
#4269 = VERTEX_POINT ( 'NONE', #4224 ) ;
#4270 = DIRECTION ( 'NONE',  ( -0.5000000000000056621, 0.000000000000000000, 0.8660254037844353769 ) ) ;
#4271 = DIRECTION ( 'NONE',  ( -0.000000000000000000, -1.000000000000000000, -0.000000000000000000 ) ) ;
#4272 = CARTESIAN_POINT ( 'NONE',  ( -11.19974067596788458, 4.652225243042778402, 20.66278350054750490 ) ) ;
#4273 = CARTESIAN_POINT ( 'NONE',  ( 11.23457843555650193, 4.670000000000000817, 20.55564443649805639 ) ) ;
#4274 = CARTESIAN_POINT ( 'NONE',  ( -27.22476184672099109, 4.431339364532041358, -14.62615092454278276 ) ) ;
#4275 = FACE_OUTER_BOUND ( 'NONE', #975, .T. ) ;
#4276 = ADVANCED_FACE ( 'NONE', ( #1652 ), #979, .T. ) ;
#4277 = EDGE_CURVE ( 'NONE', #7045, #4139, #4809, .T. ) ;
#4278 = ORIENTED_EDGE ( 'NONE', *, *, #860, .F. ) ;
#4279 = DIRECTION ( 'NONE',  ( 0.000000000000000000, 1.000000000000000000, 0.000000000000000000 ) ) ;
#4280 = DIRECTION ( 'NONE',  ( 0.000000000000000000, 0.000000000000000000, 1.000000000000000000 ) ) ;
#4281 = CARTESIAN_POINT ( 'NONE',  ( -11.98970151184122201, 4.169999999999999929, -19.76677218609434661 ) ) ;
#4282 = CARTESIAN_POINT ( 'NONE',  ( 0.4330127018917190318, 4.169999999999999929, -0.2499999999996980471 ) ) ;
#4283 = ORIENTED_EDGE ( 'NONE', *, *, #1923, .F. ) ;
#4284 = CARTESIAN_POINT ( 'NONE',  ( -27.14095567736271519, 4.615749189755374182, 14.79069255729956645 ) ) ;
#4285 = CARTESIAN_POINT ( 'NONE',  ( 28.01258677318488211, 4.670000000000000817, 15.11618144103512229 ) ) ;
#4286 = VERTEX_POINT ( 'NONE', #6756 ) ;
#4287 = VERTEX_POINT ( 'NONE', #2696 ) ;
#4288 = EDGE_CURVE ( 'NONE', #1880, #5858, #7776, .T. ) ;
#4289 = CARTESIAN_POINT ( 'NONE',  ( 13.14942338491211515, 4.333077446092013396, 9.788094217504301753 ) ) ;
#4290 = DIRECTION ( 'NONE',  ( 0.000000000000000000, 1.000000000000000000, 0.000000000000000000 ) ) ;
#4291 = DIRECTION ( 'NONE',  ( -0.000000000000000000, -1.000000000000000000, 0.000000000000000000 ) ) ;
#4292 = ORIENTED_EDGE ( 'NONE', *, *, #1651, .T. ) ;
#4293 = ORIENTED_EDGE ( 'NONE', *, *, #4748, .F. ) ;
#4294 = CARTESIAN_POINT ( 'NONE',  ( -17.11411476945210453, 4.670000000000000817, 25.65515099297905266 ) ) ;
#4295 = DIRECTION ( 'NONE',  ( 0.5000000000000002220, -0.000000000000000000, 0.8660254037844385966 ) ) ;
#4296 = CARTESIAN_POINT ( 'NONE',  ( -14.57762276433433968, 0.000000000000000000, 27.24918328139931845 ) ) ;
#4297 = ORIENTED_EDGE ( 'NONE', *, *, #350, .T. ) ;
#4298 = CARTESIAN_POINT ( 'NONE',  ( 9.216711472603771327, 4.670000000000000817, 13.56265230077034012 ) ) ;
#4299 = ORIENTED_EDGE ( 'NONE', *, *, #5952, .T. ) ;
#4300 = ADVANCED_FACE ( 'NONE', ( #2620 ), #3023, .T. ) ;
#4301 = CARTESIAN_POINT ( 'NONE',  ( -6.983484436174649090, 4.660514154627075634, 14.83028181845274851 ) ) ;
#4302 = CARTESIAN_POINT ( 'NONE',  ( -6.621581698910107505, 4.670000000000000817, 14.58980017709335719 ) ) ;
#4303 = CARTESIAN_POINT ( 'NONE',  ( 6.584397878351386346, 4.462116538694856693, 15.01234359425301434 ) ) ;
#4304 = CARTESIAN_POINT ( 'NONE',  ( 14.57762276433414961, 4.169999999999999929, -27.24918328139941792 ) ) ;
#4305 = VERTEX_POINT ( 'NONE', #7249 ) ;
#4306 = LINE ( 'NONE', #4437, #5942 ) ;
#4307 = ORIENTED_EDGE ( 'NONE', *, *, #1833, .F. ) ;
#4308 = CARTESIAN_POINT ( 'NONE',  ( -9.653386659545544646, 4.514980142404851016, -13.25496513449654756 ) ) ;
#4309 = ORIENTED_EDGE ( 'NONE', *, *, #1834, .T. ) ;
#4310 = CARTESIAN_POINT ( 'NONE',  ( -15.06371434019463784, 4.169999999999999929, -6.462191090617205091 ) ) ;
#4311 = ORIENTED_EDGE ( 'NONE', *, *, #938, .F. ) ;
#4312 = DIRECTION ( 'NONE',  ( 0.5000000000000026645, 0.000000000000000000, -0.8660254037844370423 ) ) ;
#4313 = DIRECTION ( 'NONE',  ( 0.000000000000000000, 0.000000000000000000, 1.000000000000000000 ) ) ;
#4314 = EDGE_CURVE ( 'NONE', #3497, #3268, #4659, .T. ) ;
#4315 = FACE_OUTER_BOUND ( 'NONE', #7187, .T. ) ;
#4316 = LINE ( 'NONE', #1071, #2416 ) ;
#4317 = DIRECTION ( 'NONE',  ( 0.000000000000000000, 0.000000000000000000, -1.000000000000000000 ) ) ;
#4318 = AXIS2_PLACEMENT_3D ( 'NONE', #6002, #3882, #3277 ) ;
#4319 = ORIENTED_EDGE ( 'NONE', *, *, #1643, .T. ) ;
#4320 = CARTESIAN_POINT ( 'NONE',  ( -19.59770838271493432, 4.410773209853913635, 12.40284484197858461 ) ) ;
#4321 = CARTESIAN_POINT ( 'NONE',  ( -20.62836367312009500, 4.628020370232492020, 11.07786495945669891 ) ) ;
#4322 = LINE ( 'NONE', #8247, #5974 ) ;
#4323 = CARTESIAN_POINT ( 'NONE',  ( 28.41310023613414515, 0.000000000000000000, 14.30585555931133612 ) ) ;
#4324 = FACE_OUTER_BOUND ( 'NONE', #2253, .T. ) ;
#4325 = ORIENTED_EDGE ( 'NONE', *, *, #2557, .F. ) ;
#4326 = CARTESIAN_POINT ( 'NONE',  ( -27.24918328139941792, 4.302146110896724274, 14.57762276433412474 ) ) ;
#4327 = DIRECTION ( 'NONE',  ( 0.000000000000000000, 0.000000000000000000, 1.000000000000000000 ) ) ;
#4328 = EDGE_CURVE ( 'NONE', #6529, #3218, #3850, .T. ) ;
#4329 = DIRECTION ( 'NONE',  ( 0.3187812165858771030, 0.000000000000000000, -0.9478283262026030442 ) ) ;
#4330 = EDGE_CURVE ( 'NONE', #2454, #7306, #4690, .T. ) ;
#4331 = ORIENTED_EDGE ( 'NONE', *, *, #5022, .T. ) ;
#4332 = DIRECTION ( 'NONE',  ( -0.000000000000000000, -1.000000000000000000, -0.000000000000000000 ) ) ;
#4333 = AXIS2_PLACEMENT_3D ( 'NONE', #5563, #6864, #6094 ) ;
#4334 = ORIENTED_EDGE ( 'NONE', *, *, #6839, .F. ) ;
#4335 = ORIENTED_EDGE ( 'NONE', *, *, #4413, .T. ) ;
#4336 = EDGE_LOOP ( 'NONE', ( #7108, #4403, #3481, #4335, #2471 ) ) ;
#4337 = CARTESIAN_POINT ( 'NONE',  ( -12.06749888762342060, -7.859999999999998543, 21.80152119364933938 ) ) ;
#4338 = LINE ( 'NONE', #6921, #823 ) ;
#4339 = EDGE_CURVE ( 'NONE', #2281, #7976, #7937, .T. ) ;
#4340 = CARTESIAN_POINT ( 'NONE',  ( 11.10645329366210454, 4.670000000000000817, -3.735411355654335352 ) ) ;
#4341 = EDGE_CURVE ( 'NONE', #5932, #6599, #2971, .T. ) ;
#4342 = ORIENTED_EDGE ( 'NONE', *, *, #3191, .T. ) ;
#4343 = CARTESIAN_POINT ( 'NONE',  ( -21.78524642035234749, 4.662206113563586385, 11.88683716298768545 ) ) ;
#4344 = DIRECTION ( 'NONE',  ( -0.000000000000000000, -1.000000000000000000, -0.000000000000000000 ) ) ;
#4345 = AXIS2_PLACEMENT_3D ( 'NONE', #1712, #3124, #4449 ) ;
#4346 = FACE_OUTER_BOUND ( 'NONE', #5218, .T. ) ;
#4347 = ADVANCED_FACE ( 'NONE', ( #6012 ), #7287, .F. ) ;
#4348 = LINE ( 'NONE', #2978, #2426 ) ;
#4349 = EDGE_LOOP ( 'NONE', ( #6399, #163, #6509, #7784, #3349, #4598 ) ) ;
#4350 = DIRECTION ( 'NONE',  ( -0.000000000000000000, -1.000000000000000000, -0.000000000000000000 ) ) ;
#4351 = ORIENTED_EDGE ( 'NONE', *, *, #6794, .F. ) ;
#4352 = CIRCLE ( 'NONE', #4072, 25.13500000000000512 ) ;
#4353 = TOROIDAL_SURFACE ( 'NONE', #1485, 23.63499999999999801, 0.5000000000000000000 ) ;
#4354 = DIRECTION ( 'NONE',  ( 0.000000000000000000, 1.000000000000000000, 0.000000000000000000 ) ) ;
#4355 = ORIENTED_EDGE ( 'NONE', *, *, #4564, .F. ) ;
#4356 = CARTESIAN_POINT ( 'NONE',  ( -26.59578445530160451, 2.669999999999999929, 17.45353882511000521 ) ) ;
#4357 = CARTESIAN_POINT ( 'NONE',  ( 11.26032044705534574, 4.670000000000000817, -20.50344712380655565 ) ) ;
#4358 = ORIENTED_EDGE ( 'NONE', *, *, #8405, .T. ) ;
#4359 = AXIS2_PLACEMENT_3D ( 'NONE', #5916, #2679, #2875 ) ;
#4360 = ADVANCED_FACE ( 'NONE', ( #6632 ), #320, .F. ) ;
#4361 = FACE_OUTER_BOUND ( 'NONE', #3267, .T. ) ;
#4362 = DIRECTION ( 'NONE',  ( 0.000000000000000000, 1.000000000000000000, 0.000000000000000000 ) ) ;
#4363 = CARTESIAN_POINT ( 'NONE',  ( 14.57762276433416027, 0.000000000000000000, 27.24918328139940016 ) ) ;
#4364 = PLANE ( 'NONE',  #7613 ) ;
#4365 = CIRCLE ( 'NONE', #3528, 11.67924603423417551 ) ;
#4366 = VECTOR ( 'NONE', #2915, 1000.000000000000000 ) ;
#4367 = ORIENTED_EDGE ( 'NONE', *, *, #2458, .F. ) ;
#4368 = DIRECTION ( 'NONE',  ( 1.000000000000000000, 0.000000000000000000, 0.000000000000000000 ) ) ;
#4369 = CARTESIAN_POINT ( 'NONE',  ( -19.78804760606286450, 4.579182007011199040, 12.35573290100806076 ) ) ;
#4370 = ADVANCED_FACE ( 'NONE', ( #200 ), #2126, .T. ) ;
#4371 = CARTESIAN_POINT ( 'NONE',  ( 20.90152119364996608, 0.000000000000000000, 12.06749888762394463 ) ) ;
#4372 = EDGE_LOOP ( 'NONE', ( #3114, #3430, #6024, #5584, #7522, #1840 ) ) ;
#4373 = CARTESIAN_POINT ( 'NONE',  ( -27.08097159395432740, 4.669999999999963514, 14.90757710307721773 ) ) ;
#4374 = DIRECTION ( 'NONE',  ( 0.000000000000000000, 1.000000000000000000, 0.000000000000000000 ) ) ;
#4375 = CARTESIAN_POINT ( 'NONE',  ( 20.90152119364996608, -7.859999999999998543, 11.16749888762115006 ) ) ;
#4376 = CIRCLE ( 'NONE', #7220, 21.18552803699880371 ) ;
#4377 = AXIS2_PLACEMENT_3D ( 'NONE', #8327, #7072, #6434 ) ;
#4378 = VERTEX_POINT ( 'NONE', #7403 ) ;
#4379 = LINE ( 'NONE', #1134, #7884 ) ;
#4380 = EDGE_CURVE ( 'NONE', #2815, #4166, #1945, .T. ) ;
#4381 = CARTESIAN_POINT ( 'NONE',  ( 11.07786495945707905, 4.628020370232634129, 20.62836367312019092 ) ) ;
#4382 = AXIS2_PLACEMENT_3D ( 'NONE', #6038, #7480, #230 ) ;
#4383 = CIRCLE ( 'NONE', #6119, 0.9000000000000084599 ) ;
#4384 = ORIENTED_EDGE ( 'NONE', *, *, #659, .T. ) ;
#4385 = ORIENTED_EDGE ( 'NONE', *, *, #5641, .T. ) ;
#4386 = CARTESIAN_POINT ( 'NONE',  ( -17.11411476945176346, 0.000000000000000000, -26.65515099297929780 ) ) ;
#4387 = ORIENTED_EDGE ( 'NONE', *, *, #4922, .F. ) ;
#4388 = CYLINDRICAL_SURFACE ( 'NONE', #32, 0.5000000000000008882 ) ;
#4389 = AXIS2_PLACEMENT_3D ( 'NONE', #4281, #6729, #8249 ) ;
#4390 = AXIS2_PLACEMENT_3D ( 'NONE', #1684, #7523, #3013 ) ;
#4391 = ADVANCED_FACE ( 'NONE', ( #3525 ), #2893, .F. ) ;
#4392 = FACE_OUTER_BOUND ( 'NONE', #616, .T. ) ;
#4393 = EDGE_CURVE ( 'NONE', #7454, #4484, #7803, .T. ) ;
#4394 = CARTESIAN_POINT ( 'NONE',  ( 12.06749888762737655, 4.670000000000000817, 20.00152119364357972 ) ) ;
#4395 = CARTESIAN_POINT ( 'NONE',  ( -11.48617637608389863, 4.670000000000000817, -2.318265519249651962 ) ) ;
#4396 = DIRECTION ( 'NONE',  ( -0.000000000000000000, -1.000000000000000000, -0.000000000000000000 ) ) ;
#4397 = ORIENTED_EDGE ( 'NONE', *, *, #5368, .T. ) ;
#4398 = CARTESIAN_POINT ( 'NONE',  ( 17.11411476945194821, 4.169999999999999929, 25.65515099297918056 ) ) ;
#4399 = ORIENTED_EDGE ( 'NONE', *, *, #6015, .T. ) ;
#4400 = AXIS2_PLACEMENT_3D ( 'NONE', #7706, #8358, #4470 ) ;
#4401 = LINE ( 'NONE', #3746, #1604 ) ;
#4402 = EDGE_CURVE ( 'NONE', #8386, #1418, #4807, .T. ) ;
#4403 = ORIENTED_EDGE ( 'NONE', *, *, #3273, .F. ) ;
#4404 = LINE ( 'NONE', #2529, #5049 ) ;
#4405 = B_SPLINE_CURVE_WITH_KNOTS ( 'NONE', 3,
 ( #2805, #4645, #774, #2046, #3518, #4683, #4005, #6037, #2845, #1402 ),
 .UNSPECIFIED., .F., .F.,
 ( 4, 2, 2, 2, 4 ),
 ( 0.000000000000000000, 0.0005422446373896001870, 0.0008133669560843982205, 0.0009489281154317989178, 0.001084489274779199723 ),
 .UNSPECIFIED. ) ;
#4406 = DIRECTION ( 'NONE',  ( 0.000000000000000000, 0.000000000000000000, 1.000000000000000000 ) ) ;
#4407 = CIRCLE ( 'NONE', #8068, 23.63500000000000156 ) ;
#4408 = EDGE_LOOP ( 'NONE', ( #2267, #7710, #4425, #4309 ) ) ;
#4409 = FACE_OUTER_BOUND ( 'NONE', #4032, .T. ) ;
#4410 = CARTESIAN_POINT ( 'NONE',  ( -11.18503519712407090, 4.663181183444195632, 20.71623463286563904 ) ) ;
#4411 = CARTESIAN_POINT ( 'NONE',  ( 22.25031422186815533, 4.670000000000000817, 11.69152436717008570 ) ) ;
#4412 = DIRECTION ( 'NONE',  ( 0.1978415312886028232, -0.000000000000000000, 0.9802340172108805483 ) ) ;
#4413 = EDGE_CURVE ( 'NONE', #2042, #6629, #3704, .T. ) ;
#4414 = ORIENTED_EDGE ( 'NONE', *, *, #7038, .F. ) ;
#4415 = DIRECTION ( 'NONE',  ( 0.000000000000000000, 0.000000000000000000, 1.000000000000000000 ) ) ;
#4416 = DIRECTION ( 'NONE',  ( -0.3187812165858939228, 0.000000000000000000, 0.9478283262025973821 ) ) ;
#4417 = CARTESIAN_POINT ( 'NONE',  ( 26.66592180365280029, 4.351383165533563968, -17.33053351123066221 ) ) ;
#4418 = ORIENTED_EDGE ( 'NONE', *, *, #7766, .T. ) ;
#4419 = DIRECTION ( 'NONE',  ( -0.000000000000000000, -1.000000000000000000, -0.000000000000000000 ) ) ;
#4420 = LINE ( 'NONE', #3174, #1901 ) ;
#4421 = FACE_OUTER_BOUND ( 'NONE', #8259, .T. ) ;
#4422 = ORIENTED_EDGE ( 'NONE', *, *, #7379, .T. ) ;
#4423 = CARTESIAN_POINT ( 'NONE',  ( -7.802622764334155470, 0.000000000000000000, -15.51453906012026529 ) ) ;
#4424 = VERTEX_POINT ( 'NONE', #7321 ) ;
#4425 = ORIENTED_EDGE ( 'NONE', *, *, #6448, .T. ) ;
#4426 = CARTESIAN_POINT ( 'NONE',  ( 20.55509947483844257, 4.670000000000000817, 11.23484719286368438 ) ) ;
#4427 = DIRECTION ( 'NONE',  ( 0.000000000000000000, 0.000000000000000000, -1.000000000000000000 ) ) ;
#4428 = ORIENTED_EDGE ( 'NONE', *, *, #3637, .F. ) ;
#4429 = EDGE_CURVE ( 'NONE', #1789, #6081, #1526, .T. ) ;
#4430 = AXIS2_PLACEMENT_3D ( 'NONE', #746, #3895, #1410 ) ;
#4431 = DIRECTION ( 'NONE',  ( -1.064377863494507932E-14, 0.000000000000000000, 1.000000000000000000 ) ) ;
#4432 = CARTESIAN_POINT ( 'NONE',  ( 11.19974067596996292, 4.652225243043219827, -20.66278350054821189 ) ) ;
#4433 = CARTESIAN_POINT ( 'NONE',  ( 20.51677218609433950, 4.235407758176545023, 10.69066340616454980 ) ) ;
#4434 = DIRECTION ( 'NONE',  ( -0.000000000000000000, -1.000000000000000000, -0.000000000000000000 ) ) ;
#4435 = LINE ( 'NONE', #566, #5298 ) ;
#4436 = VERTEX_POINT ( 'NONE', #3486 ) ;
#4437 = CARTESIAN_POINT ( 'NONE',  ( -22.25031422186820507, 4.169999999999999929, 11.69152436717002352 ) ) ;
#4438 = ADVANCED_FACE ( 'NONE', ( #782 ), #4097, .T. ) ;
#4439 = VERTEX_POINT ( 'NONE', #273 ) ;
#4440 = PLANE ( 'NONE',  #5717 ) ;
#4441 = VERTEX_POINT ( 'NONE', #2983 ) ;
#4442 = CARTESIAN_POINT ( 'NONE',  ( 11.76331974752860710, 4.573863308493173463, -22.00077121316133955 ) ) ;
#4443 = ORIENTED_EDGE ( 'NONE', *, *, #5498, .T. ) ;
#4444 = FACE_OUTER_BOUND ( 'NONE', #640, .T. ) ;
#4445 = EDGE_CURVE ( 'NONE', #2643, #5667, #5034, .T. ) ;
#4446 = DIRECTION ( 'NONE',  ( 0.1978415312886145916, 0.000000000000000000, -0.9802340172108782168 ) ) ;
#4447 = ORIENTED_EDGE ( 'NONE', *, *, #1163, .F. ) ;
#4448 = CARTESIAN_POINT ( 'NONE',  ( 0.000000000000000000, 4.670000000000000817, 0.000000000000000000 ) ) ;
#4449 = DIRECTION ( 'NONE',  ( 0.000000000000000000, 0.000000000000000000, 1.000000000000000000 ) ) ;
#4450 = CARTESIAN_POINT ( 'NONE',  ( -14.30585555931143382, 0.000000000000000000, 28.41310023613409186 ) ) ;
#4451 = ORIENTED_EDGE ( 'NONE', *, *, #2806, .T. ) ;
#4452 = DIRECTION ( 'NONE',  ( 0.8660254037844350439, 0.000000000000000000, 0.5000000000000064393 ) ) ;
#4453 = CARTESIAN_POINT ( 'NONE',  ( 0.2500000000002514100, 4.169999999999999929, -0.4330127018926355209 ) ) ;
#4454 = LINE ( 'NONE', #6402, #7742 ) ;
#4455 = DIRECTION ( 'NONE',  ( 0.000000000000000000, 0.000000000000000000, -1.000000000000000000 ) ) ;
#4456 = ADVANCED_FACE ( 'NONE', ( #5590 ), #2392, .T. ) ;
#4457 = ORIENTED_EDGE ( 'NONE', *, *, #1653, .T. ) ;
#4458 = ORIENTED_EDGE ( 'NONE', *, *, #2731, .F. ) ;
#4459 = LINE ( 'NONE', #507, #1913 ) ;
#4460 = VERTEX_POINT ( 'NONE', #1745 ) ;
#4461 = ORIENTED_EDGE ( 'NONE', *, *, #4655, .F. ) ;
#4462 = CARTESIAN_POINT ( 'NONE',  ( -27.24918328139942147, 0.000000000000000000, 14.57762276433412474 ) ) ;
#4463 = CIRCLE ( 'NONE', #2821, 1.000000000000075495 ) ;
#4464 = CYLINDRICAL_SURFACE ( 'NONE', #7212, 0.5000000000000000000 ) ;
#4465 = EDGE_CURVE ( 'NONE', #6013, #5212, #3658, .T. ) ;
#4466 = VERTEX_POINT ( 'NONE', #6845 ) ;
#4467 = VECTOR ( 'NONE', #2072, 1000.000000000000114 ) ;
#4468 = ORIENTED_EDGE ( 'NONE', *, *, #6352, .F. ) ;
#4469 = DIRECTION ( 'NONE',  ( -0.000000000000000000, -1.000000000000000000, -0.000000000000000000 ) ) ;
#4470 = DIRECTION ( 'NONE',  ( 0.000000000000000000, 0.000000000000000000, 1.000000000000000000 ) ) ;
#4471 = EDGE_CURVE ( 'NONE', #5145, #5860, #817, .T. ) ;
#4472 = DIRECTION ( 'NONE',  ( -0.8660254037844500319, 0.000000000000000000, 0.4999999999999803491 ) ) ;
#4473 = LINE ( 'NONE', #8313, #5622 ) ;
#4474 = AXIS2_PLACEMENT_3D ( 'NONE', #7865, #3340, #1456 ) ;
#4475 = VERTEX_POINT ( 'NONE', #3705 ) ;
#4476 = PLANE ( 'NONE',  #2691 ) ;
#4477 = VERTEX_POINT ( 'NONE', #5676 ) ;
#4478 = LINE ( 'NONE', #6506, #2448 ) ;
#4479 = AXIS2_PLACEMENT_3D ( 'NONE', #3129, #8207, #5611 ) ;
#4480 = VERTEX_POINT ( 'NONE', #1793 ) ;
#4481 = CARTESIAN_POINT ( 'NONE',  ( 19.64423143347715239, 0.05413208118194647728, -12.22051211360502521 ) ) ;
#4482 = EDGE_CURVE ( 'NONE', #577, #4378, #397, .T. ) ;
#4483 = DIRECTION ( 'NONE',  ( -0.8660254037844392627, 0.000000000000000000, -0.4999999999999988343 ) ) ;
#4484 = VERTEX_POINT ( 'NONE', #2435 ) ;
#4485 = ORIENTED_EDGE ( 'NONE', *, *, #4314, .F. ) ;
#4486 = DIRECTION ( 'NONE',  ( 0.000000000000000000, 0.000000000000000000, 1.000000000000000000 ) ) ;
#4487 = AXIS2_PLACEMENT_3D ( 'NONE', #6371, #642, #3379 ) ;
#4488 = AXIS2_PLACEMENT_3D ( 'NONE', #5276, #2628, #5816 ) ;
#4489 = DIRECTION ( 'NONE',  ( -0.000000000000000000, -1.000000000000000000, -0.000000000000000000 ) ) ;
#4490 = ORIENTED_EDGE ( 'NONE', *, *, #2676, .T. ) ;
#4491 = LINE ( 'NONE', #1758, #2106 ) ;
#4492 = EDGE_CURVE ( 'NONE', #2580, #1406, #23, .T. ) ;
#4493 = VECTOR ( 'NONE', #6052, 999.9999999999998863 ) ;
#4494 = CARTESIAN_POINT ( 'NONE',  ( 21.79959526349383481, 4.670000000000000817, 12.00865192441342266 ) ) ;
#4495 = EDGE_CURVE ( 'NONE', #168, #974, #157, .T. ) ;
#4496 = ORIENTED_EDGE ( 'NONE', *, *, #3911, .F. ) ;
#4497 = DIRECTION ( 'NONE',  ( 0.000000000000000000, 0.000000000000000000, 1.000000000000000000 ) ) ;
#4498 = VERTEX_POINT ( 'NONE', #8185 ) ;
#4499 = LINE ( 'NONE', #2702, #7194 ) ;
#4500 = CARTESIAN_POINT ( 'NONE',  ( 27.02108929809663707, 4.670000000000000817, -15.02328291086357481 ) ) ;
#4501 = DIRECTION ( 'NONE',  ( -0.4999999999999945044, 0.000000000000000000, -0.8660254037844418162 ) ) ;
#4502 = ORIENTED_EDGE ( 'NONE', *, *, #2225, .T. ) ;
#4503 = VECTOR ( 'NONE', #1089, 1000.000000000000000 ) ;
#4504 = EDGE_CURVE ( 'NONE', #1406, #8390, #5627, .T. ) ;
#4505 = VECTOR ( 'NONE', #5629, 1000.000000000000000 ) ;
#4506 = B_SPLINE_CURVE_WITH_KNOTS ( 'NONE', 3,
 ( #1713, #7595, #3499, #6901 ),
 .UNSPECIFIED., .F., .F.,
 ( 4, 4 ),
 ( 0.0002302718042571608333, 0.0004006657018444258114 ),
 .UNSPECIFIED. ) ;
#4507 = ORIENTED_EDGE ( 'NONE', *, *, #5075, .T. ) ;
#4508 = AXIS2_PLACEMENT_3D ( 'NONE', #7299, #7262, #170 ) ;
#4509 = ORIENTED_EDGE ( 'NONE', *, *, #1336, .F. ) ;
#4510 = DIRECTION ( 'NONE',  ( -0.000000000000000000, -1.000000000000000000, 0.000000000000000000 ) ) ;
#4511 = FACE_OUTER_BOUND ( 'NONE', #8260, .T. ) ;
#4512 = ORIENTED_EDGE ( 'NONE', *, *, #244, .T. ) ;
#4513 = TOROIDAL_SURFACE ( 'NONE', #3279, 1.500000000000001110, 0.5000000000000000000 ) ;
#4514 = ORIENTED_EDGE ( 'NONE', *, *, #4225, .T. ) ;
#4515 = CARTESIAN_POINT ( 'NONE',  ( 26.72351908742825088, 4.444810388736511797, 17.26870749673200223 ) ) ;
#4516 = ADVANCED_FACE ( 'NONE', ( #6254 ), #8228, .F. ) ;
#4517 = CARTESIAN_POINT ( 'NONE',  ( -27.02108929809747551, 4.670000000000000817, 15.02328291086375422 ) ) ;
#4518 = DIRECTION ( 'NONE',  ( 0.000000000000000000, 0.000000000000000000, 1.000000000000000000 ) ) ;
#4519 = CARTESIAN_POINT ( 'NONE',  ( -12.42271421373343188, 4.670000000000000817, -19.51677218609432884 ) ) ;
#4520 = AXIS2_PLACEMENT_3D ( 'NONE', #4914, #8072, #7508 ) ;
#4521 = VECTOR ( 'NONE', #2368, 1000.000000000000000 ) ;
#4522 = ORIENTED_EDGE ( 'NONE', *, *, #4393, .T. ) ;
#4523 = CARTESIAN_POINT ( 'NONE',  ( -14.79108743229972589, 4.616240194772885275, 28.18778655771972907 ) ) ;
#4524 = ORIENTED_EDGE ( 'NONE', *, *, #2090, .T. ) ;
#4525 = VECTOR ( 'NONE', #2302, 1000.000000000000227 ) ;
#4526 = VECTOR ( 'NONE', #4182, 1000.000000000000000 ) ;
#4527 = CARTESIAN_POINT ( 'NONE',  ( -0.2499999999999961697, 4.670000000000000817, 0.4330127018922029780 ) ) ;
#4528 = DIRECTION ( 'NONE',  ( -0.000000000000000000, -1.000000000000000000, -0.000000000000000000 ) ) ;
#4529 = FACE_OUTER_BOUND ( 'NONE', #2439, .T. ) ;
#4530 = ORIENTED_EDGE ( 'NONE', *, *, #1762, .F. ) ;
#4531 = VERTEX_POINT ( 'NONE', #5637 ) ;
#4532 = CARTESIAN_POINT ( 'NONE',  ( -21.12879883022020522, 4.649847419183842590, -12.93832888016915561 ) ) ;
#4533 = EDGE_CURVE ( 'NONE', #1508, #6544, #4401, .T. ) ;
#4534 = FACE_OUTER_BOUND ( 'NONE', #3287, .T. ) ;
#4535 = ORIENTED_EDGE ( 'NONE', *, *, #6877, .F. ) ;
#4536 = CYLINDRICAL_SURFACE ( 'NONE', #3736, 0.9000000000028429703 ) ;
#4537 = AXIS2_PLACEMENT_3D ( 'NONE', #3194, #521, #5835 ) ;
#4538 = CARTESIAN_POINT ( 'NONE',  ( 12.00865192441119511, 4.670000000000000817, 21.79959526348996590 ) ) ;
#4539 = ORIENTED_EDGE ( 'NONE', *, *, #792, .T. ) ;
#4540 = CARTESIAN_POINT ( 'NONE',  ( -11.69152436717009458, 4.169999999999999929, -22.25031422186815178 ) ) ;
#4541 = ORIENTED_EDGE ( 'NONE', *, *, #3693, .T. ) ;
#4542 = DIRECTION ( 'NONE',  ( -0.9478283262026010458, 0.000000000000000000, 0.3187812165858833202 ) ) ;
#4543 = CARTESIAN_POINT ( 'NONE',  ( 14.57762276433414961, 4.302122217144082938, -27.24918328139941437 ) ) ;
#4544 = CARTESIAN_POINT ( 'NONE',  ( -1.689999999999915570, 2.669999999999999929, -25.07812044392483131 ) ) ;
#4545 = ORIENTED_EDGE ( 'NONE', *, *, #3295, .F. ) ;
#4546 = CIRCLE ( 'NONE', #2360, 17.73985401647557225 ) ;
#4547 = EDGE_CURVE ( 'NONE', #7080, #1044, #2071, .T. ) ;
#4548 = VERTEX_POINT ( 'NONE', #8140 ) ;
#4549 = DIRECTION ( 'NONE',  ( -0.8660254037844570263, 0.000000000000000000, 0.4999999999999683031 ) ) ;
#4550 = ORIENTED_EDGE ( 'NONE', *, *, #2742, .F. ) ;
#4551 = ORIENTED_EDGE ( 'NONE', *, *, #5127, .F. ) ;
#4552 = CARTESIAN_POINT ( 'NONE',  ( 12.93832888017395710, 4.649847419186042607, -21.12879883022289462 ) ) ;
#4553 = ORIENTED_EDGE ( 'NONE', *, *, #8182, .F. ) ;
#4554 = ADVANCED_FACE ( 'NONE', ( #4897 ), #7490, .T. ) ;
#4555 = ORIENTED_EDGE ( 'NONE', *, *, #603, .F. ) ;
#4556 = DIRECTION ( 'NONE',  ( -0.000000000000000000, -1.000000000000000000, -0.000000000000000000 ) ) ;
#4557 = CARTESIAN_POINT ( 'NONE',  ( -24.35665843275938514, 0.000000000000000000, -1.689999999999996838 ) ) ;
#4558 = CARTESIAN_POINT ( 'NONE',  ( 13.42357517473902817, 4.169999999999999929, 21.25031422186811625 ) ) ;
#4559 = CARTESIAN_POINT ( 'NONE',  ( -12.42271421373346207, 4.169999999999999929, 19.51677218609431108 ) ) ;
#4560 = CARTESIAN_POINT ( 'NONE',  ( -20.77235687466454550, 4.670000000000344542, 11.17502439322238139 ) ) ;
#4561 = ORIENTED_EDGE ( 'NONE', *, *, #3773, .T. ) ;
#4562 = CARTESIAN_POINT ( 'NONE',  ( -14.60087070261891107, 4.670000000000000817, 9.007166899749398326 ) ) ;
#4563 = CARTESIAN_POINT ( 'NONE',  ( -26.24918328139955292, 2.669999999999999929, 16.30967357190281319 ) ) ;
#4564 = EDGE_CURVE ( 'NONE', #857, #7306, #4352, .T. ) ;
#4565 = ORIENTED_EDGE ( 'NONE', *, *, #3827, .T. ) ;
#4566 = AXIS2_PLACEMENT_3D ( 'NONE', #649, #3917, #5171 ) ;
#4567 = CARTESIAN_POINT ( 'NONE',  ( 14.83714660797423157, 4.660547667101916147, 7.004930243867964812 ) ) ;
#4568 = CARTESIAN_POINT ( 'NONE',  ( -1.690000000000249969, 2.669999999999999929, 23.07319061161674512 ) ) ;
#4569 = CARTESIAN_POINT ( 'NONE',  ( 15.51453906012024220, 4.670000000000000817, 7.802622764334208760 ) ) ;
#4570 = ORIENTED_EDGE ( 'NONE', *, *, #1774, .T. ) ;
#4571 = ORIENTED_EDGE ( 'NONE', *, *, #4959, .T. ) ;
#4572 = CARTESIAN_POINT ( 'NONE',  ( -21.07016681825894366, 4.662150145697617099, -12.95363122990463545 ) ) ;
#4573 = CARTESIAN_POINT ( 'NONE',  ( 21.29959526349134080, 4.670000000000000817, 12.87467732819638400 ) ) ;
#4574 = ORIENTED_EDGE ( 'NONE', *, *, #7227, .F. ) ;
#4575 = PLANE ( 'NONE',  #8343 ) ;
#4576 = EDGE_CURVE ( 'NONE', #7475, #1149, #4478, .T. ) ;
#4577 = VERTEX_POINT ( 'NONE', #7192 ) ;
#4578 = LINE ( 'NONE', #2542, #3972 ) ;
#4579 = CYLINDRICAL_SURFACE ( 'NONE', #4488, 0.4999999999999998335 ) ;
#4580 = FACE_OUTER_BOUND ( 'NONE', #6234, .T. ) ;
#4581 = VERTEX_POINT ( 'NONE', #5225 ) ;
#4582 = EDGE_CURVE ( 'NONE', #7976, #4780, #1348, .T. ) ;
#4583 = ORIENTED_EDGE ( 'NONE', *, *, #2026, .F. ) ;
#4584 = ORIENTED_EDGE ( 'NONE', *, *, #5252, .T. ) ;
#4585 = DIRECTION ( 'NONE',  ( -0.8660254037844393737, -0.000000000000000000, -0.4999999999999986122 ) ) ;
#4586 =( LENGTH_UNIT ( ) NAMED_UNIT ( * ) SI_UNIT ( .MILLI., .METRE. ) );
#4587 = CARTESIAN_POINT ( 'NONE',  ( -12.12634585084005856, 4.670000000000000817, -20.00344712380697487 ) ) ;
#4588 = B_SPLINE_CURVE_WITH_KNOTS ( 'NONE', 3,
 ( #1025, #6214, #7499, #2308 ),
 .UNSPECIFIED., .F., .F.,
 ( 4, 4 ),
 ( 0.0002924434288577913254, 0.0004782209977592860660 ),
 .UNSPECIFIED. ) ;
#4589 = EDGE_LOOP ( 'NONE', ( #6219, #2118 ) ) ;
#4590 = ORIENTED_EDGE ( 'NONE', *, *, #1396, .T. ) ;
#4591 = FACE_OUTER_BOUND ( 'NONE', #1877, .T. ) ;
#4592 = CARTESIAN_POINT ( 'NONE',  ( -6.462191090616950184, 4.169999999999999929, -15.06371434019473554 ) ) ;
#4593 = CIRCLE ( 'NONE', #4180, 0.9000000000000014655 ) ;
#4594 = EDGE_CURVE ( 'NONE', #3874, #5155, #6096, .T. ) ;
#4595 = EDGE_CURVE ( 'NONE', #8059, #5658, #6919, .T. ) ;
#4596 = CARTESIAN_POINT ( 'NONE',  ( 23.07319061161675577, 0.000000000000000000, 1.690000000000158042 ) ) ;
#4597 = LINE ( 'NONE', #4000, #4264 ) ;
#4598 = ORIENTED_EDGE ( 'NONE', *, *, #136, .T. ) ;
#4599 = CARTESIAN_POINT ( 'NONE',  ( 11.82891209833633894, 4.649847419183168462, -21.76932090785749807 ) ) ;
#4600 = DIRECTION ( 'NONE',  ( -0.8660254037844440367, 0.000000000000000000, -0.4999999999999906186 ) ) ;
#4601 = DIRECTION ( 'NONE',  ( -0.000000000000000000, 1.000000000000000000, -0.000000000000000000 ) ) ;
#4602 = ORIENTED_EDGE ( 'NONE', *, *, #6477, .F. ) ;
#4603 = CARTESIAN_POINT ( 'NONE',  ( 12.90223489955562641, 4.669999999999999929, 21.24371652342965433 ) ) ;
#4604 = DIRECTION ( 'NONE',  ( -0.000000000000000000, -1.000000000000000000, -0.000000000000000000 ) ) ;
#4605 = ORIENTED_EDGE ( 'NONE', *, *, #2849, .F. ) ;
#4606 = EDGE_CURVE ( 'NONE', #6958, #650, #7242, .T. ) ;
#4607 = EDGE_LOOP ( 'NONE', ( #3904, #7042, #7541, #1648 ) ) ;
#4608 = AXIS2_PLACEMENT_3D ( 'NONE', #3161, #2490, #2395 ) ;
#4609 = CARTESIAN_POINT ( 'NONE',  ( 20.90152119364996608, 0.000000000000000000, 12.96749888762673919 ) ) ;
#4610 = EDGE_LOOP ( 'NONE', ( #6871, #5986, #7230, #7839 ) ) ;
#4611 = CARTESIAN_POINT ( 'NONE',  ( -17.11411476945210453, 4.169999999999999929, 26.65515099297912016 ) ) ;
#4612 = CARTESIAN_POINT ( 'NONE',  ( 21.12879883022084826, 4.649847419183376296, 12.93832888017116289 ) ) ;
#4613 = FACE_OUTER_BOUND ( 'NONE', #4854, .T. ) ;
#4614 = EDGE_CURVE ( 'NONE', #2089, #6256, #6465, .T. ) ;
#4615 = ORIENTED_EDGE ( 'NONE', *, *, #6804, .T. ) ;
#4616 = DIRECTION ( 'NONE',  ( 0.8660254037844289376, -0.000000000000000000, 0.5000000000000166533 ) ) ;
#4617 = CIRCLE ( 'NONE', #4487, 24.63500000000000512 ) ;
#4618 = CIRCLE ( 'NONE', #3799, 0.5000000000000004441 ) ;
#4619 = CARTESIAN_POINT ( 'NONE',  ( 27.08153912195973589, 4.670000000000013252, 14.90648051375244521 ) ) ;
#4620 = DIRECTION ( 'NONE',  ( 1.000000000000000000, -0.000000000000000000, 3.378977344427017999E-15 ) ) ;
#4621 = CARTESIAN_POINT ( 'NONE',  ( -20.90152119364758221, 4.670000000000000817, -12.06749888762527867 ) ) ;
#4622 = ORIENTED_EDGE ( 'NONE', *, *, #2761, .T. ) ;
#4623 = FACE_OUTER_BOUND ( 'NONE', #1898, .T. ) ;
#4624 = AXIS2_PLACEMENT_3D ( 'NONE', #2687, #5299, #572 ) ;
#4625 = VECTOR ( 'NONE', #6473, 1000.000000000000000 ) ;
#4626 = EDGE_LOOP ( 'NONE', ( #573, #5702, #3071, #3589 ) ) ;
#4627 = CARTESIAN_POINT ( 'NONE',  ( 13.12827881868120095, 4.169999999999999929, -9.814463748652007880 ) ) ;
#4628 = CARTESIAN_POINT ( 'NONE',  ( 0.000000000000000000, 2.669999999999999929, 0.000000000000000000 ) ) ;
#4629 = CYLINDRICAL_SURFACE ( 'NONE', #2569, 23.13499999999999446 ) ;
#4630 = AXIS2_PLACEMENT_3D ( 'NONE', #5877, #1309, #183 ) ;
#4631 = ORIENTED_EDGE ( 'NONE', *, *, #4084, .F. ) ;
#4632 = EDGE_CURVE ( 'NONE', #606, #1059, #5129, .T. ) ;
#4633 = ORIENTED_EDGE ( 'NONE', *, *, #1141, .T. ) ;
#4634 = CARTESIAN_POINT ( 'NONE',  ( 0.000000000000000000, 4.670000000000000817, 0.000000000000000000 ) ) ;
#4635 = VECTOR ( 'NONE', #7997, 1000.000000000000114 ) ;
#4636 = VECTOR ( 'NONE', #6062, 1000.000000000000000 ) ;
#4637 = DIRECTION ( 'NONE',  ( -0.000000000000000000, -1.000000000000000000, -0.000000000000000000 ) ) ;
#4638 = CARTESIAN_POINT ( 'NONE',  ( 17.11411476945194821, 4.670000000000000817, 25.65515099297918056 ) ) ;
#4639 = ORIENTED_EDGE ( 'NONE', *, *, #3607, .T. ) ;
#4640 = CARTESIAN_POINT ( 'NONE',  ( -21.12879883022048944, 4.649847419183608110, 12.93832888017021610 ) ) ;
#4641 = CARTESIAN_POINT ( 'NONE',  ( 1.690000000000072555, 2.669999999999999929, -23.07319061161675933 ) ) ;
#4642 = AXIS2_PLACEMENT_3D ( 'NONE', #223, #6738, #6063 ) ;
#4643 = EDGE_CURVE ( 'NONE', #1245, #2108, #7717, .T. ) ;
#4644 = ADVANCED_FACE ( 'NONE', ( #6383 ), #5887, .T. ) ;
#4645 = CARTESIAN_POINT ( 'NONE',  ( -28.09902989952649932, 4.669999999999999929, 14.95295861780428659 ) ) ;
#4646 = B_SPLINE_CURVE_WITH_KNOTS ( 'NONE', 3,
 ( #2634, #601, #134, #4552 ),
 .UNSPECIFIED., .F., .F.,
 ( 4, 4 ),
 ( 0.0008558641057461130550, 0.001040910029777322027 ),
 .UNSPECIFIED. ) ;
#4647 = CARTESIAN_POINT ( 'NONE',  ( 0.000000000000000000, 4.169999999999999929, 0.000000000000000000 ) ) ;
#4648 = VECTOR ( 'NONE', #2121, 1000.000000000000227 ) ;
#4649 = VECTOR ( 'NONE', #1265, 1000.000000000000000 ) ;
#4650 = CYLINDRICAL_SURFACE ( 'NONE', #3405, 23.13500000000000156 ) ;
#4651 = EDGE_LOOP ( 'NONE', ( #6510, #2035, #5928, #6161, #4059 ) ) ;
#4652 = EDGE_LOOP ( 'NONE', ( #532, #7124, #2300, #4027, #6040, #5405 ) ) ;
#4653 = CARTESIAN_POINT ( 'NONE',  ( 12.96637362587823183, 4.670000000000000817, -20.94651235872286676 ) ) ;
#4654 = VECTOR ( 'NONE', #2306, 1000.000000000000000 ) ;
#4655 = EDGE_CURVE ( 'NONE', #8271, #5281, #8264, .T. ) ;
#4656 = ORIENTED_EDGE ( 'NONE', *, *, #3331, .T. ) ;
#4657 = FACE_OUTER_BOUND ( 'NONE', #1810, .T. ) ;
#4658 = FACE_OUTER_BOUND ( 'NONE', #8394, .T. ) ;
#4659 = CIRCLE ( 'NONE', #7930, 11.34208899530036696 ) ;
#4660 = EDGE_LOOP ( 'NONE', ( #7022, #6660, #6554, #4342 ) ) ;
#4661 = CARTESIAN_POINT ( 'NONE',  ( 19.78081797506029105, 0.000000000000000000, -11.99781085188174856 ) ) ;
#4662 = CARTESIAN_POINT ( 'NONE',  ( -12.96637362587557263, 4.670000000000000817, -20.94651235872450812 ) ) ;
#4663 = CARTESIAN_POINT ( 'NONE',  ( 27.08153912195943391, 4.669999999999990159, -14.90648051375226224 ) ) ;
#4664 = ORIENTED_EDGE ( 'NONE', *, *, #7026, .T. ) ;
#4665 = ADVANCED_FACE ( 'NONE', ( #1239 ), #2570, .T. ) ;
#4666 = VECTOR ( 'NONE', #7107, 999.9999999999998863 ) ;
#4667 = CARTESIAN_POINT ( 'NONE',  ( -20.90152119364758221, 0.000000000000000000, -11.16749888762527654 ) ) ;
#4668 = CARTESIAN_POINT ( 'NONE',  ( 0.000000000000000000, 0.000000000000000000, 0.000000000000000000 ) ) ;
#4669 = ORIENTED_EDGE ( 'NONE', *, *, #1505, .F. ) ;
#4670 = CARTESIAN_POINT ( 'NONE',  ( -11.26032044705547186, 4.670000000000000817, -20.50344712380675816 ) ) ;
#4671 = DIRECTION ( 'NONE',  ( 0.000000000000000000, 0.000000000000000000, -1.000000000000000000 ) ) ;
#4672 = VECTOR ( 'NONE', #6922, 1000.000000000000227 ) ;
#4673 = CARTESIAN_POINT ( 'NONE',  ( -27.00148374874491353, 4.670000000000000817, -16.86676990987372449 ) ) ;
#4674 = EDGE_LOOP ( 'NONE', ( #237, #2980, #3182, #3526, #6577, #997, #5784 ) ) ;
#4675 = EDGE_LOOP ( 'NONE', ( #723, #77, #708, #2189 ) ) ;
#4676 = CARTESIAN_POINT ( 'NONE',  ( 9.703137650819078530, 4.466219825215041794, -13.22227520419641422 ) ) ;
#4677 = EDGE_CURVE ( 'NONE', #2074, #8330, #7019, .T. ) ;
#4678 = CARTESIAN_POINT ( 'NONE',  ( 0.000000000000000000, 2.669999999999999929, 0.000000000000000000 ) ) ;
#4679 = CARTESIAN_POINT ( 'NONE',  ( -16.30967357190272438, 4.169999999999999929, -26.24918328139960622 ) ) ;
#4680 = ORIENTED_EDGE ( 'NONE', *, *, #2277, .F. ) ;
#4681 = CARTESIAN_POINT ( 'NONE',  ( -12.40119258453251483, 4.670000000000000817, 20.06370928826597577 ) ) ;
#4682 = B_SPLINE_CURVE_WITH_KNOTS ( 'NONE', 3,
 ( #4599, #6869, #1902, #5616 ),
 .UNSPECIFIED., .F., .F.,
 ( 4, 4 ),
 ( 0.0001010891641048663678, 0.0002860823888235222105 ),
 .UNSPECIFIED. ) ;
#4683 = CARTESIAN_POINT ( 'NONE',  ( -28.36347499358736357, 4.359059580096912967, 14.41177149135946856 ) ) ;
#4684 = CARTESIAN_POINT ( 'NONE',  ( -12.42271421373342832, 4.169999999999999929, -19.51677218609433240 ) ) ;
#4685 = EDGE_CURVE ( 'NONE', #2434, #7654, #7464, .T. ) ;
#4686 = DIRECTION ( 'NONE',  ( 0.000000000000000000, 1.000000000000000000, 0.000000000000000000 ) ) ;
#4687 = EDGE_CURVE ( 'NONE', #8034, #7848, #2038, .T. ) ;
#4688 = EDGE_LOOP ( 'NONE', ( #8166, #396, #637, #3814, #3020, #7782, #1855 ) ) ;
#4689 = LINE ( 'NONE', #3288, #7298 ) ;
#4690 = LINE ( 'NONE', #856, #4782 ) ;
#4691 = ORIENTED_EDGE ( 'NONE', *, *, #7548, .F. ) ;
#4692 = DIRECTION ( 'NONE',  ( -0.000000000000000000, -1.000000000000000000, -0.000000000000000000 ) ) ;
#4693 = DIRECTION ( 'NONE',  ( 0.000000000000000000, -0.000000000000000000, 1.000000000000000000 ) ) ;
#4694 = ADVANCED_FACE ( 'NONE', ( #1836 ), #4440, .T. ) ;
#4695 = VERTEX_POINT ( 'NONE', #3478 ) ;
#4696 = PLANE ( 'NONE',  #189 ) ;
#4697 = ADVANCED_FACE ( 'NONE', ( #2203 ), #6778, .T. ) ;
#4698 = DIRECTION ( 'NONE',  ( 0.000000000000000000, 0.000000000000000000, -1.000000000000000000 ) ) ;
#4699 = CARTESIAN_POINT ( 'NONE',  ( -21.76932090785432550, 4.649847419183828379, -11.82891209833740120 ) ) ;
#4700 = ORIENTED_EDGE ( 'NONE', *, *, #7441, .T. ) ;
#4701 = CARTESIAN_POINT ( 'NONE',  ( -3.735411355654368215, 4.670000000000000817, -11.10645329366210099 ) ) ;
#4702 = DIRECTION ( 'NONE',  ( -0.5000000000000329736, 0.000000000000000000, -0.8660254037844197228 ) ) ;
#4703 = PLANE ( 'NONE',  #17 ) ;
#4704 = CARTESIAN_POINT ( 'NONE',  ( -13.42357517473900685, 4.169999999999999929, 21.25031422186814822 ) ) ;
#4705 = ORIENTED_EDGE ( 'NONE', *, *, #571, .T. ) ;
#4706 = DIRECTION ( 'NONE',  ( -0.000000000000000000, -1.000000000000000000, 0.000000000000000000 ) ) ;
#4707 = EDGE_CURVE ( 'NONE', #1373, #5846, #4405, .T. ) ;
#4708 = CARTESIAN_POINT ( 'NONE',  ( 28.38610469966989314, 4.272769536610458552, -14.35202395964309652 ) ) ;
#4709 = ORIENTED_EDGE ( 'NONE', *, *, #2874, .T. ) ;
#4710 = EDGE_LOOP ( 'NONE', ( #5253, #1794, #7296, #1270 ) ) ;
#4711 = CARTESIAN_POINT ( 'NONE',  ( 0.000000000000000000, 4.169999999999999929, 23.13499999999999446 ) ) ;
#4712 = CYLINDRICAL_SURFACE ( 'NONE', #1242, 0.9000000000012297052 ) ;
#4713 = EDGE_CURVE ( 'NONE', #7731, #6360, #3122, .T. ) ;
#4714 = AXIS2_PLACEMENT_3D ( 'NONE', #6076, #271, #5463 ) ;
#4715 = DIRECTION ( 'NONE',  ( 0.000000000000000000, -0.000000000000000000, 1.000000000000000000 ) ) ;
#4716 = DIRECTION ( 'NONE',  ( 0.000000000000000000, 0.000000000000000000, -1.000000000000000000 ) ) ;
#4717 = VERTEX_POINT ( 'NONE', #2773 ) ;
#4718 = DIRECTION ( 'NONE',  ( -0.5000000000000008882, -0.000000000000000000, -0.8660254037844381525 ) ) ;
#4719 = EDGE_CURVE ( 'NONE', #1733, #3581, #6746, .T. ) ;
#4720 = DIRECTION ( 'NONE',  ( 0.000000000000000000, 1.000000000000000000, 0.000000000000000000 ) ) ;
#4721 = FACE_OUTER_BOUND ( 'NONE', #4046, .T. ) ;
#4722 = EDGE_LOOP ( 'NONE', ( #3598, #2700, #7798, #4485, #2488, #3803, #6643, #5039, #3240, #3011, #4602 ) ) ;
#4723 = VERTEX_POINT ( 'NONE', #7964 ) ;
#4724 = ADVANCED_FACE ( 'NONE', ( #7279 ), #7060, .T. ) ;
#4725 = DIRECTION ( 'NONE',  ( -0.000000000000000000, -1.000000000000000000, -0.000000000000000000 ) ) ;
#4726 = VERTEX_POINT ( 'NONE', #7314 ) ;
#4727 = CARTESIAN_POINT ( 'NONE',  ( -26.59578445530160451, 4.169999999999999929, 17.45353882511000521 ) ) ;
#4728 = VERTEX_POINT ( 'NONE', #266 ) ;
#4729 = DIRECTION ( 'NONE',  ( 0.000000000000000000, 0.000000000000000000, 1.000000000000000000 ) ) ;
#4730 = CARTESIAN_POINT ( 'NONE',  ( -6.493626010267594673, 4.333024042169507872, -15.05144724807546019 ) ) ;
#4731 = CARTESIAN_POINT ( 'NONE',  ( -7.802622764334259386, 4.169999999999999929, 15.51453906012021733 ) ) ;
#4732 = LINE ( 'NONE', #1417, #5551 ) ;
#4733 = VECTOR ( 'NONE', #2531, 1000.000000000000114 ) ;
#4734 = ADVANCED_FACE ( 'NONE', ( #3360 ), #5457, .F. ) ;
#4735 = ADVANCED_FACE ( 'NONE', ( #2729, #6670, #8044 ), #2161, .F. ) ;
#4736 = ORIENTED_EDGE ( 'NONE', *, *, #2648, .F. ) ;
#4737 = CYLINDRICAL_SURFACE ( 'NONE', #4880, 1.000000000000094591 ) ;
#4738 = AXIS2_PLACEMENT_3D ( 'NONE', #4865, #6022, #3461 ) ;
#4739 = CARTESIAN_POINT ( 'NONE',  ( -17.43139209695610958, 4.264455741616600015, 26.61181269830263574 ) ) ;
#4740 = B_SPLINE_CURVE_WITH_KNOTS ( 'NONE', 3,
 ( #1386, #3988, #6572, #8392, #761, #1861 ),
 .UNSPECIFIED., .F., .F.,
 ( 4, 2, 4 ),
 ( 0.000000000000000000, 0.0003728317659262514135, 0.0007456635318525028271 ),
 .UNSPECIFIED. ) ;
#4741 = DIRECTION ( 'NONE',  ( -0.4999999999999898970, -0.000000000000000000, 0.8660254037844444808 ) ) ;
#4742 = ORIENTED_EDGE ( 'NONE', *, *, #6877, .T. ) ;
#4743 = CYLINDRICAL_SURFACE ( 'NONE', #3691, 0.5000000000000005551 ) ;
#4744 = CARTESIAN_POINT ( 'NONE',  ( 19.51677218609430042, 4.670000000000000817, -12.42271421373347096 ) ) ;
#4745 = EDGE_LOOP ( 'NONE', ( #1116, #5553, #8169, #898, #1006, #3177, #6453 ) ) ;
#4746 = AXIS2_PLACEMENT_3D ( 'NONE', #617, #7849, #8366 ) ;
#4747 = AXIS2_PLACEMENT_3D ( 'NONE', #5047, #7547, #1073 ) ;
#4748 = EDGE_CURVE ( 'NONE', #6013, #108, #4260, .T. ) ;
#4749 = DIRECTION ( 'NONE',  ( -0.9802340172108806593, 0.000000000000000000, 0.1978415312886028510 ) ) ;
#4750 = ORIENTED_EDGE ( 'NONE', *, *, #3590, .F. ) ;
#4751 = CIRCLE ( 'NONE', #2595, 1.000000000000025091 ) ;
#4752 = DIRECTION ( 'NONE',  ( 0.4999999999999972800, -0.000000000000000000, 0.8660254037844402619 ) ) ;
#4753 = DIRECTION ( 'NONE',  ( 1.000000000000000000, 0.000000000000000000, 6.921832167980893463E-15 ) ) ;
#4754 = DIRECTION ( 'NONE',  ( -0.8660254037845014352, 0.000000000000000000, 0.4999999999998914757 ) ) ;
#4755 = ORIENTED_EDGE ( 'NONE', *, *, #7406, .T. ) ;
#4756 = DIRECTION ( 'NONE',  ( -0.5000000000000002220, 0.000000000000000000, -0.8660254037844385966 ) ) ;
#4757 = PLANE ( 'NONE',  #389 ) ;
#4758 = AXIS2_PLACEMENT_3D ( 'NONE', #4678, #6540, #2641 ) ;
#4759 = AXIS2_PLACEMENT_3D ( 'NONE', #1992, #7921, #6495 ) ;
#4760 = EDGE_CURVE ( 'NONE', #6629, #4728, #6004, .T. ) ;
#4761 = CARTESIAN_POINT ( 'NONE',  ( 9.007166899749440958, 4.670000000000000817, -14.60087070261886488 ) ) ;
#4762 = DIRECTION ( 'NONE',  ( -0.9802340172108805483, 0.000000000000000000, -0.1978415312886023236 ) ) ;
#4763 = ORIENTED_EDGE ( 'NONE', *, *, #2075, .F. ) ;
#4764 = ORIENTED_EDGE ( 'NONE', *, *, #2639, .F. ) ;
#4765 = AXIS2_PLACEMENT_3D ( 'NONE', #2774, #8003, #4762 ) ;
#4766 = AXIS2_PLACEMENT_3D ( 'NONE', #5372, #7347, #4127 ) ;
#4767 = DIRECTION ( 'NONE',  ( 0.8660254037844394848, 0.000000000000000000, 0.4999999999999985567 ) ) ;
#4768 = VERTEX_POINT ( 'NONE', #889 ) ;
#4769 = CARTESIAN_POINT ( 'NONE',  ( -23.07319061161676643, 2.669999999999999929, -1.689999999999997282 ) ) ;
#4770 = EDGE_LOOP ( 'NONE', ( #1295, #5289, #5312, #5396 ) ) ;
#4771 = FACE_OUTER_BOUND ( 'NONE', #750, .T. ) ;
#4772 = LINE ( 'NONE', #2216, #7757 ) ;
#4773 = CARTESIAN_POINT ( 'NONE',  ( 14.51453906012028305, 0.000000000000000000, -9.534673571903006462 ) ) ;
#4774 = ADVANCED_FACE ( 'NONE', ( #194 ), #6712, .T. ) ;
#4775 = CARTESIAN_POINT ( 'NONE',  ( 13.66095511311944222, 4.670000000000000817, 27.64883365011748140 ) ) ;
#4776 = AXIS2_PLACEMENT_3D ( 'NONE', #3623, #5606, #4238 ) ;
#4777 = VECTOR ( 'NONE', #2593, 1000.000000000000114 ) ;
#4778 = DIRECTION ( 'NONE',  ( 0.5000000000000229816, -0.000000000000000000, 0.8660254037844252739 ) ) ;
#4779 = CARTESIAN_POINT ( 'NONE',  ( 24.35665843275934250, 0.000000000000000000, 12.90762276433423494 ) ) ;
#4780 = VERTEX_POINT ( 'NONE', #7356 ) ;
#4781 = FACE_OUTER_BOUND ( 'NONE', #6757, .T. ) ;
#4782 = VECTOR ( 'NONE', #3446, 1000.000000000000000 ) ;
#4783 = FACE_OUTER_BOUND ( 'NONE', #3822, .T. ) ;
#4784 = DIRECTION ( 'NONE',  ( 0.000000000000000000, 1.000000000000000000, 0.000000000000000000 ) ) ;
#4785 = ORIENTED_EDGE ( 'NONE', *, *, #4061, .T. ) ;
#4786 = CARTESIAN_POINT ( 'NONE',  ( -7.802622764334260275, 4.169999999999999929, 15.51453906012021733 ) ) ;
#4787 = ADVANCED_FACE ( 'NONE', ( #1556 ), #4173, .T. ) ;
#4788 = DIRECTION ( 'NONE',  ( 0.000000000000000000, 1.000000000000000000, 0.000000000000000000 ) ) ;
#4789 = EDGE_CURVE ( 'NONE', #6980, #8295, #2473, .T. ) ;
#4790 = ORIENTED_EDGE ( 'NONE', *, *, #5840, .F. ) ;
#4791 = AXIS2_PLACEMENT_3D ( 'NONE', #5581, #8177, #2339 ) ;
#4792 = CARTESIAN_POINT ( 'NONE',  ( -20.55509947484034683, 4.670000000000000817, -11.23484719286633293 ) ) ;
#4793 = ORIENTED_EDGE ( 'NONE', *, *, #5359, .T. ) ;
#4794 = AXIS2_PLACEMENT_3D ( 'NONE', #5529, #5623, #2919 ) ;
#4795 = CARTESIAN_POINT ( 'NONE',  ( 12.06749888762737655, 0.000000000000000000, 21.80152119364926477 ) ) ;
#4796 = CARTESIAN_POINT ( 'NONE',  ( -13.12827881868112634, 4.169999999999999929, -9.814463748652093145 ) ) ;
#4797 = DIRECTION ( 'NONE',  ( 0.9802340172108806593, -0.000000000000000000, 0.1978415312886023514 ) ) ;
#4798 = EDGE_CURVE ( 'NONE', #5647, #5541, #2018, .T. ) ;
#4799 = ORIENTED_EDGE ( 'NONE', *, *, #98, .T. ) ;
#4800 = DIRECTION ( 'NONE',  ( 0.8660254037844425934, -0.000000000000000000, 0.4999999999999931166 ) ) ;
#4801 = DIRECTION ( 'NONE',  ( 0.000000000000000000, -0.000000000000000000, 1.000000000000000000 ) ) ;
#4802 = DIRECTION ( 'NONE',  ( 0.000000000000000000, 1.000000000000000000, 0.000000000000000000 ) ) ;
#4803 = AXIS2_PLACEMENT_3D ( 'NONE', #403, #4905, #3664 ) ;
#4804 = DIRECTION ( 'NONE',  ( -0.000000000000000000, -1.000000000000000000, -0.000000000000000000 ) ) ;
#4805 = EDGE_CURVE ( 'NONE', #1059, #1285, #3061, .T. ) ;
#4806 = ORIENTED_EDGE ( 'NONE', *, *, #3750, .F. ) ;
#4807 = LINE ( 'NONE', #8101, #4122 ) ;
#4808 = ORIENTED_EDGE ( 'NONE', *, *, #4687, .T. ) ;
#4809 = LINE ( 'NONE', #6848, #2347 ) ;
#4810 = VERTEX_POINT ( 'NONE', #3695 ) ;
#4811 = CARTESIAN_POINT ( 'NONE',  ( -12.96327227449294384, 4.670000000000035456, 21.00847399957656592 ) ) ;
#4812 = CARTESIAN_POINT ( 'NONE',  ( -6.462191090616950184, 4.169999999999999929, -15.06371434019473554 ) ) ;
#4813 = CYLINDRICAL_SURFACE ( 'NONE', #2087, 0.5000000000000006661 ) ;
#4814 = AXIS2_PLACEMENT_3D ( 'NONE', #6426, #5923, #5338 ) ;
#4815 = CARTESIAN_POINT ( 'NONE',  ( -26.66221604401671286, 4.359676818103005225, -17.36055357991163106 ) ) ;
#4816 = DIRECTION ( 'NONE',  ( 0.000000000000000000, -0.000000000000000000, 1.000000000000000000 ) ) ;
#4817 = ORIENTED_EDGE ( 'NONE', *, *, #7996, .F. ) ;
#4818 = EDGE_CURVE ( 'NONE', #1364, #4850, #6697, .T. ) ;
#4819 = CARTESIAN_POINT ( 'NONE',  ( -4.259940106989818176, 4.670000000000000817, -7.378432702499878815 ) ) ;
#4820 = CARTESIAN_POINT ( 'NONE',  ( 0.000000000000000000, 0.000000000000000000, 0.000000000000000000 ) ) ;
#4821 = VECTOR ( 'NONE', #1247, 1000.000000000000000 ) ;
#4822 = DIRECTION ( 'NONE',  ( 0.000000000000000000, 0.000000000000000000, 1.000000000000000000 ) ) ;
#4823 = CYLINDRICAL_SURFACE ( 'NONE', #7470, 0.5000000000000000000 ) ;
#4824 = ORIENTED_EDGE ( 'NONE', *, *, #5233, .F. ) ;
#4825 = DIRECTION ( 'NONE',  ( -0.000000000000000000, -1.000000000000000000, -0.000000000000000000 ) ) ;
#4826 = CARTESIAN_POINT ( 'NONE',  ( 17.11411476945192689, 4.670000000000000817, -25.65515099297916990 ) ) ;
#4827 = ORIENTED_EDGE ( 'NONE', *, *, #5727, .T. ) ;
#4828 = EDGE_CURVE ( 'NONE', #4992, #3724, #2338, .T. ) ;
#4829 = CARTESIAN_POINT ( 'NONE',  ( -9.657616337446009780, 4.512846188154687965, 13.24463277685535978 ) ) ;
#4830 = DIRECTION ( 'NONE',  ( -0.000000000000000000, -1.000000000000000000, -0.000000000000000000 ) ) ;
#4831 = ORIENTED_EDGE ( 'NONE', *, *, #1651, .F. ) ;
#4832 = DIRECTION ( 'NONE',  ( 0.000000000000000000, 0.000000000000000000, 1.000000000000000000 ) ) ;
#4833 = DIRECTION ( 'NONE',  ( 0.000000000000000000, 0.000000000000000000, 1.000000000000000000 ) ) ;
#4834 = LINE ( 'NONE', #3556, #5635 ) ;
#4835 = VERTEX_POINT ( 'NONE', #4981 ) ;
#4836 = CYLINDRICAL_SURFACE ( 'NONE', #5414, 20.67695921580875407 ) ;
#4837 = ORIENTED_EDGE ( 'NONE', *, *, #2190, .T. ) ;
#4838 = EDGE_CURVE ( 'NONE', #1927, #6384, #1143, .T. ) ;
#4839 = CARTESIAN_POINT ( 'NONE',  ( 9.534673571902946065, 0.000000000000000000, -14.51453906012031503 ) ) ;
#4840 = ADVANCED_FACE ( 'NONE', ( #4392 ), #6838, .T. ) ;
#4841 = CARTESIAN_POINT ( 'NONE',  ( 15.24337876926636959, 4.670000000000000817, -7.646068297416199755 ) ) ;
#4842 = CARTESIAN_POINT ( 'NONE',  ( -14.98893587415668094, 4.515419319486067451, 6.657891068573893456 ) ) ;
#4843 = CYLINDRICAL_SURFACE ( 'NONE', #3284, 0.5000000000000008882 ) ;
#4844 = ORIENTED_EDGE ( 'NONE', *, *, #455, .F. ) ;
#4845 = DIRECTION ( 'NONE',  ( -0.000000000000000000, -1.000000000000000000, -0.000000000000000000 ) ) ;
#4846 = ORIENTED_EDGE ( 'NONE', *, *, #5519, .T. ) ;
#4847 = VECTOR ( 'NONE', #5806, 1000.000000000000114 ) ;
#4848 = CARTESIAN_POINT ( 'NONE',  ( 17.27377744265749726, 4.445861586286564027, -26.72335834561582146 ) ) ;
#4849 = EDGE_CURVE ( 'NONE', #2551, #2777, #2659, .T. ) ;
#4850 = VERTEX_POINT ( 'NONE', #351 ) ;
#4851 = FACE_OUTER_BOUND ( 'NONE', #2894, .T. ) ;
#4852 = CARTESIAN_POINT ( 'NONE',  ( -26.24918328139975543, 4.169999999999999929, 16.30967357190247924 ) ) ;
#4853 = AXIS2_PLACEMENT_3D ( 'NONE', #1277, #7761, #2083 ) ;
#4854 = EDGE_LOOP ( 'NONE', ( #6173, #4806, #2710, #7660 ) ) ;
#4855 = DIRECTION ( 'NONE',  ( 0.4999999999999803491, 0.000000000000000000, 0.8660254037844500319 ) ) ;
#4856 = CARTESIAN_POINT ( 'NONE',  ( -6.589803460301776994, 4.463736390173076884, -15.01298587829449005 ) ) ;
#4857 = CARTESIAN_POINT ( 'NONE',  ( 20.71623463286575628, 4.663181183444157440, 11.18503519712335326 ) ) ;
#4858 = DIRECTION ( 'NONE',  ( 0.000000000000000000, 1.000000000000000000, 0.000000000000000000 ) ) ;
#4859 = CARTESIAN_POINT ( 'NONE',  ( 20.06370928826596156, 4.670000000000000817, 12.40119258453256634 ) ) ;
#4860 = CARTESIAN_POINT ( 'NONE',  ( 16.00006059632325162, 4.669999999999969731, 26.45016036690733685 ) ) ;
#4861 = EDGE_CURVE ( 'NONE', #1373, #83, #167, .T. ) ;
#4862 = ORIENTED_EDGE ( 'NONE', *, *, #6255, .F. ) ;
#4863 = PLANE ( 'NONE',  #6003 ) ;
#4864 = ORIENTED_EDGE ( 'NONE', *, *, #759, .F. ) ;
#4865 = CARTESIAN_POINT ( 'NONE',  ( 20.90152119364996608, 4.670000000000000817, 12.06749888762394463 ) ) ;
#4866 = CARTESIAN_POINT ( 'NONE',  ( -11.69152436717009458, 4.296427799499494604, -22.25031422186815178 ) ) ;
#4867 = CARTESIAN_POINT ( 'NONE',  ( -20.03065169146244529, 4.652225243043055514, -12.29462508638669860 ) ) ;
#4868 = ORIENTED_EDGE ( 'NONE', *, *, #5446, .T. ) ;
#4869 = FACE_OUTER_BOUND ( 'NONE', #1191, .T. ) ;
#4870 = AXIS2_PLACEMENT_3D ( 'NONE', #6319, #594, #3901 ) ;
#4871 = CARTESIAN_POINT ( 'NONE',  ( -20.03065169146244529, 4.652225243043055514, -12.29462508638669860 ) ) ;
#4872 = VERTEX_POINT ( 'NONE', #3737 ) ;
#4873 = TOROIDAL_SURFACE ( 'NONE', #1212, 23.63500000000000156, 0.5000000000000000000 ) ;
#4874 = DIRECTION ( 'NONE',  ( 0.8660254037844440367, -0.000000000000000000, 0.4999999999999906186 ) ) ;
#4875 = B_SPLINE_CURVE_WITH_KNOTS ( 'NONE', 3,
 ( #7263, #5832, #5163, #1420, #4515, #1230, #1868, #4025, #5708, #6455 ),
 .UNSPECIFIED., .F., .F.,
 ( 4, 2, 2, 2, 4 ),
 ( 0.000000000000000000, 0.0005426953810996127444, 0.0008140430716494219355, 0.0009497169169243199717, 0.001085390762199218116 ),
 .UNSPECIFIED. ) ;
#4876 = ORIENTED_EDGE ( 'NONE', *, *, #5808, .T. ) ;
#4877 = DIRECTION ( 'NONE',  ( 0.000000000000000000, 0.000000000000000000, 1.000000000000000000 ) ) ;
#4878 = DIRECTION ( 'NONE',  ( -0.000000000000000000, -1.000000000000000000, -0.000000000000000000 ) ) ;
#4879 = PLANE ( 'NONE',  #3309 ) ;
#4880 = AXIS2_PLACEMENT_3D ( 'NONE', #5556, #994, #5516 ) ;
#4881 = AXIS2_PLACEMENT_3D ( 'NONE', #3614, #8191, #1750 ) ;
#4882 = VERTEX_POINT ( 'NONE', #6329 ) ;
#4883 = ADVANCED_FACE ( 'NONE', ( #6879 ), #6244, .T. ) ;
#4884 = CARTESIAN_POINT ( 'NONE',  ( 14.51453906012028305, 4.462893218813452023, 9.534673571902995803 ) ) ;
#4885 = DIRECTION ( 'NONE',  ( 0.000000000000000000, -0.000000000000000000, 1.000000000000000000 ) ) ;
#4886 = VECTOR ( 'NONE', #6549, 1000.000000000000000 ) ;
#4887 = AXIS2_PLACEMENT_3D ( 'NONE', #3579, #3617, #6172 ) ;
#4888 = DIRECTION ( 'NONE',  ( -0.000000000000000000, 1.000000000000000000, -0.000000000000000000 ) ) ;
#4889 = DIRECTION ( 'NONE',  ( 0.000000000000000000, 0.000000000000000000, 1.000000000000000000 ) ) ;
#4890 = DIRECTION ( 'NONE',  ( -0.1978415312886145916, -0.000000000000000000, 0.9802340172108782168 ) ) ;
#4891 = LINE ( 'NONE', #1107, #5158 ) ;
#4892 = ORIENTED_EDGE ( 'NONE', *, *, #4170, .F. ) ;
#4893 = VECTOR ( 'NONE', #1960, 1000.000000000000000 ) ;
#4894 = AXIS2_PLACEMENT_3D ( 'NONE', #7003, #7695, #3632 ) ;
#4895 = EDGE_CURVE ( 'NONE', #3418, #2127, #2245, .T. ) ;
#4896 = EDGE_LOOP ( 'NONE', ( #55, #2934, #6915, #3412 ) ) ;
#4897 = FACE_OUTER_BOUND ( 'NONE', #5789, .T. ) ;
#4898 = ORIENTED_EDGE ( 'NONE', *, *, #5066, .T. ) ;
#4899 = VECTOR ( 'NONE', #1728, 1000.000000000000000 ) ;
#4900 = VECTOR ( 'NONE', #2689, 1000.000000000000000 ) ;
#4901 = DIRECTION ( 'NONE',  ( -0.000000000000000000, 1.000000000000000000, -0.000000000000000000 ) ) ;
#4902 = ORIENTED_EDGE ( 'NONE', *, *, #4492, .T. ) ;
#4903 = DIRECTION ( 'NONE',  ( 0.000000000000000000, 1.000000000000000000, 0.000000000000000000 ) ) ;
#4904 = DIRECTION ( 'NONE',  ( 0.000000000000000000, 0.000000000000000000, -1.000000000000000000 ) ) ;
#4905 = DIRECTION ( 'NONE',  ( 0.000000000000000000, 1.000000000000000000, 0.000000000000000000 ) ) ;
#4906 = CARTESIAN_POINT ( 'NONE',  ( 11.26032044705469737, 4.670000000000000817, 20.50344712380543655 ) ) ;
#4907 = CARTESIAN_POINT ( 'NONE',  ( -27.24918328139926871, 4.302146110896762465, -14.57762276433443205 ) ) ;
#4908 = EDGE_CURVE ( 'NONE', #2163, #1286, #390, .T. ) ;
#4909 = CIRCLE ( 'NONE', #959, 25.13500000000000512 ) ;
#4910 = LINE ( 'NONE', #3714, #2452 ) ;
#4911 = VERTEX_POINT ( 'NONE', #970 ) ;
#4912 = CARTESIAN_POINT ( 'NONE',  ( -15.05124050955052972, 4.334016281665158843, -6.494258573074636942 ) ) ;
#4913 = CARTESIAN_POINT ( 'NONE',  ( -17.35487660447365599, 4.358585485333403398, -26.66318238176553379 ) ) ;
#4914 = CARTESIAN_POINT ( 'NONE',  ( -14.51453906012035233, 2.669999999999999929, 9.534673571902905209 ) ) ;
#4915 = CARTESIAN_POINT ( 'NONE',  ( -27.64883365011752758, 4.670000000000000817, 13.66095511311933741 ) ) ;
#4916 = CIRCLE ( 'NONE', #5465, 24.63500000000000512 ) ;
#4917 = AXIS2_PLACEMENT_3D ( 'NONE', #5440, #2870, #176 ) ;
#4918 = VERTEX_POINT ( 'NONE', #1013 ) ;
#4919 = DIRECTION ( 'NONE',  ( 0.8660254037844273833, -0.000000000000000000, 0.5000000000000195399 ) ) ;
#4920 = LINE ( 'NONE', #2543, #6771 ) ;
#4921 = CARTESIAN_POINT ( 'NONE',  ( -21.79552145031928845, 4.670000000000004370, -11.94648073030502466 ) ) ;
#4922 = EDGE_CURVE ( 'NONE', #3146, #1342, #7756, .T. ) ;
#4923 = ORIENTED_EDGE ( 'NONE', *, *, #990, .F. ) ;
#4924 = VECTOR ( 'NONE', #2215, 1000.000000000000114 ) ;
#4925 = FACE_OUTER_BOUND ( 'NONE', #2421, .T. ) ;
#4926 = ORIENTED_EDGE ( 'NONE', *, *, #8319, .T. ) ;
#4927 = ORIENTED_EDGE ( 'NONE', *, *, #2883, .F. ) ;
#4928 = SURFACE_STYLE_USAGE ( .BOTH. , #1775 ) ;
#4929 = B_SPLINE_CURVE_WITH_KNOTS ( 'NONE', 3,
 ( #1472, #7471, #806, #3435 ),
 .UNSPECIFIED., .F., .F.,
 ( 4, 4 ),
 ( 0.0001010891641054696721, 0.0002860823888262738071 ),
 .UNSPECIFIED. ) ;
#4930 = LINE ( 'NONE', #1862, #4899 ) ;
#4931 = CARTESIAN_POINT ( 'NONE',  ( 6.462191090617059430, 4.169999999999999929, 15.06371434019469113 ) ) ;
#4932 = VERTEX_POINT ( 'NONE', #8397 ) ;
#4933 = VECTOR ( 'NONE', #685, 1000.000000000000114 ) ;
#4934 = DIRECTION ( 'NONE',  ( 0.000000000000000000, -0.000000000000000000, 1.000000000000000000 ) ) ;
#4935 = DIRECTION ( 'NONE',  ( -0.000000000000000000, -1.000000000000000000, -0.000000000000000000 ) ) ;
#4936 = EDGE_CURVE ( 'NONE', #133, #3155, #7320, .T. ) ;
#4937 = CARTESIAN_POINT ( 'NONE',  ( -19.51677218609426490, 4.169999999999999929, -12.42271421373352958 ) ) ;
#4938 = CARTESIAN_POINT ( 'NONE',  ( 6.497372378559713724, 4.336601117982334053, -15.05134326883513829 ) ) ;
#4939 = ORIENTED_EDGE ( 'NONE', *, *, #171, .F. ) ;
#4940 = DIRECTION ( 'NONE',  ( 0.000000000000000000, 0.000000000000000000, 1.000000000000000000 ) ) ;
#4941 = AXIS2_PLACEMENT_3D ( 'NONE', #1436, #2725, #5335 ) ;
#4942 = ORIENTED_EDGE ( 'NONE', *, *, #4341, .T. ) ;
#4943 = CARTESIAN_POINT ( 'NONE',  ( -9.814463748651876429, 4.253837235467060829, -13.12827881868129687 ) ) ;
#4944 = VERTEX_POINT ( 'NONE', #7663 ) ;
#4945 = CARTESIAN_POINT ( 'NONE',  ( 14.60087070261883824, 4.670000000000000817, -9.007166899749499578 ) ) ;
#4946 = EDGE_CURVE ( 'NONE', #1315, #4010, #6638, .T. ) ;
#4947 = CARTESIAN_POINT ( 'NONE',  ( 3.043171204642130423, 0.000000000000000000, 1.756975714190222693 ) ) ;
#4948 = EDGE_CURVE ( 'NONE', #1342, #197, #7800, .T. ) ;
#4949 = ORIENTED_EDGE ( 'NONE', *, *, #5464, .T. ) ;
#4950 = DIRECTION ( 'NONE',  ( 0.000000000000000000, 1.000000000000000000, 0.000000000000000000 ) ) ;
#4951 = CARTESIAN_POINT ( 'NONE',  ( -1.689999999999914015, 2.669999999999999929, -25.07812044392483131 ) ) ;
#4952 = PLANE ( 'NONE',  #3613 ) ;
#4953 = PLANE ( 'NONE',  #4377 ) ;
#4954 = DIRECTION ( 'NONE',  ( 0.9802340172108804373, 0.000000000000000000, -0.1978415312886027955 ) ) ;
#4955 = VERTEX_POINT ( 'NONE', #3781 ) ;
#4956 = CARTESIAN_POINT ( 'NONE',  ( -19.53527633261098018, 4.298923624762176487, 12.41818777478802183 ) ) ;
#4957 = DIRECTION ( 'NONE',  ( -0.000000000000000000, -1.000000000000000000, -0.000000000000000000 ) ) ;
#4958 = CARTESIAN_POINT ( 'NONE',  ( 12.93832888018171090, 4.649847419192786546, 21.12879883022763039 ) ) ;
#4959 = EDGE_CURVE ( 'NONE', #5771, #6603, #4875, .T. ) ;
#4960 = CARTESIAN_POINT ( 'NONE',  ( -11.76331974752905296, 4.573863308494124702, -22.00077121315983675 ) ) ;
#4961 = EDGE_CURVE ( 'NONE', #1149, #3183, #930, .T. ) ;
#4962 = DIRECTION ( 'NONE',  ( 0.000000000000000000, 1.000000000000000000, 0.000000000000000000 ) ) ;
#4963 = ORIENTED_EDGE ( 'NONE', *, *, #6581, .T. ) ;
#4964 = DIRECTION ( 'NONE',  ( -0.8660254037844372643, 0.000000000000000000, 0.5000000000000026645 ) ) ;
#4965 = DIRECTION ( 'NONE',  ( 0.000000000000000000, 1.000000000000000000, 0.000000000000000000 ) ) ;
#4966 = CARTESIAN_POINT ( 'NONE',  ( -17.11411476945210453, 4.169999999999999929, 25.65515099297905266 ) ) ;
#4967 = ORIENTED_EDGE ( 'NONE', *, *, #2065, .F. ) ;
#4968 = ORIENTED_EDGE ( 'NONE', *, *, #621, .T. ) ;
#4969 = TOROIDAL_SURFACE ( 'NONE', #629, 1.500000000000075495, 0.5000000000000000000 ) ;
#4970 = CARTESIAN_POINT ( 'NONE',  ( 26.59578445530213386, 4.169999999999999929, 17.45353882510844912 ) ) ;
#4971 = CARTESIAN_POINT ( 'NONE',  ( -20.90152119364589467, 4.670000000000000817, 12.96749888762681557 ) ) ;
#4972 = EDGE_CURVE ( 'NONE', #2962, #4305, #1463, .T. ) ;
#4973 = ORIENTED_EDGE ( 'NONE', *, *, #5104, .T. ) ;
#4974 = ORIENTED_EDGE ( 'NONE', *, *, #5376, .F. ) ;
#4975 = CARTESIAN_POINT ( 'NONE',  ( 13.42357517473902817, 0.000000000000000000, 21.25031422186811625 ) ) ;
#4976 = CARTESIAN_POINT ( 'NONE',  ( -28.41310023613407765, 4.169999999999999929, -14.30585555931155461 ) ) ;
#4977 = LINE ( 'NONE', #4340, #4672 ) ;
#4978 = ORIENTED_EDGE ( 'NONE', *, *, #1505, .T. ) ;
#4979 = CARTESIAN_POINT ( 'NONE',  ( 9.814463748651972352, 4.252895429693693607, 13.12827881868123114 ) ) ;
#4980 = ORIENTED_EDGE ( 'NONE', *, *, #4277, .T. ) ;
#4981 = CARTESIAN_POINT ( 'NONE',  ( 21.70246513433422564, 4.670000000000000817, 11.65702501039641348 ) ) ;
#4982 = EDGE_CURVE ( 'NONE', #4051, #552, #2982, .T. ) ;
#4983 = CARTESIAN_POINT ( 'NONE',  ( -14.62613208313624291, 4.431292217823978419, 27.22477132445020942 ) ) ;
#4984 = B_SPLINE_CURVE_WITH_KNOTS ( 'NONE', 3,
 ( #5257, #6460, #4560, #5167 ),
 .UNSPECIFIED., .F., .F.,
 ( 4, 4 ),
 ( 0.0002138446335430712296, 0.0003827153031080621388 ),
 .UNSPECIFIED. ) ;
#4985 = PLANE ( 'NONE',  #2884 ) ;
#4986 = CARTESIAN_POINT ( 'NONE',  ( 15.51453906012024220, 4.169999999999999929, 7.802622764334208760 ) ) ;
#4987 = EDGE_LOOP ( 'NONE', ( #3771, #553, #1933, #5089 ) ) ;
#4988 = DIRECTION ( 'NONE',  ( 0.000000000000000000, 1.000000000000000000, 0.000000000000000000 ) ) ;
#4989 = ORIENTED_EDGE ( 'NONE', *, *, #4614, .F. ) ;
#4990 = EDGE_CURVE ( 'NONE', #1, #7157, #7705, .T. ) ;
#4991 = DIRECTION ( 'NONE',  ( 0.000000000000000000, 0.000000000000000000, 1.000000000000000000 ) ) ;
#4992 = VERTEX_POINT ( 'NONE', #2753 ) ;
#4993 = CARTESIAN_POINT ( 'NONE',  ( 15.51453906012023332, 4.670000000000000817, -7.802622764334209648 ) ) ;
#4994 = CARTESIAN_POINT ( 'NONE',  ( 12.12634585083752548, 4.670000000000000817, 20.00344712380248069 ) ) ;
#4995 = VERTEX_POINT ( 'NONE', #3829 ) ;
#4996 = CIRCLE ( 'NONE', #8268, 1.500000000000032641 ) ;
#4997 = PLANE ( 'NONE',  #3807 ) ;
#4998 = CARTESIAN_POINT ( 'NONE',  ( -13.42357517473899975, 2.669999999999999929, 21.25031422186813046 ) ) ;
#4999 = DIRECTION ( 'NONE',  ( 0.000000000000000000, 0.000000000000000000, 1.000000000000000000 ) ) ;
#5000 = EDGE_CURVE ( 'NONE', #5503, #2011, #4617, .T. ) ;
#5001 = CARTESIAN_POINT ( 'NONE',  ( -28.32166538658454513, 4.445414339703244622, -14.50553064143624482 ) ) ;
#5002 = CIRCLE ( 'NONE', #5820, 0.9000000000012297052 ) ;
#5003 = ORIENTED_EDGE ( 'NONE', *, *, #7683, .F. ) ;
#5004 = DIRECTION ( 'NONE',  ( 0.000000000000000000, 0.000000000000000000, 1.000000000000000000 ) ) ;
#5005 = CYLINDRICAL_SURFACE ( 'NONE', #2155, 0.5000000000000000000 ) ;
#5006 = DIRECTION ( 'NONE',  ( -0.3187812165858833202, 0.000000000000000000, -0.9478283262026010458 ) ) ;
#5007 = ORIENTED_EDGE ( 'NONE', *, *, #2298, .F. ) ;
#5008 = CARTESIAN_POINT ( 'NONE',  ( 27.24918328139936463, 4.670000000000000817, 14.57762276433424908 ) ) ;
#5009 = FACE_OUTER_BOUND ( 'NONE', #2796, .T. ) ;
#5010 = B_SPLINE_CURVE_WITH_KNOTS ( 'NONE', 3,
 ( #5884, #6500, #148, #7188, #6545, #2565 ),
 .UNSPECIFIED., .F., .F.,
 ( 4, 2, 4 ),
 ( 0.000000000000000000, 0.0003728317659250288672, 0.0007456635318500577344 ),
 .UNSPECIFIED. ) ;
#5011 = CARTESIAN_POINT ( 'NONE',  ( 21.29959526349203713, 4.670000000000000817, -12.87467732819691157 ) ) ;
#5012 = ORIENTED_EDGE ( 'NONE', *, *, #1218, .T. ) ;
#5013 = ADVANCED_FACE ( 'NONE', ( #4064 ), #3147, .T. ) ;
#5014 = EDGE_CURVE ( 'NONE', #1044, #108, #21, .T. ) ;
#5015 = CARTESIAN_POINT ( 'NONE',  ( 27.64883365011742811, 0.000000000000000000, -13.66095511311952748 ) ) ;
#5016 = B_SPLINE_CURVE_WITH_KNOTS ( 'NONE', 3,
 ( #5966, #779, #4572, #4532 ),
 .UNSPECIFIED., .F., .F.,
 ( 4, 4 ),
 ( 0.0008558641057466036565, 0.001040910029775135841 ),
 .UNSPECIFIED. ) ;
#5017 = ORIENTED_EDGE ( 'NONE', *, *, #5000, .F. ) ;
#5018 = ORIENTED_EDGE ( 'NONE', *, *, #6288, .T. ) ;
#5019 = SURFACE_STYLE_FILL_AREA ( #8261 ) ;
#5020 = CARTESIAN_POINT ( 'NONE',  ( -14.95495334619723238, 4.669999999999998153, -28.09142993203804295 ) ) ;
#5021 = ORIENTED_EDGE ( 'NONE', *, *, #3217, .T. ) ;
#5022 = EDGE_CURVE ( 'NONE', #4992, #7045, #410, .T. ) ;
#5023 = CIRCLE ( 'NONE', #5706, 1.000000000000000888 ) ;
#5024 = CARTESIAN_POINT ( 'NONE',  ( 7.802622764334143923, 4.462893218813452911, 15.51453906012027062 ) ) ;
#5025 = DIRECTION ( 'NONE',  ( -0.9802340172108734428, -0.000000000000000000, 0.1978415312886378230 ) ) ;
#5026 = CIRCLE ( 'NONE', #3513, 24.63500000000000512 ) ;
#5027 = CIRCLE ( 'NONE', #5975, 23.31046236190303844 ) ;
#5028 = DIRECTION ( 'NONE',  ( -0.4999999999999931166, 0.000000000000000000, 0.8660254037844425934 ) ) ;
#5029 = CARTESIAN_POINT ( 'NONE',  ( -9.814463748652045183, 4.169999999999999929, 13.12827881868116009 ) ) ;
#5030 = VERTEX_POINT ( 'NONE', #3876 ) ;
#5031 = LINE ( 'NONE', #5673, #904 ) ;
#5032 = EDGE_CURVE ( 'NONE', #8386, #4150, #7949, .T. ) ;
#5033 = ORIENTED_EDGE ( 'NONE', *, *, #5941, .F. ) ;
#5034 = CIRCLE ( 'NONE', #3656, 14.99267480351038451 ) ;
#5035 = VECTOR ( 'NONE', #8393, 1000.000000000000114 ) ;
#5036 = B_SPLINE_CURVE_WITH_KNOTS ( 'NONE', 3,
 ( #5398, #7985, #2140, #3272, #8023, #4739, #7841, #1993 ),
 .UNSPECIFIED., .F., .F.,
 ( 4, 2, 2, 4 ),
 ( 0.0004944462805459710593, 0.0007863661969561790534, 0.0009323261551612863031, 0.001078286113366393661 ),
 .UNSPECIFIED. ) ;
#5037 = AXIS2_PLACEMENT_3D ( 'NONE', #3330, #5770, #8374 ) ;
#5038 = CARTESIAN_POINT ( 'NONE',  ( -19.51677218609427200, 0.000000000000000000, -12.42271421373352247 ) ) ;
#5039 = ORIENTED_EDGE ( 'NONE', *, *, #5104, .F. ) ;
#5040 = DIRECTION ( 'NONE',  ( 0.9478283262025971601, 0.000000000000000000, -0.3187812165858947555 ) ) ;
#5041 = ORIENTED_EDGE ( 'NONE', *, *, #5897, .F. ) ;
#5042 = CIRCLE ( 'NONE', #285, 23.13499999999999446 ) ;
#5043 = FACE_OUTER_BOUND ( 'NONE', #5336, .T. ) ;
#5044 = CARTESIAN_POINT ( 'NONE',  ( -25.07812044392482775, 2.669999999999999929, -1.689999999999997060 ) ) ;
#5045 = CARTESIAN_POINT ( 'NONE',  ( -22.25031422186802743, 4.169999999999999929, -11.69152436717032728 ) ) ;
#5046 = ADVANCED_FACE ( 'NONE', ( #5117 ), #4703, .F. ) ;
#5047 = CARTESIAN_POINT ( 'NONE',  ( 3.133803367899199888, 4.670000000000000817, 5.427906654126693375 ) ) ;
#5048 = AXIS2_PLACEMENT_3D ( 'NONE', #1274, #5880, #6459 ) ;
#5049 = VECTOR ( 'NONE', #5131, 1000.000000000000114 ) ;
#5050 = EDGE_LOOP ( 'NONE', ( #4311, #2651, #7127, #4799 ) ) ;
#5051 = CARTESIAN_POINT ( 'NONE',  ( -21.70246513433086832, 4.670000000000000817, 11.65702501040266981 ) ) ;
#5052 = LINE ( 'NONE', #3806, #7790 ) ;
#5053 = EDGE_CURVE ( 'NONE', #7690, #1285, #5314, .T. ) ;
#5054 = VERTEX_POINT ( 'NONE', #4110 ) ;
#5055 = PLANE ( 'NONE',  #5608 ) ;
#5056 = ORIENTED_EDGE ( 'NONE', *, *, #6641, .T. ) ;
#5057 = LINE ( 'NONE', #7649, #141 ) ;
#5058 = AXIS2_PLACEMENT_3D ( 'NONE', #474, #1138, #7567 ) ;
#5059 = ORIENTED_EDGE ( 'NONE', *, *, #4492, .F. ) ;
#5060 = CARTESIAN_POINT ( 'NONE',  ( -25.65515099297923740, 4.670000000000000817, 17.11411476945184873 ) ) ;
#5061 = VECTOR ( 'NONE', #352, 1000.000000000000114 ) ;
#5062 = MECHANICAL_DESIGN_GEOMETRIC_PRESENTATION_REPRESENTATION (  '', ( #2480 ), #1509 ) ;
#5063 = ORIENTED_EDGE ( 'NONE', *, *, #1102, .F. ) ;
#5064 = ORIENTED_EDGE ( 'NONE', *, *, #3521, .T. ) ;
#5065 = ORIENTED_EDGE ( 'NONE', *, *, #2699, .F. ) ;
#5066 = EDGE_CURVE ( 'NONE', #2802, #3195, #3255, .T. ) ;
#5067 = PRESENTATION_STYLE_ASSIGNMENT (( #4928 ) ) ;
#5068 = LINE ( 'NONE', #5621, #7477 ) ;
#5069 = VERTEX_POINT ( 'NONE', #7334 ) ;
#5070 = CARTESIAN_POINT ( 'NONE',  ( -9.007166899749522671, 4.670000000000000817, 14.60087070261881870 ) ) ;
#5071 = AXIS2_PLACEMENT_3D ( 'NONE', #7780, #1935, #7126 ) ;
#5072 = AXIS2_PLACEMENT_3D ( 'NONE', #7862, #5902, #5859 ) ;
#5073 = DIRECTION ( 'NONE',  ( 0.3187812165858947555, -0.000000000000000000, 0.9478283262025972711 ) ) ;
#5074 = CARTESIAN_POINT ( 'NONE',  ( -27.24918328139926516, 4.670000000000000817, -14.57762276433443560 ) ) ;
#5075 = EDGE_CURVE ( 'NONE', #3220, #473, #5026, .T. ) ;
#5076 = CARTESIAN_POINT ( 'NONE',  ( -20.04467947524725702, 4.663210578269059603, 12.34841178801218042 ) ) ;
#5077 = LINE ( 'NONE', #1828, #7810 ) ;
#5078 = DIRECTION ( 'NONE',  ( 0.4999999999999683031, -0.000000000000000000, 0.8660254037844570263 ) ) ;
#5079 = ORIENTED_EDGE ( 'NONE', *, *, #1592, .F. ) ;
#5080 = CARTESIAN_POINT ( 'NONE',  ( -13.12827881868126845, 0.000000000000000000, 9.814463748651917285 ) ) ;
#5081 = ORIENTED_EDGE ( 'NONE', *, *, #4413, .F. ) ;
#5082 = AXIS2_PLACEMENT_3D ( 'NONE', #6715, #5927, #6592 ) ;
#5083 = CARTESIAN_POINT ( 'NONE',  ( -9.475560680838365002, 4.622801691825981329, -13.38991585464627754 ) ) ;
#5084 = ORIENTED_EDGE ( 'NONE', *, *, #6427, .T. ) ;
#5085 = CARTESIAN_POINT ( 'NONE',  ( 12.00865192441238349, 4.670000000000000817, -21.79959526349201226 ) ) ;
#5086 = CARTESIAN_POINT ( 'NONE',  ( -14.51453906012026884, 0.000000000000000000, -9.534673571903027778 ) ) ;
#5087 = EDGE_CURVE ( 'NONE', #5069, #5636, #370, .T. ) ;
#5088 = VECTOR ( 'NONE', #7130, 1000.000000000000000 ) ;
#5089 = ORIENTED_EDGE ( 'NONE', *, *, #5767, .T. ) ;
#5090 = CARTESIAN_POINT ( 'NONE',  ( -13.12827881868126845, 4.169999999999999929, 9.814463748651917285 ) ) ;
#5091 = CARTESIAN_POINT ( 'NONE',  ( -21.76932090785432550, 4.649847419183828379, -11.82891209833740120 ) ) ;
#5092 = B_SPLINE_CURVE_WITH_KNOTS ( 'NONE', 3,
 ( #6832, #7310, #385, #6190 ),
 .UNSPECIFIED., .F., .F.,
 ( 4, 4 ),
 ( 0.0002138446335423919498, 0.0003827153031075886678 ),
 .UNSPECIFIED. ) ;
#5093 = DIRECTION ( 'NONE',  ( 0.000000000000000000, 1.000000000000000000, 0.000000000000000000 ) ) ;
#5094 = CIRCLE ( 'NONE', #1529, 0.9000000000012297052 ) ;
#5095 = ORIENTED_EDGE ( 'NONE', *, *, #8319, .F. ) ;
#5096 = DIRECTION ( 'NONE',  ( -0.000000000000000000, -1.000000000000000000, -0.000000000000000000 ) ) ;
#5097 = EDGE_CURVE ( 'NONE', #6788, #4269, #1499, .T. ) ;
#5098 = ORIENTED_EDGE ( 'NONE', *, *, #8008, .T. ) ;
#5099 = CARTESIAN_POINT ( 'NONE',  ( -25.65515099297898871, 4.169999999999999929, -17.11411476945219334 ) ) ;
#5100 = CARTESIAN_POINT ( 'NONE',  ( -21.12879883022048944, 4.649847419183608110, 12.93832888017021610 ) ) ;
#5101 = CARTESIAN_POINT ( 'NONE',  ( -9.814463748652045183, 0.000000000000000000, 13.12827881868116009 ) ) ;
#5102 = ORIENTED_EDGE ( 'NONE', *, *, #3827, .F. ) ;
#5103 = VERTEX_POINT ( 'NONE', #247 ) ;
#5104 = EDGE_CURVE ( 'NONE', #6633, #4944, #6239, .T. ) ;
#5105 = CIRCLE ( 'NONE', #1015, 23.31046236190299936 ) ;
#5106 = DIRECTION ( 'NONE',  ( -0.000000000000000000, -1.000000000000000000, -0.000000000000000000 ) ) ;
#5107 = ORIENTED_EDGE ( 'NONE', *, *, #6417, .T. ) ;
#5108 = ORIENTED_EDGE ( 'NONE', *, *, #2082, .F. ) ;
#5109 = CARTESIAN_POINT ( 'NONE',  ( 0.000000000000000000, 2.669999999999999929, -23.13499999999999801 ) ) ;
#5110 = DIRECTION ( 'NONE',  ( 0.8660254037844570263, 0.000000000000000000, -0.4999999999999682476 ) ) ;
#5111 = EDGE_LOOP ( 'NONE', ( #704, #5873, #7596, #8216, #5400 ) ) ;
#5112 = CARTESIAN_POINT ( 'NONE',  ( 9.708531139097924978, 4.462467408286607373, 13.20868358895096684 ) ) ;
#5113 = AXIS2_PLACEMENT_3D ( 'NONE', #6348, #3123, #1711 ) ;
#5114 = B_SPLINE_CURVE_WITH_KNOTS ( 'NONE', 3,
 ( #2747, #2704, #3416, #3981, #5317, #7258 ),
 .UNSPECIFIED., .F., .F.,
 ( 4, 2, 4 ),
 ( 0.0001930194709196266206, 0.0005663713981653104848, 0.0009397233254109943219 ),
 .UNSPECIFIED. ) ;
#5115 = EDGE_CURVE ( 'NONE', #2592, #1633, #948, .T. ) ;
#5116 = ORIENTED_EDGE ( 'NONE', *, *, #659, .F. ) ;
#5117 = FACE_OUTER_BOUND ( 'NONE', #3302, .T. ) ;
#5118 = DIRECTION ( 'NONE',  ( 0.000000000000000000, 0.000000000000000000, 1.000000000000000000 ) ) ;
#5119 = CIRCLE ( 'NONE', #3335, 18.28105443885429793 ) ;
#5120 = DIRECTION ( 'NONE',  ( -0.8660254037844387076, -0.000000000000000000, 0.4999999999999998335 ) ) ;
#5121 = CARTESIAN_POINT ( 'NONE',  ( -26.27899918359957709, 4.431339364532016489, -16.26425990897069340 ) ) ;
#5122 = CARTESIAN_POINT ( 'NONE',  ( 6.462191090617056766, 4.255491436416320994, -15.06371434019470357 ) ) ;
#5123 = VERTEX_POINT ( 'NONE', #871 ) ;
#5124 = B_SPLINE_CURVE_WITH_KNOTS ( 'NONE', 3,
 ( #29, #7926, #7277, #1439, #6622, #811, #5170, #4523, #264, #8039 ),
 .UNSPECIFIED., .F., .F.,
 ( 4, 2, 2, 2, 4 ),
 ( 0.000000000000000000, 0.0001363609374804227207, 0.0002727218749608454414, 0.0005454437499216855702, 0.001090887499843364635 ),
 .UNSPECIFIED. ) ;
#5125 = CARTESIAN_POINT ( 'NONE',  ( 21.29959526349134080, 4.670000000000000817, 12.87467732819638400 ) ) ;
#5126 = VERTEX_POINT ( 'NONE', #5480 ) ;
#5127 = EDGE_CURVE ( 'NONE', #8215, #338, #1538, .T. ) ;
#5128 = EDGE_CURVE ( 'NONE', #3690, #5860, #834, .T. ) ;
#5129 = LINE ( 'NONE', #4527, #6381 ) ;
#5130 = ORIENTED_EDGE ( 'NONE', *, *, #6029, .T. ) ;
#5131 = DIRECTION ( 'NONE',  ( 0.4999999999999898970, 0.000000000000000000, -0.8660254037844444808 ) ) ;
#5132 = CYLINDRICAL_SURFACE ( 'NONE', #6369, 0.5000000000000004441 ) ;
#5133 = B_SPLINE_CURVE_WITH_KNOTS ( 'NONE', 3,
 ( #6438, #1807, #5142, #1208, #5189, #5733, #4417, #3760, #1253, #628, #5811, #542 ),
 .UNSPECIFIED., .F., .F.,
 ( 4, 2, 2, 2, 2, 4 ),
 ( 2.602085213965211027E-18, 7.097533767934218819E-05, 0.0001419506753586817743, 0.0002839013507173562302, 0.0005678027014346977153, 0.001135605402869386757 ),
 .UNSPECIFIED. ) ;
#5134 = EDGE_LOOP ( 'NONE', ( #5744, #2586, #6428, #2929 ) ) ;
#5135 = VERTEX_POINT ( 'NONE', #5433 ) ;
#5136 = FACE_OUTER_BOUND ( 'NONE', #417, .T. ) ;
#5137 = EDGE_CURVE ( 'NONE', #6788, #7731, #1839, .T. ) ;
#5138 = CARTESIAN_POINT ( 'NONE',  ( 19.51677218609436437, 4.169999999999999929, 12.42271421373338747 ) ) ;
#5139 = ORIENTED_EDGE ( 'NONE', *, *, #5577, .F. ) ;
#5140 = CARTESIAN_POINT ( 'NONE',  ( 12.42271421373331997, 4.169999999999999929, -19.51677218609439990 ) ) ;
#5141 = CARTESIAN_POINT ( 'NONE',  ( -26.52108929809672233, 4.670000000000000817, -15.88930831464797144 ) ) ;
#5142 = CARTESIAN_POINT ( 'NONE',  ( 26.60101022685788763, 4.216443835041441268, -17.44436947243161029 ) ) ;
#5143 =( BOUNDED_CURVE ( )  B_SPLINE_CURVE ( 3, ( #4786, #7381, #1542, #4193 ),
 .UNSPECIFIED., .F., .F. ) 
 B_SPLINE_CURVE_WITH_KNOTS ( ( 4, 4 ),
 ( 3.141592653589793116, 4.712388980384689674 ),
 .UNSPECIFIED. ) 
 CURVE ( )  GEOMETRIC_REPRESENTATION_ITEM ( )  RATIONAL_B_SPLINE_CURVE ( ( 1.000000000000000000, 0.8047378541243649375, 0.8047378541243649375, 1.000000000000000000 ) ) 
 REPRESENTATION_ITEM ( '' )  );
#5144 = VECTOR ( 'NONE', #5184, 1000.000000000000000 ) ;
#5145 = VERTEX_POINT ( 'NONE', #2182 ) ;
#5146 = CARTESIAN_POINT ( 'NONE',  ( 14.63967357190292340, 0.000000000000000000, 23.35665843275945974 ) ) ;
#5147 = CARTESIAN_POINT ( 'NONE',  ( -12.92317536194299166, 4.662192170322242646, -21.18686058395199368 ) ) ;
#5148 = DIRECTION ( 'NONE',  ( -0.000000000000000000, -1.000000000000000000, -0.000000000000000000 ) ) ;
#5149 = DIRECTION ( 'NONE',  ( -0.000000000000000000, -1.000000000000000000, -0.000000000000000000 ) ) ;
#5150 = EDGE_LOOP ( 'NONE', ( #2496, #12, #3764, #5496, #4584 ) ) ;
#5151 = ADVANCED_FACE ( 'NONE', ( #4781 ), #4737, .F. ) ;
#5152 = AXIS2_PLACEMENT_3D ( 'NONE', #7476, #8000, #6710 ) ;
#5153 = DIRECTION ( 'NONE',  ( -0.000000000000000000, -1.000000000000000000, -0.000000000000000000 ) ) ;
#5154 = ORIENTED_EDGE ( 'NONE', *, *, #5749, .F. ) ;
#5155 = VERTEX_POINT ( 'NONE', #7376 ) ;
#5156 = ORIENTED_EDGE ( 'NONE', *, *, #2130, .T. ) ;
#5157 = LINE ( 'NONE', #3305, #4649 ) ;
#5158 = VECTOR ( 'NONE', #5078, 999.9999999999998863 ) ;
#5159 = CYLINDRICAL_SURFACE ( 'NONE', #6920, 23.13500000000000156 ) ;
#5160 = ORIENTED_EDGE ( 'NONE', *, *, #3607, .F. ) ;
#5161 = VECTOR ( 'NONE', #504, 1000.000000000000000 ) ;
#5162 = ORIENTED_EDGE ( 'NONE', *, *, #1698, .F. ) ;
#5163 = CARTESIAN_POINT ( 'NONE',  ( 26.90113142586756823, 4.615426134628755506, 17.00510456187402752 ) ) ;
#5164 = FACE_OUTER_BOUND ( 'NONE', #1448, .T. ) ;
#5165 = EDGE_CURVE ( 'NONE', #4911, #2546, #6177, .T. ) ;
#5166 = CARTESIAN_POINT ( 'NONE',  ( 20.62836367311963670, 4.628020370231902270, 11.07786495945511618 ) ) ;
#5167 = CARTESIAN_POINT ( 'NONE',  ( -20.82868827107983734, 4.670000000000000817, 11.17045074767269242 ) ) ;
#5168 = TOROIDAL_SURFACE ( 'NONE', #671, 1.499999999999999556, 0.5000000000000000000 ) ;
#5169 = ORIENTED_EDGE ( 'NONE', *, *, #1653, .F. ) ;
#5170 = CARTESIAN_POINT ( 'NONE',  ( -14.57497331074199742, 4.493982802991537184, 28.29009677546370938 ) ) ;
#5171 = DIRECTION ( 'NONE',  ( 0.000000000000000000, 0.000000000000000000, 1.000000000000000000 ) ) ;
#5172 = ORIENTED_EDGE ( 'NONE', *, *, #7131, .T. ) ;
#5173 = DIRECTION ( 'NONE',  ( 0.8660254037844338226, -0.000000000000000000, 0.5000000000000083267 ) ) ;
#5174 = B_SPLINE_CURVE_WITH_KNOTS ( 'NONE', 3,
 ( #7174, #14, #5283, #7137 ),
 .UNSPECIFIED., .F., .F.,
 ( 4, 4 ),
 ( 0.0005745354657041836996, 0.001104069500382152003 ),
 .UNSPECIFIED. ) ;
#5175 = CARTESIAN_POINT ( 'NONE',  ( -9.007166899749522671, 4.670000000000000817, 14.60087070261881870 ) ) ;
#5176 = UNCERTAINTY_MEASURE_WITH_UNIT (LENGTH_MEASURE( 1.000000000000000082E-05 ), #4586, 'distance_accuracy_value', 'NONE');
#5177 = ORIENTED_EDGE ( 'NONE', *, *, #5758, .T. ) ;
#5178 = CYLINDRICAL_SURFACE ( 'NONE', #2147, 0.9000000000000014655 ) ;
#5179 = EDGE_CURVE ( 'NONE', #1165, #4475, #3060, .T. ) ;
#5180 = ORIENTED_EDGE ( 'NONE', *, *, #8209, .F. ) ;
#5181 = EDGE_CURVE ( 'NONE', #5103, #2281, #2588, .T. ) ;
#5182 = ORIENTED_EDGE ( 'NONE', *, *, #1495, .T. ) ;
#5183 = VECTOR ( 'NONE', #3070, 1000.000000000000227 ) ;
#5184 = DIRECTION ( 'NONE',  ( 0.9478283262025962719, 0.000000000000000000, -0.3187812165858973090 ) ) ;
#5185 = AXIS2_PLACEMENT_3D ( 'NONE', #172, #5214, #1272 ) ;
#5186 = DIRECTION ( 'NONE',  ( 0.000000000000000000, 0.000000000000000000, 1.000000000000000000 ) ) ;
#5187 = ORIENTED_EDGE ( 'NONE', *, *, #549, .F. ) ;
#5188 = DIRECTION ( 'NONE',  ( 0.000000000000000000, 0.000000000000000000, -1.000000000000000000 ) ) ;
#5189 = CARTESIAN_POINT ( 'NONE',  ( 26.62239759261635541, 4.273036654419867908, -17.40685148481270517 ) ) ;
#5190 = VERTEX_POINT ( 'NONE', #5051 ) ;
#5191 = DIRECTION ( 'NONE',  ( 0.000000000000000000, 1.000000000000000000, 0.000000000000000000 ) ) ;
#5192 = EDGE_CURVE ( 'NONE', #130, #2000, #6222, .T. ) ;
#5193 = CARTESIAN_POINT ( 'NONE',  ( -25.65515099297923740, 2.669999999999999929, 17.11411476945184873 ) ) ;
#5194 = LINE ( 'NONE', #2583, #6699 ) ;
#5195 = PLANE ( 'NONE',  #535 ) ;
#5196 = ORIENTED_EDGE ( 'NONE', *, *, #2128, .T. ) ;
#5197 = CIRCLE ( 'NONE', #6653, 24.63500000000000512 ) ;
#5198 = CIRCLE ( 'NONE', #5725, 1.000000000000000888 ) ;
#5199 = DIRECTION ( 'NONE',  ( -0.000000000000000000, 1.000000000000000000, -0.000000000000000000 ) ) ;
#5200 =( BOUNDED_CURVE ( )  B_SPLINE_CURVE ( 3, ( #1381, #8021, #131, #1419 ),
 .UNSPECIFIED., .F., .F. ) 
 B_SPLINE_CURVE_WITH_KNOTS ( ( 4, 4 ),
 ( 3.141592653589793116, 4.712388980384692339 ),
 .UNSPECIFIED. ) 
 CURVE ( )  GEOMETRIC_REPRESENTATION_ITEM ( )  RATIONAL_B_SPLINE_CURVE ( ( 1.000000000000000000, 0.8047378541243643824, 0.8047378541243643824, 1.000000000000000000 ) ) 
 REPRESENTATION_ITEM ( '' )  );
#5201 = VECTOR ( 'NONE', #4888, 1000.000000000000000 ) ;
#5202 = LINE ( 'NONE', #7219, #7070 ) ;
#5203 = ORIENTED_EDGE ( 'NONE', *, *, #3039, .T. ) ;
#5204 = CIRCLE ( 'NONE', #1496, 1.500000000000001332 ) ;
#5205 = ORIENTED_EDGE ( 'NONE', *, *, #747, .F. ) ;
#5206 = LINE ( 'NONE', #5323, #4777 ) ;
#5207 = EDGE_CURVE ( 'NONE', #5613, #2872, #2034, .T. ) ;
#5208 = DIRECTION ( 'NONE',  ( -0.000000000000000000, -1.000000000000000000, -0.000000000000000000 ) ) ;
#5209 = EDGE_LOOP ( 'NONE', ( #7312, #7244, #7740, #1005 ) ) ;
#5210 = CIRCLE ( 'NONE', #2867, 23.13499999999999446 ) ;
#5211 = VECTOR ( 'NONE', #5998, 1000.000000000000114 ) ;
#5212 = VERTEX_POINT ( 'NONE', #498 ) ;
#5213 = CARTESIAN_POINT ( 'NONE',  ( -12.06749888762499268, 4.670000000000000817, -21.80152119364776198 ) ) ;
#5214 = DIRECTION ( 'NONE',  ( 0.000000000000000000, 1.000000000000000000, 0.000000000000000000 ) ) ;
#5215 = DIRECTION ( 'NONE',  ( 0.000000000000000000, 0.000000000000000000, -1.000000000000000000 ) ) ;
#5216 = CARTESIAN_POINT ( 'NONE',  ( 0.000000000000000000, 4.169999999999999929, 0.000000000000000000 ) ) ;
#5217 = CARTESIAN_POINT ( 'NONE',  ( 15.11325962399935996, 4.670000000000000817, -28.02408237786726275 ) ) ;
#5218 = EDGE_LOOP ( 'NONE', ( #8143, #2552, #5382, #4176, #6666 ) ) ;
#5219 = FACE_OUTER_BOUND ( 'NONE', #8354, .T. ) ;
#5220 = CARTESIAN_POINT ( 'NONE',  ( 9.224864364556331964, 0.000000000000000000, 5.325977924111742645 ) ) ;
#5221 = ORIENTED_EDGE ( 'NONE', *, *, #5808, .F. ) ;
#5222 = ADVANCED_FACE ( 'NONE', ( #6994 ), #5650, .T. ) ;
#5223 = VECTOR ( 'NONE', #4767, 1000.000000000000114 ) ;
#5224 = AXIS2_PLACEMENT_3D ( 'NONE', #3212, #1211, #6480 ) ;
#5225 = CARTESIAN_POINT ( 'NONE',  ( -15.11243137785124802, 4.670000000000000817, 28.02727341140145967 ) ) ;
#5226 = CYLINDRICAL_SURFACE ( 'NONE', #3139, 1.000000000000049516 ) ;
#5227 = ORIENTED_EDGE ( 'NONE', *, *, #8043, .F. ) ;
#5228 = VERTEX_POINT ( 'NONE', #1759 ) ;
#5229 = VECTOR ( 'NONE', #2123, 1000.000000000000114 ) ;
#5231 = DIRECTION ( 'NONE',  ( -0.8660254037844472563, 0.000000000000000000, 0.4999999999999851785 ) ) ;
#5230 = AXIS2_PLACEMENT_3D ( 'NONE', #5386, #2811, #5968 ) ;
#5232 = CARTESIAN_POINT ( 'NONE',  ( -14.57762276433404480, 4.169999999999999929, -27.24918328139946411 ) ) ;
#5233 = EDGE_CURVE ( 'NONE', #3968, #874, #6769, .T. ) ;
#5234 = EDGE_CURVE ( 'NONE', #6414, #7260, #4322, .T. ) ;
#5235 = ORIENTED_EDGE ( 'NONE', *, *, #2277, .T. ) ;
#5236 = AXIS2_PLACEMENT_3D ( 'NONE', #3437, #225, #6584 ) ;
#5237 = CARTESIAN_POINT ( 'NONE',  ( -10.70895168659624375, 4.298923624762288398, 20.52210424823716650 ) ) ;
#5238 = VERTEX_POINT ( 'NONE', #5141 ) ;
#5239 = DIRECTION ( 'NONE',  ( 0.5000000000000166533, 0.000000000000000000, -0.8660254037844290487 ) ) ;
#5240 = DIRECTION ( 'NONE',  ( 0.000000000000000000, 1.000000000000000000, 0.000000000000000000 ) ) ;
#5241 = DIRECTION ( 'NONE',  ( 0.000000000000000000, 0.000000000000000000, 1.000000000000000000 ) ) ;
#5242 = ORIENTED_EDGE ( 'NONE', *, *, #3890, .F. ) ;
#5243 = AXIS2_PLACEMENT_3D ( 'NONE', #2785, #6808, #5977 ) ;
#5244 = EDGE_CURVE ( 'NONE', #6535, #8271, #6313, .T. ) ;
#5245 = ADVANCED_FACE ( 'NONE', ( #2451 ), #2407, .T. ) ;
#5246 = DIRECTION ( 'NONE',  ( -0.000000000000000000, -1.000000000000000000, -0.000000000000000000 ) ) ;
#5247 = EDGE_LOOP ( 'NONE', ( #2050, #5479, #1175, #3720, #5525, #505 ) ) ;
#5248 = ORIENTED_EDGE ( 'NONE', *, *, #3484, .F. ) ;
#5249 = CARTESIAN_POINT ( 'NONE',  ( 13.40292280468944952, 4.623063768471133983, -9.472319863727994615 ) ) ;
#5250 = CARTESIAN_POINT ( 'NONE',  ( 16.30967357190291622, 4.169999999999999929, 26.24918328139949608 ) ) ;
#5251 = ORIENTED_EDGE ( 'NONE', *, *, #6504, .F. ) ;
#5252 = EDGE_CURVE ( 'NONE', #6997, #3099, #2297, .T. ) ;
#5253 = ORIENTED_EDGE ( 'NONE', *, *, #4124, .T. ) ;
#5254 = CARTESIAN_POINT ( 'NONE',  ( 9.649717904323704687, 4.516296496869230737, -13.26652844816463528 ) ) ;
#5255 = DIRECTION ( 'NONE',  ( -0.5000000000000333067, 0.000000000000000000, -0.8660254037844193897 ) ) ;
#5256 = LINE ( 'NONE', #3955, #4893 ) ;
#5257 = CARTESIAN_POINT ( 'NONE',  ( -20.66278350054805202, 4.652225243042958702, 11.19974067596925060 ) ) ;
#5258 = ORIENTED_EDGE ( 'NONE', *, *, #3286, .F. ) ;
#5259 = PLANE ( 'NONE',  #4853 ) ;
#5260 = CARTESIAN_POINT ( 'NONE',  ( 14.82145908815899027, -3.279839202225030289E-17, -9.472727620972747786 ) ) ;
#5261 = ORIENTED_EDGE ( 'NONE', *, *, #2527, .F. ) ;
#5262 = CIRCLE ( 'NONE', #2231, 21.18552803699882148 ) ;
#5263 = DIRECTION ( 'NONE',  ( 0.000000000000000000, 1.000000000000000000, 0.000000000000000000 ) ) ;
#5264 = DIRECTION ( 'NONE',  ( 2.312964634635698090E-15, 0.000000000000000000, 1.000000000000000000 ) ) ;
#5265 = ORIENTED_EDGE ( 'NONE', *, *, #5792, .F. ) ;
#5266 = ORIENTED_EDGE ( 'NONE', *, *, #5872, .T. ) ;
#5267 = EDGE_CURVE ( 'NONE', #1715, #5069, #1031, .T. ) ;
#5268 = CARTESIAN_POINT ( 'NONE',  ( -17.11411476945176346, 0.000000000000000000, -25.65515099297929780 ) ) ;
#5269 = DIRECTION ( 'NONE',  ( -0.000000000000000000, -1.000000000000000000, -0.000000000000000000 ) ) ;
#5270 = ORIENTED_EDGE ( 'NONE', *, *, #3457, .F. ) ;
#5271 = CARTESIAN_POINT ( 'NONE',  ( 17.18498150715686279, 4.500873463579732281, 26.77516488070074629 ) ) ;
#5272 = CARTESIAN_POINT ( 'NONE',  ( -11.26032044705406676, 4.670000000000000817, 20.50344712380401191 ) ) ;
#5273 = CARTESIAN_POINT ( 'NONE',  ( 14.57762276433416027, 4.169999999999999929, 27.24918328139940016 ) ) ;
#5274 = ORIENTED_EDGE ( 'NONE', *, *, #2469, .T. ) ;
#5275 = LINE ( 'NONE', #5146, #7501 ) ;
#5276 = CARTESIAN_POINT ( 'NONE',  ( -9.044556563297589946, 4.169999999999999929, 14.41561829447596033 ) ) ;
#5277 = CARTESIAN_POINT ( 'NONE',  ( -13.48511782075991228, 4.670000000000000817, -9.348519877282132740 ) ) ;
#5278 = ADVANCED_FACE ( 'NONE', ( #8332 ), #5005, .T. ) ;
#5279 = ORIENTED_EDGE ( 'NONE', *, *, #792, .F. ) ;
#5280 = DIRECTION ( 'NONE',  ( 0.000000000000000000, 0.000000000000000000, 1.000000000000000000 ) ) ;
#5281 = VERTEX_POINT ( 'NONE', #4958 ) ;
#5282 = ORIENTED_EDGE ( 'NONE', *, *, #6929, .F. ) ;
#5283 = CARTESIAN_POINT ( 'NONE',  ( 16.83859417366917910, 4.670000000000001705, 26.99973703456138452 ) ) ;
#5284 =( NAMED_UNIT ( * ) PLANE_ANGLE_UNIT ( ) SI_UNIT ( $, .RADIAN. ) );
#5285 = ADVANCED_FACE ( 'NONE', ( #8202 ), #6505, .T. ) ;
#5286 = DIRECTION ( 'NONE',  ( 0.000000000000000000, 1.000000000000000000, 0.000000000000000000 ) ) ;
#5287 = ADVANCED_FACE ( 'NONE', ( #7553 ), #8007, .T. ) ;
#5288 = VECTOR ( 'NONE', #6050, 1000.000000000000227 ) ;
#5289 = ORIENTED_EDGE ( 'NONE', *, *, #277, .T. ) ;
#5290 = ORIENTED_EDGE ( 'NONE', *, *, #7227, .T. ) ;
#5291 = DIRECTION ( 'NONE',  ( 0.000000000000000000, 0.000000000000000000, 1.000000000000000000 ) ) ;
#5292 = AXIS2_PLACEMENT_3D ( 'NONE', #2727, #5959, #5337 ) ;
#5293 = CARTESIAN_POINT ( 'NONE',  ( -14.77365619027803589, 4.670000000000000817, 7.168238553744167518 ) ) ;
#5294 = CYLINDRICAL_SURFACE ( 'NONE', #858, 1.000000000000000888 ) ;
#5295 = EDGE_CURVE ( 'NONE', #1763, #6046, #6954, .T. ) ;
#5296 = ORIENTED_EDGE ( 'NONE', *, *, #128, .T. ) ;
#5297 = CARTESIAN_POINT ( 'NONE',  ( 11.65702501040142103, 4.670000000000000817, 21.70246513433153979 ) ) ;
#5298 = VECTOR ( 'NONE', #3651, 1000.000000000000000 ) ;
#5299 = DIRECTION ( 'NONE',  ( 0.000000000000000000, 1.000000000000000000, 0.000000000000000000 ) ) ;
#5300 = CARTESIAN_POINT ( 'NONE',  ( -12.40284484197837855, 4.410773209854787602, -19.59770838271559512 ) ) ;
#5301 = VECTOR ( 'NONE', #8294, 1000.000000000000000 ) ;
#5302 = APPLICATION_CONTEXT ( 'automotive_design' ) ;
#5303 = VERTEX_POINT ( 'NONE', #5447 ) ;
#5304 = ADVANCED_FACE ( 'NONE', ( #4623 ), #1335, .T. ) ;
#5305 = B_SPLINE_CURVE_WITH_KNOTS ( 'NONE', 3,
 ( #7231, #7799, #2036, #4676, #5254, #3997, #6615, #1957 ),
 .UNSPECIFIED., .F., .F.,
 ( 4, 2, 2, 4 ),
 ( 0.000000000000000000, 0.0002515347429375552608, 0.0005030694858751105216, 0.001006138971750221043 ),
 .UNSPECIFIED. ) ;
#5306 = ORIENTED_EDGE ( 'NONE', *, *, #2676, .F. ) ;
#5307 = CARTESIAN_POINT ( 'NONE',  ( 15.51453906012023332, 4.169999999999999929, -7.802622764334209648 ) ) ;
#5308 = CARTESIAN_POINT ( 'NONE',  ( 17.11411476945194821, 4.169999999999999929, 27.15515099297918056 ) ) ;
#5309 = ORIENTED_EDGE ( 'NONE', *, *, #5053, .F. ) ;
#5310 = CARTESIAN_POINT ( 'NONE',  ( 27.02108929809663707, 4.670000000000000817, -15.02328291086357481 ) ) ;
#5311 = CARTESIAN_POINT ( 'NONE',  ( 0.000000000000000000, 2.669999999999999929, 0.000000000000000000 ) ) ;
#5312 = ORIENTED_EDGE ( 'NONE', *, *, #2731, .T. ) ;
#5313 = CARTESIAN_POINT ( 'NONE',  ( 11.82891209833633894, 4.649847419183168462, -21.76932090785749807 ) ) ;
#5314 = CIRCLE ( 'NONE', #7457, 12.87150456288244449 ) ;
#5315 = PLANE ( 'NONE',  #18 ) ;
#5316 = CARTESIAN_POINT ( 'NONE',  ( 309.4133863775437021, 0.000000000000000000, -178.6399019159095189 ) ) ;
#5317 = CARTESIAN_POINT ( 'NONE',  ( 22.25031422186815533, 4.296427799499196176, -11.69152436717009635 ) ) ;
#5318 = ORIENTED_EDGE ( 'NONE', *, *, #8347, .F. ) ;
#5319 = VECTOR ( 'NONE', #8414, 1000.000000000000114 ) ;
#5320 = PLANE ( 'NONE',  #1921 ) ;
#5321 = ADVANCED_FACE ( 'NONE', ( #7036 ), #3171, .F. ) ;
#5322 = VERTEX_POINT ( 'NONE', #1256 ) ;
#5323 = CARTESIAN_POINT ( 'NONE',  ( 23.35665843275940290, 0.000000000000000000, -14.63967357190299801 ) ) ;
#5324 = CARTESIAN_POINT ( 'NONE',  ( 12.29462508638332707, 4.652225243045747582, -20.03065169147676983 ) ) ;
#5325 = CIRCLE ( 'NONE', #4086, 0.9000000000000084599 ) ;
#5326 = CARTESIAN_POINT ( 'NONE',  ( 10.69066340616454092, 4.169999999999999929, -20.51677218609433595 ) ) ;
#5327 = EDGE_LOOP ( 'NONE', ( #7565, #8050, #6009, #8164, #6336, #7148, #1990, #5652, #6277, #3631 ) ) ;
#5328 = B_SPLINE_CURVE_WITH_KNOTS ( 'NONE', 3,
 ( #3215, #1131, #7692, #7000 ),
 .UNSPECIFIED., .F., .F.,
 ( 4, 4 ),
 ( 0.0002294575577223911063, 0.0004120090770035009795 ),
 .UNSPECIFIED. ) ;
#5329 = EDGE_LOOP ( 'NONE', ( #4414, #6608, #7831, #6913, #5697, #1264, #7868, #6017 ) ) ;
#5330 = CARTESIAN_POINT ( 'NONE',  ( 14.51453906012028305, 0.5000000000000004441, -9.534673571903006462 ) ) ;
#5331 = CIRCLE ( 'NONE', #4758, 23.13499999999999801 ) ;
#5332 = VECTOR ( 'NONE', #3707, 1000.000000000000000 ) ;
#5333 = EDGE_CURVE ( 'NONE', #3032, #1165, #8242, .T. ) ;
#5334 = CARTESIAN_POINT ( 'NONE',  ( -26.45082627711348877, 4.669999999999978613, 15.99902080798754156 ) ) ;
#5335 = DIRECTION ( 'NONE',  ( 0.000000000000000000, 0.000000000000000000, 1.000000000000000000 ) ) ;
#5336 = EDGE_LOOP ( 'NONE', ( #5915, #2413, #619, #1755 ) ) ;
#5337 = DIRECTION ( 'NONE',  ( 0.000000000000000000, 0.000000000000000000, 1.000000000000000000 ) ) ;
#5338 = DIRECTION ( 'NONE',  ( 0.000000000000000000, 0.000000000000000000, 1.000000000000000000 ) ) ;
#5339 = AXIS2_PLACEMENT_3D ( 'NONE', #1030, #5478, #1664 ) ;
#5340 = CARTESIAN_POINT ( 'NONE',  ( 11.48617637608389863, 4.670000000000000817, 2.318265519249539164 ) ) ;
#5341 = ADVANCED_FACE ( 'NONE', ( #3856 ), #2160, .T. ) ;
#5342 = CARTESIAN_POINT ( 'NONE',  ( -12.32575449969755432, 4.628020370232774461, -19.90789431114376029 ) ) ;
#5343 = VECTOR ( 'NONE', #2070, 999.9999999999998863 ) ;
#5344 = LINE ( 'NONE', #3362, #4900 ) ;
#5345 = CARTESIAN_POINT ( 'NONE',  ( 12.93832888018171090, 4.649847419192786546, 21.12879883022763039 ) ) ;
#5346 = ORIENTED_EDGE ( 'NONE', *, *, #7826, .T. ) ;
#5347 = DIRECTION ( 'NONE',  ( 0.000000000000000000, 1.000000000000000000, 0.000000000000000000 ) ) ;
#5348 = VECTOR ( 'NONE', #4144, 1000.000000000000000 ) ;
#5349 = DIRECTION ( 'NONE',  ( -0.000000000000000000, 1.000000000000000000, -0.000000000000000000 ) ) ;
#5350 = EDGE_CURVE ( 'NONE', #1086, #4101, #1284, .T. ) ;
#5351 = ORIENTED_EDGE ( 'NONE', *, *, #3703, .T. ) ;
#5352 = DIRECTION ( 'NONE',  ( 0.8660254037844472563, 0.000000000000000000, -0.4999999999999851785 ) ) ;
#5353 = ORIENTED_EDGE ( 'NONE', *, *, #3342, .F. ) ;
#5354 = CARTESIAN_POINT ( 'NONE',  ( 28.36297245686800750, 4.359064110452266050, 14.41226847059407845 ) ) ;
#5355 = CARTESIAN_POINT ( 'NONE',  ( -12.18381472609508442, 4.670000000000000817, -20.00721281407876262 ) ) ;
#5356 = DIRECTION ( 'NONE',  ( 0.000000000000000000, 0.000000000000000000, 1.000000000000000000 ) ) ;
#5357 = CARTESIAN_POINT ( 'NONE',  ( -26.24918328139955292, 4.169999999999999929, 16.30967357190281319 ) ) ;
#5358 = EDGE_LOOP ( 'NONE', ( #1560, #5012, #4283, #2946, #785 ) ) ;
#5359 = EDGE_CURVE ( 'NONE', #2523, #3731, #7520, .T. ) ;
#5360 = CARTESIAN_POINT ( 'NONE',  ( 27.64883365011744587, 4.670000000000000817, 15.16095511311953459 ) ) ;
#5361 = DIRECTION ( 'NONE',  ( -0.4999999999999967248, 0.000000000000000000, 0.8660254037844405950 ) ) ;
#5362 = DIRECTION ( 'NONE',  ( 0.4999999999999682476, 0.000000000000000000, 0.8660254037844569153 ) ) ;
#5363 = VERTEX_POINT ( 'NONE', #6551 ) ;
#5364 = DIRECTION ( 'NONE',  ( 0.000000000000000000, 0.000000000000000000, -1.000000000000000000 ) ) ;
#5365 = CARTESIAN_POINT ( 'NONE',  ( -21.76932090785388851, 4.649847419183963382, 11.82891209833730173 ) ) ;
#5366 = AXIS2_PLACEMENT_3D ( 'NONE', #5939, #5904, #1376 ) ;
#5367 = ORIENTED_EDGE ( 'NONE', *, *, #4328, .T. ) ;
#5368 = EDGE_CURVE ( 'NONE', #6617, #5504, #3940, .T. ) ;
#5369 = EDGE_LOOP ( 'NONE', ( #382, #3351, #7632, #1392, #7491 ) ) ;
#5370 = CARTESIAN_POINT ( 'NONE',  ( 17.11411476945192689, 0.000000000000000000, -25.65515099297916990 ) ) ;
#5371 = ORIENTED_EDGE ( 'NONE', *, *, #511, .F. ) ;
#5372 = CARTESIAN_POINT ( 'NONE',  ( 0.000000000000000000, 0.000000000000000000, 0.000000000000000000 ) ) ;
#5373 = CARTESIAN_POINT ( 'NONE',  ( 9.814463748651968800, 4.169999999999999929, 13.12827881868123470 ) ) ;
#5374 = FACE_OUTER_BOUND ( 'NONE', #1616, .T. ) ;
#5375 = ORIENTED_EDGE ( 'NONE', *, *, #3359, .F. ) ;
#5376 = EDGE_CURVE ( 'NONE', #8255, #1029, #4068, .T. ) ;
#5377 = CARTESIAN_POINT ( 'NONE',  ( 14.60087070261883113, 4.670000000000000817, 9.007166899749492472 ) ) ;
#5378 = CARTESIAN_POINT ( 'NONE',  ( 14.51453906012028128, 4.670000000000000817, 9.534673571902997580 ) ) ;
#5379 = CARTESIAN_POINT ( 'NONE',  ( 26.49918328139942503, 4.670000000000000817, 15.87666087001075788 ) ) ;
#5380 = VERTEX_POINT ( 'NONE', #5684 ) ;
#5381 = DIRECTION ( 'NONE',  ( 0.000000000000000000, 0.000000000000000000, -1.000000000000000000 ) ) ;
#5382 = ORIENTED_EDGE ( 'NONE', *, *, #2742, .T. ) ;
#5383 = ADVANCED_FACE ( 'NONE', ( #8285 ), #6346, .T. ) ;
#5384 = EDGE_CURVE ( 'NONE', #7475, #2792, #3125, .T. ) ;
#5385 = CIRCLE ( 'NONE', #3462, 25.13500000000000512 ) ;
#5386 = CARTESIAN_POINT ( 'NONE',  ( 0.000000000000000000, 4.169999999999999929, 0.000000000000000000 ) ) ;
#5387 = EDGE_LOOP ( 'NONE', ( #7655, #7098, #1860, #4963 ) ) ;
#5388 = DIRECTION ( 'NONE',  ( 0.000000000000000000, 0.000000000000000000, 1.000000000000000000 ) ) ;
#5389 = EDGE_LOOP ( 'NONE', ( #2521, #215, #4293, #8080 ) ) ;
#5390 = CARTESIAN_POINT ( 'NONE',  ( 9.324346740046516757, 4.169999999999999929, -13.02935805303692440 ) ) ;
#5391 = CARTESIAN_POINT ( 'NONE',  ( 14.84354993743792051, 4.670000000000000817, -7.019151417903257695 ) ) ;
#5392 = DIRECTION ( 'NONE',  ( 0.000000000000000000, 0.000000000000000000, 1.000000000000000000 ) ) ;
#5393 = EDGE_CURVE ( 'NONE', #28, #3280, #4910, .T. ) ;
#5394 = CYLINDRICAL_SURFACE ( 'NONE', #3260, 0.5000000000000000000 ) ;
#5395 = CARTESIAN_POINT ( 'NONE',  ( 21.00827498019321027, 4.670000000001253149, -12.96328223596726659 ) ) ;
#5396 = ORIENTED_EDGE ( 'NONE', *, *, #2585, .T. ) ;
#5397 = CARTESIAN_POINT ( 'NONE',  ( -11.07786495945778249, 4.628020370232896141, -20.62836367312039698 ) ) ;
#5398 = CARTESIAN_POINT ( 'NONE',  ( -17.11411476943970200, 4.554312603826698336, 26.83530130556338733 ) ) ;
#5399 = CARTESIAN_POINT ( 'NONE',  ( 16.71293744498066758, 4.670000000000000817, -27.10050795730672135 ) ) ;
#5400 = ORIENTED_EDGE ( 'NONE', *, *, #275, .F. ) ;
#5401 = LINE ( 'NONE', #4028, #7919 ) ;
#5402 = LINE ( 'NONE', #4119, #8284 ) ;
#5403 = EDGE_CURVE ( 'NONE', #6535, #8416, #3456, .T. ) ;
#5404 = B_SPLINE_CURVE_WITH_KNOTS ( 'NONE', 3,
 ( #6860, #2319, #3464, #4867 ),
 .UNSPECIFIED., .F., .F.,
 ( 4, 4 ),
 ( 0.000000000000000000, 0.0001710686492131703877 ),
 .UNSPECIFIED. ) ;
#5405 = ORIENTED_EDGE ( 'NONE', *, *, #5376, .T. ) ;
#5406 = ORIENTED_EDGE ( 'NONE', *, *, #2291, .F. ) ;
#5407 = FACE_OUTER_BOUND ( 'NONE', #442, .T. ) ;
#5408 = DIRECTION ( 'NONE',  ( 0.000000000000000000, 0.000000000000000000, -1.000000000000000000 ) ) ;
#5409 = TOROIDAL_SURFACE ( 'NONE', #3092, 23.63500000000000156, 0.5000000000000000000 ) ;
#5410 = FACE_OUTER_BOUND ( 'NONE', #7446, .T. ) ;
#5411 = LINE ( 'NONE', #5777, #1956 ) ;
#5412 = ORIENTED_EDGE ( 'NONE', *, *, #7180, .T. ) ;
#5413 = CARTESIAN_POINT ( 'NONE',  ( -9.316173154054572692, 4.669999999999999929, -14.55029879730522957 ) ) ;
#5414 = AXIS2_PLACEMENT_3D ( 'NONE', #849, #3516, #3476 ) ;
#5415 = DIRECTION ( 'NONE',  ( -0.000000000000000000, 1.000000000000000000, -0.000000000000000000 ) ) ;
#5416 = DIRECTION ( 'NONE',  ( 0.000000000000000000, 1.000000000000000000, 0.000000000000000000 ) ) ;
#5417 = ADVANCED_FACE ( 'NONE', ( #2359 ), #6217, .F. ) ;
#5418 = CARTESIAN_POINT ( 'NONE',  ( 0.000000000000000000, 0.000000000000000000, 0.000000000000000000 ) ) ;
#5419 = AXIS2_PLACEMENT_3D ( 'NONE', #1226, #1731, #7703 ) ;
#5420 = EDGE_LOOP ( 'NONE', ( #2633, #716, #691, #3051, #4422, #398, #7051, #4793, #654, #7407 ) ) ;
#5421 = CARTESIAN_POINT ( 'NONE',  ( 17.45353882510827148, 4.216376580718939060, -26.59578445530221558 ) ) ;
#5422 = TOROIDAL_SURFACE ( 'NONE', #3503, 1.500000000000069500, 0.5000000000000000000 ) ;
#5423 = ORIENTED_EDGE ( 'NONE', *, *, #2778, .F. ) ;
#5424 = B_SPLINE_CURVE_WITH_KNOTS ( 'NONE', 3,
 ( #5550, #4907, #4274, #1027, #3616, #404 ),
 .UNSPECIFIED., .F., .F.,
 ( 4, 2, 4 ),
 ( 0.000000000000000000, 0.0003908072650539737378, 0.0007816145301079474757 ),
 .UNSPECIFIED. ) ;
#5425 = ADVANCED_FACE ( 'NONE', ( #4275 ), #4364, .T. ) ;
#5426 = ORIENTED_EDGE ( 'NONE', *, *, #7512, .F. ) ;
#5427 = CARTESIAN_POINT ( 'NONE',  ( 28.40237101414474452, 4.258248879948075327, 14.32879372798201700 ) ) ;
#5428 = CARTESIAN_POINT ( 'NONE',  ( 14.98928630945544960, 4.515680727662539695, -6.659749345099577056 ) ) ;
#5429 = DIRECTION ( 'NONE',  ( 0.4999999999999992228, 0.000000000000000000, -0.8660254037844391517 ) ) ;
#5430 = CARTESIAN_POINT ( 'NONE',  ( 12.42271421373348339, 4.169999999999999929, 19.51677218609430398 ) ) ;
#5431 = LINE ( 'NONE', #4779, #6659 ) ;
#5432 = ORIENTED_EDGE ( 'NONE', *, *, #289, .T. ) ;
#5433 = CARTESIAN_POINT ( 'NONE',  ( -15.51453906012026884, 4.169999999999999929, 7.802622764334148364 ) ) ;
#5434 = VECTOR ( 'NONE', #1183, 1000.000000000000000 ) ;
#5435 = DIRECTION ( 'NONE',  ( -0.000000000000000000, -1.000000000000000000, -0.000000000000000000 ) ) ;
#5436 = ADVANCED_FACE ( 'NONE', ( #6991 ), #4211, .T. ) ;
#5437 = AXIS2_PLACEMENT_3D ( 'NONE', #787, #6566, #6521 ) ;
#5438 = CARTESIAN_POINT ( 'NONE',  ( 17.11411476945194821, 4.542371243354500265, 26.82147501673482637 ) ) ;
#5439 = ORIENTED_EDGE ( 'NONE', *, *, #3184, .T. ) ;
#5440 = CARTESIAN_POINT ( 'NONE',  ( 0.000000000000000000, 0.000000000000000000, 0.000000000000000000 ) ) ;
#5441 = CARTESIAN_POINT ( 'NONE',  ( 26.24918328139943213, 4.670000000000000817, -16.30967357190300149 ) ) ;
#5442 = VERTEX_POINT ( 'NONE', #1028 ) ;
#5443 = AXIS2_PLACEMENT_3D ( 'NONE', #8408, #651, #2647 ) ;
#5444 = AXIS2_PLACEMENT_3D ( 'NONE', #7030, #3244, #5853 ) ;
#5445 = DIRECTION ( 'NONE',  ( -0.000000000000000000, -1.000000000000000000, -0.000000000000000000 ) ) ;
#5446 = EDGE_CURVE ( 'NONE', #6980, #3606, #7201, .T. ) ;
#5447 = CARTESIAN_POINT ( 'NONE',  ( 17.45353882511009758, 4.169999999999999929, 26.59578445530152990 ) ) ;
#5448 = TOROIDAL_SURFACE ( 'NONE', #3266, 24.63500000000000512, 0.5000000000000000000 ) ;
#5449 = LINE ( 'NONE', #2195, #6668 ) ;
#5450 = DIRECTION ( 'NONE',  ( 0.000000000000000000, 1.000000000000000000, 0.000000000000000000 ) ) ;
#5451 = CARTESIAN_POINT ( 'NONE',  ( 0.000000000000000000, 4.670000000000000817, 0.000000000000000000 ) ) ;
#5452 = ORIENTED_EDGE ( 'NONE', *, *, #5244, .F. ) ;
#5453 = DIRECTION ( 'NONE',  ( -0.000000000000000000, -1.000000000000000000, -0.000000000000000000 ) ) ;
#5454 = DIRECTION ( 'NONE',  ( 0.000000000000000000, 1.000000000000000000, 0.000000000000000000 ) ) ;
#5455 = AXIS2_PLACEMENT_3D ( 'NONE', #6148, #881, #4128 ) ;
#5456 = CIRCLE ( 'NONE', #6395, 0.9000000000016876722 ) ;
#5457 = CYLINDRICAL_SURFACE ( 'NONE', #1899, 0.9000000000027943425 ) ;
#5458 = EDGE_CURVE ( 'NONE', #857, #4241, #5552, .T. ) ;
#5459 = CARTESIAN_POINT ( 'NONE',  ( 15.51453906012022976, 4.462893218813452911, -7.802622764334209648 ) ) ;
#5461 = CARTESIAN_POINT ( 'NONE',  ( -3.075684002619826440, 4.670000000000000817, -1.775746986854781939 ) ) ;
#5460 = AXIS2_PLACEMENT_3D ( 'NONE', #3990, #7747, #5911 ) ;
#5462 = ORIENTED_EDGE ( 'NONE', *, *, #538, .T. ) ;
#5463 = DIRECTION ( 'NONE',  ( 0.000000000000000000, 0.000000000000000000, 1.000000000000000000 ) ) ;
#5464 = EDGE_CURVE ( 'NONE', #2546, #3994, #3805, .T. ) ;
#5465 = AXIS2_PLACEMENT_3D ( 'NONE', #1618, #8116, #7554 ) ;
#5466 = VECTOR ( 'NONE', #7461, 999.9999999999998863 ) ;
#5467 = CARTESIAN_POINT ( 'NONE',  ( 17.43407606937166321, 4.257942166474991019, -26.60976239596753601 ) ) ;
#5468 = ORIENTED_EDGE ( 'NONE', *, *, #3343, .T. ) ;
#5469 = DIRECTION ( 'NONE',  ( -0.000000000000000000, -1.000000000000000000, -0.000000000000000000 ) ) ;
#5470 = LINE ( 'NONE', #4852, #4525 ) ;
#5471 = ORIENTED_EDGE ( 'NONE', *, *, #1784, .F. ) ;
#5472 = FACE_OUTER_BOUND ( 'NONE', #7425, .T. ) ;
#5473 = DIRECTION ( 'NONE',  ( 0.000000000000000000, 0.000000000000000000, -1.000000000000000000 ) ) ;
#5474 = CARTESIAN_POINT ( 'NONE',  ( -7.942841814093024588, 4.669999999999999929, -15.34319201611856087 ) ) ;
#5475 = LINE ( 'NONE', #986, #2240 ) ;
#5476 = AXIS2_PLACEMENT_3D ( 'NONE', #5509, #936, #982 ) ;
#5477 = EDGE_CURVE ( 'NONE', #3291, #7172, #6895, .T. ) ;
#5478 = DIRECTION ( 'NONE',  ( -0.000000000000000000, -1.000000000000000000, -0.000000000000000000 ) ) ;
#5479 = ORIENTED_EDGE ( 'NONE', *, *, #7975, .F. ) ;
#5480 = CARTESIAN_POINT ( 'NONE',  ( -14.57762276433404480, 4.169999999999999929, -27.24918328139946411 ) ) ;
#5481 = CARTESIAN_POINT ( 'NONE',  ( -14.60087070261891107, 4.670000000000000817, 9.007166899749398326 ) ) ;
#5482 = DIRECTION ( 'NONE',  ( -0.9802340172108734428, 0.000000000000000000, 0.1978415312886378230 ) ) ;
#5483 = EDGE_LOOP ( 'NONE', ( #4555, #3846, #2750, #1851 ) ) ;
#5484 = CYLINDRICAL_SURFACE ( 'NONE', #5743, 1.000000000000028644 ) ;
#5485 = CARTESIAN_POINT ( 'NONE',  ( -21.76932090785432550, 4.649847419183828379, -11.82891209833740120 ) ) ;
#5486 = ORIENTED_EDGE ( 'NONE', *, *, #5022, .F. ) ;
#5487 = EDGE_CURVE ( 'NONE', #2777, #175, #3517, .T. ) ;
#5488 = EDGE_CURVE ( 'NONE', #6875, #6150, #1224, .T. ) ;
#5489 = AXIS2_PLACEMENT_3D ( 'NONE', #3077, #4950, #402 ) ;
#5490 = CARTESIAN_POINT ( 'NONE',  ( -20.66278350054735924, 4.652225243043044856, -11.19974067597114242 ) ) ;
#5491 = CARTESIAN_POINT ( 'NONE',  ( -12.35573290100755095, 4.579182007012288835, -19.78804760606475099 ) ) ;
#5492 = ORIENTED_EDGE ( 'NONE', *, *, #3169, .F. ) ;
#5493 = FACE_OUTER_BOUND ( 'NONE', #5568, .T. ) ;
#5494 = DIRECTION ( 'NONE',  ( 0.4999999999999930611, 0.000000000000000000, -0.8660254037844427044 ) ) ;
#5495 = LINE ( 'NONE', #2379, #3992 ) ;
#5496 = ORIENTED_EDGE ( 'NONE', *, *, #4160, .T. ) ;
#5497 = CARTESIAN_POINT ( 'NONE',  ( 309.4133863775437021, 4.670000000000000817, -178.6399019159095189 ) ) ;
#5498 = EDGE_CURVE ( 'NONE', #1165, #1922, #4172, .T. ) ;
#5499 = FACE_OUTER_BOUND ( 'NONE', #1200, .T. ) ;
#5500 = DIRECTION ( 'NONE',  ( 0.000000000000000000, 1.000000000000000000, 0.000000000000000000 ) ) ;
#5501 = CARTESIAN_POINT ( 'NONE',  ( 20.56376182236457595, 4.431290602403763934, -10.71779288531427987 ) ) ;
#5502 = LINE ( 'NONE', #3604, #1806 ) ;
#5503 = VERTEX_POINT ( 'NONE', #3165 ) ;
#5504 = VERTEX_POINT ( 'NONE', #5807 ) ;
#5505 = VECTOR ( 'NONE', #7587, 1000.000000000000000 ) ;
#5506 = DIRECTION ( 'NONE',  ( -1.000000000000000000, 0.000000000000000000, -6.921832167980895041E-15 ) ) ;
#5507 = ORIENTED_EDGE ( 'NONE', *, *, #7344, .F. ) ;
#5508 = EDGE_LOOP ( 'NONE', ( #7, #7694, #589, #2812, #810, #7950 ) ) ;
#5509 = CARTESIAN_POINT ( 'NONE',  ( 27.64883365011744587, 4.670000000000000817, 13.66095511311953281 ) ) ;
#5510 = CARTESIAN_POINT ( 'NONE',  ( -12.29462508638728480, 4.652225243043961456, -20.03065169146199054 ) ) ;
#5511 = CARTESIAN_POINT ( 'NONE',  ( 26.37955034849471048, 4.615696297820639948, 16.10947718289879660 ) ) ;
#5512 = CIRCLE ( 'NONE', #1835, 23.13499999999999801 ) ;
#5513 = CARTESIAN_POINT ( 'NONE',  ( -20.90152119364758221, -7.859999999999998543, -12.96749888762527902 ) ) ;
#5514 = CARTESIAN_POINT ( 'NONE',  ( 11.79575527663630474, 4.624213390368706378, 21.88695908182097938 ) ) ;
#5515 = VERTEX_POINT ( 'NONE', #3206 ) ;
#5516 = DIRECTION ( 'NONE',  ( 0.000000000000000000, 0.000000000000000000, -1.000000000000000000 ) ) ;
#5517 = FACE_OUTER_BOUND ( 'NONE', #6278, .T. ) ;
#5518 = CARTESIAN_POINT ( 'NONE',  ( -17.45353882510847399, 0.000000000000000000, 26.59578445530220847 ) ) ;
#5519 = EDGE_CURVE ( 'NONE', #432, #4424, #6393, .T. ) ;
#5520 = ORIENTED_EDGE ( 'NONE', *, *, #1067, .F. ) ;
#5521 = DIRECTION ( 'NONE',  ( -0.000000000000000000, -1.000000000000000000, 0.000000000000000000 ) ) ;
#5522 = CARTESIAN_POINT ( 'NONE',  ( -6.462191090617162459, 0.000000000000000000, 15.06371434019465383 ) ) ;
#5523 = EDGE_LOOP ( 'NONE', ( #7698, #6559, #7580, #718, #5677, #5160 ) ) ;
#5524 = FACE_OUTER_BOUND ( 'NONE', #1090, .T. ) ;
#5525 = ORIENTED_EDGE ( 'NONE', *, *, #7870, .F. ) ;
#5526 = ADVANCED_FACE ( 'NONE', ( #7159 ), #583, .F. ) ;
#5527 = CARTESIAN_POINT ( 'NONE',  ( 9.814463748651954589, 4.670000000000000817, -13.12827881868122937 ) ) ;
#5528 = CARTESIAN_POINT ( 'NONE',  ( 6.462191090617056766, 0.000000000000000000, -15.06371434019470179 ) ) ;
#5529 = CARTESIAN_POINT ( 'NONE',  ( -25.65515099297898871, 0.000000000000000000, -17.11411476945219334 ) ) ;
#5530 = ORIENTED_EDGE ( 'NONE', *, *, #8406, .F. ) ;
#5531 = CARTESIAN_POINT ( 'NONE',  ( -9.007166899749345035, 4.670000000000000817, -14.60087070261894304 ) ) ;
#5532 = DIRECTION ( 'NONE',  ( 0.000000000000000000, 0.000000000000000000, 1.000000000000000000 ) ) ;
#5533 = FACE_OUTER_BOUND ( 'NONE', #1019, .T. ) ;
#5534 = ADVANCED_FACE ( 'NONE', ( #5894 ), #1888, .T. ) ;
#5535 = FACE_OUTER_BOUND ( 'NONE', #3680, .T. ) ;
#5536 = ORIENTED_EDGE ( 'NONE', *, *, #6288, .F. ) ;
#5537 = CARTESIAN_POINT ( 'NONE',  ( -17.45353882510847399, 4.169999999999999929, 26.59578445530220847 ) ) ;
#5538 = VERTEX_POINT ( 'NONE', #5138 ) ;
#5539 = VECTOR ( 'NONE', #6835, 999.9999999999998863 ) ;
#5540 = CARTESIAN_POINT ( 'NONE',  ( 12.42271421373331997, 4.169999999999999929, -19.51677218609439990 ) ) ;
#5541 = VERTEX_POINT ( 'NONE', #7726 ) ;
#5542 = EDGE_CURVE ( 'NONE', #8255, #3950, #7122, .T. ) ;
#5543 = VECTOR ( 'NONE', #3467, 999.9999999999998863 ) ;
#5544 = VERTEX_POINT ( 'NONE', #4609 ) ;
#5545 = CARTESIAN_POINT ( 'NONE',  ( -11.69152436717009991, 4.670000000000000817, -22.25031422186814822 ) ) ;
#5546 = B_SPLINE_CURVE_WITH_KNOTS ( 'NONE', 3,
 ( #1320, #81, #2649, #3633 ),
 .UNSPECIFIED., .F., .F.,
 ( 4, 4 ),
 ( 0.000000000000000000, 0.0004944462805459710593 ),
 .UNSPECIFIED. ) ;
#5547 = DIRECTION ( 'NONE',  ( 0.000000000000000000, 1.000000000000000000, 0.000000000000000000 ) ) ;
#5548 = DIRECTION ( 'NONE',  ( -1.000000000000000000, 0.000000000000000000, 0.000000000000000000 ) ) ;
#5549 = FACE_BOUND ( 'NONE', #2124, .T. ) ;
#5550 = CARTESIAN_POINT ( 'NONE',  ( -27.24918328139926516, 4.169999999999999929, -14.57762276433443560 ) ) ;
#5551 = VECTOR ( 'NONE', #7905, 1000.000000000000114 ) ;
#5552 = LINE ( 'NONE', #1164, #280 ) ;
#5553 = ORIENTED_EDGE ( 'NONE', *, *, #201, .T. ) ;
#5554 = CARTESIAN_POINT ( 'NONE',  ( 11.69152436717008570, 4.169999999999999929, 22.25031422186815533 ) ) ;
#5555 = ORIENTED_EDGE ( 'NONE', *, *, #7171, .F. ) ;
#5556 = CARTESIAN_POINT ( 'NONE',  ( -13.66095511311924149, 4.670000000000000817, -27.64883365011757377 ) ) ;
#5557 = FACE_OUTER_BOUND ( 'NONE', #2113, .T. ) ;
#5558 = ADVANCED_FACE ( 'NONE', ( #4534 ), #4353, .T. ) ;
#5559 = CARTESIAN_POINT ( 'NONE',  ( 1.689999999999740155, 2.669999999999999929, 25.07812044392484196 ) ) ;
#5560 = ORIENTED_EDGE ( 'NONE', *, *, #6109, .T. ) ;
#5561 = CARTESIAN_POINT ( 'NONE',  ( -26.64355153773236040, 4.328892217995179870, 17.38517022497448039 ) ) ;
#5562 = VECTOR ( 'NONE', #789, 1000.000000000000114 ) ;
#5563 = CARTESIAN_POINT ( 'NONE',  ( 0.000000000000000000, 0.000000000000000000, 0.000000000000000000 ) ) ;
#5564 = ORIENTED_EDGE ( 'NONE', *, *, #6981, .F. ) ;
#5565 = EDGE_CURVE ( 'NONE', #2913, #4156, #2844, .T. ) ;
#5566 = VECTOR ( 'NONE', #465, 1000.000000000000227 ) ;
#5567 = LINE ( 'NONE', #8081, #2324 ) ;
#5568 = EDGE_LOOP ( 'NONE', ( #250, #697, #3810, #3779 ) ) ;
#5569 = VERTEX_POINT ( 'NONE', #3849 ) ;
#5570 = DIRECTION ( 'NONE',  ( 0.000000000000000000, 0.000000000000000000, 1.000000000000000000 ) ) ;
#5571 = CARTESIAN_POINT ( 'NONE',  ( -26.24918328139955292, 0.000000000000000000, 16.30967357190281319 ) ) ;
#5572 = CARTESIAN_POINT ( 'NONE',  ( 19.51677218609436437, 4.169999999999999929, 12.42271421373338747 ) ) ;
#5573 = AXIS2_PLACEMENT_3D ( 'NONE', #1054, #3227, #2559 ) ;
#5574 = ORIENTED_EDGE ( 'NONE', *, *, #549, .T. ) ;
#5575 = DIRECTION ( 'NONE',  ( 0.000000000000000000, 0.000000000000000000, 1.000000000000000000 ) ) ;
#5576 = ADVANCED_FACE ( 'NONE', ( #6514 ), #1608, .T. ) ;
#5577 = EDGE_CURVE ( 'NONE', #5126, #7608, #1845, .T. ) ;
#5578 = AXIS2_PLACEMENT_3D ( 'NONE', #3963, #5843, #80 ) ;
#5579 = VECTOR ( 'NONE', #4489, 1000.000000000000000 ) ;
#5580 = CARTESIAN_POINT ( 'NONE',  ( -6.770714512688049247, 4.593312937155116238, 14.92827634559596106 ) ) ;
#5581 = CARTESIAN_POINT ( 'NONE',  ( 25.65515099297910950, 0.000000000000000000, 17.11411476945201571 ) ) ;
#5582 = DIRECTION ( 'NONE',  ( -0.5000000000000027756, 0.000000000000000000, 0.8660254037844371533 ) ) ;
#5583 = FACE_OUTER_BOUND ( 'NONE', #7119, .T. ) ;
#5584 = ORIENTED_EDGE ( 'NONE', *, *, #6903, .T. ) ;
#5585 = VECTOR ( 'NONE', #3395, 1000.000000000000000 ) ;
#5586 = AXIS2_PLACEMENT_3D ( 'NONE', #550, #3135, #5741 ) ;
#5587 = ORIENTED_EDGE ( 'NONE', *, *, #8079, .F. ) ;
#5588 = EDGE_CURVE ( 'NONE', #2432, #1044, #1349, .T. ) ;
#5589 = EDGE_CURVE ( 'NONE', #8186, #2775, #2722, .T. ) ;
#5590 = FACE_OUTER_BOUND ( 'NONE', #3055, .T. ) ;
#5591 = VECTOR ( 'NONE', #8265, 1000.000000000000114 ) ;
#5592 = ORIENTED_EDGE ( 'NONE', *, *, #2516, .T. ) ;
#5593 = VECTOR ( 'NONE', #8165, 1000.000000000000000 ) ;
#5594 = ORIENTED_EDGE ( 'NONE', *, *, #6513, .T. ) ;
#5595 = CARTESIAN_POINT ( 'NONE',  ( -13.42357517473897310, 4.670000000000000817, -21.25031422186815178 ) ) ;
#5596 = DIRECTION ( 'NONE',  ( 0.000000000000000000, 1.000000000000000000, 0.000000000000000000 ) ) ;
#5597 = CYLINDRICAL_SURFACE ( 'NONE', #7859, 11.34208899530036696 ) ;
#5598 = CARTESIAN_POINT ( 'NONE',  ( 0.000000000000000000, 4.670000000000000817, 0.000000000000000000 ) ) ;
#5599 = AXIS2_PLACEMENT_3D ( 'NONE', #880, #2798, #5408 ) ;
#5600 = EDGE_CURVE ( 'NONE', #5827, #5126, #2652, .T. ) ;
#5601 = CARTESIAN_POINT ( 'NONE',  ( -28.18590977752203486, 4.616088238457413340, -14.79171751668559587 ) ) ;
#5602 = ORIENTED_EDGE ( 'NONE', *, *, #220, .F. ) ;
#5603 = CARTESIAN_POINT ( 'NONE',  ( 11.71104112180837475, 4.413147668298546655, 22.18297585893488844 ) ) ;
#5604 = CARTESIAN_POINT ( 'NONE',  ( -20.54003290370780377, 4.410773209854526478, 10.77069089440159289 ) ) ;
#5605 = DIRECTION ( 'NONE',  ( -0.5000000000000075495, 0.000000000000000000, 0.8660254037844342667 ) ) ;
#5606 = DIRECTION ( 'NONE',  ( 0.000000000000000000, 1.000000000000000000, 0.000000000000000000 ) ) ;
#5607 = CYLINDRICAL_SURFACE ( 'NONE', #6252, 0.9000000000028429703 ) ;
#5608 = AXIS2_PLACEMENT_3D ( 'NONE', #7647, #5694, #7557 ) ;
#5609 = ORIENTED_EDGE ( 'NONE', *, *, #2225, .F. ) ;
#5610 = CARTESIAN_POINT ( 'NONE',  ( -20.60869496433543446, 4.663166634937122801, 11.21462151741229363 ) ) ;
#5611 = DIRECTION ( 'NONE',  ( 0.000000000000000000, 0.000000000000000000, 1.000000000000000000 ) ) ;
#5612 = FACE_OUTER_BOUND ( 'NONE', #1338, .T. ) ;
#5613 = VERTEX_POINT ( 'NONE', #7817 ) ;
#5614 = ADVANCED_FACE ( 'NONE', ( #86 ), #3927, .F. ) ;
#5615 = TOROIDAL_SURFACE ( 'NONE', #2068, 1.500000000000085487, 0.5000000000000000000 ) ;
#5616 = CARTESIAN_POINT ( 'NONE',  ( 11.65702501039901051, 4.670000000000000817, -21.70246513433283297 ) ) ;
#5617 = ORIENTED_EDGE ( 'NONE', *, *, #4154, .F. ) ;
#5618 = ORIENTED_EDGE ( 'NONE', *, *, #5838, .F. ) ;
#5619 = CARTESIAN_POINT ( 'NONE',  ( 0.000000000000000000, 4.169999999999999929, 0.000000000000000000 ) ) ;
#5620 = EDGE_CURVE ( 'NONE', #7527, #2658, #6725, .T. ) ;
#5621 = CARTESIAN_POINT ( 'NONE',  ( -0.4330127018922242388, 4.670000000000000817, 0.2500000000000029421 ) ) ;
#5622 = VECTOR ( 'NONE', #2478, 1000.000000000000000 ) ;
#5623 = DIRECTION ( 'NONE',  ( -0.000000000000000000, -1.000000000000000000, 0.000000000000000000 ) ) ;
#5624 = AXIS2_PLACEMENT_3D ( 'NONE', #4178, #895, #236 ) ;
#5625 = ORIENTED_EDGE ( 'NONE', *, *, #8370, .T. ) ;
#5626 = CARTESIAN_POINT ( 'NONE',  ( 19.76677218609431108, 0.5000000000000004441, -11.98970151184125932 ) ) ;
#5627 = B_SPLINE_CURVE_WITH_KNOTS ( 'NONE', 3,
 ( #6937, #1112, #2930, #5083, #1062, #4308, #6300, #6337, #4943, #484 ),
 .UNSPECIFIED., .F., .F.,
 ( 4, 2, 2, 2, 4 ),
 ( 0.000000000000000000, 0.0002455034198643808361, 0.0004910068397287616722, 0.0007365102595931424540, 0.0009820136794575233443 ),
 .UNSPECIFIED. ) ;
#5628 = AXIS2_PLACEMENT_3D ( 'NONE', #5461, #2206, #5381 ) ;
#5629 = DIRECTION ( 'NONE',  ( -0.000000000000000000, -1.000000000000000000, -0.000000000000000000 ) ) ;
#5630 = PLANE ( 'NONE',  #7659 ) ;
#5631 = ADVANCED_FACE ( 'NONE', ( #8067 ), #7297, .F. ) ;
#5632 = DIRECTION ( 'NONE',  ( -0.8660254037844387076, 0.000000000000000000, 0.4999999999999998335 ) ) ;
#5633 = DIRECTION ( 'NONE',  ( -0.000000000000000000, -1.000000000000000000, -0.000000000000000000 ) ) ;
#5634 = ORIENTED_EDGE ( 'NONE', *, *, #6109, .F. ) ;
#5635 = VECTOR ( 'NONE', #2241, 1000.000000000000114 ) ;
#5636 = VERTEX_POINT ( 'NONE', #6764 ) ;
#5637 = CARTESIAN_POINT ( 'NONE',  ( 20.00344712380561418, 4.670000000000000817, -12.12634585083932492 ) ) ;
#5638 = ORIENTED_EDGE ( 'NONE', *, *, #4632, .T. ) ;
#5639 = DIRECTION ( 'NONE',  ( 0.000000000000000000, 0.000000000000000000, 1.000000000000000000 ) ) ;
#5640 = LINE ( 'NONE', #3075, #2833 ) ;
#5641 = EDGE_CURVE ( 'NONE', #7916, #8389, #833, .T. ) ;
#5642 = ORIENTED_EDGE ( 'NONE', *, *, #490, .F. ) ;
#5643 = ADVANCED_FACE ( 'NONE', ( #2136 ), #5394, .T. ) ;
#5644 = FACE_OUTER_BOUND ( 'NONE', #1152, .T. ) ;
#5645 = CARTESIAN_POINT ( 'NONE',  ( -21.18686058394950322, 4.662192170321743490, 12.92317536194521388 ) ) ;
#5646 = DIRECTION ( 'NONE',  ( 1.000000000000000000, -0.000000000000000000, -0.000000000000000000 ) ) ;
#5647 = VERTEX_POINT ( 'NONE', #866 ) ;
#5648 = CARTESIAN_POINT ( 'NONE',  ( -19.90789431114120944, 4.628020370231840097, 12.32575449969823289 ) ) ;
#5649 = CYLINDRICAL_SURFACE ( 'NONE', #5113, 0.5000000000000006661 ) ;
#5650 = PLANE ( 'NONE',  #2839 ) ;
#5651 = CYLINDRICAL_SURFACE ( 'NONE', #4389, 0.5000000000000000000 ) ;
#5652 = ORIENTED_EDGE ( 'NONE', *, *, #8122, .T. ) ;
#5653 = CARTESIAN_POINT ( 'NONE',  ( 0.000000000000000000, 4.169999999999999929, -25.13500000000000512 ) ) ;
#5654 = EDGE_CURVE ( 'NONE', #2775, #8215, #5981, .T. ) ;
#5655 = LINE ( 'NONE', #591, #5566 ) ;
#5656 = LINE ( 'NONE', #4158, #5161 ) ;
#5657 = EDGE_LOOP ( 'NONE', ( #2436, #755, #3636, #4742, #8167 ) ) ;
#5658 = VERTEX_POINT ( 'NONE', #4667 ) ;
#5659 = AXIS2_PLACEMENT_3D ( 'NONE', #369, #8114, #3538 ) ;
#5660 = CARTESIAN_POINT ( 'NONE',  ( 4.417525414551752405, 0.000000000000000000, -2.550459487243502910 ) ) ;
#5661 = CARTESIAN_POINT ( 'NONE',  ( 10.69066340616454092, 4.235407758176759963, 20.51677218609433950 ) ) ;
#5662 = EDGE_LOOP ( 'NONE', ( #1158, #6204, #3858, #11, #4898 ) ) ;
#5663 = VERTEX_POINT ( 'NONE', #868 ) ;
#5664 = FILL_AREA_STYLE_COLOUR ( '', #715 ) ;
#5665 = EDGE_CURVE ( 'NONE', #7066, #7654, #3376, .T. ) ;
#5666 = CARTESIAN_POINT ( 'NONE',  ( -1.690000000000249969, 0.000000000000000000, 23.07319061161674512 ) ) ;
#5667 = VERTEX_POINT ( 'NONE', #3419 ) ;
#5668 = CARTESIAN_POINT ( 'NONE',  ( -6.491588064369856248, 4.331593047874041424, 15.05120501634637975 ) ) ;
#5669 = CARTESIAN_POINT ( 'NONE',  ( -14.79062215075756193, 4.615696297820567118, 27.14099165632319099 ) ) ;
#5670 = DIRECTION ( 'NONE',  ( 0.000000000000000000, 1.000000000000000000, 0.000000000000000000 ) ) ;
#5671 = PLANE ( 'NONE',  #1586 ) ;
#5672 = ORIENTED_EDGE ( 'NONE', *, *, #4034, .T. ) ;
#5673 = CARTESIAN_POINT ( 'NONE',  ( 14.63967357190290208, 0.000000000000000000, -23.35665843275945619 ) ) ;
#5674 = ORIENTED_EDGE ( 'NONE', *, *, #1507, .F. ) ;
#5675 = EDGE_CURVE ( 'NONE', #1927, #6347, #3458, .T. ) ;
#5676 = CARTESIAN_POINT ( 'NONE',  ( -10.69066340616468302, 4.169999999999999929, 20.51677218609426490 ) ) ;
#5677 = ORIENTED_EDGE ( 'NONE', *, *, #3701, .T. ) ;
#5678 = LINE ( 'NONE', #4356, #3821 ) ;
#5679 = CARTESIAN_POINT ( 'NONE',  ( 9.814463748651968800, 4.670000000000000817, 13.12827881868123470 ) ) ;
#5680 = ORIENTED_EDGE ( 'NONE', *, *, #1121, .F. ) ;
#5681 = CARTESIAN_POINT ( 'NONE',  ( 13.66095511311944222, 4.169999999999999929, 27.64883365011748140 ) ) ;
#5682 = CARTESIAN_POINT ( 'NONE',  ( -17.11411476945210453, 4.169999999999999929, 27.15515099297912371 ) ) ;
#5683 = DIRECTION ( 'NONE',  ( -0.000000000000000000, -1.000000000000000000, -0.000000000000000000 ) ) ;
#5684 = CARTESIAN_POINT ( 'NONE',  ( 9.814463748651954589, 4.169999999999999929, -13.12827881868123114 ) ) ;
#5685 = EDGE_CURVE ( 'NONE', #2042, #291, #4062, .T. ) ;
#5686 = ADVANCED_FACE ( 'NONE', ( #1778 ), #4388, .T. ) ;
#5687 = VECTOR ( 'NONE', #4350, 1000.000000000000000 ) ;
#5688 = ORIENTED_EDGE ( 'NONE', *, *, #5542, .T. ) ;
#5689 = SHAPE_DEFINITION_REPRESENTATION ( #3622, #310 ) ;
#5690 = CARTESIAN_POINT ( 'NONE',  ( 17.11411476945194821, 4.670000000000000817, 25.65515099297918056 ) ) ;
#5691 = DIRECTION ( 'NONE',  ( -0.5000000000000054401, -0.000000000000000000, 0.8660254037844354880 ) ) ;
#5692 = DIRECTION ( 'NONE',  ( -0.000000000000000000, -1.000000000000000000, -0.000000000000000000 ) ) ;
#5693 = VERTEX_POINT ( 'NONE', #3100 ) ;
#5694 = DIRECTION ( 'NONE',  ( 0.000000000000000000, 1.000000000000000000, 0.000000000000000000 ) ) ;
#5695 = CARTESIAN_POINT ( 'NONE',  ( -21.23354704571766760, 4.413147668298520898, 13.35550006447044602 ) ) ;
#5696 = LINE ( 'NONE', #7040, #5301 ) ;
#5697 = ORIENTED_EDGE ( 'NONE', *, *, #4990, .F. ) ;
#5698 = ADVANCED_FACE ( 'NONE', ( #2472 ), #418, .T. ) ;
#5699 = CARTESIAN_POINT ( 'NONE',  ( -20.51677218609435016, 2.669999999999999929, 10.69066340616452848 ) ) ;
#5700 = AXIS2_PLACEMENT_3D ( 'NONE', #8208, #4788, #1623 ) ;
#5701 = ORIENTED_EDGE ( 'NONE', *, *, #747, .T. ) ;
#5702 = ORIENTED_EDGE ( 'NONE', *, *, #6296, .T. ) ;
#5703 = CYLINDRICAL_SURFACE ( 'NONE', #4390, 0.9000000000000084599 ) ;
#5704 = CARTESIAN_POINT ( 'NONE',  ( -14.30585555931284780, 4.216781941140261836, -28.41310023613286972 ) ) ;
#5705 = ORIENTED_EDGE ( 'NONE', *, *, #2417, .T. ) ;
#5706 = AXIS2_PLACEMENT_3D ( 'NONE', #7676, #7067, #8232 ) ;
#5707 = EDGE_CURVE ( 'NONE', #8342, #6342, #7571, .T. ) ;
#5708 = CARTESIAN_POINT ( 'NONE',  ( 26.59578445530209123, 4.216629355300448800, 17.45353882510861965 ) ) ;
#5709 = CARTESIAN_POINT ( 'NONE',  ( -10.69066340616468302, 2.669999999999999929, 20.51677218609426490 ) ) ;
#5710 = VECTOR ( 'NONE', #5361, 1000.000000000000114 ) ;
#5711 = CIRCLE ( 'NONE', #5437, 1.000000000000025091 ) ;
#5712 = CARTESIAN_POINT ( 'NONE',  ( -13.42357517473897310, 4.169999999999999929, -21.25031422186815178 ) ) ;
#5713 = CARTESIAN_POINT ( 'NONE',  ( -1.690000000000249969, 2.669999999999999929, 23.07319061161674512 ) ) ;
#5714 = DIRECTION ( 'NONE',  ( 2.312964634635740689E-15, 0.000000000000000000, 1.000000000000000000 ) ) ;
#5715 = ORIENTED_EDGE ( 'NONE', *, *, #5384, .T. ) ;
#5716 = EDGE_LOOP ( 'NONE', ( #7678, #4254, #121, #5021, #5760, #6235, #5130, #5913, #31, #1197 ) ) ;
#5717 = AXIS2_PLACEMENT_3D ( 'NONE', #3199, #3839, #6430 ) ;
#5718 = VECTOR ( 'NONE', #2751, 1000.000000000000114 ) ;
#5719 = CARTESIAN_POINT ( 'NONE',  ( 12.32575449969443504, 4.628020370237185155, -19.90789431115576491 ) ) ;
#5720 = EDGE_LOOP ( 'NONE', ( #354, #6487, #3715, #6978 ) ) ;
#5721 = CARTESIAN_POINT ( 'NONE',  ( -15.10087070261873521, 4.670000000000000817, -8.141141495965243280 ) ) ;
#5722 = EDGE_LOOP ( 'NONE', ( #2598, #1832, #8046, #7797, #870, #2464, #5346, #3450, #7789, #447 ) ) ;
#5723 = B_SPLINE_CURVE_WITH_KNOTS ( 'NONE', 3,
 ( #4906, #4273, #4147, #243 ),
 .UNSPECIFIED., .F., .F.,
 ( 4, 4 ),
 ( 3.469446951953614189E-18, 0.0001710686492143227591 ),
 .UNSPECIFIED. ) ;
#5724 = ORIENTED_EDGE ( 'NONE', *, *, #844, .T. ) ;
#5725 = AXIS2_PLACEMENT_3D ( 'NONE', #2791, #1501, #7986 ) ;
#5726 = CARTESIAN_POINT ( 'NONE',  ( 20.90152119364827854, 0.000000000000000000, -12.06749888762685252 ) ) ;
#5727 = EDGE_CURVE ( 'NONE', #3768, #1140, #4751, .T. ) ;
#5728 = CARTESIAN_POINT ( 'NONE',  ( 0.7047147867036782642, 4.670000000000000817, 1.220601815415767843 ) ) ;
#5729 = CARTESIAN_POINT ( 'NONE',  ( -28.02460773401641347, 4.670000000000000817, -15.11312378027578873 ) ) ;
#5730 = AXIS2_PLACEMENT_3D ( 'NONE', #918, #6103, #4833 ) ;
#5731 = AXIS2_PLACEMENT_3D ( 'NONE', #298, #4161, #2193 ) ;
#5732 = ORIENTED_EDGE ( 'NONE', *, *, #2806, .F. ) ;
#5733 = CARTESIAN_POINT ( 'NONE',  ( 26.64751940166216215, 4.322171342454935505, -17.36279498497607676 ) ) ;
#5734 = ORIENTED_EDGE ( 'NONE', *, *, #7291, .T. ) ;
#5735 = CARTESIAN_POINT ( 'NONE',  ( 21.78524642035496584, 4.662206113563382104, -11.88683716298783288 ) ) ;
#5736 = DIRECTION ( 'NONE',  ( -0.000000000000000000, -1.000000000000000000, -0.000000000000000000 ) ) ;
#5737 = EDGE_CURVE ( 'NONE', #2848, #2632, #7711, .T. ) ;
#5738 = DIRECTION ( 'NONE',  ( 0.3187812165858493474, 0.000000000000000000, -0.9478283262026123701 ) ) ;
#5739 = ORIENTED_EDGE ( 'NONE', *, *, #2425, .T. ) ;
#5740 = ORIENTED_EDGE ( 'NONE', *, *, #1980, .F. ) ;
#5741 = DIRECTION ( 'NONE',  ( 0.000000000000000000, 0.000000000000000000, 1.000000000000000000 ) ) ;
#5742 = AXIS2_PLACEMENT_3D ( 'NONE', #3443, #6111, #2925 ) ;
#5743 = AXIS2_PLACEMENT_3D ( 'NONE', #7338, #1465, #8026 ) ;
#5744 = ORIENTED_EDGE ( 'NONE', *, *, #2401, .F. ) ;
#5745 = ORIENTED_EDGE ( 'NONE', *, *, #5665, .F. ) ;
#5746 = ORIENTED_EDGE ( 'NONE', *, *, #826, .T. ) ;
#5747 = FACE_OUTER_BOUND ( 'NONE', #8301, .T. ) ;
#5748 = CARTESIAN_POINT ( 'NONE',  ( 15.02328291086344869, 4.670000000000000817, -27.02108929809675075 ) ) ;
#5749 = EDGE_CURVE ( 'NONE', #7015, #3825, #4682, .T. ) ;
#5750 = EDGE_CURVE ( 'NONE', #83, #6986, #3662, .T. ) ;
#5751 = ORIENTED_EDGE ( 'NONE', *, *, #4798, .F. ) ;
#5752 = AXIS2_PLACEMENT_3D ( 'NONE', #6376, #4903, #1872 ) ;
#5753 = VERTEX_POINT ( 'NONE', #4971 ) ;
#5754 = CARTESIAN_POINT ( 'NONE',  ( 0.000000000000000000, 0.000000000000000000, 0.000000000000000000 ) ) ;
#5755 = CYLINDRICAL_SURFACE ( 'NONE', #4400, 0.9000000000016876722 ) ;
#5756 = DIRECTION ( 'NONE',  ( 0.9478283262026124811, -0.000000000000000000, 0.3187812165858494029 ) ) ;
#5757 = CARTESIAN_POINT ( 'NONE',  ( -26.24918328139936818, 4.302146110896752695, -16.30967357190309741 ) ) ;
#5758 = EDGE_CURVE ( 'NONE', #4995, #6755, #4459, .T. ) ;
#5759 = DIRECTION ( 'NONE',  ( 0.000000000000000000, 0.000000000000000000, -1.000000000000000000 ) ) ;
#5760 = ORIENTED_EDGE ( 'NONE', *, *, #355, .T. ) ;
#5761 = ORIENTED_EDGE ( 'NONE', *, *, #8387, .F. ) ;
#5762 = DIRECTION ( 'NONE',  ( 0.000000000000000000, 1.000000000000000000, 0.000000000000000000 ) ) ;
#5763 = VERTEX_POINT ( 'NONE', #6280 ) ;
#5764 = CARTESIAN_POINT ( 'NONE',  ( -14.60087070261881514, 4.670000000000000817, -9.007166899749515565 ) ) ;
#5765 = CARTESIAN_POINT ( 'NONE',  ( -25.65515099297923740, 4.169999999999999929, 17.11411476945184873 ) ) ;
#5766 = ORIENTED_EDGE ( 'NONE', *, *, #8197, .F. ) ;
#5767 = EDGE_CURVE ( 'NONE', #6585, #2546, #561, .T. ) ;
#5768 = ORIENTED_EDGE ( 'NONE', *, *, #8258, .F. ) ;
#5769 = DIRECTION ( 'NONE',  ( -0.000000000000000000, -1.000000000000000000, -0.000000000000000000 ) ) ;
#5770 = DIRECTION ( 'NONE',  ( -0.000000000000000000, -1.000000000000000000, -0.000000000000000000 ) ) ;
#5771 = VERTEX_POINT ( 'NONE', #1857 ) ;
#5772 = CARTESIAN_POINT ( 'NONE',  ( -20.51677218609435016, 4.169999999999999929, 10.69066340616452848 ) ) ;
#5773 = DIRECTION ( 'NONE',  ( 0.000000000000000000, 1.000000000000000000, 0.000000000000000000 ) ) ;
#5774 = CARTESIAN_POINT ( 'NONE',  ( 13.42357517473885586, 4.169999999999999929, -21.25031422186822283 ) ) ;
#5775 = ORIENTED_EDGE ( 'NONE', *, *, #8406, .T. ) ;
#5776 = CARTESIAN_POINT ( 'NONE',  ( -13.66095511311962518, 4.169999999999999929, 27.64883365011740324 ) ) ;
#5777 = CARTESIAN_POINT ( 'NONE',  ( 2.318265519249503637, 4.670000000000000817, -11.48617637608390396 ) ) ;
#5778 = CARTESIAN_POINT ( 'NONE',  ( -6.462191090616951961, 4.670000000000000817, -15.06371434019473554 ) ) ;
#5779 = VERTEX_POINT ( 'NONE', #7564 ) ;
#5780 = EDGE_CURVE ( 'NONE', #4911, #449, #944, .T. ) ;
#5781 = CARTESIAN_POINT ( 'NONE',  ( 28.41310023613297275, 4.670000000000000817, -14.30585555931277142 ) ) ;
#5782 = VERTEX_POINT ( 'NONE', #8213 ) ;
#5783 = ORIENTED_EDGE ( 'NONE', *, *, #97, .T. ) ;
#5784 = ORIENTED_EDGE ( 'NONE', *, *, #2082, .T. ) ;
#5785 = LINE ( 'NONE', #102, #6801 ) ;
#5786 = CARTESIAN_POINT ( 'NONE',  ( -9.814463748651876429, 4.169999999999999929, -13.12827881868129687 ) ) ;
#5787 = ORIENTED_EDGE ( 'NONE', *, *, #1172, .F. ) ;
#5788 = AXIS2_PLACEMENT_3D ( 'NONE', #4371, #6953, #3758 ) ;
#5789 = EDGE_LOOP ( 'NONE', ( #6737, #6520, #8323, #1928 ) ) ;
#5790 = EDGE_CURVE ( 'NONE', #1051, #1219, #1724, .T. ) ;
#5791 = DIRECTION ( 'NONE',  ( 0.000000000000000000, 0.000000000000000000, 1.000000000000000000 ) ) ;
#5792 = EDGE_CURVE ( 'NONE', #5123, #3994, #2373, .T. ) ;
#5793 = DIRECTION ( 'NONE',  ( 0.000000000000000000, 1.000000000000000000, 0.000000000000000000 ) ) ;
#5794 = DIRECTION ( 'NONE',  ( -0.000000000000000000, -1.000000000000000000, -0.000000000000000000 ) ) ;
#5795 = CARTESIAN_POINT ( 'NONE',  ( -26.37959333286764263, 4.615749189755412374, -16.10941082093341237 ) ) ;
#5796 = ORIENTED_EDGE ( 'NONE', *, *, #455, .T. ) ;
#5797 = CARTESIAN_POINT ( 'NONE',  ( -12.06749888762342060, 4.670000000000000817, 20.90152119364811156 ) ) ;
#5798 = CARTESIAN_POINT ( 'NONE',  ( -14.76921929579110504, 4.670000000000000817, -7.155046389161858755 ) ) ;
#5799 = ORIENTED_EDGE ( 'NONE', *, *, #852, .T. ) ;
#5800 = DIRECTION ( 'NONE',  ( 0.000000000000000000, -0.000000000000000000, 1.000000000000000000 ) ) ;
#5801 = EDGE_CURVE ( 'NONE', #3768, #5693, #3728, .T. ) ;
#5802 = CARTESIAN_POINT ( 'NONE',  ( 13.58068175890711871, 4.670000000000000817, 9.213072570521784854 ) ) ;
#5803 = CARTESIAN_POINT ( 'NONE',  ( 14.76453906012028128, 4.169999999999999929, 9.101660870010778837 ) ) ;
#5804 = ORIENTED_EDGE ( 'NONE', *, *, #6184, .T. ) ;
#5805 = ORIENTED_EDGE ( 'NONE', *, *, #7216, .F. ) ;
#5806 = DIRECTION ( 'NONE',  ( -0.8660254037844196118, 0.000000000000000000, 0.5000000000000328626 ) ) ;
#5807 = CARTESIAN_POINT ( 'NONE',  ( -20.50344712380505641, 4.670000000000000817, 11.26032044705448065 ) ) ;
#5808 = EDGE_CURVE ( 'NONE', #7035, #5030, #6654, .T. ) ;
#5809 = ORIENTED_EDGE ( 'NONE', *, *, #5393, .T. ) ;
#5810 = DIRECTION ( 'NONE',  ( -0.000000000000000000, -1.000000000000000000, -0.000000000000000000 ) ) ;
#5811 = CARTESIAN_POINT ( 'NONE',  ( 26.97713803096557683, 4.670000000000002593, -16.78613638606397274 ) ) ;
#5812 = CIRCLE ( 'NONE', #2415, 23.13499999999999446 ) ;
#5813 = EDGE_LOOP ( 'NONE', ( #5520, #741, #3939, #837, #3531, #4844, #2740, #3016 ) ) ;
#5814 = DIRECTION ( 'NONE',  ( 1.000000000000000000, 0.000000000000000000, -0.000000000000000000 ) ) ;
#5815 = ORIENTED_EDGE ( 'NONE', *, *, #2506, .T. ) ;
#5816 = DIRECTION ( 'NONE',  ( 0.9802340172108788829, 0.000000000000000000, -0.1978415312886110666 ) ) ;
#5817 = CARTESIAN_POINT ( 'NONE',  ( -12.06749888762342060, -7.859999999999998543, 20.90152119364811156 ) ) ;
#5818 = DIRECTION ( 'NONE',  ( -0.9478283262026123701, 0.000000000000000000, -0.3187812165858493474 ) ) ;
#5819 = ORIENTED_EDGE ( 'NONE', *, *, #4798, .T. ) ;
#5820 = AXIS2_PLACEMENT_3D ( 'NONE', #5797, #7713, #7016 ) ;
#5821 = DIRECTION ( 'NONE',  ( 0.000000000000000000, 0.000000000000000000, 1.000000000000000000 ) ) ;
#5822 = EDGE_LOOP ( 'NONE', ( #7173, #3866, #7602, #8346 ) ) ;
#5823 = ORIENTED_EDGE ( 'NONE', *, *, #4258, .F. ) ;
#5824 = EDGE_LOOP ( 'NONE', ( #5732, #6742, #6390, #6295, #2081, #4443, #3487, #5672, #1052, #1894 ) ) ;
#5825 = CARTESIAN_POINT ( 'NONE',  ( -16.30967357190272438, 4.169999999999999929, -26.24918328139960622 ) ) ;
#5826 = APPLICATION_PROTOCOL_DEFINITION ( 'draft international standard', 'automotive_design', 1998, #5302 ) ;
#5827 = VERTEX_POINT ( 'NONE', #7606 ) ;
#5828 = EDGE_CURVE ( 'NONE', #6544, #1308, #5042, .T. ) ;
#5829 = AXIS2_PLACEMENT_3D ( 'NONE', #7420, #2871, #1718 ) ;
#5830 = VERTEX_POINT ( 'NONE', #7653 ) ;
#5831 = CARTESIAN_POINT ( 'NONE',  ( 20.90152119364996608, 4.670000000000000817, 12.96749888762673919 ) ) ;
#5832 = CARTESIAN_POINT ( 'NONE',  ( 26.99872179132647787, 4.670000000000001705, 16.85638507389530005 ) ) ;
#5833 = DIRECTION ( 'NONE',  ( 0.000000000000000000, 0.000000000000000000, -1.000000000000000000 ) ) ;
#5834 = DIRECTION ( 'NONE',  ( -3.552713678800500929E-15, 0.000000000000000000, 1.000000000000000000 ) ) ;
#5835 = DIRECTION ( 'NONE',  ( 0.000000000000000000, 0.000000000000000000, -1.000000000000000000 ) ) ;
#5836 = AXIS2_PLACEMENT_3D ( 'NONE', #3811, #3765, #6960 ) ;
#5837 = ORIENTED_EDGE ( 'NONE', *, *, #7354, .F. ) ;
#5838 = EDGE_CURVE ( 'NONE', #6461, #6766, #6896, .T. ) ;
#5839 = LINE ( 'NONE', #2644, #3229 ) ;
#5840 = EDGE_CURVE ( 'NONE', #321, #1491, #1217, .T. ) ;
#5841 = ORIENTED_EDGE ( 'NONE', *, *, #289, .F. ) ;
#5842 = AXIS2_PLACEMENT_3D ( 'NONE', #3759, #6349, #2364 ) ;
#5843 = DIRECTION ( 'NONE',  ( 0.000000000000000000, 1.000000000000000000, 0.000000000000000000 ) ) ;
#5844 = CIRCLE ( 'NONE', #6911, 0.9000000000027943425 ) ;
#5845 = LINE ( 'NONE', #6385, #7075 ) ;
#5846 = VERTEX_POINT ( 'NONE', #7741 ) ;
#5847 = ORIENTED_EDGE ( 'NONE', *, *, #3591, .T. ) ;
#5848 = ORIENTED_EDGE ( 'NONE', *, *, #7091, .T. ) ;
#5849 = EDGE_CURVE ( 'NONE', #4286, #8124, #6322, .T. ) ;
#5850 = CARTESIAN_POINT ( 'NONE',  ( -21.50031422186806651, 4.670000000000000817, 12.99056247284678278 ) ) ;
#5851 = AXIS2_PLACEMENT_3D ( 'NONE', #536, #2400, #1754 ) ;
#5852 = ADVANCED_FACE ( 'NONE', ( #8300 ), #6912, .T. ) ;
#5853 = DIRECTION ( 'NONE',  ( 0.000000000000000000, 0.000000000000000000, 1.000000000000000000 ) ) ;
#5854 = DIRECTION ( 'NONE',  ( -0.000000000000000000, -1.000000000000000000, -0.000000000000000000 ) ) ;
#5855 = ORIENTED_EDGE ( 'NONE', *, *, #4849, .F. ) ;
#5856 = CIRCLE ( 'NONE', #1768, 1.000000000000000888 ) ;
#5857 = CARTESIAN_POINT ( 'NONE',  ( 309.4133863775437021, 4.670000000000000817, -178.6399019159095189 ) ) ;
#5858 = VERTEX_POINT ( 'NONE', #4423 ) ;
#5859 = DIRECTION ( 'NONE',  ( 1.776356839400250465E-15, 0.000000000000000000, 1.000000000000000000 ) ) ;
#5860 = VERTEX_POINT ( 'NONE', #6362 ) ;
#5861 = CARTESIAN_POINT ( 'NONE',  ( 7.802622764334153693, 0.000000000000000000, -15.51453906012027062 ) ) ;
#5862 = CARTESIAN_POINT ( 'NONE',  ( 27.14099165632320165, 4.615696297820590210, -14.79062215075754949 ) ) ;
#5863 = DIRECTION ( 'NONE',  ( 0.4999999999999996669, -0.000000000000000000, 0.8660254037844388186 ) ) ;
#5864 = EDGE_CURVE ( 'NONE', #1215, #5190, #424, .T. ) ;
#5865 = EDGE_LOOP ( 'NONE', ( #3553, #1875, #1177, #1676, #5235 ) ) ;
#5866 = AXIS2_PLACEMENT_3D ( 'NONE', #4915, #7509, #372 ) ;
#5867 = ORIENTED_EDGE ( 'NONE', *, *, #2974, .T. ) ;
#5868 = AXIS2_PLACEMENT_3D ( 'NONE', #2688, #695, #5963 ) ;
#5869 = EDGE_LOOP ( 'NONE', ( #3058, #4541, #2131, #4512, #5406 ) ) ;
#5870 = CARTESIAN_POINT ( 'NONE',  ( 13.59914968310600436, 4.670000000000000817, -9.209345172432076509 ) ) ;
#5871 = DIRECTION ( 'NONE',  ( 0.8660254037844369313, 0.000000000000000000, -0.5000000000000029976 ) ) ;
#5872 = EDGE_CURVE ( 'NONE', #7878, #5541, #1043, .T. ) ;
#5873 = ORIENTED_EDGE ( 'NONE', *, *, #4074, .F. ) ;
#5874 = CIRCLE ( 'NONE', #5742, 24.63500000000000512 ) ;
#5875 = CIRCLE ( 'NONE', #5058, 0.9000000000027943425 ) ;
#5876 = VERTEX_POINT ( 'NONE', #1300 ) ;
#5877 = CARTESIAN_POINT ( 'NONE',  ( 25.65515099297911661, 4.670000000000000817, -17.11411476945202992 ) ) ;
#5878 = DIRECTION ( 'NONE',  ( -0.5000000000000062172, 0.000000000000000000, 0.8660254037844350439 ) ) ;
#5879 = EDGE_CURVE ( 'NONE', #5054, #8234, #835, .T. ) ;
#5880 = DIRECTION ( 'NONE',  ( 0.000000000000000000, 1.000000000000000000, 0.000000000000000000 ) ) ;
#5881 = LINE ( 'NONE', #5713, #8211 ) ;
#5882 = CIRCLE ( 'NONE', #3019, 23.13499999999999801 ) ;
#5883 = EDGE_LOOP ( 'NONE', ( #6449, #1404, #896, #5895, #3050 ) ) ;
#5884 = CARTESIAN_POINT ( 'NONE',  ( -13.42357517473899975, 4.169999999999999929, 21.25031422186813046 ) ) ;
#5885 = CARTESIAN_POINT ( 'NONE',  ( -11.17045074767075796, 4.670000000000000817, 20.82868827108086407 ) ) ;
#5886 = ORIENTED_EDGE ( 'NONE', *, *, #1231, .T. ) ;
#5887 = PLANE ( 'NONE',  #6511 ) ;
#5888 = DIRECTION ( 'NONE',  ( 0.000000000000000000, 0.000000000000000000, 1.000000000000000000 ) ) ;
#5889 = ADVANCED_FACE ( 'NONE', ( #59 ), #2107, .F. ) ;
#5890 = ORIENTED_EDGE ( 'NONE', *, *, #5727, .F. ) ;
#5891 = ORIENTED_EDGE ( 'NONE', *, *, #4266, .F. ) ;
#5892 = DIRECTION ( 'NONE',  ( 0.000000000000000000, 1.000000000000000000, 0.000000000000000000 ) ) ;
#5893 = CIRCLE ( 'NONE', #3966, 16.18118721290257866 ) ;
#5894 = FACE_OUTER_BOUND ( 'NONE', #7250, .T. ) ;
#5895 = ORIENTED_EDGE ( 'NONE', *, *, #5207, .F. ) ;
#5896 = CARTESIAN_POINT ( 'NONE',  ( -11.21465142593055653, 4.663188625685074307, 20.60858625354278928 ) ) ;
#5897 = EDGE_CURVE ( 'NONE', #202, #4192, #6189, .T. ) ;
#5898 = AXIS2_PLACEMENT_3D ( 'NONE', #7234, #808, #2768 ) ;
#5899 = CARTESIAN_POINT ( 'NONE',  ( 15.51453906012024220, 0.000000000000000000, 7.802622764334208760 ) ) ;
#5900 = EDGE_CURVE ( 'NONE', #3468, #4531, #8256, .T. ) ;
#5901 = VERTEX_POINT ( 'NONE', #717 ) ;
#5902 = DIRECTION ( 'NONE',  ( -0.000000000000000000, -1.000000000000000000, -0.000000000000000000 ) ) ;
#5903 = CARTESIAN_POINT ( 'NONE',  ( 12.35573290100827748, 4.579182007010683897, 19.78804760606198343 ) ) ;
#5904 = DIRECTION ( 'NONE',  ( 0.000000000000000000, 1.000000000000000000, 0.000000000000000000 ) ) ;
#5905 = DIRECTION ( 'NONE',  ( -0.000000000000000000, -1.000000000000000000, -0.000000000000000000 ) ) ;
#5906 = ORIENTED_EDGE ( 'NONE', *, *, #3692, .T. ) ;
#5907 = EDGE_CURVE ( 'NONE', #4441, #3891, #7910, .T. ) ;
#5908 = ORIENTED_EDGE ( 'NONE', *, *, #1460, .T. ) ;
#5909 = ORIENTED_EDGE ( 'NONE', *, *, #6982, .F. ) ;
#5910 = CARTESIAN_POINT ( 'NONE',  ( -12.12634585083961625, 4.670000000000000817, 20.00344712380618262 ) ) ;
#5911 = DIRECTION ( 'NONE',  ( 0.000000000000000000, 0.000000000000000000, 1.000000000000000000 ) ) ;
#5912 = CARTESIAN_POINT ( 'NONE',  ( 28.34160317160497655, 4.351442258256871476, -14.42816744016930031 ) ) ;
#5913 = ORIENTED_EDGE ( 'NONE', *, *, #3322, .T. ) ;
#5914 = VECTOR ( 'NONE', #1160, 1000.000000000000000 ) ;
#5915 = ORIENTED_EDGE ( 'NONE', *, *, #7434, .F. ) ;
#5916 = CARTESIAN_POINT ( 'NONE',  ( -23.35665843275950593, 2.669999999999999929, 14.63967357190283458 ) ) ;
#5917 = EDGE_CURVE ( 'NONE', #4475, #6529, #3425, .T. ) ;
#5918 = CARTESIAN_POINT ( 'NONE',  ( -26.24918328139955292, 4.169999999999999929, 16.30967357190281319 ) ) ;
#5919 = VECTOR ( 'NONE', #1252, 1000.000000000000000 ) ;
#5920 = DIRECTION ( 'NONE',  ( 0.9802340172108804373, -0.000000000000000000, -0.1978415312886027955 ) ) ;
#5921 = ORIENTED_EDGE ( 'NONE', *, *, #4972, .F. ) ;
#5922 = DIRECTION ( 'NONE',  ( 0.000000000000000000, 1.000000000000000000, 0.000000000000000000 ) ) ;
#5923 = DIRECTION ( 'NONE',  ( 0.000000000000000000, 1.000000000000000000, 0.000000000000000000 ) ) ;
#5924 = CARTESIAN_POINT ( 'NONE',  ( 15.01291434168869188, 4.463930452017904393, 6.590238627958672879 ) ) ;
#5925 = CARTESIAN_POINT ( 'NONE',  ( 13.42357517473885586, 4.296427799498710343, -21.25031422186821928 ) ) ;
#5926 = DIRECTION ( 'NONE',  ( 0.000000000000000000, 1.000000000000000000, 0.000000000000000000 ) ) ;
#5927 = DIRECTION ( 'NONE',  ( 0.000000000000000000, 1.000000000000000000, 0.000000000000000000 ) ) ;
#5928 = ORIENTED_EDGE ( 'NONE', *, *, #4748, .T. ) ;
#5929 = CARTESIAN_POINT ( 'NONE',  ( 7.802622764334153693, 4.169999999999999929, -15.51453906012027062 ) ) ;
#5930 = EDGE_CURVE ( 'NONE', #1140, #4076, #5202, .T. ) ;
#5931 = DIRECTION ( 'NONE',  ( 0.000000000000000000, 1.000000000000000000, 0.000000000000000000 ) ) ;
#5932 = VERTEX_POINT ( 'NONE', #5399 ) ;
#5933 = B_SPLINE_CURVE_WITH_KNOTS ( 'NONE', 3,
 ( #6501, #1354, #7927, #3960, #7058, #3836, #1920, #30 ),
 .UNSPECIFIED., .F., .F.,
 ( 4, 2, 2, 4 ),
 ( 0.000000000000000000, 0.0001927721350683616231, 0.0003855442701367232461, 0.0007710885402734458417 ),
 .UNSPECIFIED. ) ;
#5934 = CARTESIAN_POINT ( 'NONE',  ( -27.64883365011752758, 4.169999999999999929, 13.66095511311933741 ) ) ;
#5935 = CARTESIAN_POINT ( 'NONE',  ( 15.02328291086361745, 4.670000000000000817, 27.02108929809701365 ) ) ;
#5936 = ORIENTED_EDGE ( 'NONE', *, *, #3295, .T. ) ;
#5937 = CARTESIAN_POINT ( 'NONE',  ( -12.93832888017098348, 4.649847419186716735, 21.12879883022202065 ) ) ;
#5938 = CARTESIAN_POINT ( 'NONE',  ( 12.29462508638849094, 4.652225243043065284, 20.03065169145742175 ) ) ;
#5939 = CARTESIAN_POINT ( 'NONE',  ( -25.65515099297898871, 4.169999999999999929, -17.11411476945219334 ) ) ;
#5940 = ORIENTED_EDGE ( 'NONE', *, *, #5897, .T. ) ;
#5941 = EDGE_CURVE ( 'NONE', #2089, #219, #916, .T. ) ;
#5942 = VECTOR ( 'NONE', #2522, 1000.000000000000000 ) ;
#5943 = FACE_OUTER_BOUND ( 'NONE', #7893, .T. ) ;
#5944 = DIRECTION ( 'NONE',  ( 0.9478283262025932743, -0.000000000000000000, 0.3187812165859060798 ) ) ;
#5945 = ORIENTED_EDGE ( 'NONE', *, *, #4576, .F. ) ;
#5946 = DIRECTION ( 'NONE',  ( 9.251858538542535193E-15, 0.000000000000000000, 1.000000000000000000 ) ) ;
#5947 = LINE ( 'NONE', #3871, #43 ) ;
#5948 = DIRECTION ( 'NONE',  ( -0.000000000000000000, -1.000000000000000000, -0.000000000000000000 ) ) ;
#5949 = CARTESIAN_POINT ( 'NONE',  ( -27.10065299126542726, 4.670000000000000817, -16.71346033861413005 ) ) ;
#5950 = AXIS2_PLACEMENT_3D ( 'NONE', #8052, #2208, #6335 ) ;
#5951 = ORIENTED_EDGE ( 'NONE', *, *, #6340, .F. ) ;
#5952 = EDGE_CURVE ( 'NONE', #6992, #226, #1619, .T. ) ;
#5953 = VERTEX_POINT ( 'NONE', #2826 ) ;
#5954 = DIRECTION ( 'NONE',  ( 0.000000000000000000, 0.000000000000000000, 1.000000000000000000 ) ) ;
#5955 = VECTOR ( 'NONE', #7886, 1000.000000000000000 ) ;
#5956 = PLANE ( 'NONE',  #7768 ) ;
#5957 = CARTESIAN_POINT ( 'NONE',  ( 0.2500000000015592527, 4.169999999999999929, 0.4330127018950454265 ) ) ;
#5958 = ORIENTED_EDGE ( 'NONE', *, *, #3273, .T. ) ;
#5959 = DIRECTION ( 'NONE',  ( 0.000000000000000000, 1.000000000000000000, 0.000000000000000000 ) ) ;
#5960 = CARTESIAN_POINT ( 'NONE',  ( 21.25031422186811980, 4.169999999999999929, -13.42357517473902107 ) ) ;
#5961 = ADVANCED_FACE ( 'NONE', ( #8160 ), #7336, .F. ) ;
#5962 = DIRECTION ( 'NONE',  ( -0.000000000000000000, -1.000000000000000000, -0.000000000000000000 ) ) ;
#5963 = DIRECTION ( 'NONE',  ( 0.8660254037844401509, 0.000000000000000000, 0.4999999999999974465 ) ) ;
#5964 = VERTEX_POINT ( 'NONE', #5438 ) ;
#5965 = ORIENTED_EDGE ( 'NONE', *, *, #6448, .F. ) ;
#5966 = CARTESIAN_POINT ( 'NONE',  ( -20.94651235872433404, 4.670000000000000817, -12.96637362587585329 ) ) ;
#5967 = CIRCLE ( 'NONE', #809, 0.9000000000000014655 ) ;
#5968 = DIRECTION ( 'NONE',  ( 0.000000000000000000, 0.000000000000000000, 1.000000000000000000 ) ) ;
#5969 = ORIENTED_EDGE ( 'NONE', *, *, #4142, .T. ) ;
#5970 = DIRECTION ( 'NONE',  ( 0.9802340172108792160, -0.000000000000000000, 0.1978415312886091515 ) ) ;
#5971 = ADVANCED_FACE ( 'NONE', ( #7416 ), #214, .F. ) ;
#5972 = ORIENTED_EDGE ( 'NONE', *, *, #443, .F. ) ;
#5973 = CARTESIAN_POINT ( 'NONE',  ( 12.12634585083752548, 4.670000000000000817, 20.00344712380248069 ) ) ;
#5974 = VECTOR ( 'NONE', #5691, 1000.000000000000227 ) ;
#5975 = AXIS2_PLACEMENT_3D ( 'NONE', #7822, #2060, #7785 ) ;
#5976 = CYLINDRICAL_SURFACE ( 'NONE', #152, 25.13500000000000512 ) ;
#5977 = DIRECTION ( 'NONE',  ( 0.000000000000000000, 0.000000000000000000, 1.000000000000000000 ) ) ;
#5978 = DIRECTION ( 'NONE',  ( 0.000000000000000000, 1.000000000000000000, 0.000000000000000000 ) ) ;
#5979 = ORIENTED_EDGE ( 'NONE', *, *, #2799, .T. ) ;
#5980 = VECTOR ( 'NONE', #3238, 1000.000000000000000 ) ;
#5981 = CIRCLE ( 'NONE', #7764, 1.000000000000000888 ) ;
#5982 = DIRECTION ( 'NONE',  ( 0.000000000000000000, -0.000000000000000000, 1.000000000000000000 ) ) ;
#5983 = CARTESIAN_POINT ( 'NONE',  ( 9.534673571902946065, 4.169999999999999929, -14.51453906012031503 ) ) ;
#5984 = CARTESIAN_POINT ( 'NONE',  ( 16.30967357190291622, 4.670000000000000817, 26.24918328139949608 ) ) ;
#5985 = EDGE_CURVE ( 'NONE', #6115, #3225, #5198, .T. ) ;
#5986 = ORIENTED_EDGE ( 'NONE', *, *, #5014, .T. ) ;
#5987 = FACE_BOUND ( 'NONE', #6865, .T. ) ;
#5988 = DIRECTION ( 'NONE',  ( -0.000000000000000000, -1.000000000000000000, -0.000000000000000000 ) ) ;
#5989 = AXIS2_PLACEMENT_3D ( 'NONE', #2153, #2116, #4715 ) ;
#5990 = AXIS2_PLACEMENT_3D ( 'NONE', #5984, #4549, #5362 ) ;
#5991 = CARTESIAN_POINT ( 'NONE',  ( -26.60974316971532971, 4.257941308849898299, -17.43412756242542017 ) ) ;
#5992 = ORIENTED_EDGE ( 'NONE', *, *, #2596, .T. ) ;
#5993 = ORIENTED_EDGE ( 'NONE', *, *, #2130, .F. ) ;
#5994 = CARTESIAN_POINT ( 'NONE',  ( 15.06371434019466626, 4.670000000000000817, -6.462191090617107392 ) ) ;
#5995 = AXIS2_PLACEMENT_3D ( 'NONE', #4668, #2066, #793 ) ;
#5996 = EDGE_CURVE ( 'NONE', #5647, #1527, #6023, .T. ) ;
#5997 = EDGE_CURVE ( 'NONE', #2000, #4192, #5404, .T. ) ;
#5998 = DIRECTION ( 'NONE',  ( 0.5000000000000056621, 0.000000000000000000, -0.8660254037844352659 ) ) ;
#5999 = DIRECTION ( 'NONE',  ( 0.000000000000000000, 1.000000000000000000, 0.000000000000000000 ) ) ;
#6000 = PLANE ( 'NONE',  #3864 ) ;
#6001 = EDGE_LOOP ( 'NONE', ( #4669, #1947, #7820, #2389, #5886, #3200, #5715, #4120, #2591, #2456 ) ) ;
#6002 = CARTESIAN_POINT ( 'NONE',  ( 20.90152119364996608, 4.670000000000000817, 12.06749888762394463 ) ) ;
#6003 = AXIS2_PLACEMENT_3D ( 'NONE', #7504, #7455, #4816 ) ;
#6004 = LINE ( 'NONE', #5340, #7232 ) ;
#6005 = CARTESIAN_POINT ( 'NONE',  ( -12.41818777478793301, 4.298923624762708506, -19.53527633261117202 ) ) ;
#6006 = VECTOR ( 'NONE', #2467, 1000.000000000000000 ) ;
#6007 = EDGE_CURVE ( 'NONE', #7953, #4159, #7214, .T. ) ;
#6008 = ORIENTED_EDGE ( 'NONE', *, *, #3713, .T. ) ;
#6009 = ORIENTED_EDGE ( 'NONE', *, *, #5864, .T. ) ;
#6010 = VECTOR ( 'NONE', #6975, 1000.000000000000000 ) ;
#6011 = B_SPLINE_CURVE_WITH_KNOTS ( 'NONE', 3,
 ( #3107, #481, #8180, #7668, #6203, #6378, #1829, #4938, #5122, #3066 ),
 .UNSPECIFIED., .F., .F.,
 ( 4, 2, 2, 2, 4 ),
 ( 0.000000000000000000, 0.0002502288356763152739, 0.0005004576713526305478, 0.0007506865070289458217, 0.001000915342705261096 ),
 .UNSPECIFIED. ) ;
#6012 = FACE_OUTER_BOUND ( 'NONE', #6909, .T. ) ;
#6013 = VERTEX_POINT ( 'NONE', #3500 ) ;
#6014 = CARTESIAN_POINT ( 'NONE',  ( 20.90152119364827854, 0.000000000000000000, -11.16749888762513621 ) ) ;
#6015 = EDGE_CURVE ( 'NONE', #3842, #1379, #3524, .T. ) ;
#6016 = VECTOR ( 'NONE', #707, 1000.000000000000114 ) ;
#6017 = ORIENTED_EDGE ( 'NONE', *, *, #4582, .T. ) ;
#6018 = DIRECTION ( 'NONE',  ( 0.000000000000000000, 1.000000000000000000, 0.000000000000000000 ) ) ;
#6019 = DIRECTION ( 'NONE',  ( 0.1978415312886096233, -0.000000000000000000, 0.9802340172108792160 ) ) ;
#6020 = CARTESIAN_POINT ( 'NONE',  ( -27.64883365011752758, 4.169999999999999929, 13.66095511311933741 ) ) ;
#6021 = CARTESIAN_POINT ( 'NONE',  ( 21.12879883022735328, 4.649847419193029907, -12.93832888018057758 ) ) ;
#6022 = DIRECTION ( 'NONE',  ( 0.000000000000000000, 1.000000000000000000, 0.000000000000000000 ) ) ;
#6023 = LINE ( 'NONE', #2271, #7899 ) ;
#6024 = ORIENTED_EDGE ( 'NONE', *, *, #3434, .T. ) ;
#6025 = CYLINDRICAL_SURFACE ( 'NONE', #2749, 25.13500000000000867 ) ;
#6026 = CARTESIAN_POINT ( 'NONE',  ( -13.59470478306858610, 4.670000000000000817, 9.210242290685789257 ) ) ;
#6027 = DIRECTION ( 'NONE',  ( -0.8660254037844360431, 0.000000000000000000, -0.5000000000000045519 ) ) ;
#6028 = ORIENTED_EDGE ( 'NONE', *, *, #5790, .F. ) ;
#6029 = EDGE_CURVE ( 'NONE', #89, #6716, #2229, .T. ) ;
#6030 = ORIENTED_EDGE ( 'NONE', *, *, #1002, .F. ) ;
#6031 = LINE ( 'NONE', #8032, #44 ) ;
#6032 = CARTESIAN_POINT ( 'NONE',  ( 15.11937345080782791, 4.670000000000000817, 27.99956995034080265 ) ) ;
#6033 = FACE_OUTER_BOUND ( 'NONE', #660, .T. ) ;
#6034 = CARTESIAN_POINT ( 'NONE',  ( 26.24918328139943569, 4.169999999999999929, -16.30967357190300149 ) ) ;
#6035 = ORIENTED_EDGE ( 'NONE', *, *, #5996, .T. ) ;
#6036 = ADVANCED_FACE ( 'NONE', ( #1671 ), #6772, .T. ) ;
#6037 = CARTESIAN_POINT ( 'NONE',  ( -28.40257294624143114, 4.257939564137651622, 14.32848703793071365 ) ) ;
#6038 = CARTESIAN_POINT ( 'NONE',  ( -0.4330127018936373862, 4.169999999999999929, 0.2500000000007817080 ) ) ;
#6039 = CARTESIAN_POINT ( 'NONE',  ( 20.06373414448374604, 4.670000000000000817, -12.40124503023643676 ) ) ;
#6040 = ORIENTED_EDGE ( 'NONE', *, *, #5542, .F. ) ;
#6041 = CIRCLE ( 'NONE', #4814, 1.000000000000070166 ) ;
#6042 = ADVANCED_FACE ( 'NONE', ( #2224 ), #4823, .T. ) ;
#6043 = CARTESIAN_POINT ( 'NONE',  ( 23.07319061161675577, 2.669999999999999929, 1.690000000000158042 ) ) ;
#6044 = ORIENTED_EDGE ( 'NONE', *, *, #4685, .F. ) ;
#6045 = DIRECTION ( 'NONE',  ( 0.1978415312886077360, 0.000000000000000000, -0.9802340172108795491 ) ) ;
#6046 = VERTEX_POINT ( 'NONE', #5518 ) ;
#6047 = CARTESIAN_POINT ( 'NONE',  ( 15.06371434019467692, 0.000000000000000000, 6.462191090617110056 ) ) ;
#6048 = CARTESIAN_POINT ( 'NONE',  ( 15.01377686329393768, 4.465427375069169535, -6.595865494693569531 ) ) ;
#6049 = CARTESIAN_POINT ( 'NONE',  ( 20.90152119364827854, 4.670000000000000817, -11.16749888762513621 ) ) ;
#6050 = DIRECTION ( 'NONE',  ( -0.8660254037844402619, 0.000000000000000000, 0.4999999999999973355 ) ) ;
#6051 = EDGE_CURVE ( 'NONE', #4031, #7892, #1489, .T. ) ;
#6052 = DIRECTION ( 'NONE',  ( -0.5000000000000062172, -0.000000000000000000, 0.8660254037844350439 ) ) ;
#6053 = CARTESIAN_POINT ( 'NONE',  ( 27.24918328139936463, 4.670000000000000817, 14.57762276433424908 ) ) ;
#6054 = ORIENTED_EDGE ( 'NONE', *, *, #1077, .F. ) ;
#6055 = CARTESIAN_POINT ( 'NONE',  ( -17.45353882510994126, 4.670000000000000817, -26.59578445530170399 ) ) ;
#6056 = CARTESIAN_POINT ( 'NONE',  ( 13.42357517473902817, 4.296427799497417155, 21.25031422186811980 ) ) ;
#6057 = CARTESIAN_POINT ( 'NONE',  ( -20.66278350054735924, 4.652225243043044856, -11.19974067597114242 ) ) ;
#6058 = ORIENTED_EDGE ( 'NONE', *, *, #6493, .T. ) ;
#6059 = LINE ( 'NONE', #4118, #307 ) ;
#6060 = CARTESIAN_POINT ( 'NONE',  ( 27.93023340904410290, 4.670000000000000817, -15.13432342270004582 ) ) ;
#6061 = ORIENTED_EDGE ( 'NONE', *, *, #1907, .F. ) ;
#6062 = DIRECTION ( 'NONE',  ( 0.4999999999998785971, 0.000000000000000000, 0.8660254037845087627 ) ) ;
#6063 = DIRECTION ( 'NONE',  ( 0.000000000000000000, 0.000000000000000000, 1.000000000000000000 ) ) ;
#6064 = AXIS2_PLACEMENT_3D ( 'NONE', #7895, #3892, #6556 ) ;
#6065 = EDGE_CURVE ( 'NONE', #3220, #89, #5325, .T. ) ;
#6066 = CARTESIAN_POINT ( 'NONE',  ( -20.51677218609422937, 4.169999999999999929, -10.69066340616475586 ) ) ;
#6067 = CARTESIAN_POINT ( 'NONE',  ( -12.95362416398093153, 4.662144464862916671, -21.07019389183394864 ) ) ;
#6068 = ORIENTED_EDGE ( 'NONE', *, *, #4445, .T. ) ;
#6069 = CARTESIAN_POINT ( 'NONE',  ( 2.924091636693207708, 4.670000000000000817, -5.064675280739946217 ) ) ;
#6070 = CIRCLE ( 'NONE', #5292, 1.000000000000075495 ) ;
#6071 = CARTESIAN_POINT ( 'NONE',  ( 12.42271421373348339, 0.000000000000000000, 19.51677218609430398 ) ) ;
#6072 = ADVANCED_FACE ( 'NONE', ( #4324 ), #5607, .F. ) ;
#6073 = CARTESIAN_POINT ( 'NONE',  ( -15.06371434019471423, 0.000000000000000000, 6.462191090617002587 ) ) ;
#6074 = AXIS2_PLACEMENT_3D ( 'NONE', #4132, #8096, #2249 ) ;
#6075 = VERTEX_POINT ( 'NONE', #8204 ) ;
#6076 = CARTESIAN_POINT ( 'NONE',  ( 0.000000000000000000, 4.169999999999999929, 0.000000000000000000 ) ) ;
#6077 = DIRECTION ( 'NONE',  ( 0.1978415312886053767, 0.000000000000000000, -0.9802340172108799932 ) ) ;
#6078 = ORIENTED_EDGE ( 'NONE', *, *, #2723, .F. ) ;
#6079 = CARTESIAN_POINT ( 'NONE',  ( -11.94709333246020577, 4.670000000000000817, -21.79556159152576100 ) ) ;
#6080 = ADVANCED_FACE ( 'NONE', ( #4591 ), #2719, .F. ) ;
#6081 = VERTEX_POINT ( 'NONE', #5213 ) ;
#6082 = CARTESIAN_POINT ( 'NONE',  ( -16.69466412678011835, 4.670000000000000817, -27.09531110850893754 ) ) ;
#6083 = EDGE_CURVE ( 'NONE', #7793, #6849, #7955, .T. ) ;
#6084 = DIRECTION ( 'NONE',  ( 0.1978415312886077360, -0.000000000000000000, 0.9802340172108795491 ) ) ;
#6085 = CARTESIAN_POINT ( 'NONE',  ( 20.82868827108137211, 4.670000000000000817, 11.17045074766982360 ) ) ;
#6086 = CARTESIAN_POINT ( 'NONE',  ( 17.45353882511009758, 4.169999999999999929, 26.59578445530152990 ) ) ;
#6087 = CARTESIAN_POINT ( 'NONE',  ( -11.19974067597087064, 4.652225243043032421, -20.66278350054744806 ) ) ;
#6088 = VECTOR ( 'NONE', #8357, 1000.000000000000000 ) ;
#6089 = CYLINDRICAL_SURFACE ( 'NONE', #8040, 0.5000000000000000000 ) ;
#6090 = CARTESIAN_POINT ( 'NONE',  ( -12.34841178801047157, 4.663210578269290529, -20.04467947525014182 ) ) ;
#6091 = ORIENTED_EDGE ( 'NONE', *, *, #1368, .F. ) ;
#6092 = DIRECTION ( 'NONE',  ( -0.000000000000000000, -1.000000000000000000, -0.000000000000000000 ) ) ;
#6093 = EDGE_CURVE ( 'NONE', #6875, #1317, #161, .T. ) ;
#6094 = DIRECTION ( 'NONE',  ( 0.000000000000000000, 0.000000000000000000, 1.000000000000000000 ) ) ;
#6095 = ORIENTED_EDGE ( 'NONE', *, *, #2122, .F. ) ;
#6096 = CIRCLE ( 'NONE', #1076, 0.9000000000028429703 ) ;
#6097 = AXIS2_PLACEMENT_3D ( 'NONE', #8244, #6311, #4368 ) ;
#6098 = AXIS2_PLACEMENT_3D ( 'NONE', #6854, #1708, #4317 ) ;
#6099 = CARTESIAN_POINT ( 'NONE',  ( 0.000000000000000000, 4.169999999999999929, 0.000000000000000000 ) ) ;
#6100 = VECTOR ( 'NONE', #2590, 1000.000000000000000 ) ;
#6101 = DIRECTION ( 'NONE',  ( 0.000000000000000000, 1.000000000000000000, 0.000000000000000000 ) ) ;
#6102 = EDGE_CURVE ( 'NONE', #2390, #2726, #1393, .T. ) ;
#6103 = DIRECTION ( 'NONE',  ( -0.000000000000000000, -1.000000000000000000, -0.000000000000000000 ) ) ;
#6104 = DIRECTION ( 'NONE',  ( -0.9478283262025933853, 0.000000000000000000, -0.3187812165859061353 ) ) ;
#6105 = ORIENTED_EDGE ( 'NONE', *, *, #6327, .F. ) ;
#6106 = CARTESIAN_POINT ( 'NONE',  ( 14.55029879730512654, 4.669999999999999041, 9.316173154054716576 ) ) ;
#6107 = B_SPLINE_CURVE_WITH_KNOTS ( 'NONE', 3,
 ( #5326, #1611, #139, #6215, #7915, #7269, #8066, #7411 ),
 .UNSPECIFIED., .F., .F.,
 ( 4, 2, 2, 4 ),
 ( 0.000000000000000000, 0.0001927721350687251018, 0.0003855442701374502037, 0.0007710885402748981305 ),
 .UNSPECIFIED. ) ;
#6108 = AXIS2_PLACEMENT_3D ( 'NONE', #684, #5999, #3354 ) ;
#6109 = EDGE_CURVE ( 'NONE', #6467, #5693, #1091, .T. ) ;
#6110 = DIRECTION ( 'NONE',  ( 2.312964634635740689E-15, 0.000000000000000000, 1.000000000000000000 ) ) ;
#6111 = DIRECTION ( 'NONE',  ( 0.000000000000000000, 1.000000000000000000, 0.000000000000000000 ) ) ;
#6112 = B_SPLINE_CURVE_WITH_KNOTS ( 'NONE', 3,
 ( #7904, #1942, #2703, #7864, #4543, #52 ),
 .UNSPECIFIED., .F., .F.,
 ( 4, 2, 4 ),
 ( -1.477143756511225933E-05, 0.0003797396612299366674, 0.0007742507600249855281 ),
 .UNSPECIFIED. ) ;
#6113 = CARTESIAN_POINT ( 'NONE',  ( -14.77365619027803589, 4.670000000000000817, 7.168238553744167518 ) ) ;
#6114 = AXIS2_PLACEMENT_3D ( 'NONE', #2301, #1065, #7539 ) ;
#6115 = VERTEX_POINT ( 'NONE', #7879 ) ;
#6116 = ORIENTED_EDGE ( 'NONE', *, *, #7880, .F. ) ;
#6117 = EDGE_CURVE ( 'NONE', #6450, #6617, #6304, .T. ) ;
#6118 = VECTOR ( 'NONE', #4344, 1000.000000000000000 ) ;
#6119 = AXIS2_PLACEMENT_3D ( 'NONE', #3141, #8351, #2511 ) ;
#6120 = CARTESIAN_POINT ( 'NONE',  ( 17.36040243225144764, 4.359646500347022169, -26.66224148581364517 ) ) ;
#6121 = ORIENTED_EDGE ( 'NONE', *, *, #6704, .F. ) ;
#6122 = VERTEX_POINT ( 'NONE', #4033 ) ;
#6123 = FACE_OUTER_BOUND ( 'NONE', #1986, .T. ) ;
#6124 = CARTESIAN_POINT ( 'NONE',  ( 9.814463748651954589, 4.169999999999999929, -13.12827881868122937 ) ) ;
#6125 = CARTESIAN_POINT ( 'NONE',  ( 0.000000000000000000, 4.670000000000000817, 0.000000000000000000 ) ) ;
#6126 = CARTESIAN_POINT ( 'NONE',  ( -26.59578445530218715, 4.216365035214941770, -17.45353882510828569 ) ) ;
#6127 = AXIS2_PLACEMENT_3D ( 'NONE', #5545, #4472, #4855 ) ;
#6128 = EDGE_CURVE ( 'NONE', #5380, #2434, #5305, .T. ) ;
#6129 = EDGE_CURVE ( 'NONE', #5544, #6185, #109, .T. ) ;
#6130 = B_SPLINE_CURVE_WITH_KNOTS ( 'NONE', 3,
 ( #6021, #756, #5395, #3496 ),
 .UNSPECIFIED., .F., .F.,
 ( 4, 4 ),
 ( 0.0001818276790586935453, 0.0003668244205223985567 ),
 .UNSPECIFIED. ) ;
#6131 = CARTESIAN_POINT ( 'NONE',  ( -17.11411476945210453, 4.169999999999999929, 25.65515099297905266 ) ) ;
#6132 = ORIENTED_EDGE ( 'NONE', *, *, #6242, .F. ) ;
#6133 = CARTESIAN_POINT ( 'NONE',  ( -15.88930831464829474, 4.670000000000000817, 26.52108929809734050 ) ) ;
#6134 = CARTESIAN_POINT ( 'NONE',  ( -17.20138009169007987, 4.491987957746317761, -26.76665763180518098 ) ) ;
#6135 = LINE ( 'NONE', #1761, #6542 ) ;
#6136 = DIRECTION ( 'NONE',  ( -0.1978415312886378230, 0.000000000000000000, -0.9802340172108734428 ) ) ;
#6137 = ORIENTED_EDGE ( 'NONE', *, *, #475, .T. ) ;
#6138 = CARTESIAN_POINT ( 'NONE',  ( -26.59578445530160806, 4.216481964754176914, 17.45353882511001231 ) ) ;
#6139 = CARTESIAN_POINT ( 'NONE',  ( -13.39988801521391260, 4.623006405394905372, 9.473067621374298142 ) ) ;
#6140 = FACE_OUTER_BOUND ( 'NONE', #4660, .T. ) ;
#6141 = ORIENTED_EDGE ( 'NONE', *, *, #2006, .F. ) ;
#6142 = VECTOR ( 'NONE', #4136, 1000.000000000000227 ) ;
#6143 = ADVANCED_FACE ( 'NONE', ( #6580 ), #805, .T. ) ;
#6144 = LINE ( 'NONE', #6703, #5593 ) ;
#6145 = CARTESIAN_POINT ( 'NONE',  ( 10.69066340616454092, 4.169999999999999929, 20.51677218609433950 ) ) ;
#6146 = ORIENTED_EDGE ( 'NONE', *, *, #3484, .T. ) ;
#6147 = DIRECTION ( 'NONE',  ( 0.000000000000000000, 0.000000000000000000, 1.000000000000000000 ) ) ;
#6148 = CARTESIAN_POINT ( 'NONE',  ( -20.90152119364758221, 4.670000000000000817, -12.06749888762527867 ) ) ;
#6149 = CARTESIAN_POINT ( 'NONE',  ( 12.06749888762580269, 0.000000000000000000, -20.00152119364775416 ) ) ;
#6150 = VERTEX_POINT ( 'NONE', #4711 ) ;
#6151 = LINE ( 'NONE', #2803, #384 ) ;
#6152 = TOROIDAL_SURFACE ( 'NONE', #2509, 1.500000000000075495, 0.5000000000000000000 ) ;
#6153 = ADVANCED_FACE ( 'NONE', ( #7307 ), #3391, .T. ) ;
#6154 = CARTESIAN_POINT ( 'NONE',  ( -6.642131180698199522, 4.513396407983941039, 14.98572483451288129 ) ) ;
#6155 = CARTESIAN_POINT ( 'NONE',  ( 11.19974067596996292, 4.652225243043219827, -20.66278350054821189 ) ) ;
#6156 = ORIENTED_EDGE ( 'NONE', *, *, #739, .T. ) ;
#6157 = VECTOR ( 'NONE', #2356, 999.9999999999998863 ) ;
#6158 = CARTESIAN_POINT ( 'NONE',  ( 6.988989104375607830, 4.669999999999999929, 14.83365191399031779 ) ) ;
#6159 = ORIENTED_EDGE ( 'NONE', *, *, #1833, .T. ) ;
#6160 = LINE ( 'NONE', #7971, #2260 ) ;
#6161 = ORIENTED_EDGE ( 'NONE', *, *, #5014, .F. ) ;
#6162 = CARTESIAN_POINT ( 'NONE',  ( 12.42271421373332174, 4.235407758178098447, -19.51677218609440345 ) ) ;
#6163 = ORIENTED_EDGE ( 'NONE', *, *, #2054, .T. ) ;
#6164 = VERTEX_POINT ( 'NONE', #5330 ) ;
#6165 = CARTESIAN_POINT ( 'NONE',  ( 26.52108929809674720, 4.670000000000000817, -15.88930831464784355 ) ) ;
#6166 = FACE_OUTER_BOUND ( 'NONE', #5822, .T. ) ;
#6167 = DIRECTION ( 'NONE',  ( 0.8660254037844402619, 0.000000000000000000, -0.4999999999999973355 ) ) ;
#6168 = EDGE_CURVE ( 'NONE', #291, #5538, #2601, .T. ) ;
#6169 = DIRECTION ( 'NONE',  ( -0.000000000000000000, -1.000000000000000000, -0.000000000000000000 ) ) ;
#6170 = AXIS2_PLACEMENT_3D ( 'NONE', #4052, #5810, #5188 ) ;
#6171 = CARTESIAN_POINT ( 'NONE',  ( -15.11789568002105000, 4.670000000000000817, -28.00565879569467498 ) ) ;
#6172 = DIRECTION ( 'NONE',  ( 0.000000000000000000, 0.000000000000000000, -1.000000000000000000 ) ) ;
#6173 = ORIENTED_EDGE ( 'NONE', *, *, #3029, .F. ) ;
#6174 = CARTESIAN_POINT ( 'NONE',  ( -20.03065169145887836, 4.652225243043353942, 12.29462508638811968 ) ) ;
#6175 = ORIENTED_EDGE ( 'NONE', *, *, #1057, .T. ) ;
#6176 = DIRECTION ( 'NONE',  ( 0.000000000000000000, 0.000000000000000000, 1.000000000000000000 ) ) ;
#6177 = LINE ( 'NONE', #8156, #150 ) ;
#6178 = AXIS2_PLACEMENT_3D ( 'NONE', #6576, #763, #3348 ) ;
#6179 = CARTESIAN_POINT ( 'NONE',  ( -11.79575527663642376, 4.624213390368854704, -21.88695908182059213 ) ) ;
#6180 = CARTESIAN_POINT ( 'NONE',  ( -20.51677218609422937, 4.169999999999999929, -10.69066340616475230 ) ) ;
#6181 = ORIENTED_EDGE ( 'NONE', *, *, #7880, .T. ) ;
#6182 = CARTESIAN_POINT ( 'NONE',  ( -20.90152119364758221, 4.670000000000000817, -11.16749888762527654 ) ) ;
#6183 = CARTESIAN_POINT ( 'NONE',  ( -20.08823825474793168, 4.670000000000000817, -12.45294779642481053 ) ) ;
#6184 = EDGE_CURVE ( 'NONE', #2658, #2726, #38, .T. ) ;
#6185 = VERTEX_POINT ( 'NONE', #5831 ) ;
#6186 = CARTESIAN_POINT ( 'NONE',  ( -12.87467732819470889, 4.670000000000000817, 21.29959526348828547 ) ) ;
#6187 = ORIENTED_EDGE ( 'NONE', *, *, #7076, .T. ) ;
#6188 = ORIENTED_EDGE ( 'NONE', *, *, #894, .F. ) ;
#6189 = B_SPLINE_CURVE_WITH_KNOTS ( 'NONE', 3,
 ( #1984, #1422, #6527, #6607, #2708, #2028, #795, #1384 ),
 .UNSPECIFIED., .F., .F.,
 ( 4, 2, 2, 4 ),
 ( 0.000000000000000000, 0.0001927721350689143493, 0.0003855442701378286987, 0.0007710885402756573973 ),
 .UNSPECIFIED. ) ;
#6190 = CARTESIAN_POINT ( 'NONE',  ( -11.17045074767365342, 4.670000000000000817, -20.82868827107931509 ) ) ;
#6191 = EDGE_CURVE ( 'NONE', #4441, #3140, #20, .T. ) ;
#6192 = CARTESIAN_POINT ( 'NONE',  ( -27.64883365011735350, 4.169999999999999929, -13.66095511311972466 ) ) ;
#6193 = EDGE_CURVE ( 'NONE', #1683, #7413, #6536, .T. ) ;
#6194 = ORIENTED_EDGE ( 'NONE', *, *, #3911, .T. ) ;
#6195 = DIRECTION ( 'NONE',  ( 0.000000000000000000, 0.000000000000000000, 1.000000000000000000 ) ) ;
#6196 = CARTESIAN_POINT ( 'NONE',  ( -20.90152119364589467, 0.000000000000000000, 11.16749888762421961 ) ) ;
#6197 = CARTESIAN_POINT ( 'NONE',  ( -21.76932090785388851, 4.649847419183963382, 11.82891209833730173 ) ) ;
#6198 = LINE ( 'NONE', #2887, #4240 ) ;
#6199 = AXIS2_PLACEMENT_3D ( 'NONE', #7286, #5892, #7772 ) ;
#6200 = B_SPLINE_CURVE_WITH_KNOTS ( 'NONE', 3,
 ( #2411, #415, #5695, #8339, #8293, #5100 ),
 .UNSPECIFIED., .F., .F.,
 ( 4, 2, 4 ),
 ( 0.000000000000000000, 0.0003728317659254085006, 0.0007456635318508170011 ),
 .UNSPECIFIED. ) ;
#6201 = CARTESIAN_POINT ( 'NONE',  ( -9.534673571902855471, 4.670000000000000817, -14.51453906012038431 ) ) ;
#6202 = ADVANCED_FACE ( 'NONE', ( #726 ), #3313, .F. ) ;
#6203 = CARTESIAN_POINT ( 'NONE',  ( 6.803396272409817591, 4.594796211444701406, -14.93662737597494861 ) ) ;
#6204 = ORIENTED_EDGE ( 'NONE', *, *, #6605, .F. ) ;
#6205 = VERTEX_POINT ( 'NONE', #7423 ) ;
#6206 = VECTOR ( 'NONE', #4756, 999.9999999999998863 ) ;
#6207 = DIRECTION ( 'NONE',  ( 0.4999999999999967248, -0.000000000000000000, -0.8660254037844405950 ) ) ;
#6208 = ORIENTED_EDGE ( 'NONE', *, *, #6972, .T. ) ;
#6209 = CARTESIAN_POINT ( 'NONE',  ( 11.82891209833689139, 4.649847419183624986, 21.76932090785539842 ) ) ;
#6210 = VECTOR ( 'NONE', #721, 1000.000000000000000 ) ;
#6211 = VERTEX_POINT ( 'NONE', #6186 ) ;
#6212 = ADVANCED_FACE ( 'NONE', ( #4925 ), #5448, .T. ) ;
#6213 = CARTESIAN_POINT ( 'NONE',  ( 0.000000000000000000, 4.169999999999999929, 25.13500000000000512 ) ) ;
#6214 = CARTESIAN_POINT ( 'NONE',  ( -21.73089628913042404, 4.670000000000006146, 11.71250177135380000 ) ) ;
#6215 = CARTESIAN_POINT ( 'NONE',  ( 10.77069089440173322, 4.410773209854733423, -20.54003290370784285 ) ) ;
#6216 = VECTOR ( 'NONE', #1580, 1000.000000000000114 ) ;
#6217 = CYLINDRICAL_SURFACE ( 'NONE', #4887, 1.000000000000084155 ) ;
#6218 = B_SPLINE_CURVE_WITH_KNOTS ( 'NONE', 3,
 ( #5949, #4673, #2263, #3535, #2218, #4815, #6611, #5991, #6126, #365 ),
 .UNSPECIFIED., .F., .F.,
 ( 4, 2, 2, 2, 4 ),
 ( 0.000000000000000000, 0.0005397884019412690351, 0.0008096826029119061005, 0.0009446297033972279400, 0.001079576803882549780 ),
 .UNSPECIFIED. ) ;
#6219 = ORIENTED_EDGE ( 'NONE', *, *, #6486, .T. ) ;
#6220 = CARTESIAN_POINT ( 'NONE',  ( 0.000000000000000000, 4.670000000000000817, 0.000000000000000000 ) ) ;
#6221 = EDGE_CURVE ( 'NONE', #3845, #5303, #5856, .T. ) ;
#6222 = LINE ( 'NONE', #3717, #2444 ) ;
#6223 = CARTESIAN_POINT ( 'NONE',  ( -28.41310023613404212, 0.000000000000000000, -14.30585555931153330 ) ) ;
#6224 = DIRECTION ( 'NONE',  ( -0.000000000000000000, -1.000000000000000000, -0.000000000000000000 ) ) ;
#6225 = ORIENTED_EDGE ( 'NONE', *, *, #6457, .T. ) ;
#6226 = CARTESIAN_POINT ( 'NONE',  ( -27.09781831826671450, 4.670000000000000817, 16.70337033729496667 ) ) ;
#6227 = CARTESIAN_POINT ( 'NONE',  ( -21.25031422186811270, 2.669999999999999929, 13.42357517473902817 ) ) ;
#6228 = DIRECTION ( 'NONE',  ( 0.9478283262025931633, 0.000000000000000000, 0.3187812165859063018 ) ) ;
#6229 = VERTEX_POINT ( 'NONE', #842 ) ;
#6230 = VECTOR ( 'NONE', #4229, 1000.000000000000000 ) ;
#6231 = ADVANCED_FACE ( 'NONE', ( #1630 ), #913, .T. ) ;
#6232 = CARTESIAN_POINT ( 'NONE',  ( -27.64883365011735350, 0.000000000000000000, -13.66095511311972466 ) ) ;
#6233 = LINE ( 'NONE', #421, #6941 ) ;
#6234 = EDGE_LOOP ( 'NONE', ( #3612, #1943, #407, #6518 ) ) ;
#6235 = ORIENTED_EDGE ( 'NONE', *, *, #6065, .T. ) ;
#6236 = DIRECTION ( 'NONE',  ( 0.000000000000000000, 1.000000000000000000, 0.000000000000000000 ) ) ;
#6237 = CARTESIAN_POINT ( 'NONE',  ( 14.30585555931270569, 4.169999999999999929, 28.41310023613298341 ) ) ;
#6238 = FACE_OUTER_BOUND ( 'NONE', #8183, .T. ) ;
#6239 = CIRCLE ( 'NONE', #4738, 0.9000000000027943425 ) ;
#6240 = ORIENTED_EDGE ( 'NONE', *, *, #400, .F. ) ;
#6241 = ORIENTED_EDGE ( 'NONE', *, *, #3494, .T. ) ;
#6242 = EDGE_CURVE ( 'NONE', #7953, #606, #2554, .T. ) ;
#6243 = VECTOR ( 'NONE', #2922, 1000.000000000000227 ) ;
#6244 = PLANE ( 'NONE',  #1343 ) ;
#6245 = EDGE_CURVE ( 'NONE', #8124, #5782, #295, .T. ) ;
#6246 = LINE ( 'NONE', #3782, #2062 ) ;
#6247 = CARTESIAN_POINT ( 'NONE',  ( -15.05151636371480173, 4.334259341492229467, 6.495079341528401606 ) ) ;
#6248 = CARTESIAN_POINT ( 'NONE',  ( 1.689999999999747704, 2.669999999999999929, 24.35665843275940645 ) ) ;
#6249 = CARTESIAN_POINT ( 'NONE',  ( 19.76677218609431108, 4.169999999999999929, -11.98970151184125932 ) ) ;
#6250 = ORIENTED_EDGE ( 'NONE', *, *, #4547, .T. ) ;
#6251 = VECTOR ( 'NONE', #3596, 1000.000000000000114 ) ;
#6252 = AXIS2_PLACEMENT_3D ( 'NONE', #6902, #7555, #3624 ) ;
#6253 = ORIENTED_EDGE ( 'NONE', *, *, #3802, .T. ) ;
#6254 = FACE_OUTER_BOUND ( 'NONE', #2214, .T. ) ;
#6255 = EDGE_CURVE ( 'NONE', #1086, #5613, #5567, .T. ) ;
#6256 = VERTEX_POINT ( 'NONE', #3550 ) ;
#6257 = VECTOR ( 'NONE', #4149, 1000.000000000000000 ) ;
#6258 = FACE_OUTER_BOUND ( 'NONE', #7538, .T. ) ;
#6259 = EDGE_LOOP ( 'NONE', ( #3570, #2626, #3143, #190, #5787, #4265 ) ) ;
#6260 = LINE ( 'NONE', #2990, #6157 ) ;
#6261 = DIRECTION ( 'NONE',  ( 0.000000000000000000, 0.000000000000000000, -1.000000000000000000 ) ) ;
#6262 = AXIS2_PLACEMENT_3D ( 'NONE', #2846, #2205, #4889 ) ;
#6263 = CIRCLE ( 'NONE', #2614, 0.9000000000000084599 ) ;
#6264 = DIRECTION ( 'NONE',  ( 0.000000000000000000, 0.000000000000000000, 1.000000000000000000 ) ) ;
#6265 = EDGE_CURVE ( 'NONE', #2390, #380, #2933, .T. ) ;
#6266 = VERTEX_POINT ( 'NONE', #2959 ) ;
#6267 = CARTESIAN_POINT ( 'NONE',  ( -14.80393694213707079, 4.669999999999999041, -7.079577077550711195 ) ) ;
#6268 = CARTESIAN_POINT ( 'NONE',  ( 0.000000000000000000, 2.669999999999999929, 0.000000000000000000 ) ) ;
#6269 = DIRECTION ( 'NONE',  ( 0.8660254037844253849, 0.000000000000000000, -0.5000000000000230926 ) ) ;
#6270 = PLANE ( 'NONE',  #3018 ) ;
#6271 = CIRCLE ( 'NONE', #5071, 1.000000000000000888 ) ;
#6272 = VECTOR ( 'NONE', #4585, 1000.000000000000227 ) ;
#6273 = ORIENTED_EDGE ( 'NONE', *, *, #1562, .F. ) ;
#6274 = FACE_OUTER_BOUND ( 'NONE', #2414, .T. ) ;
#6275 = CARTESIAN_POINT ( 'NONE',  ( 0.000000000000000000, 0.000000000000000000, 0.000000000000000000 ) ) ;
#6276 = DIRECTION ( 'NONE',  ( 0.000000000000000000, 1.000000000000000000, 0.000000000000000000 ) ) ;
#6277 = ORIENTED_EDGE ( 'NONE', *, *, #2234, .T. ) ;
#6278 = EDGE_LOOP ( 'NONE', ( #2491, #6379, #1096, #1355 ) ) ;
#6279 = VECTOR ( 'NONE', #8013, 1000.000000000000227 ) ;
#6280 = CARTESIAN_POINT ( 'NONE',  ( -15.51453906012018891, 0.000000000000000000, -7.802622764334316230 ) ) ;
#6281 = ORIENTED_EDGE ( 'NONE', *, *, #4805, .F. ) ;
#6282 = ORIENTED_EDGE ( 'NONE', *, *, #7612, .F. ) ;
#6283 = LINE ( 'NONE', #4337, #1378 ) ;
#6284 = FACE_OUTER_BOUND ( 'NONE', #7505, .T. ) ;
#6285 = AXIS2_PLACEMENT_3D ( 'NONE', #3444, #4686, #1522 ) ;
#6286 = ORIENTED_EDGE ( 'NONE', *, *, #5234, .T. ) ;
#6287 = DIRECTION ( 'NONE',  ( 0.8660254037844309360, 0.000000000000000000, -0.5000000000000135447 ) ) ;
#6288 = EDGE_CURVE ( 'NONE', #5782, #133, #6144, .T. ) ;
#6289 = ORIENTED_EDGE ( 'NONE', *, *, #4482, .F. ) ;
#6290 = VECTOR ( 'NONE', #2041, 999.9999999999998863 ) ;
#6291 = CARTESIAN_POINT ( 'NONE',  ( 14.95634525295768213, 4.669999999999999929, 28.08613804526498825 ) ) ;
#6292 = DIRECTION ( 'NONE',  ( 0.9478283262025980482, -0.000000000000000000, -0.3187812165858919244 ) ) ;
#6293 = B_SPLINE_CURVE_WITH_KNOTS ( 'NONE', 3,
 ( #610, #4433, #7012, #6758, #3193, #2561, #5166, #1188 ),
 .UNSPECIFIED., .F., .F.,
 ( 4, 2, 2, 4 ),
 ( 0.000000000000000000, 0.0001927721350680223491, 0.0003855442701360446982, 0.0007710885402720893964 ),
 .UNSPECIFIED. ) ;
#6294 = CARTESIAN_POINT ( 'NONE',  ( 6.840265628005349541, 4.633433839433886092, 14.90108317639360358 ) ) ;
#6295 = ORIENTED_EDGE ( 'NONE', *, *, #2065, .T. ) ;
#6296 = EDGE_CURVE ( 'NONE', #202, #1011, #4200, .T. ) ;
#6297 = CARTESIAN_POINT ( 'NONE',  ( 16.26425990897035945, 4.431339364532004055, -26.27899918359956999 ) ) ;
#6298 = EDGE_CURVE ( 'NONE', #3868, #5145, #4248, .T. ) ;
#6299 = EDGE_LOOP ( 'NONE', ( #2563, #483, #3438, #3700, #1082 ) ) ;
#6300 = CARTESIAN_POINT ( 'NONE',  ( -9.706518947589986013, 4.463880146591668208, -13.21359053816951956 ) ) ;
#6301 = ORIENTED_EDGE ( 'NONE', *, *, #227, .F. ) ;
#6302 = LINE ( 'NONE', #1156, #7908 ) ;
#6303 = ORIENTED_EDGE ( 'NONE', *, *, #6751, .F. ) ;
#6304 = B_SPLINE_CURVE_WITH_KNOTS ( 'NONE', 3,
 ( #7143, #2114, #767, #1432 ),
 .UNSPECIFIED., .F., .F.,
 ( 4, 4 ),
 ( 0.0002302718042597366808, 0.0004006657018487424539 ),
 .UNSPECIFIED. ) ;
#6305 = DIRECTION ( 'NONE',  ( -0.000000000000000000, -1.000000000000000000, 0.000000000000000000 ) ) ;
#6306 = DIRECTION ( 'NONE',  ( -0.4999999999999973910, 0.000000000000000000, -0.8660254037844401509 ) ) ;
#6307 = DIRECTION ( 'NONE',  ( 0.000000000000000000, 0.000000000000000000, 1.000000000000000000 ) ) ;
#6308 = EDGE_CURVE ( 'NONE', #620, #7721, #1680, .T. ) ;
#6309 = CARTESIAN_POINT ( 'NONE',  ( 0.000000000000000000, 4.169999999999999929, 23.63499999999999801 ) ) ;
#6310 = ORIENTED_EDGE ( 'NONE', *, *, #419, .F. ) ;
#6311 = DIRECTION ( 'NONE',  ( 0.000000000000000000, 0.000000000000000000, 1.000000000000000000 ) ) ;
#6312 = CYLINDRICAL_SURFACE ( 'NONE', #7960, 23.13499999999999801 ) ;
#6313 = LINE ( 'NONE', #7729, #3657 ) ;
#6314 = CARTESIAN_POINT ( 'NONE',  ( -20.66278350054735924, 4.652225243043044856, -11.19974067597114242 ) ) ;
#6315 = AXIS2_PLACEMENT_3D ( 'NONE', #3246, #7898, #1290 ) ;
#6316 = ORIENTED_EDGE ( 'NONE', *, *, #6451, .F. ) ;
#6317 = FACE_OUTER_BOUND ( 'NONE', #7688, .T. ) ;
#6318 = DIRECTION ( 'NONE',  ( 0.000000000000000000, 1.000000000000000000, 0.000000000000000000 ) ) ;
#6319 = CARTESIAN_POINT ( 'NONE',  ( 0.000000000000000000, 4.169999999999999929, 0.000000000000000000 ) ) ;
#6320 = ADVANCED_FACE ( 'NONE', ( #5524 ), #3953, .T. ) ;
#6321 = ORIENTED_EDGE ( 'NONE', *, *, #5758, .F. ) ;
#6322 = LINE ( 'NONE', #5699, #4218 ) ;
#6323 = ORIENTED_EDGE ( 'NONE', *, *, #4861, .F. ) ;
#6324 = EDGE_LOOP ( 'NONE', ( #6355, #4507, #3905, #7794, #5908 ) ) ;
#6325 = VERTEX_POINT ( 'NONE', #2279 ) ;
#6326 = FACE_OUTER_BOUND ( 'NONE', #2305, .T. ) ;
#6327 = EDGE_CURVE ( 'NONE', #2409, #3744, #6031, .T. ) ;
#6328 = ORIENTED_EDGE ( 'NONE', *, *, #2936, .T. ) ;
#6329 = CARTESIAN_POINT ( 'NONE',  ( 20.90152119364996608, 0.000000000000000000, 11.16749888762115006 ) ) ;
#6330 = DIRECTION ( 'NONE',  ( -0.000000000000000000, 1.000000000000000000, -0.000000000000000000 ) ) ;
#6331 = ADVANCED_FACE ( 'NONE', ( #5407 ), #7993, .T. ) ;
#6332 = LINE ( 'NONE', #2896, #4247 ) ;
#6333 = CARTESIAN_POINT ( 'NONE',  ( -20.90152119364758221, 4.670000000000000817, -12.06749888762527867 ) ) ;
#6334 = ORIENTED_EDGE ( 'NONE', *, *, #4838, .T. ) ;
#6335 = DIRECTION ( 'NONE',  ( 0.000000000000000000, 0.000000000000000000, 1.000000000000000000 ) ) ;
#6336 = ORIENTED_EDGE ( 'NONE', *, *, #4849, .T. ) ;
#6337 = CARTESIAN_POINT ( 'NONE',  ( -9.787677972865907350, 4.333924488437149947, -13.14972079296667395 ) ) ;
#6338 = EDGE_LOOP ( 'NONE', ( #4461, #5452, #1061, #8051, #6888 ) ) ;
#6339 = DIRECTION ( 'NONE',  ( -0.000000000000000000, -1.000000000000000000, -0.000000000000000000 ) ) ;
#6340 = EDGE_CURVE ( 'NONE', #8295, #3788, #1510, .T. ) ;
#6341 = FACE_OUTER_BOUND ( 'NONE', #5050, .T. ) ;
#6342 = VERTEX_POINT ( 'NONE', #5085 ) ;
#6343 = DIRECTION ( 'NONE',  ( -0.000000000000000000, -1.000000000000000000, -0.000000000000000000 ) ) ;
#6344 = DIRECTION ( 'NONE',  ( -0.5000000000000002220, 0.000000000000000000, -0.8660254037844385966 ) ) ;
#6345 = CARTESIAN_POINT ( 'NONE',  ( 16.30967357190285583, 4.670000000000000817, -26.24918328139951029 ) ) ;
#6346 = PLANE ( 'NONE',  #7061 ) ;
#6347 = VERTEX_POINT ( 'NONE', #3160 ) ;
#6348 = CARTESIAN_POINT ( 'NONE',  ( -11.12367610805690177, 4.169999999999999929, 20.26677218609426134 ) ) ;
#6349 = DIRECTION ( 'NONE',  ( 0.000000000000000000, 1.000000000000000000, 0.000000000000000000 ) ) ;
#6350 = ADVANCED_FACE ( 'NONE', ( #618 ), #1795, .T. ) ;
#6351 = CARTESIAN_POINT ( 'NONE',  ( 12.42271421373347984, 4.670000000000000817, 19.51677218609430398 ) ) ;
#6352 = EDGE_CURVE ( 'NONE', #1715, #7916, #3115, .T. ) ;
#6353 = ORIENTED_EDGE ( 'NONE', *, *, #7497, .F. ) ;
#6354 = CARTESIAN_POINT ( 'NONE',  ( 17.11411476945192689, 0.000000000000000000, -25.65515099297916990 ) ) ;
#6355 = ORIENTED_EDGE ( 'NONE', *, *, #6065, .F. ) ;
#6356 = PLANE ( 'NONE',  #3113 ) ;
#6357 = DIRECTION ( 'NONE',  ( 0.8660254037844385966, 0.000000000000000000, -0.5000000000000000000 ) ) ;
#6358 = VECTOR ( 'NONE', #6883, 1000.000000000000000 ) ;
#6359 = ORIENTED_EDGE ( 'NONE', *, *, #8283, .F. ) ;
#6360 = VERTEX_POINT ( 'NONE', #3072 ) ;
#6361 = DIRECTION ( 'NONE',  ( 0.000000000000000000, 1.000000000000000000, 0.000000000000000000 ) ) ;
#6362 = CARTESIAN_POINT ( 'NONE',  ( -21.25031422186808427, 0.000000000000000000, -13.42357517473907613 ) ) ;
#6363 = EDGE_CURVE ( 'NONE', #7721, #2663, #5845, .T. ) ;
#6364 = ORIENTED_EDGE ( 'NONE', *, *, #3192, .F. ) ;
#6365 = ORIENTED_EDGE ( 'NONE', *, *, #2576, .F. ) ;
#6366 = CARTESIAN_POINT ( 'NONE',  ( 20.66278350054746227, 4.652225243042692249, 11.19974067596730727 ) ) ;
#6367 = CARTESIAN_POINT ( 'NONE',  ( 0.000000000000000000, 4.670000000000000817, 0.000000000000000000 ) ) ;
#6368 = ORIENTED_EDGE ( 'NONE', *, *, #6298, .T. ) ;
#6369 = AXIS2_PLACEMENT_3D ( 'NONE', #5803, #4483, #7767 ) ;
#6370 = ORIENTED_EDGE ( 'NONE', *, *, #7308, .T. ) ;
#6371 = CARTESIAN_POINT ( 'NONE',  ( 0.000000000000000000, 4.670000000000000817, 0.000000000000000000 ) ) ;
#6372 = EDGE_CURVE ( 'NONE', #2792, #1548, #7170, .T. ) ;
#6373 = CARTESIAN_POINT ( 'NONE',  ( -21.25031422186807362, 4.169999999999999929, -13.42357517473909390 ) ) ;
#6374 = AXIS2_PLACEMENT_3D ( 'NONE', #6419, #1914, #3102 ) ;
#6375 = CIRCLE ( 'NONE', #2156, 23.13499999999999446 ) ;
#6376 = CARTESIAN_POINT ( 'NONE',  ( 0.000000000000000000, 2.669999999999999929, 0.000000000000000000 ) ) ;
#6377 = LINE ( 'NONE', #3231, #4666 ) ;
#6378 = CARTESIAN_POINT ( 'NONE',  ( 6.664811511291444113, 4.516658559703445874, -14.98996910244079217 ) ) ;
#6379 = ORIENTED_EDGE ( 'NONE', *, *, #4048, .T. ) ;
#6380 = VERTEX_POINT ( 'NONE', #5802 ) ;
#6381 = VECTOR ( 'NONE', #5173, 1000.000000000000114 ) ;
#6382 = AXIS2_PLACEMENT_3D ( 'NONE', #3893, #4446, #1930 ) ;
#6383 = FACE_OUTER_BOUND ( 'NONE', #4688, .T. ) ;
#6384 = VERTEX_POINT ( 'NONE', #8368 ) ;
#6385 = CARTESIAN_POINT ( 'NONE',  ( -1.689999999999918012, 0.000000000000000000, -24.35665843275939579 ) ) ;
#6386 = ORIENTED_EDGE ( 'NONE', *, *, #4760, .T. ) ;
#6387 = CARTESIAN_POINT ( 'NONE',  ( -11.77059780046714188, 4.662126207124913435, -21.75328838229521011 ) ) ;
#6388 = ORIENTED_EDGE ( 'NONE', *, *, #5000, .T. ) ;
#6389 = AXIS2_PLACEMENT_3D ( 'NONE', #996, #873, #8117 ) ;
#6390 = ORIENTED_EDGE ( 'NONE', *, *, #6129, .T. ) ;
#6391 = DIRECTION ( 'NONE',  ( -0.000000000000000000, -1.000000000000000000, -0.000000000000000000 ) ) ;
#6392 = EDGE_CURVE ( 'NONE', #168, #2361, #4404, .T. ) ;
#6393 = LINE ( 'NONE', #2010, #4625 ) ;
#6394 = AXIS2_PLACEMENT_3D ( 'NONE', #7428, #5450, #6662 ) ;
#6395 = AXIS2_PLACEMENT_3D ( 'NONE', #1442, #3552, #3282 ) ;
#6396 = ORIENTED_EDGE ( 'NONE', *, *, #2141, .T. ) ;
#6397 = CARTESIAN_POINT ( 'NONE',  ( 15.51453906012024220, 4.169999999999999929, 7.802622764334208760 ) ) ;
#6398 = CARTESIAN_POINT ( 'NONE',  ( -10.69066340616468302, 4.169999999999999929, 20.51677218609426490 ) ) ;
#6399 = ORIENTED_EDGE ( 'NONE', *, *, #8153, .T. ) ;
#6400 = CARTESIAN_POINT ( 'NONE',  ( 12.29462508638849094, 4.652225243043065284, 20.03065169145742175 ) ) ;
#6401 = ORIENTED_EDGE ( 'NONE', *, *, #7549, .F. ) ;
#6402 = CARTESIAN_POINT ( 'NONE',  ( 26.59578445530213386, 4.670000000000000817, 17.45353882510844912 ) ) ;
#6403 = CYLINDRICAL_SURFACE ( 'NONE', #329, 0.5000000000000002220 ) ;
#6404 = DIRECTION ( 'NONE',  ( 0.000000000000000000, 1.000000000000000000, 0.000000000000000000 ) ) ;
#6405 = ORIENTED_EDGE ( 'NONE', *, *, #8296, .F. ) ;
#6406 = EDGE_CURVE ( 'NONE', #4166, #2775, #5678, .T. ) ;
#6407 = EDGE_CURVE ( 'NONE', #7763, #5953, #6548, .T. ) ;
#6408 = DIRECTION ( 'NONE',  ( 0.000000000000000000, 0.000000000000000000, 1.000000000000000000 ) ) ;
#6409 = AXIS2_PLACEMENT_3D ( 'NONE', #3912, #3954, #1539 ) ;
#6410 = EDGE_LOOP ( 'NONE', ( #1889, #3310, #3294, #6597 ) ) ;
#6411 = ORIENTED_EDGE ( 'NONE', *, *, #775, .T. ) ;
#6412 = CARTESIAN_POINT ( 'NONE',  ( 28.41310023613412383, 4.670000000000000817, 14.30585555931132369 ) ) ;
#6413 = CARTESIAN_POINT ( 'NONE',  ( 7.802622764334153693, 0.000000000000000000, -15.51453906012027062 ) ) ;
#6414 = VERTEX_POINT ( 'NONE', #5175 ) ;
#6415 = AXIS2_PLACEMENT_3D ( 'NONE', #4190, #2318, #1669 ) ;
#6416 = AXIS2_PLACEMENT_3D ( 'NONE', #7128, #3898, #3250 ) ;
#6417 = EDGE_CURVE ( 'NONE', #202, #4378, #3841, .T. ) ;
#6418 = ORIENTED_EDGE ( 'NONE', *, *, #7870, .T. ) ;
#6419 = CARTESIAN_POINT ( 'NONE',  ( 0.000000000000000000, 4.670000000000000817, 0.000000000000000000 ) ) ;
#6420 = CARTESIAN_POINT ( 'NONE',  ( 2.924091636693207708, 0.000000000000000000, -5.064675280739946217 ) ) ;
#6421 = AXIS2_PLACEMENT_3D ( 'NONE', #6753, #1486, #2167 ) ;
#6422 = DIRECTION ( 'NONE',  ( 1.000000000000000000, 0.000000000000000000, 6.921832167980893463E-15 ) ) ;
#6423 = DIRECTION ( 'NONE',  ( -0.000000000000000000, -1.000000000000000000, -0.000000000000000000 ) ) ;
#6424 = B_SPLINE_CURVE_WITH_KNOTS ( 'NONE', 3,
 ( #1085, #4921, #1544, #5485 ),
 .UNSPECIFIED., .F., .F.,
 ( 4, 4 ),
 ( 3.576224061345498163E-17, 0.0001831339601480924987 ),
 .UNSPECIFIED. ) ;
#6425 = ORIENTED_EDGE ( 'NONE', *, *, #4789, .F. ) ;
#6426 = CARTESIAN_POINT ( 'NONE',  ( -17.11411476945210453, 4.169999999999999929, 25.65515099297905266 ) ) ;
#6427 = EDGE_CURVE ( 'NONE', #4287, #1059, #3111, .T. ) ;
#6428 = ORIENTED_EDGE ( 'NONE', *, *, #5350, .T. ) ;
#6429 = AXIS2_PLACEMENT_3D ( 'NONE', #7483, #5632, #315 ) ;
#6430 = DIRECTION ( 'NONE',  ( 0.8660254037844338226, 0.000000000000000000, 0.5000000000000083267 ) ) ;
#6431 = CARTESIAN_POINT ( 'NONE',  ( -19.51677218609426490, 4.670000000000000817, -12.42271421373352958 ) ) ;
#6432 = CARTESIAN_POINT ( 'NONE',  ( 11.69152436717009280, 4.296427799499034528, -22.25031422186815178 ) ) ;
#6433 = ORIENTED_EDGE ( 'NONE', *, *, #7362, .T. ) ;
#6434 = DIRECTION ( 'NONE',  ( 0.000000000000000000, -0.000000000000000000, 1.000000000000000000 ) ) ;
#6435 = CARTESIAN_POINT ( 'NONE',  ( -28.41310023613407765, 4.670000000000000817, -14.30585555931155461 ) ) ;
#6436 = ORIENTED_EDGE ( 'NONE', *, *, #1722, .F. ) ;
#6437 = CARTESIAN_POINT ( 'NONE',  ( -20.55250958649724424, 4.459267797769909336, 10.81375028943259764 ) ) ;
#6438 = CARTESIAN_POINT ( 'NONE',  ( 26.59578445530147306, 4.169999999999999929, -17.45353882511041377 ) ) ;
#6439 = ADVANCED_FACE ( 'NONE', ( #3887 ), #6466, .F. ) ;
#6440 = ORIENTED_EDGE ( 'NONE', *, *, #4393, .F. ) ;
#6441 = CARTESIAN_POINT ( 'NONE',  ( 10.69066340616454092, 0.000000000000000000, 20.51677218609433950 ) ) ;
#6442 = CARTESIAN_POINT ( 'NONE',  ( 26.24918328139943213, 0.000000000000000000, 16.30967357190298017 ) ) ;
#6443 = DIRECTION ( 'NONE',  ( 3.378977344427017999E-15, 0.000000000000000000, -1.000000000000000000 ) ) ;
#6444 = FACE_OUTER_BOUND ( 'NONE', #4125, .T. ) ;
#6445 = AXIS2_PLACEMENT_3D ( 'NONE', #5682, #5548, #8281 ) ;
#6446 = VERTEX_POINT ( 'NONE', #6939 ) ;
#6447 = ORIENTED_EDGE ( 'NONE', *, *, #6713, .T. ) ;
#6448 = EDGE_CURVE ( 'NONE', #4439, #3155, #6302, .T. ) ;
#6449 = ORIENTED_EDGE ( 'NONE', *, *, #775, .F. ) ;
#6450 = VERTEX_POINT ( 'NONE', #529 ) ;
#6451 = EDGE_CURVE ( 'NONE', #4955, #5771, #2465, .T. ) ;
#6452 = DIRECTION ( 'NONE',  ( -0.3187812165859061353, 0.000000000000000000, 0.9478283262025933853 ) ) ;
#6453 = ORIENTED_EDGE ( 'NONE', *, *, #6804, .F. ) ;
#6454 = ORIENTED_EDGE ( 'NONE', *, *, #6685, .T. ) ;
#6455 = CARTESIAN_POINT ( 'NONE',  ( 26.59578445530213386, 4.169999999999999929, 17.45353882510844912 ) ) ;
#6456 = DIRECTION ( 'NONE',  ( -1.000000000000000000, 0.000000000000000000, 0.000000000000000000 ) ) ;
#6457 = EDGE_CURVE ( 'NONE', #1633, #3581, #7281, .T. ) ;
#6458 = ADVANCED_FACE ( 'NONE', ( #7240 ), #5226, .F. ) ;
#6459 = DIRECTION ( 'NONE',  ( 0.000000000000000000, -0.000000000000000000, 1.000000000000000000 ) ) ;
#6460 = CARTESIAN_POINT ( 'NONE',  ( -20.71634633786858970, 4.663204079747910846, 11.18500446483831823 ) ) ;
#6461 = VERTEX_POINT ( 'NONE', #6145 ) ;
#6462 = CARTESIAN_POINT ( 'NONE',  ( 10.69066340616454092, 0.000000000000000000, 20.51677218609433950 ) ) ;
#6463 = CARTESIAN_POINT ( 'NONE',  ( -12.45294779642476968, 4.670000000000000817, 20.08823825474796010 ) ) ;
#6464 = ORIENTED_EDGE ( 'NONE', *, *, #7090, .F. ) ;
#6465 = LINE ( 'NONE', #3790, #5980 ) ;
#6466 = CYLINDRICAL_SURFACE ( 'NONE', #7346, 1.000000000000025091 ) ;
#6467 = VERTEX_POINT ( 'NONE', #6550 ) ;
#6468 = CARTESIAN_POINT ( 'NONE',  ( 13.48479446745772314, 4.669999999999999929, 9.348587621511219581 ) ) ;
#6469 = ADVANCED_FACE ( 'NONE', ( #3403 ), #7195, .T. ) ;
#6470 = ORIENTED_EDGE ( 'NONE', *, *, #3568, .T. ) ;
#6471 = ORIENTED_EDGE ( 'NONE', *, *, #3482, .T. ) ;
#6472 = CARTESIAN_POINT ( 'NONE',  ( 22.25031422186815533, 4.169999999999999929, 11.69152436717008570 ) ) ;
#6473 = DIRECTION ( 'NONE',  ( -0.000000000000000000, -1.000000000000000000, -0.000000000000000000 ) ) ;
#6474 = CARTESIAN_POINT ( 'NONE',  ( 20.03065169146226765, 4.652225243043001335, 12.29462508638661866 ) ) ;
#6475 = ORIENTED_EDGE ( 'NONE', *, *, #3591, .F. ) ;
#6476 = DIRECTION ( 'NONE',  ( 0.000000000000000000, 1.000000000000000000, 0.000000000000000000 ) ) ;
#6477 = EDGE_CURVE ( 'NONE', #745, #2606, #8176, .T. ) ;
#6478 = CIRCLE ( 'NONE', #1042, 23.63499999999999801 ) ;
#6479 = ORIENTED_EDGE ( 'NONE', *, *, #612, .T. ) ;
#6480 = DIRECTION ( 'NONE',  ( 0.000000000000000000, 0.000000000000000000, -1.000000000000000000 ) ) ;
#6481 = PLANE ( 'NONE',  #2840 ) ;
#6482 = CARTESIAN_POINT ( 'NONE',  ( 27.24918328139932555, 4.169999999999999929, -14.57762276433428994 ) ) ;
#6483 = FACE_OUTER_BOUND ( 'NONE', #5883, .T. ) ;
#6484 = VERTEX_POINT ( 'NONE', #3361 ) ;
#6485 = AXIS2_PLACEMENT_3D ( 'NONE', #8129, #1593, #2158 ) ;
#6486 = EDGE_CURVE ( 'NONE', #496, #7133, #5456, .T. ) ;
#6487 = ORIENTED_EDGE ( 'NONE', *, *, #5801, .T. ) ;
#6488 = ORIENTED_EDGE ( 'NONE', *, *, #2612, .T. ) ;
#6489 = CARTESIAN_POINT ( 'NONE',  ( -16.10947718289841291, 4.615696297820607086, -26.37955034849458613 ) ) ;
#6490 = VECTOR ( 'NONE', #6744, 1000.000000000000000 ) ;
#6491 = FACE_OUTER_BOUND ( 'NONE', #5813, .T. ) ;
#6492 = VERTEX_POINT ( 'NONE', #153 ) ;
#6493 = EDGE_CURVE ( 'NONE', #5238, #3902, #2178, .T. ) ;
#6494 = ORIENTED_EDGE ( 'NONE', *, *, #8387, .T. ) ;
#6495 = DIRECTION ( 'NONE',  ( 0.000000000000000000, 0.000000000000000000, 1.000000000000000000 ) ) ;
#6496 = CARTESIAN_POINT ( 'NONE',  ( -24.35665843275938514, 2.669999999999999929, -1.689999999999996838 ) ) ;
#6497 = DIRECTION ( 'NONE',  ( 0.000000000000000000, 0.000000000000000000, 1.000000000000000000 ) ) ;
#6498 = CARTESIAN_POINT ( 'NONE',  ( -15.51453906012018891, 0.000000000000000000, -7.802622764334316230 ) ) ;
#6499 = ORIENTED_EDGE ( 'NONE', *, *, #4946, .T. ) ;
#6500 = CARTESIAN_POINT ( 'NONE',  ( -13.42357517473899620, 4.296427799499262790, 21.25031422186812335 ) ) ;
#6501 = CARTESIAN_POINT ( 'NONE',  ( 19.51677218609430042, 4.169999999999999929, -12.42271421373347096 ) ) ;
#6502 = ORIENTED_EDGE ( 'NONE', *, *, #1885, .T. ) ;
#6503 = EDGE_CURVE ( 'NONE', #4076, #1362, #7796, .T. ) ;
#6504 = EDGE_CURVE ( 'NONE', #1683, #6716, #186, .T. ) ;
#6505 = TOROIDAL_SURFACE ( 'NONE', #5842, 1.500000000000001110, 0.5000000000000000000 ) ;
#6506 = CARTESIAN_POINT ( 'NONE',  ( 26.99918328139931845, 4.670000000000000817, -15.01063546622650513 ) ) ;
#6507 = CARTESIAN_POINT ( 'NONE',  ( -12.06749888762342060, 4.670000000000000817, 20.90152119364811156 ) ) ;
#6508 = CARTESIAN_POINT ( 'NONE',  ( -12.06749888762499268, 0.000000000000000000, -20.90152119364775274 ) ) ;
#6509 = ORIENTED_EDGE ( 'NONE', *, *, #444, .T. ) ;
#6510 = ORIENTED_EDGE ( 'NONE', *, *, #2141, .F. ) ;
#6511 = AXIS2_PLACEMENT_3D ( 'NONE', #7114, #5263, #5800 ) ;
#6512 = FACE_OUTER_BOUND ( 'NONE', #3618, .T. ) ;
#6513 = EDGE_CURVE ( 'NONE', #6122, #3448, #1099, .T. ) ;
#6514 = FACE_OUTER_BOUND ( 'NONE', #7973, .T. ) ;
#6515 = ORIENTED_EDGE ( 'NONE', *, *, #50, .F. ) ;
#6516 = AXIS2_PLACEMENT_3D ( 'NONE', #2142, #6136, #5482 ) ;
#6517 = CYLINDRICAL_SURFACE ( 'NONE', #4112, 0.4999999999999991118 ) ;
#6518 = ORIENTED_EDGE ( 'NONE', *, *, #4228, .T. ) ;
#6519 = DIRECTION ( 'NONE',  ( 0.000000000000000000, 1.000000000000000000, 0.000000000000000000 ) ) ;
#6520 = ORIENTED_EDGE ( 'NONE', *, *, #2369, .T. ) ;
#6521 = DIRECTION ( 'NONE',  ( 0.000000000000000000, 0.000000000000000000, 1.000000000000000000 ) ) ;
#6522 = CARTESIAN_POINT ( 'NONE',  ( 20.51677218609434306, 4.670000000000000817, 10.69066340616454802 ) ) ;
#6523 = ORIENTED_EDGE ( 'NONE', *, *, #6352, .T. ) ;
#6524 = AXIS2_PLACEMENT_3D ( 'NONE', #1821, #1047, #4427 ) ;
#6525 = VECTOR ( 'NONE', #6590, 1000.000000000000227 ) ;
#6526 = EDGE_CURVE ( 'NONE', #1683, #202, #6935, .T. ) ;
#6527 = CARTESIAN_POINT ( 'NONE',  ( -19.53527633261114005, 4.298923624762798212, -12.41818777478802538 ) ) ;
#6528 = CIRCLE ( 'NONE', #6114, 0.9000000000000084599 ) ;
#6529 = VERTEX_POINT ( 'NONE', #4201 ) ;
#6530 = CARTESIAN_POINT ( 'NONE',  ( -27.64883365011735350, 4.670000000000000817, -13.66095511311972466 ) ) ;
#6531 = CARTESIAN_POINT ( 'NONE',  ( -12.00865192441160367, 4.670000000000000817, 21.79959526349032828 ) ) ;
#6532 = CARTESIAN_POINT ( 'NONE',  ( 28.11793264533343617, 4.610354908207105140, -14.81153126098174511 ) ) ;
#6533 = ORIENTED_EDGE ( 'NONE', *, *, #4135, .F. ) ;
#6534 = VECTOR ( 'NONE', #7746, 1000.000000000000000 ) ;
#6535 = VERTEX_POINT ( 'NONE', #960 ) ;
#6536 = LINE ( 'NONE', #7840, #1087 ) ;
#6537 = LINE ( 'NONE', #7802, #7228 ) ;
#6538 = B_SPLINE_CURVE_WITH_KNOTS ( 'NONE', 3,
 ( #6859, #6179, #4960, #8158, #4866, #2904 ),
 .UNSPECIFIED., .F., .F.,
 ( 4, 2, 4 ),
 ( 0.0001930194709178985107, 0.0005663713981644525556, 0.0009397233254110065733 ),
 .UNSPECIFIED. ) ;
#6539 = EDGE_CURVE ( 'NONE', #1315, #7639, #6791, .T. ) ;
#6540 = DIRECTION ( 'NONE',  ( 0.000000000000000000, 1.000000000000000000, 0.000000000000000000 ) ) ;
#6541 = LINE ( 'NONE', #4679, #6290 ) ;
#6542 = VECTOR ( 'NONE', #5096, 1000.000000000000000 ) ;
#6543 = CIRCLE ( 'NONE', #3156, 0.9000000000000014655 ) ;
#6544 = VERTEX_POINT ( 'NONE', #4568 ) ;
#6545 = CARTESIAN_POINT ( 'NONE',  ( -13.05678493813004515, 4.624213390368443477, 21.15890326730200499 ) ) ;
#6546 = CARTESIAN_POINT ( 'NONE',  ( 15.25550955437526035, 0.000000000000000000, -9.385122817033071385 ) ) ;
#6547 = ORIENTED_EDGE ( 'NONE', *, *, #7652, .F. ) ;
#6548 = B_SPLINE_CURVE_WITH_KNOTS ( 'NONE', 3,
 ( #1881, #3748, #4481, #8277, #6985, #7065 ),
 .UNSPECIFIED., .F., .F.,
 ( 4, 2, 4 ),
 ( 5.459236745409648120E-20, 0.0003906352473979303919, 0.0007812704947958607838 ),
 .UNSPECIFIED. ) ;
#6549 = DIRECTION ( 'NONE',  ( -0.4999999999999992784, 0.000000000000000000, 0.8660254037844390407 ) ) ;
#6550 = CARTESIAN_POINT ( 'NONE',  ( 16.30967357190285583, 0.000000000000000000, -26.24918328139951029 ) ) ;
#6551 = CARTESIAN_POINT ( 'NONE',  ( -11.26032044705406676, 4.670000000000000817, 20.50344712380401191 ) ) ;
#6552 = ORIENTED_EDGE ( 'NONE', *, *, #6604, .F. ) ;
#6553 = EDGE_CURVE ( 'NONE', #6229, #5322, #5546, .T. ) ;
#6554 = ORIENTED_EDGE ( 'NONE', *, *, #3780, .T. ) ;
#6555 = TOROIDAL_SURFACE ( 'NONE', #7516, 23.63499999999999801, 0.5000000000000000000 ) ;
#6556 = DIRECTION ( 'NONE',  ( 0.8660254037844447028, 0.000000000000000000, 0.4999999999999898415 ) ) ;
#6557 = CIRCLE ( 'NONE', #6262, 0.9000000000028429703 ) ;
#6558 = CARTESIAN_POINT ( 'NONE',  ( 17.11411476945192689, 4.169999999999999929, -25.65515099297916990 ) ) ;
#6559 = ORIENTED_EDGE ( 'NONE', *, *, #5477, .T. ) ;
#6560 = VECTOR ( 'NONE', #5920, 1000.000000000000227 ) ;
#6561 = FACE_OUTER_BOUND ( 'NONE', #346, .T. ) ;
#6562 = ORIENTED_EDGE ( 'NONE', *, *, #7901, .T. ) ;
#6563 = CARTESIAN_POINT ( 'NONE',  ( -13.58106158616571868, 4.670000000000000817, -9.212995909637660574 ) ) ;
#6564 = EDGE_CURVE ( 'NONE', #1830, #361, #2734, .T. ) ;
#6565 = B_SPLINE_CURVE_WITH_KNOTS ( 'NONE', 3,
 ( #4670, #1578, #7951, #6732 ),
 .UNSPECIFIED., .F., .F.,
 ( 4, 4 ),
 ( 3.974750819240313445E-18, 0.0001710686492132550368 ),
 .UNSPECIFIED. ) ;
#6566 = DIRECTION ( 'NONE',  ( 0.000000000000000000, 1.000000000000000000, 0.000000000000000000 ) ) ;
#6567 = PLANE ( 'NONE',  #6690 ) ;
#6568 = ORIENTED_EDGE ( 'NONE', *, *, #6486, .F. ) ;
#6569 = DIRECTION ( 'NONE',  ( 0.000000000000000000, 1.000000000000000000, 0.000000000000000000 ) ) ;
#6570 = AXIS2_PLACEMENT_3D ( 'NONE', #864, #6687, #3453 ) ;
#6571 = VERTEX_POINT ( 'NONE', #3729 ) ;
#6572 = CARTESIAN_POINT ( 'NONE',  ( -22.18297585893464330, 4.413147668299032489, 11.71104112180838897 ) ) ;
#6573 = ADVANCED_FACE ( 'NONE', ( #1632 ), #471, .F. ) ;
#6574 = CARTESIAN_POINT ( 'NONE',  ( -12.42271421373346207, 4.169999999999999929, 19.51677218609431108 ) ) ;
#6575 = CARTESIAN_POINT ( 'NONE',  ( 12.40119258453309214, 4.670000000000000817, -20.06370928826612854 ) ) ;
#6576 = CARTESIAN_POINT ( 'NONE',  ( 0.000000000000000000, 4.670000000000000817, 0.000000000000000000 ) ) ;
#6577 = ORIENTED_EDGE ( 'NONE', *, *, #2814, .T. ) ;
#6578 = CIRCLE ( 'NONE', #4007, 0.9000000000012297052 ) ;
#6579 = ORIENTED_EDGE ( 'NONE', *, *, #4760, .F. ) ;
#6580 = FACE_OUTER_BOUND ( 'NONE', #160, .T. ) ;
#6581 = EDGE_CURVE ( 'NONE', #3744, #7777, #6233, .T. ) ;
#6582 = LINE ( 'NONE', #144, #36 ) ;
#6583 = CIRCLE ( 'NONE', #5788, 0.9000000000027943425 ) ;
#6584 = DIRECTION ( 'NONE',  ( 0.000000000000000000, 0.000000000000000000, 1.000000000000000000 ) ) ;
#6585 = VERTEX_POINT ( 'NONE', #4008 ) ;
#6586 = CARTESIAN_POINT ( 'NONE',  ( -12.45294779642476968, 4.670000000000000817, 20.08823825474796010 ) ) ;
#6587 = DIRECTION ( 'NONE',  ( 0.000000000000000000, 1.000000000000000000, 0.000000000000000000 ) ) ;
#6588 = EDGE_CURVE ( 'NONE', #4484, #7777, #5344, .T. ) ;
#6589 = DIRECTION ( 'NONE',  ( 0.000000000000000000, 0.000000000000000000, 1.000000000000000000 ) ) ;
#6590 = DIRECTION ( 'NONE',  ( 0.9802340172108802152, -0.000000000000000000, -0.1978415312886039612 ) ) ;
#6591 = FACE_OUTER_BOUND ( 'NONE', #4607, .T. ) ;
#6592 = DIRECTION ( 'NONE',  ( 0.000000000000000000, 0.000000000000000000, 1.000000000000000000 ) ) ;
#6593 = ORIENTED_EDGE ( 'NONE', *, *, #1681, .T. ) ;
#6594 = LINE ( 'NONE', #7158, #3222 ) ;
#6595 = ADVANCED_FACE ( 'NONE', ( #6591 ), #4650, .F. ) ;
#6596 = DIRECTION ( 'NONE',  ( 1.000000000000000000, 0.000000000000000000, 6.921832167980895041E-15 ) ) ;
#6597 = ORIENTED_EDGE ( 'NONE', *, *, #1907, .T. ) ;
#6598 = CARTESIAN_POINT ( 'NONE',  ( -14.76453906012036832, 4.670000000000000817, 9.101660870010697124 ) ) ;
#6599 = VERTEX_POINT ( 'NONE', #7518 ) ;
#6600 = CARTESIAN_POINT ( 'NONE',  ( -22.25031422186802743, 4.670000000000000817, -11.69152436717032728 ) ) ;
#6601 = CARTESIAN_POINT ( 'NONE',  ( -11.19974067597087064, 4.652225243043032421, -20.66278350054744806 ) ) ;
#6602 = DIRECTION ( 'NONE',  ( -0.000000000000000000, -1.000000000000000000, -0.000000000000000000 ) ) ;
#6603 = VERTEX_POINT ( 'NONE', #4970 ) ;
#6604 = EDGE_CURVE ( 'NONE', #2108, #876, #1237, .T. ) ;
#6605 = EDGE_CURVE ( 'NONE', #548, #1938, #2180, .T. ) ;
#6606 = CARTESIAN_POINT ( 'NONE',  ( 23.07319061161675577, 2.669999999999999929, 1.690000000000158042 ) ) ;
#6607 = CARTESIAN_POINT ( 'NONE',  ( -19.59770838271563775, 4.410773209854937704, -12.40284484197844783 ) ) ;
#6608 = ORIENTED_EDGE ( 'NONE', *, *, #5207, .T. ) ;
#6609 = LINE ( 'NONE', #336, #5343 ) ;
#6610 = DIRECTION ( 'NONE',  ( 0.000000000000000000, 1.000000000000000000, 0.000000000000000000 ) ) ;
#6611 = CARTESIAN_POINT ( 'NONE',  ( -26.64259692272368696, 4.328569447216724875, -17.38813910261044171 ) ) ;
#6612 = ORIENTED_EDGE ( 'NONE', *, *, #3928, .F. ) ;
#6613 = ADVANCED_FACE ( 'NONE', ( #5943 ), #7333, .T. ) ;
#6614 = ORIENTED_EDGE ( 'NONE', *, *, #182, .T. ) ;
#6615 = CARTESIAN_POINT ( 'NONE',  ( 9.343420535170052332, 4.670000000000000817, -13.50977739959202673 ) ) ;
#6616 = AXIS2_PLACEMENT_3D ( 'NONE', #3991, #5286, #7224 ) ;
#6617 = VERTEX_POINT ( 'NONE', #2025 ) ;
#6618 = CARTESIAN_POINT ( 'NONE',  ( 1.689999999999740155, 2.669999999999999929, 25.07812044392484196 ) ) ;
#6619 = CARTESIAN_POINT ( 'NONE',  ( -12.40284484197838211, 4.410773209854851551, 19.59770838271562354 ) ) ;
#6620 = DIRECTION ( 'NONE',  ( 0.000000000000000000, 1.000000000000000000, 0.000000000000000000 ) ) ;
#6621 = VERTEX_POINT ( 'NONE', #5360 ) ;
#6622 = CARTESIAN_POINT ( 'NONE',  ( -14.40955787412014111, 4.359977144861057141, 28.36630616034391039 ) ) ;
#6623 = ADVANCED_FACE ( 'NONE', ( #3344 ), #3378, .F. ) ;
#6624 = CARTESIAN_POINT ( 'NONE',  ( 0.000000000000000000, 0.000000000000000000, 0.000000000000000000 ) ) ;
#6625 =( BOUNDED_CURVE ( )  B_SPLINE_CURVE ( 3, ( #7132, #8385, #1298, #668 ),
 .UNSPECIFIED., .F., .F. ) 
 B_SPLINE_CURVE_WITH_KNOTS ( ( 4, 4 ),
 ( 1.570796326794893671, 3.141592653589793116 ),
 .UNSPECIFIED. ) 
 CURVE ( )  GEOMETRIC_REPRESENTATION_ITEM ( )  RATIONAL_B_SPLINE_CURVE ( ( 1.000000000000000000, 0.8047378541243643824, 0.8047378541243643824, 1.000000000000000000 ) ) 
 REPRESENTATION_ITEM ( '' )  );
#6626 = ORIENTED_EDGE ( 'NONE', *, *, #6828, .F. ) ;
#6627 = CARTESIAN_POINT ( 'NONE',  ( -12.42271421373343010, 4.235407758176800819, -19.51677218609433240 ) ) ;
#6628 = CARTESIAN_POINT ( 'NONE',  ( 12.42271421373348161, 0.000000000000000000, 19.51677218609430042 ) ) ;
#6629 = VERTEX_POINT ( 'NONE', #4108 ) ;
#6630 = CARTESIAN_POINT ( 'NONE',  ( 14.51453906012028128, 4.169999999999999929, 9.534673571902997580 ) ) ;
#6631 = VECTOR ( 'NONE', #3047, 1000.000000000000000 ) ;
#6632 = FACE_OUTER_BOUND ( 'NONE', #6890, .T. ) ;
#6633 = VERTEX_POINT ( 'NONE', #2707 ) ;
#6634 = CARTESIAN_POINT ( 'NONE',  ( -9.534673571903029554, 4.169999999999999929, 14.51453906012026707 ) ) ;
#6635 = AXIS2_PLACEMENT_3D ( 'NONE', #1699, #4354, #4991 ) ;
#6636 = ORIENTED_EDGE ( 'NONE', *, *, #7548, .T. ) ;
#6637 = CARTESIAN_POINT ( 'NONE',  ( 11.88677181116709569, 4.662192170321563189, -21.78522845298281396 ) ) ;
#6638 = CIRCLE ( 'NONE', #6374, 23.63499999999999801 ) ;
#6639 = CYLINDRICAL_SURFACE ( 'NONE', #2716, 0.9000000000017154278 ) ;
#6640 = CARTESIAN_POINT ( 'NONE',  ( 20.77223027628230767, 4.670000000000021245, 11.17503467196600297 ) ) ;
#6641 = EDGE_CURVE ( 'NONE', #7818, #7535, #8029, .T. ) ;
#6642 = PLANE ( 'NONE',  #2968 ) ;
#6643 = ORIENTED_EDGE ( 'NONE', *, *, #1292, .T. ) ;
#6644 = AXIS2_PLACEMENT_3D ( 'NONE', #7581, #1154, #2487 ) ;
#6645 = AXIS2_PLACEMENT_3D ( 'NONE', #6309, #2312, #1288 ) ;
#6646 = B_SPLINE_CURVE_WITH_KNOTS ( 'NONE', 3,
 ( #3042, #3582, #4956, #4320, #2863, #4369, #5648, #6174 ),
 .UNSPECIFIED., .F., .F.,
 ( 4, 2, 2, 4 ),
 ( 0.000000000000000000, 0.0001927721350679666211, 0.0003855442701359332422, 0.0007710885402718768928 ),
 .UNSPECIFIED. ) ;
#6647 = DIRECTION ( 'NONE',  ( -0.000000000000000000, -1.000000000000000000, -0.000000000000000000 ) ) ;
#6648 = DIRECTION ( 'NONE',  ( 0.000000000000000000, 0.000000000000000000, 1.000000000000000000 ) ) ;
#6649 = ORIENTED_EDGE ( 'NONE', *, *, #7282, .T. ) ;
#6650 = CARTESIAN_POINT ( 'NONE',  ( 12.06749888762737655, 4.670000000000000817, 20.90152119364642047 ) ) ;
#6651 = CARTESIAN_POINT ( 'NONE',  ( 20.94651235872332506, 4.670000000000000817, 12.96637362587748576 ) ) ;
#6652 = LINE ( 'NONE', #2188, #4467 ) ;
#6653 = AXIS2_PLACEMENT_3D ( 'NONE', #6367, #3142, #602 ) ;
#6654 = CIRCLE ( 'NONE', #824, 1.000000000000000888 ) ;
#6655 = ADVANCED_FACE ( 'NONE', ( #2752 ), #3459, .F. ) ;
#6656 = ORIENTED_EDGE ( 'NONE', *, *, #1380, .F. ) ;
#6657 = ORIENTED_EDGE ( 'NONE', *, *, #3890, .T. ) ;
#6658 = DIRECTION ( 'NONE',  ( 0.000000000000000000, -0.000000000000000000, 1.000000000000000000 ) ) ;
#6659 = VECTOR ( 'NONE', #211, 1000.000000000000114 ) ;
#6660 = ORIENTED_EDGE ( 'NONE', *, *, #1720, .T. ) ;
#6661 = CARTESIAN_POINT ( 'NONE',  ( -26.52108929809337212, 4.670000000000000817, 15.88930831464518612 ) ) ;
#6662 = DIRECTION ( 'NONE',  ( 0.000000000000000000, -0.000000000000000000, 1.000000000000000000 ) ) ;
#6663 = CARTESIAN_POINT ( 'NONE',  ( 0.000000000000000000, 4.670000000000000817, 0.000000000000000000 ) ) ;
#6664 = ADVANCED_FACE ( 'NONE', ( #7217 ), #5320, .F. ) ;
#6665 = B_SPLINE_CURVE_WITH_KNOTS ( 'NONE', 3,
 ( #3128, #5735, #8338, #7037 ),
 .UNSPECIFIED., .F., .F.,
 ( 4, 4 ),
 ( 0.0002294575577231160852, 0.0004120090770048894088 ),
 .UNSPECIFIED. ) ;
#6666 = ORIENTED_EDGE ( 'NONE', *, *, #1057, .F. ) ;
#6667 = CARTESIAN_POINT ( 'NONE',  ( 12.18442105538948717, 4.670000000000000817, -20.00725254425111643 ) ) ;
#6668 = VECTOR ( 'NONE', #2282, 1000.000000000000000 ) ;
#6669 = DIRECTION ( 'NONE',  ( -0.8660254037844449249, -0.000000000000000000, 0.4999999999999888423 ) ) ;
#6670 = FACE_BOUND ( 'NONE', #1221, .T. ) ;
#6671 = DIRECTION ( 'NONE',  ( -0.000000000000000000, -1.000000000000000000, -0.000000000000000000 ) ) ;
#6672 = AXIS2_PLACEMENT_3D ( 'NONE', #7597, #8162, #4964 ) ;
#6673 = ORIENTED_EDGE ( 'NONE', *, *, #2899, .F. ) ;
#6674 = EDGE_CURVE ( 'NONE', #874, #5103, #5431, .T. ) ;
#6675 = ORIENTED_EDGE ( 'NONE', *, *, #7779, .T. ) ;
#6676 = VECTOR ( 'NONE', #5854, 1000.000000000000000 ) ;
#6677 = CIRCLE ( 'NONE', #6416, 0.9000000000027943425 ) ;
#6678 = CARTESIAN_POINT ( 'NONE',  ( 23.35665843275940290, 0.000000000000000000, 14.63967357190298557 ) ) ;
#6679 = EDGE_LOOP ( 'NONE', ( #3626, #5375, #156, #6095 ) ) ;
#6680 = DIRECTION ( 'NONE',  ( 0.000000000000000000, 1.000000000000000000, 0.000000000000000000 ) ) ;
#6681 = VECTOR ( 'NONE', #4804, 1000.000000000000000 ) ;
#6682 = AXIS2_PLACEMENT_3D ( 'NONE', #931, #159, #5506 ) ;
#6683 = ORIENTED_EDGE ( 'NONE', *, *, #6588, .T. ) ;
#6684 = CARTESIAN_POINT ( 'NONE',  ( 28.01258677318488211, 4.670000000000000817, 15.11618144103512229 ) ) ;
#6685 = EDGE_CURVE ( 'NONE', #6621, #1051, #5204, .T. ) ;
#6686 = CARTESIAN_POINT ( 'NONE',  ( -12.24023351868533460, 4.663188625685345201, -20.01646615621753966 ) ) ;
#6687 = DIRECTION ( 'NONE',  ( -0.000000000000000000, -1.000000000000000000, -0.000000000000000000 ) ) ;
#6688 = CARTESIAN_POINT ( 'NONE',  ( 11.69152436717008570, 4.670000000000000817, 22.25031422186815533 ) ) ;
#6689 = DIRECTION ( 'NONE',  ( -0.4999999999999851785, 0.000000000000000000, -0.8660254037844473674 ) ) ;
#6690 = AXIS2_PLACEMENT_3D ( 'NONE', #3214, #4620, #6443 ) ;
#6691 = EDGE_CURVE ( 'NONE', #5658, #7535, #7909, .T. ) ;
#6692 = DIRECTION ( 'NONE',  ( -0.000000000000000000, -1.000000000000000000, -0.000000000000000000 ) ) ;
#6693 = DIRECTION ( 'NONE',  ( -1.000000000000000000, 0.000000000000000000, -0.000000000000000000 ) ) ;
#6694 = DIRECTION ( 'NONE',  ( -0.000000000000000000, -1.000000000000000000, -0.000000000000000000 ) ) ;
#6695 = ORIENTED_EDGE ( 'NONE', *, *, #1231, .F. ) ;
#6696 = CARTESIAN_POINT ( 'NONE',  ( -12.42271421373343188, 0.000000000000000000, -19.51677218609432884 ) ) ;
#6697 = B_SPLINE_CURVE_WITH_KNOTS ( 'NONE', 3,
 ( #2292, #1735, #4301, #1641, #5580, #6154, #435, #5668, #3021, #2427 ),
 .UNSPECIFIED., .F., .F.,
 ( 4, 2, 2, 2, 4 ),
 ( 0.000000000000000000, 0.0002415981974526902522, 0.0004831963949053805045, 0.0007247945923580707567, 0.0009663927898107610090 ),
 .UNSPECIFIED. ) ;
#6698 = CARTESIAN_POINT ( 'NONE',  ( -21.12879883022020522, 4.649847419183842590, -12.93832888016915561 ) ) ;
#6699 = VECTOR ( 'NONE', #5148, 1000.000000000000000 ) ;
#6700 = ORIENTED_EDGE ( 'NONE', *, *, #4187, .F. ) ;
#6701 = EDGE_CURVE ( 'NONE', #7793, #7066, #5200, .T. ) ;
#6702 = AXIS2_PLACEMENT_3D ( 'NONE', #6125, #6724, #4184 ) ;
#6703 = CARTESIAN_POINT ( 'NONE',  ( -24.35665843275938869, 0.000000000000000000, 1.690000000000002833 ) ) ;
#6704 = EDGE_CURVE ( 'NONE', #1379, #3232, #4232, .T. ) ;
#6705 = CARTESIAN_POINT ( 'NONE',  ( 11.82891209833633894, 4.649847419183168462, -21.76932090785749807 ) ) ;
#6706 = CARTESIAN_POINT ( 'NONE',  ( 0.000000000000000000, 4.169999999999999929, 0.000000000000000000 ) ) ;
#6707 = CARTESIAN_POINT ( 'NONE',  ( -16.30967357190301925, 4.302146110896730491, 26.24918328139940371 ) ) ;
#6708 = ORIENTED_EDGE ( 'NONE', *, *, #1469, .T. ) ;
#6709 = B_SPLINE_CURVE_WITH_KNOTS ( 'NONE', 3,
 ( #6698, #875, #252, #2954 ),
 .UNSPECIFIED., .F., .F.,
 ( 4, 4 ),
 ( 0.0002294575577217365734, 0.0004120090770015862785 ),
 .UNSPECIFIED. ) ;
#6710 = DIRECTION ( 'NONE',  ( 0.000000000000000000, 0.000000000000000000, 1.000000000000000000 ) ) ;
#6711 = EDGE_CURVE ( 'NONE', #1548, #523, #6130, .T. ) ;
#6712 = CYLINDRICAL_SURFACE ( 'NONE', #7774, 0.5000000000000005551 ) ;
#6713 = EDGE_CURVE ( 'NONE', #6461, #7578, #3985, .T. ) ;
#6714 = LINE ( 'NONE', #890, #8061 ) ;
#6715 = CARTESIAN_POINT ( 'NONE',  ( 0.000000000000000000, 4.670000000000000817, 0.000000000000000000 ) ) ;
#6716 = VERTEX_POINT ( 'NONE', #2137 ) ;
#6717 = AXIS2_PLACEMENT_3D ( 'NONE', #7857, #46, #2014 ) ;
#6718 = CARTESIAN_POINT ( 'NONE',  ( 16.71293744498066758, 4.670000000000000817, -27.10050795730672135 ) ) ;
#6719 = EDGE_CURVE ( 'NONE', #1763, #6829, #299, .T. ) ;
#6720 = ORIENTED_EDGE ( 'NONE', *, *, #3541, .T. ) ;
#6721 = ORIENTED_EDGE ( 'NONE', *, *, #3217, .F. ) ;
#6722 = CARTESIAN_POINT ( 'NONE',  ( 28.09730437028810357, 4.669999999999999929, 14.95360558704495269 ) ) ;
#6723 = LINE ( 'NONE', #6124, #2445 ) ;
#6724 = DIRECTION ( 'NONE',  ( 0.000000000000000000, 1.000000000000000000, 0.000000000000000000 ) ) ;
#6725 = LINE ( 'NONE', #2103, #5718 ) ;
#6726 = EDGE_CURVE ( 'NONE', #3874, #3032, #576, .T. ) ;
#6727 = CARTESIAN_POINT ( 'NONE',  ( -27.64883365011752758, 4.169999999999999929, 15.16095511311941380 ) ) ;
#6728 = CARTESIAN_POINT ( 'NONE',  ( -17.26610946477137176, 4.443691293505962925, -26.72325940939720823 ) ) ;
#6729 = DIRECTION ( 'NONE',  ( -0.5000000000000333067, 0.000000000000000000, -0.8660254037844195008 ) ) ;
#6730 = CARTESIAN_POINT ( 'NONE',  ( -20.54003290370776824, 4.410773209854923493, -10.77069089440208138 ) ) ;
#6731 = ORIENTED_EDGE ( 'NONE', *, *, #3949, .T. ) ;
#6732 = CARTESIAN_POINT ( 'NONE',  ( -11.19974067597087064, 4.652225243043032421, -20.66278350054744806 ) ) ;
#6733 = CARTESIAN_POINT ( 'NONE',  ( 6.462191090617061207, 0.000000000000000000, 15.06371434019469113 ) ) ;
#6734 = ORIENTED_EDGE ( 'NONE', *, *, #8274, .T. ) ;
#6735 = EDGE_CURVE ( 'NONE', #1682, #6122, #1678, .T. ) ;
#6736 = CARTESIAN_POINT ( 'NONE',  ( -20.60858625354370588, 4.663188625685346977, -11.21465142593328501 ) ) ;
#6737 = ORIENTED_EDGE ( 'NONE', *, *, #3434, .F. ) ;
#6738 = DIRECTION ( 'NONE',  ( 0.000000000000000000, 1.000000000000000000, 0.000000000000000000 ) ) ;
#6739 = AXIS2_PLACEMENT_3D ( 'NONE', #1752, #8282, #6261 ) ;
#6740 = PLANE ( 'NONE',  #6394 ) ;
#6741 = CARTESIAN_POINT ( 'NONE',  ( 20.03065169146226765, 4.652225243043001335, 12.29462508638661866 ) ) ;
#6742 = ORIENTED_EDGE ( 'NONE', *, *, #1040, .F. ) ;
#6743 = ADVANCED_FACE ( 'NONE', ( #2901 ), #8111, .F. ) ;
#6744 = DIRECTION ( 'NONE',  ( -0.8660254037844342667, -0.000000000000000000, -0.5000000000000075495 ) ) ;
#6745 = AXIS2_PLACEMENT_3D ( 'NONE', #3399, #3233, #7845 ) ;
#6746 = LINE ( 'NONE', #5378, #4210 ) ;
#6747 = CARTESIAN_POINT ( 'NONE',  ( 20.51677218609433950, 4.169999999999999929, -10.69066340616453914 ) ) ;
#6748 = ORIENTED_EDGE ( 'NONE', *, *, #2995, .T. ) ;
#6749 = AXIS2_PLACEMENT_3D ( 'NONE', #4083, #921, #1688 ) ;
#6750 = ORIENTED_EDGE ( 'NONE', *, *, #8134, .T. ) ;
#6751 = EDGE_CURVE ( 'NONE', #4768, #5030, #2997, .T. ) ;
#6752 = ADVANCED_FACE ( 'NONE', ( #4188 ), #4863, .T. ) ;
#6753 = CARTESIAN_POINT ( 'NONE',  ( 9.534673571902946065, 4.670000000000000817, -14.51453906012031503 ) ) ;
#6754 = VECTOR ( 'NONE', #4329, 1000.000000000000000 ) ;
#6755 = VERTEX_POINT ( 'NONE', #1615 ) ;
#6756 = CARTESIAN_POINT ( 'NONE',  ( -20.51677218609435016, 4.169999999999999929, 10.69066340616452848 ) ) ;
#6757 = EDGE_LOOP ( 'NONE', ( #1864, #5412, #766, #5432 ) ) ;
#6758 = CARTESIAN_POINT ( 'NONE',  ( 20.54003290370768653, 4.410773209853974031, 10.77069089440119853 ) ) ;
#6759 = CARTESIAN_POINT ( 'NONE',  ( -6.651801747168282652, 4.514523367302391677, -14.98782478122747364 ) ) ;
#6760 = CARTESIAN_POINT ( 'NONE',  ( -22.25031422186802743, 4.169999999999999929, -11.69152436717032728 ) ) ;
#6761 = DIRECTION ( 'NONE',  ( 0.000000000000000000, 0.000000000000000000, -1.000000000000000000 ) ) ;
#6762 = EDGE_CURVE ( 'NONE', #7871, #4117, #6797, .T. ) ;
#6763 = AXIS2_PLACEMENT_3D ( 'NONE', #2457, #1765, #1674 ) ;
#6764 = CARTESIAN_POINT ( 'NONE',  ( 15.06371434019466626, 0.000000000000000000, -6.462191090617107392 ) ) ;
#6765 = DIRECTION ( 'NONE',  ( 0.000000000000000000, 1.000000000000000000, 0.000000000000000000 ) ) ;
#6766 = VERTEX_POINT ( 'NONE', #1123 ) ;
#6767 = CARTESIAN_POINT ( 'NONE',  ( -12.06749888762342060, 4.670000000000000817, 20.90152119364811156 ) ) ;
#6768 = CARTESIAN_POINT ( 'NONE',  ( -23.35665843275950593, 0.000000000000000000, 14.63967357190283458 ) ) ;
#6769 = CIRCLE ( 'NONE', #7327, 1.000000000000000888 ) ;
#6770 = LINE ( 'NONE', #949, #8047 ) ;
#6771 = VECTOR ( 'NONE', #3252, 1000.000000000000114 ) ;
#6772 = PLANE ( 'NONE',  #6516 ) ;
#6773 = ORIENTED_EDGE ( 'NONE', *, *, #3732, .T. ) ;
#6774 = LINE ( 'NONE', #3466, #57 ) ;
#6775 = CARTESIAN_POINT ( 'NONE',  ( -20.06370928826603972, 4.670000000000000817, -12.40119258453253615 ) ) ;
#6776 = ADVANCED_FACE ( 'NONE', ( #7412 ), #8155, .T. ) ;
#6777 = EDGE_LOOP ( 'NONE', ( #8038, #6657, #6803, #5258 ) ) ;
#6778 = TOROIDAL_SURFACE ( 'NONE', #1909, 24.63500000000000867, 0.5000000000000000000 ) ;
#6779 = AXIS2_PLACEMENT_3D ( 'NONE', #702, #1326, #1250 ) ;
#6780 = CARTESIAN_POINT ( 'NONE',  ( -14.51453906012026884, 4.169999999999999929, -9.534673571903027778 ) ) ;
#6781 = DIRECTION ( 'NONE',  ( 0.000000000000000000, 0.000000000000000000, 1.000000000000000000 ) ) ;
#6782 = EDGE_LOOP ( 'NONE', ( #3987, #2952, #7160, #3375 ) ) ;
#6783 = AXIS2_PLACEMENT_3D ( 'NONE', #470, #2463, #1817 ) ;
#6784 = CARTESIAN_POINT ( 'NONE',  ( 0.000000000000000000, 4.670000000000000817, 0.000000000000000000 ) ) ;
#6785 = LINE ( 'NONE', #224, #2732 ) ;
#6786 = CARTESIAN_POINT ( 'NONE',  ( 19.64123725407896259, 4.459267797770277042, 12.39212026871340910 ) ) ;
#6787 = EDGE_CURVE ( 'NONE', #28, #6450, #6646, .T. ) ;
#6788 = VERTEX_POINT ( 'NONE', #945 ) ;
#6789 = DIRECTION ( 'NONE',  ( -0.000000000000000000, 1.000000000000000000, -0.000000000000000000 ) ) ;
#6790 = AXIS2_PLACEMENT_3D ( 'NONE', #2468, #3689, #556 ) ;
#6791 = CIRCLE ( 'NONE', #4223, 0.9000000000012297052 ) ;
#6792 = CARTESIAN_POINT ( 'NONE',  ( 14.41473840196388601, 4.358199379855960842, 28.35988619898810015 ) ) ;
#6793 = CARTESIAN_POINT ( 'NONE',  ( 12.42271421373331641, 0.000000000000000000, -19.51677218609440345 ) ) ;
#6794 = EDGE_CURVE ( 'NONE', #1285, #4268, #3210, .T. ) ;
#6795 = B_SPLINE_CURVE_WITH_KNOTS ( 'NONE', 3,
 ( #5918, #1994, #7233, #72, #5334, #7184 ),
 .UNSPECIFIED., .F., .F.,
 ( 4, 2, 4 ),
 ( 0.000000000000000000, 0.0003908072650539830620, 0.0007816145301079661240 ),
 .UNSPECIFIED. ) ;
#6796 = LINE ( 'NONE', #6841, #2202 ) ;
#6797 = CIRCLE ( 'NONE', #439, 0.9000000000017154278 ) ;
#6798 = ORIENTED_EDGE ( 'NONE', *, *, #3780, .F. ) ;
#6799 = ORIENTED_EDGE ( 'NONE', *, *, #1440, .F. ) ;
#6800 = TOROIDAL_SURFACE ( 'NONE', #7636, 24.63500000000000512, 0.5000000000000000000 ) ;
#6801 = VECTOR ( 'NONE', #675, 1000.000000000000000 ) ;
#6802 = CARTESIAN_POINT ( 'NONE',  ( 12.39212026871228289, 4.459267797774755238, -19.64123725408325782 ) ) ;
#6803 = ORIENTED_EDGE ( 'NONE', *, *, #2669, .F. ) ;
#6804 = EDGE_CURVE ( 'NONE', #7603, #4932, #8041, .T. ) ;
#6805 = ORIENTED_EDGE ( 'NONE', *, *, #8134, .F. ) ;
#6806 = FACE_OUTER_BOUND ( 'NONE', #8375, .T. ) ;
#6807 = CARTESIAN_POINT ( 'NONE',  ( 15.06371434019466804, 4.169999999999999929, -6.462191090617108280 ) ) ;
#6808 = DIRECTION ( 'NONE',  ( 0.000000000000000000, 1.000000000000000000, 0.000000000000000000 ) ) ;
#6809 = CARTESIAN_POINT ( 'NONE',  ( 0.000000000000000000, 4.670000000000000817, 0.000000000000000000 ) ) ;
#6810 = AXIS2_PLACEMENT_3D ( 'NONE', #4453, #4616, #5239 ) ;
#6811 = DIRECTION ( 'NONE',  ( 0.000000000000000000, 1.000000000000000000, 0.000000000000000000 ) ) ;
#6812 = ORIENTED_EDGE ( 'NONE', *, *, #2723, .T. ) ;
#6813 = CARTESIAN_POINT ( 'NONE',  ( -27.64883365011752758, 2.669999999999999929, 13.66095511311933741 ) ) ;
#6814 = CARTESIAN_POINT ( 'NONE',  ( -10.77069089440186467, 4.410773209854905730, -20.54003290370787482 ) ) ;
#6815 = VECTOR ( 'NONE', #1372, 1000.000000000000000 ) ;
#6816 = CARTESIAN_POINT ( 'NONE',  ( -20.51677218609422937, 0.000000000000000000, -10.69066340616475586 ) ) ;
#6817 = EDGE_CURVE ( 'NONE', #4484, #2409, #7592, .T. ) ;
#6818 = CARTESIAN_POINT ( 'NONE',  ( 14.41014416672512510, 4.359789601032733941, -28.36559297193494444 ) ) ;
#6819 = ORIENTED_EDGE ( 'NONE', *, *, #6193, .F. ) ;
#6820 = DIRECTION ( 'NONE',  ( 0.000000000000000000, 0.000000000000000000, 1.000000000000000000 ) ) ;
#6821 = B_SPLINE_CURVE_WITH_KNOTS ( 'NONE', 3,
 ( #6026, #2909, #1543, #6139, #7419, #4069, #1579, #4195, #1622, #4244 ),
 .UNSPECIFIED., .F., .F.,
 ( 4, 2, 2, 2, 4 ),
 ( 0.000000000000000000, 0.0002478012868771084618, 0.0004956025737542169235, 0.0007434038606313254395, 0.0009912051475084338471 ),
 .UNSPECIFIED. ) ;
#6822 = CARTESIAN_POINT ( 'NONE',  ( 11.17045074767306012, 4.670000000000000817, 20.82868827107962773 ) ) ;
#6823 = LINE ( 'NONE', #1039, #6216 ) ;
#6824 = ORIENTED_EDGE ( 'NONE', *, *, #3132, .T. ) ;
#6825 = B_SPLINE_CURVE_WITH_KNOTS ( 'NONE', 3,
 ( #6760, #3493, #940, #984, #242, #4699 ),
 .UNSPECIFIED., .F., .F.,
 ( 4, 2, 4 ),
 ( 0.000000000000000000, 0.0003728317659259566190, 0.0007456635318519132380 ),
 .UNSPECIFIED. ) ;
#6826 = CARTESIAN_POINT ( 'NONE',  ( 13.12827881868119384, 4.169999999999999929, 9.814463748652000774 ) ) ;
#6827 = CARTESIAN_POINT ( 'NONE',  ( -20.50344712380669776, 4.670000000000000817, -11.26032044705571167 ) ) ;
#6828 = EDGE_CURVE ( 'NONE', #5303, #5964, #3719, .T. ) ;
#6829 = VERTEX_POINT ( 'NONE', #4611 ) ;
#6830 = AXIS2_PLACEMENT_3D ( 'NONE', #2666, #3937, #5241 ) ;
#6831 = CARTESIAN_POINT ( 'NONE',  ( 1.690000000000081881, 0.000000000000000000, -24.35665843275937803 ) ) ;
#6832 = CARTESIAN_POINT ( 'NONE',  ( -11.19974067597087064, 4.652225243043032421, -20.66278350054744806 ) ) ;
#6833 = DIRECTION ( 'NONE',  ( -0.1978415312886145638, 0.000000000000000000, 0.9802340172108781058 ) ) ;
#6834 = EDGE_LOOP ( 'NONE', ( #1268, #7135, #6932, #113 ) ) ;
#6835 = DIRECTION ( 'NONE',  ( -0.1978415312886096233, 0.000000000000000000, -0.9802340172108792160 ) ) ;
#6836 = VERTEX_POINT ( 'NONE', #1370 ) ;
#6837 = B_SPLINE_CURVE_WITH_KNOTS ( 'NONE', 3,
 ( #6840, #7357, #4088, #926 ),
 .UNSPECIFIED., .F., .F.,
 ( 4, 4 ),
 ( 0.0003136697347744218977, 0.0004831740570794106483 ),
 .UNSPECIFIED. ) ;
#6838 = CYLINDRICAL_SURFACE ( 'NONE', #1863, 18.39154951988265196 ) ;
#6839 = EDGE_CURVE ( 'NONE', #5846, #3232, #3408, .T. ) ;
#6840 = CARTESIAN_POINT ( 'NONE',  ( 12.45294779642966532, 4.670000000000000817, 20.08823825474492963 ) ) ;
#6841 = CARTESIAN_POINT ( 'NONE',  ( -12.42271421373343188, 0.000000000000000000, -19.51677218609432884 ) ) ;
#6842 = ORIENTED_EDGE ( 'NONE', *, *, #5588, .T. ) ;
#6843 = ORIENTED_EDGE ( 'NONE', *, *, #887, .F. ) ;
#6844 = EDGE_CURVE ( 'NONE', #3731, #636, #8306, .T. ) ;
#6845 = CARTESIAN_POINT ( 'NONE',  ( -14.30585555931274300, 0.000000000000000000, -28.41310023613296565 ) ) ;
#6846 = EDGE_LOOP ( 'NONE', ( #1452, #4827, #8337, #5560 ) ) ;
#6847 = DIRECTION ( 'NONE',  ( -0.8660254037844385966, 0.000000000000000000, -0.5000000000000000000 ) ) ;
#6848 = CARTESIAN_POINT ( 'NONE',  ( 12.06749888762737655, -7.859999999999998543, 21.80152119364926477 ) ) ;
#6849 = VERTEX_POINT ( 'NONE', #7492 ) ;
#6850 = DIRECTION ( 'NONE',  ( -0.000000000000000000, -1.000000000000000000, -0.000000000000000000 ) ) ;
#6851 = CARTESIAN_POINT ( 'NONE',  ( 12.06749888762580269, 4.670000000000000817, -20.90152119364944383 ) ) ;
#6852 = CYLINDRICAL_SURFACE ( 'NONE', #765, 25.13500000000000512 ) ;
#6853 = ADVANCED_FACE ( 'NONE', ( #4851 ), #360, .T. ) ;
#6854 = CARTESIAN_POINT ( 'NONE',  ( 27.64883365011742811, 0.000000000000000000, -13.66095511311952748 ) ) ;
#6855 = ORIENTED_EDGE ( 'NONE', *, *, #4936, .T. ) ;
#6856 = DIRECTION ( 'NONE',  ( 0.000000000000000000, 1.000000000000000000, 0.000000000000000000 ) ) ;
#6857 = ORIENTED_EDGE ( 'NONE', *, *, #6726, .F. ) ;
#6858 = DIRECTION ( 'NONE',  ( -0.000000000000000000, -1.000000000000000000, -0.000000000000000000 ) ) ;
#6859 = CARTESIAN_POINT ( 'NONE',  ( -11.82891209833706192, 4.649847419183725350, -21.76932090785493656 ) ) ;
#6860 = CARTESIAN_POINT ( 'NONE',  ( -20.00344712380679724, 4.670000000000000817, -12.12634585084008165 ) ) ;
#6861 = EDGE_LOOP ( 'NONE', ( #142, #7925, #3235, #3136, #6418, #7991, #4397, #1173, #1429, #4524 ) ) ;
#6862 = CYLINDRICAL_SURFACE ( 'NONE', #7791, 0.5000000000000011102 ) ;
#6863 = CARTESIAN_POINT ( 'NONE',  ( -16.30967357190301925, 0.000000000000000000, 26.24918328139941082 ) ) ;
#6864 = DIRECTION ( 'NONE',  ( 0.000000000000000000, 1.000000000000000000, 0.000000000000000000 ) ) ;
#6865 = EDGE_LOOP ( 'NONE', ( #472, #3069 ) ) ;
#6866 = EDGE_CURVE ( 'NONE', #3497, #6492, #3527, .T. ) ;
#6867 = ORIENTED_EDGE ( 'NONE', *, *, #7216, .T. ) ;
#6868 = EDGE_CURVE ( 'NONE', #2011, #1682, #7467, .T. ) ;
#6869 = CARTESIAN_POINT ( 'NONE',  ( 11.77059443197824251, 4.662126916400814558, -21.75328745618952908 ) ) ;
#6870 = VERTEX_POINT ( 'NONE', #7445 ) ;
#6871 = ORIENTED_EDGE ( 'NONE', *, *, #7673, .F. ) ;
#6872 =( LENGTH_UNIT ( ) NAMED_UNIT ( * ) SI_UNIT ( .MILLI., .METRE. ) );
#6873 = CARTESIAN_POINT ( 'NONE',  ( 12.87467732819738764, 4.670000000000000817, 21.29959526349283294 ) ) ;
#6874 = CARTESIAN_POINT ( 'NONE',  ( 12.06749888762737655, 4.670000000000000817, 20.90152119364642047 ) ) ;
#6875 = VERTEX_POINT ( 'NONE', #8230 ) ;
#6876 = DIRECTION ( 'NONE',  ( -0.5000000000000134337, 0.000000000000000000, -0.8660254037844308250 ) ) ;
#6877 = EDGE_CURVE ( 'NONE', #4723, #3957, #240, .T. ) ;
#6878 = ORIENTED_EDGE ( 'NONE', *, *, #6982, .T. ) ;
#6879 = FACE_OUTER_BOUND ( 'NONE', #7503, .T. ) ;
#6880 = CARTESIAN_POINT ( 'NONE',  ( -14.57762276433433968, 4.169999999999999929, 27.24918328139931845 ) ) ;
#6881 = VECTOR ( 'NONE', #4845, 1000.000000000000000 ) ;
#6882 = CARTESIAN_POINT ( 'NONE',  ( -25.07812044392482420, 0.000000000000000000, 1.690000000000002833 ) ) ;
#6883 = DIRECTION ( 'NONE',  ( -0.000000000000000000, -1.000000000000000000, -0.000000000000000000 ) ) ;
#6884 = ORIENTED_EDGE ( 'NONE', *, *, #7612, .T. ) ;
#6885 = EDGE_CURVE ( 'NONE', #2632, #1938, #6528, .T. ) ;
#6886 = EDGE_LOOP ( 'NONE', ( #7292, #1041, #7057, #429 ) ) ;
#6887 = DIRECTION ( 'NONE',  ( 0.5000000000000001110, 0.000000000000000000, 0.8660254037844384856 ) ) ;
#6888 = ORIENTED_EDGE ( 'NONE', *, *, #3817, .F. ) ;
#6889 = CARTESIAN_POINT ( 'NONE',  ( 0.000000000000000000, 0.000000000000000000, 0.000000000000000000 ) ) ;
#6890 = EDGE_LOOP ( 'NONE', ( #2571, #4978, #1412, #7071, #4219, #613, #7069 ) ) ;
#6891 = CARTESIAN_POINT ( 'NONE',  ( 13.66095511311944222, 0.000000000000000000, 27.64883365011748140 ) ) ;
#6892 = DIRECTION ( 'NONE',  ( 0.000000000000000000, 0.000000000000000000, 1.000000000000000000 ) ) ;
#6893 = LINE ( 'NONE', #7723, #4821 ) ;
#6894 = CIRCLE ( 'NONE', #4333, 25.13500000000000512 ) ;
#6895 = LINE ( 'NONE', #3756, #1079 ) ;
#6896 = B_SPLINE_CURVE_WITH_KNOTS ( 'NONE', 3,
 ( #1769, #5661, #3179, #8388, #7043, #3093, #4381, #3769 ),
 .UNSPECIFIED., .F., .F.,
 ( 4, 2, 2, 4 ),
 ( 0.000000000000000000, 0.0001927721350686579897, 0.0003855442701373159795, 0.0007710885402746319589 ),
 .UNSPECIFIED. ) ;
#6897 = ORIENTED_EDGE ( 'NONE', *, *, #8031, .F. ) ;
#6898 = DIRECTION ( 'NONE',  ( 0.000000000000000000, 0.000000000000000000, 1.000000000000000000 ) ) ;
#6899 = CARTESIAN_POINT ( 'NONE',  ( -20.66278350054805202, 4.652225243042958702, 11.19974067596925060 ) ) ;
#6900 = CARTESIAN_POINT ( 'NONE',  ( -17.45353882510847399, 2.669999999999999929, 26.59578445530220847 ) ) ;
#6901 = CARTESIAN_POINT ( 'NONE',  ( 11.26032044705534574, 4.670000000000000817, -20.50344712380655565 ) ) ;
#6902 = CARTESIAN_POINT ( 'NONE',  ( 12.06749888762737655, -7.859999999999998543, 20.90152119364642047 ) ) ;
#6903 = EDGE_CURVE ( 'NONE', #6266, #7721, #3536, .T. ) ;
#6904 = ORIENTED_EDGE ( 'NONE', *, *, #3873, .T. ) ;
#6905 = FACE_OUTER_BOUND ( 'NONE', #7400, .T. ) ;
#6906 = CIRCLE ( 'NONE', #3243, 1.000000000000028644 ) ;
#6907 = CARTESIAN_POINT ( 'NONE',  ( 0.000000000000000000, 4.670000000000000817, 0.000000000000000000 ) ) ;
#6908 = CARTESIAN_POINT ( 'NONE',  ( -12.87467732819470889, 4.670000000000000817, 21.29959526348828547 ) ) ;
#6909 = EDGE_LOOP ( 'NONE', ( #1155, #4927, #5921, #3319 ) ) ;
#6910 = VECTOR ( 'NONE', #6692, 1000.000000000000000 ) ;
#6911 = AXIS2_PLACEMENT_3D ( 'NONE', #6945, #7542, #8148 ) ;
#6912 = CYLINDRICAL_SURFACE ( 'NONE', #6783, 25.55648399467292364 ) ;
#6913 = ORIENTED_EDGE ( 'NONE', *, *, #1557, .T. ) ;
#6914 = EDGE_CURVE ( 'NONE', #1379, #1373, #2053, .T. ) ;
#6915 = ORIENTED_EDGE ( 'NONE', *, *, #7996, .T. ) ;
#6916 = VERTEX_POINT ( 'NONE', #7405 ) ;
#6917 = ADVANCED_FACE ( 'NONE', ( #3652 ), #4843, .T. ) ;
#6918 = CARTESIAN_POINT ( 'NONE',  ( -14.30585555931274122, 4.670000000000000817, -28.41310023613296210 ) ) ;
#6919 = CIRCLE ( 'NONE', #5443, 0.9000000000000014655 ) ;
#6920 = AXIS2_PLACEMENT_3D ( 'NONE', #4628, #1306, #676 ) ;
#6921 = CARTESIAN_POINT ( 'NONE',  ( -14.51453906012035233, 4.169999999999999929, 9.534673571902905209 ) ) ;
#6922 = DIRECTION ( 'NONE',  ( -0.3187812165858947000, 0.000000000000000000, -0.9478283262025970490 ) ) ;
#6923 = AXIS2_PLACEMENT_3D ( 'NONE', #1613, #2446, #7453 ) ;
#6924 = ORIENTED_EDGE ( 'NONE', *, *, #1856, .T. ) ;
#6925 = ORIENTED_EDGE ( 'NONE', *, *, #3568, .F. ) ;
#6926 = VECTOR ( 'NONE', #5944, 1000.000000000000114 ) ;
#6927 = CARTESIAN_POINT ( 'NONE',  ( -9.666967627480337555, 4.670000000000000817, 5.581226361975702766 ) ) ;
#6928 = CARTESIAN_POINT ( 'NONE',  ( -21.23354704571758944, 4.413147668298859294, -13.35550006447028437 ) ) ;
#6929 = EDGE_CURVE ( 'NONE', #6256, #3744, #4096, .T. ) ;
#6930 = DIRECTION ( 'NONE',  ( 0.5000000000000062172, 0.000000000000000000, -0.8660254037844350439 ) ) ;
#6931 = FACE_OUTER_BOUND ( 'NONE', #4674, .T. ) ;
#6932 = ORIENTED_EDGE ( 'NONE', *, *, #4043, .T. ) ;
#6933 = CARTESIAN_POINT ( 'NONE',  ( 16.10941082093309262, 4.615749189755399051, -26.37959333286761066 ) ) ;
#6934 = CIRCLE ( 'NONE', #6790, 25.13500000000000512 ) ;
#6935 = CIRCLE ( 'NONE', #832, 23.13499999999999446 ) ;
#6936 = ORIENTED_EDGE ( 'NONE', *, *, #5333, .F. ) ;
#6937 = CARTESIAN_POINT ( 'NONE',  ( -9.213200126502751885, 4.670000000000000817, -13.58004976464921221 ) ) ;
#6938 = ORIENTED_EDGE ( 'NONE', *, *, #443, .T. ) ;
#6939 = CARTESIAN_POINT ( 'NONE',  ( 15.06371434019467692, 0.000000000000000000, 6.462191090617110056 ) ) ;
#6940 =( GEOMETRIC_REPRESENTATION_CONTEXT ( 3 ) GLOBAL_UNCERTAINTY_ASSIGNED_CONTEXT ( ( #5176 ) ) GLOBAL_UNIT_ASSIGNED_CONTEXT ( ( #4586, #5284, #7223 ) ) REPRESENTATION_CONTEXT ( 'NONE', 'WORKASPACE' ) );
#6941 = VECTOR ( 'NONE', #3053, 1000.000000000000000 ) ;
#6942 = DIRECTION ( 'NONE',  ( -0.000000000000000000, 1.000000000000000000, -0.000000000000000000 ) ) ;
#6943 = ADVANCED_FACE ( 'NONE', ( #3870 ), #4513, .T. ) ;
#6944 = VERTEX_POINT ( 'NONE', #1588 ) ;
#6945 = CARTESIAN_POINT ( 'NONE',  ( 20.90152119364996608, 4.670000000000000817, 12.06749888762394463 ) ) ;
#6946 = DIRECTION ( 'NONE',  ( -0.000000000000000000, -1.000000000000000000, -0.000000000000000000 ) ) ;
#6947 = CARTESIAN_POINT ( 'NONE',  ( 7.802622764334147476, 0.000000000000000000, 15.51453906012027062 ) ) ;
#6948 = VECTOR ( 'NONE', #6850, 1000.000000000000000 ) ;
#6949 = AXIS2_PLACEMENT_3D ( 'NONE', #6784, #2152, #845 ) ;
#6950 = CARTESIAN_POINT ( 'NONE',  ( -28.28888341715572352, 4.493748160386493495, -14.57559258440122107 ) ) ;
#6951 = ORIENTED_EDGE ( 'NONE', *, *, #6406, .T. ) ;
#6952 = DIRECTION ( 'NONE',  ( 0.4999999999999991673, -0.000000000000000000, -0.8660254037844390407 ) ) ;
#6953 = DIRECTION ( 'NONE',  ( 0.000000000000000000, 1.000000000000000000, 0.000000000000000000 ) ) ;
#6954 = LINE ( 'NONE', #6900, #3933 ) ;
#6955 = CARTESIAN_POINT ( 'NONE',  ( 27.07182525767015591, 4.670000000000000817, -16.62112995451137110 ) ) ;
#6956 = EDGE_CURVE ( 'NONE', #8295, #321, #174, .T. ) ;
#6957 = CIRCLE ( 'NONE', #4106, 23.13499999999999801 ) ;
#6958 = VERTEX_POINT ( 'NONE', #8035 ) ;
#6959 = CARTESIAN_POINT ( 'NONE',  ( 21.15890326730390925, 4.624213390365445875, -13.05678493813763019 ) ) ;
#6960 = DIRECTION ( 'NONE',  ( 0.000000000000000000, 0.000000000000000000, -1.000000000000000000 ) ) ;
#6961 = DIRECTION ( 'NONE',  ( 0.5000000000000195399, 0.000000000000000000, -0.8660254037844273833 ) ) ;
#6962 = ORIENTED_EDGE ( 'NONE', *, *, #4258, .T. ) ;
#6963 = ADVANCED_FACE ( 'NONE', ( #260 ), #4712, .F. ) ;
#6964 = CARTESIAN_POINT ( 'NONE',  ( 22.00031422186814467, 4.670000000000000817, 12.12453706906229911 ) ) ;
#6965 = DIRECTION ( 'NONE',  ( 0.000000000000000000, 0.000000000000000000, -1.000000000000000000 ) ) ;
#6966 = EDGE_LOOP ( 'NONE', ( #2336, #961 ) ) ;
#6967 = ORIENTED_EDGE ( 'NONE', *, *, #25, .F. ) ;
#6968 = CARTESIAN_POINT ( 'NONE',  ( 23.07319061161677354, 0.000000000000000000, -1.689999999999841851 ) ) ;
#6969 = CYLINDRICAL_SURFACE ( 'NONE', #2853, 0.4999999999999991673 ) ;
#6970 = ORIENTED_EDGE ( 'NONE', *, *, #699, .F. ) ;
#6971 = APPLICATION_CONTEXT ( 'automotive_design' ) ;
#6972 = EDGE_CURVE ( 'NONE', #3690, #7856, #4909, .T. ) ;
#6973 = CARTESIAN_POINT ( 'NONE',  ( -21.79959526348793020, 4.670000000000000817, 12.00865192440992857 ) ) ;
#6974 = CARTESIAN_POINT ( 'NONE',  ( 11.18503519712627359, 4.663181183444375044, -20.71623463286579181 ) ) ;
#6975 = DIRECTION ( 'NONE',  ( -0.000000000000000000, 1.000000000000000000, -0.000000000000000000 ) ) ;
#6976 = DIRECTION ( 'NONE',  ( -0.000000000000000000, -1.000000000000000000, -0.000000000000000000 ) ) ;
#6977 = CARTESIAN_POINT ( 'NONE',  ( -12.29462508638669505, 4.652225243042994229, 20.03065169146218594 ) ) ;
#6978 = ORIENTED_EDGE ( 'NONE', *, *, #7614, .F. ) ;
#6979 = CARTESIAN_POINT ( 'NONE',  ( 9.534673571902946065, 4.670000000000000817, -14.51453906012031503 ) ) ;
#6980 = VERTEX_POINT ( 'NONE', #6032 ) ;
#6981 = EDGE_CURVE ( 'NONE', #8349, #3523, #8033, .T. ) ;
#6982 = EDGE_CURVE ( 'NONE', #2186, #2199, #7911, .T. ) ;
#6983 = CARTESIAN_POINT ( 'NONE',  ( 0.7047147867036782642, 0.000000000000000000, 1.220601815415767843 ) ) ;
#6984 = EDGE_LOOP ( 'NONE', ( #1637, #8099, #6433, #2881, #3795, #7190 ) ) ;
#6985 = CARTESIAN_POINT ( 'NONE',  ( 19.51677218609430042, 0.3679114441889234088, -12.42271421373347451 ) ) ;
#6986 = VERTEX_POINT ( 'NONE', #6661 ) ;
#6987 = CYLINDRICAL_SURFACE ( 'NONE', #71, 16.18118721290257866 ) ;
#6988 = CARTESIAN_POINT ( 'NONE',  ( 0.7047147867036782642, 4.670000000000000817, 1.220601815415767843 ) ) ;
#6989 = LINE ( 'NONE', #6345, #1781 ) ;
#6990 = ADVANCED_FACE ( 'NONE', ( #7426 ), #8084, .F. ) ;
#6991 = FACE_OUTER_BOUND ( 'NONE', #3659, .T. ) ;
#6992 = VERTEX_POINT ( 'NONE', #6618 ) ;
#6993 = DIRECTION ( 'NONE',  ( -0.000000000000000000, -1.000000000000000000, -0.000000000000000000 ) ) ;
#6994 = FACE_OUTER_BOUND ( 'NONE', #6834, .T. ) ;
#6995 = CARTESIAN_POINT ( 'NONE',  ( -12.93832888017704263, 4.649847419193785747, -21.12879883022648642 ) ) ;
#6996 = CIRCLE ( 'NONE', #5659, 1.000000000000000888 ) ;
#6997 = VERTEX_POINT ( 'NONE', #7957 ) ;
#6998 = CARTESIAN_POINT ( 'NONE',  ( -20.66278350054805202, 4.652225243042958702, 11.19974067596925060 ) ) ;
#6999 = DIRECTION ( 'NONE',  ( 0.000000000000000000, 1.000000000000000000, 0.000000000000000000 ) ) ;
#7000 = CARTESIAN_POINT ( 'NONE',  ( 12.00865192441119511, 4.670000000000000817, 21.79959526348996590 ) ) ;
#7001 = ORIENTED_EDGE ( 'NONE', *, *, #7120, .T. ) ;
#7002 = AXIS2_PLACEMENT_3D ( 'NONE', #1202, #7589, #4486 ) ;
#7003 = CARTESIAN_POINT ( 'NONE',  ( 27.64883365011742811, 4.169999999999999929, -13.66095511311952748 ) ) ;
#7004 = ORIENTED_EDGE ( 'NONE', *, *, #5115, .F. ) ;
#7005 = ORIENTED_EDGE ( 'NONE', *, *, #3817, .T. ) ;
#7006 = DIRECTION ( 'NONE',  ( 1.156482317317798164E-15, 0.000000000000000000, 1.000000000000000000 ) ) ;
#7007 = CARTESIAN_POINT ( 'NONE',  ( 0.000000000000000000, 4.169999999999999929, 0.000000000000000000 ) ) ;
#7008 = ORIENTED_EDGE ( 'NONE', *, *, #2458, .T. ) ;
#7009 = CARTESIAN_POINT ( 'NONE',  ( -3.075684002619826440, 4.670000000000000817, -1.775746986854781939 ) ) ;
#7010 = CARTESIAN_POINT ( 'NONE',  ( 11.17503467196907074, 4.670000000000021245, -20.77223027628151186 ) ) ;
#7011 = ADVANCED_FACE ( 'NONE', ( #1549 ), #962, .F. ) ;
#7012 = CARTESIAN_POINT ( 'NONE',  ( 20.52210424823723756, 4.298923624762214679, 10.70895168659608743 ) ) ;
#7013 = CARTESIAN_POINT ( 'NONE',  ( -7.056435552109441289, 4.670000000000000817, 12.22210489659291888 ) ) ;
#7014 = CYLINDRICAL_SURFACE ( 'NONE', #3495, 17.73985401647556870 ) ;
#7015 = VERTEX_POINT ( 'NONE', #6705 ) ;
#7016 = DIRECTION ( 'NONE',  ( 0.000000000000000000, 0.000000000000000000, 1.000000000000000000 ) ) ;
#7017 = ORIENTED_EDGE ( 'NONE', *, *, #8405, .F. ) ;
#7018 = CIRCLE ( 'NONE', #3353, 1.000000000000000888 ) ;
#7019 = LINE ( 'NONE', #1360, #4886 ) ;
#7020 = ORIENTED_EDGE ( 'NONE', *, *, #6392, .F. ) ;
#7021 = DIRECTION ( 'NONE',  ( -0.000000000000000000, -1.000000000000000000, -0.000000000000000000 ) ) ;
#7022 = ORIENTED_EDGE ( 'NONE', *, *, #7362, .F. ) ;
#7023 = CARTESIAN_POINT ( 'NONE',  ( 11.71104112180825751, 4.413147668297894732, -22.18297585893528279 ) ) ;
#7024 = ADVANCED_FACE ( 'NONE', ( #5493 ), #8125, .T. ) ;
#7025 = EDGE_LOOP ( 'NONE', ( #2589, #4502, #489, #8355 ) ) ;
#7026 = EDGE_CURVE ( 'NONE', #2985, #3808, #7353, .T. ) ;
#7027 = CIRCLE ( 'NONE', #4318, 0.9000000000027943425 ) ;
#7028 = CARTESIAN_POINT ( 'NONE',  ( -27.64883365011735350, 4.169999999999999929, -13.66095511311972466 ) ) ;
#7029 = LINE ( 'NONE', #3848, #2329 ) ;
#7030 = CARTESIAN_POINT ( 'NONE',  ( -9.666967627480337555, 0.000000000000000000, 5.581226361975702766 ) ) ;
#7031 = VECTOR ( 'NONE', #772, 999.9999999999998863 ) ;
#7032 = ORIENTED_EDGE ( 'NONE', *, *, #3343, .F. ) ;
#7033 = CARTESIAN_POINT ( 'NONE',  ( -22.00031422186802388, 4.670000000000000817, -12.12453706906254425 ) ) ;
#7034 = DIRECTION ( 'NONE',  ( 0.000000000000000000, 0.000000000000000000, -1.000000000000000000 ) ) ;
#7035 = VERTEX_POINT ( 'NONE', #1634 ) ;
#7036 = FACE_OUTER_BOUND ( 'NONE', #1303, .T. ) ;
#7037 = CARTESIAN_POINT ( 'NONE',  ( 21.79959526349075460, 4.670000000000000817, -12.00865192441164986 ) ) ;
#7038 = EDGE_CURVE ( 'NONE', #5613, #4780, #5449, .T. ) ;
#7039 = CARTESIAN_POINT ( 'NONE',  ( 26.24918328139943213, 4.169999999999999929, -16.30967357190300149 ) ) ;
#7040 = CARTESIAN_POINT ( 'NONE',  ( -15.51453906012018891, 4.670000000000000817, -7.802622764334316230 ) ) ;
#7041 = AXIS2_PLACEMENT_3D ( 'NONE', #3347, #7267, #2674 ) ;
#7042 = ORIENTED_EDGE ( 'NONE', *, *, #6168, .T. ) ;
#7043 = CARTESIAN_POINT ( 'NONE',  ( 10.81375028943273975, 4.459267797770056774, 20.55250958649728688 ) ) ;
#7044 = CIRCLE ( 'NONE', #3634, 0.9000000000016876722 ) ;
#7045 = VERTEX_POINT ( 'NONE', #4795 ) ;
#7046 = CARTESIAN_POINT ( 'NONE',  ( -25.07812044392482420, 2.669999999999999929, 1.690000000000002833 ) ) ;
#7047 = EDGE_CURVE ( 'NONE', #4241, #197, #7389, .T. ) ;
#7048 = CARTESIAN_POINT ( 'NONE',  ( 1.690000000000072555, 0.000000000000000000, -23.07319061161675933 ) ) ;
#7049 = ORIENTED_EDGE ( 'NONE', *, *, #7301, .T. ) ;
#7050 = VECTOR ( 'NONE', #7563, 999.9999999999998863 ) ;
#7051 = ORIENTED_EDGE ( 'NONE', *, *, #7171, .T. ) ;
#7052 = DIRECTION ( 'NONE',  ( 0.000000000000000000, 1.000000000000000000, 0.000000000000000000 ) ) ;
#7053 = CARTESIAN_POINT ( 'NONE',  ( 11.17045074767288426, 4.670000000000000817, -20.82868827107973431 ) ) ;
#7054 = AXIS2_PLACEMENT_3D ( 'NONE', #2497, #6858, #8288 ) ;
#7055 = LINE ( 'NONE', #8147, #6010 ) ;
#7056 = CARTESIAN_POINT ( 'NONE',  ( 1.689999999999740155, 0.000000000000000000, 25.07812044392484196 ) ) ;
#7057 = ORIENTED_EDGE ( 'NONE', *, *, #7422, .F. ) ;
#7058 = CARTESIAN_POINT ( 'NONE',  ( 19.64123725407835153, 4.459267797769701502, -12.39212026871362227 ) ) ;
#7059 = ORIENTED_EDGE ( 'NONE', *, *, #6713, .F. ) ;
#7060 = TOROIDAL_SURFACE ( 'NONE', #3392, 24.63500000000000512, 0.5000000000000000000 ) ;
#7061 = AXIS2_PLACEMENT_3D ( 'NONE', #7502, #6811, #456 ) ;
#7062 = EDGE_CURVE ( 'NONE', #5771, #3091, #4376, .T. ) ;
#7063 = DIRECTION ( 'NONE',  ( -0.000000000000000000, -1.000000000000000000, -0.000000000000000000 ) ) ;
#7064 = ORIENTED_EDGE ( 'NONE', *, *, #902, .T. ) ;
#7065 = CARTESIAN_POINT ( 'NONE',  ( 19.51677218609430042, 0.5000000000000004441, -12.42271421373347096 ) ) ;
#7066 = VERTEX_POINT ( 'NONE', #301 ) ;
#7067 = DIRECTION ( 'NONE',  ( 0.000000000000000000, 1.000000000000000000, 0.000000000000000000 ) ) ;
#7069 = ORIENTED_EDGE ( 'NONE', *, *, #1037, .F. ) ;
#7068 = CIRCLE ( 'NONE', #3270, 25.13500000000000512 ) ;
#7070 = VECTOR ( 'NONE', #4741, 1000.000000000000114 ) ;
#7071 = ORIENTED_EDGE ( 'NONE', *, *, #50, .T. ) ;
#7072 = DIRECTION ( 'NONE',  ( 0.000000000000000000, 1.000000000000000000, 0.000000000000000000 ) ) ;
#7073 = DIRECTION ( 'NONE',  ( 0.000000000000000000, 0.000000000000000000, 1.000000000000000000 ) ) ;
#7074 = EDGE_CURVE ( 'NONE', #1709, #4835, #4929, .T. ) ;
#7075 = VECTOR ( 'NONE', #7629, 1000.000000000000000 ) ;
#7076 = EDGE_CURVE ( 'NONE', #7813, #7527, #2877, .T. ) ;
#7077 = EDGE_LOOP ( 'NONE', ( #4790, #5274, #2970, #457 ) ) ;
#7078 = DIRECTION ( 'NONE',  ( 0.8660254037844342667, -0.000000000000000000, 0.5000000000000075495 ) ) ;
#7079 = CARTESIAN_POINT ( 'NONE',  ( -10.95908546764285241, 4.579182007011426414, 20.59440237767961079 ) ) ;
#7080 = VERTEX_POINT ( 'NONE', #185 ) ;
#7081 = DIRECTION ( 'NONE',  ( 0.8660254037844387076, 0.000000000000000000, -0.4999999999999998335 ) ) ;
#7082 = FACE_OUTER_BOUND ( 'NONE', #5247, .T. ) ;
#7083 = ORIENTED_EDGE ( 'NONE', *, *, #1824, .T. ) ;
#7084 = CARTESIAN_POINT ( 'NONE',  ( -12.93832888017704263, 4.649847419193785747, -21.12879883022648642 ) ) ;
#7085 = DIRECTION ( 'NONE',  ( -0.000000000000000000, -1.000000000000000000, -0.000000000000000000 ) ) ;
#7086 = DIRECTION ( 'NONE',  ( 0.000000000000000000, 0.000000000000000000, 1.000000000000000000 ) ) ;
#7087 = AXIS2_PLACEMENT_3D ( 'NONE', #6889, #448, #2852 ) ;
#7088 = ORIENTED_EDGE ( 'NONE', *, *, #687, .T. ) ;
#7089 = CARTESIAN_POINT ( 'NONE',  ( -12.06749888762499268, -7.859999999999998543, -20.90152119364775274 ) ) ;
#7090 = EDGE_CURVE ( 'NONE', #636, #6081, #6263, .T. ) ;
#7091 = EDGE_CURVE ( 'NONE', #694, #1672, #5875, .T. ) ;
#7092 = AXIS2_PLACEMENT_3D ( 'NONE', #6530, #3823, #719 ) ;
#7093 = EDGE_LOOP ( 'NONE', ( #4565, #7983 ) ) ;
#7094 = ORIENTED_EDGE ( 'NONE', *, *, #98, .F. ) ;
#7095 = ORIENTED_EDGE ( 'NONE', *, *, #927, .F. ) ;
#7096 = CARTESIAN_POINT ( 'NONE',  ( -12.06749888762342060, 0.000000000000000000, 20.00152119364688019 ) ) ;
#7097 = CARTESIAN_POINT ( 'NONE',  ( -11.82891209833675816, 4.649847419183375408, 21.76932090785646068 ) ) ;
#7098 = ORIENTED_EDGE ( 'NONE', *, *, #6817, .T. ) ;
#7099 = VECTOR ( 'NONE', #2781, 1000.000000000000114 ) ;
#7100 = CIRCLE ( 'NONE', #1792, 23.13499999999999801 ) ;
#7101 = ADVANCED_FACE ( 'NONE', ( #5747 ), #2185, .T. ) ;
#7102 = ORIENTED_EDGE ( 'NONE', *, *, #79, .F. ) ;
#7103 = DIRECTION ( 'NONE',  ( -0.000000000000000000, -1.000000000000000000, -0.000000000000000000 ) ) ;
#7104 = CARTESIAN_POINT ( 'NONE',  ( 27.64883365011744587, 4.169999999999999929, 15.16095511311953459 ) ) ;
#7105 = VECTOR ( 'NONE', #1447, 1000.000000000000000 ) ;
#7106 = PLANE ( 'NONE',  #5048 ) ;
#7107 = DIRECTION ( 'NONE',  ( 0.5000000000000057732, -0.000000000000000000, -0.8660254037844353769 ) ) ;
#7108 = ORIENTED_EDGE ( 'NONE', *, *, #7702, .F. ) ;
#7109 = LINE ( 'NONE', #4040, #5955 ) ;
#7110 = CARTESIAN_POINT ( 'NONE',  ( 21.75328838229663120, 4.662126207124773991, -11.77059780046633186 ) ) ;
#7111 = ORIENTED_EDGE ( 'NONE', *, *, #3457, .T. ) ;
#7112 = CIRCLE ( 'NONE', #855, 1.000000000000091038 ) ;
#7113 = ADVANCED_FACE ( 'NONE', ( #3688 ), #5703, .F. ) ;
#7114 = CARTESIAN_POINT ( 'NONE',  ( 0.000000000000000000, 4.670000000000000817, 0.000000000000000000 ) ) ;
#7115 = B_SPLINE_CURVE_WITH_KNOTS ( 'NONE', 3,
 ( #3824, #5020, #7657, #512, #1179, #3639, #3775, #7611, #5704, #427 ),
 .UNSPECIFIED., .F., .F.,
 ( 4, 2, 2, 2, 4 ),
 ( 0.000000000000000000, 0.0005443681280883821754, 0.0008165521921325732090, 0.0009526442241546669368, 0.001088736256176760665 ),
 .UNSPECIFIED. ) ;
#7116 = CARTESIAN_POINT ( 'NONE',  ( -15.51453906012018891, 4.169999999999999929, -7.802622764334316230 ) ) ;
#7117 = CARTESIAN_POINT ( 'NONE',  ( -14.30585555931274122, 4.169999999999999929, -28.41310023613296210 ) ) ;
#7118 = ORIENTED_EDGE ( 'NONE', *, *, #1279, .T. ) ;
#7119 = EDGE_LOOP ( 'NONE', ( #3180, #8315, #7885, #2226, #7004, #7744 ) ) ;
#7120 = EDGE_CURVE ( 'NONE', #5827, #1443, #7630, .T. ) ;
#7121 = CARTESIAN_POINT ( 'NONE',  ( 22.25031422186815533, 4.296427799498672151, 11.69152436717008570 ) ) ;
#7122 = LINE ( 'NONE', #6435, #5579 ) ;
#7123 = VECTOR ( 'NONE', #8063, 1000.000000000000114 ) ;
#7124 = ORIENTED_EDGE ( 'NONE', *, *, #1368, .T. ) ;
#7125 = CARTESIAN_POINT ( 'NONE',  ( 12.06749888762737655, -7.859999999999998543, 20.90152119364642047 ) ) ;
#7126 = DIRECTION ( 'NONE',  ( 0.000000000000000000, 0.000000000000000000, 1.000000000000000000 ) ) ;
#7127 = ORIENTED_EDGE ( 'NONE', *, *, #3134, .T. ) ;
#7128 = CARTESIAN_POINT ( 'NONE',  ( 20.90152119364996608, 4.670000000000000817, 12.06749888762394463 ) ) ;
#7129 = DIRECTION ( 'NONE',  ( 0.000000000000000000, -0.000000000000000000, 1.000000000000000000 ) ) ;
#7130 = DIRECTION ( 'NONE',  ( -0.000000000000000000, -1.000000000000000000, -0.000000000000000000 ) ) ;
#7131 = EDGE_CURVE ( 'NONE', #4480, #7603, #6283, .T. ) ;
#7132 = CARTESIAN_POINT ( 'NONE',  ( -15.10087070261881337, 4.670000000000000817, 8.141141495965079855 ) ) ;
#7133 = VERTEX_POINT ( 'NONE', #7609 ) ;
#7134 = ORIENTED_EDGE ( 'NONE', *, *, #7792, .F. ) ;
#7135 = ORIENTED_EDGE ( 'NONE', *, *, #5685, .T. ) ;
#7136 = ORIENTED_EDGE ( 'NONE', *, *, #1186, .T. ) ;
#7137 = CARTESIAN_POINT ( 'NONE',  ( 16.68865214663075847, 4.670000000000000817, 27.09354647287409534 ) ) ;
#7138 = EDGE_CURVE ( 'NONE', #2979, #4466, #8217, .T. ) ;
#7139 = EDGE_CURVE ( 'NONE', #7994, #8273, #2376, .T. ) ;
#7140 = ORIENTED_EDGE ( 'NONE', *, *, #5053, .T. ) ;
#7141 = CIRCLE ( 'NONE', #6315, 25.13500000000000512 ) ;
#7142 = ORIENTED_EDGE ( 'NONE', *, *, #3982, .F. ) ;
#7143 = CARTESIAN_POINT ( 'NONE',  ( -20.03065169145887836, 4.652225243043353942, 12.29462508638811968 ) ) ;
#7144 = CARTESIAN_POINT ( 'NONE',  ( 17.11411476945194821, 4.169999999999999929, 26.65515099297918056 ) ) ;
#7145 = DIRECTION ( 'NONE',  ( 0.000000000000000000, 0.000000000000000000, -1.000000000000000000 ) ) ;
#7146 = DIRECTION ( 'NONE',  ( -0.000000000000000000, -1.000000000000000000, 0.000000000000000000 ) ) ;
#7147 = EDGE_CURVE ( 'NONE', #4810, #694, #2717, .T. ) ;
#7148 = ORIENTED_EDGE ( 'NONE', *, *, #5487, .T. ) ;
#7149 = CARTESIAN_POINT ( 'NONE',  ( -14.55029879730520115, 4.669999999999999041, 9.316173154054625982 ) ) ;
#7150 = DIRECTION ( 'NONE',  ( -0.000000000000000000, -1.000000000000000000, -0.000000000000000000 ) ) ;
#7151 = VERTEX_POINT ( 'NONE', #4975 ) ;
#7152 = CARTESIAN_POINT ( 'NONE',  ( 15.06371434019467870, 4.253871733960763457, 6.462191090617110056 ) ) ;
#7153 = CARTESIAN_POINT ( 'NONE',  ( -1.725477202014698008, 0.000000000000000000, -2.988614181191272756 ) ) ;
#7154 = DIRECTION ( 'NONE',  ( 0.000000000000000000, 1.000000000000000000, 0.000000000000000000 ) ) ;
#7155 = ORIENTED_EDGE ( 'NONE', *, *, #7702, .T. ) ;
#7156 = EDGE_CURVE ( 'NONE', #8322, #3868, #445, .T. ) ;
#7157 = VERTEX_POINT ( 'NONE', #6968 ) ;
#7158 = CARTESIAN_POINT ( 'NONE',  ( 15.01063546622637723, 4.670000000000000817, 26.99918328139939661 ) ) ;
#7159 = FACE_OUTER_BOUND ( 'NONE', #4372, .T. ) ;
#7160 = ORIENTED_EDGE ( 'NONE', *, *, #4533, .T. ) ;
#7161 = LINE ( 'NONE', #3292, #596 ) ;
#7162 = MANIFOLD_SOLID_BREP ( 'Cut-Extrude1', #198 ) ;
#7163 = ORIENTED_EDGE ( 'NONE', *, *, #5087, .F. ) ;
#7164 = LINE ( 'NONE', #709, #3838 ) ;
#7165 = CARTESIAN_POINT ( 'NONE',  ( 13.59914968310600436, 4.670000000000000817, -9.209345172432076509 ) ) ;
#7166 = LINE ( 'NONE', #1333, #7252 ) ;
#7167 = LINE ( 'NONE', #6688, #798 ) ;
#7168 = ORIENTED_EDGE ( 'NONE', *, *, #5519, .F. ) ;
#7169 = DIRECTION ( 'NONE',  ( 0.000000000000000000, 0.000000000000000000, 1.000000000000000000 ) ) ;
#7170 = B_SPLINE_CURVE_WITH_KNOTS ( 'NONE', 3,
 ( #7719, #1241, #2489, #574 ),
 .UNSPECIFIED., .F., .F.,
 ( 4, 4 ),
 ( 7.204847710556567793E-18, 0.0001831339601463294233 ),
 .UNSPECIFIED. ) ;
#7171 = EDGE_CURVE ( 'NONE', #2186, #2523, #4383, .T. ) ;
#7172 = VERTEX_POINT ( 'NONE', #5109 ) ;
#7173 = ORIENTED_EDGE ( 'NONE', *, *, #6191, .F. ) ;
#7174 = CARTESIAN_POINT ( 'NONE',  ( 17.11411476945194821, 4.542371243354500265, 26.82147501673482637 ) ) ;
#7175 = CARTESIAN_POINT ( 'NONE',  ( -11.94648073030542612, 4.669999999999999929, 21.79552145032139876 ) ) ;
#7176 = DIRECTION ( 'NONE',  ( 0.000000000000000000, 0.000000000000000000, 1.000000000000000000 ) ) ;
#7177 = EDGE_LOOP ( 'NONE', ( #181, #5169, #4509, #7745 ) ) ;
#7178 = TOROIDAL_SURFACE ( 'NONE', #5700, 24.63500000000000512, 0.5000000000000000000 ) ;
#7179 = ORIENTED_EDGE ( 'NONE', *, *, #2469, .F. ) ;
#7180 = EDGE_CURVE ( 'NONE', #2979, #5126, #2868, .T. ) ;
#7181 = DIRECTION ( 'NONE',  ( -0.000000000000000000, -1.000000000000000000, -0.000000000000000000 ) ) ;
#7182 = EDGE_CURVE ( 'NONE', #993, #6229, #2192, .T. ) ;
#7183 = CARTESIAN_POINT ( 'NONE',  ( 12.93832888018171090, 4.649847419192786546, 21.12879883022763039 ) ) ;
#7184 = CARTESIAN_POINT ( 'NONE',  ( -26.52108929809337212, 4.670000000000000817, 15.88930831464518612 ) ) ;
#7185 = CARTESIAN_POINT ( 'NONE',  ( 27.24918328139932555, 4.169999999999999929, -14.57762276433428994 ) ) ;
#7186 = AXIS2_PLACEMENT_3D ( 'NONE', #7631, #1283, #4406 ) ;
#7187 = EDGE_LOOP ( 'NONE', ( #7163, #4656, #8365, #6649, #3333, #4709 ) ) ;
#7188 = CARTESIAN_POINT ( 'NONE',  ( -13.17156689968206962, 4.573863308493651303, 21.18771934077937047 ) ) ;
#7189 = CARTESIAN_POINT ( 'NONE',  ( -11.75100665499373420, 0.000000000000000000, -6.784446855506382157 ) ) ;
#7190 = ORIENTED_EDGE ( 'NONE', *, *, #6128, .T. ) ;
#7191 = VECTOR ( 'NONE', #2864, 1000.000000000000000 ) ;
#7192 = CARTESIAN_POINT ( 'NONE',  ( -20.82868827107983734, 4.670000000000000817, 11.17045074767269242 ) ) ;
#7193 = EDGE_CURVE ( 'NONE', #5876, #4475, #3906, .T. ) ;
#7194 = VECTOR ( 'NONE', #3338, 1000.000000000000000 ) ;
#7195 = CYLINDRICAL_SURFACE ( 'NONE', #5868, 0.4999999999999995559 ) ;
#7196 = ORIENTED_EDGE ( 'NONE', *, *, #7139, .F. ) ;
#7197 = CARTESIAN_POINT ( 'NONE',  ( 11.69152436717008925, 4.169999999999999929, -22.25031422186815178 ) ) ;
#7198 = VERTEX_POINT ( 'NONE', #7096 ) ;
#7199 = VERTEX_POINT ( 'NONE', #3185 ) ;
#7200 = CARTESIAN_POINT ( 'NONE',  ( -12.42271421373342832, 4.169999999999999929, -19.51677218609433240 ) ) ;
#7201 = CIRCLE ( 'NONE', #4747, 25.55648399467292364 ) ;
#7202 = EDGE_CURVE ( 'NONE', #677, #8234, #7359, .T. ) ;
#7203 = EDGE_LOOP ( 'NONE', ( #3035, #5196, #8227, #7421 ) ) ;
#7204 = VECTOR ( 'NONE', #1135, 1000.000000000000227 ) ;
#7205 = CARTESIAN_POINT ( 'NONE',  ( 14.90757710307750017, 4.670000000000007034, 27.08097159395438069 ) ) ;
#7206 = ORIENTED_EDGE ( 'NONE', *, *, #1871, .F. ) ;
#7207 = CARTESIAN_POINT ( 'NONE',  ( 12.42271421373331997, 4.670000000000000817, -19.51677218609439990 ) ) ;
#7208 = LINE ( 'NONE', #5861, #679 ) ;
#7209 = CARTESIAN_POINT ( 'NONE',  ( -9.534673571903029554, 0.000000000000000000, 14.51453906012026707 ) ) ;
#7210 = DIRECTION ( 'NONE',  ( 0.000000000000000000, 1.000000000000000000, 0.000000000000000000 ) ) ;
#7211 = ORIENTED_EDGE ( 'NONE', *, *, #4595, .F. ) ;
#7212 = AXIS2_PLACEMENT_3D ( 'NONE', #8218, #7700, #5110 ) ;
#7213 = AXIS2_PLACEMENT_3D ( 'NONE', #2002, #2048, #1403 ) ;
#7214 = B_SPLINE_CURVE_WITH_KNOTS ( 'NONE', 3,
 ( #6057, #1540, #2866, #4155, #6730, #7459, #908, #6180 ),
 .UNSPECIFIED., .F., .F.,
 ( 4, 2, 2, 4 ),
 ( 0.0001854542068793749220, 0.0005714495824247870252, 0.0007644472701974918977, 0.0009574449579701968787 ),
 .UNSPECIFIED. ) ;
#7215 = CARTESIAN_POINT ( 'NONE',  ( -20.90152119364589467, 4.670000000000000817, 11.16749888762421961 ) ) ;
#7216 = EDGE_CURVE ( 'NONE', #1627, #1362, #4646, .T. ) ;
#7217 = FACE_OUTER_BOUND ( 'NONE', #575, .T. ) ;
#7218 = ORIENTED_EDGE ( 'NONE', *, *, #3701, .F. ) ;
#7219 = CARTESIAN_POINT ( 'NONE',  ( 13.42357517473885764, 4.169999999999999929, -21.25031422186822994 ) ) ;
#7220 = AXIS2_PLACEMENT_3D ( 'NONE', #7309, #6101, #4877 ) ;
#7221 = ORIENTED_EDGE ( 'NONE', *, *, #7936, .T. ) ;
#7222 = DIRECTION ( 'NONE',  ( -0.000000000000000000, -1.000000000000000000, -0.000000000000000000 ) ) ;
#7223 =( NAMED_UNIT ( * ) SI_UNIT ( $, .STERADIAN. ) SOLID_ANGLE_UNIT ( ) );
#7224 = DIRECTION ( 'NONE',  ( 0.000000000000000000, 0.000000000000000000, 1.000000000000000000 ) ) ;
#7225 = DIRECTION ( 'NONE',  ( -1.064377863494504777E-14, -0.000000000000000000, 1.000000000000000000 ) ) ;
#7226 = ORIENTED_EDGE ( 'NONE', *, *, #3316, .T. ) ;
#7227 = EDGE_CURVE ( 'NONE', #6360, #8034, #1187, .T. ) ;
#7228 = VECTOR ( 'NONE', #5255, 1000.000000000000114 ) ;
#7229 = AXIS2_PLACEMENT_3D ( 'NONE', #3595, #2963, #5570 ) ;
#7230 = ORIENTED_EDGE ( 'NONE', *, *, #1931, .T. ) ;
#7231 = CARTESIAN_POINT ( 'NONE',  ( 9.814463748651954589, 4.169999999999999929, -13.12827881868123114 ) ) ;
#7232 = VECTOR ( 'NONE', #1441, 1000.000000000000000 ) ;
#7233 = CARTESIAN_POINT ( 'NONE',  ( -26.27899918359684506, 4.431339364531995173, 16.26425990896827756 ) ) ;
#7234 = CARTESIAN_POINT ( 'NONE',  ( -0.2499999999999995282, 4.169999999999999929, 0.4330127018922200755 ) ) ;
#7235 = ORIENTED_EDGE ( 'NONE', *, *, #5620, .F. ) ;
#7236 = EDGE_CURVE ( 'NONE', #449, #6585, #5157, .T. ) ;
#7237 = CARTESIAN_POINT ( 'NONE',  ( 9.534673571902963829, 4.169999999999999929, 14.51453906012032036 ) ) ;
#7238 = DIRECTION ( 'NONE',  ( 0.000000000000000000, 0.000000000000000000, 1.000000000000000000 ) ) ;
#7239 = CARTESIAN_POINT ( 'NONE',  ( 20.90152119364996608, -7.859999999999998543, 12.06749888762394463 ) ) ;
#7240 = FACE_OUTER_BOUND ( 'NONE', #4246, .T. ) ;
#7241 = B_SPLINE_CURVE_WITH_KNOTS ( 'NONE', 3,
 ( #1296, #7903, #5147, #7084 ),
 .UNSPECIFIED., .F., .F.,
 ( 4, 4 ),
 ( 1.829701590736007228E-17, 0.0001831339601431303222 ),
 .UNSPECIFIED. ) ;
#7242 = B_SPLINE_CURVE_WITH_KNOTS ( 'NONE', 3,
 ( #2526, #3281, #4567, #1879, #3886, #1194, #5924, #7765, #7152, #1319 ),
 .UNSPECIFIED., .F., .F.,
 ( 4, 2, 2, 2, 4 ),
 ( 0.000000000000000000, 0.0002456018212037125296, 0.0004912036424074250592, 0.0007368054636111376430, 0.0009824072848148501184 ),
 .UNSPECIFIED. ) ;
#7243 = ORIENTED_EDGE ( 'NONE', *, *, #2470, .F. ) ;
#7244 = ORIENTED_EDGE ( 'NONE', *, *, #1311, .F. ) ;
#7245 = EDGE_CURVE ( 'NONE', #5964, #3606, #5174, .T. ) ;
#7246 = CIRCLE ( 'NONE', #3702, 25.13500000000000512 ) ;
#7247 = CARTESIAN_POINT ( 'NONE',  ( 21.88695908182433314, 4.624213390367365228, 11.79575527663534551 ) ) ;
#7248 = EDGE_CURVE ( 'NONE', #3808, #2108, #5206, .T. ) ;
#7249 = CARTESIAN_POINT ( 'NONE',  ( 23.07319061161675577, 2.669999999999999929, 1.690000000000158042 ) ) ;
#7250 = EDGE_LOOP ( 'NONE', ( #7934, #342, #2168, #6805 ) ) ;
#7251 = DIRECTION ( 'NONE',  ( 0.000000000000000000, 0.000000000000000000, 1.000000000000000000 ) ) ;
#7252 = VECTOR ( 'NONE', #6602, 1000.000000000000000 ) ;
#7253 = CARTESIAN_POINT ( 'NONE',  ( 14.62615092454263888, 4.431339364532040470, 27.22476184672134991 ) ) ;
#7254 = ORIENTED_EDGE ( 'NONE', *, *, #2836, .F. ) ;
#7255 = CARTESIAN_POINT ( 'NONE',  ( 28.28336860875745984, 4.492651629845343386, 14.57835342420617764 ) ) ;
#7256 = DIRECTION ( 'NONE',  ( 0.3187812165858832647, 0.000000000000000000, 0.9478283262026009348 ) ) ;
#7257 = CARTESIAN_POINT ( 'NONE',  ( 27.22477132445023784, 4.431292217823998847, -14.62613208313621094 ) ) ;
#7258 = CARTESIAN_POINT ( 'NONE',  ( 22.25031422186815178, 4.169999999999999929, -11.69152436717009635 ) ) ;
#7259 = ADVANCED_FACE ( 'NONE', ( #2673 ), #7872, .T. ) ;
#7260 = VERTEX_POINT ( 'NONE', #5910 ) ;
#7261 = B_SPLINE_CURVE_WITH_KNOTS ( 'NONE', 3,
 ( #5510, #6686, #5355, #281 ),
 .UNSPECIFIED., .F., .F.,
 ( 4, 4 ),
 ( 0.0002302718042566898830, 0.0004006657018428996884 ),
 .UNSPECIFIED. ) ;
#7262 = DIRECTION ( 'NONE',  ( 0.000000000000000000, 1.000000000000000000, 0.000000000000000000 ) ) ;
#7263 = CARTESIAN_POINT ( 'NONE',  ( 27.09729052274362715, 4.670000000000000817, 16.70152105077628235 ) ) ;
#7264 = CARTESIAN_POINT ( 'NONE',  ( 20.00721281407725627, 4.670000000000000817, -12.18381472609475580 ) ) ;
#7265 = ORIENTED_EDGE ( 'NONE', *, *, #6340, .T. ) ;
#7266 = PLANE ( 'NONE',  #1111 ) ;
#7267 = DIRECTION ( 'NONE',  ( 0.000000000000000000, 1.000000000000000000, 0.000000000000000000 ) ) ;
#7268 = EDGE_CURVE ( 'NONE', #6484, #2235, #5785, .T. ) ;
#7269 = CARTESIAN_POINT ( 'NONE',  ( 10.95908546764404612, 4.579182007012216005, -20.59440237768007620 ) ) ;
#7270 = ORIENTED_EDGE ( 'NONE', *, *, #4277, .F. ) ;
#7271 = ORIENTED_EDGE ( 'NONE', *, *, #3752, .F. ) ;
#7272 = CARTESIAN_POINT ( 'NONE',  ( -9.814463748652045183, 2.669999999999999929, 13.12827881868116009 ) ) ;
#7273 = CARTESIAN_POINT ( 'NONE',  ( -26.59578445530214807, 4.670000000000000817, -17.45353882510841714 ) ) ;
#7274 = CIRCLE ( 'NONE', #357, 0.9000000000017154278 ) ;
#7275 = CARTESIAN_POINT ( 'NONE',  ( -6.462191090616951961, 0.000000000000000000, -15.06371434019473554 ) ) ;
#7276 = ORIENTED_EDGE ( 'NONE', *, *, #3725, .F. ) ;
#7277 = CARTESIAN_POINT ( 'NONE',  ( -14.32746114933357795, 4.258081829227118753, 28.40343416804506660 ) ) ;
#7278 = VECTOR ( 'NONE', #7225, 1000.000000000000000 ) ;
#7279 = FACE_OUTER_BOUND ( 'NONE', #698, .T. ) ;
#7280 = B_SPLINE_CURVE_WITH_KNOTS ( 'NONE', 3,
 ( #4242, #414, #5610, #6998 ),
 .UNSPECIFIED., .F., .F.,
 ( 4, 4 ),
 ( 0.000000000000000000, 0.0001710686492156246149 ),
 .UNSPECIFIED. ) ;
#7281 = LINE ( 'NONE', #3964, #6525 ) ;
#7282 = EDGE_CURVE ( 'NONE', #3268, #6484, #3934, .T. ) ;
#7283 = DIRECTION ( 'NONE',  ( 0.000000000000000000, 0.000000000000000000, 1.000000000000000000 ) ) ;
#7284 = LINE ( 'NONE', #6628, #6142 ) ;
#7285 = EDGE_LOOP ( 'NONE', ( #8411, #4451, #4973, #6411, #377, #5848, #4023, #3967, #1770, #8371 ) ) ;
#7286 = CARTESIAN_POINT ( 'NONE',  ( 25.65515099297911661, 4.169999999999999929, -17.11411476945202992 ) ) ;
#7287 = PLANE ( 'NONE',  #4253 ) ;
#7288 = EDGE_LOOP ( 'NONE', ( #7380, #551, #3837, #8030, #6181, #6454, #2928 ) ) ;
#7289 = DIRECTION ( 'NONE',  ( 0.000000000000000000, 0.000000000000000000, 1.000000000000000000 ) ) ;
#7290 = LINE ( 'NONE', #1450, #66 ) ;
#7291 = EDGE_CURVE ( 'NONE', #1029, #2532, #2337, .T. ) ;
#7292 = ORIENTED_EDGE ( 'NONE', *, *, #4818, .F. ) ;
#7293 = CARTESIAN_POINT ( 'NONE',  ( -20.90152119364758221, 4.670000000000000817, -12.06749888762527867 ) ) ;
#7294 = FACE_OUTER_BOUND ( 'NONE', #6001, .T. ) ;
#7295 = FACE_OUTER_BOUND ( 'NONE', #543, .T. ) ;
#7296 = ORIENTED_EDGE ( 'NONE', *, *, #1414, .F. ) ;
#7297 = CYLINDRICAL_SURFACE ( 'NONE', #1760, 12.97090984906004607 ) ;
#7298 = VECTOR ( 'NONE', #5231, 1000.000000000000000 ) ;
#7299 = CARTESIAN_POINT ( 'NONE',  ( 0.000000000000000000, 4.670000000000000817, 0.000000000000000000 ) ) ;
#7300 = DIRECTION ( 'NONE',  ( 0.9478283262025974931, 0.000000000000000000, -0.3187812165858939228 ) ) ;
#7301 = EDGE_CURVE ( 'NONE', #4439, #2551, #4740, .T. ) ;
#7302 = VERTEX_POINT ( 'NONE', #4462 ) ;
#7303 = DIRECTION ( 'NONE',  ( 0.9478283262026033773, 0.000000000000000000, 0.3187812165858762703 ) ) ;
#7304 = CARTESIAN_POINT ( 'NONE',  ( 28.39420426493364502, 4.255582135360229223, -14.33817013313801780 ) ) ;
#7305 = ORIENTED_EDGE ( 'NONE', *, *, #5032, .T. ) ;
#7306 = VERTEX_POINT ( 'NONE', #7046 ) ;
#7307 = FACE_OUTER_BOUND ( 'NONE', #3915, .T. ) ;
#7308 = EDGE_CURVE ( 'NONE', #3225, #3968, #1222, .T. ) ;
#7309 = CARTESIAN_POINT ( 'NONE',  ( 9.224864364556331964, 4.670000000000000817, 5.325977924111742645 ) ) ;
#7310 = CARTESIAN_POINT ( 'NONE',  ( -11.18500446483962385, 4.663204079747917064, -20.71634633786797153 ) ) ;
#7311 = CARTESIAN_POINT ( 'NONE',  ( -12.93832888017704263, 4.649847419193785747, -21.12879883022648642 ) ) ;
#7312 = ORIENTED_EDGE ( 'NONE', *, *, #7139, .T. ) ;
#7313 = CARTESIAN_POINT ( 'NONE',  ( 20.90152119364827854, 4.670000000000000817, -12.96749888762856706 ) ) ;
#7314 = CARTESIAN_POINT ( 'NONE',  ( 12.29462508638849094, 4.652225243043065284, 20.03065169145742175 ) ) ;
#7315 = DIRECTION ( 'NONE',  ( 0.000000000000000000, 0.000000000000000000, 1.000000000000000000 ) ) ;
#7316 = AXIS2_PLACEMENT_3D ( 'NONE', #4621, #7210, #129 ) ;
#7317 = PLANE ( 'NONE',  #1654 ) ;
#7318 = ORIENTED_EDGE ( 'NONE', *, *, #5097, .F. ) ;
#7319 = ADVANCED_FACE ( 'NONE', ( #1906 ), #5484, .F. ) ;
#7320 = CIRCLE ( 'NONE', #8157, 25.13500000000000867 ) ;
#7321 = CARTESIAN_POINT ( 'NONE',  ( -14.51453906012035233, 0.000000000000000000, 9.534673571902905209 ) ) ;
#7322 = ORIENTED_EDGE ( 'NONE', *, *, #4160, .F. ) ;
#7323 = DIRECTION ( 'NONE',  ( 0.4999999999999851785, -0.000000000000000000, 0.8660254037844472563 ) ) ;
#7324 = VECTOR ( 'NONE', #5349, 1000.000000000000000 ) ;
#7325 = ORIENTED_EDGE ( 'NONE', *, *, #7441, .F. ) ;
#7326 = DIRECTION ( 'NONE',  ( 0.9802340172108795491, 0.000000000000000000, -0.1978415312886077360 ) ) ;
#7327 = AXIS2_PLACEMENT_3D ( 'NONE', #2999, #1125, #2540 ) ;
#7328 = DIRECTION ( 'NONE',  ( 0.000000000000000000, 0.000000000000000000, 1.000000000000000000 ) ) ;
#7329 = FACE_OUTER_BOUND ( 'NONE', #5369, .T. ) ;
#7330 = ADVANCED_FACE ( 'NONE', ( #2793 ), #8075, .T. ) ;
#7331 = ADVANCED_FACE ( 'NONE', ( #2908 ), #4743, .T. ) ;
#7332 = VECTOR ( 'NONE', #1876, 1000.000000000000000 ) ;
#7333 = PLANE ( 'NONE',  #4508 ) ;
#7334 = CARTESIAN_POINT ( 'NONE',  ( 15.06371434019466804, 4.169999999999999929, -6.462191090617108280 ) ) ;
#7335 = LINE ( 'NONE', #248, #2204 ) ;
#7336 = CYLINDRICAL_SURFACE ( 'NONE', #6389, 1.000000000000032196 ) ;
#7337 = ORIENTED_EDGE ( 'NONE', *, *, #3647, .T. ) ;
#7338 = CARTESIAN_POINT ( 'NONE',  ( 25.65515099297910950, 4.670000000000000817, 17.11411476945201571 ) ) ;
#7339 = DIRECTION ( 'NONE',  ( 0.8660254037844450359, 0.000000000000000000, -0.4999999999999888978 ) ) ;
#7340 = AXIS2_PLACEMENT_3D ( 'NONE', #1223, #8352, #1685 ) ;
#7341 = AXIS2_PLACEMENT_3D ( 'NONE', #1471, #3910, #5954 ) ;
#7342 = ORIENTED_EDGE ( 'NONE', *, *, #502, .F. ) ;
#7343 = EDGE_CURVE ( 'NONE', #1733, #2592, #952, .T. ) ;
#7344 = EDGE_CURVE ( 'NONE', #2580, #548, #5401, .T. ) ;
#7345 = DIRECTION ( 'NONE',  ( 0.1978415312886037114, 0.000000000000000000, 0.9802340172108802152 ) ) ;
#7346 = AXIS2_PLACEMENT_3D ( 'NONE', #653, #34, #1747 ) ;
#7347 = DIRECTION ( 'NONE',  ( -0.000000000000000000, -1.000000000000000000, -0.000000000000000000 ) ) ;
#7348 = LINE ( 'NONE', #6066, #4635 ) ;
#7349 = FACE_OUTER_BOUND ( 'NONE', #5150, .T. ) ;
#7350 = ORIENTED_EDGE ( 'NONE', *, *, #5654, .T. ) ;
#7351 = CARTESIAN_POINT ( 'NONE',  ( -27.24918328139926516, 4.169999999999999929, -14.57762276433443560 ) ) ;
#7352 = AXIS2_PLACEMENT_3D ( 'NONE', #7104, #6456, #3228 ) ;
#7353 = CIRCLE ( 'NONE', #1106, 0.9999999999999974465 ) ;
#7354 = EDGE_CURVE ( 'NONE', #3581, #8349, #6609, .T. ) ;
#7355 = CARTESIAN_POINT ( 'NONE',  ( -26.49918328139936463, 4.670000000000000817, -15.87666087001088044 ) ) ;
#7356 = CARTESIAN_POINT ( 'NONE',  ( 20.51677218609434306, 0.000000000000000000, 10.69066340616454802 ) ) ;
#7357 = CARTESIAN_POINT ( 'NONE',  ( 12.40124503023873359, 4.670000000000000817, 20.06373414448132309 ) ) ;
#7358 = AXIS2_PLACEMENT_3D ( 'NONE', #2453, #7643, #7034 ) ;
#7359 = CIRCLE ( 'NONE', #8328, 12.87150456288244449 ) ;
#7360 = CARTESIAN_POINT ( 'NONE',  ( 23.07319061161677354, 2.669999999999999929, -1.689999999999841851 ) ) ;
#7361 = ORIENTED_EDGE ( 'NONE', *, *, #2013, .F. ) ;
#7362 = EDGE_CURVE ( 'NONE', #3948, #8199, #6059, .T. ) ;
#7363 = CARTESIAN_POINT ( 'NONE',  ( 9.316173154054682826, 4.669999999999999929, 14.55029879730516917 ) ) ;
#7364 = EDGE_LOOP ( 'NONE', ( #626, #8348 ) ) ;
#7365 = CARTESIAN_POINT ( 'NONE',  ( -11.82891209833706192, 4.649847419183725350, -21.76932090785493656 ) ) ;
#7366 = DIRECTION ( 'NONE',  ( -0.3187812165858939784, 0.000000000000000000, 0.9478283262025974931 ) ) ;
#7367 = ADVANCED_FACE ( 'NONE', ( #2144 ), #6025, .T. ) ;
#7368 = ORIENTED_EDGE ( 'NONE', *, *, #1932, .T. ) ;
#7369 = CARTESIAN_POINT ( 'NONE',  ( -12.96637362587523334, 4.670000000000000817, 20.94651235872471773 ) ) ;
#7370 = CARTESIAN_POINT ( 'NONE',  ( -6.851967422215429870, 4.633567868766276021, -14.90433930716126198 ) ) ;
#7371 = CARTESIAN_POINT ( 'NONE',  ( -17.11411476945210453, 4.169999999999999929, 25.65515099297905266 ) ) ;
#7372 = LINE ( 'NONE', #1705, #5288 ) ;
#7373 = DIRECTION ( 'NONE',  ( 0.000000000000000000, 0.000000000000000000, 1.000000000000000000 ) ) ;
#7374 = DIRECTION ( 'NONE',  ( 0.000000000000000000, 0.000000000000000000, 1.000000000000000000 ) ) ;
#7375 = ORIENTED_EDGE ( 'NONE', *, *, #836, .T. ) ;
#7376 = CARTESIAN_POINT ( 'NONE',  ( 12.45294779642966532, 4.670000000000000817, 20.08823825474492963 ) ) ;
#7377 = PLANE ( 'NONE',  #2613 ) ;
#7378 = CARTESIAN_POINT ( 'NONE',  ( 14.50565433729382114, 4.445369076532341701, -28.32147023224846905 ) ) ;
#7379 = EDGE_CURVE ( 'NONE', #1938, #3195, #6565, .T. ) ;
#7380 = ORIENTED_EDGE ( 'NONE', *, *, #7737, .F. ) ;
#7381 = CARTESIAN_POINT ( 'NONE',  ( -7.802622764334261163, 4.462893218813452911, 15.51453906012021733 ) ) ;
#7382 = CARTESIAN_POINT ( 'NONE',  ( -11.82891209833675816, 4.649847419183375408, 21.76932090785646068 ) ) ;
#7383 = ORIENTED_EDGE ( 'NONE', *, *, #7193, .F. ) ;
#7384 = VECTOR ( 'NONE', #6946, 1000.000000000000000 ) ;
#7385 = CARTESIAN_POINT ( 'NONE',  ( -9.353279450544206952, 4.670000000000000817, 13.46265963069560101 ) ) ;
#7386 = EDGE_CURVE ( 'NONE', #4139, #8271, #3834, .T. ) ;
#7387 = AXIS2_PLACEMENT_3D ( 'NONE', #6927, #2924, #5532 ) ;
#7388 = ADVANCED_FACE ( 'NONE', ( #910 ), #7266, .F. ) ;
#7389 = LINE ( 'NONE', #2115, #3010 ) ;
#7390 = DIRECTION ( 'NONE',  ( 0.000000000000000000, 1.000000000000000000, 0.000000000000000000 ) ) ;
#7391 = DIRECTION ( 'NONE',  ( -0.000000000000000000, -1.000000000000000000, -0.000000000000000000 ) ) ;
#7392 = ORIENTED_EDGE ( 'NONE', *, *, #5446, .F. ) ;
#7393 = CARTESIAN_POINT ( 'NONE',  ( 22.25031422186815178, 4.169999999999999929, -11.69152436717009635 ) ) ;
#7394 = CARTESIAN_POINT ( 'NONE',  ( 0.000000000000000000, 4.670000000000000817, 0.000000000000000000 ) ) ;
#7395 = CARTESIAN_POINT ( 'NONE',  ( 0.000000000000000000, 4.169999999999999929, 0.000000000000000000 ) ) ;
#7396 = CARTESIAN_POINT ( 'NONE',  ( 15.51453906012023332, 4.169999999999999929, -7.802622764334209648 ) ) ;
#7397 = CIRCLE ( 'NONE', #4430, 25.13500000000000867 ) ;
#7398 = ADVANCED_FACE ( 'NONE', ( #2828, #5987, #2187 ), #1504, .F. ) ;
#7399 = FACE_OUTER_BOUND ( 'NONE', #3388, .T. ) ;
#7400 = EDGE_LOOP ( 'NONE', ( #1965, #3681, #482, #1476, #5940 ) ) ;
#7401 = VECTOR ( 'NONE', #3993, 1000.000000000000000 ) ;
#7402 = B_SPLINE_CURVE_WITH_KNOTS ( 'NONE', 3,
 ( #7369, #4811, #1566, #5937 ),
 .UNSPECIFIED., .F., .F.,
 ( 4, 4 ),
 ( 0.0008558641057465950913, 0.001040910029775028289 ),
 .UNSPECIFIED. ) ;
#7403 = CARTESIAN_POINT ( 'NONE',  ( -19.51677218609426490, 0.000000000000000000, -12.42271421373352958 ) ) ;
#7404 = ORIENTED_EDGE ( 'NONE', *, *, #195, .T. ) ;
#7405 = CARTESIAN_POINT ( 'NONE',  ( -9.534673571902855471, 0.000000000000000000, -14.51453906012038431 ) ) ;
#7406 = EDGE_CURVE ( 'NONE', #3140, #6046, #3417, .T. ) ;
#7407 = ORIENTED_EDGE ( 'NONE', *, *, #7090, .T. ) ;
#7408 = CARTESIAN_POINT ( 'NONE',  ( -12.87467732819471955, 4.670000000000000817, -21.29959526348832810 ) ) ;
#7409 = DIRECTION ( 'NONE',  ( -0.000000000000000000, 1.000000000000000000, -0.000000000000000000 ) ) ;
#7410 = DIRECTION ( 'NONE',  ( 0.8660254037844391517, -0.000000000000000000, 0.4999999999999992228 ) ) ;
#7411 = CARTESIAN_POINT ( 'NONE',  ( 11.19974067596996292, 4.652225243043219827, -20.66278350054821189 ) ) ;
#7412 = FACE_OUTER_BOUND ( 'NONE', #7025, .T. ) ;
#7413 = VERTEX_POINT ( 'NONE', #6696 ) ;
#7414 = CARTESIAN_POINT ( 'NONE',  ( -10.81375028943299732, 4.459267797770323227, -20.55250958649735793 ) ) ;
#7415 = FACE_OUTER_BOUND ( 'NONE', #8363, .T. ) ;
#7416 = FACE_OUTER_BOUND ( 'NONE', #2164, .T. ) ;
#7417 = ORIENTED_EDGE ( 'NONE', *, *, #4048, .F. ) ;
#7418 = DIRECTION ( 'NONE',  ( 0.8660254037844261621, 0.000000000000000000, -0.5000000000000217604 ) ) ;
#7419 = CARTESIAN_POINT ( 'NONE',  ( -13.35117117957929267, 4.594433461197050761, 9.536260907669589670 ) ) ;
#7420 = CARTESIAN_POINT ( 'NONE',  ( 12.06749888762580269, 0.000000000000000000, -20.90152119364944383 ) ) ;
#7421 = ORIENTED_EDGE ( 'NONE', *, *, #2564, .T. ) ;
#7422 = EDGE_CURVE ( 'NONE', #6325, #3261, #5143, .T. ) ;
#7423 = CARTESIAN_POINT ( 'NONE',  ( -11.69152436717009991, 0.000000000000000000, -22.25031422186814822 ) ) ;
#7424 = DIRECTION ( 'NONE',  ( 0.000000000000000000, 0.000000000000000000, 1.000000000000000000 ) ) ;
#7425 = EDGE_LOOP ( 'NONE', ( #1201, #2616, #641, #2714, #5936, #1541 ) ) ;
#7426 = FACE_OUTER_BOUND ( 'NONE', #932, .T. ) ;
#7427 = AXIS2_PLACEMENT_3D ( 'NONE', #2494, #494, #453 ) ;
#7428 = CARTESIAN_POINT ( 'NONE',  ( 0.000000000000000000, 4.670000000000000817, 0.000000000000000000 ) ) ;
#7429 = FACE_OUTER_BOUND ( 'NONE', #5483, .T. ) ;
#7430 = ORIENTED_EDGE ( 'NONE', *, *, #7202, .T. ) ;
#7431 = FACE_OUTER_BOUND ( 'NONE', #6984, .T. ) ;
#7432 = DIRECTION ( 'NONE',  ( 0.000000000000000000, 1.000000000000000000, 0.000000000000000000 ) ) ;
#7433 = ORIENTED_EDGE ( 'NONE', *, *, #1720, .F. ) ;
#7434 = EDGE_CURVE ( 'NONE', #5135, #1859, #6774, .T. ) ;
#7435 = EDGE_CURVE ( 'NONE', #4166, #83, #8100, .T. ) ;
#7436 = DIRECTION ( 'NONE',  ( -0.1978415312886077360, -0.000000000000000000, -0.9802340172108795491 ) ) ;
#7437 = FACE_OUTER_BOUND ( 'NONE', #8276, .T. ) ;
#7438 = CARTESIAN_POINT ( 'NONE',  ( 6.462191090617060318, 4.252893438167024698, 15.06371434019468936 ) ) ;
#7439 = ORIENTED_EDGE ( 'NONE', *, *, #7193, .T. ) ;
#7440 = ORIENTED_EDGE ( 'NONE', *, *, #4339, .F. ) ;
#7441 = EDGE_CURVE ( 'NONE', #7607, #874, #544, .T. ) ;
#7442 = CARTESIAN_POINT ( 'NONE',  ( 9.534673571902963829, 4.169999999999999929, 14.51453906012032036 ) ) ;
#7443 = VECTOR ( 'NONE', #3254, 1000.000000000000114 ) ;
#7444 = VERTEX_POINT ( 'NONE', #464 ) ;
#7445 = CARTESIAN_POINT ( 'NONE',  ( 1.690000000000084324, 2.669999999999999929, -25.07812044392481710 ) ) ;
#7446 = EDGE_LOOP ( 'NONE', ( #1725, #8173, #2827, #4571, #2403, #764 ) ) ;
#7447 = LINE ( 'NONE', #3105, #1254 ) ;
#7448 = DIRECTION ( 'NONE',  ( 0.000000000000000000, 0.000000000000000000, 1.000000000000000000 ) ) ;
#7449 = CARTESIAN_POINT ( 'NONE',  ( 19.51677218609430398, 4.670000000000000817, -12.42271421373347451 ) ) ;
#7450 = CARTESIAN_POINT ( 'NONE',  ( -12.42271421373346207, 0.000000000000000000, 19.51677218609431108 ) ) ;
#7451 = CIRCLE ( 'NONE', #3791, 0.9000000000000084599 ) ;
#7452 = ADVANCED_FACE ( 'NONE', ( #6317 ), #3627, .T. ) ;
#7453 = DIRECTION ( 'NONE',  ( 0.000000000000000000, 0.000000000000000000, 1.000000000000000000 ) ) ;
#7454 = VERTEX_POINT ( 'NONE', #5653 ) ;
#7455 = DIRECTION ( 'NONE',  ( 0.000000000000000000, 1.000000000000000000, 0.000000000000000000 ) ) ;
#7456 = CARTESIAN_POINT ( 'NONE',  ( -10.95908546764440494, 4.579182007012427391, -20.59440237768016857 ) ) ;
#7457 = AXIS2_PLACEMENT_3D ( 'NONE', #7009, #7052, #5791 ) ;
#7458 = CARTESIAN_POINT ( 'NONE',  ( 0.000000000000000000, 4.169999999999999929, 0.000000000000000000 ) ) ;
#7459 = CARTESIAN_POINT ( 'NONE',  ( -20.52210424823717716, 4.298923624762789331, -10.70895168659646224 ) ) ;
#7460 = ORIENTED_EDGE ( 'NONE', *, *, #4154, .T. ) ;
#7461 = DIRECTION ( 'NONE',  ( -0.8660254037844393737, 0.000000000000000000, -0.4999999999999988898 ) ) ;
#7462 = DIRECTION ( 'NONE',  ( -0.9478283262025962719, 0.000000000000000000, 0.3187812165858973090 ) ) ;
#7463 = ORIENTED_EDGE ( 'NONE', *, *, #934, .F. ) ;
#7464 = CIRCLE ( 'NONE', #2303, 10.60655127071745341 ) ;
#7465 = AXIS2_PLACEMENT_3D ( 'NONE', #2657, #5269, #8017 ) ;
#7466 = ADVANCED_FACE ( 'NONE', ( #6274 ), #5055, .T. ) ;
#7467 = B_SPLINE_CURVE_WITH_KNOTS ( 'NONE', 3,
 ( #8144, #1022, #3488, #6209 ),
 .UNSPECIFIED., .F., .F.,
 ( 4, 4 ),
 ( 0.0002924434288578624491, 0.0004782209977605265559 ),
 .UNSPECIFIED. ) ;
#7468 = DIRECTION ( 'NONE',  ( 0.000000000000000000, 0.000000000000000000, 1.000000000000000000 ) ) ;
#7469 = EDGE_LOOP ( 'NONE', ( #6475, #3819, #3095, #2485 ) ) ;
#7470 = AXIS2_PLACEMENT_3D ( 'NONE', #4282, #2905, #1033 ) ;
#7471 = CARTESIAN_POINT ( 'NONE',  ( 21.75328745619147952, 4.662126916400628929, 11.77059443197698307 ) ) ;
#7472 = EDGE_CURVE ( 'NONE', #7172, #620, #5882, .T. ) ;
#7473 = CYLINDRICAL_SURFACE ( 'NONE', #169, 0.5000000000000000000 ) ;
#7474 = CARTESIAN_POINT ( 'NONE',  ( -9.534673571902855471, 4.670000000000000817, -14.51453906012038431 ) ) ;
#7475 = VERTEX_POINT ( 'NONE', #2321 ) ;
#7476 = CARTESIAN_POINT ( 'NONE',  ( 0.000000000000000000, 2.669999999999999929, 0.000000000000000000 ) ) ;
#7477 = VECTOR ( 'NONE', #4295, 999.9999999999998863 ) ;
#7478 = AXIS2_PLACEMENT_3D ( 'NONE', #7153, #4291, #6965 ) ;
#7479 = CARTESIAN_POINT ( 'NONE',  ( 0.000000000000000000, 4.670000000000000817, 0.000000000000000000 ) ) ;
#7480 = DIRECTION ( 'NONE',  ( -0.4999999999999444888, 0.000000000000000000, -0.8660254037844706820 ) ) ;
#7481 = ORIENTED_EDGE ( 'NONE', *, *, #3094, .T. ) ;
#7482 = EDGE_CURVE ( 'NONE', #5504, #2855, #7280, .T. ) ;
#7483 = CARTESIAN_POINT ( 'NONE',  ( -20.26677218609434306, 4.169999999999999929, 11.12367610805676144 ) ) ;
#7484 = VECTOR ( 'NONE', #6952, 1000.000000000000227 ) ;
#7485 = CARTESIAN_POINT ( 'NONE',  ( -12.12634585083961625, 4.670000000000000817, 20.00344712380618262 ) ) ;
#7486 = VECTOR ( 'NONE', #7680, 1000.000000000000000 ) ;
#7487 = EDGE_LOOP ( 'NONE', ( #663, #6194, #5139, #317, #740 ) ) ;
#7488 = ORIENTED_EDGE ( 'NONE', *, *, #4922, .T. ) ;
#7489 = AXIS2_PLACEMENT_3D ( 'NONE', #7458, #1032, #4822 ) ;
#7490 = PLANE ( 'NONE',  #2981 ) ;
#7491 = ORIENTED_EDGE ( 'NONE', *, *, #7975, .T. ) ;
#7492 = CARTESIAN_POINT ( 'NONE',  ( 10.69066340616454092, 4.169999999999999929, -20.51677218609433595 ) ) ;
#7493 = DIRECTION ( 'NONE',  ( -0.000000000000000000, -1.000000000000000000, -0.000000000000000000 ) ) ;
#7494 = ADVANCED_FACE ( 'NONE', ( #6905 ), #6862, .T. ) ;
#7495 = ORIENTED_EDGE ( 'NONE', *, *, #6093, .F. ) ;
#7496 = CARTESIAN_POINT ( 'NONE',  ( -17.11411476945176346, 4.169999999999999929, -26.65515099297929780 ) ) ;
#7497 = EDGE_CURVE ( 'NONE', #7578, #6836, #6957, .T. ) ;
#7498 = CARTESIAN_POINT ( 'NONE',  ( 26.59578445530147306, 4.670000000000000817, -17.45353882511041377 ) ) ;
#7499 = CARTESIAN_POINT ( 'NONE',  ( -21.75328838229461681, 4.662126207124975608, 11.77059780046743143 ) ) ;
#7500 = CARTESIAN_POINT ( 'NONE',  ( 12.93832888017395710, 4.649847419186042607, -21.12879883022289462 ) ) ;
#7501 = VECTOR ( 'NONE', #7689, 1000.000000000000114 ) ;
#7502 = CARTESIAN_POINT ( 'NONE',  ( 0.000000000000000000, 4.670000000000000817, 0.000000000000000000 ) ) ;
#7503 = EDGE_LOOP ( 'NONE', ( #1773, #6499, #2005, #3840, #2112 ) ) ;
#7504 = CARTESIAN_POINT ( 'NONE',  ( 0.000000000000000000, 4.670000000000000817, 0.000000000000000000 ) ) ;
#7505 = EDGE_LOOP ( 'NONE', ( #6819, #3076, #5107, #2769 ) ) ;
#7506 = CARTESIAN_POINT ( 'NONE',  ( -14.51453906012026884, 4.169999999999999929, -9.534673571903027778 ) ) ;
#7507 = CARTESIAN_POINT ( 'NONE',  ( -10.69066340616454447, 4.235407758176837234, -20.51677218609433950 ) ) ;
#7508 = DIRECTION ( 'NONE',  ( -0.9802340172108793270, 0.000000000000000000, -0.1978415312886091793 ) ) ;
#7509 = DIRECTION ( 'NONE',  ( -0.000000000000000000, -1.000000000000000000, -0.000000000000000000 ) ) ;
#7510 = ORIENTED_EDGE ( 'NONE', *, *, #5458, .T. ) ;
#7511 = CARTESIAN_POINT ( 'NONE',  ( 3.043171204642130423, 4.670000000000000817, 1.756975714190222693 ) ) ;
#7512 = EDGE_CURVE ( 'NONE', #6380, #6958, #3289, .T. ) ;
#7513 = DIRECTION ( 'NONE',  ( 0.000000000000000000, 0.000000000000000000, 1.000000000000000000 ) ) ;
#7514 = CARTESIAN_POINT ( 'NONE',  ( -12.06749888762499268, 4.670000000000000817, -20.00152119364774350 ) ) ;
#7515 = ORIENTED_EDGE ( 'NONE', *, *, #7755, .T. ) ;
#7516 = AXIS2_PLACEMENT_3D ( 'NONE', #393, #5670, #2926 ) ;
#7517 = CARTESIAN_POINT ( 'NONE',  ( -0.2499999999999944211, 4.670000000000000817, 0.4330127018922109716 ) ) ;
#7518 = CARTESIAN_POINT ( 'NONE',  ( 17.45353882510843846, 4.169999999999999929, -26.59578445530216229 ) ) ;
#7519 = DIRECTION ( 'NONE',  ( 0.8660254037844273833, -0.000000000000000000, 0.5000000000000195399 ) ) ;
#7520 = B_SPLINE_CURVE_WITH_KNOTS ( 'NONE', 3,
 ( #3844, #7677, #6387, #2304 ),
 .UNSPECIFIED., .F., .F.,
 ( 4, 4 ),
 ( 0.0002924434288577868260, 0.0004782209977599443393 ),
 .UNSPECIFIED. ) ;
#7521 = VERTEX_POINT ( 'NONE', #1035 ) ;
#7522 = ORIENTED_EDGE ( 'NONE', *, *, #6308, .F. ) ;
#7523 = DIRECTION ( 'NONE',  ( -0.000000000000000000, 1.000000000000000000, -0.000000000000000000 ) ) ;
#7524 = EDGE_CURVE ( 'NONE', #783, #3842, #1482, .T. ) ;
#7525 = CARTESIAN_POINT ( 'NONE',  ( 20.51677218609433950, 4.670000000000000817, -10.69066340616453914 ) ) ;
#7526 = CARTESIAN_POINT ( 'NONE',  ( 11.18500446483884225, 4.663204079747856667, 20.71634633786790758 ) ) ;
#7527 = VERTEX_POINT ( 'NONE', #998 ) ;
#7528 = CIRCLE ( 'NONE', #6702, 24.63500000000000867 ) ;
#7529 = CARTESIAN_POINT ( 'NONE',  ( 8.141141495965079855, 4.670000000000000817, 15.10087070261882225 ) ) ;
#7530 = CARTESIAN_POINT ( 'NONE',  ( -14.90648051375245053, 4.669999999999972395, 27.08153912195980340 ) ) ;
#7531 = CARTESIAN_POINT ( 'NONE',  ( 6.644650212805942147, 4.513392374711076904, 14.98659357246551593 ) ) ;
#7532 = LINE ( 'NONE', #8314, #6358 ) ;
#7533 = ORIENTED_EDGE ( 'NONE', *, *, #6885, .F. ) ;
#7534 = LINE ( 'NONE', #6979, #5687 ) ;
#7535 = VERTEX_POINT ( 'NONE', #6182 ) ;
#7536 = EDGE_CURVE ( 'NONE', #5538, #1733, #8119, .T. ) ;
#7537 = CARTESIAN_POINT ( 'NONE',  ( -13.66095511311962518, 2.669999999999999929, 27.64883365011740324 ) ) ;
#7538 = EDGE_LOOP ( 'NONE', ( #3583, #5462, #5688, #3751 ) ) ;
#7539 = DIRECTION ( 'NONE',  ( 0.000000000000000000, 0.000000000000000000, 1.000000000000000000 ) ) ;
#7540 = DIRECTION ( 'NONE',  ( 0.000000000000000000, 0.000000000000000000, -1.000000000000000000 ) ) ;
#7541 = ORIENTED_EDGE ( 'NONE', *, *, #2047, .T. ) ;
#7542 = DIRECTION ( 'NONE',  ( 0.000000000000000000, 1.000000000000000000, 0.000000000000000000 ) ) ;
#7543 = CARTESIAN_POINT ( 'NONE',  ( -11.17045074767075796, 4.670000000000000817, 20.82868827108086407 ) ) ;
#7544 = CARTESIAN_POINT ( 'NONE',  ( -9.814463748651876429, 0.000000000000000000, -13.12827881868129687 ) ) ;
#7545 = AXIS2_PLACEMENT_3D ( 'NONE', #5690, #4957, #7552 ) ;
#7546 = DIRECTION ( 'NONE',  ( -0.000000000000000000, -1.000000000000000000, -0.000000000000000000 ) ) ;
#7547 = DIRECTION ( 'NONE',  ( 0.000000000000000000, 1.000000000000000000, 0.000000000000000000 ) ) ;
#7548 = EDGE_CURVE ( 'NONE', #1548, #1245, #1081, .T. ) ;
#7549 = EDGE_CURVE ( 'NONE', #5693, #3670, #1787, .T. ) ;
#7550 = ORIENTED_EDGE ( 'NONE', *, *, #4495, .T. ) ;
#7551 = CARTESIAN_POINT ( 'NONE',  ( -14.93214742263132955, 4.594078994040212471, -6.786248253956980392 ) ) ;
#7552 = DIRECTION ( 'NONE',  ( 0.000000000000000000, 0.000000000000000000, 1.000000000000000000 ) ) ;
#7553 = FACE_OUTER_BOUND ( 'NONE', #37, .T. ) ;
#7554 = DIRECTION ( 'NONE',  ( 0.000000000000000000, 0.000000000000000000, 1.000000000000000000 ) ) ;
#7555 = DIRECTION ( 'NONE',  ( -0.000000000000000000, 1.000000000000000000, -0.000000000000000000 ) ) ;
#7556 = ORIENTED_EDGE ( 'NONE', *, *, #2166, .T. ) ;
#7557 = DIRECTION ( 'NONE',  ( 0.000000000000000000, -0.000000000000000000, 1.000000000000000000 ) ) ;
#7558 = FACE_OUTER_BOUND ( 'NONE', #4745, .T. ) ;
#7559 = DIRECTION ( 'NONE',  ( 0.000000000000000000, 1.000000000000000000, 0.000000000000000000 ) ) ;
#7560 = ORIENTED_EDGE ( 'NONE', *, *, #468, .T. ) ;
#7561 = ADVANCED_FACE ( 'NONE', ( #4869 ), #7733, .F. ) ;
#7562 = ORIENTED_EDGE ( 'NONE', *, *, #3590, .T. ) ;
#7563 = DIRECTION ( 'NONE',  ( 0.8660254037844393737, -0.000000000000000000, 0.4999999999999988898 ) ) ;
#7564 = CARTESIAN_POINT ( 'NONE',  ( -9.534673571903029554, 0.000000000000000000, 14.51453906012026707 ) ) ;
#7565 = ORIENTED_EDGE ( 'NONE', *, *, #3049, .F. ) ;
#7566 = ORIENTED_EDGE ( 'NONE', *, *, #7091, .F. ) ;
#7567 = DIRECTION ( 'NONE',  ( 0.000000000000000000, 0.000000000000000000, 1.000000000000000000 ) ) ;
#7568 = DIRECTION ( 'NONE',  ( 0.9802340172108802152, 0.000000000000000000, 0.1978415312886044053 ) ) ;
#7569 = CARTESIAN_POINT ( 'NONE',  ( -21.79959526348837784, 4.670000000000000817, -12.00865192441059470 ) ) ;
#7570 = ORIENTED_EDGE ( 'NONE', *, *, #3440, .F. ) ;
#7571 = LINE ( 'NONE', #1823, #6243 ) ;
#7572 = EDGE_CURVE ( 'NONE', #783, #7302, #4578, .T. ) ;
#7573 = CARTESIAN_POINT ( 'NONE',  ( 22.25031422186815178, 4.670000000000000817, -11.69152436717009635 ) ) ;
#7574 = LINE ( 'NONE', #3830, #1377 ) ;
#7575 = AXIS2_PLACEMENT_3D ( 'NONE', #1929, #893, #8053 ) ;
#7576 = DIRECTION ( 'NONE',  ( 0.000000000000000000, 1.000000000000000000, 0.000000000000000000 ) ) ;
#7577 = DIRECTION ( 'NONE',  ( 0.4999999999999991673, 0.000000000000000000, -0.8660254037844390407 ) ) ;
#7578 = VERTEX_POINT ( 'NONE', #6441 ) ;
#7579 = DIRECTION ( 'NONE',  ( 1.064377863494507775E-14, 0.000000000000000000, -1.000000000000000000 ) ) ;
#7580 = ORIENTED_EDGE ( 'NONE', *, *, #7966, .F. ) ;
#7581 = CARTESIAN_POINT ( 'NONE',  ( 12.06749888762580269, 4.670000000000000817, -20.90152119364944383 ) ) ;
#7582 = ORIENTED_EDGE ( 'NONE', *, *, #7434, .T. ) ;
#7583 = DIRECTION ( 'NONE',  ( 0.000000000000000000, 0.000000000000000000, 1.000000000000000000 ) ) ;
#7584 = VECTOR ( 'NONE', #6669, 1000.000000000000114 ) ;
#7585 = EDGE_LOOP ( 'NONE', ( #19, #335, #1962, #1511 ) ) ;
#7586 = FACE_OUTER_BOUND ( 'NONE', #1767, .T. ) ;
#7587 = DIRECTION ( 'NONE',  ( -0.000000000000000000, -1.000000000000000000, -0.000000000000000000 ) ) ;
#7588 = ADVANCED_FACE ( 'NONE', ( #590 ), #7821, .F. ) ;
#7589 = DIRECTION ( 'NONE',  ( 0.000000000000000000, 1.000000000000000000, 0.000000000000000000 ) ) ;
#7590 = CARTESIAN_POINT ( 'NONE',  ( 16.30967357190291622, 4.169999999999999929, 26.24918328139949608 ) ) ;
#7591 = ORIENTED_EDGE ( 'NONE', *, *, #2054, .F. ) ;
#7592 = LINE ( 'NONE', #1756, #7484 ) ;
#7593 = FACE_OUTER_BOUND ( 'NONE', #5111, .T. ) ;
#7594 = CARTESIAN_POINT ( 'NONE',  ( -0.2499999999999771294, 4.169999999999999929, 0.4330127018921709481 ) ) ;
#7595 = CARTESIAN_POINT ( 'NONE',  ( 11.21465142593248743, 4.663188625685246613, -20.60858625354416418 ) ) ;
#7596 = ORIENTED_EDGE ( 'NONE', *, *, #195, .F. ) ;
#7597 = CARTESIAN_POINT ( 'NONE',  ( -0.4330127018922835802, 4.169999999999999929, 0.2500000000000388023 ) ) ;
#7598 = CARTESIAN_POINT ( 'NONE',  ( -22.25031422186815888, 0.000000000000000000, 11.69152436717009280 ) ) ;
#7599 = ADVANCED_FACE ( 'NONE', ( #3932 ), #5615, .T. ) ;
#7600 = CARTESIAN_POINT ( 'NONE',  ( -10.69066340616454625, 4.169999999999999929, -20.51677218609433595 ) ) ;
#7601 = ADVANCED_FACE ( 'NONE', ( #2 ), #664, .T. ) ;
#7602 = ORIENTED_EDGE ( 'NONE', *, *, #938, .T. ) ;
#7603 = VERTEX_POINT ( 'NONE', #2664 ) ;
#7604 = AXIS2_PLACEMENT_3D ( 'NONE', #2587, #7646, #4452 ) ;
#7605 = VECTOR ( 'NONE', #1258, 1000.000000000000114 ) ;
#7606 = CARTESIAN_POINT ( 'NONE',  ( -15.02328291086336698, 4.670000000000000817, -27.02108929809683602 ) ) ;
#7607 = VERTEX_POINT ( 'NONE', #3857 ) ;
#7608 = VERTEX_POINT ( 'NONE', #4540 ) ;
#7609 = CARTESIAN_POINT ( 'NONE',  ( 12.06749888762580269, 0.000000000000000000, -21.80152119365112995 ) ) ;
#7610 = AXIS2_PLACEMENT_3D ( 'NONE', #2093, #4049, #6077 ) ;
#7611 = CARTESIAN_POINT ( 'NONE',  ( -14.32924302029261554, 4.257905153788355435, -28.40193524064862274 ) ) ;
#7612 = EDGE_CURVE ( 'NONE', #3099, #7151, #5275, .T. ) ;
#7613 = AXIS2_PLACEMENT_3D ( 'NONE', #406, #4412, #4954 ) ;
#7614 = EDGE_CURVE ( 'NONE', #6599, #3670, #7164, .T. ) ;
#7615 = ORIENTED_EDGE ( 'NONE', *, *, #6735, .T. ) ;
#7616 = CARTESIAN_POINT ( 'NONE',  ( 9.541557549138904193, 4.593556421797741152, 13.33239540754804153 ) ) ;
#7617 = CARTESIAN_POINT ( 'NONE',  ( 7.942841814093017483, 4.670000000000000817, 15.34319201611856620 ) ) ;
#7618 = DIRECTION ( 'NONE',  ( 0.000000000000000000, 1.000000000000000000, 0.000000000000000000 ) ) ;
#7619 = DIRECTION ( 'NONE',  ( 0.000000000000000000, 0.000000000000000000, 1.000000000000000000 ) ) ;
#7620 = ADVANCED_FACE ( 'NONE', ( #7082 ), #2486, .T. ) ;
#7621 = CARTESIAN_POINT ( 'NONE',  ( -12.24034261925219447, 4.663166634937282673, 20.01649461007536246 ) ) ;
#7622 = ORIENTED_EDGE ( 'NONE', *, *, #2210, .T. ) ;
#7623 = DIRECTION ( 'NONE',  ( 0.000000000000000000, 1.000000000000000000, 0.000000000000000000 ) ) ;
#7624 = CIRCLE ( 'NONE', #6524, 18.39154951988268749 ) ;
#7625 = AXIS2_PLACEMENT_3D ( 'NONE', #8082, #4830, #6781 ) ;
#7626 = ORIENTED_EDGE ( 'NONE', *, *, #3847, .F. ) ;
#7627 = DIRECTION ( 'NONE',  ( 0.000000000000000000, 0.000000000000000000, 1.000000000000000000 ) ) ;
#7628 = EDGE_LOOP ( 'NONE', ( #5279, #3924, #6386, #67, #5266, #1391, #935 ) ) ;
#7629 = DIRECTION ( 'NONE',  ( 3.306126646384376495E-15, 0.000000000000000000, -1.000000000000000000 ) ) ;
#7630 = CIRCLE ( 'NONE', #1249, 1.500000000000095035 ) ;
#7631 = CARTESIAN_POINT ( 'NONE',  ( 0.000000000000000000, 4.169999999999999929, 0.000000000000000000 ) ) ;
#7632 = ORIENTED_EDGE ( 'NONE', *, *, #2213, .F. ) ;
#7633 = PLANE ( 'NONE',  #4881 ) ;
#7634 = LINE ( 'NONE', #492, #88 ) ;
#7635 = CARTESIAN_POINT ( 'NONE',  ( -21.75328745618665138, 4.662126916401083676, -11.77059443198007749 ) ) ;
#7636 = AXIS2_PLACEMENT_3D ( 'NONE', #3696, #7618, #391 ) ;
#7637 = AXIS2_PLACEMENT_3D ( 'NONE', #4294, #7222, #5946 ) ;
#7638 = DIRECTION ( 'NONE',  ( -0.000000000000000000, -1.000000000000000000, -0.000000000000000000 ) ) ;
#7639 = VERTEX_POINT ( 'NONE', #631 ) ;
#7640 = EDGE_CURVE ( 'NONE', #4835, #6633, #6677, .T. ) ;
#7641 = LINE ( 'NONE', #7033, #3198 ) ;
#7642 = CARTESIAN_POINT ( 'NONE',  ( -13.02935805303680716, 4.169999999999999929, -9.324346740046655313 ) ) ;
#7643 = DIRECTION ( 'NONE',  ( -0.000000000000000000, -1.000000000000000000, -0.000000000000000000 ) ) ;
#7644 = AXIS2_PLACEMENT_3D ( 'NONE', #6354, #5521, #2273 ) ;
#7645 = ORIENTED_EDGE ( 'NONE', *, *, #3949, .F. ) ;
#7646 = DIRECTION ( 'NONE',  ( -0.5000000000000063283, 0.000000000000000000, 0.8660254037844350439 ) ) ;
#7647 = CARTESIAN_POINT ( 'NONE',  ( 0.000000000000000000, 4.670000000000000817, 0.000000000000000000 ) ) ;
#7648 = CARTESIAN_POINT ( 'NONE',  ( 26.52108929809674720, 4.670000000000000817, -15.88930831464784355 ) ) ;
#7649 = CARTESIAN_POINT ( 'NONE',  ( -12.90762276433398625, 0.000000000000000000, -24.35665843275946330 ) ) ;
#7650 = ORIENTED_EDGE ( 'NONE', *, *, #1478, .F. ) ;
#7651 = AXIS2_PLACEMENT_3D ( 'NONE', #7858, #6680, #3975 ) ;
#7652 = EDGE_CURVE ( 'NONE', #2163, #2033, #4113, .T. ) ;
#7653 = CARTESIAN_POINT ( 'NONE',  ( -11.65702501039959849, 4.670000000000000817, 21.70246513433251323 ) ) ;
#7654 = VERTEX_POINT ( 'NONE', #2017 ) ;
#7655 = ORIENTED_EDGE ( 'NONE', *, *, #6588, .F. ) ;
#7656 = EDGE_LOOP ( 'NONE', ( #6798, #7760, #4639, #3188 ) ) ;
#7657 = CARTESIAN_POINT ( 'NONE',  ( -14.79609198143982418, 4.615026163794705205, -28.17249783765889148 ) ) ;
#7658 = VECTOR ( 'NONE', #6423, 1000.000000000000000 ) ;
#7659 = AXIS2_PLACEMENT_3D ( 'NONE', #5074, #516, #2476 ) ;
#7660 = ORIENTED_EDGE ( 'NONE', *, *, #8298, .F. ) ;
#7661 = EDGE_CURVE ( 'NONE', #28, #8386, #7100, .T. ) ;
#7662 = VECTOR ( 'NONE', #2801, 1000.000000000000000 ) ;
#7663 = CARTESIAN_POINT ( 'NONE',  ( 20.82868827108137211, 4.670000000000000817, 11.17045074766982360 ) ) ;
#7664 = ADVANCED_FACE ( 'NONE', ( #1850 ), #92, .T. ) ;
#7665 = CARTESIAN_POINT ( 'NONE',  ( 14.57762276433414961, 0.000000000000000000, -27.24918328139941792 ) ) ;
#7666 = PLANE ( 'NONE',  #2873 ) ;
#7667 = CARTESIAN_POINT ( 'NONE',  ( 6.462191090617060318, 4.169999999999999929, 15.06371434019469113 ) ) ;
#7668 = CARTESIAN_POINT ( 'NONE',  ( 6.878423752982184780, 4.623194152036669280, -14.90687108806696415 ) ) ;
#7669 = ORIENTED_EDGE ( 'NONE', *, *, #6007, .F. ) ;
#7670 = CARTESIAN_POINT ( 'NONE',  ( 16.30967357190285583, 4.302146110896742037, -26.24918328139950674 ) ) ;
#7671 = ORIENTED_EDGE ( 'NONE', *, *, #4861, .T. ) ;
#7672 = DIRECTION ( 'NONE',  ( -0.8660254037844385966, 0.000000000000000000, 0.5000000000000002220 ) ) ;
#7673 = EDGE_CURVE ( 'NONE', #1044, #7444, #1977, .T. ) ;
#7674 = VERTEX_POINT ( 'NONE', #3978 ) ;
#7675 = CIRCLE ( 'NONE', #4803, 0.9000000000000084599 ) ;
#7676 = CARTESIAN_POINT ( 'NONE',  ( -27.64883365011735350, 4.169999999999999929, -13.66095511311972466 ) ) ;
#7677 = CARTESIAN_POINT ( 'NONE',  ( -11.71250177135332571, 4.670000000000006146, -21.73089628913092142 ) ) ;
#7678 = ORIENTED_EDGE ( 'NONE', *, *, #184, .F. ) ;
#7679 = DIRECTION ( 'NONE',  ( -0.4999999999999803491, 0.000000000000000000, -0.8660254037844500319 ) ) ;
#7680 = DIRECTION ( 'NONE',  ( -0.000000000000000000, -1.000000000000000000, -0.000000000000000000 ) ) ;
#7681 = AXIS2_PLACEMENT_3D ( 'NONE', #3575, #6167, #6306 ) ;
#7682 = DIRECTION ( 'NONE',  ( 0.000000000000000000, 0.000000000000000000, 1.000000000000000000 ) ) ;
#7683 = EDGE_CURVE ( 'NONE', #4498, #7475, #6665, .T. ) ;
#7684 = ORIENTED_EDGE ( 'NONE', *, *, #1944, .T. ) ;
#7685 = CARTESIAN_POINT ( 'NONE',  ( 20.90152119364827854, -7.859999999999998543, -11.16749888762513621 ) ) ;
#7686 = CARTESIAN_POINT ( 'NONE',  ( 0.000000000000000000, 4.169999999999999929, 0.000000000000000000 ) ) ;
#7687 = VECTOR ( 'NONE', #1401, 1000.000000000000000 ) ;
#7688 = EDGE_LOOP ( 'NONE', ( #5065, #7615, #7179, #5969, #2349 ) ) ;
#7689 = DIRECTION ( 'NONE',  ( -0.4999999999999284461, 0.000000000000000000, -0.8660254037844798969 ) ) ;
#7690 = VERTEX_POINT ( 'NONE', #6563 ) ;
#7691 = CARTESIAN_POINT ( 'NONE',  ( 14.60087070261883113, 4.670000000000000817, 9.007166899749492472 ) ) ;
#7692 = CARTESIAN_POINT ( 'NONE',  ( 11.94709333246063387, 4.670000000000004370, 21.79556159152705064 ) ) ;
#7693 = ORIENTED_EDGE ( 'NONE', *, *, #3801, .T. ) ;
#7694 = ORIENTED_EDGE ( 'NONE', *, *, #4576, .T. ) ;
#7695 = DIRECTION ( 'NONE',  ( 0.000000000000000000, 1.000000000000000000, 0.000000000000000000 ) ) ;
#7696 = ORIENTED_EDGE ( 'NONE', *, *, #5066, .F. ) ;
#7697 = ORIENTED_EDGE ( 'NONE', *, *, #4677, .F. ) ;
#7698 = ORIENTED_EDGE ( 'NONE', *, *, #3084, .T. ) ;
#7699 = CARTESIAN_POINT ( 'NONE',  ( -17.11411476945176346, 0.000000000000000000, -25.65515099297929780 ) ) ;
#7700 = DIRECTION ( 'NONE',  ( 0.4999999999999683031, -0.000000000000000000, 0.8660254037844570263 ) ) ;
#7701 = ORIENTED_EDGE ( 'NONE', *, *, #6168, .F. ) ;
#7702 = EDGE_CURVE ( 'NONE', #4726, #3002, #8212, .T. ) ;
#7703 = DIRECTION ( 'NONE',  ( 8.881784197001253901E-15, 0.000000000000000000, 1.000000000000000000 ) ) ;
#7704 = ORIENTED_EDGE ( 'NONE', *, *, #1557, .F. ) ;
#7705 = LINE ( 'NONE', #794, #3646 ) ;
#7706 = CARTESIAN_POINT ( 'NONE',  ( 12.06749888762580269, -7.859999999999998543, -20.90152119364944383 ) ) ;
#7707 = CARTESIAN_POINT ( 'NONE',  ( -20.03065169145887836, 4.652225243043353942, 12.29462508638811968 ) ) ;
#7708 = CARTESIAN_POINT ( 'NONE',  ( -21.25031422186811270, 0.000000000000000000, 13.42357517473902817 ) ) ;
#7709 = DIRECTION ( 'NONE',  ( 1.000000000000000000, -0.000000000000000000, 1.051949387485943067E-14 ) ) ;
#7710 = ORIENTED_EDGE ( 'NONE', *, *, #1893, .T. ) ;
#7711 = LINE ( 'NONE', #2607, #7332 ) ;
#7712 = EDGE_CURVE ( 'NONE', #3225, #3091, #2810, .T. ) ;
#7713 = DIRECTION ( 'NONE',  ( 0.000000000000000000, 1.000000000000000000, 0.000000000000000000 ) ) ;
#7714 = EDGE_CURVE ( 'NONE', #1726, #5515, #3413, .T. ) ;
#7715 = ORIENTED_EDGE ( 'NONE', *, *, #3049, .T. ) ;
#7716 = VECTOR ( 'NONE', #2736, 1000.000000000000114 ) ;
#7717 = LINE ( 'NONE', #693, #1757 ) ;
#7718 = ORIENTED_EDGE ( 'NONE', *, *, #4330, .F. ) ;
#7719 = CARTESIAN_POINT ( 'NONE',  ( 21.29959526349203713, 4.670000000000000817, -12.87467732819691157 ) ) ;
#7720 = CARTESIAN_POINT ( 'NONE',  ( -14.51453906012026884, 4.462893218813452911, -9.534673571903027778 ) ) ;
#7721 = VERTEX_POINT ( 'NONE', #2059 ) ;
#7722 = ORIENTED_EDGE ( 'NONE', *, *, #2536, .T. ) ;
#7723 = CARTESIAN_POINT ( 'NONE',  ( -1.689999999999918012, 2.669999999999999929, -24.35665843275939579 ) ) ;
#7724 = ADVANCED_FACE ( 'NONE', ( #5472 ), #4696, .T. ) ;
#7725 = B_SPLINE_CURVE_WITH_KNOTS ( 'NONE', 3,
 ( #3337, #2744, #6637, #5313 ),
 .UNSPECIFIED., .F., .F.,
 ( 4, 4 ),
 ( 5.701542859207485119E-17, 0.0001831339601510715068 ),
 .UNSPECIFIED. ) ;
#7726 = CARTESIAN_POINT ( 'NONE',  ( 8.141141495965079855, 4.670000000000000817, 15.10087070261882225 ) ) ;
#7727 = ORIENTED_EDGE ( 'NONE', *, *, #2516, .F. ) ;
#7728 = CARTESIAN_POINT ( 'NONE',  ( -20.51677218609435016, 4.235407758176720883, 10.69066340616452848 ) ) ;
#7729 = CARTESIAN_POINT ( 'NONE',  ( 12.99056247284680410, 4.670000000000000817, 21.50031422186810559 ) ) ;
#7730 = CARTESIAN_POINT ( 'NONE',  ( 21.79552145032494792, 4.670000000000007034, 11.94648073030631252 ) ) ;
#7731 = VERTEX_POINT ( 'NONE', #6082 ) ;
#7732 = DIRECTION ( 'NONE',  ( 0.4999999999999998335, -0.000000000000000000, 0.8660254037844387076 ) ) ;
#7733 = CYLINDRICAL_SURFACE ( 'NONE', #5224, 1.000000000000000888 ) ;
#7734 = FACE_OUTER_BOUND ( 'NONE', #6679, .T. ) ;
#7735 = FACE_OUTER_BOUND ( 'NONE', #5722, .T. ) ;
#7736 = CARTESIAN_POINT ( 'NONE',  ( -21.79959526348793020, 4.670000000000000817, 12.00865192440992857 ) ) ;
#7737 = EDGE_CURVE ( 'NONE', #1922, #1219, #8196, .T. ) ;
#7738 = B_SPLINE_CURVE_WITH_KNOTS ( 'NONE', 3,
 ( #6899, #4321, #627, #6437, #5604, #3043, #7728, #5772 ),
 .UNSPECIFIED., .F., .F.,
 ( 4, 2, 2, 4 ),
 ( 0.0001854542068808324421, 0.0005714495824255153922, 0.0007644472701978579244, 0.0009574449579702005650 ),
 .UNSPECIFIED. ) ;
#7739 = CIRCLE ( 'NONE', #1466, 0.9000000000017154278 ) ;
#7740 = ORIENTED_EDGE ( 'NONE', *, *, #3873, .F. ) ;
#7741 = CARTESIAN_POINT ( 'NONE',  ( -28.41310023613304026, 4.169999999999999929, 14.30585555931276787 ) ) ;
#7742 = VECTOR ( 'NONE', #5736, 1000.000000000000000 ) ;
#7743 = VERTEX_POINT ( 'NONE', #2783 ) ;
#7744 = ORIENTED_EDGE ( 'NONE', *, *, #2899, .T. ) ;
#7745 = ORIENTED_EDGE ( 'NONE', *, *, #2333, .F. ) ;
#7746 = DIRECTION ( 'NONE',  ( -0.000000000000000000, -1.000000000000000000, -0.000000000000000000 ) ) ;
#7747 = DIRECTION ( 'NONE',  ( 0.000000000000000000, 1.000000000000000000, 0.000000000000000000 ) ) ;
#7748 = EDGE_CURVE ( 'NONE', #6342, #7015, #7725, .T. ) ;
#7749 =( BOUNDED_CURVE ( )  B_SPLINE_CURVE ( 3, ( #1638, #4884, #6106, #5377 ),
 .UNSPECIFIED., .F., .F. ) 
 B_SPLINE_CURVE_WITH_KNOTS ( ( 4, 4 ),
 ( 0.000000000000000000, 1.570796326794893449 ),
 .UNSPECIFIED. ) 
 CURVE ( )  GEOMETRIC_REPRESENTATION_ITEM ( )  RATIONAL_B_SPLINE_CURVE ( ( 1.000000000000000000, 0.8047378541243658256, 0.8047378541243658256, 1.000000000000000000 ) ) 
 REPRESENTATION_ITEM ( '' )  );
#7750 = ORIENTED_EDGE ( 'NONE', *, *, #6363, .F. ) ;
#7751 = AXIS2_PLACEMENT_3D ( 'NONE', #1068, #5547, #3710 ) ;
#7752 = ORIENTED_EDGE ( 'NONE', *, *, #4594, .F. ) ;
#7753 = CARTESIAN_POINT ( 'NONE',  ( 15.04062489701894378, 4.169999999999999929, 7.962013372627157359 ) ) ;
#7754 = PLANE ( 'NONE',  #4095 ) ;
#7755 = EDGE_CURVE ( 'NONE', #4918, #8225, #7902, .T. ) ;
#7756 = CIRCLE ( 'NONE', #5573, 25.13500000000000512 ) ;
#7757 = VECTOR ( 'NONE', #6019, 999.9999999999998863 ) ;
#7758 = DIRECTION ( 'NONE',  ( -0.000000000000000000, -1.000000000000000000, -0.000000000000000000 ) ) ;
#7759 = FACE_OUTER_BOUND ( 'NONE', #3382, .T. ) ;
#7760 = ORIENTED_EDGE ( 'NONE', *, *, #6083, .T. ) ;
#7761 = DIRECTION ( 'NONE',  ( 0.8660254037844372643, 0.000000000000000000, -0.5000000000000026645 ) ) ;
#7762 = CARTESIAN_POINT ( 'NONE',  ( 22.25031422186815533, 0.000000000000000000, -11.69152436717009103 ) ) ;
#7763 = VERTEX_POINT ( 'NONE', #4661 ) ;
#7764 = AXIS2_PLACEMENT_3D ( 'NONE', #3455, #2822, #7373 ) ;
#7765 = CARTESIAN_POINT ( 'NONE',  ( 15.05123961990423354, 4.333981833023281105, 6.494219015401106354 ) ) ;
#7766 = EDGE_CURVE ( 'NONE', #1849, #473, #6543, .T. ) ;
#7767 = DIRECTION ( 'NONE',  ( -0.5000000000000000000, 0.000000000000000000, 0.8660254037844385966 ) ) ;
#7769 = ORIENTED_EDGE ( 'NONE', *, *, #5930, .F. ) ;
#7768 = AXIS2_PLACEMENT_3D ( 'NONE', #3274, #1435, #7804 ) ;
#7770 = VECTOR ( 'NONE', #8073, 1000.000000000000000 ) ;
#7771 = ORIENTED_EDGE ( 'NONE', *, *, #3084, .F. ) ;
#7772 = DIRECTION ( 'NONE',  ( 0.000000000000000000, 0.000000000000000000, 1.000000000000000000 ) ) ;
#7773 = CARTESIAN_POINT ( 'NONE',  ( 0.000000000000000000, 4.169999999999999929, 0.000000000000000000 ) ) ;
#7774 = AXIS2_PLACEMENT_3D ( 'NONE', #3441, #4042, #1480 ) ;
#7775 = AXIS2_PLACEMENT_3D ( 'NONE', #1004, #1818, #2960 ) ;
#7776 = LINE ( 'NONE', #4013, #6676 ) ;
#7777 = VERTEX_POINT ( 'NONE', #3491 ) ;
#7778 = CARTESIAN_POINT ( 'NONE',  ( -1.690000000000259739, 0.000000000000000000, 25.07812044392480644 ) ) ;
#7779 = EDGE_CURVE ( 'NONE', #8034, #3868, #1413, .T. ) ;
#7780 = CARTESIAN_POINT ( 'NONE',  ( 13.66095511311943511, 4.169999999999999929, -27.64883365011749561 ) ) ;
#7781 = ADVANCED_FACE ( 'NONE', ( #751 ), #4055, .T. ) ;
#7782 = ORIENTED_EDGE ( 'NONE', *, *, #5707, .T. ) ;
#7783 = DIRECTION ( 'NONE',  ( 0.9478283262025980482, 0.000000000000000000, -0.3187812165858919244 ) ) ;
#7784 = ORIENTED_EDGE ( 'NONE', *, *, #419, .T. ) ;
#7785 = DIRECTION ( 'NONE',  ( 0.000000000000000000, 0.000000000000000000, -1.000000000000000000 ) ) ;
#7786 = LINE ( 'NONE', #667, #607 ) ;
#7787 = DIRECTION ( 'NONE',  ( -0.000000000000000000, -1.000000000000000000, -0.000000000000000000 ) ) ;
#7788 = AXIS2_PLACEMENT_3D ( 'NONE', #8187, #4140, #5639 ) ;
#7789 = ORIENTED_EDGE ( 'NONE', *, *, #976, .T. ) ;
#7790 = VECTOR ( 'NONE', #8289, 1000.000000000000114 ) ;
#7791 = AXIS2_PLACEMENT_3D ( 'NONE', #1811, #4919, #8206 ) ;
#7792 = EDGE_CURVE ( 'NONE', #1587, #3146, #1492, .T. ) ;
#7793 = VERTEX_POINT ( 'NONE', #786 ) ;
#7794 = ORIENTED_EDGE ( 'NONE', *, *, #2843, .F. ) ;
#7795 = CARTESIAN_POINT ( 'NONE',  ( 6.462191090617060318, 4.670000000000000817, 15.06371434019469113 ) ) ;
#7796 = B_SPLINE_CURVE_WITH_KNOTS ( 'NONE', 3,
 ( #2876, #5925, #2730, #7812, #3324, #117 ),
 .UNSPECIFIED., .F., .F.,
 ( 4, 2, 4 ),
 ( 0.000000000000000000, 0.0003728317659233947577, 0.0007456635318467895153 ),
 .UNSPECIFIED. ) ;
#7797 = ORIENTED_EDGE ( 'NONE', *, *, #2311, .T. ) ;
#7798 = ORIENTED_EDGE ( 'NONE', *, *, #479, .T. ) ;
#7799 = CARTESIAN_POINT ( 'NONE',  ( 9.814463748651954589, 4.255512433941633255, -13.12827881868122937 ) ) ;
#7800 = LINE ( 'NONE', #4557, #5434 ) ;
#7801 = EDGE_CURVE ( 'NONE', #4101, #6446, #8060, .T. ) ;
#7802 = CARTESIAN_POINT ( 'NONE',  ( -12.42271421373343188, 4.169999999999999929, -19.51677218609432884 ) ) ;
#7803 = CIRCLE ( 'NONE', #5230, 25.13500000000000512 ) ;
#7804 = DIRECTION ( 'NONE',  ( -0.1978415312886096233, 0.000000000000000000, -0.9802340172108792160 ) ) ;
#7805 = CARTESIAN_POINT ( 'NONE',  ( -26.45082627711649081, 4.669999999999988383, -15.99902080799003912 ) ) ;
#7806 = ORIENTED_EDGE ( 'NONE', *, *, #4582, .F. ) ;
#7807 = CARTESIAN_POINT ( 'NONE',  ( 14.51453906012028483, 0.2071067811865476560, -9.534673571903006462 ) ) ;
#7808 = B_SPLINE_CURVE_WITH_KNOTS ( 'NONE', 3,
 ( #4009, #6039, #891, #2807 ),
 .UNSPECIFIED., .F., .F.,
 ( 4, 4 ),
 ( 0.0003136697347721308701, 0.0004831740570745021398 ),
 .UNSPECIFIED. ) ;
#7809 = ORIENTED_EDGE ( 'NONE', *, *, #339, .T. ) ;
#7810 = VECTOR ( 'NONE', #4434, 1000.000000000000000 ) ;
#7811 = DIRECTION ( 'NONE',  ( 0.000000000000000000, 1.000000000000000000, 0.000000000000000000 ) ) ;
#7812 = CARTESIAN_POINT ( 'NONE',  ( 13.17156689968376249, 4.573863308492501112, -21.18771934077992469 ) ) ;
#7813 = VERTEX_POINT ( 'NONE', #239 ) ;
#7814 = VERTEX_POINT ( 'NONE', #7408 ) ;
#7815 = DIRECTION ( 'NONE',  ( 0.000000000000000000, 1.000000000000000000, 0.000000000000000000 ) ) ;
#7816 = EDGE_CURVE ( 'NONE', #650, #1086, #2701, .T. ) ;
#7817 = CARTESIAN_POINT ( 'NONE',  ( 20.51677218609434306, 4.169999999999999929, 10.69066340616454802 ) ) ;
#7818 = VERTEX_POINT ( 'NONE', #2173 ) ;
#7819 = DIRECTION ( 'NONE',  ( -0.000000000000000000, -1.000000000000000000, -0.000000000000000000 ) ) ;
#7820 = ORIENTED_EDGE ( 'NONE', *, *, #1037, .T. ) ;
#7821 = PLANE ( 'NONE',  #1644 ) ;
#7822 = CARTESIAN_POINT ( 'NONE',  ( -4.259940106989818176, 0.000000000000000000, -7.378432702499878815 ) ) ;
#7823 = CARTESIAN_POINT ( 'NONE',  ( -13.12827881868112456, 4.169999999999999929, -9.814463748652098474 ) ) ;
#7824 = DIRECTION ( 'NONE',  ( 0.5000000000000054401, 0.000000000000000000, -0.8660254037844354880 ) ) ;
#7825 = ORIENTED_EDGE ( 'NONE', *, *, #2122, .T. ) ;
#7826 = EDGE_CURVE ( 'NONE', #7639, #1260, #7402, .T. ) ;
#7827 = ADVANCED_FACE ( 'NONE', ( #4771 ), #8360, .F. ) ;
#7828 = FACE_OUTER_BOUND ( 'NONE', #5716, .T. ) ;
#7829 = CIRCLE ( 'NONE', #1689, 0.9000000000017154278 ) ;
#7830 = ORIENTED_EDGE ( 'NONE', *, *, #2612, .F. ) ;
#7831 = ORIENTED_EDGE ( 'NONE', *, *, #8347, .T. ) ;
#7832 = EDGE_LOOP ( 'NONE', ( #1034, #463, #2374, #854 ) ) ;
#7833 = CARTESIAN_POINT ( 'NONE',  ( 13.26253318848681140, 4.516075319424689205, -9.650756767741015096 ) ) ;
#7834 = DIRECTION ( 'NONE',  ( 0.8660254037844309360, 0.000000000000000000, -0.5000000000000135447 ) ) ;
#7835 = LINE ( 'NONE', #135, #4089 ) ;
#7836 = ORIENTED_EDGE ( 'NONE', *, *, #4465, .T. ) ;
#7837 = CIRCLE ( 'NONE', #7545, 1.500000000000001332 ) ;
#7838 = EDGE_CURVE ( 'NONE', #2610, #3140, #7447, .T. ) ;
#7839 = ORIENTED_EDGE ( 'NONE', *, *, #3505, .T. ) ;
#7840 = CARTESIAN_POINT ( 'NONE',  ( -12.42271421373342832, 4.670000000000000817, -19.51677218609433240 ) ) ;
#7841 = CARTESIAN_POINT ( 'NONE',  ( -17.45353882510863386, 4.220145418395397030, 26.59578445530208413 ) ) ;
#7842 = CARTESIAN_POINT ( 'NONE',  ( 1.690000000000084324, 0.000000000000000000, -25.07812044392481710 ) ) ;
#7843 = DIRECTION ( 'NONE',  ( -0.9478283262025932743, 0.000000000000000000, -0.3187812165859060798 ) ) ;
#7844 = ORIENTED_EDGE ( 'NONE', *, *, #2177, .F. ) ;
#7845 = DIRECTION ( 'NONE',  ( 0.000000000000000000, 0.000000000000000000, 1.000000000000000000 ) ) ;
#7846 = CARTESIAN_POINT ( 'NONE',  ( 0.000000000000000000, 4.670000000000000817, 0.000000000000000000 ) ) ;
#7847 = EDGE_CURVE ( 'NONE', #2250, #1215, #7055, .T. ) ;
#7848 = VERTEX_POINT ( 'NONE', #7496 ) ;
#7849 = DIRECTION ( 'NONE',  ( -0.000000000000000000, -1.000000000000000000, -0.000000000000000000 ) ) ;
#7850 = CARTESIAN_POINT ( 'NONE',  ( 27.64883365011742811, 4.670000000000000817, -13.66095511311952748 ) ) ;
#7851 = ORIENTED_EDGE ( 'NONE', *, *, #244, .F. ) ;
#7852 = ORIENTED_EDGE ( 'NONE', *, *, #2699, .T. ) ;
#7853 = LINE ( 'NONE', #1287, #123 ) ;
#7854 = B_SPLINE_CURVE_WITH_KNOTS ( 'NONE', 3,
 ( #4871, #2910, #6775, #6183 ),
 .UNSPECIFIED., .F., .F.,
 ( 4, 4 ),
 ( 9.589639512070161076E-05, 0.0002648171892374874244 ),
 .UNSPECIFIED. ) ;
#7855 = CARTESIAN_POINT ( 'NONE',  ( 21.18692616397414596, 4.662206113563345689, 12.92315824623784337 ) ) ;
#7856 = VERTEX_POINT ( 'NONE', #5712 ) ;
#7857 = CARTESIAN_POINT ( 'NONE',  ( 0.000000000000000000, 4.670000000000000817, 0.000000000000000000 ) ) ;
#7858 = CARTESIAN_POINT ( 'NONE',  ( 6.728925952921328779, 4.670000000000000817, -11.65484163083434233 ) ) ;
#7859 = AXIS2_PLACEMENT_3D ( 'NONE', #8065, #2176, #326 ) ;
#7860 = EDGE_CURVE ( 'NONE', #4130, #5504, #6332, .T. ) ;
#7861 = ORIENTED_EDGE ( 'NONE', *, *, #5589, .F. ) ;
#7862 = CARTESIAN_POINT ( 'NONE',  ( 0.000000000000000000, 4.169999999999999929, 0.000000000000000000 ) ) ;
#7863 = CARTESIAN_POINT ( 'NONE',  ( 28.41310023613412383, 4.169999999999999929, 14.30585555931132369 ) ) ;
#7864 = CARTESIAN_POINT ( 'NONE',  ( 14.62613208313609015, 4.431292217824027269, -27.22477132445034798 ) ) ;
#7865 = CARTESIAN_POINT ( 'NONE',  ( 0.000000000000000000, 4.670000000000000817, 0.000000000000000000 ) ) ;
#7866 = ORIENTED_EDGE ( 'NONE', *, *, #6691, .F. ) ;
#7867 = CARTESIAN_POINT ( 'NONE',  ( 0.4330127018922078075, 4.670000000000000817, -0.2499999999999931166 ) ) ;
#7868 = ORIENTED_EDGE ( 'NONE', *, *, #2883, .T. ) ;
#7869 = CARTESIAN_POINT ( 'NONE',  ( 21.25031422186818020, 4.670000000000000817, 13.42357517473893225 ) ) ;
#7870 = EDGE_CURVE ( 'NONE', #4010, #6450, #8240, .T. ) ;
#7871 = VERTEX_POINT ( 'NONE', #1607 ) ;
#7872 = PLANE ( 'NONE',  #969 ) ;
#7873 = B_SPLINE_CURVE_WITH_KNOTS ( 'NONE', 3,
 ( #7053, #7010, #6974, #4432 ),
 .UNSPECIFIED., .F., .F.,
 ( 4, 4 ),
 ( 0.0008524128465721270533, 0.001021256587831651961 ),
 .UNSPECIFIED. ) ;
#7874 = CARTESIAN_POINT ( 'NONE',  ( 12.45294779642504324, 4.670000000000000817, -20.08823825474778957 ) ) ;
#7875 = CARTESIAN_POINT ( 'NONE',  ( -11.75100665499373420, 4.670000000000000817, -6.784446855506382157 ) ) ;
#7876 = ORIENTED_EDGE ( 'NONE', *, *, #4789, .T. ) ;
#7877 = VECTOR ( 'NONE', #6228, 1000.000000000000227 ) ;
#7878 = VERTEX_POINT ( 'NONE', #2518 ) ;
#7879 = CARTESIAN_POINT ( 'NONE',  ( 27.64883365011744587, 4.169999999999999929, 14.66095511311953459 ) ) ;
#7880 = EDGE_CURVE ( 'NONE', #3091, #6621, #454, .T. ) ;
#7881 = ADVANCED_FACE ( 'NONE', ( #6806 ), #520, .F. ) ;
#7882 = LINE ( 'NONE', #2079, #5585 ) ;
#7883 = DIRECTION ( 'NONE',  ( 0.000000000000000000, -0.000000000000000000, 1.000000000000000000 ) ) ;
#7884 = VECTOR ( 'NONE', #1679, 1000.000000000000000 ) ;
#7885 = ORIENTED_EDGE ( 'NONE', *, *, #2401, .T. ) ;
#7886 = DIRECTION ( 'NONE',  ( -0.000000000000000000, -1.000000000000000000, -0.000000000000000000 ) ) ;
#7887 = CARTESIAN_POINT ( 'NONE',  ( 20.90152119364827854, 4.670000000000000817, -12.06749888762685252 ) ) ;
#7888 = AXIS2_PLACEMENT_3D ( 'NONE', #7642, #1890, #541 ) ;
#7889 = CARTESIAN_POINT ( 'NONE',  ( 15.11937345080782791, 4.670000000000000817, 27.99956995034080265 ) ) ;
#7890 = VECTOR ( 'NONE', #2818, 999.9999999999998863 ) ;
#7891 = ADVANCED_FACE ( 'NONE', ( #2477 ), #7666, .F. ) ;
#7892 = VERTEX_POINT ( 'NONE', #6165 ) ;
#7893 = EDGE_LOOP ( 'NONE', ( #7570, #1974, #7752, #4263, #4967 ) ) ;
#7894 = AXIS2_PLACEMENT_3D ( 'NONE', #1520, #5962, #6110 ) ;
#7895 = CARTESIAN_POINT ( 'NONE',  ( 0.4330127018923637938, 4.169999999999999929, 0.2500000000000766609 ) ) ;
#7896 = DIRECTION ( 'NONE',  ( -1.000000000000000000, 0.000000000000000000, 0.000000000000000000 ) ) ;
#7897 = EDGE_LOOP ( 'NONE', ( #6425, #3054, #912, #1730 ) ) ;
#7898 = DIRECTION ( 'NONE',  ( 0.000000000000000000, 1.000000000000000000, 0.000000000000000000 ) ) ;
#7899 = VECTOR ( 'NONE', #6694, 1000.000000000000000 ) ;
#7900 = CARTESIAN_POINT ( 'NONE',  ( 14.57762276433416027, 4.302146110896766018, 27.24918328139940016 ) ) ;
#7901 = EDGE_CURVE ( 'NONE', #1508, #1205, #564, .T. ) ;
#7902 = LINE ( 'NONE', #125, #4526 ) ;
#7903 = CARTESIAN_POINT ( 'NONE',  ( -12.90223489955203817, 4.670000000000001705, -21.24371652342622951 ) ) ;
#7904 = CARTESIAN_POINT ( 'NONE',  ( 15.02328291086344869, 4.670000000000000817, -27.02108929809675075 ) ) ;
#7905 = DIRECTION ( 'NONE',  ( 0.8660254037844338226, 0.000000000000000000, 0.5000000000000083267 ) ) ;
#7906 = VERTEX_POINT ( 'NONE', #3831 ) ;
#7907 = CIRCLE ( 'NONE', #3952, 23.63500000000000156 ) ;
#7908 = VECTOR ( 'NONE', #6339, 1000.000000000000000 ) ;
#7909 = LINE ( 'NONE', #3420, #6257 ) ;
#7910 = LINE ( 'NONE', #4704, #2165 ) ;
#7911 = CIRCLE ( 'NONE', #6949, 23.63499999999999801 ) ;
#7912 = ORIENTED_EDGE ( 'NONE', *, *, #3017, .T. ) ;
#7913 = DIRECTION ( 'NONE',  ( -0.9478283262026123701, 0.000000000000000000, -0.3187812165858493474 ) ) ;
#7914 = FACE_OUTER_BOUND ( 'NONE', #65, .T. ) ;
#7915 = CARTESIAN_POINT ( 'NONE',  ( 10.81375028943281258, 4.459267797770134045, -20.55250958649731174 ) ) ;
#7916 = VERTEX_POINT ( 'NONE', #1146 ) ;
#7917 = EDGE_CURVE ( 'NONE', #7157, #6755, #3532, .T. ) ;
#7918 = AXIS2_PLACEMENT_3D ( 'NONE', #3563, #5416, #851 ) ;
#7919 = VECTOR ( 'NONE', #7913, 1000.000000000000114 ) ;
#7920 = ORIENTED_EDGE ( 'NONE', *, *, #6914, .F. ) ;
#7921 = DIRECTION ( 'NONE',  ( -0.000000000000000000, -1.000000000000000000, -0.000000000000000000 ) ) ;
#7922 = FACE_OUTER_BOUND ( 'NONE', #74, .T. ) ;
#7923 = CYLINDRICAL_SURFACE ( 'NONE', #2771, 0.5000000000000001110 ) ;
#7924 = VECTOR ( 'NONE', #7758, 1000.000000000000000 ) ;
#7925 = ORIENTED_EDGE ( 'NONE', *, *, #1113, .F. ) ;
#7926 = CARTESIAN_POINT ( 'NONE',  ( -14.30585555931143560, 4.216211826414318686, 28.41310023613410252 ) ) ;
#7927 = CARTESIAN_POINT ( 'NONE',  ( 19.53527633261106544, 4.298923624762436724, -12.41818777478798985 ) ) ;
#7928 = EDGE_CURVE ( 'NONE', #1859, #8124, #1916, .T. ) ;
#7929 = EDGE_CURVE ( 'NONE', #5613, #4810, #6293, .T. ) ;
#7930 = AXIS2_PLACEMENT_3D ( 'NONE', #3973, #5931, #584 ) ;
#7931 = CARTESIAN_POINT ( 'NONE',  ( 9.534673571902946065, 4.169999999999999929, -14.51453906012031503 ) ) ;
#7932 = CARTESIAN_POINT ( 'NONE',  ( -12.29462508638728480, 4.652225243043961456, -20.03065169146199054 ) ) ;
#7933 = CARTESIAN_POINT ( 'NONE',  ( 12.96328223596879958, 4.670000000001252261, 21.00827498019267736 ) ) ;
#7934 = ORIENTED_EDGE ( 'NONE', *, *, #4504, .F. ) ;
#7935 = LINE ( 'NONE', #5850, #245 ) ;
#7936 = EDGE_CURVE ( 'NONE', #1508, #6992, #972, .T. ) ;
#7937 = LINE ( 'NONE', #8009, #7105 ) ;
#7938 = ORIENTED_EDGE ( 'NONE', *, *, #1944, .F. ) ;
#7939 = CIRCLE ( 'NONE', #5236, 11.67924603423417551 ) ;
#7940 = DIRECTION ( 'NONE',  ( 0.000000000000000000, 1.000000000000000000, 0.000000000000000000 ) ) ;
#7941 = EDGE_LOOP ( 'NONE', ( #8290, #6054, #1985, #8139, #5701 ) ) ;
#7942 = DIRECTION ( 'NONE',  ( 0.000000000000000000, 1.000000000000000000, 0.000000000000000000 ) ) ;
#7943 = DIRECTION ( 'NONE',  ( -0.000000000000000000, -1.000000000000000000, -0.000000000000000000 ) ) ;
#7944 = CARTESIAN_POINT ( 'NONE',  ( -7.802622764334155470, 4.169999999999999929, -15.51453906012026529 ) ) ;
#7945 = ORIENTED_EDGE ( 'NONE', *, *, #1269, .F. ) ;
#7946 = AXIS2_PLACEMENT_3D ( 'NONE', #7371, #2100, #1534 ) ;
#7947 = ADVANCED_FACE ( 'NONE', ( #6123 ), #3149, .T. ) ;
#7948 = DIRECTION ( 'NONE',  ( -0.5000000000000167644, 0.000000000000000000, 0.8660254037844290487 ) ) ;
#7949 = LINE ( 'NONE', #562, #1479 ) ;
#7950 = ORIENTED_EDGE ( 'NONE', *, *, #1707, .T. ) ;
#7951 = CARTESIAN_POINT ( 'NONE',  ( -11.21462151741375024, 4.663166634937299548, -20.60869496433563341 ) ) ;
#7952 = CARTESIAN_POINT ( 'NONE',  ( 28.36045094450776460, 4.322071051845257195, -14.39591196033831366 ) ) ;
#7953 = VERTEX_POINT ( 'NONE', #2259 ) ;
#7954 = ORIENTED_EDGE ( 'NONE', *, *, #2984, .F. ) ;
#7955 = LINE ( 'NONE', #143, #3816 ) ;
#7956 = B_SPLINE_CURVE_WITH_KNOTS ( 'NONE', 3,
 ( #2316, #1666, #1498, #3672, #2406, #8331 ),
 .UNSPECIFIED., .F., .F.,
 ( 4, 2, 4 ),
 ( 0.0001930194709195799186, 0.0005663713981652923786, 0.0009397233254110047302 ),
 .UNSPECIFIED. ) ;
#7957 = CARTESIAN_POINT ( 'NONE',  ( 17.45353882511010823, 0.000000000000000000, 26.59578445530155122 ) ) ;
#7958 = EDGE_CURVE ( 'NONE', #1418, #3280, #4222, .T. ) ;
#7959 = FACE_OUTER_BOUND ( 'NONE', #2718, .T. ) ;
#7960 = AXIS2_PLACEMENT_3D ( 'NONE', #4448, #497, #8201 ) ;
#7961 = CARTESIAN_POINT ( 'NONE',  ( -12.96637362587557263, 4.670000000000000817, -20.94651235872450812 ) ) ;
#7962 = ORIENTED_EDGE ( 'NONE', *, *, #7524, .T. ) ;
#7963 = LINE ( 'NONE', #7351, #6490 ) ;
#7964 = CARTESIAN_POINT ( 'NONE',  ( 14.51453906012028305, 4.169999999999999929, -9.534673571903006462 ) ) ;
#7965 = DIRECTION ( 'NONE',  ( 0.4999999999999933942, 0.000000000000000000, -0.8660254037844425934 ) ) ;
#7966 = EDGE_CURVE ( 'NONE', #7199, #7172, #5331, .T. ) ;
#7967 = CARTESIAN_POINT ( 'NONE',  ( -27.09781831826671450, 4.670000000000000817, 16.70337033729496667 ) ) ;
#7968 = EDGE_CURVE ( 'NONE', #6870, #7994, #5256, .T. ) ;
#7969 = EDGE_LOOP ( 'NONE', ( #1385, #1905, #3520, #1665, #3593 ) ) ;
#7970 = B_SPLINE_CURVE_WITH_KNOTS ( 'NONE', 3,
 ( #4812, #4183, #4730, #4856, #6759, #7370, #1533, #2857 ),
 .UNSPECIFIED., .F., .F.,
 ( 4, 2, 2, 4 ),
 ( 0.000000000000000000, 0.0002468074010519848453, 0.0004936148021039696906, 0.0009872296042079393812 ),
 .UNSPECIFIED. ) ;
#7971 = CARTESIAN_POINT ( 'NONE',  ( -15.51453906012018891, 4.169999999999999929, -7.802622764334316230 ) ) ;
#7972 = CARTESIAN_POINT ( 'NONE',  ( 16.86631535688121630, 4.670000000000000817, -27.00136514257307141 ) ) ;
#7973 = EDGE_LOOP ( 'NONE', ( #16, #3506, #2782, #6316 ) ) ;
#7974 = CARTESIAN_POINT ( 'NONE',  ( -20.51677218609422937, 4.169999999999999929, -10.69066340616475230 ) ) ;
#7975 = EDGE_CURVE ( 'NONE', #8386, #1137, #3648, .T. ) ;
#7976 = VERTEX_POINT ( 'NONE', #4596 ) ;
#7977 = CARTESIAN_POINT ( 'NONE',  ( 28.37743940660045183, 4.328797553474535320, 14.38171218215467562 ) ) ;
#7978 = ADVANCED_FACE ( 'NONE', ( #731 ), #3913, .T. ) ;
#7979 = CARTESIAN_POINT ( 'NONE',  ( 0.000000000000000000, 4.670000000000000817, 0.000000000000000000 ) ) ;
#7980 = DIRECTION ( 'NONE',  ( -0.5000000000000055511, 0.000000000000000000, 0.8660254037844355990 ) ) ;
#7981 = CARTESIAN_POINT ( 'NONE',  ( 14.51453906012028305, 4.169999999999999929, -9.534673571903006462 ) ) ;
#7982 = CIRCLE ( 'NONE', #6199, 0.9999999999999974465 ) ;
#7983 = ORIENTED_EDGE ( 'NONE', *, *, #802, .T. ) ;
#7984 = CARTESIAN_POINT ( 'NONE',  ( 15.06371434019466804, 4.670000000000000817, -6.462191090617108280 ) ) ;
#7985 = CARTESIAN_POINT ( 'NONE',  ( -17.18649379939888888, 4.512852859485479762, 26.78548571115008414 ) ) ;
#7986 = DIRECTION ( 'NONE',  ( 0.000000000000000000, 0.000000000000000000, 1.000000000000000000 ) ) ;
#7987 = ORIENTED_EDGE ( 'NONE', *, *, #687, .F. ) ;
#7988 = DIRECTION ( 'NONE',  ( -0.8660254037844394848, 0.000000000000000000, -0.4999999999999986677 ) ) ;
#7989 = EDGE_CURVE ( 'NONE', #6150, #6461, #4085, .T. ) ;
#7990 = LINE ( 'NONE', #3048, #6754 ) ;
#7991 = ORIENTED_EDGE ( 'NONE', *, *, #6117, .T. ) ;
#7992 = ORIENTED_EDGE ( 'NONE', *, *, #8250, .T. ) ;
#7993 = CYLINDRICAL_SURFACE ( 'NONE', #3678, 0.5000000000000008882 ) ;
#7994 = VERTEX_POINT ( 'NONE', #7842 ) ;
#7995 = DIRECTION ( 'NONE',  ( -0.000000000000000000, -1.000000000000000000, -0.000000000000000000 ) ) ;
#7996 = EDGE_CURVE ( 'NONE', #2815, #6986, #6795, .T. ) ;
#7997 = DIRECTION ( 'NONE',  ( -0.8660254037844338226, 0.000000000000000000, -0.5000000000000083267 ) ) ;
#7998 = CARTESIAN_POINT ( 'NONE',  ( -11.82891209833675816, 4.649847419183375408, 21.76932090785646068 ) ) ;
#7999 = ORIENTED_EDGE ( 'NONE', *, *, #6564, .F. ) ;
#8000 = DIRECTION ( 'NONE',  ( 0.000000000000000000, 1.000000000000000000, 0.000000000000000000 ) ) ;
#8001 = EDGE_CURVE ( 'NONE', #3865, #3263, #111, .T. ) ;
#8002 = DIRECTION ( 'NONE',  ( 0.000000000000000000, 1.000000000000000000, 0.000000000000000000 ) ) ;
#8003 = DIRECTION ( 'NONE',  ( 0.1978415312886023514, 0.000000000000000000, -0.9802340172108806593 ) ) ;
#8004 = VECTOR ( 'NONE', #8369, 1000.000000000000000 ) ;
#8005 = VERTEX_POINT ( 'NONE', #5293 ) ;
#8006 = ORIENTED_EDGE ( 'NONE', *, *, #4805, .T. ) ;
#8007 = TOROIDAL_SURFACE ( 'NONE', #4345, 1.499999999999996891, 0.5000000000000000000 ) ;
#8008 = EDGE_CURVE ( 'NONE', #7608, #6205, #7882, .T. ) ;
#8009 = CARTESIAN_POINT ( 'NONE',  ( 23.07319061161675577, 0.000000000000000000, 1.690000000000158042 ) ) ;
#8010 = ORIENTED_EDGE ( 'NONE', *, *, #3342, .T. ) ;
#8011 = AXIS2_PLACEMENT_3D ( 'NONE', #2348, #3031, #7627 ) ;
#8012 = EDGE_LOOP ( 'NONE', ( #3995, #6750, #1345, #6488 ) ) ;
#8013 = DIRECTION ( 'NONE',  ( 0.3187812165858947000, -0.000000000000000000, 0.9478283262025970490 ) ) ;
#8014 = DIRECTION ( 'NONE',  ( -1.000000000000000000, 0.000000000000000000, 0.000000000000000000 ) ) ;
#8015 = DIRECTION ( 'NONE',  ( 0.000000000000000000, 0.000000000000000000, 1.000000000000000000 ) ) ;
#8016 = CARTESIAN_POINT ( 'NONE',  ( -20.90152119364758221, 4.670000000000000817, -12.96749888762527902 ) ) ;
#8017 = DIRECTION ( 'NONE',  ( 0.000000000000000000, 0.000000000000000000, -1.000000000000000000 ) ) ;
#8018 = ADVANCED_FACE ( 'NONE', ( #7922 ), #5956, .F. ) ;
#8019 = VECTOR ( 'NONE', #2638, 1000.000000000000000 ) ;
#8020 = EDGE_CURVE ( 'NONE', #4695, #7260, #955, .T. ) ;
#8021 = CARTESIAN_POINT ( 'NONE',  ( 7.802622764334154581, 4.462893218813453799, -15.51453906012027240 ) ) ;
#8022 = CARTESIAN_POINT ( 'NONE',  ( -17.45353882510991994, 4.216665748597042906, -26.59578445530166135 ) ) ;
#8023 = CARTESIAN_POINT ( 'NONE',  ( -17.38019460970568986, 4.339564358147010026, 26.64858793462897424 ) ) ;
#8024 = CARTESIAN_POINT ( 'NONE',  ( 14.79184113604506479, 4.616058170209369926, -28.18553966518114251 ) ) ;
#8025 = ORIENTED_EDGE ( 'NONE', *, *, #3682, .T. ) ;
#8026 = DIRECTION ( 'NONE',  ( 0.000000000000000000, 0.000000000000000000, -1.000000000000000000 ) ) ;
#8027 = CARTESIAN_POINT ( 'NONE',  ( 15.51453906012023332, 4.670000000000000817, -7.802622764334209648 ) ) ;
#8028 = AXIS2_PLACEMENT_3D ( 'NONE', #1313, #26, #7145 ) ;
#8029 = CIRCLE ( 'NONE', #8318, 0.9000000000000014655 ) ;
#8030 = ORIENTED_EDGE ( 'NONE', *, *, #7062, .T. ) ;
#8031 = EDGE_CURVE ( 'NONE', #4548, #5155, #7907, .T. ) ;
#8032 = CARTESIAN_POINT ( 'NONE',  ( 14.57762276433414961, 4.670000000000000817, -27.24918328139941792 ) ) ;
#8033 = CIRCLE ( 'NONE', #4766, 23.13500000000000156 ) ;
#8034 = VERTEX_POINT ( 'NONE', #1397 ) ;
#8035 = CARTESIAN_POINT ( 'NONE',  ( 14.76909577243501737, 4.670000000000000817, 7.154679118664633464 ) ) ;
#8036 = CARTESIAN_POINT ( 'NONE',  ( -28.41310023613304026, 2.669999999999999929, 14.30585555931276787 ) ) ;
#8037 = DIRECTION ( 'NONE',  ( 0.000000000000000000, 0.000000000000000000, 1.000000000000000000 ) ) ;
#8038 = ORIENTED_EDGE ( 'NONE', *, *, #6685, .F. ) ;
#8039 = CARTESIAN_POINT ( 'NONE',  ( -15.11243137785124802, 4.670000000000000817, 28.02727341140145967 ) ) ;
#8040 = AXIS2_PLACEMENT_3D ( 'NONE', #411, #5006, #2223 ) ;
#8041 = CIRCLE ( 'NONE', #2328, 0.9000000000012297052 ) ;
#8042 = CARTESIAN_POINT ( 'NONE',  ( 10.69066340616454092, 4.670000000000000817, -20.51677218609433950 ) ) ;
#8043 = EDGE_CURVE ( 'NONE', #4076, #1245, #7068, .T. ) ;
#8044 = FACE_OUTER_BOUND ( 'NONE', #3745, .T. ) ;
#8045 = CARTESIAN_POINT ( 'NONE',  ( 16.68865214663075847, 4.670000000000000817, 27.09354647287409534 ) ) ;
#8046 = ORIENTED_EDGE ( 'NONE', *, *, #8020, .T. ) ;
#8047 = VECTOR ( 'NONE', #3540, 1000.000000000000000 ) ;
#8048 = AXIS2_PLACEMENT_3D ( 'NONE', #7511, #2410, #1764 ) ;
#8049 = B_SPLINE_CURVE_WITH_KNOTS ( 'NONE', 3,
 ( #4298, #1182, #1142, #430, #7616, #2382, #5112, #3777, #4979, #3735 ),
 .UNSPECIFIED., .F., .F.,
 ( 4, 2, 2, 2, 4 ),
 ( 0.000000000000000000, 0.0002428197108138432719, 0.0004856394216276865437, 0.0007284591324415298427, 0.0009712788432553730875 ),
 .UNSPECIFIED. ) ;
#8050 = ORIENTED_EDGE ( 'NONE', *, *, #7847, .T. ) ;
#8051 = ORIENTED_EDGE ( 'NONE', *, *, #2326, .F. ) ;
#8052 = CARTESIAN_POINT ( 'NONE',  ( 12.06749888762580269, 4.670000000000000817, -20.90152119364944383 ) ) ;
#8053 = DIRECTION ( 'NONE',  ( 0.000000000000000000, 0.000000000000000000, 1.000000000000000000 ) ) ;
#8054 = AXIS2_PLACEMENT_3D ( 'NONE', #4947, #1701, #276 ) ;
#8055 = DIRECTION ( 'NONE',  ( -6.921832167980895041E-15, 0.000000000000000000, 1.000000000000000000 ) ) ;
#8056 = ORIENTED_EDGE ( 'NONE', *, *, #1113, .T. ) ;
#8057 = CARTESIAN_POINT ( 'NONE',  ( 14.51453906012028483, 4.462893218813453799, -9.534673571903006462 ) ) ;
#8058 = B_SPLINE_CURVE_WITH_KNOTS ( 'NONE', 3,
 ( #2052, #7247, #158, #2009, #7121, #6472 ),
 .UNSPECIFIED., .F., .F.,
 ( 4, 2, 4 ),
 ( 0.0001930194709227237254, 0.0005663713981668575329, 0.0009397233254109915029 ),
 .UNSPECIFIED. ) ;
#8059 = VERTEX_POINT ( 'NONE', #3999 ) ;
#8060 = LINE ( 'NONE', #6047, #4924 ) ;
#8061 = VECTOR ( 'NONE', #267, 1000.000000000000000 ) ;
#8062 = DIRECTION ( 'NONE',  ( 0.000000000000000000, 1.000000000000000000, 0.000000000000000000 ) ) ;
#8063 = DIRECTION ( 'NONE',  ( -0.9802340172108806593, 0.000000000000000000, -0.1978415312886021293 ) ) ;
#8064 = EDGE_CURVE ( 'NONE', #2033, #7607, #6582, .T. ) ;
#8065 = CARTESIAN_POINT ( 'NONE',  ( 4.417525414551752405, 4.670000000000000817, -2.550459487243502910 ) ) ;
#8066 = CARTESIAN_POINT ( 'NONE',  ( 11.07786495945728333, 4.628020370232710512, -20.62836367312025487 ) ) ;
#8067 = FACE_OUTER_BOUND ( 'NONE', #1409, .T. ) ;
#8068 = AXIS2_PLACEMENT_3D ( 'NONE', #1729, #1008, #1552 ) ;
#8069 = CARTESIAN_POINT ( 'NONE',  ( 17.42957889067082533, 4.261553970127171631, 26.61199676922929314 ) ) ;
#8070 = EDGE_LOOP ( 'NONE', ( #5819, #4098, #1114, #3734 ) ) ;
#8071 = CARTESIAN_POINT ( 'NONE',  ( -17.43199224916551415, 4.258284629828290591, -26.61058223289658997 ) ) ;
#8072 = DIRECTION ( 'NONE',  ( 0.1978415312886091793, 0.000000000000000000, -0.9802340172108793270 ) ) ;
#8073 = DIRECTION ( 'NONE',  ( -0.000000000000000000, -1.000000000000000000, -0.000000000000000000 ) ) ;
#8074 = VERTEX_POINT ( 'NONE', #5373 ) ;
#8075 = CYLINDRICAL_SURFACE ( 'NONE', #3151, 0.4999999999999996114 ) ;
#8076 = ADVANCED_FACE ( 'NONE', ( #7959 ), #7106, .F. ) ;
#8077 = PLANE ( 'NONE',  #2431 ) ;
#8078 = TOROIDAL_SURFACE ( 'NONE', #7946, 1.500000000000069500, 0.5000000000000000000 ) ;
#8079 = EDGE_CURVE ( 'NONE', #4287, #4159, #7348, .T. ) ;
#8080 = ORIENTED_EDGE ( 'NONE', *, *, #2761, .F. ) ;
#8081 = CARTESIAN_POINT ( 'NONE',  ( 20.51677218609434306, 4.169999999999999929, 10.69066340616454802 ) ) ;
#8082 = CARTESIAN_POINT ( 'NONE',  ( 0.000000000000000000, 4.169999999999999929, 0.000000000000000000 ) ) ;
#8083 = ORIENTED_EDGE ( 'NONE', *, *, #7291, .F. ) ;
#8084 = CYLINDRICAL_SURFACE ( 'NONE', #5599, 1.000000000000070166 ) ;
#8085 = FACE_OUTER_BOUND ( 'NONE', #7288, .T. ) ;
#8086 = DIRECTION ( 'NONE',  ( -0.000000000000000000, 1.000000000000000000, -0.000000000000000000 ) ) ;
#8087 = ADVANCED_FACE ( 'NONE', ( #302 ), #1912, .T. ) ;
#8088 = ORIENTED_EDGE ( 'NONE', *, *, #7673, .T. ) ;
#8089 = CARTESIAN_POINT ( 'NONE',  ( 14.30585555931125086, 4.169999999999999929, -28.41310023613422686 ) ) ;
#8090 = DIRECTION ( 'NONE',  ( -0.000000000000000000, -1.000000000000000000, 0.000000000000000000 ) ) ;
#8091 = CARTESIAN_POINT ( 'NONE',  ( -11.69152436717025090, 2.669999999999999929, 22.25031422186807006 ) ) ;
#8092 = CARTESIAN_POINT ( 'NONE',  ( 20.72359088446826902, 4.615723380824201527, -10.81007023734417238 ) ) ;
#8093 = CIRCLE ( 'NONE', #3885, 25.13500000000000512 ) ;
#8094 = CARTESIAN_POINT ( 'NONE',  ( -15.06371434019471423, 4.169999999999999929, 6.462191090617002587 ) ) ;
#8095 = EDGE_CURVE ( 'NONE', #1, #4995, #3436, .T. ) ;
#8096 = DIRECTION ( 'NONE',  ( 0.000000000000000000, 1.000000000000000000, 0.000000000000000000 ) ) ;
#8097 = EDGE_LOOP ( 'NONE', ( #5353, #2510, #3747, #3594, #5017 ) ) ;
#8098 = CARTESIAN_POINT ( 'NONE',  ( -23.07319061161676288, 2.669999999999999929, 1.690000000000002833 ) ) ;
#8099 = ORIENTED_EDGE ( 'NONE', *, *, #2377, .T. ) ;
#8100 = B_SPLINE_CURVE_WITH_KNOTS ( 'NONE', 3,
 ( #3546, #6138, #3588, #5561, #3675, #3046, #3003, #1621, #8252, #6226 ),
 .UNSPECIFIED., .F., .F.,
 ( 4, 2, 2, 2, 4 ),
 ( 0.000000000000000000, 0.0001371340820511235100, 0.0002742681641022470199, 0.0005485363282044991356, 0.001097072656409000656 ),
 .UNSPECIFIED. ) ;
#8101 = CARTESIAN_POINT ( 'NONE',  ( -12.42271421373346207, 2.669999999999999929, 19.51677218609431108 ) ) ;
#8102 = ORIENTED_EDGE ( 'NONE', *, *, #6504, .T. ) ;
#8103 = CARTESIAN_POINT ( 'NONE',  ( -12.00865192441041174, 4.670000000000000817, -21.79959526348856613 ) ) ;
#8104 = CYLINDRICAL_SURFACE ( 'NONE', #2493, 1.000000000000000888 ) ;
#8105 = ORIENTED_EDGE ( 'NONE', *, *, #8141, .F. ) ;
#8106 = DIRECTION ( 'NONE',  ( -0.8660254037844353769, 0.000000000000000000, -0.5000000000000056621 ) ) ;
#8107 = EDGE_CURVE ( 'NONE', #5846, #8186, #2283, .T. ) ;
#8108 = CARTESIAN_POINT ( 'NONE',  ( 14.90801986940285850, 4.633679859935362799, -6.864870684657614852 ) ) ;
#8109 = CARTESIAN_POINT ( 'NONE',  ( 26.24918328139943213, 4.302122217144092708, 16.30967357190298372 ) ) ;
#8110 = CARTESIAN_POINT ( 'NONE',  ( 20.03065169146226765, 4.652225243043001335, 12.29462508638661866 ) ) ;
#8111 = CYLINDRICAL_SURFACE ( 'NONE', #1631, 1.000000000000075495 ) ;
#8112 = ORIENTED_EDGE ( 'NONE', *, *, #1405, .F. ) ;
#8113 = ADVANCED_FACE ( 'NONE', ( #8085 ), #6740, .T. ) ;
#8114 = DIRECTION ( 'NONE',  ( 0.000000000000000000, 1.000000000000000000, 0.000000000000000000 ) ) ;
#8115 = CARTESIAN_POINT ( 'NONE',  ( 21.12879883022084826, 4.649847419183376296, 12.93832888017116289 ) ) ;
#8116 = DIRECTION ( 'NONE',  ( 0.000000000000000000, 1.000000000000000000, 0.000000000000000000 ) ) ;
#8117 = DIRECTION ( 'NONE',  ( 0.000000000000000000, 0.000000000000000000, -1.000000000000000000 ) ) ;
#8118 = ORIENTED_EDGE ( 'NONE', *, *, #4124, .F. ) ;
#8119 = LINE ( 'NONE', #3087, #5466 ) ;
#8120 = CARTESIAN_POINT ( 'NONE',  ( -12.92315824623498877, 4.662206113563753362, 21.18692616397402517 ) ) ;
#8121 = ORIENTED_EDGE ( 'NONE', *, *, #7343, .F. ) ;
#8122 = EDGE_CURVE ( 'NONE', #1982, #2367, #518, .T. ) ;
#8123 = CARTESIAN_POINT ( 'NONE',  ( 27.64883365011742811, 4.169999999999999929, -13.66095511311952748 ) ) ;
#8124 = VERTEX_POINT ( 'NONE', #3511 ) ;
#8125 = PLANE ( 'NONE',  #1926 ) ;
#8126 = DIRECTION ( 'NONE',  ( -0.8660254037844247188, 0.000000000000000000, 0.5000000000000242029 ) ) ;
#8127 = CARTESIAN_POINT ( 'NONE',  ( 19.59770838271568394, 4.410773209854859545, 12.40284484197832171 ) ) ;
#8128 = EDGE_LOOP ( 'NONE', ( #3276, #5439, #5592, #2692 ) ) ;
#8129 = CARTESIAN_POINT ( 'NONE',  ( -20.90152119364589467, 4.670000000000000817, 12.06749888762551848 ) ) ;
#8130 = FACE_OUTER_BOUND ( 'NONE', #7656, .T. ) ;
#8131 = CIRCLE ( 'NONE', #5419, 25.13500000000000512 ) ;
#8132 = ADVANCED_FACE ( 'NONE', ( #2964 ), #7473, .T. ) ;
#8133 = CARTESIAN_POINT ( 'NONE',  ( 14.32991980598825954, 4.258079877851684181, 28.40140743578816185 ) ) ;
#8134 = EDGE_CURVE ( 'NONE', #8390, #1597, #6785, .T. ) ;
#8135 = LINE ( 'NONE', #6793, #5061 ) ;
#8136 = CARTESIAN_POINT ( 'NONE',  ( 9.534673571902946065, 4.169999999999999929, -14.51453906012031503 ) ) ;
#8137 = CIRCLE ( 'NONE', #2280, 1.500000000000001332 ) ;
#8138 = ORIENTED_EDGE ( 'NONE', *, *, #1954, .F. ) ;
#8139 = ORIENTED_EDGE ( 'NONE', *, *, #2190, .F. ) ;
#8140 = CARTESIAN_POINT ( 'NONE',  ( 20.08823825474789260, 4.670000000000000817, 12.45294779642488692 ) ) ;
#8141 = EDGE_CURVE ( 'NONE', #1011, #5054, #1550, .T. ) ;
#8142 = CIRCLE ( 'NONE', #803, 17.73985401647556870 ) ;
#8143 = ORIENTED_EDGE ( 'NONE', *, *, #7482, .F. ) ;
#8144 = CARTESIAN_POINT ( 'NONE',  ( 11.65702501040142103, 4.670000000000000817, 21.70246513433153979 ) ) ;
#8145 = DIRECTION ( 'NONE',  ( -0.8660254037844438146, 0.000000000000000000, -0.4999999999999909517 ) ) ;
#8146 = ORIENTED_EDGE ( 'NONE', *, *, #3861, .F. ) ;
#8147 = CARTESIAN_POINT ( 'NONE',  ( -20.90152119364589467, -7.859999999999998543, 11.16749888762421961 ) ) ;
#8148 = DIRECTION ( 'NONE',  ( 0.000000000000000000, 0.000000000000000000, 1.000000000000000000 ) ) ;
#8149 = CARTESIAN_POINT ( 'NONE',  ( 13.42357517473885586, 0.000000000000000000, -21.25031422186822638 ) ) ;
#8150 = DIRECTION ( 'NONE',  ( -0.000000000000000000, 1.000000000000000000, -0.000000000000000000 ) ) ;
#8151 = CIRCLE ( 'NONE', #6763, 23.13499999999999801 ) ;
#8152 = DIRECTION ( 'NONE',  ( 0.000000000000000000, 1.000000000000000000, 0.000000000000000000 ) ) ;
#8153 = EDGE_CURVE ( 'NONE', #8005, #3207, #4365, .T. ) ;
#8154 = EDGE_LOOP ( 'NONE', ( #5855, #1128, #1168, #7962, #6030 ) ) ;
#8155 = CYLINDRICAL_SURFACE ( 'NONE', #5339, 25.13500000000000512 ) ;
#8156 = CARTESIAN_POINT ( 'NONE',  ( 27.64883365011742811, 4.670000000000000817, -14.66095511311957722 ) ) ;
#8157 = AXIS2_PLACEMENT_3D ( 'NONE', #5754, #2515, #2602 ) ;
#8158 = CARTESIAN_POINT ( 'NONE',  ( -11.71104112180841383, 4.413147668298689652, -22.18297585893479607 ) ) ;
#8159 = AXIS2_PLACEMENT_3D ( 'NONE', #1454, #8062, #7448 ) ;
#8160 = FACE_OUTER_BOUND ( 'NONE', #3875, .T. ) ;
#8161 = ORIENTED_EDGE ( 'NONE', *, *, #318, .T. ) ;
#8162 = DIRECTION ( 'NONE',  ( -0.5000000000000025535, 0.000000000000000000, -0.8660254037844371533 ) ) ;
#8163 = CARTESIAN_POINT ( 'NONE',  ( 13.12827881868119384, 4.169999999999999929, 9.814463748652000774 ) ) ;
#8164 = ORIENTED_EDGE ( 'NONE', *, *, #860, .T. ) ;
#8165 = DIRECTION ( 'NONE',  ( -1.000000000000000000, 0.000000000000000000, 0.000000000000000000 ) ) ;
#8166 = ORIENTED_EDGE ( 'NONE', *, *, #4495, .F. ) ;
#8167 = ORIENTED_EDGE ( 'NONE', *, *, #3181, .F. ) ;
#8168 = AXIS2_PLACEMENT_3D ( 'NONE', #7007, #8262, #1139 ) ;
#8169 = ORIENTED_EDGE ( 'NONE', *, *, #7182, .T. ) ;
#8170 = DIRECTION ( 'NONE',  ( 0.000000000000000000, 0.000000000000000000, 1.000000000000000000 ) ) ;
#8171 = CARTESIAN_POINT ( 'NONE',  ( -13.66095511311962518, 4.169999999999999929, 27.64883365011740324 ) ) ;
#8172 = DIRECTION ( 'NONE',  ( 0.000000000000000000, 0.000000000000000000, 1.000000000000000000 ) ) ;
#8173 = ORIENTED_EDGE ( 'NONE', *, *, #7712, .T. ) ;
#8174 = ADVANCED_FACE ( 'NONE', ( #6033 ), #1635, .T. ) ;
#8175 = CARTESIAN_POINT ( 'NONE',  ( -27.64883365011752758, 0.000000000000000000, 13.66095511311933741 ) ) ;
#8176 = CIRCLE ( 'NONE', #7213, 0.9000000000017154278 ) ;
#8177 = DIRECTION ( 'NONE',  ( -0.000000000000000000, -1.000000000000000000, 0.000000000000000000 ) ) ;
#8178 = CARTESIAN_POINT ( 'NONE',  ( -16.30967357190272438, 4.670000000000000817, -26.24918328139960622 ) ) ;
#8179 = AXIS2_PLACEMENT_3D ( 'NONE', #1528, #5469, #2212 ) ;
#8180 = CARTESIAN_POINT ( 'NONE',  ( 7.029073353183203920, 4.660564863133978442, -14.84499664064232860 ) ) ;
#8181 = EDGE_LOOP ( 'NONE', ( #2869, #5536, #1696, #670, #1210, #6310, #1110, #4892, #3572, #1721, #4082, #2996, #7235, #1904, #2550, #7206, #7650, #1702, #3197, #1225, #3942, #3918, #7094, #4551, #8307, #7861, #4680, #598 ) ) ;
#8182 = EDGE_CURVE ( 'NONE', #3448, #1927, #2169, .T. ) ;
#8183 = EDGE_LOOP ( 'NONE', ( #965, #647, #4535, #3369 ) ) ;
#8184 = AXIS2_PLACEMENT_3D ( 'NONE', #2109, #4706, #3502 ) ;
#8185 = CARTESIAN_POINT ( 'NONE',  ( 21.76932090785658502, 4.649847419183368302, -11.82891209833657520 ) ) ;
#8186 = VERTEX_POINT ( 'NONE', #1473 ) ;
#8187 = CARTESIAN_POINT ( 'NONE',  ( -27.64883365011752758, 4.169999999999999929, 13.66095511311933741 ) ) ;
#8188 = LINE ( 'NONE', #4141, #8194 ) ;
#8189 = DIRECTION ( 'NONE',  ( 0.000000000000000000, 1.000000000000000000, 0.000000000000000000 ) ) ;
#8190 = ORIENTED_EDGE ( 'NONE', *, *, #791, .T. ) ;
#8191 = DIRECTION ( 'NONE',  ( 0.9478283262026030442, -0.000000000000000000, 0.3187812165858771030 ) ) ;
#8192 = DIRECTION ( 'NONE',  ( -0.8660254037844385966, 0.000000000000000000, 0.5000000000000000000 ) ) ;
#8193 = CARTESIAN_POINT ( 'NONE',  ( 0.000000000000000000, 0.000000000000000000, 0.000000000000000000 ) ) ;
#8195 = CYLINDRICAL_SURFACE ( 'NONE', #2945, 14.99267480351038628 ) ;
#8194 = VECTOR ( 'NONE', #4901, 1000.000000000000000 ) ;
#8196 = CIRCLE ( 'NONE', #2755, 0.9000000000027943425 ) ;
#8197 = EDGE_CURVE ( 'NONE', #7535, #5663, #2049, .T. ) ;
#8198 = CARTESIAN_POINT ( 'NONE',  ( -28.41310023613404567, 4.216268071758781488, -14.30585555931152797 ) ) ;
#8199 = VERTEX_POINT ( 'NONE', #5528 ) ;
#8200 = DIRECTION ( 'NONE',  ( 0.000000000000000000, 0.000000000000000000, 1.000000000000000000 ) ) ;
#8201 = DIRECTION ( 'NONE',  ( 0.000000000000000000, 0.000000000000000000, -1.000000000000000000 ) ) ;
#8202 = FACE_OUTER_BOUND ( 'NONE', #1307, .T. ) ;
#8203 = FACE_OUTER_BOUND ( 'NONE', #2508, .T. ) ;
#8204 = CARTESIAN_POINT ( 'NONE',  ( 26.59578445530215873, 0.000000000000000000, 17.45353882510845978 ) ) ;
#8205 = ORIENTED_EDGE ( 'NONE', *, *, #2892, .T. ) ;
#8206 = DIRECTION ( 'NONE',  ( 0.5000000000000202061, 0.000000000000000000, -0.8660254037844270503 ) ) ;
#8207 = DIRECTION ( 'NONE',  ( 0.000000000000000000, 1.000000000000000000, 0.000000000000000000 ) ) ;
#8208 = CARTESIAN_POINT ( 'NONE',  ( 0.000000000000000000, 4.169999999999999929, 0.000000000000000000 ) ) ;
#8209 = EDGE_CURVE ( 'NONE', #3195, #2186, #5092, .T. ) ;
#8210 = ORIENTED_EDGE ( 'NONE', *, *, #5267, .T. ) ;
#8211 = VECTOR ( 'NONE', #6976, 1000.000000000000000 ) ;
#8212 = B_SPLINE_CURVE_WITH_KNOTS ( 'NONE', 3,
 ( #6400, #2098, #164, #5973 ),
 .UNSPECIFIED., .F., .F.,
 ( 4, 4 ),
 ( 0.0002302718042616385340, 0.0004006657018517067710 ),
 .UNSPECIFIED. ) ;
#8213 = CARTESIAN_POINT ( 'NONE',  ( -23.07319061161676288, 0.000000000000000000, 1.690000000000002833 ) ) ;
#8214 = EDGE_LOOP ( 'NONE', ( #3410, #2558, #2008, #1457, #1969, #790, #509, #40, #3931, #4071 ) ) ;
#8215 = VERTEX_POINT ( 'NONE', #5571 ) ;
#8216 = ORIENTED_EDGE ( 'NONE', *, *, #7422, .T. ) ;
#8217 = LINE ( 'NONE', #6918, #6006 ) ;
#8218 = CARTESIAN_POINT ( 'NONE',  ( 0.4330127018930912119, 4.169999999999999929, -0.2500000000004822254 ) ) ;
#8219 = CARTESIAN_POINT ( 'NONE',  ( 11.17045074767306012, 4.670000000000000817, 20.82868827107962773 ) ) ;
#8220 = EDGE_LOOP ( 'NONE', ( #3314, #1991, #6824, #6240, #4691 ) ) ;
#8221 = DIRECTION ( 'NONE',  ( -0.000000000000000000, -1.000000000000000000, -0.000000000000000000 ) ) ;
#8222 = CARTESIAN_POINT ( 'NONE',  ( -21.18771934077906138, 4.573863308494325430, -13.17156689968107841 ) ) ;
#8223 = ADVANCED_FACE ( 'NONE', ( #4251 ), #3472, .T. ) ;
#8224 = CARTESIAN_POINT ( 'NONE',  ( -10.69066340616468302, 4.169999999999999929, 20.51677218609426490 ) ) ;
#8225 = VERTEX_POINT ( 'NONE', #4080 ) ;
#8226 = CARTESIAN_POINT ( 'NONE',  ( 0.000000000000000000, 2.669999999999999929, -25.13500000000000512 ) ) ;
#8227 = ORIENTED_EDGE ( 'NONE', *, *, #5128, .T. ) ;
#8228 = CYLINDRICAL_SURFACE ( 'NONE', #2720, 1.000000000000000888 ) ;
#8229 = ORIENTED_EDGE ( 'NONE', *, *, #5252, .F. ) ;
#8230 = CARTESIAN_POINT ( 'NONE',  ( 0.000000000000000000, 4.670000000000000817, 23.63499999999999801 ) ) ;
#8231 = ADVANCED_FACE ( 'NONE', ( #5410 ), #2837, .T. ) ;
#8232 = DIRECTION ( 'NONE',  ( 0.000000000000000000, 0.000000000000000000, 1.000000000000000000 ) ) ;
#8233 = EDGE_CURVE ( 'NONE', #5541, #1663, #5068, .T. ) ;
#8234 = VERTEX_POINT ( 'NONE', #3057 ) ;
#8235 = CARTESIAN_POINT ( 'NONE',  ( 21.00847399957577366, 4.670000000000035456, 12.96327227449539521 ) ) ;
#8236 = FACE_OUTER_BOUND ( 'NONE', #7897, .T. ) ;
#8237 = LINE ( 'NONE', #1069, #754 ) ;
#8238 = CIRCLE ( 'NONE', #4566, 0.9000000000028429703 ) ;
#8239 = DIRECTION ( 'NONE',  ( -0.000000000000000000, -1.000000000000000000, -0.000000000000000000 ) ) ;
#8240 = B_SPLINE_CURVE_WITH_KNOTS ( 'NONE', 3,
 ( #1656, #8399, #5076, #7707 ),
 .UNSPECIFIED., .F., .F.,
 ( 4, 4 ),
 ( 0.0003136697347720433207, 0.0004831740570754515214 ),
 .UNSPECIFIED. ) ;
#8241 = DIRECTION ( 'NONE',  ( -0.000000000000000000, -1.000000000000000000, -0.000000000000000000 ) ) ;
#8242 = B_SPLINE_CURVE_WITH_KNOTS ( 'NONE', 3,
 ( #1606, #8235, #1427, #84 ),
 .UNSPECIFIED., .F., .F.,
 ( 4, 4 ),
 ( 0.0008558641057461183676, 0.001040910029776280976 ),
 .UNSPECIFIED. ) ;
#8243 = ORIENTED_EDGE ( 'NONE', *, *, #4828, .T. ) ;
#8244 = CARTESIAN_POINT ( 'NONE',  ( 0.000000000000000000, 0.000000000000000000, 0.000000000000000000 ) ) ;
#8245 = CARTESIAN_POINT ( 'NONE',  ( 11.82891209833689139, 4.649847419183624986, 21.76932090785539842 ) ) ;
#8246 = FACE_OUTER_BOUND ( 'NONE', #7585, .T. ) ;
#8247 = CARTESIAN_POINT ( 'NONE',  ( -11.98970151184123445, 4.670000000000000817, 19.76677218609432174 ) ) ;
#8248 = ADVANCED_FACE ( 'NONE', ( #2512 ), #4464, .T. ) ;
#8249 = DIRECTION ( 'NONE',  ( -0.8660254037844185016, 0.000000000000000000, 0.5000000000000350830 ) ) ;
#8250 = EDGE_CURVE ( 'NONE', #6870, #1953, #6934, .T. ) ;
#8251 = ORIENTED_EDGE ( 'NONE', *, *, #1784, .T. ) ;
#8252 = CARTESIAN_POINT ( 'NONE',  ( -26.99929124622104837, 4.669999999999999041, 16.85778397243937121 ) ) ;
#8253 = CARTESIAN_POINT ( 'NONE',  ( 26.37955034849441915, 4.615696297820598204, -16.10947718289870778 ) ) ;
#8254 = DIRECTION ( 'NONE',  ( -0.3187812165858973090, 0.000000000000000000, -0.9478283262025962719 ) ) ;
#8255 = VERTEX_POINT ( 'NONE', #4976 ) ;
#8256 = B_SPLINE_CURVE_WITH_KNOTS ( 'NONE', 3,
 ( #132, #173, #7264, #3303 ),
 .UNSPECIFIED., .F., .F.,
 ( 4, 4 ),
 ( 0.0002302718042587205123, 0.0004006657018461108784 ),
 .UNSPECIFIED. ) ;
#8257 = DIRECTION ( 'NONE',  ( 0.000000000000000000, 1.000000000000000000, 0.000000000000000000 ) ) ;
#8258 = EDGE_CURVE ( 'NONE', #6347, #4436, #3820, .T. ) ;
#8259 = EDGE_LOOP ( 'NONE', ( #366, #4923, #3153, #4574, #2331 ) ) ;
#8260 = EDGE_LOOP ( 'NONE', ( #5033, #4631, #3, #6533 ) ) ;
#8261 = FILL_AREA_STYLE ('',( #5664 ) ) ;
#8262 = DIRECTION ( 'NONE',  ( 0.000000000000000000, 1.000000000000000000, 0.000000000000000000 ) ) ;
#8263 = EDGE_LOOP ( 'NONE', ( #2931, #605, #3977, #1132 ) ) ;
#8264 = B_SPLINE_CURVE_WITH_KNOTS ( 'NONE', 3,
 ( #2001, #4603, #3157, #1281 ),
 .UNSPECIFIED., .F., .F.,
 ( 4, 4 ),
 ( 0.000000000000000000, 0.0001831339601470639703 ),
 .UNSPECIFIED. ) ;
#8265 = DIRECTION ( 'NONE',  ( 0.3187812165858832647, -0.000000000000000000, 0.9478283262026009348 ) ) ;
#8266 = ADVANCED_FACE ( 'NONE', ( #6326 ), #6969, .T. ) ;
#8267 = CARTESIAN_POINT ( 'NONE',  ( -21.12879883022020522, 4.649847419183842590, -12.93832888016915561 ) ) ;
#8268 = AXIS2_PLACEMENT_3D ( 'NONE', #4775, #6169, #1659 ) ;
#8269 = CARTESIAN_POINT ( 'NONE',  ( 12.87467732819653321, 4.670000000000000817, -21.29959526349177423 ) ) ;
#8270 = DIRECTION ( 'NONE',  ( -0.000000000000000000, -1.000000000000000000, -0.000000000000000000 ) ) ;
#8271 = VERTEX_POINT ( 'NONE', #6873 ) ;
#8272 = DIRECTION ( 'NONE',  ( 0.4999999999999957256, 0.000000000000000000, -0.8660254037844411501 ) ) ;
#8273 = VERTEX_POINT ( 'NONE', #7048 ) ;
#8274 = EDGE_CURVE ( 'NONE', #3670, #6256, #7624, .T. ) ;
#8275 = CARTESIAN_POINT ( 'NONE',  ( 7.802622764334147476, 4.670000000000000817, 15.51453906012027062 ) ) ;
#8276 = EDGE_LOOP ( 'NONE', ( #1366, #2244, #4319, #3341, #1976 ) ) ;
#8277 = CARTESIAN_POINT ( 'NONE',  ( 19.54609337417680237, 0.2384522345888532013, -12.37687273663022047 ) ) ;
#8278 = DIRECTION ( 'NONE',  ( -0.000000000000000000, 1.000000000000000000, -0.000000000000000000 ) ) ;
#8279 = VERTEX_POINT ( 'NONE', #5666 ) ;
#8280 = DIRECTION ( 'NONE',  ( 0.000000000000000000, 0.000000000000000000, 1.000000000000000000 ) ) ;
#8281 = DIRECTION ( 'NONE',  ( 0.000000000000000000, 0.000000000000000000, 1.000000000000000000 ) ) ;
#8282 = DIRECTION ( 'NONE',  ( -0.000000000000000000, -1.000000000000000000, -0.000000000000000000 ) ) ;
#8283 = EDGE_CURVE ( 'NONE', #6347, #552, #4930, .T. ) ;
#8284 = VECTOR ( 'NONE', #6027, 1000.000000000000227 ) ;
#8285 = FACE_OUTER_BOUND ( 'NONE', #6324, .T. ) ;
#8286 = ORIENTED_EDGE ( 'NONE', *, *, #2326, .T. ) ;
#8287 = LINE ( 'NONE', #8376, #1551 ) ;
#8288 = DIRECTION ( 'NONE',  ( 0.000000000000000000, 0.000000000000000000, 1.000000000000000000 ) ) ;
#8289 = DIRECTION ( 'NONE',  ( -0.8660254037844246078, -0.000000000000000000, 0.5000000000000242029 ) ) ;
#8290 = ORIENTED_EDGE ( 'NONE', *, *, #2623, .F. ) ;
#8291 = CARTESIAN_POINT ( 'NONE',  ( 0.000000000000000000, 2.669999999999999929, 0.000000000000000000 ) ) ;
#8292 = AXIS2_PLACEMENT_3D ( 'NONE', #5660, #2462, #2418 ) ;
#8293 = CARTESIAN_POINT ( 'NONE',  ( -21.15890326730182025, 4.624213390368685062, 13.05678493812949625 ) ) ;
#8294 = DIRECTION ( 'NONE',  ( -0.000000000000000000, -1.000000000000000000, -0.000000000000000000 ) ) ;
#8295 = VERTEX_POINT ( 'NONE', #6237 ) ;
#8296 = EDGE_CURVE ( 'NONE', #3291, #2802, #3138, .T. ) ;
#8297 = ORIENTED_EDGE ( 'NONE', *, *, #3725, .T. ) ;
#8298 = EDGE_CURVE ( 'NONE', #951, #432, #4338, .T. ) ;
#8299 = AXIS2_PLACEMENT_3D ( 'NONE', #7753, #5073, #7300 ) ;
#8300 = FACE_OUTER_BOUND ( 'NONE', #2907, .T. ) ;
#8301 = EDGE_LOOP ( 'NONE', ( #5180, #7696, #6405, #7771, #3757, #673, #5909 ) ) ;
#8302 = ORIENTED_EDGE ( 'NONE', *, *, #1546, .T. ) ;
#8303 = DIRECTION ( 'NONE',  ( -0.000000000000000000, -1.000000000000000000, -0.000000000000000000 ) ) ;
#8304 = DIRECTION ( 'NONE',  ( 0.000000000000000000, 1.000000000000000000, 0.000000000000000000 ) ) ;
#8305 = AXIS2_PLACEMENT_3D ( 'NONE', #3611, #8189, #3120 ) ;
#8306 = B_SPLINE_CURVE_WITH_KNOTS ( 'NONE', 3,
 ( #7365, #2394, #6079, #8103 ),
 .UNSPECIFIED., .F., .F.,
 ( 4, 4 ),
 ( 0.0002294575577219489686, 0.0004120090770018531006 ),
 .UNSPECIFIED. ) ;
#8307 = ORIENTED_EDGE ( 'NONE', *, *, #5654, .F. ) ;
#8308 = ADVANCED_FACE ( 'NONE', ( #6284 ), #3733, .F. ) ;
#8309 = VECTOR ( 'NONE', #5246, 1000.000000000000000 ) ;
#8310 = DIRECTION ( 'NONE',  ( -0.000000000000000000, -1.000000000000000000, -0.000000000000000000 ) ) ;
#8311 = CARTESIAN_POINT ( 'NONE',  ( -21.25031422186807362, 4.296427799499593192, -13.42357517473909567 ) ) ;
#8312 = DIRECTION ( 'NONE',  ( -2.312964634635740689E-15, 0.000000000000000000, 1.000000000000000000 ) ) ;
#8313 = CARTESIAN_POINT ( 'NONE',  ( 13.42357517473902817, 4.670000000000000817, 21.25031422186811625 ) ) ;
#8314 = CARTESIAN_POINT ( 'NONE',  ( 15.06371434019467692, 4.670000000000000817, 6.462191090617110056 ) ) ;
#8315 = ORIENTED_EDGE ( 'NONE', *, *, #4606, .T. ) ;
#8316 = CARTESIAN_POINT ( 'NONE',  ( -7.802622764334155470, 4.169999999999999929, -15.51453906012026529 ) ) ;
#8317 = VECTOR ( 'NONE', #4753, 1000.000000000000000 ) ;
#8318 = AXIS2_PLACEMENT_3D ( 'NONE', #246, #6569, #1497 ) ;
#8319 = EDGE_CURVE ( 'NONE', #1443, #2979, #7115, .T. ) ;
#8320 = EDGE_LOOP ( 'NONE', ( #760, #6321, #978, #233 ) ) ;
#8321 = CARTESIAN_POINT ( 'NONE',  ( 12.35573290100524346, 4.579182007017430500, -19.78804760607360080 ) ) ;
#8322 = VERTEX_POINT ( 'NONE', #4386 ) ;
#8323 = ORIENTED_EDGE ( 'NONE', *, *, #4288, .T. ) ;
#8324 = CARTESIAN_POINT ( 'NONE',  ( 13.21361467198523876, 4.463794414316891057, 9.706647230867087472 ) ) ;
#8325 = EDGE_LOOP ( 'NONE', ( #5486, #8243, #205, #6159, #5574, #1433, #909, #7852, #2102, #7270 ) ) ;
#8326 = DIRECTION ( 'NONE',  ( 0.000000000000000000, 1.000000000000000000, 0.000000000000000000 ) ) ;
#8327 = CARTESIAN_POINT ( 'NONE',  ( 0.000000000000000000, 0.000000000000000000, 0.000000000000000000 ) ) ;
#8328 = AXIS2_PLACEMENT_3D ( 'NONE', #3221, #4510, #3869 ) ;
#8329 = DIRECTION ( 'NONE',  ( 0.000000000000000000, 1.000000000000000000, 0.000000000000000000 ) ) ;
#8330 = VERTEX_POINT ( 'NONE', #6413 ) ;
#8331 = CARTESIAN_POINT ( 'NONE',  ( -11.69152436717025090, 4.169999999999999929, 22.25031422186807006 ) ) ;
#8332 = FACE_OUTER_BOUND ( 'NONE', #7941, .T. ) ;
#8333 = CARTESIAN_POINT ( 'NONE',  ( -10.77069089440142768, 4.410773209854097487, 20.54003290370764034 ) ) ;
#8334 = EDGE_CURVE ( 'NONE', #5830, #5503, #5197, .T. ) ;
#8335 = TOROIDAL_SURFACE ( 'NONE', #2754, 1.500000000000095479, 0.5000000000000000000 ) ;
#8336 = VECTOR ( 'NONE', #6422, 1000.000000000000000 ) ;
#8337 = ORIENTED_EDGE ( 'NONE', *, *, #1523, .T. ) ;
#8338 = CARTESIAN_POINT ( 'NONE',  ( 21.79556159152788197, 4.670000000000000817, -11.94709333246082750 ) ) ;
#8339 = CARTESIAN_POINT ( 'NONE',  ( -21.18771934077923547, 4.573863308493925750, 13.17156689968168592 ) ) ;
#8340 = DIRECTION ( 'NONE',  ( -0.8660254037844273833, 0.000000000000000000, -0.5000000000000195399 ) ) ;
#8341 = ORIENTED_EDGE ( 'NONE', *, *, #836, .F. ) ;
#8342 = VERTEX_POINT ( 'NONE', #5748 ) ;
#8343 = AXIS2_PLACEMENT_3D ( 'NONE', #238, #2813, #4693 ) ;
#8344 = B_SPLINE_CURVE_WITH_KNOTS ( 'NONE', 3,
 ( #6531, #7175, #104, #7097 ),
 .UNSPECIFIED., .F., .F.,
 ( 4, 4 ),
 ( 6.992893892674702526E-18, 0.0001831339601497089357 ),
 .UNSPECIFIED. ) ;
#8345 = CARTESIAN_POINT ( 'NONE',  ( 0.000000000000000000, 2.669999999999999929, 0.000000000000000000 ) ) ;
#8346 = ORIENTED_EDGE ( 'NONE', *, *, #7838, .T. ) ;
#8347 = EDGE_CURVE ( 'NONE', #2872, #8389, #3186, .T. ) ;
#8348 = ORIENTED_EDGE ( 'NONE', *, *, #184, .T. ) ;
#8349 = VERTEX_POINT ( 'NONE', #3945 ) ;
#8350 = ADVANCED_FACE ( 'NONE', ( #4511 ), #3668, .T. ) ;
#8351 = DIRECTION ( 'NONE',  ( 0.000000000000000000, 1.000000000000000000, 0.000000000000000000 ) ) ;
#8352 = DIRECTION ( 'NONE',  ( -0.000000000000000000, -1.000000000000000000, -0.000000000000000000 ) ) ;
#8353 = AXIS2_PLACEMENT_3D ( 'NONE', #2562, #3106, #611 ) ;
#8354 = EDGE_LOOP ( 'NONE', ( #1749, #1948, #991, #6044, #4622, #7836, #2447 ) ) ;
#8355 = ORIENTED_EDGE ( 'NONE', *, *, #2298, .T. ) ;
#8356 = CIRCLE ( 'NONE', #1525, 24.63500000000000512 ) ;
#8357 = DIRECTION ( 'NONE',  ( -1.000000000000000000, -0.000000000000000000, -6.921832167980893463E-15 ) ) ;
#8358 = DIRECTION ( 'NONE',  ( -0.000000000000000000, 1.000000000000000000, -0.000000000000000000 ) ) ;
#8359 = ADVANCED_FACE ( 'NONE', ( #6491 ), #5159, .F. ) ;
#8360 = PLANE ( 'NONE',  #6127 ) ;
#8361 = CARTESIAN_POINT ( 'NONE',  ( -13.66095511311924149, 0.000000000000000000, -27.64883365011757377 ) ) ;
#8362 = CARTESIAN_POINT ( 'NONE',  ( 15.88930831464762505, 4.670000000000000817, -26.52108929809668680 ) ) ;
#8363 = EDGE_LOOP ( 'NONE', ( #4808, #1181, #3674, #2077 ) ) ;
#8364 = DIRECTION ( 'NONE',  ( -0.000000000000000000, -1.000000000000000000, -0.000000000000000000 ) ) ;
#8365 = ORIENTED_EDGE ( 'NONE', *, *, #4314, .T. ) ;
#8366 = DIRECTION ( 'NONE',  ( 0.000000000000000000, 0.000000000000000000, 1.000000000000000000 ) ) ;
#8367 = ORIENTED_EDGE ( 'NONE', *, *, #5941, .T. ) ;
#8368 = CARTESIAN_POINT ( 'NONE',  ( -11.69152436717025090, 0.000000000000000000, 22.25031422186807006 ) ) ;
#8369 = DIRECTION ( 'NONE',  ( -0.000000000000000000, -1.000000000000000000, -0.000000000000000000 ) ) ;
#8370 = EDGE_CURVE ( 'NONE', #5779, #1418, #1388, .T. ) ;
#8371 = ORIENTED_EDGE ( 'NONE', *, *, #6129, .F. ) ;
#8372 = ORIENTED_EDGE ( 'NONE', *, *, #7928, .T. ) ;
#8373 = CARTESIAN_POINT ( 'NONE',  ( 0.000000000000000000, 0.000000000000000000, 0.000000000000000000 ) ) ;
#8374 = DIRECTION ( 'NONE',  ( 0.000000000000000000, 0.000000000000000000, -1.000000000000000000 ) ) ;
#8375 = EDGE_LOOP ( 'NONE', ( #7325, #2514, #3162, #6370, #2895 ) ) ;
#8376 = CARTESIAN_POINT ( 'NONE',  ( 9.534673571902963829, 4.169999999999999929, 14.51453906012032036 ) ) ;
#8377 = DIRECTION ( 'NONE',  ( -0.5000000000000229816, 0.000000000000000000, -0.8660254037844252739 ) ) ;
#8378 = LINE ( 'NONE', #6351, #313 ) ;
#8379 = CIRCLE ( 'NONE', #1693, 0.9000000000012973178 ) ;
#8380 = ORIENTED_EDGE ( 'NONE', *, *, #4471, .F. ) ;
#8381 = CARTESIAN_POINT ( 'NONE',  ( -7.962013372627205321, 4.169999999999999929, 15.04062489701891892 ) ) ;
#8382 = ORIENTED_EDGE ( 'NONE', *, *, #4402, .F. ) ;
#8383 = LINE ( 'NONE', #3213, #7605 ) ;
#8384 = CARTESIAN_POINT ( 'NONE',  ( -13.14945629045321596, 4.333109536613292789, -9.788077101349097475 ) ) ;
#8385 = CARTESIAN_POINT ( 'NONE',  ( -15.34319201611856442, 4.670000000000000817, 7.942841814093021036 ) ) ;
#8386 = VERTEX_POINT ( 'NONE', #6574 ) ;
#8387 = EDGE_CURVE ( 'NONE', #4150, #5779, #5947, .T. ) ;
#8388 = CARTESIAN_POINT ( 'NONE',  ( 10.77069089440168170, 4.410773209854664145, 20.54003290370782864 ) ) ;
#8389 = VERTEX_POINT ( 'NONE', #1951 ) ;
#8390 = VERTEX_POINT ( 'NONE', #5786 ) ;
#8391 = ORIENTED_EDGE ( 'NONE', *, *, #171, .T. ) ;
#8392 = CARTESIAN_POINT ( 'NONE',  ( -22.00077121315922568, 4.573863308494534152, 11.76331974752914888 ) ) ;
#8393 = DIRECTION ( 'NONE',  ( -0.5000000000000054401, -0.000000000000000000, 0.8660254037844353769 ) ) ;
#8394 = EDGE_LOOP ( 'NONE', ( #3567, #2094, #7722, #1940 ) ) ;
#8395 = EDGE_CURVE ( 'NONE', #1286, #6585, #7835, .T. ) ;
#8396 = EDGE_LOOP ( 'NONE', ( #3889, #2851, #6479, #4490 ) ) ;
#8397 = CARTESIAN_POINT ( 'NONE',  ( -12.00865192441160367, 4.670000000000000817, 21.79959526349032828 ) ) ;
#8398 =( BOUNDED_CURVE ( )  B_SPLINE_CURVE ( 3, ( #7944, #4230, #5474, #2217 ),
 .UNSPECIFIED., .F., .F. ) 
 B_SPLINE_CURVE_WITH_KNOTS ( ( 4, 4 ),
 ( 0.000000000000000000, 1.570796326794896558 ),
 .UNSPECIFIED. ) 
 CURVE ( )  GEOMETRIC_REPRESENTATION_ITEM ( )  RATIONAL_B_SPLINE_CURVE ( ( 1.000000000000000000, 0.8047378541243649375, 0.8047378541243649375, 1.000000000000000000 ) ) 
 REPRESENTATION_ITEM ( '' )  );
#8399 = CARTESIAN_POINT ( 'NONE',  ( -20.06373414448269799, 4.670000000000000817, 12.40124503023737645 ) ) ;
#8400 = CARTESIAN_POINT ( 'NONE',  ( 0.000000000000000000, 4.670000000000000817, -25.13500000000000512 ) ) ;
#8401 = ORIENTED_EDGE ( 'NONE', *, *, #4707, .F. ) ;
#8402 = CARTESIAN_POINT ( 'NONE',  ( -1.689999999999918012, 2.669999999999999929, -24.35665843275939579 ) ) ;
#8403 = DIRECTION ( 'NONE',  ( -0.9478283262025980482, 0.000000000000000000, 0.3187812165858919244 ) ) ;
#8404 = ORIENTED_EDGE ( 'NONE', *, *, #7180, .F. ) ;
#8405 = EDGE_CURVE ( 'NONE', #4932, #2667, #8344, .T. ) ;
#8406 = EDGE_CURVE ( 'NONE', #1362, #168, #3642, .T. ) ;
#8407 = CIRCLE ( 'NONE', #2125, 1.000000000000000888 ) ;
#8408 = CARTESIAN_POINT ( 'NONE',  ( -20.90152119364758221, 0.000000000000000000, -12.06749888762527867 ) ) ;
#8409 = DIRECTION ( 'NONE',  ( -0.000000000000000000, -1.000000000000000000, -0.000000000000000000 ) ) ;
#8410 = ORIENTED_EDGE ( 'NONE', *, *, #6903, .F. ) ;
#8411 = ORIENTED_EDGE ( 'NONE', *, *, #2200, .F. ) ;
#8412 = LINE ( 'NONE', #3365, #4847 ) ;
#8413 = ADVANCED_FACE ( 'NONE', ( #64 ), #3259, .T. ) ;
#8414 = DIRECTION ( 'NONE',  ( 0.4999999999999803491, -0.000000000000000000, 0.8660254037844500319 ) ) ;
#8415 = VECTOR ( 'NONE', #4718, 1000.000000000000114 ) ;
#8416 = VERTEX_POINT ( 'NONE', #5250 ) ;
#8417 = DIRECTION ( 'NONE',  ( -0.000000000000000000, -1.000000000000000000, -0.000000000000000000 ) ) ;
ENDSEC;
END-ISO-10303-21;
