ISO-10303-21;
HEADER;
FILE_DESCRIPTION (( 'STEP AP214' ),
    '1' );
FILE_NAME ('Front Mesh Piece.STEP',
    '2026-03-03T06:30:50',
    ( '' ),
    ( '' ),
    'SwSTEP 2.0',
    'SolidWorks 2025',
    '' );
FILE_SCHEMA (( 'AUTOMOTIVE_DESIGN' ));
ENDSEC;

DATA;
#1 = VERTEX_POINT ( 'NONE', #5702 ) ;
#2 = EDGE_CURVE ( 'NONE', #4532, #3212, #3051, .T. ) ;
#3 = LINE ( 'NONE', #1070, #5094 ) ;
#4 = CARTESIAN_POINT ( 'NONE',  ( 14.51453906012028305, 4.169999999999999929, -9.534673571903006462 ) ) ;
#5 = CARTESIAN_POINT ( 'NONE',  ( -10.69066340616468302, 4.251499961375350800, 20.51677218609426490 ) ) ;
#6 = DIRECTION ( 'NONE',  ( 0.000000000000000000, 0.000000000000000000, 1.000000000000000000 ) ) ;
#7 = ORIENTED_EDGE ( 'NONE', *, *, #3677, .T. ) ;
#8 = TOROIDAL_SURFACE ( 'NONE', #6283, 1.500000000000075495, 0.5000000000000000000 ) ;
#9 = DIRECTION ( 'NONE',  ( 0.8660254037844371533, -0.000000000000000000, 0.5000000000000027756 ) ) ;
#10 = EDGE_CURVE ( 'NONE', #5656, #1314, #1917, .T. ) ;
#11 = EDGE_CURVE ( 'NONE', #2352, #2862, #3080, .T. ) ;
#12 = VECTOR ( 'NONE', #824, 1000.000000000000000 ) ;
#13 = DIRECTION ( 'NONE',  ( -0.9802340172108793270, 0.000000000000000000, -0.1978415312886091793 ) ) ;
#14 = CARTESIAN_POINT ( 'NONE',  ( -15.11243137785124802, 4.670000000000000817, 28.02727341140145967 ) ) ;
#15 = DIRECTION ( 'NONE',  ( -0.8660254037844385966, 0.000000000000000000, 0.5000000000000002220 ) ) ;
#16 = DIRECTION ( 'NONE',  ( -0.3187812165858833202, 0.000000000000000000, -0.9478283262026010458 ) ) ;
#17 = ORIENTED_EDGE ( 'NONE', *, *, #2040, .F. ) ;
#18 = VECTOR ( 'NONE', #4251, 1000.000000000000000 ) ;
#19 = CARTESIAN_POINT ( 'NONE',  ( -15.51453906012018891, 4.670000000000000817, -7.802622764334316230 ) ) ;
#20 = VERTEX_POINT ( 'NONE', #912 ) ;
#21 = CARTESIAN_POINT ( 'NONE',  ( 28.11793264533343617, 4.610354908207105140, -14.81153126098174511 ) ) ;
#22 = LINE ( 'NONE', #5354, #1875 ) ;
#23 = CARTESIAN_POINT ( 'NONE',  ( -14.32924302029261554, 4.257905153788355435, -28.40193524064862274 ) ) ;
#24 = EDGE_LOOP ( 'NONE', ( #421, #5325, #1749, #200 ) ) ;
#25 = DIRECTION ( 'NONE',  ( -0.8660254037844273833, 0.000000000000000000, -0.5000000000000195399 ) ) ;
#26 = DIRECTION ( 'NONE',  ( 0.000000000000000000, 1.000000000000000000, 0.000000000000000000 ) ) ;
#27 = CARTESIAN_POINT ( 'NONE',  ( 17.45353882511010823, 4.218696708336184820, 26.59578445530155477 ) ) ;
#28 = ORIENTED_EDGE ( 'NONE', *, *, #2280, .T. ) ;
#29 = CIRCLE ( 'NONE', #6526, 24.63500000000000512 ) ;
#30 = CARTESIAN_POINT ( 'NONE',  ( -15.51453906012027062, 4.169999999999999929, 7.802622764334149252 ) ) ;
#31 = VERTEX_POINT ( 'NONE', #5079 ) ;
#32 = CARTESIAN_POINT ( 'NONE',  ( 9.786628109638535022, 4.335720409393083230, -13.15216528260752149 ) ) ;
#33 = EDGE_CURVE ( 'NONE', #6446, #3989, #6169, .T. ) ;
#34 = VECTOR ( 'NONE', #1851, 1000.000000000000227 ) ;
#35 = VERTEX_POINT ( 'NONE', #1985 ) ;
#36 = ORIENTED_EDGE ( 'NONE', *, *, #2354, .T. ) ;
#37 = ORIENTED_EDGE ( 'NONE', *, *, #2642, .F. ) ;
#38 = VECTOR ( 'NONE', #3942, 1000.000000000000114 ) ;
#39 = AXIS2_PLACEMENT_3D ( 'NONE', #3086, #3155, #2059 ) ;
#40 = CARTESIAN_POINT ( 'NONE',  ( 21.25031422186811980, 0.000000000000000000, -13.42357517473902107 ) ) ;
#41 = CARTESIAN_POINT ( 'NONE',  ( 9.224864364556331964, 4.670000000000000817, 5.325977924111742645 ) ) ;
#42 = EDGE_CURVE ( 'NONE', #3836, #5712, #3521, .T. ) ;
#43 = FACE_OUTER_BOUND ( 'NONE', #1751, .T. ) ;
#44 = CARTESIAN_POINT ( 'NONE',  ( -11.10645329366220935, 4.670000000000000817, 3.735411355654222110 ) ) ;
#45 = AXIS2_PLACEMENT_3D ( 'NONE', #1394, #771, #5564 ) ;
#46 = PLANE ( 'NONE',  #3021 ) ;
#47 = PRODUCT_DEFINITION_FORMATION_WITH_SPECIFIED_SOURCE ( 'ANY', '', #920, .NOT_KNOWN. ) ;
#48 = CARTESIAN_POINT ( 'NONE',  ( 9.534673571902946065, 4.169999999999999929, -14.51453906012031503 ) ) ;
#49 = CARTESIAN_POINT ( 'NONE',  ( 11.69152436717008925, 4.169999999999999929, -22.25031422186815178 ) ) ;
#50 = EDGE_CURVE ( 'NONE', #2043, #5113, #2532, .T. ) ;
#51 = LINE ( 'NONE', #980, #3567 ) ;
#52 = PLANE ( 'NONE',  #4657 ) ;
#53 = ORIENTED_EDGE ( 'NONE', *, *, #1233, .F. ) ;
#54 = CARTESIAN_POINT ( 'NONE',  ( 27.22477132445023784, 4.431292217823998847, -14.62613208313621094 ) ) ;
#55 = TOROIDAL_SURFACE ( 'NONE', #3010, 24.63500000000000512, 0.5000000000000000000 ) ;
#56 = VERTEX_POINT ( 'NONE', #5116 ) ;
#57 = DIRECTION ( 'NONE',  ( 0.8660254037844425934, -0.000000000000000000, 0.4999999999999931166 ) ) ;
#58 = FACE_OUTER_BOUND ( 'NONE', #4349, .T. ) ;
#59 = VECTOR ( 'NONE', #3170, 1000.000000000000000 ) ;
#60 = CARTESIAN_POINT ( 'NONE',  ( 12.32736295660702197, 4.633969980009438494, 19.90160601478452307 ) ) ;
#61 = VERTEX_POINT ( 'NONE', #1009 ) ;
#62 = ADVANCED_FACE ( 'NONE', ( #407 ), #2494, .T. ) ;
#63 = EDGE_CURVE ( 'NONE', #641, #628, #2117, .T. ) ;
#64 = CARTESIAN_POINT ( 'NONE',  ( 0.000000000000000000, 2.669999999999999929, 0.000000000000000000 ) ) ;
#65 = EDGE_LOOP ( 'NONE', ( #5417, #4547, #4505, #5234 ) ) ;
#66 = ORIENTED_EDGE ( 'NONE', *, *, #861, .F. ) ;
#67 = LINE ( 'NONE', #4302, #6183 ) ;
#68 = DIRECTION ( 'NONE',  ( 2.664535259100376091E-15, 0.000000000000000000, 1.000000000000000000 ) ) ;
#69 = VERTEX_POINT ( 'NONE', #4321 ) ;
#70 = AXIS2_PLACEMENT_3D ( 'NONE', #3006, #1190, #2263 ) ;
#71 = LINE ( 'NONE', #2582, #2045 ) ;
#72 = CARTESIAN_POINT ( 'NONE',  ( -19.51677218609426490, 4.251499961375349912, -12.42271421373352780 ) ) ;
#73 = B_SPLINE_CURVE_WITH_KNOTS ( 'NONE', 3,
 ( #1564, #578, #4743, #4195, #3194, #5680, #5188, #2673 ),
 .UNSPECIFIED., .F., .F.,
 ( 4, 2, 2, 4 ),
 ( -4.472608283819531314E-06, 0.0004676253585635874004, 0.0007036743419872908611, 0.0009397233254109943219 ),
 .UNSPECIFIED. ) ;
#74 = ORIENTED_EDGE ( 'NONE', *, *, #4137, .F. ) ;
#75 = ORIENTED_EDGE ( 'NONE', *, *, #33, .T. ) ;
#76 = VERTEX_POINT ( 'NONE', #5248 ) ;
#77 = AXIS2_PLACEMENT_3D ( 'NONE', #3070, #2652, #3040 ) ;
#78 = EDGE_CURVE ( 'NONE', #3461, #892, #2315, .T. ) ;
#79 = CARTESIAN_POINT ( 'NONE',  ( -14.60087070261881514, 4.670000000000000817, -9.007166899749515565 ) ) ;
#80 = VECTOR ( 'NONE', #4202, 1000.000000000000000 ) ;
#81 = CARTESIAN_POINT ( 'NONE',  ( 27.64883365011744587, 4.670000000000000817, 13.66095511311953281 ) ) ;
#82 = CYLINDRICAL_SURFACE ( 'NONE', #5871, 0.5000000000000000000 ) ;
#83 = DIRECTION ( 'NONE',  ( 0.000000000000000000, 0.000000000000000000, 1.000000000000000000 ) ) ;
#84 = EDGE_CURVE ( 'NONE', #4148, #4245, #1152, .T. ) ;
#85 = AXIS2_PLACEMENT_3D ( 'NONE', #3774, #1160, #2816 ) ;
#86 = CARTESIAN_POINT ( 'NONE',  ( 1.690000000000084324, 2.669999999999999929, -25.07812044392481710 ) ) ;
#87 = CARTESIAN_POINT ( 'NONE',  ( -27.22476184672174782, 4.431339364531985403, 14.62615092454270993 ) ) ;
#88 = DIRECTION ( 'NONE',  ( -0.8660254037844387076, -0.000000000000000000, 0.4999999999999998335 ) ) ;
#89 = DIRECTION ( 'NONE',  ( -0.5000000000000243139, 0.000000000000000000, -0.8660254037844247188 ) ) ;
#90 = ORIENTED_EDGE ( 'NONE', *, *, #5061, .F. ) ;
#91 = CARTESIAN_POINT ( 'NONE',  ( 27.24918328139932555, 4.169999999999999929, -14.57762276433428994 ) ) ;
#92 = EDGE_CURVE ( 'NONE', #805, #4532, #5402, .T. ) ;
#93 = CYLINDRICAL_SURFACE ( 'NONE', #3628, 25.13500000000000512 ) ;
#94 = CARTESIAN_POINT ( 'NONE',  ( 0.000000000000000000, 0.000000000000000000, 0.000000000000000000 ) ) ;
#95 = VERTEX_POINT ( 'NONE', #1045 ) ;
#96 = DIRECTION ( 'NONE',  ( 0.000000000000000000, 1.000000000000000000, 0.000000000000000000 ) ) ;
#97 = DIRECTION ( 'NONE',  ( -0.000000000000000000, -1.000000000000000000, 0.000000000000000000 ) ) ;
#98 = VERTEX_POINT ( 'NONE', #4769 ) ;
#99 = VERTEX_POINT ( 'NONE', #4186 ) ;
#100 = EDGE_CURVE ( 'NONE', #4048, #4117, #4522, .T. ) ;
#101 = EDGE_CURVE ( 'NONE', #5195, #6224, #4996, .T. ) ;
#102 = CARTESIAN_POINT ( 'NONE',  ( -12.37777340091429679, 4.512345469905874040, -19.69927413375871694 ) ) ;
#103 = FACE_OUTER_BOUND ( 'NONE', #2469, .T. ) ;
#104 = CARTESIAN_POINT ( 'NONE',  ( 9.703137650819078530, 4.466219825215041794, -13.22227520419641422 ) ) ;
#105 = DIRECTION ( 'NONE',  ( -0.5000000000000026645, -0.000000000000000000, -0.8660254037844372643 ) ) ;
#106 = ORIENTED_EDGE ( 'NONE', *, *, #5785, .T. ) ;
#107 = VERTEX_POINT ( 'NONE', #4256 ) ;
#108 = ORIENTED_EDGE ( 'NONE', *, *, #1861, .F. ) ;
#109 = LINE ( 'NONE', #2588, #1245 ) ;
#110 = FACE_OUTER_BOUND ( 'NONE', #1039, .T. ) ;
#111 = DIRECTION ( 'NONE',  ( -0.4999999999999445444, 0.000000000000000000, -0.8660254037844707931 ) ) ;
#112 = ORIENTED_EDGE ( 'NONE', *, *, #683, .T. ) ;
#113 = EDGE_CURVE ( 'NONE', #3237, #6419, #2204, .T. ) ;
#114 = DIRECTION ( 'NONE',  ( -0.000000000000000000, -1.000000000000000000, -0.000000000000000000 ) ) ;
#115 = DIRECTION ( 'NONE',  ( -0.1978415312886096233, 0.000000000000000000, -0.9802340172108792160 ) ) ;
#116 = DIRECTION ( 'NONE',  ( 0.000000000000000000, 0.000000000000000000, -1.000000000000000000 ) ) ;
#117 = CARTESIAN_POINT ( 'NONE',  ( 0.000000000000000000, 2.669999999999999929, 0.000000000000000000 ) ) ;
#118 = DIRECTION ( 'NONE',  ( 0.9478283262025980482, 0.000000000000000000, -0.3187812165858919244 ) ) ;
#119 = ORIENTED_EDGE ( 'NONE', *, *, #266, .T. ) ;
#120 = ADVANCED_FACE ( 'NONE', ( #3217 ), #6326, .T. ) ;
#121 = FACE_OUTER_BOUND ( 'NONE', #2360, .T. ) ;
#122 = DIRECTION ( 'NONE',  ( -0.000000000000000000, -1.000000000000000000, -0.000000000000000000 ) ) ;
#123 = DIRECTION ( 'NONE',  ( 0.8660254037844308250, -0.000000000000000000, -0.5000000000000134337 ) ) ;
#124 = VERTEX_POINT ( 'NONE', #1589 ) ;
#125 = CARTESIAN_POINT ( 'NONE',  ( 26.27898760532788813, 4.431292217824042368, 16.26427753762813566 ) ) ;
#126 = DIRECTION ( 'NONE',  ( -0.3187812165858939228, 0.000000000000000000, 0.9478283262025973821 ) ) ;
#127 = EDGE_LOOP ( 'NONE', ( #3405, #3085, #6068, #6652 ) ) ;
#128 = AXIS2_PLACEMENT_3D ( 'NONE', #4033, #5610, #6135 ) ;
#129 = EDGE_CURVE ( 'NONE', #600, #2649, #6227, .T. ) ;
#130 = DIRECTION ( 'NONE',  ( -0.5000000000000333067, 0.000000000000000000, -0.8660254037844195008 ) ) ;
#131 = VERTEX_POINT ( 'NONE', #6435 ) ;
#132 = AXIS2_PLACEMENT_3D ( 'NONE', #4853, #4339, #5924 ) ;
#133 = CARTESIAN_POINT ( 'NONE',  ( 7.802622764334153693, 4.670000000000000817, -15.51453906012027062 ) ) ;
#134 = CARTESIAN_POINT ( 'NONE',  ( -9.534673571902855471, 4.670000000000000817, -14.51453906012038431 ) ) ;
#135 = ORIENTED_EDGE ( 'NONE', *, *, #1626, .T. ) ;
#136 = CARTESIAN_POINT ( 'NONE',  ( 9.541557549138904193, 4.593556421797741152, 13.33239540754804153 ) ) ;
#137 = CARTESIAN_POINT ( 'NONE',  ( -26.59578445530214807, 4.169999999999999929, -17.45353882510841714 ) ) ;
#138 = EDGE_CURVE ( 'NONE', #6654, #2729, #3183, .T. ) ;
#139 = EDGE_CURVE ( 'NONE', #213, #6041, #2213, .T. ) ;
#140 = ORIENTED_EDGE ( 'NONE', *, *, #792, .T. ) ;
#141 = ORIENTED_EDGE ( 'NONE', *, *, #5953, .F. ) ;
#142 = ORIENTED_EDGE ( 'NONE', *, *, #6686, .T. ) ;
#143 = VECTOR ( 'NONE', #1303, 999.9999999999998863 ) ;
#144 = CIRCLE ( 'NONE', #3221, 25.13500000000000512 ) ;
#145 = AXIS2_PLACEMENT_3D ( 'NONE', #5517, #3938, #4903 ) ;
#146 = ADVANCED_FACE ( 'NONE', ( #5313 ), #2703, .T. ) ;
#147 = CARTESIAN_POINT ( 'NONE',  ( 15.51453906012024220, 4.670000000000000817, 7.802622764334208760 ) ) ;
#148 = CARTESIAN_POINT ( 'NONE',  ( -10.69066340616455335, 0.000000000000000000, -20.51677218609433240 ) ) ;
#149 = ORIENTED_EDGE ( 'NONE', *, *, #2116, .T. ) ;
#150 = CARTESIAN_POINT ( 'NONE',  ( 23.07319061161675577, 2.669999999999999929, 1.690000000000158042 ) ) ;
#151 = AXIS2_PLACEMENT_3D ( 'NONE', #3645, #1604, #420 ) ;
#152 = CIRCLE ( 'NONE', #5960, 1.500000000000001332 ) ;
#153 = CARTESIAN_POINT ( 'NONE',  ( 1.689999999999761249, 0.000000000000000000, 23.07319061161678064 ) ) ;
#154 = DIRECTION ( 'NONE',  ( -0.000000000000000000, -1.000000000000000000, -0.000000000000000000 ) ) ;
#155 = VECTOR ( 'NONE', #1627, 1000.000000000000000 ) ;
#156 = CARTESIAN_POINT ( 'NONE',  ( 16.26425990897035945, 4.431339364532004055, -26.27899918359956999 ) ) ;
#157 = CARTESIAN_POINT ( 'NONE',  ( -0.4330127018936373862, 4.169999999999999929, 0.2500000000007817080 ) ) ;
#158 = ORIENTED_EDGE ( 'NONE', *, *, #3038, .T. ) ;
#159 = FACE_OUTER_BOUND ( 'NONE', #5036, .T. ) ;
#160 = EDGE_CURVE ( 'NONE', #1087, #2229, #6729, .T. ) ;
#161 = CARTESIAN_POINT ( 'NONE',  ( -0.1058167759897411103, 4.670000000000000817, 0.1832800323074458559 ) ) ;
#162 = CARTESIAN_POINT ( 'NONE',  ( 13.35380174562972044, 4.594542826750662279, -9.535539968313692327 ) ) ;
#163 = ORIENTED_EDGE ( 'NONE', *, *, #996, .F. ) ;
#164 = AXIS2_PLACEMENT_3D ( 'NONE', #2953, #1880, #3527 ) ;
#165 = CARTESIAN_POINT ( 'NONE',  ( -9.316173154054572692, 4.669999999999999929, -14.55029879730522957 ) ) ;
#166 = CARTESIAN_POINT ( 'NONE',  ( -15.88930831464755578, 4.670000000000000817, -26.52108929809690352 ) ) ;
#167 = EDGE_LOOP ( 'NONE', ( #6296, #6829, #1786, #6109 ) ) ;
#168 = B_SPLINE_CURVE_WITH_KNOTS ( 'NONE', 3,
 ( #6345, #553, #1062, #5294, #455, #3136 ),
 .UNSPECIFIED., .F., .F.,
 ( 4, 2, 4 ),
 ( 0.000000000000000000, 0.0003908072650539737378, 0.0007816145301079474757 ),
 .UNSPECIFIED. ) ;
#169 = ORIENTED_EDGE ( 'NONE', *, *, #4118, .F. ) ;
#170 = VECTOR ( 'NONE', #4219, 1000.000000000000000 ) ;
#171 = EDGE_CURVE ( 'NONE', #2078, #2449, #370, .T. ) ;
#172 = DIRECTION ( 'NONE',  ( 0.000000000000000000, 1.000000000000000000, 0.000000000000000000 ) ) ;
#173 = DIRECTION ( 'NONE',  ( 0.000000000000000000, 1.000000000000000000, 0.000000000000000000 ) ) ;
#174 = DIRECTION ( 'NONE',  ( 0.000000000000000000, 1.000000000000000000, 0.000000000000000000 ) ) ;
#175 = ORIENTED_EDGE ( 'NONE', *, *, #5143, .T. ) ;
#176 = CARTESIAN_POINT ( 'NONE',  ( -10.69066340616468302, 0.000000000000000000, 20.51677218609426490 ) ) ;
#177 = CARTESIAN_POINT ( 'NONE',  ( -1.689999999999922231, 0.000000000000000000, -23.07319061161676998 ) ) ;
#178 = CIRCLE ( 'NONE', #4027, 1.000000000000000888 ) ;
#179 = EDGE_LOOP ( 'NONE', ( #3937, #3326, #6282, #1412 ) ) ;
#180 = VERTEX_POINT ( 'NONE', #6602 ) ;
#181 = EDGE_CURVE ( 'NONE', #131, #3847, #5414, .T. ) ;
#182 = DIRECTION ( 'NONE',  ( -0.5000000000000135447, 0.000000000000000000, -0.8660254037844309360 ) ) ;
#183 = CARTESIAN_POINT ( 'NONE',  ( -15.06371434019471423, 4.169999999999999929, 6.462191090617002587 ) ) ;
#184 = EDGE_LOOP ( 'NONE', ( #5164, #6059, #2920, #2723 ) ) ;
#185 = EDGE_LOOP ( 'NONE', ( #591, #6191, #6750, #2420, #1426 ) ) ;
#186 = ADVANCED_FACE ( 'NONE', ( #5007 ), #1762, .T. ) ;
#187 = CYLINDRICAL_SURFACE ( 'NONE', #4217, 0.4999999999999995004 ) ;
#188 = CARTESIAN_POINT ( 'NONE',  ( 0.000000000000000000, 2.669999999999999929, 0.000000000000000000 ) ) ;
#189 = CARTESIAN_POINT ( 'NONE',  ( 9.534673571902963829, 4.169999999999999929, 14.51453906012032036 ) ) ;
#190 = CARTESIAN_POINT ( 'NONE',  ( -7.802622764334260275, 2.669999999999999929, 15.51453906012021733 ) ) ;
#191 = CARTESIAN_POINT ( 'NONE',  ( 11.83967521388529320, 4.670000000000000817, 21.73172283367738444 ) ) ;
#192 = ORIENTED_EDGE ( 'NONE', *, *, #3809, .F. ) ;
#193 = CARTESIAN_POINT ( 'NONE',  ( 0.000000000000000000, 2.669999999999999929, 0.000000000000000000 ) ) ;
#194 = CIRCLE ( 'NONE', #2175, 14.99267480351038451 ) ;
#195 = CARTESIAN_POINT ( 'NONE',  ( 21.11932092462075516, 4.670000000000001705, -12.90038643502425408 ) ) ;
#196 = DIRECTION ( 'NONE',  ( -0.000000000000000000, -1.000000000000000000, -0.000000000000000000 ) ) ;
#197 = CYLINDRICAL_SURFACE ( 'NONE', #791, 21.18552803699880371 ) ;
#198 = VERTEX_POINT ( 'NONE', #1219 ) ;
#199 = ADVANCED_FACE ( 'NONE', ( #4870 ), #6391, .T. ) ;
#200 = ORIENTED_EDGE ( 'NONE', *, *, #3081, .F. ) ;
#201 = DIRECTION ( 'NONE',  ( -0.5000000000000002220, 0.000000000000000000, -0.8660254037844385966 ) ) ;
#202 = DIRECTION ( 'NONE',  ( 0.000000000000000000, 0.000000000000000000, 1.000000000000000000 ) ) ;
#203 = CARTESIAN_POINT ( 'NONE',  ( 19.51677218609430042, 4.670000000000000817, -12.42271421373347096 ) ) ;
#204 = ORIENTED_EDGE ( 'NONE', *, *, #6338, .F. ) ;
#205 = LINE ( 'NONE', #6556, #3141 ) ;
#206 = CARTESIAN_POINT ( 'NONE',  ( 7.802622764334147476, 4.670000000000000817, 15.51453906012027062 ) ) ;
#207 = ADVANCED_FACE ( 'NONE', ( #2389 ), #2257, .F. ) ;
#208 = ORIENTED_EDGE ( 'NONE', *, *, #3107, .T. ) ;
#209 = ORIENTED_EDGE ( 'NONE', *, *, #5699, .T. ) ;
#210 = VECTOR ( 'NONE', #5465, 1000.000000000000114 ) ;
#211 = DIRECTION ( 'NONE',  ( 0.4999999999999967248, -0.000000000000000000, -0.8660254037844405950 ) ) ;
#212 = DIRECTION ( 'NONE',  ( -0.000000000000000000, -1.000000000000000000, -0.000000000000000000 ) ) ;
#213 = VERTEX_POINT ( 'NONE', #2770 ) ;
#214 = ADVANCED_FACE ( 'NONE', ( #6468 ), #4493, .T. ) ;
#215 =( LENGTH_UNIT ( ) NAMED_UNIT ( * ) SI_UNIT ( .MILLI., .METRE. ) );
#216 = ORIENTED_EDGE ( 'NONE', *, *, #5899, .F. ) ;
#217 = DIRECTION ( 'NONE',  ( 0.9802340172108792160, -0.000000000000000000, 0.1978415312886091515 ) ) ;
#218 = CYLINDRICAL_SURFACE ( 'NONE', #3138, 0.5000000000000004441 ) ;
#219 = DIRECTION ( 'NONE',  ( -9.251858538542984844E-15, 0.000000000000000000, 1.000000000000000000 ) ) ;
#220 = CARTESIAN_POINT ( 'NONE',  ( -11.69152436717025090, 4.249933037358189836, 22.25031422186807362 ) ) ;
#221 = DIRECTION ( 'NONE',  ( -0.9802340172108806593, 0.000000000000000000, -0.1978415312886021293 ) ) ;
#222 = EDGE_LOOP ( 'NONE', ( #5097, #2031, #5225, #2926, #934, #6756 ) ) ;
#223 = VECTOR ( 'NONE', #122, 1000.000000000000000 ) ;
#224 = EDGE_CURVE ( 'NONE', #1529, #6831, #6067, .T. ) ;
#225 = EDGE_CURVE ( 'NONE', #1104, #3273, #4970, .T. ) ;
#226 = CARTESIAN_POINT ( 'NONE',  ( 25.07812044392483841, 2.669999999999999929, -1.689999999999826308 ) ) ;
#227 = VECTOR ( 'NONE', #3630, 1000.000000000000000 ) ;
#228 = CARTESIAN_POINT ( 'NONE',  ( -15.10087070261881337, 4.670000000000000817, 8.141141495965079855 ) ) ;
#229 = ORIENTED_EDGE ( 'NONE', *, *, #2744, .T. ) ;
#230 = CARTESIAN_POINT ( 'NONE',  ( 0.7047147867036782642, 4.670000000000000817, 1.220601815415767843 ) ) ;
#231 = FACE_OUTER_BOUND ( 'NONE', #2856, .T. ) ;
#232 = EDGE_LOOP ( 'NONE', ( #818, #3798, #5736, #5324 ) ) ;
#233 = CARTESIAN_POINT ( 'NONE',  ( 21.25031422186818020, 4.670000000000000817, 13.42357517473893225 ) ) ;
#234 = AXIS2_PLACEMENT_3D ( 'NONE', #5297, #5929, #625 ) ;
#235 = ORIENTED_EDGE ( 'NONE', *, *, #4597, .T. ) ;
#236 = PLANE ( 'NONE',  #2131 ) ;
#237 = CARTESIAN_POINT ( 'NONE',  ( 27.24918328139936463, 4.670000000000000817, 14.57762276433424908 ) ) ;
#238 = CARTESIAN_POINT ( 'NONE',  ( -9.044556563297415863, 4.169999999999999929, -14.41561829447607757 ) ) ;
#239 = VERTEX_POINT ( 'NONE', #2911 ) ;
#240 = CARTESIAN_POINT ( 'NONE',  ( -28.36347499358736357, 4.359059580096912967, 14.41177149135946856 ) ) ;
#241 = FACE_OUTER_BOUND ( 'NONE', #6610, .T. ) ;
#242 = ORIENTED_EDGE ( 'NONE', *, *, #92, .F. ) ;
#243 = ORIENTED_EDGE ( 'NONE', *, *, #2346, .F. ) ;
#244 = LINE ( 'NONE', #4588, #3118 ) ;
#245 = ADVANCED_FACE ( 'NONE', ( #1254 ), #6571, .F. ) ;
#246 = AXIS2_PLACEMENT_3D ( 'NONE', #4434, #2819, #4022 ) ;
#247 = DIRECTION ( 'NONE',  ( -0.000000000000000000, -1.000000000000000000, -0.000000000000000000 ) ) ;
#248 = CARTESIAN_POINT ( 'NONE',  ( -22.07956615522676813, 4.510107860417510217, 11.74074359305311077 ) ) ;
#249 = VERTEX_POINT ( 'NONE', #6048 ) ;
#250 = B_SPLINE_CURVE_WITH_KNOTS ( 'NONE', 3,
 ( #3471, #3922, #6027, #4990, #4951, #4440, #3991, #3850 ),
 .UNSPECIFIED., .F., .F.,
 ( 4, 2, 2, 4 ),
 ( -4.472647173595837790E-06, 0.0004764861553983007047, 0.0007169655566842487917, 0.0009574449579701968787 ),
 .UNSPECIFIED. ) ;
#251 = DIRECTION ( 'NONE',  ( 0.000000000000000000, 1.000000000000000000, 0.000000000000000000 ) ) ;
#252 = ORIENTED_EDGE ( 'NONE', *, *, #6549, .F. ) ;
#253 = AXIS2_PLACEMENT_3D ( 'NONE', #4908, #299, #5941 ) ;
#254 = B_SPLINE_CURVE_WITH_KNOTS ( 'NONE', 3,
 ( #2947, #2359, #6082, #5522, #1221, #5561, #804, #2391 ),
 .UNSPECIFIED., .F., .F.,
 ( 4, 2, 2, 4 ),
 ( -4.472608283820585870E-06, 0.0004676253585635921708, 0.0007036743419872963905, 0.0009397233254110007187 ),
 .UNSPECIFIED. ) ;
#255 = AXIS2_PLACEMENT_3D ( 'NONE', #5241, #3177, #3619 ) ;
#256 = CARTESIAN_POINT ( 'NONE',  ( -11.72397473881332353, 4.457215979362301184, -22.13789160359755215 ) ) ;
#257 = EDGE_CURVE ( 'NONE', #1765, #4654, #4192, .T. ) ;
#258 = CYLINDRICAL_SURFACE ( 'NONE', #724, 0.5000000000000005551 ) ;
#259 = LINE ( 'NONE', #1322, #5951 ) ;
#260 = CARTESIAN_POINT ( 'NONE',  ( 6.462191090617060318, 0.000000000000000000, 15.06371434019469113 ) ) ;
#261 = CARTESIAN_POINT ( 'NONE',  ( 11.79645412677232308, 4.633722113560349243, 21.88457823746914954 ) ) ;
#262 = EDGE_LOOP ( 'NONE', ( #2092, #5409, #975, #5826 ) ) ;
#263 = AXIS2_PLACEMENT_3D ( 'NONE', #3794, #3380, #5474 ) ;
#264 = CARTESIAN_POINT ( 'NONE',  ( 27.64883365011744587, 4.169999999999999929, 13.66095511311953281 ) ) ;
#265 = VECTOR ( 'NONE', #1801, 999.9999999999998863 ) ;
#266 = EDGE_CURVE ( 'NONE', #4610, #4790, #259, .T. ) ;
#267 = AXIS2_PLACEMENT_3D ( 'NONE', #2556, #465, #3046 ) ;
#268 = DIRECTION ( 'NONE',  ( 0.000000000000000000, 1.000000000000000000, 0.000000000000000000 ) ) ;
#269 = VERTEX_POINT ( 'NONE', #5974 ) ;
#270 = FACE_OUTER_BOUND ( 'NONE', #3146, .T. ) ;
#271 = CARTESIAN_POINT ( 'NONE',  ( -3.735411355654435717, 4.670000000000000817, 11.10645329366196066 ) ) ;
#272 = ORIENTED_EDGE ( 'NONE', *, *, #3720, .F. ) ;
#273 = AXIS2_PLACEMENT_3D ( 'NONE', #2675, #548, #4783 ) ;
#274 = FACE_OUTER_BOUND ( 'NONE', #4722, .T. ) ;
#275 = ORIENTED_EDGE ( 'NONE', *, *, #2415, .T. ) ;
#276 = AXIS2_PLACEMENT_3D ( 'NONE', #5552, #251, #4930 ) ;
#277 = EDGE_CURVE ( 'NONE', #6350, #6209, #1616, .T. ) ;
#278 = CARTESIAN_POINT ( 'NONE',  ( 27.14099165632323007, 4.615696297820623073, 14.79062215075756193 ) ) ;
#279 = CARTESIAN_POINT ( 'NONE',  ( -19.51677218609430398, 0.000000000000000000, 12.42271421373348339 ) ) ;
#280 = AXIS2_PLACEMENT_3D ( 'NONE', #2495, #2983, #1986 ) ;
#281 = FACE_OUTER_BOUND ( 'NONE', #344, .T. ) ;
#282 = ORIENTED_EDGE ( 'NONE', *, *, #1607, .F. ) ;
#283 = CARTESIAN_POINT ( 'NONE',  ( 6.728925952921328779, 4.670000000000000817, -11.65484163083434233 ) ) ;
#284 = CARTESIAN_POINT ( 'NONE',  ( 0.000000000000000000, 0.000000000000000000, 0.000000000000000000 ) ) ;
#285 = ORIENTED_EDGE ( 'NONE', *, *, #3477, .F. ) ;
#286 = AXIS2_PLACEMENT_3D ( 'NONE', #2974, #2871, #6674 ) ;
#287 = CARTESIAN_POINT ( 'NONE',  ( 13.59914968310600436, 4.670000000000000817, -9.209345172432076509 ) ) ;
#288 = DIRECTION ( 'NONE',  ( 0.000000000000000000, 1.000000000000000000, 0.000000000000000000 ) ) ;
#289 = ORIENTED_EDGE ( 'NONE', *, *, #895, .T. ) ;
#290 = DIRECTION ( 'NONE',  ( 0.000000000000000000, 0.000000000000000000, 1.000000000000000000 ) ) ;
#291 = EDGE_LOOP ( 'NONE', ( #1995, #6088, #2599, #2173, #5477 ) ) ;
#292 = EDGE_CURVE ( 'NONE', #326, #2508, #3289, .T. ) ;
#293 = CARTESIAN_POINT ( 'NONE',  ( 9.324346740046516757, 4.169999999999999929, -13.02935805303692440 ) ) ;
#294 = CARTESIAN_POINT ( 'NONE',  ( 9.007166899749455169, 4.670000000000000817, 14.60087070261887732 ) ) ;
#295 =( BOUNDED_CURVE ( )  B_SPLINE_CURVE ( 3, ( #2219, #3803, #1728, #48 ),
 .UNSPECIFIED., .F., .T. ) 
 B_SPLINE_CURVE_WITH_KNOTS ( ( 4, 4 ),
 ( 4.712388980384689674, 6.283185307179586232 ),
 .UNSPECIFIED. ) 
 CURVE ( )  GEOMETRIC_REPRESENTATION_ITEM ( )  RATIONAL_B_SPLINE_CURVE ( ( 1.000000000000000000, 0.8047378541243649375, 0.8047378541243649375, 1.000000000000000000 ) ) 
 REPRESENTATION_ITEM ( '' )  );
#296 = CARTESIAN_POINT ( 'NONE',  ( -7.056435552109441289, 4.670000000000000817, 12.22210489659291888 ) ) ;
#297 = CARTESIAN_POINT ( 'NONE',  ( 14.57762276433414961, 4.670000000000000817, -27.24918328139941792 ) ) ;
#298 = CARTESIAN_POINT ( 'NONE',  ( 21.58014108603129344, 4.670000000000000817, 11.88194999598063184 ) ) ;
#299 = DIRECTION ( 'NONE',  ( 0.000000000000000000, 1.000000000000000000, 0.000000000000000000 ) ) ;
#300 = VERTEX_POINT ( 'NONE', #5139 ) ;
#301 = DIRECTION ( 'NONE',  ( 0.000000000000000000, 0.000000000000000000, 1.000000000000000000 ) ) ;
#302 = EDGE_CURVE ( 'NONE', #5083, #4757, #3517, .T. ) ;
#303 = CARTESIAN_POINT ( 'NONE',  ( -7.129484880843363293, 4.670000000000000817, 14.76062224451690774 ) ) ;
#304 = ORIENTED_EDGE ( 'NONE', *, *, #3171, .T. ) ;
#305 = DIRECTION ( 'NONE',  ( 0.000000000000000000, 0.000000000000000000, -1.000000000000000000 ) ) ;
#306 = CARTESIAN_POINT ( 'NONE',  ( -16.30967357190301925, 0.000000000000000000, 26.24918328139941082 ) ) ;
#307 = VERTEX_POINT ( 'NONE', #6675 ) ;
#308 = VECTOR ( 'NONE', #314, 1000.000000000000227 ) ;
#309 = EDGE_CURVE ( 'NONE', #527, #3592, #1449, .T. ) ;
#310 = EDGE_LOOP ( 'NONE', ( #5995, #4924, #3813, #6054 ) ) ;
#311 = DIRECTION ( 'NONE',  ( 0.1978415312886145916, 0.000000000000000000, -0.9802340172108782168 ) ) ;
#312 = CARTESIAN_POINT ( 'NONE',  ( 14.51453906012028305, 4.169999999999999929, -9.534673571903006462 ) ) ;
#313 = AXIS2_PLACEMENT_3D ( 'NONE', #1364, #5566, #1843 ) ;
#314 = DIRECTION ( 'NONE',  ( 0.9802340172108804373, -0.000000000000000000, -0.1978415312886027955 ) ) ;
#315 = ORIENTED_EDGE ( 'NONE', *, *, #6699, .T. ) ;
#316 = CARTESIAN_POINT ( 'NONE',  ( -26.24918328139954937, 4.302146110896791775, 16.30967357190281319 ) ) ;
#317 = CARTESIAN_POINT ( 'NONE',  ( -13.42357517473900685, 4.169999999999999929, 21.25031422186814822 ) ) ;
#318 = EDGE_CURVE ( 'NONE', #6377, #4782, #6070, .T. ) ;
#319 = ORIENTED_EDGE ( 'NONE', *, *, #4308, .F. ) ;
#320 = EDGE_CURVE ( 'NONE', #3362, #3768, #5109, .T. ) ;
#321 = B_SPLINE_CURVE_WITH_KNOTS ( 'NONE', 3,
 ( #1122, #195, #6368, #1631, #5320, #3739, #5845, #5946 ),
 .UNSPECIFIED., .F., .F.,
 ( 4, 2, 2, 4 ),
 ( -4.472608283817129975E-06, 0.0004676253585635865330, 0.0007036743419872922706, 0.0009397233254109980082 ),
 .UNSPECIFIED. ) ;
#322 = CARTESIAN_POINT ( 'NONE',  ( -15.06371434019463784, 4.169999999999999929, -6.462191090617205091 ) ) ;
#323 = CARTESIAN_POINT ( 'NONE',  ( 26.90113142586756823, 4.615426134628755506, 17.00510456187402752 ) ) ;
#324 = ORIENTED_EDGE ( 'NONE', *, *, #3730, .T. ) ;
#325 = VECTOR ( 'NONE', #1744, 1000.000000000000227 ) ;
#326 = VERTEX_POINT ( 'NONE', #2486 ) ;
#327 = CARTESIAN_POINT ( 'NONE',  ( -12.90762276433431666, 0.000000000000000000, 24.35665843275929632 ) ) ;
#328 = DIRECTION ( 'NONE',  ( -0.4999999999999996669, 0.000000000000000000, -0.8660254037844388186 ) ) ;
#329 = DIRECTION ( 'NONE',  ( 0.000000000000000000, 0.000000000000000000, 1.000000000000000000 ) ) ;
#330 = LINE ( 'NONE', #5168, #890 ) ;
#331 = PLANE ( 'NONE',  #5206 ) ;
#332 = DIRECTION ( 'NONE',  ( 0.8660254037844196118, -0.000000000000000000, -0.5000000000000328626 ) ) ;
#333 = ORIENTED_EDGE ( 'NONE', *, *, #3066, .T. ) ;
#334 = DIRECTION ( 'NONE',  ( -0.000000000000000000, -1.000000000000000000, -0.000000000000000000 ) ) ;
#335 = CIRCLE ( 'NONE', #4181, 10.60655127071745341 ) ;
#336 = DIRECTION ( 'NONE',  ( -0.000000000000000000, -1.000000000000000000, -0.000000000000000000 ) ) ;
#337 = DIRECTION ( 'NONE',  ( 0.000000000000000000, 1.000000000000000000, 0.000000000000000000 ) ) ;
#338 = VECTOR ( 'NONE', #5550, 1000.000000000000000 ) ;
#339 = ADVANCED_FACE ( 'NONE', ( #3487 ), #8, .T. ) ;
#340 = CARTESIAN_POINT ( 'NONE',  ( -28.41310023613407765, 4.169999999999999929, -14.30585555931155461 ) ) ;
#341 = DIRECTION ( 'NONE',  ( 0.9478283262025932743, -0.000000000000000000, 0.3187812165859060798 ) ) ;
#342 = ORIENTED_EDGE ( 'NONE', *, *, #4085, .T. ) ;
#343 = CARTESIAN_POINT ( 'NONE',  ( -14.51453906012026884, 4.462893218813452911, -9.534673571903027778 ) ) ;
#344 = EDGE_LOOP ( 'NONE', ( #1740, #5067, #515, #5771 ) ) ;
#345 = DIRECTION ( 'NONE',  ( 0.3187812165858771030, 0.000000000000000000, -0.9478283262026030442 ) ) ;
#346 = LINE ( 'NONE', #6193, #1198 ) ;
#347 = DIRECTION ( 'NONE',  ( 0.4999999999999992784, 0.000000000000000000, -0.8660254037844390407 ) ) ;
#348 = VERTEX_POINT ( 'NONE', #4628 ) ;
#349 = ADVANCED_FACE ( 'NONE', ( #6115 ), #3453, .T. ) ;
#350 = DIRECTION ( 'NONE',  ( -0.000000000000000000, -1.000000000000000000, -0.000000000000000000 ) ) ;
#351 = PLANE ( 'NONE',  #128 ) ;
#352 = ORIENTED_EDGE ( 'NONE', *, *, #5258, .T. ) ;
#353 = VECTOR ( 'NONE', #6235, 1000.000000000000114 ) ;
#354 = EDGE_CURVE ( 'NONE', #4785, #6629, #903, .T. ) ;
#355 = CARTESIAN_POINT ( 'NONE',  ( 26.59578445530209123, 4.216629355300448800, 17.45353882510861965 ) ) ;
#356 = ORIENTED_EDGE ( 'NONE', *, *, #3625, .T. ) ;
#357 = ORIENTED_EDGE ( 'NONE', *, *, #5744, .F. ) ;
#358 = FACE_OUTER_BOUND ( 'NONE', #5634, .T. ) ;
#359 = CARTESIAN_POINT ( 'NONE',  ( 14.98760873548039108, 4.515017694013313765, 6.652701947445529562 ) ) ;
#360 = ADVANCED_FACE ( 'NONE', ( #869 ), #2010, .T. ) ;
#361 = CARTESIAN_POINT ( 'NONE',  ( 17.11411476945192689, 4.169999999999999929, -25.65515099297916990 ) ) ;
#362 = CARTESIAN_POINT ( 'NONE',  ( -26.72334945647615001, 4.445907774358971665, -17.27400797135012311 ) ) ;
#363 = DIRECTION ( 'NONE',  ( 0.5000000000000333067, 0.000000000000000000, 0.8660254037844193897 ) ) ;
#364 = FACE_OUTER_BOUND ( 'NONE', #495, .T. ) ;
#365 = ORIENTED_EDGE ( 'NONE', *, *, #5333, .T. ) ;
#366 = CARTESIAN_POINT ( 'NONE',  ( -14.51453906012035233, 2.669999999999999929, 9.534673571902905209 ) ) ;
#367 = AXIS2_PLACEMENT_3D ( 'NONE', #884, #4989, #5055 ) ;
#368 = VECTOR ( 'NONE', #221, 1000.000000000000114 ) ;
#369 = DIRECTION ( 'NONE',  ( -0.000000000000000000, -1.000000000000000000, 0.000000000000000000 ) ) ;
#370 = LINE ( 'NONE', #1836, #6623 ) ;
#371 = AXIS2_PLACEMENT_3D ( 'NONE', #4229, #1053, #5708 ) ;
#372 = CARTESIAN_POINT ( 'NONE',  ( -9.814463748651876429, 4.169999999999999929, -13.12827881868129687 ) ) ;
#373 = DIRECTION ( 'NONE',  ( 0.000000000000000000, 0.000000000000000000, 1.000000000000000000 ) ) ;
#374 = ORIENTED_EDGE ( 'NONE', *, *, #1267, .F. ) ;
#375 = CARTESIAN_POINT ( 'NONE',  ( -14.55029879730511055, 4.669999999999999929, -9.316173154054743222 ) ) ;
#376 = EDGE_LOOP ( 'NONE', ( #2817, #2061, #304, #4318 ) ) ;
#377 = CIRCLE ( 'NONE', #2695, 23.13499999999999801 ) ;
#378 = ADVANCED_FACE ( 'NONE', ( #5662 ), #3588, .T. ) ;
#379 = AXIS2_PLACEMENT_3D ( 'NONE', #746, #882, #850 ) ;
#380 = CARTESIAN_POINT ( 'NONE',  ( 15.51453906012023332, 4.670000000000000817, -7.802622764334209648 ) ) ;
#381 = CARTESIAN_POINT ( 'NONE',  ( 0.000000000000000000, 4.169999999999999929, 24.63500000000000512 ) ) ;
#382 = FACE_OUTER_BOUND ( 'NONE', #6525, .T. ) ;
#383 = EDGE_LOOP ( 'NONE', ( #3830, #732, #1334, #6731 ) ) ;
#384 = CARTESIAN_POINT ( 'NONE',  ( -26.45082627711348877, 4.669999999999978613, 15.99902080798754156 ) ) ;
#385 = CARTESIAN_POINT ( 'NONE',  ( -27.64883365011752758, 4.670000000000000817, 15.16095511311941380 ) ) ;
#386 = ORIENTED_EDGE ( 'NONE', *, *, #2490, .F. ) ;
#387 = EDGE_CURVE ( 'NONE', #3206, #5712, #330, .T. ) ;
#388 = CIRCLE ( 'NONE', #1261, 21.18552803699882148 ) ;
#389 = ORIENTED_EDGE ( 'NONE', *, *, #976, .T. ) ;
#390 = VECTOR ( 'NONE', #6780, 1000.000000000000000 ) ;
#391 = AXIS2_PLACEMENT_3D ( 'NONE', #538, #1591, #5147 ) ;
#392 = DIRECTION ( 'NONE',  ( -0.000000000000000000, -1.000000000000000000, -0.000000000000000000 ) ) ;
#393 = ORIENTED_EDGE ( 'NONE', *, *, #2822, .T. ) ;
#394 = ORIENTED_EDGE ( 'NONE', *, *, #3411, .F. ) ;
#395 = EDGE_CURVE ( 'NONE', #4427, #6766, #4412, .T. ) ;
#396 = AXIS2_PLACEMENT_3D ( 'NONE', #1835, #3420, #329 ) ;
#397 = CARTESIAN_POINT ( 'NONE',  ( -15.06371434019471423, 2.669999999999999929, 6.462191090617002587 ) ) ;
#398 = CARTESIAN_POINT ( 'NONE',  ( 14.76909577243501737, 4.670000000000000817, 7.154679118664633464 ) ) ;
#399 = DIRECTION ( 'NONE',  ( -0.000000000000000000, -1.000000000000000000, -0.000000000000000000 ) ) ;
#400 = CARTESIAN_POINT ( 'NONE',  ( -14.30585555931143382, 2.669999999999999929, 28.41310023613409186 ) ) ;
#401 = CYLINDRICAL_SURFACE ( 'NONE', #2244, 0.5000000000000006661 ) ;
#402 = ORIENTED_EDGE ( 'NONE', *, *, #4518, .F. ) ;
#403 = VECTOR ( 'NONE', #6164, 1000.000000000000000 ) ;
#404 = DIRECTION ( 'NONE',  ( -0.000000000000000000, -1.000000000000000000, -0.000000000000000000 ) ) ;
#405 = EDGE_CURVE ( 'NONE', #3744, #5912, #461, .T. ) ;
#406 = CARTESIAN_POINT ( 'NONE',  ( -10.69066340616454447, 4.251499961375351688, -20.51677218609433595 ) ) ;
#407 = FACE_OUTER_BOUND ( 'NONE', #2894, .T. ) ;
#408 = CYLINDRICAL_SURFACE ( 'NONE', #1474, 23.31046236190299936 ) ;
#409 = CARTESIAN_POINT ( 'NONE',  ( 27.24918328139932555, 0.000000000000000000, -14.57762276433428994 ) ) ;
#410 = EDGE_LOOP ( 'NONE', ( #1192, #1683, #4417, #1939 ) ) ;
#411 = LINE ( 'NONE', #4084, #5759 ) ;
#412 = ORIENTED_EDGE ( 'NONE', *, *, #5272, .T. ) ;
#413 = CARTESIAN_POINT ( 'NONE',  ( 28.02574294746106887, 4.670000000000001705, -14.96989890422228697 ) ) ;
#414 = DIRECTION ( 'NONE',  ( 0.000000000000000000, 1.000000000000000000, 0.000000000000000000 ) ) ;
#415 = CARTESIAN_POINT ( 'NONE',  ( -13.42357517473897666, 4.249933037358190724, -21.25031422186815888 ) ) ;
#416 = EDGE_LOOP ( 'NONE', ( #1670, #6119, #953, #652 ) ) ;
#417 = DIRECTION ( 'NONE',  ( 0.000000000000000000, 0.000000000000000000, 1.000000000000000000 ) ) ;
#418 = CARTESIAN_POINT ( 'NONE',  ( -16.85021082916629354, 4.670000000000000817, -26.99721341390780438 ) ) ;
#419 = EDGE_CURVE ( 'NONE', #1127, #3618, #1390, .T. ) ;
#420 = DIRECTION ( 'NONE',  ( 0.000000000000000000, 0.000000000000000000, -1.000000000000000000 ) ) ;
#421 = ORIENTED_EDGE ( 'NONE', *, *, #113, .F. ) ;
#422 = AXIS2_PLACEMENT_3D ( 'NONE', #5057, #4030, #1960 ) ;
#423 = EDGE_CURVE ( 'NONE', #3476, #5195, #1884, .T. ) ;
#424 = CARTESIAN_POINT ( 'NONE',  ( 27.64883365011744587, 4.169999999999999929, 13.66095511311953281 ) ) ;
#425 = ORIENTED_EDGE ( 'NONE', *, *, #2195, .F. ) ;
#426 = ORIENTED_EDGE ( 'NONE', *, *, #5395, .F. ) ;
#427 = LINE ( 'NONE', #327, #3444 ) ;
#428 = FACE_OUTER_BOUND ( 'NONE', #5371, .T. ) ;
#429 = DIRECTION ( 'NONE',  ( 0.000000000000000000, 1.000000000000000000, 0.000000000000000000 ) ) ;
#430 = EDGE_CURVE ( 'NONE', #6504, #1348, #2630, .T. ) ;
#431 = CARTESIAN_POINT ( 'NONE',  ( -10.69066340616468302, 4.169999999999999929, 20.51677218609426490 ) ) ;
#432 = CARTESIAN_POINT ( 'NONE',  ( -20.51677218609422937, 4.670000000000000817, -10.69066340616475586 ) ) ;
#433 = ORIENTED_EDGE ( 'NONE', *, *, #4096, .T. ) ;
#434 = FILL_AREA_STYLE_COLOUR ( '', #1363 ) ;
#435 = LINE ( 'NONE', #3149, #390 ) ;
#436 = CARTESIAN_POINT ( 'NONE',  ( -26.24918328139936463, 4.670000000000000817, -16.30967357190309741 ) ) ;
#437 = EDGE_CURVE ( 'NONE', #69, #1397, #3297, .T. ) ;
#438 = ADVANCED_FACE ( 'NONE', ( #3309 ), #3340, .T. ) ;
#439 = FACE_OUTER_BOUND ( 'NONE', #725, .T. ) ;
#440 = CARTESIAN_POINT ( 'NONE',  ( 23.07319061161677354, 2.669999999999999929, -1.689999999999841851 ) ) ;
#441 = EDGE_LOOP ( 'NONE', ( #2479, #790, #3443, #3557 ) ) ;
#442 = CARTESIAN_POINT ( 'NONE',  ( 0.000000000000000000, 0.000000000000000000, 0.000000000000000000 ) ) ;
#443 = VERTEX_POINT ( 'NONE', #4277 ) ;
#444 = DIRECTION ( 'NONE',  ( -0.5000000000000229816, 0.000000000000000000, -0.8660254037844252739 ) ) ;
#445 = CARTESIAN_POINT ( 'NONE',  ( 12.42271421373332174, 4.251499517985664944, -19.51677218609440345 ) ) ;
#446 = DIRECTION ( 'NONE',  ( -0.000000000000000000, -1.000000000000000000, -0.000000000000000000 ) ) ;
#447 = ORIENTED_EDGE ( 'NONE', *, *, #4871, .F. ) ;
#448 = EDGE_CURVE ( 'NONE', #1372, #6786, #4345, .T. ) ;
#449 = CARTESIAN_POINT ( 'NONE',  ( -16.85639623181460323, 4.670000000000000817, 27.01031519832817906 ) ) ;
#450 = CARTESIAN_POINT ( 'NONE',  ( 20.51677218609433950, 4.169999999999999929, -10.69066340616453914 ) ) ;
#451 = CARTESIAN_POINT ( 'NONE',  ( -13.25109339843889877, 4.510107860417511105, 21.20756528851678624 ) ) ;
#452 = CIRCLE ( 'NONE', #5021, 23.13500000000000156 ) ;
#453 = ORIENTED_EDGE ( 'NONE', *, *, #6106, .F. ) ;
#454 = B_SPLINE_CURVE_WITH_KNOTS ( 'NONE', 3,
 ( #3402, #4028, #278, #3534, #1816, #5605 ),
 .UNSPECIFIED., .F., .F.,
 ( 4, 2, 4 ),
 ( -1.477143756511539504E-05, 0.0003797396612299379685, 0.0007742507600249912744 ),
 .UNSPECIFIED. ) ;
#455 = CARTESIAN_POINT ( 'NONE',  ( -27.08097159395391884, 4.670000000000007923, -14.90757710307759432 ) ) ;
#456 = ORIENTED_EDGE ( 'NONE', *, *, #3586, .F. ) ;
#457 = ORIENTED_EDGE ( 'NONE', *, *, #1861, .T. ) ;
#458 = EDGE_CURVE ( 'NONE', #5630, #307, #2318, .T. ) ;
#459 = CARTESIAN_POINT ( 'NONE',  ( 14.30585555931259556, 4.216821172972164966, 28.41310023613311131 ) ) ;
#460 = B_SPLINE_CURVE_WITH_KNOTS ( 'NONE', 3,
 ( #298, #4494, #2390, #1323, #3390, #6532, #1872, #767 ),
 .UNSPECIFIED., .F., .F.,
 ( 4, 2, 2, 4 ),
 ( -4.472608283822307888E-06, 0.0004676253585635797567, 0.0007036743419872855485, 0.0009397233254109913945 ),
 .UNSPECIFIED. ) ;
#461 = LINE ( 'NONE', #5559, #1760 ) ;
#462 = CARTESIAN_POINT ( 'NONE',  ( -17.45353882510847399, 2.669999999999999929, 26.59578445530220847 ) ) ;
#463 = FACE_OUTER_BOUND ( 'NONE', #6692, .T. ) ;
#464 = ORIENTED_EDGE ( 'NONE', *, *, #430, .F. ) ;
#465 = DIRECTION ( 'NONE',  ( 0.000000000000000000, 1.000000000000000000, 0.000000000000000000 ) ) ;
#466 = VECTOR ( 'NONE', #2268, 1000.000000000000000 ) ;
#467 = ADVANCED_FACE ( 'NONE', ( #4307 ), #3203, .T. ) ;
#468 = DIRECTION ( 'NONE',  ( -0.000000000000000000, -1.000000000000000000, -0.000000000000000000 ) ) ;
#469 = DIRECTION ( 'NONE',  ( -0.000000000000000000, -1.000000000000000000, -0.000000000000000000 ) ) ;
#470 = DIRECTION ( 'NONE',  ( 0.000000000000000000, 1.000000000000000000, 0.000000000000000000 ) ) ;
#471 = DIRECTION ( 'NONE',  ( 0.000000000000000000, 0.000000000000000000, -1.000000000000000000 ) ) ;
#472 = ORIENTED_EDGE ( 'NONE', *, *, #3800, .T. ) ;
#473 = VECTOR ( 'NONE', #2598, 1000.000000000000000 ) ;
#474 = LINE ( 'NONE', #5179, #6094 ) ;
#475 = ORIENTED_EDGE ( 'NONE', *, *, #3969, .F. ) ;
#476 = ADVANCED_FACE ( 'NONE', ( #2179 ), #5368, .F. ) ;
#477 = VECTOR ( 'NONE', #6396, 1000.000000000000000 ) ;
#478 = CARTESIAN_POINT ( 'NONE',  ( 28.24372676341500110, 4.483385181039933443, -14.59579490332971830 ) ) ;
#479 = CARTESIAN_POINT ( 'NONE',  ( 12.37777382791798253, 4.512344096653369441, -19.69927240983301431 ) ) ;
#480 = AXIS2_PLACEMENT_3D ( 'NONE', #2731, #5204, #2692 ) ;
#481 = CARTESIAN_POINT ( 'NONE',  ( 12.24786802263152197, 4.670000000000000817, 20.21392969959578423 ) ) ;
#482 = ORIENTED_EDGE ( 'NONE', *, *, #2040, .T. ) ;
#483 = FACE_OUTER_BOUND ( 'NONE', #4688, .T. ) ;
#484 = DIRECTION ( 'NONE',  ( -0.5000000000000057732, 0.000000000000000000, 0.8660254037844353769 ) ) ;
#485 = PLANE ( 'NONE',  #5981 ) ;
#486 = ORIENTED_EDGE ( 'NONE', *, *, #84, .T. ) ;
#487 = AXIS2_PLACEMENT_3D ( 'NONE', #4811, #1735, #3771 ) ;
#488 = ADVANCED_FACE ( 'NONE', ( #1643 ), #2792, .F. ) ;
#489 = EDGE_CURVE ( 'NONE', #5604, #99, #2828, .T. ) ;
#490 = AXIS2_PLACEMENT_3D ( 'NONE', #5830, #3827, #6387 ) ;
#491 = VERTEX_POINT ( 'NONE', #177 ) ;
#492 = VECTOR ( 'NONE', #6502, 1000.000000000000000 ) ;
#493 = LINE ( 'NONE', #4792, #1270 ) ;
#494 = ORIENTED_EDGE ( 'NONE', *, *, #395, .T. ) ;
#495 = EDGE_LOOP ( 'NONE', ( #5774, #1180, #389, #2066 ) ) ;
#496 = DIRECTION ( 'NONE',  ( 0.000000000000000000, 0.000000000000000000, -1.000000000000000000 ) ) ;
#497 = AXIS2_PLACEMENT_3D ( 'NONE', #914, #2433, #305 ) ;
#498 = DIRECTION ( 'NONE',  ( 0.000000000000000000, 1.000000000000000000, 0.000000000000000000 ) ) ;
#499 = DIRECTION ( 'NONE',  ( 0.000000000000000000, 1.000000000000000000, 0.000000000000000000 ) ) ;
#500 = ORIENTED_EDGE ( 'NONE', *, *, #4517, .F. ) ;
#501 = CARTESIAN_POINT ( 'NONE',  ( 6.462191090617059430, 4.169999999999999929, 15.06371434019469113 ) ) ;
#502 = CIRCLE ( 'NONE', #6330, 1.500000000000001332 ) ;
#503 = CARTESIAN_POINT ( 'NONE',  ( 22.25031422186815533, 4.169999999999999929, -11.69152436717009103 ) ) ;
#504 = CARTESIAN_POINT ( 'NONE',  ( 0.000000000000000000, 2.669999999999999929, 0.000000000000000000 ) ) ;
#505 = AXIS2_PLACEMENT_3D ( 'NONE', #2207, #6309, #5266 ) ;
#506 = DIRECTION ( 'NONE',  ( 0.000000000000000000, 0.000000000000000000, 1.000000000000000000 ) ) ;
#507 = PLANE ( 'NONE',  #5964 ) ;
#508 = ORIENTED_EDGE ( 'NONE', *, *, #6607, .F. ) ;
#509 = ADVANCED_FACE ( 'NONE', ( #3788 ), #5896, .F. ) ;
#510 = LINE ( 'NONE', #6157, #4222 ) ;
#511 = ORIENTED_EDGE ( 'NONE', *, *, #2380, .F. ) ;
#512 = FACE_OUTER_BOUND ( 'NONE', #2712, .T. ) ;
#513 = CARTESIAN_POINT ( 'NONE',  ( 27.64883365011742811, 0.000000000000000000, -13.66095511311952748 ) ) ;
#514 = CARTESIAN_POINT ( 'NONE',  ( -14.79609198143982418, 4.615026163794705205, -28.17249783765889148 ) ) ;
#515 = ORIENTED_EDGE ( 'NONE', *, *, #6550, .T. ) ;
#516 =( BOUNDED_CURVE ( )  B_SPLINE_CURVE ( 3, ( #4690, #6797, #2581, #2074 ),
 .UNSPECIFIED., .F., .T. ) 
 B_SPLINE_CURVE_WITH_KNOTS ( ( 4, 4 ),
 ( 0.000000000000000000, 1.570796326794896558 ),
 .UNSPECIFIED. ) 
 CURVE ( )  GEOMETRIC_REPRESENTATION_ITEM ( )  RATIONAL_B_SPLINE_CURVE ( ( 1.000000000000000000, 0.8047378541243649375, 0.8047378541243649375, 1.000000000000000000 ) ) 
 REPRESENTATION_ITEM ( '' )  );
#517 = CARTESIAN_POINT ( 'NONE',  ( -26.37959333286764263, 4.615749189755412374, -16.10941082093341237 ) ) ;
#518 = CARTESIAN_POINT ( 'NONE',  ( -13.21782464288135017, 4.465027379695382770, 9.704826454897395038 ) ) ;
#519 = EDGE_CURVE ( 'NONE', #3378, #3362, #5841, .T. ) ;
#520 = CARTESIAN_POINT ( 'NONE',  ( -13.39702377693209812, 4.326913764429927589, 21.24377210742677136 ) ) ;
#521 = ORIENTED_EDGE ( 'NONE', *, *, #3215, .F. ) ;
#522 = AXIS2_PLACEMENT_3D ( 'NONE', #5723, #1001, #5242 ) ;
#523 = CARTESIAN_POINT ( 'NONE',  ( 10.69066340616454092, 4.169999999999999929, 20.51677218609433950 ) ) ;
#524 = CARTESIAN_POINT ( 'NONE',  ( 0.000000000000000000, 4.169999999999999929, 0.000000000000000000 ) ) ;
#525 = EDGE_CURVE ( 'NONE', #6005, #4772, #2208, .T. ) ;
#526 = EDGE_CURVE ( 'NONE', #4984, #3512, #2766, .T. ) ;
#527 = VERTEX_POINT ( 'NONE', #3718 ) ;
#528 = VERTEX_POINT ( 'NONE', #2686 ) ;
#529 = ORIENTED_EDGE ( 'NONE', *, *, #5045, .F. ) ;
#530 = CARTESIAN_POINT ( 'NONE',  ( 14.51453906012028305, 4.462893218813452023, 9.534673571902995803 ) ) ;
#531 = CARTESIAN_POINT ( 'NONE',  ( -6.462191090617162459, 4.169999999999999929, 15.06371434019465383 ) ) ;
#532 = CARTESIAN_POINT ( 'NONE',  ( 14.41014416672512510, 4.359789601032733941, -28.36559297193494444 ) ) ;
#533 = LINE ( 'NONE', #5868, #1787 ) ;
#534 = ORIENTED_EDGE ( 'NONE', *, *, #2280, .F. ) ;
#535 = CARTESIAN_POINT ( 'NONE',  ( -11.98970151184123445, 4.670000000000000817, 19.76677218609432174 ) ) ;
#536 = PLANE ( 'NONE',  #3025 ) ;
#537 = CARTESIAN_POINT ( 'NONE',  ( -14.40955787412014111, 4.359977144861057141, 28.36630616034391039 ) ) ;
#538 = CARTESIAN_POINT ( 'NONE',  ( -17.11411476945210453, 0.000000000000000000, 25.65515099297905266 ) ) ;
#539 = DIRECTION ( 'NONE',  ( 0.5000000000000002220, 0.000000000000000000, 0.8660254037844384856 ) ) ;
#540 = ORIENTED_EDGE ( 'NONE', *, *, #1469, .T. ) ;
#541 = CARTESIAN_POINT ( 'NONE',  ( -25.65515099297898871, 4.169999999999999929, -17.11411476945219334 ) ) ;
#542 = VERTEX_POINT ( 'NONE', #4858 ) ;
#543 = EDGE_CURVE ( 'NONE', #1385, #897, #3240, .T. ) ;
#544 = CARTESIAN_POINT ( 'NONE',  ( -6.589803460301776994, 4.463736390173076884, -15.01298587829449005 ) ) ;
#545 = DIRECTION ( 'NONE',  ( -0.000000000000000000, -1.000000000000000000, -0.000000000000000000 ) ) ;
#546 = CARTESIAN_POINT ( 'NONE',  ( -26.64355153773236040, 4.328892217995179870, 17.38517022497448039 ) ) ;
#547 = ORIENTED_EDGE ( 'NONE', *, *, #2548, .F. ) ;
#548 = DIRECTION ( 'NONE',  ( 0.000000000000000000, 1.000000000000000000, 0.000000000000000000 ) ) ;
#549 = CARTESIAN_POINT ( 'NONE',  ( 3.735411355654004062, 4.670000000000000817, -11.10645329366287726 ) ) ;
#550 = CARTESIAN_POINT ( 'NONE',  ( -7.802622764334261163, 4.462893218813452911, 15.51453906012021733 ) ) ;
#551 = VERTEX_POINT ( 'NONE', #6379 ) ;
#552 = EDGE_CURVE ( 'NONE', #559, #3714, #2725, .T. ) ;
#553 = CARTESIAN_POINT ( 'NONE',  ( -27.24918328139926871, 4.302146110896762465, -14.57762276433443205 ) ) ;
#554 = ORIENTED_EDGE ( 'NONE', *, *, #526, .T. ) ;
#555 = DIRECTION ( 'NONE',  ( 0.000000000000000000, 1.000000000000000000, 0.000000000000000000 ) ) ;
#556 = AXIS2_PLACEMENT_3D ( 'NONE', #3262, #5844, #3223 ) ;
#557 = ORIENTED_EDGE ( 'NONE', *, *, #2606, .T. ) ;
#558 = VERTEX_POINT ( 'NONE', #6661 ) ;
#559 = VERTEX_POINT ( 'NONE', #3440 ) ;
#560 = EDGE_CURVE ( 'NONE', #6605, #4739, #3506, .T. ) ;
#561 = CARTESIAN_POINT ( 'NONE',  ( 26.24918328139943213, 0.000000000000000000, 16.30967357190298017 ) ) ;
#562 = CARTESIAN_POINT ( 'NONE',  ( -16.30967357190301925, 4.169999999999999929, 26.24918328139941082 ) ) ;
#563 = CARTESIAN_POINT ( 'NONE',  ( -11.38184261884714843, 4.670000000000000817, 20.71392969959574160 ) ) ;
#564 = CARTESIAN_POINT ( 'NONE',  ( 28.37743940660045183, 4.328797553474535320, 14.38171218215467562 ) ) ;
#565 = VECTOR ( 'NONE', #6454, 1000.000000000000000 ) ;
#566 = FACE_OUTER_BOUND ( 'NONE', #2284, .T. ) ;
#567 = EDGE_CURVE ( 'NONE', #1, #3913, #1742, .T. ) ;
#568 = CIRCLE ( 'NONE', #6295, 25.13500000000000512 ) ;
#569 = DIRECTION ( 'NONE',  ( -0.000000000000000000, -1.000000000000000000, -0.000000000000000000 ) ) ;
#570 = DIRECTION ( 'NONE',  ( -0.000000000000000000, -1.000000000000000000, 0.000000000000000000 ) ) ;
#571 = CARTESIAN_POINT ( 'NONE',  ( -21.25031422186807362, 4.670000000000000817, -13.42357517473909390 ) ) ;
#572 = DIRECTION ( 'NONE',  ( -0.000000000000000000, -1.000000000000000000, -0.000000000000000000 ) ) ;
#573 = ORIENTED_EDGE ( 'NONE', *, *, #4791, .T. ) ;
#574 = CARTESIAN_POINT ( 'NONE',  ( 27.24918328139932555, 4.302122217144067839, -14.57762276433428994 ) ) ;
#575 = EDGE_LOOP ( 'NONE', ( #6438, #5152, #1823, #6488, #5001, #4031, #2235, #5134, #5405, #4435, #1032, #3569, #2314, #1699, #74, #3416, #3740, #4232, #1422, #5900, #374, #4886, #5727, #3400, #216, #90, #1512, #3410, #5351, #6156 ) ) ;
#576 = CYLINDRICAL_SURFACE ( 'NONE', #5303, 0.5000000000000000000 ) ;
#577 = DIRECTION ( 'NONE',  ( -0.8660254037844392627, 0.000000000000000000, -0.4999999999999988343 ) ) ;
#578 = CARTESIAN_POINT ( 'NONE',  ( 21.11932092462018673, 4.669999999999998153, 12.90038643502432336 ) ) ;
#579 = ORIENTED_EDGE ( 'NONE', *, *, #6338, .T. ) ;
#580 = DIRECTION ( 'NONE',  ( 0.000000000000000000, 0.000000000000000000, -1.000000000000000000 ) ) ;
#581 = CARTESIAN_POINT ( 'NONE',  ( -9.814463748652045183, 4.169999999999999929, 13.12827881868116009 ) ) ;
#582 = EDGE_CURVE ( 'NONE', #1238, #95, #2411, .T. ) ;
#583 = EDGE_LOOP ( 'NONE', ( #394, #6261, #2760, #4921 ) ) ;
#584 = CIRCLE ( 'NONE', #5527, 16.18118721290257866 ) ;
#585 = TOROIDAL_SURFACE ( 'NONE', #255, 1.500000000000032196, 0.5000000000000000000 ) ;
#586 = CARTESIAN_POINT ( 'NONE',  ( 0.000000000000000000, 0.000000000000000000, 0.000000000000000000 ) ) ;
#587 = VERTEX_POINT ( 'NONE', #5998 ) ;
#588 = FACE_OUTER_BOUND ( 'NONE', #3929, .T. ) ;
#589 = CARTESIAN_POINT ( 'NONE',  ( -7.802622764334155470, 4.670000000000000817, -15.51453906012026529 ) ) ;
#590 = TOROIDAL_SURFACE ( 'NONE', #2795, 23.63499999999999801, 0.5000000000000000000 ) ;
#591 = ORIENTED_EDGE ( 'NONE', *, *, #92, .T. ) ;
#592 = ADVANCED_FACE ( 'NONE', ( #241 ), #5509, .T. ) ;
#593 = VERTEX_POINT ( 'NONE', #385 ) ;
#594 = EDGE_LOOP ( 'NONE', ( #4208, #2971, #4205, #2865, #6406, #1258 ) ) ;
#595 = VECTOR ( 'NONE', #4046, 1000.000000000000000 ) ;
#596 = VECTOR ( 'NONE', #4803, 1000.000000000000227 ) ;
#597 = CARTESIAN_POINT ( 'NONE',  ( -21.15831712486988891, 4.633723619367145830, 13.05436989839732220 ) ) ;
#598 = DIRECTION ( 'NONE',  ( -0.4999999999999945044, 0.000000000000000000, -0.8660254037844418162 ) ) ;
#599 = PLANE ( 'NONE',  #910 ) ;
#600 = VERTEX_POINT ( 'NONE', #2445 ) ;
#601 = EDGE_CURVE ( 'NONE', #3864, #1676, #3926, .T. ) ;
#602 = DIRECTION ( 'NONE',  ( 0.000000000000000000, 0.000000000000000000, -1.000000000000000000 ) ) ;
#603 = FACE_OUTER_BOUND ( 'NONE', #2308, .T. ) ;
#604 = CARTESIAN_POINT ( 'NONE',  ( -1.725477202014698008, 0.000000000000000000, -2.988614181191272756 ) ) ;
#605 = CARTESIAN_POINT ( 'NONE',  ( 23.07319061161677354, 2.669999999999999929, -1.689999999999841851 ) ) ;
#606 = FACE_OUTER_BOUND ( 'NONE', #3987, .T. ) ;
#607 = VERTEX_POINT ( 'NONE', #3407 ) ;
#608 = EDGE_CURVE ( 'NONE', #4782, #6446, #4513, .T. ) ;
#609 = AXIS2_PLACEMENT_3D ( 'NONE', #3320, #5413, #3868 ) ;
#610 = EDGE_CURVE ( 'NONE', #657, #4958, #4408, .T. ) ;
#611 = CYLINDRICAL_SURFACE ( 'NONE', #2245, 0.5000000000000006661 ) ;
#612 = VECTOR ( 'NONE', #6774, 1000.000000000000000 ) ;
#613 = FACE_OUTER_BOUND ( 'NONE', #3329, .T. ) ;
#614 = TOROIDAL_SURFACE ( 'NONE', #4464, 24.63500000000000512, 0.5000000000000000000 ) ;
#615 = CARTESIAN_POINT ( 'NONE',  ( 19.76677218609431108, 0.000000000000000000, -11.98970151184125932 ) ) ;
#616 = EDGE_LOOP ( 'NONE', ( #5739, #5299, #1280, #986 ) ) ;
#617 = DIRECTION ( 'NONE',  ( 0.9802340172108795491, 0.000000000000000000, -0.1978415312886077360 ) ) ;
#618 = CARTESIAN_POINT ( 'NONE',  ( 27.64883365011742811, 0.000000000000000000, -13.66095511311952748 ) ) ;
#619 = ORIENTED_EDGE ( 'NONE', *, *, #1932, .T. ) ;
#620 = VERTEX_POINT ( 'NONE', #2341 ) ;
#621 = CARTESIAN_POINT ( 'NONE',  ( -24.35665843275938514, 2.669999999999999929, -1.689999999999996838 ) ) ;
#622 = CARTESIAN_POINT ( 'NONE',  ( 27.64883365011744587, 4.169999999999999929, 14.66095511311953459 ) ) ;
#623 = ORIENTED_EDGE ( 'NONE', *, *, #6734, .F. ) ;
#624 = DIRECTION ( 'NONE',  ( 0.000000000000000000, 0.000000000000000000, 1.000000000000000000 ) ) ;
#625 = DIRECTION ( 'NONE',  ( -0.8660254037844196118, 0.000000000000000000, 0.5000000000000328626 ) ) ;
#626 = ORIENTED_EDGE ( 'NONE', *, *, #1077, .T. ) ;
#627 = ORIENTED_EDGE ( 'NONE', *, *, #4057, .F. ) ;
#628 = VERTEX_POINT ( 'NONE', #6517 ) ;
#629 = CIRCLE ( 'NONE', #77, 25.13500000000000512 ) ;
#630 = DIRECTION ( 'NONE',  ( 0.000000000000000000, 1.000000000000000000, 0.000000000000000000 ) ) ;
#631 = ADVANCED_FACE ( 'NONE', ( #4549 ), #6101, .F. ) ;
#632 = DIRECTION ( 'NONE',  ( -0.3187812165858947000, 0.000000000000000000, -0.9478283262025970490 ) ) ;
#633 = CARTESIAN_POINT ( 'NONE',  ( 27.64883365011742811, 4.169999999999999929, -14.66095511311957722 ) ) ;
#634 = LINE ( 'NONE', #4764, #1142 ) ;
#635 = VECTOR ( 'NONE', #336, 1000.000000000000000 ) ;
#636 = EDGE_CURVE ( 'NONE', #6356, #5149, #3960, .T. ) ;
#637 = DIRECTION ( 'NONE',  ( 0.8660254037844393737, 0.000000000000000000, 0.4999999999999988898 ) ) ;
#638 = CARTESIAN_POINT ( 'NONE',  ( 11.88194999598064605, 4.670000000000000817, -21.58014108603128633 ) ) ;
#639 = CARTESIAN_POINT ( 'NONE',  ( 13.66095511311944222, 4.670000000000000817, 27.64883365011748140 ) ) ;
#640 = DIRECTION ( 'NONE',  ( -0.000000000000000000, -1.000000000000000000, 0.000000000000000000 ) ) ;
#641 = VERTEX_POINT ( 'NONE', #1857 ) ;
#642 = FACE_OUTER_BOUND ( 'NONE', #2965, .T. ) ;
#643 = EDGE_CURVE ( 'NONE', #5942, #5819, #1547, .T. ) ;
#644 = DIRECTION ( 'NONE',  ( 0.1978415312886037114, 0.000000000000000000, -0.9802340172108802152 ) ) ;
#645 = EDGE_CURVE ( 'NONE', #5977, #4191, #568, .T. ) ;
#646 = DIRECTION ( 'NONE',  ( 2.312964634635740689E-15, 0.000000000000000000, 1.000000000000000000 ) ) ;
#647 = EDGE_LOOP ( 'NONE', ( #3198, #3285, #1328, #4015 ) ) ;
#648 = CARTESIAN_POINT ( 'NONE',  ( 19.51677218609436437, 0.000000000000000000, 12.42271421373338747 ) ) ;
#649 = CARTESIAN_POINT ( 'NONE',  ( -9.486000039694728159, 4.633361796401752386, 13.36898989568885554 ) ) ;
#650 = ORIENTED_EDGE ( 'NONE', *, *, #5979, .F. ) ;
#651 = AXIS2_PLACEMENT_3D ( 'NONE', #4003, #5035, #2448 ) ;
#652 = ORIENTED_EDGE ( 'NONE', *, *, #3596, .F. ) ;
#653 = EDGE_CURVE ( 'NONE', #6383, #620, #3995, .T. ) ;
#654 = LINE ( 'NONE', #2754, #2439 ) ;
#655 = EDGE_CURVE ( 'NONE', #3292, #3864, #2437, .T. ) ;
#656 = CARTESIAN_POINT ( 'NONE',  ( 0.000000000000000000, 4.169999999999999929, 0.000000000000000000 ) ) ;
#657 = VERTEX_POINT ( 'NONE', #859 ) ;
#658 = CARTESIAN_POINT ( 'NONE',  ( 9.216711472603771327, 4.670000000000000817, 13.56265230077034012 ) ) ;
#659 = CARTESIAN_POINT ( 'NONE',  ( 1.689999999999747704, 2.669999999999999929, 24.35665843275940645 ) ) ;
#660 = VERTEX_POINT ( 'NONE', #2963 ) ;
#661 = ORIENTED_EDGE ( 'NONE', *, *, #5395, .T. ) ;
#662 = ORIENTED_EDGE ( 'NONE', *, *, #4005, .F. ) ;
#663 = CARTESIAN_POINT ( 'NONE',  ( 0.000000000000000000, 4.169999999999999929, 0.000000000000000000 ) ) ;
#664 = LINE ( 'NONE', #730, #4284 ) ;
#665 = VERTEX_POINT ( 'NONE', #5060 ) ;
#666 = CARTESIAN_POINT ( 'NONE',  ( -19.51677218609430753, 4.251499961375349912, 12.42271421373348161 ) ) ;
#667 = ADVANCED_FACE ( 'NONE', ( #1409 ), #351, .F. ) ;
#668 = AXIS2_PLACEMENT_3D ( 'NONE', #3905, #3941, #4936 ) ;
#669 = CARTESIAN_POINT ( 'NONE',  ( -15.51453906012018891, 4.169999999999999929, -7.802622764334316230 ) ) ;
#670 = DIRECTION ( 'NONE',  ( 0.000000000000000000, 1.000000000000000000, 0.000000000000000000 ) ) ;
#671 = CARTESIAN_POINT ( 'NONE',  ( -11.72397473881345853, 4.457215979362298519, 22.13789160359747754 ) ) ;
#672 = CARTESIAN_POINT ( 'NONE',  ( 26.88576877463414050, 4.610017929496597944, -16.94570768435172070 ) ) ;
#673 = ORIENTED_EDGE ( 'NONE', *, *, #1991, .F. ) ;
#674 = FACE_OUTER_BOUND ( 'NONE', #1637, .T. ) ;
#675 = ADVANCED_FACE ( 'NONE', ( #2996 ), #5091, .T. ) ;
#676 = AXIS2_PLACEMENT_3D ( 'NONE', #5041, #943, #2552 ) ;
#677 = CARTESIAN_POINT ( 'NONE',  ( -14.62613208313624291, 4.431292217823978419, 27.22477132445020942 ) ) ;
#678 = DIRECTION ( 'NONE',  ( -0.000000000000000000, -1.000000000000000000, -0.000000000000000000 ) ) ;
#679 = ORIENTED_EDGE ( 'NONE', *, *, #1476, .F. ) ;
#680 = CYLINDRICAL_SURFACE ( 'NONE', #1694, 12.97090984906004607 ) ;
#681 = CARTESIAN_POINT ( 'NONE',  ( -9.657616337446009780, 4.512846188154687965, 13.24463277685535978 ) ) ;
#682 = VERTEX_POINT ( 'NONE', #4585 ) ;
#683 = EDGE_CURVE ( 'NONE', #56, #1127, #5180, .T. ) ;
#684 = ORIENTED_EDGE ( 'NONE', *, *, #2713, .T. ) ;
#685 = CIRCLE ( 'NONE', #3533, 18.28105443885429793 ) ;
#686 = DIRECTION ( 'NONE',  ( 0.000000000000000000, 0.000000000000000000, -1.000000000000000000 ) ) ;
#687 = LINE ( 'NONE', #134, #5353 ) ;
#688 = CARTESIAN_POINT ( 'NONE',  ( 13.12827881868119384, 4.253877730943677271, 9.814463748652000774 ) ) ;
#689 = DIRECTION ( 'NONE',  ( -0.000000000000000000, -1.000000000000000000, 0.000000000000000000 ) ) ;
#690 = EDGE_CURVE ( 'NONE', #3273, #5453, #3094, .T. ) ;
#691 = ORIENTED_EDGE ( 'NONE', *, *, #873, .T. ) ;
#692 = ORIENTED_EDGE ( 'NONE', *, *, #3401, .T. ) ;
#693 = AXIS2_PLACEMENT_3D ( 'NONE', #4566, #499, #6147 ) ;
#694 = DIRECTION ( 'NONE',  ( 0.5000000000000195399, 0.000000000000000000, -0.8660254037844273833 ) ) ;
#695 = CARTESIAN_POINT ( 'NONE',  ( 19.54609337417680237, 0.2384522345888532013, -12.37687273663022047 ) ) ;
#696 = ORIENTED_EDGE ( 'NONE', *, *, #4871, .T. ) ;
#697 = CARTESIAN_POINT ( 'NONE',  ( 26.24918328139943213, 0.000000000000000000, -16.30967357190300149 ) ) ;
#698 = ORIENTED_EDGE ( 'NONE', *, *, #171, .F. ) ;
#699 = CIRCLE ( 'NONE', #379, 18.28105443885434767 ) ;
#700 = DIRECTION ( 'NONE',  ( 0.000000000000000000, 0.000000000000000000, 1.000000000000000000 ) ) ;
#701 = CARTESIAN_POINT ( 'NONE',  ( -15.51453906012019068, 4.462893218813453799, -7.802622764334315342 ) ) ;
#702 = DIRECTION ( 'NONE',  ( -0.5000000000000025535, 0.000000000000000000, -0.8660254037844371533 ) ) ;
#703 = EDGE_CURVE ( 'NONE', #2508, #131, #4716, .T. ) ;
#704 = VECTOR ( 'NONE', #3979, 1000.000000000000000 ) ;
#705 = LINE ( 'NONE', #6499, #2679 ) ;
#706 = CARTESIAN_POINT ( 'NONE',  ( 14.51453906012028305, 0.000000000000000000, -9.534673571903006462 ) ) ;
#707 = VERTEX_POINT ( 'NONE', #2069 ) ;
#708 = DIRECTION ( 'NONE',  ( 0.000000000000000000, 0.000000000000000000, -1.000000000000000000 ) ) ;
#709 = CARTESIAN_POINT ( 'NONE',  ( 26.59578445530213386, 4.169999999999999929, 17.45353882510844912 ) ) ;
#710 = VERTEX_POINT ( 'NONE', #2475 ) ;
#711 = EDGE_CURVE ( 'NONE', #620, #20, #2100, .T. ) ;
#712 = VECTOR ( 'NONE', #2431, 999.9999999999998863 ) ;
#713 = CARTESIAN_POINT ( 'NONE',  ( 16.68865214663075847, 4.670000000000000817, 27.09354647287409534 ) ) ;
#714 = ORIENTED_EDGE ( 'NONE', *, *, #257, .F. ) ;
#715 = VERTEX_POINT ( 'NONE', #4093 ) ;
#716 = CIRCLE ( 'NONE', #2041, 23.13500000000000156 ) ;
#717 = CARTESIAN_POINT ( 'NONE',  ( 27.24918328139936463, 4.169999999999999929, 14.57762276433424908 ) ) ;
#718 = DIRECTION ( 'NONE',  ( 0.000000000000000000, 1.000000000000000000, 0.000000000000000000 ) ) ;
#719 = CARTESIAN_POINT ( 'NONE',  ( 14.57762276433416027, 4.169999999999999929, 27.24918328139940016 ) ) ;
#720 = ORIENTED_EDGE ( 'NONE', *, *, #6465, .T. ) ;
#721 = EDGE_CURVE ( 'NONE', #2497, #3785, #4773, .T. ) ;
#722 = CARTESIAN_POINT ( 'NONE',  ( -28.01445220005012260, 4.670000000000000817, 15.11571388210662725 ) ) ;
#723 = DIRECTION ( 'NONE',  ( -0.000000000000000000, -1.000000000000000000, -0.000000000000000000 ) ) ;
#724 = AXIS2_PLACEMENT_3D ( 'NONE', #6008, #6047, #4563 ) ;
#725 = EDGE_LOOP ( 'NONE', ( #4496, #6363, #2546, #3174 ) ) ;
#726 = VERTEX_POINT ( 'NONE', #3063 ) ;
#727 = VERTEX_POINT ( 'NONE', #1568 ) ;
#728 = EDGE_CURVE ( 'NONE', #4589, #5942, #2968, .T. ) ;
#729 = LINE ( 'NONE', #6522, #2653 ) ;
#730 = CARTESIAN_POINT ( 'NONE',  ( -20.51677218609422937, 4.169999999999999929, -10.69066340616475586 ) ) ;
#731 = ORIENTED_EDGE ( 'NONE', *, *, #2163, .T. ) ;
#732 = ORIENTED_EDGE ( 'NONE', *, *, #3570, .F. ) ;
#733 = CARTESIAN_POINT ( 'NONE',  ( 15.51453906012023332, 0.000000000000000000, -7.802622764334209648 ) ) ;
#734 = FACE_OUTER_BOUND ( 'NONE', #232, .T. ) ;
#735 = CARTESIAN_POINT ( 'NONE',  ( 10.69066340616454092, 4.251499961375351688, -20.51677218609433950 ) ) ;
#736 = FACE_OUTER_BOUND ( 'NONE', #6397, .T. ) ;
#737 = CARTESIAN_POINT ( 'NONE',  ( 11.69152436717008570, 4.670000000000000817, 22.25031422186815533 ) ) ;
#738 = ORIENTED_EDGE ( 'NONE', *, *, #3909, .T. ) ;
#739 = FACE_OUTER_BOUND ( 'NONE', #1593, .T. ) ;
#740 = AXIS2_PLACEMENT_3D ( 'NONE', #6503, #1769, #2265 ) ;
#741 = LINE ( 'NONE', #4846, #1842 ) ;
#742 = ORIENTED_EDGE ( 'NONE', *, *, #2596, .F. ) ;
#743 = DIRECTION ( 'NONE',  ( 0.8660254037844308250, 0.000000000000000000, -0.5000000000000134337 ) ) ;
#744 = CARTESIAN_POINT ( 'NONE',  ( 7.182992714690578318, 4.670000000000000817, -14.77861842789655711 ) ) ;
#745 = ORIENTED_EDGE ( 'NONE', *, *, #2307, .F. ) ;
#746 = CARTESIAN_POINT ( 'NONE',  ( -11.75100665499373420, 0.000000000000000000, -6.784446855506382157 ) ) ;
#747 = ORIENTED_EDGE ( 'NONE', *, *, #4882, .F. ) ;
#748 = ADVANCED_FACE ( 'NONE', ( #2506 ), #1997, .T. ) ;
#749 = CARTESIAN_POINT ( 'NONE',  ( 21.58014108603129344, 4.670000000000000817, 11.88194999598063184 ) ) ;
#750 = FACE_OUTER_BOUND ( 'NONE', #6456, .T. ) ;
#751 = CARTESIAN_POINT ( 'NONE',  ( 23.07319061161675577, 2.669999999999999929, 1.690000000000158042 ) ) ;
#752 = ORIENTED_EDGE ( 'NONE', *, *, #2125, .T. ) ;
#753 = CARTESIAN_POINT ( 'NONE',  ( -1.690000000000249969, 2.669999999999999929, 23.07319061161674512 ) ) ;
#754 = CARTESIAN_POINT ( 'NONE',  ( 6.462191090617059430, 4.670000000000000817, 15.06371434019469113 ) ) ;
#755 = ORIENTED_EDGE ( 'NONE', *, *, #4634, .T. ) ;
#756 = ORIENTED_EDGE ( 'NONE', *, *, #2482, .F. ) ;
#757 = EDGE_CURVE ( 'NONE', #1126, #3490, #5070, .T. ) ;
#758 = VECTOR ( 'NONE', #6585, 1000.000000000000000 ) ;
#759 = CIRCLE ( 'NONE', #4506, 24.63500000000000512 ) ;
#760 = DIRECTION ( 'NONE',  ( 0.000000000000000000, 1.000000000000000000, 0.000000000000000000 ) ) ;
#761 = LINE ( 'NONE', #1864, #1088 ) ;
#762 = ORIENTED_EDGE ( 'NONE', *, *, #3296, .T. ) ;
#763 = EDGE_CURVE ( 'NONE', #4739, #6786, #5227, .T. ) ;
#764 = DIRECTION ( 'NONE',  ( -1.000000000000000000, 0.000000000000000000, 0.000000000000000000 ) ) ;
#765 = CARTESIAN_POINT ( 'NONE',  ( 0.000000000000000000, 4.169999999999999929, 0.000000000000000000 ) ) ;
#766 = CARTESIAN_POINT ( 'NONE',  ( 10.81037082818949813, 4.460165735794749509, -20.55153024789945704 ) ) ;
#767 = CARTESIAN_POINT ( 'NONE',  ( 22.25031422186815533, 4.169999999999999929, 11.69152436717008570 ) ) ;
#768 = FACE_OUTER_BOUND ( 'NONE', #4820, .T. ) ;
#769 = ORIENTED_EDGE ( 'NONE', *, *, #1733, .F. ) ;
#770 = AXIS2_PLACEMENT_3D ( 'NONE', #6045, #3939, #867 ) ;
#771 = DIRECTION ( 'NONE',  ( 0.000000000000000000, 1.000000000000000000, 0.000000000000000000 ) ) ;
#772 = EDGE_CURVE ( 'NONE', #3744, #946, #3208, .T. ) ;
#773 = VECTOR ( 'NONE', #5277, 1000.000000000000000 ) ;
#774 = DIRECTION ( 'NONE',  ( 0.000000000000000000, 0.000000000000000000, 1.000000000000000000 ) ) ;
#775 = ORIENTED_EDGE ( 'NONE', *, *, #101, .T. ) ;
#776 = CARTESIAN_POINT ( 'NONE',  ( 0.000000000000000000, 4.670000000000000817, 0.000000000000000000 ) ) ;
#777 = LINE ( 'NONE', #2298, #5628 ) ;
#778 = ORIENTED_EDGE ( 'NONE', *, *, #3810, .F. ) ;
#779 = AXIS2_PLACEMENT_3D ( 'NONE', #1134, #689, #3854 ) ;
#780 = ORIENTED_EDGE ( 'NONE', *, *, #543, .F. ) ;
#781 = LINE ( 'NONE', #2374, #1521 ) ;
#782 = PLANE ( 'NONE',  #5817 ) ;
#783 = LINE ( 'NONE', #4991, #308 ) ;
#784 = VERTEX_POINT ( 'NONE', #3577 ) ;
#785 = CARTESIAN_POINT ( 'NONE',  ( -28.40257294624143114, 4.257939564137651622, 14.32848703793071365 ) ) ;
#786 = DIRECTION ( 'NONE',  ( -0.000000000000000000, -1.000000000000000000, -0.000000000000000000 ) ) ;
#787 = EDGE_CURVE ( 'NONE', #3343, #3408, #1638, .T. ) ;
#788 = AXIS2_PLACEMENT_3D ( 'NONE', #5407, #694, #2802 ) ;
#789 = EDGE_LOOP ( 'NONE', ( #2641, #4083, #696, #6244 ) ) ;
#790 = ORIENTED_EDGE ( 'NONE', *, *, #489, .F. ) ;
#791 = AXIS2_PLACEMENT_3D ( 'NONE', #3397, #3950, #2923 ) ;
#792 = EDGE_CURVE ( 'NONE', #4019, #5912, #1767, .T. ) ;
#793 = CYLINDRICAL_SURFACE ( 'NONE', #1118, 0.4999999999999991118 ) ;
#794 = CARTESIAN_POINT ( 'NONE',  ( 14.77510171309873677, 4.670000000000000817, -7.172536509220895695 ) ) ;
#795 = VERTEX_POINT ( 'NONE', #3228 ) ;
#796 = ORIENTED_EDGE ( 'NONE', *, *, #4358, .F. ) ;
#797 = VECTOR ( 'NONE', #5480, 1000.000000000000227 ) ;
#798 = CARTESIAN_POINT ( 'NONE',  ( 1.690000000000084324, 0.000000000000000000, -25.07812044392481710 ) ) ;
#799 = CARTESIAN_POINT ( 'NONE',  ( 9.534673571902963829, 4.169999999999999929, 14.51453906012032036 ) ) ;
#800 = DIRECTION ( 'NONE',  ( 0.000000000000000000, 0.000000000000000000, 1.000000000000000000 ) ) ;
#801 = CARTESIAN_POINT ( 'NONE',  ( -7.802622764334259386, 4.169999999999999929, 15.51453906012021733 ) ) ;
#802 = EDGE_CURVE ( 'NONE', #2384, #5651, #4849, .T. ) ;
#803 = CARTESIAN_POINT ( 'NONE',  ( 15.06371434019467692, 0.000000000000000000, 6.462191090617110056 ) ) ;
#804 = CARTESIAN_POINT ( 'NONE',  ( 13.42357517473902462, 4.249933037358189836, 21.25031422186811625 ) ) ;
#805 = VERTEX_POINT ( 'NONE', #5360 ) ;
#806 = AXIS2_PLACEMENT_3D ( 'NONE', #5905, #2115, #4282 ) ;
#807 = AXIS2_PLACEMENT_3D ( 'NONE', #6352, #3724, #1106 ) ;
#808 = CARTESIAN_POINT ( 'NONE',  ( 3.133803367899199888, 4.670000000000000817, 5.427906654126693375 ) ) ;
#809 = VECTOR ( 'NONE', #3248, 1000.000000000000000 ) ;
#810 = AXIS2_PLACEMENT_3D ( 'NONE', #264, #6052, #2361 ) ;
#811 = CARTESIAN_POINT ( 'NONE',  ( 20.55153024789946059, 4.460165735794748620, 10.81037082818949813 ) ) ;
#812 = ORIENTED_EDGE ( 'NONE', *, *, #3826, .T. ) ;
#813 = EDGE_CURVE ( 'NONE', #1096, #665, #6407, .T. ) ;
#814 = EDGE_CURVE ( 'NONE', #1858, #2520, #4418, .T. ) ;
#815 = CARTESIAN_POINT ( 'NONE',  ( 10.69066340616454092, 0.000000000000000000, 20.51677218609433950 ) ) ;
#816 = LINE ( 'NONE', #1919, #1896 ) ;
#817 = VERTEX_POINT ( 'NONE', #1091 ) ;
#818 = ORIENTED_EDGE ( 'NONE', *, *, #1709, .F. ) ;
#819 = LINE ( 'NONE', #4507, #5972 ) ;
#820 = DIRECTION ( 'NONE',  ( -0.8660254037844385966, 0.000000000000000000, -0.5000000000000000000 ) ) ;
#821 = CARTESIAN_POINT ( 'NONE',  ( -28.41310023613304026, 0.000000000000000000, 14.30585555931276787 ) ) ;
#822 = ORIENTED_EDGE ( 'NONE', *, *, #6634, .T. ) ;
#823 = CARTESIAN_POINT ( 'NONE',  ( 10.69066340616454092, 0.000000000000000000, 20.51677218609433950 ) ) ;
#824 = DIRECTION ( 'NONE',  ( -0.000000000000000000, -1.000000000000000000, -0.000000000000000000 ) ) ;
#825 = ORIENTED_EDGE ( 'NONE', *, *, #3874, .F. ) ;
#826 = AXIS2_PLACEMENT_3D ( 'NONE', #5519, #4011, #800 ) ;
#827 = EDGE_CURVE ( 'NONE', #107, #898, #5949, .T. ) ;
#828 = VECTOR ( 'NONE', #3202, 1000.000000000000000 ) ;
#829 = DIRECTION ( 'NONE',  ( 0.000000000000000000, 0.000000000000000000, 1.000000000000000000 ) ) ;
#830 = CARTESIAN_POINT ( 'NONE',  ( 26.66278382506391509, 4.358938947821485499, 17.35705602345321097 ) ) ;
#831 = ORIENTED_EDGE ( 'NONE', *, *, #2613, .T. ) ;
#832 = APPLICATION_PROTOCOL_DEFINITION ( 'draft international standard', 'automotive_design', 1998, #3175 ) ;
#833 = ORIENTED_EDGE ( 'NONE', *, *, #895, .F. ) ;
#834 = AXIS2_PLACEMENT_3D ( 'NONE', #991, #3681, #5226 ) ;
#835 = EDGE_CURVE ( 'NONE', #5058, #3378, #6252, .T. ) ;
#836 = DIRECTION ( 'NONE',  ( 0.000000000000000000, 0.000000000000000000, 1.000000000000000000 ) ) ;
#837 = LINE ( 'NONE', #5619, #6390 ) ;
#838 = LINE ( 'NONE', #3358, #3032 ) ;
#839 = DIRECTION ( 'NONE',  ( -0.000000000000000000, -1.000000000000000000, -0.000000000000000000 ) ) ;
#840 = LINE ( 'NONE', #6676, #265 ) ;
#841 = DIRECTION ( 'NONE',  ( -0.000000000000000000, -1.000000000000000000, -0.000000000000000000 ) ) ;
#842 = ORIENTED_EDGE ( 'NONE', *, *, #6741, .T. ) ;
#843 = EDGE_CURVE ( 'NONE', #1250, #1436, #3311, .T. ) ;
#844 = CARTESIAN_POINT ( 'NONE',  ( 13.66095511311944222, 0.000000000000000000, 27.64883365011748140 ) ) ;
#845 = VERTEX_POINT ( 'NONE', #2676 ) ;
#846 = CARTESIAN_POINT ( 'NONE',  ( -9.653386659545544646, 4.514980142404851016, -13.25496513449654756 ) ) ;
#847 = CARTESIAN_POINT ( 'NONE',  ( 0.000000000000000000, 4.169999999999999929, 0.000000000000000000 ) ) ;
#848 = ORIENTED_EDGE ( 'NONE', *, *, #757, .F. ) ;
#849 = AXIS2_PLACEMENT_3D ( 'NONE', #5026, #5088, #2503 ) ;
#850 = DIRECTION ( 'NONE',  ( 0.000000000000000000, 0.000000000000000000, -1.000000000000000000 ) ) ;
#851 = ORIENTED_EDGE ( 'NONE', *, *, #4916, .F. ) ;
#852 = EDGE_CURVE ( 'NONE', #2384, #1325, #6342, .T. ) ;
#853 = EDGE_CURVE ( 'NONE', #4984, #5423, #3328, .T. ) ;
#854 = LINE ( 'NONE', #2887, #4550 ) ;
#855 = CARTESIAN_POINT ( 'NONE',  ( 23.35665843275940290, 0.000000000000000000, -14.63967357190299801 ) ) ;
#856 = DIRECTION ( 'NONE',  ( 0.9802340172108799932, -0.000000000000000000, 0.1978415312886053767 ) ) ;
#857 = ORIENTED_EDGE ( 'NONE', *, *, #4473, .F. ) ;
#858 = CARTESIAN_POINT ( 'NONE',  ( 7.137245698860630760, 4.670000000000000817, 14.76323242501154276 ) ) ;
#859 = CARTESIAN_POINT ( 'NONE',  ( -1.689999999999915570, 2.669999999999999929, -25.07812044392483131 ) ) ;
#860 = ORIENTED_EDGE ( 'NONE', *, *, #1318, .F. ) ;
#861 = EDGE_CURVE ( 'NONE', #955, #3323, #4862, .T. ) ;
#862 = LINE ( 'NONE', #3898, #3318 ) ;
#863 = CARTESIAN_POINT ( 'NONE',  ( 26.76674487225839982, 4.492487317888698151, 17.20518164192337807 ) ) ;
#864 = ORIENTED_EDGE ( 'NONE', *, *, #50, .T. ) ;
#865 = ORIENTED_EDGE ( 'NONE', *, *, #5427, .F. ) ;
#866 = DIRECTION ( 'NONE',  ( -0.9802340172108793270, 0.000000000000000000, -0.1978415312886091793 ) ) ;
#867 = DIRECTION ( 'NONE',  ( 1.000000000000000000, 0.000000000000000000, -0.000000000000000000 ) ) ;
#868 = DIRECTION ( 'NONE',  ( -0.1978415312886378230, 0.000000000000000000, -0.9802340172108734428 ) ) ;
#869 = FACE_OUTER_BOUND ( 'NONE', #1490, .T. ) ;
#870 = DIRECTION ( 'NONE',  ( 0.000000000000000000, 0.000000000000000000, 1.000000000000000000 ) ) ;
#871 = FACE_OUTER_BOUND ( 'NONE', #5501, .T. ) ;
#872 = ORIENTED_EDGE ( 'NONE', *, *, #6075, .T. ) ;
#873 = EDGE_CURVE ( 'NONE', #269, #2835, #5921, .T. ) ;
#874 = CYLINDRICAL_SURFACE ( 'NONE', #1686, 1.000000000000028644 ) ;
#875 = AXIS2_PLACEMENT_3D ( 'NONE', #513, #4780, #2603 ) ;
#876 = DIRECTION ( 'NONE',  ( 0.000000000000000000, 0.000000000000000000, -1.000000000000000000 ) ) ;
#877 = CARTESIAN_POINT ( 'NONE',  ( 0.000000000000000000, 4.169999999999999929, 0.000000000000000000 ) ) ;
#878 = DIRECTION ( 'NONE',  ( -0.000000000000000000, -1.000000000000000000, -0.000000000000000000 ) ) ;
#879 = CARTESIAN_POINT ( 'NONE',  ( 0.000000000000000000, 4.169999999999999929, 0.000000000000000000 ) ) ;
#880 = ORIENTED_EDGE ( 'NONE', *, *, #5473, .T. ) ;
#881 = EDGE_CURVE ( 'NONE', #3877, #76, #4784, .T. ) ;
#882 = DIRECTION ( 'NONE',  ( 0.000000000000000000, 1.000000000000000000, -0.000000000000000000 ) ) ;
#883 = ORIENTED_EDGE ( 'NONE', *, *, #4272, .T. ) ;
#884 = CARTESIAN_POINT ( 'NONE',  ( -27.64883365011735350, 4.169999999999999929, -13.66095511311972466 ) ) ;
#885 = CARTESIAN_POINT ( 'NONE',  ( -13.42357517473897310, 4.670000000000000817, -21.25031422186815178 ) ) ;
#886 = DIRECTION ( 'NONE',  ( -0.9478283262025933853, 0.000000000000000000, -0.3187812165859061353 ) ) ;
#887 = EDGE_LOOP ( 'NONE', ( #3466, #2248, #2637, #6369 ) ) ;
#888 = LINE ( 'NONE', #4092, #6459 ) ;
#889 = DIRECTION ( 'NONE',  ( 3.552713678800500929E-15, 0.000000000000000000, 1.000000000000000000 ) ) ;
#890 = VECTOR ( 'NONE', #4564, 1000.000000000000000 ) ;
#891 = ADVANCED_FACE ( 'NONE', ( #2200 ), #5323, .F. ) ;
#892 = VERTEX_POINT ( 'NONE', #3743 ) ;
#893 = AXIS2_PLACEMENT_3D ( 'NONE', #3725, #1753, #1108 ) ;
#894 = ADVANCED_FACE ( 'NONE', ( #5848 ), #4818, .T. ) ;
#895 = EDGE_CURVE ( 'NONE', #727, #2948, #4983, .T. ) ;
#896 = CARTESIAN_POINT ( 'NONE',  ( -27.64883365011735350, 0.000000000000000000, -13.66095511311972466 ) ) ;
#897 = VERTEX_POINT ( 'NONE', #1330 ) ;
#898 = VERTEX_POINT ( 'NONE', #744 ) ;
#899 = CIRCLE ( 'NONE', #5418, 20.67695921580875407 ) ;
#900 = CARTESIAN_POINT ( 'NONE',  ( -14.98763769424221870, 4.515040219521544884, -6.652857507065200515 ) ) ;
#901 = CARTESIAN_POINT ( 'NONE',  ( 0.000000000000000000, 0.000000000000000000, 0.000000000000000000 ) ) ;
#902 = FACE_OUTER_BOUND ( 'NONE', #1551, .T. ) ;
#903 = LINE ( 'NONE', #1354, #3095 ) ;
#904 = LINE ( 'NONE', #5483, #5650 ) ;
#905 = CARTESIAN_POINT ( 'NONE',  ( 0.000000000000000000, 4.670000000000000817, 0.000000000000000000 ) ) ;
#906 = VERTEX_POINT ( 'NONE', #3465 ) ;
#907 = VECTOR ( 'NONE', #2323, 1000.000000000000000 ) ;
#908 = VECTOR ( 'NONE', #5254, 1000.000000000000000 ) ;
#909 = EDGE_CURVE ( 'NONE', #4375, #2647, #777, .T. ) ;
#910 = AXIS2_PLACEMENT_3D ( 'NONE', #3797, #3211, #111 ) ;
#911 = CARTESIAN_POINT ( 'NONE',  ( -20.51677218609422937, 4.670000000000000817, -10.69066340616475230 ) ) ;
#912 = CARTESIAN_POINT ( 'NONE',  ( -9.534673571902855471, 0.000000000000000000, -14.51453906012038431 ) ) ;
#913 = VECTOR ( 'NONE', #1758, 1000.000000000000114 ) ;
#914 = CARTESIAN_POINT ( 'NONE',  ( 6.728925952921328779, 0.000000000000000000, -11.65484163083434233 ) ) ;
#915 = DIRECTION ( 'NONE',  ( 0.000000000000000000, 1.000000000000000000, 0.000000000000000000 ) ) ;
#916 = EDGE_LOOP ( 'NONE', ( #3103, #1578, #1201, #6688 ) ) ;
#917 = PLANE ( 'NONE',  #3014 ) ;
#918 = ORIENTED_EDGE ( 'NONE', *, *, #6037, .T. ) ;
#919 = VECTOR ( 'NONE', #6049, 1000.000000000000000 ) ;
#920 = PRODUCT ( 'Front Mesh Piece', 'Front Mesh Piece', '', ( #2904 ) ) ;
#921 = EDGE_CURVE ( 'NONE', #587, #1385, #5700, .T. ) ;
#922 = PLANE ( 'NONE',  #6015 ) ;
#923 = DIRECTION ( 'NONE',  ( 0.4999999999999804046, -0.000000000000000000, 0.8660254037844500319 ) ) ;
#924 = DIRECTION ( 'NONE',  ( -1.000000000000000000, 0.000000000000000000, -1.064377863494507932E-14 ) ) ;
#925 = ORIENTED_EDGE ( 'NONE', *, *, #5565, .F. ) ;
#926 = CARTESIAN_POINT ( 'NONE',  ( 9.814463748651954589, 0.000000000000000000, -13.12827881868122937 ) ) ;
#927 = CARTESIAN_POINT ( 'NONE',  ( -17.00006986093868733, 4.614985583748157261, -26.90002757646434972 ) ) ;
#928 = AXIS2_PLACEMENT_3D ( 'NONE', #5012, #6537, #2814 ) ;
#929 = CYLINDRICAL_SURFACE ( 'NONE', #2460, 10.60655127071745341 ) ;
#930 = VERTEX_POINT ( 'NONE', #4470 ) ;
#931 = B_SPLINE_CURVE_WITH_KNOTS ( 'NONE', 3,
 ( #3915, #1367, #6021, #1298, #5569, #2954, #5050, #2434 ),
 .UNSPECIFIED., .F., .F.,
 ( 4, 2, 2, 4 ),
 ( 8.673617379884035472E-19, 0.0002469655357748154955, 0.0004939310715496301237, 0.0009878621430992632832 ),
 .UNSPECIFIED. ) ;
#932 = ADVANCED_FACE ( 'NONE', ( #1772 ), #1399, .F. ) ;
#933 = CARTESIAN_POINT ( 'NONE',  ( -7.802622764334260275, 2.669999999999999929, 15.51453906012021733 ) ) ;
#934 = ORIENTED_EDGE ( 'NONE', *, *, #1981, .F. ) ;
#935 = CARTESIAN_POINT ( 'NONE',  ( 9.534673571902946065, 0.000000000000000000, -14.51453906012031503 ) ) ;
#936 = ORIENTED_EDGE ( 'NONE', *, *, #3401, .F. ) ;
#937 = AXIS2_PLACEMENT_3D ( 'NONE', #3321, #5314, #2840 ) ;
#938 = ORIENTED_EDGE ( 'NONE', *, *, #139, .T. ) ;
#939 = EDGE_CURVE ( 'NONE', #3877, #2848, #2659, .T. ) ;
#940 = B_SPLINE_CURVE_WITH_KNOTS ( 'NONE', 3,
 ( #1550, #5374, #2591, #564, #6808, #2084, #3726, #1109, #4178, #2655 ),
 .UNSPECIFIED., .F., .F.,
 ( 4, 2, 2, 2, 4 ),
 ( 8.673617379884034509E-19, 0.0001372460000205068373, 0.0002744920000410128072, 0.0005489840000820282164, 0.001097968000164054915 ),
 .UNSPECIFIED. ) ;
#941 = EDGE_CURVE ( 'NONE', #1343, #559, #3653, .T. ) ;
#942 = CARTESIAN_POINT ( 'NONE',  ( -6.983484436174649090, 4.660514154627075634, 14.83028181845274851 ) ) ;
#943 = DIRECTION ( 'NONE',  ( -0.000000000000000000, -1.000000000000000000, -0.000000000000000000 ) ) ;
#944 = CARTESIAN_POINT ( 'NONE',  ( 14.32774530608714159, 4.258128004840728842, -28.40321043719939809 ) ) ;
#945 = CARTESIAN_POINT ( 'NONE',  ( -15.01063546622627243, 4.670000000000000817, -26.99918328139947477 ) ) ;
#946 = VERTEX_POINT ( 'NONE', #6580 ) ;
#947 = DIRECTION ( 'NONE',  ( 0.4999999999999972800, -0.000000000000000000, 0.8660254037844402619 ) ) ;
#948 = B_SPLINE_CURVE_WITH_KNOTS ( 'NONE', 3,
 ( #2121, #4705, #6814, #3151, #951, #3184, #5734, #5278 ),
 .UNSPECIFIED., .F., .F.,
 ( 4, 2, 2, 4 ),
 ( 0.000000000000000000, 0.0002357216731230799142, 0.0004714433462461598283, 0.0009428866924923181387 ),
 .UNSPECIFIED. ) ;
#949 = CARTESIAN_POINT ( 'NONE',  ( -10.81037082818950346, 4.460165735794749509, -20.55153024789945349 ) ) ;
#950 = ORIENTED_EDGE ( 'NONE', *, *, #728, .T. ) ;
#951 = CARTESIAN_POINT ( 'NONE',  ( -22.07956615522660826, 4.510107860417504000, -11.74074359305342163 ) ) ;
#952 = CARTESIAN_POINT ( 'NONE',  ( 26.76220289833796784, 4.483379883733154436, -17.16186944845079765 ) ) ;
#953 = ORIENTED_EDGE ( 'NONE', *, *, #2584, .F. ) ;
#954 = FACE_OUTER_BOUND ( 'NONE', #2098, .T. ) ;
#955 = VERTEX_POINT ( 'NONE', #1881 ) ;
#956 = CARTESIAN_POINT ( 'NONE',  ( 0.000000000000000000, 2.669999999999999929, 0.000000000000000000 ) ) ;
#957 = FACE_OUTER_BOUND ( 'NONE', #4061, .T. ) ;
#958 = LINE ( 'NONE', #5224, #3485 ) ;
#959 = ORIENTED_EDGE ( 'NONE', *, *, #4130, .F. ) ;
#960 = CIRCLE ( 'NONE', #3162, 23.13499999999999801 ) ;
#961 = DIRECTION ( 'NONE',  ( 0.000000000000000000, 1.000000000000000000, 0.000000000000000000 ) ) ;
#962 = CARTESIAN_POINT ( 'NONE',  ( 16.86631535688121630, 4.670000000000000817, -27.00136514257307141 ) ) ;
#963 = CARTESIAN_POINT ( 'NONE',  ( -13.42357517473899620, 4.249933565621200060, 21.25031422186811980 ) ) ;
#964 = EDGE_CURVE ( 'NONE', #2006, #682, #6127, .T. ) ;
#965 = EDGE_LOOP ( 'NONE', ( #6524, #3259, #2761, #6006 ) ) ;
#966 = VECTOR ( 'NONE', #123, 1000.000000000000114 ) ;
#967 = ORIENTED_EDGE ( 'NONE', *, *, #5183, .F. ) ;
#968 = ADVANCED_FACE ( 'NONE', ( #231 ), #197, .T. ) ;
#969 = ORIENTED_EDGE ( 'NONE', *, *, #4586, .F. ) ;
#970 = CARTESIAN_POINT ( 'NONE',  ( 14.41473840196388601, 4.358199379855960842, 28.35988619898810015 ) ) ;
#971 = CARTESIAN_POINT ( 'NONE',  ( -23.07319061161676288, 2.669999999999999929, 1.690000000000002833 ) ) ;
#972 = DIRECTION ( 'NONE',  ( 0.000000000000000000, 0.000000000000000000, 1.000000000000000000 ) ) ;
#973 = DIRECTION ( 'NONE',  ( -0.5000000000000062172, 0.000000000000000000, 0.8660254037844350439 ) ) ;
#974 = CARTESIAN_POINT ( 'NONE',  ( -12.74797539976511729, 4.670000000000000817, 21.08014108603126857 ) ) ;
#975 = ORIENTED_EDGE ( 'NONE', *, *, #1342, .T. ) ;
#976 = EDGE_CURVE ( 'NONE', #4948, #955, #5985, .T. ) ;
#977 = PLANE ( 'NONE',  #4778 ) ;
#978 = CARTESIAN_POINT ( 'NONE',  ( 14.57762276433414961, 4.670000000000000817, -27.24918328139941792 ) ) ;
#979 = EDGE_LOOP ( 'NONE', ( #918, #5178, #2201, #1279 ) ) ;
#980 = CARTESIAN_POINT ( 'NONE',  ( 24.35665843275934250, 0.000000000000000000, 12.90762276433423494 ) ) ;
#981 = DIRECTION ( 'NONE',  ( 0.000000000000000000, 1.000000000000000000, 0.000000000000000000 ) ) ;
#982 = ORIENTED_EDGE ( 'NONE', *, *, #582, .F. ) ;
#983 = AXIS2_PLACEMENT_3D ( 'NONE', #2337, #2888, #2303 ) ;
#984 = EDGE_CURVE ( 'NONE', #4943, #1096, #816, .T. ) ;
#985 = FACE_BOUND ( 'NONE', #3532, .T. ) ;
#986 = ORIENTED_EDGE ( 'NONE', *, *, #6498, .F. ) ;
#987 = DIRECTION ( 'NONE',  ( 0.000000000000000000, 0.000000000000000000, -1.000000000000000000 ) ) ;
#988 = DIRECTION ( 'NONE',  ( -0.8660254037844392627, 0.000000000000000000, -0.4999999999999991673 ) ) ;
#989 = LINE ( 'NONE', #3090, #6137 ) ;
#990 = VERTEX_POINT ( 'NONE', #306 ) ;
#991 = CARTESIAN_POINT ( 'NONE',  ( 0.000000000000000000, 4.169999999999999929, 0.000000000000000000 ) ) ;
#992 = DIRECTION ( 'NONE',  ( 0.000000000000000000, 1.000000000000000000, 0.000000000000000000 ) ) ;
#993 = DIRECTION ( 'NONE',  ( 0.000000000000000000, 0.000000000000000000, 1.000000000000000000 ) ) ;
#994 = VERTEX_POINT ( 'NONE', #2400 ) ;
#995 = DIRECTION ( 'NONE',  ( 0.000000000000000000, 0.000000000000000000, 1.000000000000000000 ) ) ;
#996 = EDGE_CURVE ( 'NONE', #3112, #5852, #3722, .T. ) ;
#997 = ORIENTED_EDGE ( 'NONE', *, *, #2393, .F. ) ;
#998 = AXIS2_PLACEMENT_3D ( 'NONE', #4665, #4596, #2047 ) ;
#999 = ORIENTED_EDGE ( 'NONE', *, *, #2024, .F. ) ;
#1000 = DIRECTION ( 'NONE',  ( 0.000000000000000000, 0.000000000000000000, 1.000000000000000000 ) ) ;
#1001 = DIRECTION ( 'NONE',  ( 0.000000000000000000, 1.000000000000000000, 0.000000000000000000 ) ) ;
#1002 = ADVANCED_FACE ( 'NONE', ( #6612 ), #1121, .T. ) ;
#1003 = DIRECTION ( 'NONE',  ( -0.8660254037844350439, 0.000000000000000000, -0.5000000000000062172 ) ) ;
#1004 = CARTESIAN_POINT ( 'NONE',  ( 9.814463748651968800, 4.670000000000000817, 13.12827881868123470 ) ) ;
#1005 = ORIENTED_EDGE ( 'NONE', *, *, #4378, .T. ) ;
#1006 = DIRECTION ( 'NONE',  ( 0.000000000000000000, 0.000000000000000000, 1.000000000000000000 ) ) ;
#1007 = EDGE_CURVE ( 'NONE', #300, #4097, #931, .T. ) ;
#1008 = CARTESIAN_POINT ( 'NONE',  ( 0.000000000000000000, 4.169999999999999929, 25.13500000000000512 ) ) ;
#1009 = CARTESIAN_POINT ( 'NONE',  ( -26.59578445530214807, 0.000000000000000000, -17.45353882510841714 ) ) ;
#1010 = DIRECTION ( 'NONE',  ( 1.000000000000000000, 0.000000000000000000, 0.000000000000000000 ) ) ;
#1011 = CARTESIAN_POINT ( 'NONE',  ( -23.07319061161676288, 0.000000000000000000, 1.690000000000002833 ) ) ;
#1012 = ORIENTED_EDGE ( 'NONE', *, *, #5999, .F. ) ;
#1013 = CARTESIAN_POINT ( 'NONE',  ( 27.24918328139932555, 4.169999999999999929, -14.57762276433428994 ) ) ;
#1014 = ORIENTED_EDGE ( 'NONE', *, *, #3304, .T. ) ;
#1015 = TOROIDAL_SURFACE ( 'NONE', #693, 1.499999999999999112, 0.5000000000000000000 ) ;
#1016 = ADVANCED_FACE ( 'NONE', ( #3496 ), #4206, .T. ) ;
#1017 = CARTESIAN_POINT ( 'NONE',  ( 19.90160601478459057, 4.633969980009442047, 12.32736295660692249 ) ) ;
#1018 = LINE ( 'NONE', #3193, #4402 ) ;
#1019 = AXIS2_PLACEMENT_3D ( 'NONE', #1217, #5412, #3587 ) ;
#1020 = EDGE_CURVE ( 'NONE', #4600, #2497, #6785, .T. ) ;
#1021 = CARTESIAN_POINT ( 'NONE',  ( -26.90141517483762357, 4.615499897991438338, 17.00646901907126818 ) ) ;
#1022 = VERTEX_POINT ( 'NONE', #2057 ) ;
#1023 = DIRECTION ( 'NONE',  ( 0.4999999999999991673, -0.000000000000000000, -0.8660254037844390407 ) ) ;
#1024 = CARTESIAN_POINT ( 'NONE',  ( -13.12827881868126845, 4.254642250389704117, 9.814463748651920838 ) ) ;
#1025 = DIRECTION ( 'NONE',  ( 0.000000000000000000, 0.000000000000000000, -1.000000000000000000 ) ) ;
#1026 = ORIENTED_EDGE ( 'NONE', *, *, #4732, .T. ) ;
#1027 = CIRCLE ( 'NONE', #263, 11.34208899530036696 ) ;
#1028 = ORIENTED_EDGE ( 'NONE', *, *, #519, .F. ) ;
#1029 = VECTOR ( 'NONE', #3523, 1000.000000000000000 ) ;
#1030 = LINE ( 'NONE', #1064, #4135 ) ;
#1031 = EDGE_LOOP ( 'NONE', ( #5791, #5389, #3499, #4179 ) ) ;
#1032 = ORIENTED_EDGE ( 'NONE', *, *, #2252, .F. ) ;
#1033 = ORIENTED_EDGE ( 'NONE', *, *, #1176, .T. ) ;
#1034 = CYLINDRICAL_SURFACE ( 'NONE', #2666, 1.000000000000049516 ) ;
#1035 = CARTESIAN_POINT ( 'NONE',  ( -6.582403424404528636, 4.461798287106311101, 15.01187044623702427 ) ) ;
#1036 = VECTOR ( 'NONE', #4469, 1000.000000000000000 ) ;
#1037 = CARTESIAN_POINT ( 'NONE',  ( -0.2500000000002399747, 4.169999999999999929, -0.4330127018926521743 ) ) ;
#1038 = CARTESIAN_POINT ( 'NONE',  ( 12.12453706906230799, 4.670000000000000817, -22.00031422186814822 ) ) ;
#1039 = EDGE_LOOP ( 'NONE', ( #967, #6014, #2233, #6581 ) ) ;
#1040 =( BOUNDED_CURVE ( )  B_SPLINE_CURVE ( 3, ( #3467, #343, #375, #3882 ),
 .UNSPECIFIED., .F., .T. ) 
 B_SPLINE_CURVE_WITH_KNOTS ( ( 4, 4 ),
 ( 0.000000000000000000, 1.570796326794896558 ),
 .UNSPECIFIED. ) 
 CURVE ( )  GEOMETRIC_REPRESENTATION_ITEM ( )  RATIONAL_B_SPLINE_CURVE ( ( 1.000000000000000000, 0.8047378541243649375, 0.8047378541243649375, 1.000000000000000000 ) ) 
 REPRESENTATION_ITEM ( '' )  );
#1041 = CARTESIAN_POINT ( 'NONE',  ( -14.63967357190306373, 2.669999999999999929, 23.35665843275935671 ) ) ;
#1042 = ADVANCED_FACE ( 'NONE', ( #6223 ), #507, .T. ) ;
#1043 = CIRCLE ( 'NONE', #1046, 1.500000000000095035 ) ;
#1044 = CARTESIAN_POINT ( 'NONE',  ( -11.38184261884701165, 4.670000000000000817, -20.71392969959581976 ) ) ;
#1045 = CARTESIAN_POINT ( 'NONE',  ( 13.12827881868120095, 0.000000000000000000, -9.814463748652007880 ) ) ;
#1046 = AXIS2_PLACEMENT_3D ( 'NONE', #6144, #4423, #2910 ) ;
#1047 = DIRECTION ( 'NONE',  ( 0.000000000000000000, 0.000000000000000000, -1.000000000000000000 ) ) ;
#1048 = DIRECTION ( 'NONE',  ( 0.8660254037844427044, -0.000000000000000000, 0.4999999999999931721 ) ) ;
#1049 = ORIENTED_EDGE ( 'NONE', *, *, #5135, .T. ) ;
#1050 = FACE_OUTER_BOUND ( 'NONE', #575, .T. ) ;
#1051 = EDGE_CURVE ( 'NONE', #5489, #6565, #4953, .T. ) ;
#1052 = ORIENTED_EDGE ( 'NONE', *, *, #1951, .F. ) ;
#1053 = DIRECTION ( 'NONE',  ( 0.000000000000000000, 1.000000000000000000, 0.000000000000000000 ) ) ;
#1054 = CYLINDRICAL_SURFACE ( 'NONE', #6608, 0.5000000000000008882 ) ;
#1055 = CARTESIAN_POINT ( 'NONE',  ( -26.61020514327154984, 4.258234197087432449, 17.43298549157920263 ) ) ;
#1056 = VERTEX_POINT ( 'NONE', #2466 ) ;
#1057 = CARTESIAN_POINT ( 'NONE',  ( -13.58106158616571868, 4.670000000000000817, -9.212995909637660574 ) ) ;
#1058 = CARTESIAN_POINT ( 'NONE',  ( -13.12827881868126845, 4.169999999999999929, 9.814463748651917285 ) ) ;
#1059 = DIRECTION ( 'NONE',  ( 0.000000000000000000, 0.000000000000000000, 1.000000000000000000 ) ) ;
#1060 = EDGE_CURVE ( 'NONE', #31, #4019, #4154, .T. ) ;
#1061 = ORIENTED_EDGE ( 'NONE', *, *, #6254, .F. ) ;
#1062 = CARTESIAN_POINT ( 'NONE',  ( -27.22476184672099109, 4.431339364532041358, -14.62615092454278276 ) ) ;
#1063 = ORIENTED_EDGE ( 'NONE', *, *, #643, .F. ) ;
#1064 = CARTESIAN_POINT ( 'NONE',  ( -20.51677218609422937, 0.000000000000000000, -10.69066340616475586 ) ) ;
#1065 = ORIENTED_EDGE ( 'NONE', *, *, #5249, .T. ) ;
#1066 = ADVANCED_FACE ( 'NONE', ( #6258 ), #1953, .T. ) ;
#1067 = ORIENTED_EDGE ( 'NONE', *, *, #2860, .T. ) ;
#1068 = AXIS2_PLACEMENT_3D ( 'NONE', #3272, #4303, #2789 ) ;
#1069 = VERTEX_POINT ( 'NONE', #1011 ) ;
#1070 = CARTESIAN_POINT ( 'NONE',  ( -22.00031422186802388, 4.670000000000000817, -12.12453706906254425 ) ) ;
#1071 = DIRECTION ( 'NONE',  ( 0.000000000000000000, 0.000000000000000000, -1.000000000000000000 ) ) ;
#1072 = CARTESIAN_POINT ( 'NONE',  ( -15.51453906012018891, 4.169999999999999929, -7.802622764334316230 ) ) ;
#1073 = DIRECTION ( 'NONE',  ( 0.000000000000000000, 0.000000000000000000, 1.000000000000000000 ) ) ;
#1074 = CARTESIAN_POINT ( 'NONE',  ( -4.259940106989818176, 4.670000000000000817, -7.378432702499878815 ) ) ;
#1075 = CARTESIAN_POINT ( 'NONE',  ( 16.30967357190291622, 0.000000000000000000, 26.24918328139949608 ) ) ;
#1076 = CARTESIAN_POINT ( 'NONE',  ( 22.25031422186815178, 4.169999999999999929, -11.69152436717009635 ) ) ;
#1077 = EDGE_CURVE ( 'NONE', #31, #4375, #2778, .T. ) ;
#1078 = DIRECTION ( 'NONE',  ( 0.5000000000000001110, 0.000000000000000000, 0.8660254037844384856 ) ) ;
#1079 = CARTESIAN_POINT ( 'NONE',  ( -21.50031422186806651, 4.670000000000000817, 12.99056247284678278 ) ) ;
#1080 = ORIENTED_EDGE ( 'NONE', *, *, #3242, .T. ) ;
#1081 = CARTESIAN_POINT ( 'NONE',  ( -20.51677218609434661, 4.251499517985664944, 10.69066340616452493 ) ) ;
#1082 = ORIENTED_EDGE ( 'NONE', *, *, #3760, .F. ) ;
#1083 = CARTESIAN_POINT ( 'NONE',  ( 14.58980017709336785, 4.169999999999999929, -6.621581698910054214 ) ) ;
#1084 = FACE_OUTER_BOUND ( 'NONE', #5636, .T. ) ;
#1085 = AXIS2_PLACEMENT_3D ( 'NONE', #6062, #1888, #6482 ) ;
#1086 = DIRECTION ( 'NONE',  ( -0.000000000000000000, -1.000000000000000000, -0.000000000000000000 ) ) ;
#1087 = VERTEX_POINT ( 'NONE', #4120 ) ;
#1088 = VECTOR ( 'NONE', #4999, 1000.000000000000000 ) ;
#1089 = EDGE_CURVE ( 'NONE', #5788, #657, #3053, .T. ) ;
#1090 = CARTESIAN_POINT ( 'NONE',  ( 0.2499999999998139544, 4.670000000000000817, -0.4330127018918745740 ) ) ;
#1091 = CARTESIAN_POINT ( 'NONE',  ( 27.64883365011744587, 4.670000000000000817, 15.16095511311953459 ) ) ;
#1092 = DIRECTION ( 'NONE',  ( -0.000000000000000000, -1.000000000000000000, -0.000000000000000000 ) ) ;
#1093 = ORIENTED_EDGE ( 'NONE', *, *, #405, .F. ) ;
#1094 = VECTOR ( 'NONE', #6789, 1000.000000000000000 ) ;
#1095 = LINE ( 'NONE', #5718, #4145 ) ;
#1096 = VERTEX_POINT ( 'NONE', #409 ) ;
#1097 = ADVANCED_FACE ( 'NONE', ( #6815 ), #2496, .F. ) ;
#1098 = DIRECTION ( 'NONE',  ( 0.8660254037844338226, 0.000000000000000000, 0.5000000000000083267 ) ) ;
#1099 = CARTESIAN_POINT ( 'NONE',  ( -19.51677218609426490, 4.169999999999999929, -12.42271421373352958 ) ) ;
#1100 = VECTOR ( 'NONE', #5108, 1000.000000000000114 ) ;
#1101 = B_SPLINE_CURVE_WITH_KNOTS ( 'NONE', 3,
 ( #5678, #2570, #6297, #544, #2534, #3675, #4159, #2129 ),
 .UNSPECIFIED., .F., .F.,
 ( 4, 2, 2, 4 ),
 ( 0.000000000000000000, 0.0002468074010519848453, 0.0004936148021039696906, 0.0009872296042079393812 ),
 .UNSPECIFIED. ) ;
#1102 = EDGE_LOOP ( 'NONE', ( #3841, #3780, #1866, #4113 ) ) ;
#1103 = EDGE_LOOP ( 'NONE', ( #5496, #4552, #756 ) ) ;
#1104 = VERTEX_POINT ( 'NONE', #3565 ) ;
#1105 = AXIS2_PLACEMENT_3D ( 'NONE', #4220, #2595, #3804 ) ;
#1106 = DIRECTION ( 'NONE',  ( 0.000000000000000000, 0.000000000000000000, 1.000000000000000000 ) ) ;
#1107 = EDGE_CURVE ( 'NONE', #2835, #2862, #899, .T. ) ;
#1108 = DIRECTION ( 'NONE',  ( -0.3187812165858970870, 0.000000000000000000, -0.9478283262025964939 ) ) ;
#1109 = CARTESIAN_POINT ( 'NONE',  ( 28.17742208520389369, 4.615390184801485773, 14.79449982090512705 ) ) ;
#1110 = VERTEX_POINT ( 'NONE', #5177 ) ;
#1111 = AXIS2_PLACEMENT_3D ( 'NONE', #1170, #6486, #5959 ) ;
#1112 = CYLINDRICAL_SURFACE ( 'NONE', #3238, 18.28105443885429793 ) ;
#1113 = DIRECTION ( 'NONE',  ( 0.000000000000000000, 0.000000000000000000, 1.000000000000000000 ) ) ;
#1114 = CARTESIAN_POINT ( 'NONE',  ( 11.74074301624495753, 4.510106162464412094, -22.07956816487883245 ) ) ;
#1115 = LINE ( 'NONE', #605, #4218 ) ;
#1116 = CARTESIAN_POINT ( 'NONE',  ( -17.11411476945210453, 4.670000000000000817, 25.65515099297905266 ) ) ;
#1117 = ORIENTED_EDGE ( 'NONE', *, *, #543, .T. ) ;
#1118 = AXIS2_PLACEMENT_3D ( 'NONE', #1312, #5510, #2900 ) ;
#1119 = CARTESIAN_POINT ( 'NONE',  ( -17.11411476945210453, 4.169999999999999929, 26.65515099297912016 ) ) ;
#1120 = DIRECTION ( 'NONE',  ( 0.000000000000000000, 0.000000000000000000, -1.000000000000000000 ) ) ;
#1121 = TOROIDAL_SURFACE ( 'NONE', #1664, 23.63499999999999801, 0.5000000000000000000 ) ;
#1122 = CARTESIAN_POINT ( 'NONE',  ( 21.08014108603125081, 4.670000000000000817, -12.74797539976514216 ) ) ;
#1123 = ORIENTED_EDGE ( 'NONE', *, *, #560, .F. ) ;
#1124 = LINE ( 'NONE', #5713, #1711 ) ;
#1125 = CARTESIAN_POINT ( 'NONE',  ( 9.101660870010725546, 4.169999999999999929, -14.76453906012031325 ) ) ;
#1126 = VERTEX_POINT ( 'NONE', #1526 ) ;
#1127 = VERTEX_POINT ( 'NONE', #440 ) ;
#1128 = AXIS2_PLACEMENT_3D ( 'NONE', #5803, #640, #4224 ) ;
#1129 = EDGE_CURVE ( 'NONE', #6629, #2884, #4100, .T. ) ;
#1130 = CARTESIAN_POINT ( 'NONE',  ( -15.06371434019463784, 4.670000000000000817, -6.462191090617205091 ) ) ;
#1131 = CARTESIAN_POINT ( 'NONE',  ( 11.38184261884700277, 4.670000000000000817, 20.71392969959581976 ) ) ;
#1132 = ORIENTED_EDGE ( 'NONE', *, *, #3612, .T. ) ;
#1133 = CARTESIAN_POINT ( 'NONE',  ( 9.814463748651954589, 4.169999999999999929, -13.12827881868123114 ) ) ;
#1134 = CARTESIAN_POINT ( 'NONE',  ( 17.11411476945192689, 0.000000000000000000, -25.65515099297916990 ) ) ;
#1135 = AXIS2_PLACEMENT_3D ( 'NONE', #5763, #2620, #6 ) ;
#1136 = AXIS2_PLACEMENT_3D ( 'NONE', #3122, #3568, #6687 ) ;
#1137 = ORIENTED_EDGE ( 'NONE', *, *, #964, .T. ) ;
#1138 = ORIENTED_EDGE ( 'NONE', *, *, #1650, .F. ) ;
#1139 = ORIENTED_EDGE ( 'NONE', *, *, #3713, .F. ) ;
#1140 = EDGE_CURVE ( 'NONE', #4915, #1087, #1923, .T. ) ;
#1141 = VECTOR ( 'NONE', #4146, 1000.000000000000000 ) ;
#1142 = VECTOR ( 'NONE', #5376, 1000.000000000000000 ) ;
#1143 = CARTESIAN_POINT ( 'NONE',  ( -21.25031422186811270, 4.169999999999999929, 13.42357517473902817 ) ) ;
#1144 = CARTESIAN_POINT ( 'NONE',  ( 14.63967357190290208, 0.000000000000000000, -23.35665843275945619 ) ) ;
#1145 = DIRECTION ( 'NONE',  ( -0.4999999999999683031, 0.000000000000000000, -0.8660254037844570263 ) ) ;
#1146 = ORIENTED_EDGE ( 'NONE', *, *, #1277, .T. ) ;
#1147 = DIRECTION ( 'NONE',  ( 0.000000000000000000, 0.000000000000000000, 1.000000000000000000 ) ) ;
#1148 = EDGE_CURVE ( 'NONE', #1397, #5201, #3333, .T. ) ;
#1149 = ADVANCED_FACE ( 'NONE', ( #5350 ), #1658, .T. ) ;
#1150 = CIRCLE ( 'NONE', #497, 18.39154951988268749 ) ;
#1151 = PLANE ( 'NONE',  #4456 ) ;
#1152 = LINE ( 'NONE', #5909, #1214 ) ;
#1153 = CARTESIAN_POINT ( 'NONE',  ( 15.88930831464762505, 4.670000000000000817, -26.52108929809668680 ) ) ;
#1154 = CARTESIAN_POINT ( 'NONE',  ( -15.04062489701888872, 4.169999999999999929, -7.962013372627257723 ) ) ;
#1155 = ORIENTED_EDGE ( 'NONE', *, *, #1294, .F. ) ;
#1156 = CIRCLE ( 'NONE', #6779, 1.000000000000059952 ) ;
#1157 = CARTESIAN_POINT ( 'NONE',  ( 0.000000000000000000, 0.000000000000000000, 0.000000000000000000 ) ) ;
#1158 = EDGE_CURVE ( 'NONE', #1022, #1087, #3875, .T. ) ;
#1159 = CARTESIAN_POINT ( 'NONE',  ( 0.000000000000000000, 4.670000000000000817, 0.000000000000000000 ) ) ;
#1160 = DIRECTION ( 'NONE',  ( -0.000000000000000000, -1.000000000000000000, -0.000000000000000000 ) ) ;
#1161 = ORIENTED_EDGE ( 'NONE', *, *, #1225, .T. ) ;
#1162 = DIRECTION ( 'NONE',  ( 0.000000000000000000, 1.000000000000000000, 0.000000000000000000 ) ) ;
#1163 = DIRECTION ( 'NONE',  ( 0.000000000000000000, 0.000000000000000000, -1.000000000000000000 ) ) ;
#1164 = VERTEX_POINT ( 'NONE', #2223 ) ;
#1165 = ORIENTED_EDGE ( 'NONE', *, *, #4500, .T. ) ;
#1166 = CARTESIAN_POINT ( 'NONE',  ( 11.48617637608390751, 4.670000000000000817, -2.318265519249569806 ) ) ;
#1167 = CARTESIAN_POINT ( 'NONE',  ( 22.25031422186815178, 4.169999999999999929, -11.69152436717009635 ) ) ;
#1168 = ORIENTED_EDGE ( 'NONE', *, *, #601, .T. ) ;
#1169 = DIRECTION ( 'NONE',  ( 0.000000000000000000, 0.000000000000000000, -1.000000000000000000 ) ) ;
#1170 = CARTESIAN_POINT ( 'NONE',  ( -17.11411476945176346, 4.169999999999999929, -25.65515099297929780 ) ) ;
#1171 = EDGE_CURVE ( 'NONE', #3618, #5687, #4873, .T. ) ;
#1172 = EDGE_LOOP ( 'NONE', ( #5383, #1681, #4786, #3685 ) ) ;
#1173 = EDGE_LOOP ( 'NONE', ( #4331, #1291, #2531, #6133 ) ) ;
#1174 = EDGE_LOOP ( 'NONE', ( #6787, #5392, #1527, #5290, #5189, #3121 ) ) ;
#1175 = FACE_OUTER_BOUND ( 'NONE', #6464, .T. ) ;
#1176 = EDGE_CURVE ( 'NONE', #6196, #1296, #3767, .T. ) ;
#1177 = AXIS2_PLACEMENT_3D ( 'NONE', #4509, #6097, #6619 ) ;
#1178 = DIRECTION ( 'NONE',  ( -0.000000000000000000, -1.000000000000000000, -0.000000000000000000 ) ) ;
#1179 = LINE ( 'NONE', #6355, #4661 ) ;
#1180 = ORIENTED_EDGE ( 'NONE', *, *, #4211, .F. ) ;
#1181 = CYLINDRICAL_SURFACE ( 'NONE', #4237, 1.000000000000000888 ) ;
#1182 = CIRCLE ( 'NONE', #6586, 1.500000000000001332 ) ;
#1183 = CARTESIAN_POINT ( 'NONE',  ( 17.45353882510843846, 4.169999999999999929, -26.59578445530216229 ) ) ;
#1184 = CARTESIAN_POINT ( 'NONE',  ( -14.32746114933357795, 4.258081829227118753, 28.40343416804506660 ) ) ;
#1185 = EDGE_CURVE ( 'NONE', #5705, #4796, #6422, .T. ) ;
#1186 = DIRECTION ( 'NONE',  ( 0.1978415312886077360, -0.000000000000000000, 0.9802340172108795491 ) ) ;
#1187 = CARTESIAN_POINT ( 'NONE',  ( -15.87666087001086268, 4.670000000000000817, 26.49918328139938950 ) ) ;
#1188 = ORIENTED_EDGE ( 'NONE', *, *, #3705, .F. ) ;
#1189 = CARTESIAN_POINT ( 'NONE',  ( -20.26677218609434306, 4.670000000000000817, 11.12367610805676144 ) ) ;
#1190 = DIRECTION ( 'NONE',  ( -0.000000000000000000, -1.000000000000000000, -0.000000000000000000 ) ) ;
#1191 = CARTESIAN_POINT ( 'NONE',  ( -1.690000000000259739, 2.669999999999999929, 25.07812044392480644 ) ) ;
#1192 = ORIENTED_EDGE ( 'NONE', *, *, #2116, .F. ) ;
#1193 = ADVANCED_FACE ( 'NONE', ( #1592 ), #4771, .T. ) ;
#1194 = LINE ( 'NONE', #6020, #3244 ) ;
#1195 = CARTESIAN_POINT ( 'NONE',  ( -24.35665843275938514, 2.669999999999999929, -1.689999999999996838 ) ) ;
#1196 = ORIENTED_EDGE ( 'NONE', *, *, #1107, .T. ) ;
#1197 = ORIENTED_EDGE ( 'NONE', *, *, #6284, .T. ) ;
#1198 = VECTOR ( 'NONE', #2502, 1000.000000000000000 ) ;
#1199 = DIRECTION ( 'NONE',  ( -0.000000000000000000, -1.000000000000000000, -0.000000000000000000 ) ) ;
#1200 = CARTESIAN_POINT ( 'NONE',  ( 1.689999999999747704, 2.669999999999999929, 24.35665843275940645 ) ) ;
#1201 = ORIENTED_EDGE ( 'NONE', *, *, #4511, .F. ) ;
#1202 = LINE ( 'NONE', #2891, #3580 ) ;
#1203 = CARTESIAN_POINT ( 'NONE',  ( -19.90160601478448754, 4.633969980009441159, -12.32736295660706816 ) ) ;
#1204 = AXIS2_PLACEMENT_3D ( 'NONE', #381, #3639, #1405 ) ;
#1205 = ORIENTED_EDGE ( 'NONE', *, *, #3215, .T. ) ;
#1206 = ORIENTED_EDGE ( 'NONE', *, *, #2730, .T. ) ;
#1207 = ADVANCED_FACE ( 'NONE', ( #4809 ), #2259, .T. ) ;
#1208 = AXIS2_PLACEMENT_3D ( 'NONE', #3128, #3811, #2672 ) ;
#1209 = DIRECTION ( 'NONE',  ( -0.000000000000000000, -1.000000000000000000, -0.000000000000000000 ) ) ;
#1210 = CARTESIAN_POINT ( 'NONE',  ( -10.69066340616454625, 4.670000000000000817, -20.51677218609433595 ) ) ;
#1211 = DIRECTION ( 'NONE',  ( -0.8660254037844338226, 0.000000000000000000, -0.5000000000000083267 ) ) ;
#1212 = CARTESIAN_POINT ( 'NONE',  ( -20.51677218609422937, 0.000000000000000000, -10.69066340616475586 ) ) ;
#1213 = B_SPLINE_CURVE_WITH_KNOTS ( 'NONE', 3,
 ( #4161, #5810, #514, #5742, #2636, #1600, #1501, #23, #2604, #5286 ),
 .UNSPECIFIED., .F., .F.,
 ( 4, 2, 2, 2, 4 ),
 ( 0.000000000000000000, 0.0005443681280883821754, 0.0008165521921325732090, 0.0009526442241546669368, 0.001088736256176760665 ),
 .UNSPECIFIED. ) ;
#1214 = VECTOR ( 'NONE', #2120, 999.9999999999998863 ) ;
#1215 = VERTEX_POINT ( 'NONE', #6328 ) ;
#1216 = ADVANCED_FACE ( 'NONE', ( #3152 ), #4736, .T. ) ;
#1217 = CARTESIAN_POINT ( 'NONE',  ( 0.000000000000000000, 4.169999999999999929, 0.000000000000000000 ) ) ;
#1218 = CARTESIAN_POINT ( 'NONE',  ( -25.65515099297898871, 4.670000000000000817, -17.11411476945219334 ) ) ;
#1219 = CARTESIAN_POINT ( 'NONE',  ( -9.007166899749345035, 4.670000000000000817, -14.60087070261894304 ) ) ;
#1220 = DIRECTION ( 'NONE',  ( 0.000000000000000000, 1.000000000000000000, 0.000000000000000000 ) ) ;
#1221 = CARTESIAN_POINT ( 'NONE',  ( 13.30998914553512336, 4.457215979362298519, 21.22220575893809880 ) ) ;
#1222 = ORIENTED_EDGE ( 'NONE', *, *, #3441, .F. ) ;
#1223 = CARTESIAN_POINT ( 'NONE',  ( -24.35665843275938869, 0.000000000000000000, 1.690000000000002833 ) ) ;
#1224 = AXIS2_PLACEMENT_3D ( 'NONE', #2575, #3164, #3132 ) ;
#1225 = EDGE_CURVE ( 'NONE', #3408, #906, #5197, .T. ) ;
#1226 = CARTESIAN_POINT ( 'NONE',  ( 25.65515099297910950, 0.000000000000000000, 17.11411476945201571 ) ) ;
#1227 = EDGE_LOOP ( 'NONE', ( #3958, #626, #6659, #5515 ) ) ;
#1228 = CYLINDRICAL_SURFACE ( 'NONE', #2038, 325.5254822644255910 ) ;
#1229 = CARTESIAN_POINT ( 'NONE',  ( -9.789244812662245110, 4.330868867295253999, 13.14724873732737542 ) ) ;
#1230 = VERTEX_POINT ( 'NONE', #3258 ) ;
#1231 = ORIENTED_EDGE ( 'NONE', *, *, #42, .T. ) ;
#1232 = EDGE_CURVE ( 'NONE', #3872, #6172, #6646, .T. ) ;
#1233 = EDGE_CURVE ( 'NONE', #528, #2632, #2741, .T. ) ;
#1234 = AXIS2_PLACEMENT_3D ( 'NONE', #6091, #6544, #3431 ) ;
#1235 = CARTESIAN_POINT ( 'NONE',  ( -14.51453906012035233, 4.169999999999999929, 9.534673571902905209 ) ) ;
#1236 = CARTESIAN_POINT ( 'NONE',  ( -9.534673571903027778, 4.169999999999999929, 14.51453906012026529 ) ) ;
#1237 = CARTESIAN_POINT ( 'NONE',  ( 16.30967357190285583, 4.670000000000000817, -26.24918328139951029 ) ) ;
#1238 = VERTEX_POINT ( 'NONE', #5279 ) ;
#1239 = CARTESIAN_POINT ( 'NONE',  ( -28.09902989952649932, 4.669999999999999929, 14.95295861780428659 ) ) ;
#1240 = DIRECTION ( 'NONE',  ( -0.000000000000000000, -1.000000000000000000, -0.000000000000000000 ) ) ;
#1241 = AXIS2_PLACEMENT_3D ( 'NONE', #3880, #5532, #6651 ) ;
#1242 = ORIENTED_EDGE ( 'NONE', *, *, #1007, .F. ) ;
#1243 = ORIENTED_EDGE ( 'NONE', *, *, #5106, .T. ) ;
#1244 = CIRCLE ( 'NONE', #253, 24.63500000000000512 ) ;
#1245 = VECTOR ( 'NONE', #4141, 1000.000000000000000 ) ;
#1246 = DIRECTION ( 'NONE',  ( -0.000000000000000000, -1.000000000000000000, 0.000000000000000000 ) ) ;
#1247 = CARTESIAN_POINT ( 'NONE',  ( -22.25031422186815888, 4.249933565621187626, 11.69152436717009280 ) ) ;
#1248 = ORIENTED_EDGE ( 'NONE', *, *, #2774, .F. ) ;
#1249 = VECTOR ( 'NONE', #3283, 1000.000000000000114 ) ;
#1250 = VERTEX_POINT ( 'NONE', #5838 ) ;
#1251 = AXIS2_PLACEMENT_3D ( 'NONE', #3433, #2404, #5053 ) ;
#1252 = DIRECTION ( 'NONE',  ( 0.1978415312886077360, 0.000000000000000000, -0.9802340172108795491 ) ) ;
#1253 = DIRECTION ( 'NONE',  ( 0.000000000000000000, 1.000000000000000000, 0.000000000000000000 ) ) ;
#1254 = FACE_OUTER_BOUND ( 'NONE', #5523, .T. ) ;
#1255 = CIRCLE ( 'NONE', #6662, 1.000000000000084155 ) ;
#1256 = CARTESIAN_POINT ( 'NONE',  ( -11.83967521388586874, 4.669999999999999929, 21.73172283367740931 ) ) ;
#1257 = DIRECTION ( 'NONE',  ( 0.000000000000000000, 0.000000000000000000, 1.000000000000000000 ) ) ;
#1258 = ORIENTED_EDGE ( 'NONE', *, *, #843, .T. ) ;
#1259 = ADVANCED_FACE ( 'NONE', ( #606 ), #52, .F. ) ;
#1260 = LINE ( 'NONE', #4428, #1029 ) ;
#1261 = AXIS2_PLACEMENT_3D ( 'NONE', #4912, #2199, #2846 ) ;
#1262 = CARTESIAN_POINT ( 'NONE',  ( 13.50067103934782864, 4.660561032871878950, -9.343542946835867724 ) ) ;
#1263 = ORIENTED_EDGE ( 'NONE', *, *, #1733, .T. ) ;
#1264 = DIRECTION ( 'NONE',  ( 0.5000000000000166533, 0.000000000000000000, -0.8660254037844290487 ) ) ;
#1265 = CARTESIAN_POINT ( 'NONE',  ( 17.11411476945194821, 4.542371243354500265, 26.82147501673482637 ) ) ;
#1266 = ORIENTED_EDGE ( 'NONE', *, *, #5310, .T. ) ;
#1267 = EDGE_CURVE ( 'NONE', #6041, #4772, #4258, .T. ) ;
#1268 = FACE_OUTER_BOUND ( 'NONE', #5612, .T. ) ;
#1269 = ORIENTED_EDGE ( 'NONE', *, *, #5265, .T. ) ;
#1270 = VECTOR ( 'NONE', #4721, 999.9999999999998863 ) ;
#1271 = CARTESIAN_POINT ( 'NONE',  ( -12.42271421373342832, 4.169999999999999929, -19.51677218609433240 ) ) ;
#1272 = CARTESIAN_POINT ( 'NONE',  ( -15.11789568002105000, 4.670000000000000817, -28.00565879569467498 ) ) ;
#1273 = CARTESIAN_POINT ( 'NONE',  ( -14.57762276433404480, 0.000000000000000000, -27.24918328139946411 ) ) ;
#1274 = ORIENTED_EDGE ( 'NONE', *, *, #1662, .T. ) ;
#1275 = CARTESIAN_POINT ( 'NONE',  ( 9.814463748651972352, 4.252895429693693607, 13.12827881868123114 ) ) ;
#1276 = DIRECTION ( 'NONE',  ( -0.000000000000000000, -1.000000000000000000, -0.000000000000000000 ) ) ;
#1277 = EDGE_CURVE ( 'NONE', #1410, #5705, #5911, .T. ) ;
#1278 = AXIS2_PLACEMENT_3D ( 'NONE', #6621, #2474, #6589 ) ;
#1279 = ORIENTED_EDGE ( 'NONE', *, *, #33, .F. ) ;
#1280 = ORIENTED_EDGE ( 'NONE', *, *, #4732, .F. ) ;
#1281 = EDGE_CURVE ( 'NONE', #4200, #3714, #4036, .T. ) ;
#1282 = DIRECTION ( 'NONE',  ( 0.4999999999999898970, 0.000000000000000000, -0.8660254037844444808 ) ) ;
#1283 = CARTESIAN_POINT ( 'NONE',  ( 19.71231755233310778, -3.049318610115479988E-17, -12.11074765426255162 ) ) ;
#1284 = ORIENTED_EDGE ( 'NONE', *, *, #3674, .T. ) ;
#1285 = ORIENTED_EDGE ( 'NONE', *, *, #3304, .F. ) ;
#1286 = CARTESIAN_POINT ( 'NONE',  ( -14.41561829447604914, 4.169999999999999929, 9.044556563297465601 ) ) ;
#1287 = CARTESIAN_POINT ( 'NONE',  ( 13.12827881868119384, 4.169999999999999929, 9.814463748652000774 ) ) ;
#1288 = CARTESIAN_POINT ( 'NONE',  ( 10.87118513549161491, 4.512345469905874040, -20.56910327435844721 ) ) ;
#1289 = CARTESIAN_POINT ( 'NONE',  ( 7.182992714690578318, 4.670000000000000817, -14.77861842789655711 ) ) ;
#1290 = DIRECTION ( 'NONE',  ( -0.000000000000000000, -1.000000000000000000, -0.000000000000000000 ) ) ;
#1291 = ORIENTED_EDGE ( 'NONE', *, *, #2202, .F. ) ;
#1292 = CYLINDRICAL_SURFACE ( 'NONE', #3234, 25.55648399467292364 ) ;
#1293 = VECTOR ( 'NONE', #3819, 1000.000000000000000 ) ;
#1294 = EDGE_CURVE ( 'NONE', #1348, #61, #3423, .T. ) ;
#1295 = CARTESIAN_POINT ( 'NONE',  ( 0.000000000000000000, 4.169999999999999929, 0.000000000000000000 ) ) ;
#1296 = VERTEX_POINT ( 'NONE', #5484 ) ;
#1297 = DIRECTION ( 'NONE',  ( 0.000000000000000000, 0.000000000000000000, 1.000000000000000000 ) ) ;
#1298 = CARTESIAN_POINT ( 'NONE',  ( -13.21372566893326272, 4.463829257873584311, -9.706600228646941275 ) ) ;
#1299 = VERTEX_POINT ( 'NONE', #1873 ) ;
#1300 = CARTESIAN_POINT ( 'NONE',  ( 9.007166899749455169, 4.670000000000000817, 14.60087070261887732 ) ) ;
#1301 = VERTEX_POINT ( 'NONE', #3322 ) ;
#1302 = EDGE_CURVE ( 'NONE', #6766, #4200, #1902, .T. ) ;
#1303 = DIRECTION ( 'NONE',  ( 0.5000000000000026645, -0.000000000000000000, 0.8660254037844372643 ) ) ;
#1304 = CARTESIAN_POINT ( 'NONE',  ( 7.802622764334153693, 4.169999999999999929, -15.51453906012027062 ) ) ;
#1305 = CARTESIAN_POINT ( 'NONE',  ( -0.2499999999999944211, 4.670000000000000817, 0.4330127018922109716 ) ) ;
#1306 = ORIENTED_EDGE ( 'NONE', *, *, #2451, .F. ) ;
#1307 = LINE ( 'NONE', #5469, #6783 ) ;
#1308 = CARTESIAN_POINT ( 'NONE',  ( -9.534673571903029554, 2.669999999999999929, 14.51453906012026707 ) ) ;
#1309 = ORIENTED_EDGE ( 'NONE', *, *, #3072, .T. ) ;
#1310 = ORIENTED_EDGE ( 'NONE', *, *, #1148, .T. ) ;
#1311 = EDGE_CURVE ( 'NONE', #710, #3789, #5416, .T. ) ;
#1312 = CARTESIAN_POINT ( 'NONE',  ( -20.26677218609422582, 4.169999999999999929, -11.12367610805697282 ) ) ;
#1313 = CARTESIAN_POINT ( 'NONE',  ( -21.73151264735659893, 4.670000000000002593, 11.83973383295472104 ) ) ;
#1314 = VERTEX_POINT ( 'NONE', #4462 ) ;
#1315 = APPLICATION_PROTOCOL_DEFINITION ( 'draft international standard', 'automotive_design', 1998, #2643 ) ;
#1316 = VERTEX_POINT ( 'NONE', #2841 ) ;
#1317 = EDGE_CURVE ( 'NONE', #6372, #3368, #254, .T. ) ;
#1318 = EDGE_CURVE ( 'NONE', #2820, #95, #1764, .T. ) ;
#1319 = PLANE ( 'NONE',  #2558 ) ;
#1320 = FACE_OUTER_BOUND ( 'NONE', #2309, .T. ) ;
#1321 = DIRECTION ( 'NONE',  ( 0.5000000000000000000, 0.000000000000000000, 0.8660254037844385966 ) ) ;
#1322 = CARTESIAN_POINT ( 'NONE',  ( -15.51453906012026884, 2.669999999999999929, 7.802622764334148364 ) ) ;
#1323 = CARTESIAN_POINT ( 'NONE',  ( 22.07956816487883600, 4.510106162464410318, 11.74074301624494865 ) ) ;
#1324 = CARTESIAN_POINT ( 'NONE',  ( 11.69913432861236480, 4.326912768932367648, 22.22404932505332553 ) ) ;
#1325 = VERTEX_POINT ( 'NONE', #3835 ) ;
#1326 = DIRECTION ( 'NONE',  ( 0.000000000000000000, 0.000000000000000000, 1.000000000000000000 ) ) ;
#1327 = AXIS2_PLACEMENT_3D ( 'NONE', #4051, #6153, #2981 ) ;
#1328 = ORIENTED_EDGE ( 'NONE', *, *, #6582, .T. ) ;
#1329 = CARTESIAN_POINT ( 'NONE',  ( 21.08014108603131120, 4.670000000000000817, 12.74797539976504979 ) ) ;
#1330 = CARTESIAN_POINT ( 'NONE',  ( 14.60087070261883824, 4.670000000000000817, -9.007166899749499578 ) ) ;
#1331 = ORIENTED_EDGE ( 'NONE', *, *, #4272, .F. ) ;
#1332 = CARTESIAN_POINT ( 'NONE',  ( 15.25550955437526035, 0.000000000000000000, -9.385122817033071385 ) ) ;
#1333 = EDGE_CURVE ( 'NONE', #542, #4600, #2811, .T. ) ;
#1334 = ORIENTED_EDGE ( 'NONE', *, *, #1869, .F. ) ;
#1335 = DIRECTION ( 'NONE',  ( 0.9478283262026030442, -0.000000000000000000, 0.3187812165858771030 ) ) ;
#1336 = CARTESIAN_POINT ( 'NONE',  ( 11.12367610805675966, 4.169999999999999929, -20.26677218609433950 ) ) ;
#1337 = DIRECTION ( 'NONE',  ( -0.3187812165859059133, 0.000000000000000000, 0.9478283262025934963 ) ) ;
#1338 = EDGE_LOOP ( 'NONE', ( #6447, #540, #1049, #5968 ) ) ;
#1339 = DIRECTION ( 'NONE',  ( 0.5000000000000002220, -0.000000000000000000, 0.8660254037844385966 ) ) ;
#1340 = DIRECTION ( 'NONE',  ( 0.000000000000000000, 0.000000000000000000, 1.000000000000000000 ) ) ;
#1341 = AXIS2_PLACEMENT_3D ( 'NONE', #621, #686, #2174 ) ;
#1342 = EDGE_CURVE ( 'NONE', #3978, #6041, #1356, .T. ) ;
#1343 = VERTEX_POINT ( 'NONE', #5452 ) ;
#1344 = CARTESIAN_POINT ( 'NONE',  ( 9.534673571902963829, 4.670000000000000817, 14.51453906012032036 ) ) ;
#1345 = CARTESIAN_POINT ( 'NONE',  ( -22.25031422186815888, 4.169999999999999929, 11.69152436717009280 ) ) ;
#1346 = ORIENTED_EDGE ( 'NONE', *, *, #320, .F. ) ;
#1347 = EDGE_CURVE ( 'NONE', #1480, #641, #1244, .T. ) ;
#1348 = VERTEX_POINT ( 'NONE', #4938 ) ;
#1349 = AXIS2_PLACEMENT_3D ( 'NONE', #1460, #4188, #3600 ) ;
#1350 = AXIS2_PLACEMENT_3D ( 'NONE', #6584, #2990, #5086 ) ;
#1351 = CARTESIAN_POINT ( 'NONE',  ( -1.689999999999922231, 2.669999999999999929, -23.07319061161676998 ) ) ;
#1352 = CYLINDRICAL_SURFACE ( 'NONE', #6166, 23.13499999999999801 ) ;
#1353 = DIRECTION ( 'NONE',  ( -0.9802340172108734428, 0.000000000000000000, 0.1978415312886378230 ) ) ;
#1354 = CARTESIAN_POINT ( 'NONE',  ( 22.25031422186815533, 4.670000000000000817, 11.69152436717008570 ) ) ;
#1355 = DIRECTION ( 'NONE',  ( 0.000000000000000000, 0.000000000000000000, 1.000000000000000000 ) ) ;
#1356 = LINE ( 'NONE', #2913, #907 ) ;
#1357 = ORIENTED_EDGE ( 'NONE', *, *, #5535, .T. ) ;
#1358 = VECTOR ( 'NONE', #6388, 1000.000000000000227 ) ;
#1359 = EDGE_CURVE ( 'NONE', #1890, #2146, #3907, .T. ) ;
#1360 = EDGE_CURVE ( 'NONE', #2997, #6508, #584, .T. ) ;
#1361 = CARTESIAN_POINT ( 'NONE',  ( 13.39702377693195423, 4.326913764429924925, -21.24377210742686017 ) ) ;
#1362 = AXIS2_PLACEMENT_3D ( 'NONE', #3761, #1246, #5373 ) ;
#1363 = COLOUR_RGB ( '',0.7921568627450980005, 0.8196078431372548767, 0.9333333333333333481 ) ;
#1364 = CARTESIAN_POINT ( 'NONE',  ( 17.11411476945194821, 4.169999999999999929, 25.65515099297918056 ) ) ;
#1365 = ORIENTED_EDGE ( 'NONE', *, *, #6207, .F. ) ;
#1366 = CARTESIAN_POINT ( 'NONE',  ( -25.65515099297923740, 2.669999999999999929, 17.11411476945184873 ) ) ;
#1367 = CARTESIAN_POINT ( 'NONE',  ( -13.12827881868112101, 4.253898653211590997, -9.814463748652093145 ) ) ;
#1368 = ORIENTED_EDGE ( 'NONE', *, *, #10, .F. ) ;
#1369 = ADVANCED_FACE ( 'NONE', ( #6013 ), #6500, .T. ) ;
#1370 = ADVANCED_FACE ( 'NONE', ( #768 ), #3361, .F. ) ;
#1371 = FACE_OUTER_BOUND ( 'NONE', #979, .T. ) ;
#1372 = VERTEX_POINT ( 'NONE', #1802 ) ;
#1373 = FACE_OUTER_BOUND ( 'NONE', #2328, .T. ) ;
#1374 = DIRECTION ( 'NONE',  ( -0.000000000000000000, -1.000000000000000000, -0.000000000000000000 ) ) ;
#1375 = LINE ( 'NONE', #5576, #6696 ) ;
#1376 = ORIENTED_EDGE ( 'NONE', *, *, #4590, .F. ) ;
#1377 = DIRECTION ( 'NONE',  ( 0.000000000000000000, 0.000000000000000000, 1.000000000000000000 ) ) ;
#1378 = CARTESIAN_POINT ( 'NONE',  ( -27.64883365011735350, 4.169999999999999929, -13.66095511311972466 ) ) ;
#1379 = EDGE_LOOP ( 'NONE', ( #1061, #2717, #2209, #333 ) ) ;
#1380 = AXIS2_PLACEMENT_3D ( 'NONE', #5589, #868, #1353 ) ;
#1381 = EDGE_CURVE ( 'NONE', #817, #2368, #1783, .T. ) ;
#1382 = VECTOR ( 'NONE', #1942, 1000.000000000000227 ) ;
#1383 = CARTESIAN_POINT ( 'NONE',  ( 7.802622764334153693, 0.000000000000000000, -15.51453906012027062 ) ) ;
#1384 = CARTESIAN_POINT ( 'NONE',  ( 23.07319061161675577, 0.000000000000000000, 1.690000000000158042 ) ) ;
#1385 = VERTEX_POINT ( 'NONE', #3074 ) ;
#1386 = DIRECTION ( 'NONE',  ( 0.000000000000000000, 1.000000000000000000, 0.000000000000000000 ) ) ;
#1387 = LINE ( 'NONE', #2454, #5834 ) ;
#1388 = EDGE_CURVE ( 'NONE', #1819, #2564, #3769, .T. ) ;
#1389 = CARTESIAN_POINT ( 'NONE',  ( -9.213200126502751885, 4.670000000000000817, -13.58004976464921221 ) ) ;
#1390 = LINE ( 'NONE', #2517, #4854 ) ;
#1391 = FACE_OUTER_BOUND ( 'NONE', #4158, .T. ) ;
#1392 = PLANE ( 'NONE',  #2016 ) ;
#1393 = ORIENTED_EDGE ( 'NONE', *, *, #5686, .T. ) ;
#1394 = CARTESIAN_POINT ( 'NONE',  ( 2.924091636693207708, 4.670000000000000817, -5.064675280739946217 ) ) ;
#1395 = AXIS2_PLACEMENT_3D ( 'NONE', #5660, #5761, #2589 ) ;
#1396 = EDGE_CURVE ( 'NONE', #1104, #2477, #6677, .T. ) ;
#1397 = VERTEX_POINT ( 'NONE', #3591 ) ;
#1398 = CARTESIAN_POINT ( 'NONE',  ( -28.32166538658454513, 4.445414339703244622, -14.50553064143624482 ) ) ;
#1399 = CYLINDRICAL_SURFACE ( 'NONE', #246, 1.000000000000000888 ) ;
#1400 = EDGE_LOOP ( 'NONE', ( #5697, #2924, #521, #6064 ) ) ;
#1401 = AXIS2_PLACEMENT_3D ( 'NONE', #3607, #6195, #3678 ) ;
#1402 = ORIENTED_EDGE ( 'NONE', *, *, #2964, .F. ) ;
#1403 = ADVANCED_FACE ( 'NONE', ( #364 ), #3111, .F. ) ;
#1404 = LINE ( 'NONE', #4439, #5882 ) ;
#1405 = DIRECTION ( 'NONE',  ( 0.000000000000000000, 0.000000000000000000, 1.000000000000000000 ) ) ;
#1406 = CARTESIAN_POINT ( 'NONE',  ( -13.05437364137021561, 4.633722113560348355, -21.15831806709716645 ) ) ;
#1407 = ORIENTED_EDGE ( 'NONE', *, *, #5766, .F. ) ;
#1408 = CARTESIAN_POINT ( 'NONE',  ( 15.10087070261879383, 4.670000000000000817, 8.141141495965145580 ) ) ;
#1409 = FACE_OUTER_BOUND ( 'NONE', #2464, .T. ) ;
#1410 = VERTEX_POINT ( 'NONE', #974 ) ;
#1411 = DIRECTION ( 'NONE',  ( 0.000000000000000000, 1.000000000000000000, 0.000000000000000000 ) ) ;
#1412 = ORIENTED_EDGE ( 'NONE', *, *, #5573, .F. ) ;
#1413 = ORIENTED_EDGE ( 'NONE', *, *, #4957, .F. ) ;
#1414 = EDGE_CURVE ( 'NONE', #628, #558, #144, .T. ) ;
#1415 = AXIS2_PLACEMENT_3D ( 'NONE', #4612, #414, #4126 ) ;
#1416 = CARTESIAN_POINT ( 'NONE',  ( 15.11937345080782791, 4.670000000000000817, 27.99956995034080265 ) ) ;
#1417 = CARTESIAN_POINT ( 'NONE',  ( -14.57762276433433968, 4.169999999999999929, 27.24918328139931845 ) ) ;
#1418 = DIRECTION ( 'NONE',  ( 0.000000000000000000, 1.000000000000000000, 0.000000000000000000 ) ) ;
#1419 = CARTESIAN_POINT ( 'NONE',  ( -26.64259692272368696, 4.328569447216724875, -17.38813910261044171 ) ) ;
#1420 = DIRECTION ( 'NONE',  ( 0.000000000000000000, 0.000000000000000000, 1.000000000000000000 ) ) ;
#1421 = CARTESIAN_POINT ( 'NONE',  ( 0.000000000000000000, 4.670000000000000817, 0.000000000000000000 ) ) ;
#1422 = ORIENTED_EDGE ( 'NONE', *, *, #2585, .F. ) ;
#1423 = DIRECTION ( 'NONE',  ( -0.9802340172108734428, -0.000000000000000000, 0.1978415312886378230 ) ) ;
#1424 = ADVANCED_FACE ( 'NONE', ( #4112 ), #1015, .T. ) ;
#1425 = CARTESIAN_POINT ( 'NONE',  ( 17.11411476945194821, 4.542371243354500265, 26.82147501673482637 ) ) ;
#1426 = ORIENTED_EDGE ( 'NONE', *, *, #3946, .F. ) ;
#1427 = B_SPLINE_CURVE_WITH_KNOTS ( 'NONE', 3,
 ( #1271, #2720, #4822, #1777, #102, #4371, #6410, #5893 ),
 .UNSPECIFIED., .F., .F.,
 ( 4, 2, 2, 4 ),
 ( 0.000000000000000000, 0.0002401996643866187138, 0.0004803993287732374277, 0.0009607986575464834205 ),
 .UNSPECIFIED. ) ;
#1428 = PLANE ( 'NONE',  #164 ) ;
#1429 = CARTESIAN_POINT ( 'NONE',  ( -1.689999999999918012, 2.669999999999999929, -24.35665843275939579 ) ) ;
#1430 = ORIENTED_EDGE ( 'NONE', *, *, #1396, .T. ) ;
#1431 = CARTESIAN_POINT ( 'NONE',  ( 0.000000000000000000, 4.670000000000000817, 0.000000000000000000 ) ) ;
#1432 = EDGE_CURVE ( 'NONE', #726, #1056, #5170, .T. ) ;
#1433 = ORIENTED_EDGE ( 'NONE', *, *, #3282, .F. ) ;
#1434 = CARTESIAN_POINT ( 'NONE',  ( -12.12453706906246431, 4.670000000000000817, 22.00031422186808072 ) ) ;
#1435 = CARTESIAN_POINT ( 'NONE',  ( 15.25550955437526035, 0.000000000000000000, -9.385122817033071385 ) ) ;
#1436 = VERTEX_POINT ( 'NONE', #6180 ) ;
#1437 = LINE ( 'NONE', #3028, #2935 ) ;
#1438 = CARTESIAN_POINT ( 'NONE',  ( -17.43199224916551415, 4.258284629828290591, -26.61058223289658997 ) ) ;
#1439 = ADVANCED_FACE ( 'NONE', ( #463 ), #1392, .F. ) ;
#1440 = ORIENTED_EDGE ( 'NONE', *, *, #3066, .F. ) ;
#1441 = EDGE_CURVE ( 'NONE', #4684, #715, #5665, .T. ) ;
#1442 = AXIS2_PLACEMENT_3D ( 'NONE', #1471, #1963, #5260 ) ;
#1443 = VECTOR ( 'NONE', #2205, 1000.000000000000000 ) ;
#1444 = DIRECTION ( 'NONE',  ( -0.000000000000000000, -1.000000000000000000, -0.000000000000000000 ) ) ;
#1445 = ORIENTED_EDGE ( 'NONE', *, *, #3207, .T. ) ;
#1446 = ORIENTED_EDGE ( 'NONE', *, *, #2416, .F. ) ;
#1447 = CARTESIAN_POINT ( 'NONE',  ( 25.07812044392483841, 0.000000000000000000, -1.689999999999826308 ) ) ;
#1448 = LINE ( 'NONE', #4, #2383 ) ;
#1449 = LINE ( 'NONE', #3553, #6625 ) ;
#1450 = CARTESIAN_POINT ( 'NONE',  ( 25.65515099297911661, 4.670000000000000817, -17.11411476945202992 ) ) ;
#1451 = B_SPLINE_CURVE_WITH_KNOTS ( 'NONE', 3,
 ( #4582, #6063, #1406, #2442, #3026, #6691, #415, #4546 ),
 .UNSPECIFIED., .F., .F.,
 ( 4, 2, 2, 4 ),
 ( -4.472608283818763055E-06, 0.0004676253585635840935, 0.0007036743419872844643, 0.0009397233254109848893 ),
 .UNSPECIFIED. ) ;
#1452 = VERTEX_POINT ( 'NONE', #2554 ) ;
#1453 = AXIS2_PLACEMENT_3D ( 'NONE', #5153, #1530, #6262 ) ;
#1454 = AXIS2_PLACEMENT_3D ( 'NONE', #1584, #2698, #1073 ) ;
#1455 = CARTESIAN_POINT ( 'NONE',  ( -10.69066340616454625, 4.169999999999999929, -20.51677218609433595 ) ) ;
#1456 = CARTESIAN_POINT ( 'NONE',  ( -7.056435552109441289, 2.669999999999999929, 12.22210489659291888 ) ) ;
#1457 = EDGE_CURVE ( 'NONE', #1436, #4189, #1909, .T. ) ;
#1458 = CIRCLE ( 'NONE', #2139, 25.13500000000000512 ) ;
#1459 = FACE_OUTER_BOUND ( 'NONE', #4737, .T. ) ;
#1460 = CARTESIAN_POINT ( 'NONE',  ( 0.000000000000000000, 0.000000000000000000, 0.000000000000000000 ) ) ;
#1461 = VERTEX_POINT ( 'NONE', #6118 ) ;
#1462 = CARTESIAN_POINT ( 'NONE',  ( -26.24918328139955292, 2.669999999999999929, 16.30967357190281319 ) ) ;
#1463 = ORIENTED_EDGE ( 'NONE', *, *, #2452, .F. ) ;
#1464 = VECTOR ( 'NONE', #6257, 1000.000000000000000 ) ;
#1465 = LINE ( 'NONE', #3088, #6528 ) ;
#1466 = CARTESIAN_POINT ( 'NONE',  ( 28.41310023613297275, 4.169999999999999929, -14.30585555931277142 ) ) ;
#1467 = CARTESIAN_POINT ( 'NONE',  ( 12.41567040287275780, 4.329481505472348779, 19.54557822481136142 ) ) ;
#1468 = ORIENTED_EDGE ( 'NONE', *, *, #1822, .F. ) ;
#1469 = EDGE_CURVE ( 'NONE', #3864, #4454, #2976, .T. ) ;
#1470 = CARTESIAN_POINT ( 'NONE',  ( 0.4330127018922078075, 4.670000000000000817, -0.2499999999999931166 ) ) ;
#1471 = CARTESIAN_POINT ( 'NONE',  ( 3.043171204642130423, 4.670000000000000817, 1.756975714190222693 ) ) ;
#1472 = CARTESIAN_POINT ( 'NONE',  ( 14.57762276433414961, 0.000000000000000000, -27.24918328139941792 ) ) ;
#1473 = ORIENTED_EDGE ( 'NONE', *, *, #2713, .F. ) ;
#1474 = AXIS2_PLACEMENT_3D ( 'NONE', #4052, #4606, #6650 ) ;
#1475 = ORIENTED_EDGE ( 'NONE', *, *, #1347, .T. ) ;
#1476 = EDGE_CURVE ( 'NONE', #2449, #2664, #4875, .T. ) ;
#1477 = DIRECTION ( 'NONE',  ( -0.4999999999999996114, -0.000000000000000000, 0.8660254037844388186 ) ) ;
#1478 = EDGE_LOOP ( 'NONE', ( #2780, #3902, #158, #2732 ) ) ;
#1479 = AXIS2_PLACEMENT_3D ( 'NONE', #5695, #3179, #5207 ) ;
#1480 = VERTEX_POINT ( 'NONE', #5141 ) ;
#1481 = VECTOR ( 'NONE', #5367, 1000.000000000000000 ) ;
#1482 = DIRECTION ( 'NONE',  ( -0.000000000000000000, -1.000000000000000000, -0.000000000000000000 ) ) ;
#1483 = ADVANCED_FACE ( 'NONE', ( #4047 ), #1486, .T. ) ;
#1484 = DIRECTION ( 'NONE',  ( -0.000000000000000000, -1.000000000000000000, -0.000000000000000000 ) ) ;
#1485 = CARTESIAN_POINT ( 'NONE',  ( 10.69066340616454092, 4.169999999999999929, 20.51677218609433950 ) ) ;
#1486 = PLANE ( 'NONE',  #2893 ) ;
#1487 = ORIENTED_EDGE ( 'NONE', *, *, #2402, .T. ) ;
#1488 = CARTESIAN_POINT ( 'NONE',  ( 0.000000000000000000, 4.670000000000000817, 0.000000000000000000 ) ) ;
#1489 = LINE ( 'NONE', #978, #170 ) ;
#1490 = EDGE_LOOP ( 'NONE', ( #1719, #6226, #2940, #2861 ) ) ;
#1491 = CARTESIAN_POINT ( 'NONE',  ( -24.35665843275938514, 0.000000000000000000, -1.689999999999996838 ) ) ;
#1492 = CARTESIAN_POINT ( 'NONE',  ( -14.30585555931274122, 4.670000000000000817, -28.41310023613296210 ) ) ;
#1493 = ORIENTED_EDGE ( 'NONE', *, *, #160, .F. ) ;
#1494 = DIRECTION ( 'NONE',  ( 0.8660254037844338226, -0.000000000000000000, 0.5000000000000083267 ) ) ;
#1495 = ORIENTED_EDGE ( 'NONE', *, *, #1717, .T. ) ;
#1496 = AXIS2_PLACEMENT_3D ( 'NONE', #2612, #1540, #4136 ) ;
#1497 = EDGE_CURVE ( 'NONE', #2632, #1410, #29, .T. ) ;
#1498 = B_SPLINE_CURVE_WITH_KNOTS ( 'NONE', 3,
 ( #1416, #5659, #3005, #6211, #3551, #970, #3069, #5165, #459, #3450 ),
 .UNSPECIFIED., .F., .F.,
 ( 4, 2, 2, 2, 4 ),
 ( 0.000000000000000000, 0.0005456923626132210992, 0.0008185385439198357687, 0.0009549616345731449466, 0.001091384725226454125 ),
 .UNSPECIFIED. ) ;
#1499 = CARTESIAN_POINT ( 'NONE',  ( 27.93023340904410290, 4.670000000000000817, -15.13432342270004582 ) ) ;
#1500 = CARTESIAN_POINT ( 'NONE',  ( 12.39296216218111724, 4.460164429271618936, -19.63781968979060011 ) ) ;
#1501 = CARTESIAN_POINT ( 'NONE',  ( -14.38224963535165024, 4.327750201209305203, -28.37646522803498073 ) ) ;
#1502 = ORIENTED_EDGE ( 'NONE', *, *, #1752, .T. ) ;
#1503 = VECTOR ( 'NONE', #1675, 1000.000000000000114 ) ;
#1504 = CARTESIAN_POINT ( 'NONE',  ( 7.802622764334153693, 4.169999999999999929, -15.51453906012027062 ) ) ;
#1505 = CARTESIAN_POINT ( 'NONE',  ( 20.72359088446826902, 4.615723380824201527, -10.81007023734417238 ) ) ;
#1506 = CARTESIAN_POINT ( 'NONE',  ( -25.65515099297923740, 4.169999999999999929, 17.11411476945184873 ) ) ;
#1507 = ORIENTED_EDGE ( 'NONE', *, *, #728, .F. ) ;
#1508 = ADVANCED_FACE ( 'NONE', ( #871 ), #5624, .T. ) ;
#1509 = AXIS2_PLACEMENT_3D ( 'NONE', #1295, #4572, #4430 ) ;
#1510 = DIRECTION ( 'NONE',  ( -0.5000000000000056621, 0.000000000000000000, 0.8660254037844353769 ) ) ;
#1511 = ORIENTED_EDGE ( 'NONE', *, *, #1587, .T. ) ;
#1512 = ORIENTED_EDGE ( 'NONE', *, *, #2567, .F. ) ;
#1513 = ADVANCED_FACE ( 'NONE', ( #5112 ), #401, .T. ) ;
#1514 = CARTESIAN_POINT ( 'NONE',  ( 21.25031422186818020, 4.169999999999999929, 13.42357517473893225 ) ) ;
#1515 = CARTESIAN_POINT ( 'NONE',  ( -7.055889595467697006, 4.669999999999999929, 14.79608199095324217 ) ) ;
#1516 = DIRECTION ( 'NONE',  ( 0.000000000000000000, 1.000000000000000000, 0.000000000000000000 ) ) ;
#1517 = DIRECTION ( 'NONE',  ( 0.8660254037844348218, 0.000000000000000000, 0.5000000000000066613 ) ) ;
#1518 = ORIENTED_EDGE ( 'NONE', *, *, #636, .F. ) ;
#1519 = LINE ( 'NONE', #366, #3346 ) ;
#1520 = EDGE_CURVE ( 'NONE', #5171, #682, #4699, .T. ) ;
#1521 = VECTOR ( 'NONE', #311, 999.9999999999998863 ) ;
#1522 = EDGE_CURVE ( 'NONE', #5604, #1882, #533, .T. ) ;
#1523 = CARTESIAN_POINT ( 'NONE',  ( 3.133803367899199888, 4.670000000000000817, 5.427906654126693375 ) ) ;
#1524 = ORIENTED_EDGE ( 'NONE', *, *, #1520, .T. ) ;
#1525 = DIRECTION ( 'NONE',  ( 0.000000000000000000, 0.000000000000000000, -1.000000000000000000 ) ) ;
#1526 = CARTESIAN_POINT ( 'NONE',  ( 13.58068175890711871, 4.670000000000000817, 9.213072570521784854 ) ) ;
#1527 = ORIENTED_EDGE ( 'NONE', *, *, #1158, .F. ) ;
#1528 = CYLINDRICAL_SURFACE ( 'NONE', #3550, 0.5000000000000001110 ) ;
#1529 = VERTEX_POINT ( 'NONE', #1690 ) ;
#1530 = DIRECTION ( 'NONE',  ( 0.4999999999999998335, -0.000000000000000000, 0.8660254037844387076 ) ) ;
#1531 = CARTESIAN_POINT ( 'NONE',  ( -12.32736295660698467, 4.633969980009441159, 19.90160601478454083 ) ) ;
#1532 = CYLINDRICAL_SURFACE ( 'NONE', #2281, 1.000000000000032196 ) ;
#1533 = ORIENTED_EDGE ( 'NONE', *, *, #4763, .T. ) ;
#1534 = CARTESIAN_POINT ( 'NONE',  ( 26.24918328139943213, 4.670000000000000817, -16.30967357190300149 ) ) ;
#1535 = CARTESIAN_POINT ( 'NONE',  ( -17.35487660447365599, 4.358585485333403398, -26.66318238176553379 ) ) ;
#1536 = ADVANCED_FACE ( 'NONE', ( #4252 ), #599, .F. ) ;
#1537 = CARTESIAN_POINT ( 'NONE',  ( -13.30998776915154380, 4.457217567313236373, 21.22220541731576660 ) ) ;
#1538 = AXIS2_PLACEMENT_3D ( 'NONE', #4424, #5449, #3975 ) ;
#1539 = VERTEX_POINT ( 'NONE', #3696 ) ;
#1540 = DIRECTION ( 'NONE',  ( 0.000000000000000000, 1.000000000000000000, 0.000000000000000000 ) ) ;
#1541 = CARTESIAN_POINT ( 'NONE',  ( -17.45353882510994126, 4.169999999999999929, -26.59578445530170399 ) ) ;
#1542 = EDGE_CURVE ( 'NONE', #2586, #805, #5797, .T. ) ;
#1543 = ORIENTED_EDGE ( 'NONE', *, *, #2548, .T. ) ;
#1544 = VERTEX_POINT ( 'NONE', #633 ) ;
#1545 = CYLINDRICAL_SURFACE ( 'NONE', #2718, 0.5000000000000004441 ) ;
#1546 = VECTOR ( 'NONE', #2347, 1000.000000000000000 ) ;
#1547 = CIRCLE ( 'NONE', #2003, 23.63499999999999801 ) ;
#1548 = EDGE_CURVE ( 'NONE', #3716, #892, #4729, .T. ) ;
#1549 = CARTESIAN_POINT ( 'NONE',  ( 14.37984667811578454, 4.329346178387002197, -28.37947392254286427 ) ) ;
#1550 = CARTESIAN_POINT ( 'NONE',  ( 28.41310023613412383, 4.169999999999999929, 14.30585555931132369 ) ) ;
#1551 = EDGE_LOOP ( 'NONE', ( #4139, #6313, #3201, #2007 ) ) ;
#1552 = SURFACE_SIDE_STYLE ('',( #4076 ) ) ;
#1553 = CIRCLE ( 'NONE', #132, 1.000000000000000888 ) ;
#1554 = DIRECTION ( 'NONE',  ( 0.000000000000000000, -0.000000000000000000, 1.000000000000000000 ) ) ;
#1555 = CARTESIAN_POINT ( 'NONE',  ( -27.02108929809747551, 4.670000000000000817, 15.02328291086375422 ) ) ;
#1556 = EDGE_CURVE ( 'NONE', #5901, #4608, #5757, .T. ) ;
#1557 = DIRECTION ( 'NONE',  ( 3.469446951953611033E-15, 0.000000000000000000, 1.000000000000000000 ) ) ;
#1558 = DIRECTION ( 'NONE',  ( -0.000000000000000000, -1.000000000000000000, -0.000000000000000000 ) ) ;
#1559 = ORIENTED_EDGE ( 'NONE', *, *, #3927, .T. ) ;
#1560 = LINE ( 'NONE', #3603, #2899 ) ;
#1561 = EDGE_LOOP ( 'NONE', ( #4824, #4997, #5426, #1493 ) ) ;
#1562 = FACE_OUTER_BOUND ( 'NONE', #4974, .T. ) ;
#1563 = CIRCLE ( 'NONE', #6425, 23.13499999999999801 ) ;
#1564 = CARTESIAN_POINT ( 'NONE',  ( 21.08014108603131120, 4.670000000000000817, 12.74797539976504979 ) ) ;
#1565 = ORIENTED_EDGE ( 'NONE', *, *, #2730, .F. ) ;
#1566 = EDGE_CURVE ( 'NONE', #1646, #6372, #4800, .T. ) ;
#1567 = CARTESIAN_POINT ( 'NONE',  ( 26.24918328139943569, 4.169999999999999929, -16.30967357190300149 ) ) ;
#1568 = CARTESIAN_POINT ( 'NONE',  ( 7.137245698860630760, 4.670000000000000817, 14.76323242501154276 ) ) ;
#1569 = EDGE_LOOP ( 'NONE', ( #482, #5122, #5593, #2939 ) ) ;
#1570 = AXIS2_PLACEMENT_3D ( 'NONE', #1687, #2799, #2310 ) ;
#1571 = CIRCLE ( 'NONE', #273, 25.13500000000000512 ) ;
#1572 = CARTESIAN_POINT ( 'NONE',  ( -9.534673571903029554, 4.462893218813452911, 14.51453906012026529 ) ) ;
#1573 = ORIENTED_EDGE ( 'NONE', *, *, #2956, .T. ) ;
#1574 = AXIS2_PLACEMENT_3D ( 'NONE', #1766, #2394, #3911 ) ;
#1575 = ORIENTED_EDGE ( 'NONE', *, *, #3720, .T. ) ;
#1576 = ORIENTED_EDGE ( 'NONE', *, *, #3426, .F. ) ;
#1577 = AXIS2_PLACEMENT_3D ( 'NONE', #5016, #4081, #6579 ) ;
#1578 = ORIENTED_EDGE ( 'NONE', *, *, #1020, .F. ) ;
#1579 = ADVANCED_FACE ( 'NONE', ( #2734 ), #3762, .F. ) ;
#1580 = DIRECTION ( 'NONE',  ( 0.8660254037844342667, -0.000000000000000000, 0.5000000000000075495 ) ) ;
#1581 = CARTESIAN_POINT ( 'NONE',  ( 13.12827881868119384, 0.000000000000000000, 9.814463748652000774 ) ) ;
#1582 = VECTOR ( 'NONE', #3564, 1000.000000000000114 ) ;
#1583 = CYLINDRICAL_SURFACE ( 'NONE', #2903, 0.9999999999999974465 ) ;
#1584 = CARTESIAN_POINT ( 'NONE',  ( 0.000000000000000000, 0.000000000000000000, 0.000000000000000000 ) ) ;
#1585 = DIRECTION ( 'NONE',  ( -0.000000000000000000, -1.000000000000000000, -0.000000000000000000 ) ) ;
#1586 = AXIS2_PLACEMENT_3D ( 'NONE', #6273, #1418, #3688 ) ;
#1587 = EDGE_CURVE ( 'NONE', #4124, #4247, #5647, .T. ) ;
#1588 = FACE_OUTER_BOUND ( 'NONE', #4677, .T. ) ;
#1589 = CARTESIAN_POINT ( 'NONE',  ( 27.24918328139936463, 0.000000000000000000, 14.57762276433424908 ) ) ;
#1590 = VECTOR ( 'NONE', #2685, 1000.000000000000000 ) ;
#1591 = DIRECTION ( 'NONE',  ( -0.000000000000000000, -1.000000000000000000, 0.000000000000000000 ) ) ;
#1592 = FACE_OUTER_BOUND ( 'NONE', #2699, .T. ) ;
#1593 = EDGE_LOOP ( 'NONE', ( #6480, #5120, #6452, #5784, #106, #5282, #6747 ) ) ;
#1594 = B_SPLINE_CURVE_WITH_KNOTS ( 'NONE', 3,
 ( #431, #5, #6179, #1975, #5169, #2011, #5273, #563 ),
 .UNSPECIFIED., .F., .F.,
 ( 4, 2, 2, 4 ),
 ( 0.000000000000000000, 0.0002401996643866250835, 0.0004803993287732501670, 0.0009607986575465003341 ),
 .UNSPECIFIED. ) ;
#1595 = CARTESIAN_POINT ( 'NONE',  ( 10.69066340616454092, 0.000000000000000000, -20.51677218609433950 ) ) ;
#1596 = ORIENTED_EDGE ( 'NONE', *, *, #5348, .T. ) ;
#1597 = ADVANCED_FACE ( 'NONE', ( #5244 ), #82, .T. ) ;
#1598 = CARTESIAN_POINT ( 'NONE',  ( 28.38610469966989314, 4.272769536610458552, -14.35202395964309652 ) ) ;
#1599 = CARTESIAN_POINT ( 'NONE',  ( 14.41561829447598164, 4.169999999999999929, -9.044556563297565077 ) ) ;
#1600 = CARTESIAN_POINT ( 'NONE',  ( -14.41341771257683746, 4.358470735739325086, -28.36142205299496766 ) ) ;
#1601 = ORIENTED_EDGE ( 'NONE', *, *, #1077, .F. ) ;
#1602 = DIRECTION ( 'NONE',  ( 0.000000000000000000, 0.000000000000000000, 1.000000000000000000 ) ) ;
#1603 = DIRECTION ( 'NONE',  ( 0.000000000000000000, 0.000000000000000000, 1.000000000000000000 ) ) ;
#1604 = DIRECTION ( 'NONE',  ( -0.000000000000000000, -1.000000000000000000, -0.000000000000000000 ) ) ;
#1605 = VERTEX_POINT ( 'NONE', #3180 ) ;
#1606 = EDGE_CURVE ( 'NONE', #4523, #3278, #1679, .T. ) ;
#1607 = EDGE_CURVE ( 'NONE', #180, #2881, #4987, .T. ) ;
#1608 = FACE_OUTER_BOUND ( 'NONE', #2409, .T. ) ;
#1609 = ORIENTED_EDGE ( 'NONE', *, *, #2087, .F. ) ;
#1610 = DIRECTION ( 'NONE',  ( -0.000000000000000000, -1.000000000000000000, -0.000000000000000000 ) ) ;
#1611 = CARTESIAN_POINT ( 'NONE',  ( -19.63782088549197269, 4.460165735794748620, -12.39296186723059456 ) ) ;
#1612 = ORIENTED_EDGE ( 'NONE', *, *, #6440, .T. ) ;
#1613 = ORIENTED_EDGE ( 'NONE', *, *, #655, .F. ) ;
#1614 = AXIS2_PLACEMENT_3D ( 'NONE', #4890, #6483, #6514 ) ;
#1615 = EDGE_LOOP ( 'NONE', ( #1969, #2443, #3721, #6333 ) ) ;
#1616 = B_SPLINE_CURVE_WITH_KNOTS ( 'NONE', 3,
 ( #3421, #735, #1799, #766, #1288, #2872, #2357, #5520 ),
 .UNSPECIFIED., .F., .F.,
 ( 4, 2, 2, 4 ),
 ( 0.000000000000000000, 0.0002401996643866249751, 0.0004803993287732499502, 0.0009607986575465025025 ),
 .UNSPECIFIED. ) ;
#1617 = DIRECTION ( 'NONE',  ( -0.000000000000000000, -1.000000000000000000, -0.000000000000000000 ) ) ;
#1618 = DIRECTION ( 'NONE',  ( -0.8660254037844390407, 0.000000000000000000, -0.4999999999999992784 ) ) ;
#1619 = CARTESIAN_POINT ( 'NONE',  ( 0.000000000000000000, 4.670000000000000817, -25.13500000000000512 ) ) ;
#1620 = EDGE_CURVE ( 'NONE', #559, #1296, #1179, .T. ) ;
#1621 = FACE_OUTER_BOUND ( 'NONE', #6384, .T. ) ;
#1622 = CARTESIAN_POINT ( 'NONE',  ( -21.25031422186807717, 4.249933037358194277, -13.42357517473909567 ) ) ;
#1623 = DIRECTION ( 'NONE',  ( -0.8660254037844438146, 0.000000000000000000, -0.4999999999999909517 ) ) ;
#1624 = CARTESIAN_POINT ( 'NONE',  ( -7.802622764334155470, 0.000000000000000000, -15.51453906012026529 ) ) ;
#1625 = ORIENTED_EDGE ( 'NONE', *, *, #4941, .T. ) ;
#1626 = EDGE_CURVE ( 'NONE', #5156, #6701, #940, .T. ) ;
#1627 = DIRECTION ( 'NONE',  ( -1.000000000000000000, 0.000000000000000000, 0.000000000000000000 ) ) ;
#1628 = AXIS2_PLACEMENT_3D ( 'NONE', #3335, #1374, #202 ) ;
#1629 = DIRECTION ( 'NONE',  ( -0.3187812165858939784, 0.000000000000000000, 0.9478283262025974931 ) ) ;
#1630 = CYLINDRICAL_SURFACE ( 'NONE', #4842, 0.5000000000000004441 ) ;
#1631 = CARTESIAN_POINT ( 'NONE',  ( 21.20756579381225038, 4.510106162464412094, -13.25109542725281742 ) ) ;
#1632 = ORIENTED_EDGE ( 'NONE', *, *, #5013, .F. ) ;
#1633 = DIRECTION ( 'NONE',  ( 0.000000000000000000, 1.000000000000000000, 0.000000000000000000 ) ) ;
#1634 = DIRECTION ( 'NONE',  ( 0.000000000000000000, 0.000000000000000000, -1.000000000000000000 ) ) ;
#1635 = ORIENTED_EDGE ( 'NONE', *, *, #1051, .T. ) ;
#1636 = EDGE_CURVE ( 'NONE', #5489, #6377, #5538, .T. ) ;
#1637 = EDGE_LOOP ( 'NONE', ( #2481, #36, #6136, #3101, #357, #2050 ) ) ;
#1638 = B_SPLINE_CURVE_WITH_KNOTS ( 'NONE', 3,
 ( #5683, #962, #5158, #2540, #4652, #2232, #2135, #6478, #6445, #3300 ),
 .UNSPECIFIED., .F., .F.,
 ( 4, 2, 2, 2, 4 ),
 ( 0.000000000000000000, 0.0005399155584765584796, 0.0008098733377148409178, 0.0009448522273339846848, 0.001079831116953128235 ),
 .UNSPECIFIED. ) ;
#1639 = PLANE ( 'NONE',  #1341 ) ;
#1640 = CARTESIAN_POINT ( 'NONE',  ( 0.000000000000000000, 4.670000000000000817, 0.000000000000000000 ) ) ;
#1641 = EDGE_LOOP ( 'NONE', ( #163, #142, #3755, #3497, #5586 ) ) ;
#1642 = LINE ( 'NONE', #5621, #1590 ) ;
#1643 = FACE_OUTER_BOUND ( 'NONE', #647, .T. ) ;
#1644 = EDGE_CURVE ( 'NONE', #3575, #1461, #4762, .T. ) ;
#1645 = ORIENTED_EDGE ( 'NONE', *, *, #2195, .T. ) ;
#1646 = VERTEX_POINT ( 'NONE', #4928 ) ;
#1647 = ORIENTED_EDGE ( 'NONE', *, *, #5283, .T. ) ;
#1648 = VECTOR ( 'NONE', #5939, 1000.000000000000000 ) ;
#1649 = FACE_OUTER_BOUND ( 'NONE', #6442, .T. ) ;
#1650 = EDGE_CURVE ( 'NONE', #660, #3537, #4963, .T. ) ;
#1651 = CARTESIAN_POINT ( 'NONE',  ( 26.59578445530147306, 4.169999999999999929, -17.45353882511041377 ) ) ;
#1652 = CARTESIAN_POINT ( 'NONE',  ( 12.99056247284680410, 4.670000000000000817, 21.50031422186810559 ) ) ;
#1653 = VECTOR ( 'NONE', #3275, 1000.000000000000114 ) ;
#1654 = CARTESIAN_POINT ( 'NONE',  ( 16.30967357190292333, 4.169999999999999929, 26.24918328139951029 ) ) ;
#1655 = DIRECTION ( 'NONE',  ( -0.000000000000000000, -1.000000000000000000, -0.000000000000000000 ) ) ;
#1656 = CARTESIAN_POINT ( 'NONE',  ( 21.88457823746915309, 4.633722113560349243, -11.79645412677232130 ) ) ;
#1657 = DIRECTION ( 'NONE',  ( 0.5000000000000333067, -0.000000000000000000, 0.8660254037844193897 ) ) ;
#1658 = CYLINDRICAL_SURFACE ( 'NONE', #4325, 0.5000000000000000000 ) ;
#1659 = ORIENTED_EDGE ( 'NONE', *, *, #5565, .T. ) ;
#1660 = CIRCLE ( 'NONE', #5516, 11.34208899530036696 ) ;
#1661 = LINE ( 'NONE', #1189, #5103 ) ;
#1662 = EDGE_CURVE ( 'NONE', #3989, #6340, #6523, .T. ) ;
#1663 = CARTESIAN_POINT ( 'NONE',  ( 14.76453906012028128, 4.169999999999999929, 9.101660870010778837 ) ) ;
#1664 = AXIS2_PLACEMENT_3D ( 'NONE', #847, #2332, #1810 ) ;
#1665 = CYLINDRICAL_SURFACE ( 'NONE', #85, 1.000000000000000888 ) ;
#1666 = ORIENTED_EDGE ( 'NONE', *, *, #4644, .T. ) ;
#1667 = CARTESIAN_POINT ( 'NONE',  ( -1.725477202014698008, 4.670000000000000817, -2.988614181191272756 ) ) ;
#1668 = DIRECTION ( 'NONE',  ( 0.8660254037844401509, 0.000000000000000000, 0.4999999999999974465 ) ) ;
#1669 = ORIENTED_EDGE ( 'NONE', *, *, #5167, .T. ) ;
#1670 = ORIENTED_EDGE ( 'NONE', *, *, #4429, .T. ) ;
#1671 = VECTOR ( 'NONE', #1698, 1000.000000000000114 ) ;
#1672 = CIRCLE ( 'NONE', #1350, 1.499999999999997780 ) ;
#1673 = EDGE_CURVE ( 'NONE', #527, #4148, #2833, .T. ) ;
#1674 = FACE_OUTER_BOUND ( 'NONE', #2583, .T. ) ;
#1675 = DIRECTION ( 'NONE',  ( -0.1978415312886127320, 0.000000000000000000, 0.9802340172108785499 ) ) ;
#1676 = VERTEX_POINT ( 'NONE', #4452 ) ;
#1677 = CYLINDRICAL_SURFACE ( 'NONE', #2701, 11.67924603423417551 ) ;
#1678 = CARTESIAN_POINT ( 'NONE',  ( 9.534673571902946065, 4.169999999999999929, -14.51453906012031503 ) ) ;
#1679 = CIRCLE ( 'NONE', #1135, 1.000000000000000888 ) ;
#1680 = AXIS2_PLACEMENT_3D ( 'NONE', #1883, #5602, #6058 ) ;
#1681 = ORIENTED_EDGE ( 'NONE', *, *, #292, .T. ) ;
#1682 = ORIENTED_EDGE ( 'NONE', *, *, #4605, .F. ) ;
#1683 = ORIENTED_EDGE ( 'NONE', *, *, #2108, .T. ) ;
#1684 = AXIS2_PLACEMENT_3D ( 'NONE', #1037, #3590, #4698 ) ;
#1685 = EDGE_CURVE ( 'NONE', #5989, #213, #5476, .T. ) ;
#1686 = AXIS2_PLACEMENT_3D ( 'NONE', #6710, #5077, #2593 ) ;
#1687 = CARTESIAN_POINT ( 'NONE',  ( -21.25031422186808427, 4.670000000000000817, -13.42357517473907613 ) ) ;
#1688 = CIRCLE ( 'NONE', #5318, 23.13500000000000156 ) ;
#1689 = PLANE ( 'NONE',  #788 ) ;
#1690 = CARTESIAN_POINT ( 'NONE',  ( -23.07319061161676288, 0.000000000000000000, -1.689999999999996838 ) ) ;
#1691 = ORIENTED_EDGE ( 'NONE', *, *, #3664, .F. ) ;
#1692 = CARTESIAN_POINT ( 'NONE',  ( 26.59578445530147306, 4.670000000000000817, -17.45353882511041377 ) ) ;
#1693 = EDGE_CURVE ( 'NONE', #4124, #3608, #1840, .T. ) ;
#1694 = AXIS2_PLACEMENT_3D ( 'NONE', #1667, #196, #1706 ) ;
#1695 = LINE ( 'NONE', #2808, #5554 ) ;
#1696 = CARTESIAN_POINT ( 'NONE',  ( -14.51453906012026884, 4.670000000000000817, -9.534673571903027778 ) ) ;
#1697 = CARTESIAN_POINT ( 'NONE',  ( -11.79645412677247585, 4.633722113560348355, 21.88457823746905717 ) ) ;
#1698 = DIRECTION ( 'NONE',  ( -0.9478283262026123701, -0.000000000000000000, -0.3187812165858492919 ) ) ;
#1699 = ORIENTED_EDGE ( 'NONE', *, *, #792, .F. ) ;
#1700 = CYLINDRICAL_SURFACE ( 'NONE', #1574, 0.5000000000000007772 ) ;
#1701 =( BOUNDED_CURVE ( )  B_SPLINE_CURVE ( 3, ( #3614, #1572, #2140, #4241 ),
 .UNSPECIFIED., .F., .T. ) 
 B_SPLINE_CURVE_WITH_KNOTS ( ( 4, 4 ),
 ( 3.141592653589793116, 4.712388980384689674 ),
 .UNSPECIFIED. ) 
 CURVE ( )  GEOMETRIC_REPRESENTATION_ITEM ( )  RATIONAL_B_SPLINE_CURVE ( ( 1.000000000000000000, 0.8047378541243649375, 0.8047378541243649375, 1.000000000000000000 ) ) 
 REPRESENTATION_ITEM ( '' )  );
#1702 = CYLINDRICAL_SURFACE ( 'NONE', #5384, 1.000000000000025091 ) ;
#1703 = AXIS2_PLACEMENT_3D ( 'NONE', #3388, #2944, #4492 ) ;
#1704 = DIRECTION ( 'NONE',  ( -0.000000000000000000, -1.000000000000000000, -0.000000000000000000 ) ) ;
#1705 = ORIENTED_EDGE ( 'NONE', *, *, #1277, .F. ) ;
#1706 = DIRECTION ( 'NONE',  ( 0.000000000000000000, 0.000000000000000000, -1.000000000000000000 ) ) ;
#1707 = DIRECTION ( 'NONE',  ( 2.312964634635698090E-15, 0.000000000000000000, 1.000000000000000000 ) ) ;
#1708 = ORIENTED_EDGE ( 'NONE', *, *, #4183, .T. ) ;
#1709 = EDGE_CURVE ( 'NONE', #249, #551, #6536, .T. ) ;
#1710 = ORIENTED_EDGE ( 'NONE', *, *, #4749, .F. ) ;
#1711 = VECTOR ( 'NONE', #1023, 1000.000000000000227 ) ;
#1712 = CARTESIAN_POINT ( 'NONE',  ( 17.45353882510843846, 4.670000000000000817, -26.59578445530216229 ) ) ;
#1713 = DIRECTION ( 'NONE',  ( -1.000000000000000000, -0.000000000000000000, -6.921832167980893463E-15 ) ) ;
#1714 = CARTESIAN_POINT ( 'NONE',  ( 13.58068175890711871, 4.670000000000000817, 9.213072570521784854 ) ) ;
#1715 = DIRECTION ( 'NONE',  ( 1.000000000000000000, -0.000000000000000000, 1.051949387485943067E-14 ) ) ;
#1716 = ORIENTED_EDGE ( 'NONE', *, *, #3705, .T. ) ;
#1717 = EDGE_CURVE ( 'NONE', #1325, #6670, #2180, .T. ) ;
#1718 = ORIENTED_EDGE ( 'NONE', *, *, #1824, .T. ) ;
#1719 = ORIENTED_EDGE ( 'NONE', *, *, #1522, .F. ) ;
#1720 = LINE ( 'NONE', #6036, #5203 ) ;
#1721 = AXIS2_PLACEMENT_3D ( 'NONE', #2065, #446, #2537 ) ;
#1722 = DIRECTION ( 'NONE',  ( -0.8660254037844308250, 0.000000000000000000, 0.5000000000000134337 ) ) ;
#1723 = CARTESIAN_POINT ( 'NONE',  ( 0.000000000000000000, 0.000000000000000000, 0.000000000000000000 ) ) ;
#1724 = EDGE_LOOP ( 'NONE', ( #557, #4270, #4334, #3204 ) ) ;
#1725 = EDGE_CURVE ( 'NONE', #4827, #5171, #2105, .T. ) ;
#1726 = DIRECTION ( 'NONE',  ( 0.000000000000000000, 0.000000000000000000, -1.000000000000000000 ) ) ;
#1727 = ORIENTED_EDGE ( 'NONE', *, *, #3544, .T. ) ;
#1728 = CARTESIAN_POINT ( 'NONE',  ( 9.534673571902946065, 4.462893218813452911, -14.51453906012031503 ) ) ;
#1729 = CARTESIAN_POINT ( 'NONE',  ( -6.621581698909876579, 4.169999999999999929, -14.58980017709343002 ) ) ;
#1730 = CARTESIAN_POINT ( 'NONE',  ( 15.99902080799003201, 4.669999999999977724, -26.45082627711692780 ) ) ;
#1731 = CARTESIAN_POINT ( 'NONE',  ( 11.74074301624495043, 4.510106162464412094, 22.07956816487882890 ) ) ;
#1732 = ORIENTED_EDGE ( 'NONE', *, *, #6498, .T. ) ;
#1733 = EDGE_CURVE ( 'NONE', #69, #6654, #761, .T. ) ;
#1734 = EDGE_CURVE ( 'NONE', #3212, #5642, #5825, .T. ) ;
#1735 = DIRECTION ( 'NONE',  ( 0.1978415312886028232, -0.000000000000000000, 0.9802340172108805483 ) ) ;
#1736 = PLANE ( 'NONE',  #3055 ) ;
#1737 = ORIENTED_EDGE ( 'NONE', *, *, #3344, .T. ) ;
#1738 = DIRECTION ( 'NONE',  ( 0.000000000000000000, 1.000000000000000000, 0.000000000000000000 ) ) ;
#1739 = DIRECTION ( 'NONE',  ( 0.000000000000000000, 0.000000000000000000, -1.000000000000000000 ) ) ;
#1740 = ORIENTED_EDGE ( 'NONE', *, *, #3674, .F. ) ;
#1741 = VECTOR ( 'NONE', #2407, 1000.000000000000000 ) ;
#1742 =( BOUNDED_CURVE ( )  B_SPLINE_CURVE ( 3, ( #2892, #6590, #5029, #4445 ),
 .UNSPECIFIED., .F., .T. ) 
 B_SPLINE_CURVE_WITH_KNOTS ( ( 4, 4 ),
 ( 0.000000000000000000, 1.570796326794897446 ),
 .UNSPECIFIED. ) 
 CURVE ( )  GEOMETRIC_REPRESENTATION_ITEM ( )  RATIONAL_B_SPLINE_CURVE ( ( 1.000000000000000000, 0.8047378541243648264, 0.8047378541243648264, 1.000000000000000000 ) ) 
 REPRESENTATION_ITEM ( '' )  );
#1743 = ORIENTED_EDGE ( 'NONE', *, *, #5357, .T. ) ;
#1744 = DIRECTION ( 'NONE',  ( 0.5000000000000054401, 0.000000000000000000, -0.8660254037844354880 ) ) ;
#1745 = CARTESIAN_POINT ( 'NONE',  ( 13.02935805303689243, 4.169999999999999929, 9.324346740046559390 ) ) ;
#1746 = ORIENTED_EDGE ( 'NONE', *, *, #78, .F. ) ;
#1747 = FACE_OUTER_BOUND ( 'NONE', #4370, .T. ) ;
#1748 = DIRECTION ( 'NONE',  ( -0.000000000000000000, -1.000000000000000000, -0.000000000000000000 ) ) ;
#1749 = ORIENTED_EDGE ( 'NONE', *, *, #2373, .F. ) ;
#1750 = EDGE_LOOP ( 'NONE', ( #1205, #1063, #1507, #5394 ) ) ;
#1751 = EDGE_LOOP ( 'NONE', ( #2473, #1263, #1964, #3651 ) ) ;
#1752 = EDGE_CURVE ( 'NONE', #5181, #600, #759, .T. ) ;
#1753 = DIRECTION ( 'NONE',  ( 0.9478283262025962719, 0.000000000000000000, -0.3187812165858973090 ) ) ;
#1754 = CARTESIAN_POINT ( 'NONE',  ( -21.88457452484587051, 4.633723619367147606, 11.79645518226601375 ) ) ;
#1755 = EDGE_LOOP ( 'NONE', ( #2573, #3883, #175, #5685 ) ) ;
#1756 = DIRECTION ( 'NONE',  ( 0.000000000000000000, 0.000000000000000000, 1.000000000000000000 ) ) ;
#1757 = ORIENTED_EDGE ( 'NONE', *, *, #6705, .F. ) ;
#1758 = DIRECTION ( 'NONE',  ( 0.9478283262025980482, 0.000000000000000000, -0.3187812165858919244 ) ) ;
#1759 = EDGE_CURVE ( 'NONE', #1539, #2438, #664, .T. ) ;
#1760 = VECTOR ( 'NONE', #2424, 1000.000000000000000 ) ;
#1761 = DIRECTION ( 'NONE',  ( 2.312964634635740689E-15, 0.000000000000000000, 1.000000000000000000 ) ) ;
#1762 = CYLINDRICAL_SURFACE ( 'NONE', #5504, 0.4999999999999993894 ) ;
#1763 = CARTESIAN_POINT ( 'NONE',  ( 13.42357517473885586, 0.000000000000000000, -21.25031422186822638 ) ) ;
#1764 = LINE ( 'NONE', #706, #368 ) ;
#1765 = VERTEX_POINT ( 'NONE', #2764 ) ;
#1766 = CARTESIAN_POINT ( 'NONE',  ( -13.02935805303680716, 4.169999999999999929, -9.324346740046655313 ) ) ;
#1767 = CIRCLE ( 'NONE', #5513, 23.31046236190303844 ) ;
#1768 = EDGE_CURVE ( 'NONE', #4772, #4828, #4866, .T. ) ;
#1769 = DIRECTION ( 'NONE',  ( 0.9478283262025973821, -0.000000000000000000, 0.3187812165858939228 ) ) ;
#1770 = ORIENTED_EDGE ( 'NONE', *, *, #4143, .T. ) ;
#1771 = DIRECTION ( 'NONE',  ( 0.3187812165858884828, 0.000000000000000000, 0.9478283262025992695 ) ) ;
#1772 = FACE_OUTER_BOUND ( 'NONE', #3351, .T. ) ;
#1773 = ORIENTED_EDGE ( 'NONE', *, *, #1318, .T. ) ;
#1774 = CARTESIAN_POINT ( 'NONE',  ( 11.69152436717008570, 0.000000000000000000, 22.25031422186815533 ) ) ;
#1775 = ORIENTED_EDGE ( 'NONE', *, *, #3741, .F. ) ;
#1776 = EDGE_CURVE ( 'NONE', #3785, #180, #4382, .T. ) ;
#1777 = CARTESIAN_POINT ( 'NONE',  ( -12.39296186723049509, 4.460165735794746844, -19.63782088549203664 ) ) ;
#1778 = CARTESIAN_POINT ( 'NONE',  ( 0.000000000000000000, 4.670000000000000817, 0.000000000000000000 ) ) ;
#1779 = DIRECTION ( 'NONE',  ( -0.000000000000000000, -1.000000000000000000, -0.000000000000000000 ) ) ;
#1780 = ORIENTED_EDGE ( 'NONE', *, *, #802, .T. ) ;
#1781 = CARTESIAN_POINT ( 'NONE',  ( 9.655819423055037376, 4.513911670788439245, 13.24819757747517635 ) ) ;
#1782 = CARTESIAN_POINT ( 'NONE',  ( -12.42271421373342832, 4.670000000000000817, -19.51677218609433240 ) ) ;
#1783 = CIRCLE ( 'NONE', #5302, 1.500000000000001332 ) ;
#1784 = VERTEX_POINT ( 'NONE', #6171 ) ;
#1785 = CIRCLE ( 'NONE', #1019, 25.13500000000000512 ) ;
#1786 = ORIENTED_EDGE ( 'NONE', *, *, #1717, .F. ) ;
#1787 = VECTOR ( 'NONE', #3145, 1000.000000000000000 ) ;
#1788 = DIRECTION ( 'NONE',  ( -0.5000000000000075495, 0.000000000000000000, 0.8660254037844342667 ) ) ;
#1789 = AXIS2_PLACEMENT_3D ( 'NONE', #3302, #3231, #5851 ) ;
#1790 = LINE ( 'NONE', #4002, #5627 ) ;
#1791 = CARTESIAN_POINT ( 'NONE',  ( -15.01357768696152206, 4.465066003601158684, 6.594461148776050941 ) ) ;
#1792 = EDGE_LOOP ( 'NONE', ( #4463, #6519, #3723, #1524 ) ) ;
#1793 = VECTOR ( 'NONE', #3290, 1000.000000000000000 ) ;
#1794 = ORIENTED_EDGE ( 'NONE', *, *, #2, .F. ) ;
#1795 = EDGE_CURVE ( 'NONE', #2884, #3003, #1898, .T. ) ;
#1796 = VECTOR ( 'NONE', #6697, 1000.000000000000000 ) ;
#1797 = DIRECTION ( 'NONE',  ( 0.000000000000000000, 1.000000000000000000, 0.000000000000000000 ) ) ;
#1798 = CARTESIAN_POINT ( 'NONE',  ( 25.07812044392483486, 2.669999999999999929, -1.689999999999827862 ) ) ;
#1799 = CARTESIAN_POINT ( 'NONE',  ( 10.71913207290626957, 4.329481505472349667, -20.52507508630803201 ) ) ;
#1800 = STYLED_ITEM ( 'NONE', ( #6216 ), #6645 ) ;
#1801 = DIRECTION ( 'NONE',  ( 0.9802340172108793270, 0.000000000000000000, 0.1978415312886091793 ) ) ;
#1802 = CARTESIAN_POINT ( 'NONE',  ( 7.802622764334147476, 4.169999999999999929, 15.51453906012027062 ) ) ;
#1803 = ORIENTED_EDGE ( 'NONE', *, *, #1302, .T. ) ;
#1804 = CARTESIAN_POINT ( 'NONE',  ( 12.90017509879625734, 4.670000000000001705, -21.11926659706272247 ) ) ;
#1805 = EDGE_CURVE ( 'NONE', #3368, #1605, #4591, .T. ) ;
#1806 = VECTOR ( 'NONE', #1010, 1000.000000000000000 ) ;
#1807 = DIRECTION ( 'NONE',  ( -0.000000000000000000, -1.000000000000000000, -0.000000000000000000 ) ) ;
#1808 = AXIS2_PLACEMENT_3D ( 'NONE', #5312, #1655, #1761 ) ;
#1809 = DIRECTION ( 'NONE',  ( -0.000000000000000000, -1.000000000000000000, -0.000000000000000000 ) ) ;
#1810 = DIRECTION ( 'NONE',  ( 0.000000000000000000, 0.000000000000000000, 1.000000000000000000 ) ) ;
#1811 = VERTEX_POINT ( 'NONE', #5655 ) ;
#1812 = VECTOR ( 'NONE', #1186, 1000.000000000000114 ) ;
#1813 = CARTESIAN_POINT ( 'NONE',  ( 0.000000000000000000, 4.169999999999999929, 0.000000000000000000 ) ) ;
#1814 = EDGE_CURVE ( 'NONE', #3924, #5617, #3511, .T. ) ;
#1815 = ORIENTED_EDGE ( 'NONE', *, *, #1233, .T. ) ;
#1816 = CARTESIAN_POINT ( 'NONE',  ( 27.24918328139936463, 4.302122217144082938, 14.57762276433424908 ) ) ;
#1817 = CYLINDRICAL_SURFACE ( 'NONE', #5710, 0.5000000000000004441 ) ;
#1818 = DIRECTION ( 'NONE',  ( -1.064377863494504777E-14, -0.000000000000000000, 1.000000000000000000 ) ) ;
#1819 = VERTEX_POINT ( 'NONE', #6667 ) ;
#1820 = CARTESIAN_POINT ( 'NONE',  ( -17.11411476945176346, 0.000000000000000000, -26.65515099297929780 ) ) ;
#1821 = CARTESIAN_POINT ( 'NONE',  ( 13.12827881868120095, 4.670000000000000817, -9.814463748652007880 ) ) ;
#1822 = EDGE_CURVE ( 'NONE', #6035, #3212, #3479, .T. ) ;
#1823 = ORIENTED_EDGE ( 'NONE', *, *, #645, .F. ) ;
#1824 = EDGE_CURVE ( 'NONE', #269, #3476, #1980, .T. ) ;
#1825 = ORIENTED_EDGE ( 'NONE', *, *, #302, .F. ) ;
#1826 = FACE_OUTER_BOUND ( 'NONE', #5857, .T. ) ;
#1827 = CARTESIAN_POINT ( 'NONE',  ( 28.41310023613412383, 4.169999999999999929, 14.30585555931132369 ) ) ;
#1828 = CARTESIAN_POINT ( 'NONE',  ( 14.84354993743792051, 4.670000000000000817, -7.019151417903257695 ) ) ;
#1829 = VERTEX_POINT ( 'NONE', #4068 ) ;
#1830 = CARTESIAN_POINT ( 'NONE',  ( 0.000000000000000000, 0.000000000000000000, 0.000000000000000000 ) ) ;
#1831 = EDGE_LOOP ( 'NONE', ( #2629, #3659, #4723, #3624, #2296 ) ) ;
#1832 = PLANE ( 'NONE',  #145 ) ;
#1833 = CARTESIAN_POINT ( 'NONE',  ( 9.316173154054682826, 4.669999999999999929, 14.55029879730516917 ) ) ;
#1834 = AXIS2_PLACEMENT_3D ( 'NONE', #1745, #3923, #2206 ) ;
#1835 = CARTESIAN_POINT ( 'NONE',  ( 25.65515099297910950, 4.169999999999999929, 17.11411476945201571 ) ) ;
#1836 = CARTESIAN_POINT ( 'NONE',  ( 28.41310023613297275, 4.670000000000000817, -14.30585555931277142 ) ) ;
#1837 = CARTESIAN_POINT ( 'NONE',  ( -11.88194999598066559, 4.670000000000000817, -21.58014108603127568 ) ) ;
#1838 = DIRECTION ( 'NONE',  ( -0.000000000000000000, -1.000000000000000000, -0.000000000000000000 ) ) ;
#1839 = ORIENTED_EDGE ( 'NONE', *, *, #354, .F. ) ;
#1840 = B_SPLINE_CURVE_WITH_KNOTS ( 'NONE', 3,
 ( #1345, #1247, #3934, #6461, #248, #1754, #1313, #6040 ),
 .UNSPECIFIED., .F., .F.,
 ( 4, 2, 2, 4 ),
 ( 0.000000000000000000, 0.0002357216731230638409, 0.0004714433462461276817, 0.0009428866924922540624 ),
 .UNSPECIFIED. ) ;
#1841 = LINE ( 'NONE', #5978, #704 ) ;
#1842 = VECTOR ( 'NONE', #6475, 1000.000000000000000 ) ;
#1843 = DIRECTION ( 'NONE',  ( 0.000000000000000000, 0.000000000000000000, 1.000000000000000000 ) ) ;
#1844 = ORIENTED_EDGE ( 'NONE', *, *, #423, .T. ) ;
#1845 = EDGE_CURVE ( 'NONE', #5889, #3836, #2859, .T. ) ;
#1846 = CARTESIAN_POINT ( 'NONE',  ( -14.57762276433404480, 4.169999999999999929, -27.24918328139946411 ) ) ;
#1847 = DIRECTION ( 'NONE',  ( -0.000000000000000000, -1.000000000000000000, -0.000000000000000000 ) ) ;
#1848 = EDGE_LOOP ( 'NONE', ( #775, #5137, #6259, #6484 ) ) ;
#1849 = CARTESIAN_POINT ( 'NONE',  ( -19.51677218609430042, 4.169999999999999929, 12.42271421373348161 ) ) ;
#1850 = ORIENTED_EDGE ( 'NONE', *, *, #4634, .F. ) ;
#1851 = DIRECTION ( 'NONE',  ( 0.9802340172108802152, -0.000000000000000000, -0.1978415312886039612 ) ) ;
#1852 = LINE ( 'NONE', #2854, #758 ) ;
#1853 = PLANE ( 'NONE',  #6802 ) ;
#1854 = ORIENTED_EDGE ( 'NONE', *, *, #976, .F. ) ;
#1855 = EDGE_CURVE ( 'NONE', #5252, #2674, #6719, .T. ) ;
#1856 = CARTESIAN_POINT ( 'NONE',  ( -9.534673571902855471, 4.169999999999999929, -14.51453906012038431 ) ) ;
#1857 = CARTESIAN_POINT ( 'NONE',  ( -21.08014108603121883, 4.670000000000000817, -12.74797539976519900 ) ) ;
#1858 = VERTEX_POINT ( 'NONE', #4622 ) ;
#1859 = LINE ( 'NONE', #933, #1796 ) ;
#1860 = ADVANCED_FACE ( 'NONE', ( #2511 ), #6730, .F. ) ;
#1861 = EDGE_CURVE ( 'NONE', #5687, #4943, #2300, .T. ) ;
#1862 = AXIS2_PLACEMENT_3D ( 'NONE', #1778, #718, #6552 ) ;
#1863 = LINE ( 'NONE', #3965, #6633 ) ;
#1864 = CARTESIAN_POINT ( 'NONE',  ( -14.51453906012026884, 4.169999999999999929, -9.534673571903027778 ) ) ;
#1865 = ORIENTED_EDGE ( 'NONE', *, *, #2452, .T. ) ;
#1866 = ORIENTED_EDGE ( 'NONE', *, *, #6741, .F. ) ;
#1867 = CARTESIAN_POINT ( 'NONE',  ( -11.69152436717009813, 4.249933037358192500, -22.25031422186815533 ) ) ;
#1868 = DIRECTION ( 'NONE',  ( -0.000000000000000000, -1.000000000000000000, -0.000000000000000000 ) ) ;
#1869 = EDGE_CURVE ( 'NONE', #2520, #3031, #5944, .T. ) ;
#1870 = DIRECTION ( 'NONE',  ( -0.8660254037844342667, -0.000000000000000000, -0.5000000000000075495 ) ) ;
#1871 = DIRECTION ( 'NONE',  ( 0.3187812165858492364, 0.000000000000000000, -0.9478283262026123701 ) ) ;
#1872 = CARTESIAN_POINT ( 'NONE',  ( 22.25031422186815533, 4.249933037358189836, 11.69152436717008570 ) ) ;
#1873 = CARTESIAN_POINT ( 'NONE',  ( 9.534673571902963829, 0.000000000000000000, 14.51453906012032036 ) ) ;
#1874 = ORIENTED_EDGE ( 'NONE', *, *, #843, .F. ) ;
#1875 = VECTOR ( 'NONE', #4194, 1000.000000000000000 ) ;
#1876 = LINE ( 'NONE', #5046, #2143 ) ;
#1877 = CLOSED_SHELL ( 'NONE', ( #6663, #1002, #3823, #3165, #5732, #339, #1097, #2941, #3082, #1066, #1936, #207, #1403, #1860, #1439, #3260, #378, #6626, #4098, #675, #4392, #3317, #1943, #6762, #6019, #62, #3324, #4812, #467, #2831, #6575, #2536, #4554, #4774, #631, #667, #5508, #488, #3375, #3759, #5436, #5463, #891, #2330, #6308, #6253, #1370, #2966, #6490, #932, #6046, #4391, #6199, #6635, #968, #6749, #1915, #6102, #1259, #5863, #4233, #4891, #5643, #1508, #1579, #2155, #120, #2516, #245, #2210, #3047, #4359, #4299, #509, #1536, #3634, #5932, #3463, #6742, #4455, #4315, #4438, #748, #4173, #2815, #6031, #3115, #3492, #6373, #6394, #4961, #2876, #5805, #5309, #2999, #1886, #6782, #4981, #3585, #360, #4261, #6010, #4559, #4898, #2321, #2311, #1042, #4221, #5396, #4755, #6720, #5002, #3500, #4024, #438, #1483, #6124, #3331, #3382, #6276, #5173, #6292, #476, #5631, #2042, #3617, #1193, #5505, #6245, #1149, #4484, #1597, #3751, #5937, #592, #3581, #3522, #1216, #3232, #5162, #2696, #6085, #4042, #5611, #6448, #5022, #2002, #3125, #2657, #186, #6229, #2080, #3007, #2102, #6806, #4204, #3561, #4851, #2794, #4686, #2241, #5557, #5186, #894, #3843, #6450, #4167, #6189, #6669, #199, #6358, #5652, #214, #2580, #3445, #5733, #6269, #2286, #2687, #2142, #2650, #3594, #1016, #2150, #2704, #5130, #349, #4678, #5873, #146, #1207, #6365, #5525, #2498, #2784, #5534, #3294, #5927, #1513, #4798, #5229, #1369, #6168, #6206, #1424 ) ) ;
#1878 = CARTESIAN_POINT ( 'NONE',  ( 20.67084501317406975, 4.670000000000001705, 11.22761406947331864 ) ) ;
#1879 = ORIENTED_EDGE ( 'NONE', *, *, #3411, .T. ) ;
#1880 = DIRECTION ( 'NONE',  ( 0.5000000000000075495, 0.000000000000000000, -0.8660254037844342667 ) ) ;
#1881 = CARTESIAN_POINT ( 'NONE',  ( -1.690000000000249969, 2.669999999999999929, 23.07319061161674512 ) ) ;
#1882 = VERTEX_POINT ( 'NONE', #3001 ) ;
#1883 = CARTESIAN_POINT ( 'NONE',  ( 0.000000000000000000, 4.169999999999999929, 0.000000000000000000 ) ) ;
#1884 = CIRCLE ( 'NONE', #2644, 1.000000000000075495 ) ;
#1885 = ORIENTED_EDGE ( 'NONE', *, *, #5348, .F. ) ;
#1886 = ADVANCED_FACE ( 'NONE', ( #1937 ), #1967, .F. ) ;
#1887 = CARTESIAN_POINT ( 'NONE',  ( 15.11937345080782791, 4.670000000000000817, 27.99956995034080265 ) ) ;
#1888 = DIRECTION ( 'NONE',  ( 0.000000000000000000, 1.000000000000000000, 0.000000000000000000 ) ) ;
#1889 = CARTESIAN_POINT ( 'NONE',  ( -15.06371434019471423, 0.000000000000000000, 6.462191090617002587 ) ) ;
#1890 = VERTEX_POINT ( 'NONE', #6208 ) ;
#1891 = CARTESIAN_POINT ( 'NONE',  ( -26.52108929809337212, 4.670000000000000817, 15.88930831464518612 ) ) ;
#1892 = CARTESIAN_POINT ( 'NONE',  ( 0.000000000000000000, 4.670000000000000817, 0.000000000000000000 ) ) ;
#1893 = AXIS2_PLACEMENT_3D ( 'NONE', #5397, #3886, #2406 ) ;
#1894 = ORIENTED_EDGE ( 'NONE', *, *, #3508, .T. ) ;
#1895 = EDGE_CURVE ( 'NONE', #5236, #6139, #6138, .T. ) ;
#1896 = VECTOR ( 'NONE', #5459, 1000.000000000000114 ) ;
#1897 = LINE ( 'NONE', #1344, #3865 ) ;
#1898 = LINE ( 'NONE', #1384, #338 ) ;
#1899 = ORIENTED_EDGE ( 'NONE', *, *, #525, .T. ) ;
#1900 = ORIENTED_EDGE ( 'NONE', *, *, #2402, .F. ) ;
#1901 = EDGE_CURVE ( 'NONE', #2335, #2438, #250, .T. ) ;
#1902 = CIRCLE ( 'NONE', #6086, 24.63500000000000512 ) ;
#1903 = VECTOR ( 'NONE', #4594, 1000.000000000000227 ) ;
#1904 = CARTESIAN_POINT ( 'NONE',  ( -17.11411476945176346, 0.000000000000000000, -25.65515099297929780 ) ) ;
#1905 = CARTESIAN_POINT ( 'NONE',  ( 15.05123961990423354, 4.333981833023281105, 6.494219015401106354 ) ) ;
#1906 = DIRECTION ( 'NONE',  ( 0.000000000000000000, 1.000000000000000000, 0.000000000000000000 ) ) ;
#1907 = CARTESIAN_POINT ( 'NONE',  ( -17.11411476945176346, 4.670000000000000817, -26.65515099297929780 ) ) ;
#1908 = CARTESIAN_POINT ( 'NONE',  ( 6.803396272409817591, 4.594796211444701406, -14.93662737597494861 ) ) ;
#1909 = LINE ( 'NONE', #5074, #5864 ) ;
#1910 = ORIENTED_EDGE ( 'NONE', *, *, #4473, .T. ) ;
#1911 = AXIS2_PLACEMENT_3D ( 'NONE', #1813, #6547, #5571 ) ;
#1912 = FACE_OUTER_BOUND ( 'NONE', #3817, .T. ) ;
#1913 = B_SPLINE_CURVE_WITH_KNOTS ( 'NONE', 3,
 ( #6576, #2916, #1361, #5594, #2843, #3458, #1804, #4497 ),
 .UNSPECIFIED., .F., .F.,
 ( 4, 2, 2, 4 ),
 ( 0.000000000000000000, 0.0002357216731230806460, 0.0004714433462461612920, 0.0009428866924923246439 ),
 .UNSPECIFIED. ) ;
#1914 = EDGE_CURVE ( 'NONE', #3608, #6224, #2824, .T. ) ;
#1915 = ADVANCED_FACE ( 'NONE', ( #5499 ), #782, .F. ) ;
#1916 = FACE_OUTER_BOUND ( 'NONE', #2162, .T. ) ;
#1917 = LINE ( 'NONE', #436, #227 ) ;
#1918 = LINE ( 'NONE', #5598, #1036 ) ;
#1919 = CARTESIAN_POINT ( 'NONE',  ( 24.35665843275932829, 0.000000000000000000, -12.90762276433424027 ) ) ;
#1920 = ORIENTED_EDGE ( 'NONE', *, *, #3417, .T. ) ;
#1921 = AXIS2_PLACEMENT_3D ( 'NONE', #1366, #3119, #1525 ) ;
#1922 = CARTESIAN_POINT ( 'NONE',  ( -13.12827881868112634, 0.000000000000000000, -9.814463748652093145 ) ) ;
#1923 = B_SPLINE_CURVE_WITH_KNOTS ( 'NONE', 3,
 ( #5148, #3120, #5215, #2528, #5673, #6290, #5704, #2563, #952, #672, #3702, #5251 ),
 .UNSPECIFIED., .F., .F.,
 ( 4, 2, 2, 2, 2, 4 ),
 ( 2.602085213965211027E-18, 7.097533767934218819E-05, 0.0001419506753586817743, 0.0002839013507173562302, 0.0005678027014346977153, 0.001135605402869386757 ),
 .UNSPECIFIED. ) ;
#1924 = ORIENTED_EDGE ( 'NONE', *, *, #4414, .F. ) ;
#1925 = CARTESIAN_POINT ( 'NONE',  ( 0.000000000000000000, 4.169999999999999929, 0.000000000000000000 ) ) ;
#1926 = CARTESIAN_POINT ( 'NONE',  ( -12.28766986436288811, 4.670000000000000817, 20.05882151463844565 ) ) ;
#1927 = CIRCLE ( 'NONE', #2917, 1.000000000000042633 ) ;
#1928 = CARTESIAN_POINT ( 'NONE',  ( 6.621581698910013358, 4.169999999999999929, 14.58980017709339450 ) ) ;
#1929 = VERTEX_POINT ( 'NONE', #5955 ) ;
#1930 = CARTESIAN_POINT ( 'NONE',  ( -17.11411476943970200, 4.554312603826698336, 26.83530130556338733 ) ) ;
#1931 = DIRECTION ( 'NONE',  ( 0.9802340172108792160, 0.000000000000000000, -0.1978415312886096233 ) ) ;
#1932 = EDGE_CURVE ( 'NONE', #3507, #124, #2849, .T. ) ;
#1933 = ORIENTED_EDGE ( 'NONE', *, *, #3713, .T. ) ;
#1934 = VECTOR ( 'NONE', #5145, 1000.000000000000114 ) ;
#1935 = AXIS2_PLACEMENT_3D ( 'NONE', #296, #2388, #6601 ) ;
#1936 = ADVANCED_FACE ( 'NONE', ( #750 ), #3371, .F. ) ;
#1937 = FACE_OUTER_BOUND ( 'NONE', #2292, .T. ) ;
#1938 = ORIENTED_EDGE ( 'NONE', *, *, #5603, .F. ) ;
#1939 = ORIENTED_EDGE ( 'NONE', *, *, #2252, .T. ) ;
#1940 = CARTESIAN_POINT ( 'NONE',  ( -14.93214742263132955, 4.594078994040212471, -6.786248253956980392 ) ) ;
#1941 = CARTESIAN_POINT ( 'NONE',  ( -20.71392969959570607, 4.670000000000000817, -11.38184261884722126 ) ) ;
#1942 = DIRECTION ( 'NONE',  ( 0.8660254037844289376, -0.000000000000000000, 0.5000000000000166533 ) ) ;
#1943 = ADVANCED_FACE ( 'NONE', ( #4404 ), #4476, .T. ) ;
#1944 = DIRECTION ( 'NONE',  ( 0.5000000000000056621, 0.000000000000000000, -0.8660254037844352659 ) ) ;
#1945 = CARTESIAN_POINT ( 'NONE',  ( 0.000000000000000000, 2.669999999999999929, 0.000000000000000000 ) ) ;
#1946 = ORIENTED_EDGE ( 'NONE', *, *, #2447, .T. ) ;
#1947 = SURFACE_STYLE_USAGE ( .BOTH. , #1552 ) ;
#1948 = DIRECTION ( 'NONE',  ( 0.000000000000000000, 0.000000000000000000, 1.000000000000000000 ) ) ;
#1949 = VERTEX_POINT ( 'NONE', #1304 ) ;
#1950 = EDGE_CURVE ( 'NONE', #1230, #3608, #5933, .T. ) ;
#1951 = EDGE_CURVE ( 'NONE', #3953, #6383, #4508, .T. ) ;
#1952 = CARTESIAN_POINT ( 'NONE',  ( -28.02460773401641347, 4.670000000000000817, -15.11312378027578873 ) ) ;
#1953 = CYLINDRICAL_SURFACE ( 'NONE', #6644, 25.13500000000000512 ) ;
#1954 = ORIENTED_EDGE ( 'NONE', *, *, #4644, .F. ) ;
#1955 = CIRCLE ( 'NONE', #849, 23.13499999999999801 ) ;
#1956 = DIRECTION ( 'NONE',  ( -0.000000000000000000, -1.000000000000000000, -0.000000000000000000 ) ) ;
#1957 = ORIENTED_EDGE ( 'NONE', *, *, #4211, .T. ) ;
#1958 = DIRECTION ( 'NONE',  ( -0.000000000000000000, -1.000000000000000000, -0.000000000000000000 ) ) ;
#1959 = LINE ( 'NONE', #4682, #1094 ) ;
#1960 = DIRECTION ( 'NONE',  ( 0.8660254037844447028, 0.000000000000000000, 0.4999999999999898415 ) ) ;
#1961 = EDGE_LOOP ( 'NONE', ( #1770, #2875, #3068, #1052 ) ) ;
#1962 = CARTESIAN_POINT ( 'NONE',  ( -25.65515099297898871, 4.670000000000000817, -17.11411476945219334 ) ) ;
#1963 = DIRECTION ( 'NONE',  ( 0.000000000000000000, 1.000000000000000000, 0.000000000000000000 ) ) ;
#1964 = ORIENTED_EDGE ( 'NONE', *, *, #138, .T. ) ;
#1965 = CARTESIAN_POINT ( 'NONE',  ( -22.25031422186802743, 0.000000000000000000, -11.69152436717032728 ) ) ;
#1966 = VERTEX_POINT ( 'NONE', #1272 ) ;
#1967 = CYLINDRICAL_SURFACE ( 'NONE', #4933, 11.34208899530036696 ) ;
#1968 = ORIENTED_EDGE ( 'NONE', *, *, #4971, .T. ) ;
#1969 = ORIENTED_EDGE ( 'NONE', *, *, #5085, .F. ) ;
#1970 =( BOUNDED_CURVE ( )  B_SPLINE_CURVE ( 3, ( #799, #2908, #1833, #294 ),
 .UNSPECIFIED., .F., .T. ) 
 B_SPLINE_CURVE_WITH_KNOTS ( ( 4, 4 ),
 ( 0.000000000000000000, 1.570796326794896558 ),
 .UNSPECIFIED. ) 
 CURVE ( )  GEOMETRIC_REPRESENTATION_ITEM ( )  RATIONAL_B_SPLINE_CURVE ( ( 1.000000000000000000, 0.8047378541243649375, 0.8047378541243649375, 1.000000000000000000 ) ) 
 REPRESENTATION_ITEM ( '' )  );
#1971 = EDGE_CURVE ( 'NONE', #4499, #6051, #3403, .T. ) ;
#1972 = CARTESIAN_POINT ( 'NONE',  ( -15.06371434019463784, 4.169999999999999929, -6.462191090617205091 ) ) ;
#1973 = CARTESIAN_POINT ( 'NONE',  ( -14.90648051375245053, 4.669999999999972395, 27.08153912195980340 ) ) ;
#1974 = DIRECTION ( 'NONE',  ( 0.4999999999999967248, 0.000000000000000000, -0.8660254037844405950 ) ) ;
#1975 = CARTESIAN_POINT ( 'NONE',  ( -10.81037082818963668, 4.460165735794748620, 20.55153024789937533 ) ) ;
#1976 = DIRECTION ( 'NONE',  ( -0.5000000000000083267, 0.000000000000000000, 0.8660254037844338226 ) ) ;
#1977 = ORIENTED_EDGE ( 'NONE', *, *, #5758, .T. ) ;
#1978 =( NAMED_UNIT ( * ) SI_UNIT ( $, .STERADIAN. ) SOLID_ANGLE_UNIT ( ) );
#1979 = TOROIDAL_SURFACE ( 'NONE', #3734, 1.500000000000030420, 0.5000000000000000000 ) ;
#1980 = CIRCLE ( 'NONE', #5829, 1.000000000000075495 ) ;
#1981 = EDGE_CURVE ( 'NONE', #3065, #5889, #1852, .T. ) ;
#1982 = B_SPLINE_CURVE_WITH_KNOTS ( 'NONE', 3,
 ( #2441, #4581, #6231, #479, #1500, #2571, #445, #6690 ),
 .UNSPECIFIED., .F., .F.,
 ( 4, 2, 2, 4 ),
 ( -4.472647173589815385E-06, 0.0004764861553983120888, 0.0007169655566842578990, 0.0009574449579702039260 ),
 .UNSPECIFIED. ) ;
#1983 = AXIS2_PLACEMENT_3D ( 'NONE', #161, #3484, #4491 ) ;
#1984 = CARTESIAN_POINT ( 'NONE',  ( 14.60087070261883113, 4.670000000000000817, 9.007166899749492472 ) ) ;
#1985 = CARTESIAN_POINT ( 'NONE',  ( 16.30967357190291622, 4.169999999999999929, 26.24918328139949608 ) ) ;
#1986 = DIRECTION ( 'NONE',  ( 3.552713678800500929E-15, 0.000000000000000000, 1.000000000000000000 ) ) ;
#1987 = DIRECTION ( 'NONE',  ( 0.000000000000000000, 0.000000000000000000, -1.000000000000000000 ) ) ;
#1988 = EDGE_LOOP ( 'NONE', ( #4070, #2483, #5366, #5717, #6578, #141 ) ) ;
#1989 = FACE_OUTER_BOUND ( 'NONE', #6374, .T. ) ;
#1990 = ORIENTED_EDGE ( 'NONE', *, *, #4597, .F. ) ;
#1991 = EDGE_CURVE ( 'NONE', #6816, #5901, #3956, .T. ) ;
#1992 = CARTESIAN_POINT ( 'NONE',  ( 28.34160317160497655, 4.351442258256871476, -14.42816744016930031 ) ) ;
#1993 = CARTESIAN_POINT ( 'NONE',  ( -17.45353882510847399, 0.000000000000000000, 26.59578445530220847 ) ) ;
#1994 = LINE ( 'NONE', #1305, #5799 ) ;
#1995 = ORIENTED_EDGE ( 'NONE', *, *, #2658, .F. ) ;
#1996 = LINE ( 'NONE', #2505, #6566 ) ;
#1997 = PLANE ( 'NONE',  #1224 ) ;
#1998 = VECTOR ( 'NONE', #105, 999.9999999999998863 ) ;
#1999 = DIRECTION ( 'NONE',  ( 0.8660254037844253849, 0.000000000000000000, -0.5000000000000230926 ) ) ;
#2000 = ORIENTED_EDGE ( 'NONE', *, *, #1914, .T. ) ;
#2001 = EDGE_CURVE ( 'NONE', #4958, #4859, #5487, .T. ) ;
#2002 = ADVANCED_FACE ( 'NONE', ( #5541 ), #1817, .T. ) ;
#2003 = AXIS2_PLACEMENT_3D ( 'NONE', #1892, #786, #889 ) ;
#2004 = ORIENTED_EDGE ( 'NONE', *, *, #2918, .T. ) ;
#2005 = DIRECTION ( 'NONE',  ( 0.000000000000000000, 1.000000000000000000, 0.000000000000000000 ) ) ;
#2006 = VERTEX_POINT ( 'NONE', #312 ) ;
#2007 = ORIENTED_EDGE ( 'NONE', *, *, #1587, .F. ) ;
#2008 = CARTESIAN_POINT ( 'NONE',  ( -15.05124050955052972, 4.334016281665158843, -6.494258573074636942 ) ) ;
#2009 = CARTESIAN_POINT ( 'NONE',  ( -16.26425990897096341, 4.431339364531992508, 26.27899918360008868 ) ) ;
#2010 = PLANE ( 'NONE',  #3973 ) ;
#2011 = CARTESIAN_POINT ( 'NONE',  ( -11.07161490660928216, 4.633969980009442047, 20.62661248948506554 ) ) ;
#2012 = CARTESIAN_POINT ( 'NONE',  ( 0.000000000000000000, 0.000000000000000000, 0.000000000000000000 ) ) ;
#2013 = ORIENTED_EDGE ( 'NONE', *, *, #3172, .F. ) ;
#2014 = EDGE_CURVE ( 'NONE', #2413, #4757, #6096, .T. ) ;
#2015 = CARTESIAN_POINT ( 'NONE',  ( -14.79062215075732389, 4.615696297820576000, -27.14099165632340771 ) ) ;
#2016 = AXIS2_PLACEMENT_3D ( 'NONE', #6641, #4014, #3489 ) ;
#2017 = TOROIDAL_SURFACE ( 'NONE', #371, 24.63500000000000512, 0.5000000000000000000 ) ;
#2018 = DIRECTION ( 'NONE',  ( 0.000000000000000000, 0.000000000000000000, -1.000000000000000000 ) ) ;
#2019 = DIRECTION ( 'NONE',  ( 0.000000000000000000, 0.000000000000000000, 1.000000000000000000 ) ) ;
#2020 = AXIS2_PLACEMENT_3D ( 'NONE', #1506, #5261, #993 ) ;
#2021 = CARTESIAN_POINT ( 'NONE',  ( 11.10645329366210809, 4.670000000000000817, 3.735411355654326471 ) ) ;
#2022 = CARTESIAN_POINT ( 'NONE',  ( 0.000000000000000000, 4.670000000000000817, 0.000000000000000000 ) ) ;
#2023 = ORIENTED_EDGE ( 'NONE', *, *, #1281, .F. ) ;
#2024 = EDGE_CURVE ( 'NONE', #3789, #5788, #4504, .T. ) ;
#2025 = CARTESIAN_POINT ( 'NONE',  ( 13.66095511311943511, 4.169999999999999929, -27.64883365011749561 ) ) ;
#2026 = ORIENTED_EDGE ( 'NONE', *, *, #5052, .T. ) ;
#2027 = VECTOR ( 'NONE', #2487, 1000.000000000000114 ) ;
#2028 = LINE ( 'NONE', #4741, #3885 ) ;
#2029 = CARTESIAN_POINT ( 'NONE',  ( -12.41567040287272761, 4.329481505472350555, 19.54557822481137208 ) ) ;
#2030 = FACE_OUTER_BOUND ( 'NONE', #4366, .T. ) ;
#2031 = ORIENTED_EDGE ( 'NONE', *, *, #430, .T. ) ;
#2032 = LINE ( 'NONE', #1534, #3147 ) ;
#2033 = DIRECTION ( 'NONE',  ( 0.000000000000000000, 0.000000000000000000, -1.000000000000000000 ) ) ;
#2034 = EDGE_CURVE ( 'NONE', #551, #2497, #5372, .T. ) ;
#2035 = VECTOR ( 'NONE', #2768, 999.9999999999998863 ) ;
#2036 = CARTESIAN_POINT ( 'NONE',  ( 7.802622764334143923, 4.462893218813452911, 15.51453906012027062 ) ) ;
#2037 = ORIENTED_EDGE ( 'NONE', *, *, #2928, .T. ) ;
#2038 = AXIS2_PLACEMENT_3D ( 'NONE', #3396, #5359, #4367 ) ;
#2039 = CARTESIAN_POINT ( 'NONE',  ( -15.99902080799054538, 4.669999999999967955, 26.45082627711727241 ) ) ;
#2040 = EDGE_CURVE ( 'NONE', #5236, #2343, #4449, .T. ) ;
#2041 = AXIS2_PLACEMENT_3D ( 'NONE', #3912, #5488, #774 ) ;
#2042 = ADVANCED_FACE ( 'NONE', ( #957 ), #4029, .F. ) ;
#2043 = VERTEX_POINT ( 'NONE', #1993 ) ;
#2044 = ORIENTED_EDGE ( 'NONE', *, *, #5479, .T. ) ;
#2045 = VECTOR ( 'NONE', #2178, 1000.000000000000000 ) ;
#2046 = CARTESIAN_POINT ( 'NONE',  ( -6.642131180698199522, 4.513396407983941039, 14.98572483451288129 ) ) ;
#2047 = DIRECTION ( 'NONE',  ( 0.8660254037844350439, 0.000000000000000000, 0.5000000000000064393 ) ) ;
#2048 = CARTESIAN_POINT ( 'NONE',  ( 14.30585555931125086, 4.169999999999999929, -28.41310023613422686 ) ) ;
#2049 = DIRECTION ( 'NONE',  ( 0.000000000000000000, 0.000000000000000000, -1.000000000000000000 ) ) ;
#2050 = ORIENTED_EDGE ( 'NONE', *, *, #3760, .T. ) ;
#2051 = TOROIDAL_SURFACE ( 'NONE', #834, 23.63499999999999801, 0.5000000000000000000 ) ;
#2052 = CARTESIAN_POINT ( 'NONE',  ( 14.77510171309873677, 4.670000000000000817, -7.172536509220895695 ) ) ;
#2053 = EDGE_CURVE ( 'NONE', #587, #5604, #4171, .T. ) ;
#2054 = FACE_OUTER_BOUND ( 'NONE', #6685, .T. ) ;
#2055 = DIRECTION ( 'NONE',  ( 0.000000000000000000, 0.000000000000000000, -1.000000000000000000 ) ) ;
#2056 = CARTESIAN_POINT ( 'NONE',  ( 7.802622764334147476, 4.670000000000000817, 15.51453906012027062 ) ) ;
#2057 = CARTESIAN_POINT ( 'NONE',  ( 27.93023340904410290, 4.670000000000000817, -15.13432342270004582 ) ) ;
#2058 = ORIENTED_EDGE ( 'NONE', *, *, #1185, .F. ) ;
#2059 = DIRECTION ( 'NONE',  ( -3.306126646384376889E-15, 0.000000000000000000, 1.000000000000000000 ) ) ;
#2060 = B_SPLINE_CURVE_WITH_KNOTS ( 'NONE', 3,
 ( #398, #5387, #2777, #4525, #5069, #359, #3419, #1905, #4010, #6113 ),
 .UNSPECIFIED., .F., .F.,
 ( 4, 2, 2, 2, 4 ),
 ( 0.000000000000000000, 0.0002456018212037125296, 0.0004912036424074250592, 0.0007368054636111376430, 0.0009824072848148501184 ),
 .UNSPECIFIED. ) ;
#2061 = ORIENTED_EDGE ( 'NONE', *, *, #4542, .T. ) ;
#2062 = EDGE_CURVE ( 'NONE', #5195, #930, #346, .T. ) ;
#2063 = DIRECTION ( 'NONE',  ( 0.000000000000000000, 0.000000000000000000, 1.000000000000000000 ) ) ;
#2064 = DIRECTION ( 'NONE',  ( -0.4999999999999445444, -0.000000000000000000, -0.8660254037844707931 ) ) ;
#2065 = CARTESIAN_POINT ( 'NONE',  ( 0.000000000000000000, 4.670000000000000817, 0.000000000000000000 ) ) ;
#2066 = ORIENTED_EDGE ( 'NONE', *, *, #861, .T. ) ;
#2067 = CIRCLE ( 'NONE', #1721, 23.63500000000000156 ) ;
#2068 = CARTESIAN_POINT ( 'NONE',  ( 0.000000000000000000, 0.000000000000000000, 0.000000000000000000 ) ) ;
#2069 = CARTESIAN_POINT ( 'NONE',  ( 15.11325962399935996, 4.670000000000000817, -28.02408237786726275 ) ) ;
#2070 = FACE_OUTER_BOUND ( 'NONE', #1615, .T. ) ;
#2071 = ORIENTED_EDGE ( 'NONE', *, *, #423, .F. ) ;
#2072 = TOROIDAL_SURFACE ( 'NONE', #5919, 23.63499999999999801, 0.5000000000000000000 ) ;
#2073 = EDGE_CURVE ( 'NONE', #5160, #5604, #1982, .T. ) ;
#2074 = CARTESIAN_POINT ( 'NONE',  ( -8.141141495965083408, 4.670000000000000817, -15.10087070261880449 ) ) ;
#2075 = ORIENTED_EDGE ( 'NONE', *, *, #4327, .F. ) ;
#2076 = LINE ( 'NONE', #4169, #828 ) ;
#2077 = ORIENTED_EDGE ( 'NONE', *, *, #2, .T. ) ;
#2078 = VERTEX_POINT ( 'NONE', #1466 ) ;
#2079 = EDGE_CURVE ( 'NONE', #1882, #4827, #2514, .T. ) ;
#2080 = ADVANCED_FACE ( 'NONE', ( #5679 ), #3502, .T. ) ;
#2081 = CARTESIAN_POINT ( 'NONE',  ( -21.22220541731573817, 4.457217567313228379, 13.30998776915159354 ) ) ;
#2082 = LINE ( 'NONE', #3620, #3042 ) ;
#2083 = CARTESIAN_POINT ( 'NONE',  ( 6.462191090617056766, 4.255491436416320994, -15.06371434019470357 ) ) ;
#2084 = CARTESIAN_POINT ( 'NONE',  ( 28.31715649819323488, 4.444344620547506786, 14.50835318636593030 ) ) ;
#2085 = ORIENTED_EDGE ( 'NONE', *, *, #257, .T. ) ;
#2086 = LINE ( 'NONE', #4115, #3673 ) ;
#2087 = EDGE_CURVE ( 'NONE', #3292, #6766, #6381, .T. ) ;
#2088 = CARTESIAN_POINT ( 'NONE',  ( -23.35665843275950593, 2.669999999999999929, 14.63967357190283458 ) ) ;
#2089 = CARTESIAN_POINT ( 'NONE',  ( 11.69152436717009103, 4.249933037358191612, -22.25031422186815888 ) ) ;
#2090 = FACE_OUTER_BOUND ( 'NONE', #184, .T. ) ;
#2091 = CARTESIAN_POINT ( 'NONE',  ( -17.34983200360586508, 4.372446826735315817, 26.67028524873406070 ) ) ;
#2092 = ORIENTED_EDGE ( 'NONE', *, *, #525, .F. ) ;
#2093 = PLANE ( 'NONE',  #1136 ) ;
#2094 = ORIENTED_EDGE ( 'NONE', *, *, #3287, .T. ) ;
#2095 = CARTESIAN_POINT ( 'NONE',  ( 19.54557822481142537, 4.329481505472349667, 12.41567040287266543 ) ) ;
#2096 = CARTESIAN_POINT ( 'NONE',  ( 13.42357517473885764, 4.169999999999999929, -21.25031422186822994 ) ) ;
#2097 = CARTESIAN_POINT ( 'NONE',  ( -27.09781831826671450, 4.670000000000000817, 16.70337033729496667 ) ) ;
#2098 = EDGE_LOOP ( 'NONE', ( #6781, #4847, #2270, #1850, #3513, #282, #3856, #3413, #1900, #6129, #778, #3087, #1938, #6034, #2772, #2075, #5543, #4312, #3916, #4034, #500, #3792, #4259, #6801, #4039, #5268, #402, #3481 ) ) ;
#2099 = CARTESIAN_POINT ( 'NONE',  ( -26.24918328139936463, 4.169999999999999929, -16.30967357190309741 ) ) ;
#2100 = LINE ( 'NONE', #4132, #353 ) ;
#2101 = CYLINDRICAL_SURFACE ( 'NONE', #151, 1.000000000000070166 ) ;
#2102 = ADVANCED_FACE ( 'NONE', ( #2471 ), #3535, .T. ) ;
#2103 = ORIENTED_EDGE ( 'NONE', *, *, #5167, .F. ) ;
#2104 = CARTESIAN_POINT ( 'NONE',  ( 10.81037082818949280, 4.460165735794748620, 20.55153024789945704 ) ) ;
#2105 = B_SPLINE_CURVE_WITH_KNOTS ( 'NONE', 3,
 ( #5966, #1283, #3384, #695, #2803, #2901 ),
 .UNSPECIFIED., .F., .F.,
 ( 4, 2, 4 ),
 ( 5.459236745409648120E-20, 0.0003906352473979303919, 0.0007812704947958607838 ),
 .UNSPECIFIED. ) ;
#2106 = DIRECTION ( 'NONE',  ( 0.000000000000000000, 0.000000000000000000, 1.000000000000000000 ) ) ;
#2107 = ORIENTED_EDGE ( 'NONE', *, *, #6037, .F. ) ;
#2108 = EDGE_CURVE ( 'NONE', #558, #3378, #4545, .T. ) ;
#2109 = VERTEX_POINT ( 'NONE', #6161 ) ;
#2110 = VECTOR ( 'NONE', #3197, 1000.000000000000000 ) ;
#2111 = EDGE_LOOP ( 'NONE', ( #4298, #4929, #2890, #6185 ) ) ;
#2112 = CARTESIAN_POINT ( 'NONE',  ( -28.41310023613404212, 0.000000000000000000, -14.30585555931153330 ) ) ;
#2113 = DIRECTION ( 'NONE',  ( 0.9802340172108805483, -0.000000000000000000, 0.1978415312886023236 ) ) ;
#2114 = CARTESIAN_POINT ( 'NONE',  ( -11.69152436717009991, 0.000000000000000000, -22.25031422186814822 ) ) ;
#2115 = DIRECTION ( 'NONE',  ( -0.000000000000000000, -1.000000000000000000, -0.000000000000000000 ) ) ;
#2116 = EDGE_CURVE ( 'NONE', #558, #1819, #5606, .T. ) ;
#2117 = B_SPLINE_CURVE_WITH_KNOTS ( 'NONE', 3,
 ( #4152, #3563, #5670, #4674, #2432, #4603, #1622, #5768 ),
 .UNSPECIFIED., .F., .F.,
 ( 4, 2, 2, 4 ),
 ( -4.472608283819627029E-06, 0.0004676253585635917372, 0.0007036743419872963905, 0.0009397233254110010439 ),
 .UNSPECIFIED. ) ;
#2118 = CARTESIAN_POINT ( 'NONE',  ( -11.75100665499373420, 4.670000000000000817, -6.784446855506382157 ) ) ;
#2119 = CARTESIAN_POINT ( 'NONE',  ( 6.462191090617056766, 4.169999999999999929, -15.06371434019470179 ) ) ;
#2120 = DIRECTION ( 'NONE',  ( 0.8660254037844393737, -0.000000000000000000, 0.4999999999999988898 ) ) ;
#2121 = CARTESIAN_POINT ( 'NONE',  ( -22.25031422186802743, 4.169999999999999929, -11.69152436717032728 ) ) ;
#2122 = DIRECTION ( 'NONE',  ( 0.000000000000000000, 0.000000000000000000, 1.000000000000000000 ) ) ;
#2123 = ORIENTED_EDGE ( 'NONE', *, *, #6679, .T. ) ;
#2124 = VECTOR ( 'NONE', #332, 1000.000000000000114 ) ;
#2125 = EDGE_CURVE ( 'NONE', #3316, #348, #1959, .T. ) ;
#2126 = CARTESIAN_POINT ( 'NONE',  ( -20.51677218609435016, 4.169999999999999929, 10.69066340616452848 ) ) ;
#2127 = ORIENTED_EDGE ( 'NONE', *, *, #1759, .F. ) ;
#2128 = AXIS2_PLACEMENT_3D ( 'NONE', #1116, #4840, #3806 ) ;
#2129 = CARTESIAN_POINT ( 'NONE',  ( -7.154068017591502127, 4.670000000000000817, -14.76889024202609946 ) ) ;
#2130 = LINE ( 'NONE', #2096, #3078 ) ;
#2131 = AXIS2_PLACEMENT_3D ( 'NONE', #6061, #1335, #345 ) ;
#2132 = CARTESIAN_POINT ( 'NONE',  ( 12.42271421373347984, 4.169999999999999929, 19.51677218609430398 ) ) ;
#2133 = ORIENTED_EDGE ( 'NONE', *, *, #2362, .F. ) ;
#2134 = CARTESIAN_POINT ( 'NONE',  ( -13.66095511311924149, 0.000000000000000000, -27.64883365011757377 ) ) ;
#2135 = CARTESIAN_POINT ( 'NONE',  ( 17.38801683521144170, 4.328549818187993559, -26.64262584566172265 ) ) ;
#2136 = CIRCLE ( 'NONE', #2369, 25.13500000000000512 ) ;
#2137 = CARTESIAN_POINT ( 'NONE',  ( 17.25305438445172257, 4.451560894890726594, 26.73016754951307306 ) ) ;
#2138 = ORIENTED_EDGE ( 'NONE', *, *, #1824, .F. ) ;
#2139 = AXIS2_PLACEMENT_3D ( 'NONE', #6825, #5684, #1059 ) ;
#2140 = CARTESIAN_POINT ( 'NONE',  ( -9.316173154054748551, 4.670000000000000817, 14.55029879730511055 ) ) ;
#2141 = ORIENTED_EDGE ( 'NONE', *, *, #3793, .T. ) ;
#2142 = ADVANCED_FACE ( 'NONE', ( #4059 ), #1979, .T. ) ;
#2143 = VECTOR ( 'NONE', #3491, 1000.000000000000000 ) ;
#2144 = CARTESIAN_POINT ( 'NONE',  ( -15.06371434019471423, 4.169999999999999929, 6.462191090617003475 ) ) ;
#2145 = VERTEX_POINT ( 'NONE', #6263 ) ;
#2146 = VERTEX_POINT ( 'NONE', #4712 ) ;
#2147 = ORIENTED_EDGE ( 'NONE', *, *, #3282, .T. ) ;
#2148 =( GEOMETRIC_REPRESENTATION_CONTEXT ( 3 ) GLOBAL_UNCERTAINTY_ASSIGNED_CONTEXT ( ( #4617 ) ) GLOBAL_UNIT_ASSIGNED_CONTEXT ( ( #215, #3863, #5410 ) ) REPRESENTATION_CONTEXT ( 'NONE', 'WORKASPACE' ) );
#2149 = FACE_OUTER_BOUND ( 'NONE', #5044, .T. ) ;
#2150 = ADVANCED_FACE ( 'NONE', ( #5319 ), #1630, .T. ) ;
#2151 = AXIS2_PLACEMENT_3D ( 'NONE', #3831, #6359, #1113 ) ;
#2152 = FACE_OUTER_BOUND ( 'NONE', #1792, .T. ) ;
#2153 = DIRECTION ( 'NONE',  ( 0.000000000000000000, 0.000000000000000000, 1.000000000000000000 ) ) ;
#2154 = CARTESIAN_POINT ( 'NONE',  ( -19.90160601478452662, 4.633969980009440270, 12.32736295660702375 ) ) ;
#2155 = ADVANCED_FACE ( 'NONE', ( #5255 ), #1702, .F. ) ;
#2156 = PLANE ( 'NONE',  #2261 ) ;
#2157 = CARTESIAN_POINT ( 'NONE',  ( -27.24918328139942147, 4.169999999999999929, 14.57762276433412474 ) ) ;
#2158 = CARTESIAN_POINT ( 'NONE',  ( -27.64883365011752758, 4.169999999999999929, 13.66095511311933741 ) ) ;
#2159 = CARTESIAN_POINT ( 'NONE',  ( -7.962013372627205321, 4.169999999999999929, 15.04062489701891892 ) ) ;
#2160 = ORIENTED_EDGE ( 'NONE', *, *, #3048, .F. ) ;
#2161 = LINE ( 'NONE', #19, #3126 ) ;
#2162 = EDGE_LOOP ( 'NONE', ( #2450, #5676, #3398, #3428, #3373 ) ) ;
#2163 = EDGE_CURVE ( 'NONE', #6139, #1890, #4263, .T. ) ;
#2164 = CARTESIAN_POINT ( 'NONE',  ( 0.000000000000000000, 4.169999999999999929, 23.63499999999999801 ) ) ;
#2165 = DIRECTION ( 'NONE',  ( 0.000000000000000000, 0.000000000000000000, -1.000000000000000000 ) ) ;
#2166 = EDGE_CURVE ( 'NONE', #994, #2668, #2130, .T. ) ;
#2167 = CARTESIAN_POINT ( 'NONE',  ( 12.28766986436292186, 4.669999999999999929, 20.05882151463842789 ) ) ;
#2168 = ORIENTED_EDGE ( 'NONE', *, *, #3800, .F. ) ;
#2169 = CARTESIAN_POINT ( 'NONE',  ( 14.51453906012028128, 0.000000000000000000, 9.534673571902997580 ) ) ;
#2170 = CARTESIAN_POINT ( 'NONE',  ( -16.30967357190272438, 4.169999999999999929, -26.24918328139960622 ) ) ;
#2171 = ORIENTED_EDGE ( 'NONE', *, *, #1950, .T. ) ;
#2172 = CIRCLE ( 'NONE', #522, 1.000000000000070166 ) ;
#2173 = ORIENTED_EDGE ( 'NONE', *, *, #2079, .T. ) ;
#2174 = DIRECTION ( 'NONE',  ( -1.000000000000000000, 0.000000000000000000, -0.000000000000000000 ) ) ;
#2175 = AXIS2_PLACEMENT_3D ( 'NONE', #4060, #3437, #2992 ) ;
#2176 = CARTESIAN_POINT ( 'NONE',  ( 11.22761406947331686, 4.669999999999999041, 20.67084501317404133 ) ) ;
#2177 = ORIENTED_EDGE ( 'NONE', *, *, #2866, .F. ) ;
#2178 = DIRECTION ( 'NONE',  ( -0.000000000000000000, -1.000000000000000000, -0.000000000000000000 ) ) ;
#2179 = FACE_OUTER_BOUND ( 'NONE', #5370, .T. ) ;
#2180 = B_SPLINE_CURVE_WITH_KNOTS ( 'NONE', 3,
 ( #5408, #3828, #6564, #5511, #2255, #6004, #1828, #794 ),
 .UNSPECIFIED., .F., .F.,
 ( 4, 2, 2, 4 ),
 ( 0.000000000000000000, 0.0002498136336593582627, 0.0004996272673187165253, 0.0009992545346374367369 ),
 .UNSPECIFIED. ) ;
#2181 = ORIENTED_EDGE ( 'NONE', *, *, #3544, .F. ) ;
#2182 = ORIENTED_EDGE ( 'NONE', *, *, #853, .T. ) ;
#2183 = ORIENTED_EDGE ( 'NONE', *, *, #3793, .F. ) ;
#2184 = CARTESIAN_POINT ( 'NONE',  ( 14.55029879730512654, 4.669999999999999041, 9.316173154054716576 ) ) ;
#2185 = DIRECTION ( 'NONE',  ( -1.000000000000000000, 0.000000000000000000, 0.000000000000000000 ) ) ;
#2186 = DIRECTION ( 'NONE',  ( -0.4999999999999973910, 0.000000000000000000, -0.8660254037844401509 ) ) ;
#2187 = FACE_OUTER_BOUND ( 'NONE', #4007, .T. ) ;
#2188 = EDGE_CURVE ( 'NONE', #906, #5630, #22, .T. ) ;
#2189 = CARTESIAN_POINT ( 'NONE',  ( 15.06371434019466626, 0.000000000000000000, -6.462191090617107392 ) ) ;
#2190 = CARTESIAN_POINT ( 'NONE',  ( 11.72397473881331287, 4.457215979362298519, -22.13789160359756636 ) ) ;
#2191 = LINE ( 'NONE', #4287, #1812 ) ;
#2192 = DIRECTION ( 'NONE',  ( -0.9478283262026009348, 0.000000000000000000, 0.3187812165858835423 ) ) ;
#2193 = ORIENTED_EDGE ( 'NONE', *, *, #4049, .T. ) ;
#2194 = DIRECTION ( 'NONE',  ( 0.5000000000000057732, 0.000000000000000000, -0.8660254037844353769 ) ) ;
#2195 = EDGE_CURVE ( 'NONE', #5788, #491, #2710, .T. ) ;
#2196 = LINE ( 'NONE', #5285, #4514 ) ;
#2197 = CARTESIAN_POINT ( 'NONE',  ( -28.41310023613407765, 4.169999999999999929, -14.30585555931155461 ) ) ;
#2198 = ORIENTED_EDGE ( 'NONE', *, *, #5775, .F. ) ;
#2199 = DIRECTION ( 'NONE',  ( 0.000000000000000000, 1.000000000000000000, -0.000000000000000000 ) ) ;
#2200 = FACE_OUTER_BOUND ( 'NONE', #5731, .T. ) ;
#2201 = ORIENTED_EDGE ( 'NONE', *, *, #5814, .F. ) ;
#2202 = EDGE_CURVE ( 'NONE', #4064, #5209, #4949, .T. ) ;
#2203 = ORIENTED_EDGE ( 'NONE', *, *, #2909, .T. ) ;
#2204 = B_SPLINE_CURVE_WITH_KNOTS ( 'NONE', 3,
 ( #4286, #3666, #1184, #6393, #537, #2626, #5214, #4734, #5876, #14 ),
 .UNSPECIFIED., .F., .F.,
 ( 4, 2, 2, 2, 4 ),
 ( 0.000000000000000000, 0.0001363609374804227207, 0.0002727218749608454414, 0.0005454437499216855702, 0.001090887499843364635 ),
 .UNSPECIFIED. ) ;
#2205 = DIRECTION ( 'NONE',  ( -0.000000000000000000, -1.000000000000000000, -0.000000000000000000 ) ) ;
#2206 = DIRECTION ( 'NONE',  ( 0.1978415312886037114, 0.000000000000000000, 0.9802340172108802152 ) ) ;
#2207 = CARTESIAN_POINT ( 'NONE',  ( 27.64883365011742811, 4.670000000000000817, -13.66095511311952748 ) ) ;
#2208 = LINE ( 'NONE', #589, #5729 ) ;
#2209 = ORIENTED_EDGE ( 'NONE', *, *, #6711, .T. ) ;
#2210 = ADVANCED_FACE ( 'NONE', ( #1562 ), #93, .T. ) ;
#2211 = ORIENTED_EDGE ( 'NONE', *, *, #1620, .F. ) ;
#2212 = ORIENTED_EDGE ( 'NONE', *, *, #6141, .F. ) ;
#2213 = CIRCLE ( 'NONE', #4632, 12.97090984906004607 ) ;
#2214 = CARTESIAN_POINT ( 'NONE',  ( 12.42271421373331641, 0.000000000000000000, -19.51677218609440345 ) ) ;
#2215 = CARTESIAN_POINT ( 'NONE',  ( 13.42357517473885586, 4.670000000000000817, -21.25031422186822638 ) ) ;
#2216 = ORIENTED_EDGE ( 'NONE', *, *, #2956, .F. ) ;
#2217 = LINE ( 'NONE', #1654, #2035 ) ;
#2218 = VECTOR ( 'NONE', #3815, 1000.000000000000114 ) ;
#2219 = CARTESIAN_POINT ( 'NONE',  ( 9.007166899749440958, 4.670000000000000817, -14.60087070261886488 ) ) ;
#2220 = CARTESIAN_POINT ( 'NONE',  ( 22.07956816487883600, 4.510106162464410318, -11.74074301624495043 ) ) ;
#2221 = EDGE_CURVE ( 'NONE', #3889, #930, #3676, .T. ) ;
#2222 = DIRECTION ( 'NONE',  ( 0.000000000000000000, 1.000000000000000000, 0.000000000000000000 ) ) ;
#2223 = CARTESIAN_POINT ( 'NONE',  ( -28.01445220005012260, 4.670000000000000817, 15.11571388210662725 ) ) ;
#2224 = ORIENTED_EDGE ( 'NONE', *, *, #939, .T. ) ;
#2225 = VECTOR ( 'NONE', #5429, 1000.000000000000000 ) ;
#2226 = CARTESIAN_POINT ( 'NONE',  ( 15.24337876926636959, 4.670000000000000817, -7.646068297416199755 ) ) ;
#2227 = CARTESIAN_POINT ( 'NONE',  ( -16.30967357190272438, 4.670000000000000817, -26.24918328139960622 ) ) ;
#2228 = CARTESIAN_POINT ( 'NONE',  ( 14.57762276433414961, 4.302122217144082938, -27.24918328139941437 ) ) ;
#2229 = VERTEX_POINT ( 'NONE', #6336 ) ;
#2230 = EDGE_CURVE ( 'NONE', #5912, #3768, #6727, .T. ) ;
#2231 = FACE_OUTER_BOUND ( 'NONE', #4874, .T. ) ;
#2232 = CARTESIAN_POINT ( 'NONE',  ( 17.36040243225144764, 4.359646500347022169, -26.66224148581364517 ) ) ;
#2233 = ORIENTED_EDGE ( 'NONE', *, *, #2451, .T. ) ;
#2234 = LINE ( 'NONE', #5815, #6315 ) ;
#2235 = ORIENTED_EDGE ( 'NONE', *, *, #6151, .F. ) ;
#2236 = VECTOR ( 'NONE', #4973, 1000.000000000000000 ) ;
#2237 = AXIS2_PLACEMENT_3D ( 'NONE', #4611, #6192, #2063 ) ;
#2238 = LINE ( 'NONE', #3334, #2225 ) ;
#2239 = DIRECTION ( 'NONE',  ( -0.000000000000000000, -1.000000000000000000, -0.000000000000000000 ) ) ;
#2240 = ORIENTED_EDGE ( 'NONE', *, *, #2522, .F. ) ;
#2241 = ADVANCED_FACE ( 'NONE', ( #613 ), #1054, .T. ) ;
#2242 = CARTESIAN_POINT ( 'NONE',  ( 9.708531139097924978, 4.462467408286607373, 13.20868358895096684 ) ) ;
#2243 = CARTESIAN_POINT ( 'NONE',  ( -19.54557822481131879, 4.329481505472349667, -12.41567040287280399 ) ) ;
#2244 = AXIS2_PLACEMENT_3D ( 'NONE', #2488, #6249, #1517 ) ;
#2245 = AXIS2_PLACEMENT_3D ( 'NONE', #6398, #2194, #5914 ) ;
#2246 = ORIENTED_EDGE ( 'NONE', *, *, #1311, .T. ) ;
#2247 = B_SPLINE_CURVE_WITH_KNOTS ( 'NONE', 3,
 ( #4025, #3918, #2436, #2925, #2986, #6614 ),
 .UNSPECIFIED., .F., .F.,
 ( 4, 2, 4 ),
 ( -1.477143756510914902E-05, 0.0003797396612298640801, 0.0007742507600248373176 ),
 .UNSPECIFIED. ) ;
#2248 = ORIENTED_EDGE ( 'NONE', *, *, #4378, .F. ) ;
#2249 = ORIENTED_EDGE ( 'NONE', *, *, #3927, .F. ) ;
#2250 = CIRCLE ( 'NONE', #490, 23.63499999999999801 ) ;
#2251 =( GEOMETRIC_REPRESENTATION_CONTEXT ( 3 ) GLOBAL_UNCERTAINTY_ASSIGNED_CONTEXT ( ( #5580 ) ) GLOBAL_UNIT_ASSIGNED_CONTEXT ( ( #6150, #3593, #1978 ) ) REPRESENTATION_CONTEXT ( 'NONE', 'WORKASPACE' ) );
#2252 = EDGE_CURVE ( 'NONE', #2467, #1819, #2196, .T. ) ;
#2253 = VECTOR ( 'NONE', #4332, 1000.000000000000000 ) ;
#2254 = DIRECTION ( 'NONE',  ( -0.4999999999999992784, 0.000000000000000000, 0.8660254037844390407 ) ) ;
#2255 = CARTESIAN_POINT ( 'NONE',  ( 14.98928630945544960, 4.515680727662539695, -6.659749345099577056 ) ) ;
#2256 = DIRECTION ( 'NONE',  ( -0.000000000000000000, -1.000000000000000000, -0.000000000000000000 ) ) ;
#2257 = CYLINDRICAL_SURFACE ( 'NONE', #4300, 1.000000000000049516 ) ;
#2258 = CARTESIAN_POINT ( 'NONE',  ( 11.69152436717008925, 4.169999999999999929, -22.25031422186815178 ) ) ;
#2259 = CYLINDRICAL_SURFACE ( 'NONE', #5084, 0.4999999999999997780 ) ;
#2260 = EDGE_LOOP ( 'NONE', ( #982, #4744, #1137, #5264, #1773 ) ) ;
#2261 = AXIS2_PLACEMENT_3D ( 'NONE', #4386, #1253, #4285 ) ;
#2262 = CARTESIAN_POINT ( 'NONE',  ( -20.71392969959582331, 4.670000000000000817, 11.38184261884700632 ) ) ;
#2263 = DIRECTION ( 'NONE',  ( 0.000000000000000000, 0.000000000000000000, 1.000000000000000000 ) ) ;
#2264 = TOROIDAL_SURFACE ( 'NONE', #5117, 24.63500000000000867, 0.5000000000000000000 ) ;
#2265 = DIRECTION ( 'NONE',  ( 0.3187812165858939228, 0.000000000000000000, -0.9478283262025973821 ) ) ;
#2266 = ORIENTED_EDGE ( 'NONE', *, *, #1662, .F. ) ;
#2267 = DIRECTION ( 'NONE',  ( 0.000000000000000000, 0.000000000000000000, 1.000000000000000000 ) ) ;
#2268 = DIRECTION ( 'NONE',  ( 1.000000000000000000, -0.000000000000000000, -0.000000000000000000 ) ) ;
#2269 = ORIENTED_EDGE ( 'NONE', *, *, #1685, .T. ) ;
#2270 = ORIENTED_EDGE ( 'NONE', *, *, #3656, .F. ) ;
#2271 = EDGE_CURVE ( 'NONE', #3378, #2467, #3708, .T. ) ;
#2272 = CARTESIAN_POINT ( 'NONE',  ( 14.85990020836380232, 4.670000000000000817, -7.424666847050658269 ) ) ;
#2273 = DIRECTION ( 'NONE',  ( 0.000000000000000000, 0.000000000000000000, 1.000000000000000000 ) ) ;
#2274 = CYLINDRICAL_SURFACE ( 'NONE', #1068, 0.5000000000000004441 ) ;
#2275 = ORIENTED_EDGE ( 'NONE', *, *, #2737, .T. ) ;
#2276 = CARTESIAN_POINT ( 'NONE',  ( 0.000000000000000000, 4.169999999999999929, 0.000000000000000000 ) ) ;
#2277 = CARTESIAN_POINT ( 'NONE',  ( -17.11411476945176346, 4.670000000000000817, -25.65515099297929780 ) ) ;
#2278 = ORIENTED_EDGE ( 'NONE', *, *, #5573, .T. ) ;
#2279 = ORIENTED_EDGE ( 'NONE', *, *, #4383, .F. ) ;
#2280 = EDGE_CURVE ( 'NONE', #348, #3924, #335, .T. ) ;
#2281 = AXIS2_PLACEMENT_3D ( 'NONE', #3709, #1086, #4128 ) ;
#2282 = CARTESIAN_POINT ( 'NONE',  ( 9.534673571902963829, 0.000000000000000000, 14.51453906012032036 ) ) ;
#2283 = DIRECTION ( 'NONE',  ( -0.5000000000000008882, -0.000000000000000000, -0.8660254037844381525 ) ) ;
#2284 = EDGE_LOOP ( 'NONE', ( #511, #4246, #3542, #1266 ) ) ;
#2285 = ORIENTED_EDGE ( 'NONE', *, *, #552, .F. ) ;
#2286 = ADVANCED_FACE ( 'NONE', ( #1084 ), #2633, .T. ) ;
#2287 = DIRECTION ( 'NONE',  ( 0.000000000000000000, 0.000000000000000000, 1.000000000000000000 ) ) ;
#2288 = DIRECTION ( 'NONE',  ( 0.000000000000000000, 1.000000000000000000, 0.000000000000000000 ) ) ;
#2289 = CARTESIAN_POINT ( 'NONE',  ( -27.64883365011735350, 4.670000000000000817, -13.66095511311972466 ) ) ;
#2290 = DIRECTION ( 'NONE',  ( -0.9478283262025980482, 0.000000000000000000, 0.3187812165858919244 ) ) ;
#2291 = CARTESIAN_POINT ( 'NONE',  ( -26.59578445530214807, 4.670000000000000817, -17.45353882510841714 ) ) ;
#2292 = EDGE_LOOP ( 'NONE', ( #3189, #1495, #4453, #5146, #6642, #1669 ) ) ;
#2293 = DIRECTION ( 'NONE',  ( 0.000000000000000000, 0.000000000000000000, -1.000000000000000000 ) ) ;
#2294 = EDGE_CURVE ( 'NONE', #4380, #1858, #1018, .T. ) ;
#2295 = CARTESIAN_POINT ( 'NONE',  ( 14.79062215075746067, 4.615696297820621297, -27.14099165632329047 ) ) ;
#2296 = ORIENTED_EDGE ( 'NONE', *, *, #4517, .T. ) ;
#2297 = CARTESIAN_POINT ( 'NONE',  ( 26.24918328139943213, 4.302122217144092708, 16.30967357190298372 ) ) ;
#2298 = CARTESIAN_POINT ( 'NONE',  ( -14.57762276433404480, 4.670000000000000817, -27.24918328139946411 ) ) ;
#2299 = ORIENTED_EDGE ( 'NONE', *, *, #690, .F. ) ;
#2300 = CIRCLE ( 'NONE', #651, 25.13500000000000512 ) ;
#2301 = ORIENTED_EDGE ( 'NONE', *, *, #3199, .T. ) ;
#2302 = DIRECTION ( 'NONE',  ( 0.000000000000000000, 0.000000000000000000, -1.000000000000000000 ) ) ;
#2303 = DIRECTION ( 'NONE',  ( 0.000000000000000000, 0.000000000000000000, -1.000000000000000000 ) ) ;
#2304 = CARTESIAN_POINT ( 'NONE',  ( 15.02328291086361745, 4.670000000000000817, 27.02108929809701365 ) ) ;
#2305 = CARTESIAN_POINT ( 'NONE',  ( -4.121320747478347535, 2.669999999999999929, 2.379445642973405217 ) ) ;
#2306 = DIRECTION ( 'NONE',  ( 0.000000000000000000, 1.000000000000000000, 0.000000000000000000 ) ) ;
#2307 = EDGE_CURVE ( 'NONE', #665, #2449, #3848, .T. ) ;
#2308 = EDGE_LOOP ( 'NONE', ( #1155, #6728, #2364, #6275 ) ) ;
#2309 = EDGE_LOOP ( 'NONE', ( #4448, #3824, #5608, #3140, #425, #999 ) ) ;
#2310 = DIRECTION ( 'NONE',  ( 0.8660254037844425934, 0.000000000000000000, 0.4999999999999931166 ) ) ;
#2311 = ADVANCED_FACE ( 'NONE', ( #58 ), #3295, .T. ) ;
#2312 = CARTESIAN_POINT ( 'NONE',  ( -19.51677218609427200, 0.000000000000000000, -12.42271421373352247 ) ) ;
#2313 = DIRECTION ( 'NONE',  ( -0.000000000000000000, -1.000000000000000000, -0.000000000000000000 ) ) ;
#2314 = ORIENTED_EDGE ( 'NONE', *, *, #2230, .F. ) ;
#2315 = CIRCLE ( 'NONE', #5063, 25.13500000000000512 ) ;
#2316 = VERTEX_POINT ( 'NONE', #2485 ) ;
#2317 = CARTESIAN_POINT ( 'NONE',  ( 15.51453906012024220, 4.169999999999999929, 7.802622764334208760 ) ) ;
#2318 = CIRCLE ( 'NONE', #779, 1.000000000000042633 ) ;
#2319 = CARTESIAN_POINT ( 'NONE',  ( 1.689999999999740155, 0.000000000000000000, 25.07812044392484196 ) ) ;
#2320 = CARTESIAN_POINT ( 'NONE',  ( 27.64883365011742811, 4.670000000000000817, -13.66095511311952748 ) ) ;
#2321 = ADVANCED_FACE ( 'NONE', ( #1320 ), #1352, .F. ) ;
#2322 = CARTESIAN_POINT ( 'NONE',  ( -15.51453906012026884, 4.169999999999999929, 7.802622764334148364 ) ) ;
#2323 = DIRECTION ( 'NONE',  ( -0.000000000000000000, -1.000000000000000000, -0.000000000000000000 ) ) ;
#2324 = ORIENTED_EDGE ( 'NONE', *, *, #4518, .T. ) ;
#2325 = DIRECTION ( 'NONE',  ( -0.000000000000000000, -1.000000000000000000, -0.000000000000000000 ) ) ;
#2326 = VECTOR ( 'NONE', #5470, 1000.000000000000000 ) ;
#2327 = CARTESIAN_POINT ( 'NONE',  ( -27.64883365011735350, 4.670000000000000817, -14.66095511311972466 ) ) ;
#2328 = EDGE_LOOP ( 'NONE', ( #2747, #356, #4795, #3473 ) ) ;
#2329 = TOROIDAL_SURFACE ( 'NONE', #4645, 1.499999999999999556, 0.5000000000000000000 ) ;
#2330 = ADVANCED_FACE ( 'NONE', ( #5588 ), #6637, .F. ) ;
#2331 = DIRECTION ( 'NONE',  ( -0.000000000000000000, -1.000000000000000000, -0.000000000000000000 ) ) ;
#2332 = DIRECTION ( 'NONE',  ( 0.000000000000000000, 1.000000000000000000, 0.000000000000000000 ) ) ;
#2333 = ORIENTED_EDGE ( 'NONE', *, *, #2898, .T. ) ;
#2334 = CARTESIAN_POINT ( 'NONE',  ( -9.534673571903029554, 4.169999999999999929, 14.51453906012026707 ) ) ;
#2335 = VERTEX_POINT ( 'NONE', #1941 ) ;
#2336 = LINE ( 'NONE', #5540, #34 ) ;
#2337 = CARTESIAN_POINT ( 'NONE',  ( 17.11411476945192689, 4.670000000000000817, -25.65515099297916990 ) ) ;
#2338 = CARTESIAN_POINT ( 'NONE',  ( -0.2499999999999995282, 4.169999999999999929, 0.4330127018922200755 ) ) ;
#2339 = ORIENTED_EDGE ( 'NONE', *, *, #3454, .T. ) ;
#2340 = LINE ( 'NONE', #4444, #6562 ) ;
#2341 = CARTESIAN_POINT ( 'NONE',  ( -12.42271421373343188, 0.000000000000000000, -19.51677218609432884 ) ) ;
#2342 = VECTOR ( 'NONE', #4531, 1000.000000000000000 ) ;
#2343 = VERTEX_POINT ( 'NONE', #5556 ) ;
#2344 = VECTOR ( 'NONE', #6142, 1000.000000000000000 ) ;
#2345 = ORIENTED_EDGE ( 'NONE', *, *, #6760, .F. ) ;
#2346 = EDGE_CURVE ( 'NONE', #5942, #5230, #2973, .T. ) ;
#2347 = DIRECTION ( 'NONE',  ( -1.000000000000000000, -0.000000000000000000, -0.000000000000000000 ) ) ;
#2348 = CARTESIAN_POINT ( 'NONE',  ( -14.84233174091482788, 4.670000000000000817, 7.015474586762705300 ) ) ;
#2349 = ORIENTED_EDGE ( 'NONE', *, *, #5661, .F. ) ;
#2350 = CIRCLE ( 'NONE', #3230, 23.13500000000000156 ) ;
#2351 = CARTESIAN_POINT ( 'NONE',  ( -27.64883365011735350, 4.169999999999999929, -13.66095511311972466 ) ) ;
#2352 = VERTEX_POINT ( 'NONE', #2423 ) ;
#2353 = CIRCLE ( 'NONE', #4114, 25.13500000000000512 ) ;
#2354 = EDGE_CURVE ( 'NONE', #3490, #2413, #2060, .T. ) ;
#2355 = DIRECTION ( 'NONE',  ( 0.9802340172108795491, 0.000000000000000000, -0.1978415312886077360 ) ) ;
#2356 = CYLINDRICAL_SURFACE ( 'NONE', #1703, 0.4999999999999996114 ) ;
#2357 = CARTESIAN_POINT ( 'NONE',  ( 11.22761406947334883, 4.670000000000001705, -20.67084501317393475 ) ) ;
#2358 = DIRECTION ( 'NONE',  ( 0.000000000000000000, 1.000000000000000000, 0.000000000000000000 ) ) ;
#2359 = CARTESIAN_POINT ( 'NONE',  ( 12.90038643502415106, 4.670000000000002593, 21.11932092462119215 ) ) ;
#2360 = EDGE_LOOP ( 'NONE', ( #5089, #5891, #1242, #6312 ) ) ;
#2361 = DIRECTION ( 'NONE',  ( 0.000000000000000000, 0.000000000000000000, 1.000000000000000000 ) ) ;
#2362 = EDGE_CURVE ( 'NONE', #1436, #3134, #3190, .T. ) ;
#2363 = CARTESIAN_POINT ( 'NONE',  ( 0.000000000000000000, 4.169999999999999929, 0.000000000000000000 ) ) ;
#2364 = ORIENTED_EDGE ( 'NONE', *, *, #10, .T. ) ;
#2365 = VECTOR ( 'NONE', #1807, 1000.000000000000000 ) ;
#2366 = CARTESIAN_POINT ( 'NONE',  ( -28.37956506491200415, 4.329369290461546171, -14.37976215375824296 ) ) ;
#2367 = CARTESIAN_POINT ( 'NONE',  ( 19.90160601478452307, 4.633969980009438494, -12.32736295660701131 ) ) ;
#2368 = VERTEX_POINT ( 'NONE', #3515 ) ;
#2369 = AXIS2_PLACEMENT_3D ( 'NONE', #663, #3349, #5934 ) ;
#2370 = ORIENTED_EDGE ( 'NONE', *, *, #1869, .T. ) ;
#2371 = EDGE_CURVE ( 'NONE', #6446, #4117, #1387, .T. ) ;
#2372 = B_SPLINE_CURVE_WITH_KNOTS ( 'NONE', 3,
 ( #4032, #449, #6134, #1930 ),
 .UNSPECIFIED., .F., .F.,
 ( 4, 4 ),
 ( 0.000000000000000000, 0.0004944462805459710593 ),
 .UNSPECIFIED. ) ;
#2373 = EDGE_CURVE ( 'NONE', #1110, #4454, #5019, .T. ) ;
#2374 = CARTESIAN_POINT ( 'NONE',  ( -9.534673571902855471, 4.169999999999999929, -14.51453906012038431 ) ) ;
#2375 = DIRECTION ( 'NONE',  ( -0.5000000000000167644, 0.000000000000000000, 0.8660254037844290487 ) ) ;
#2376 = PLANE ( 'NONE',  #6023 ) ;
#2377 = ORIENTED_EDGE ( 'NONE', *, *, #1855, .F. ) ;
#2378 = DIRECTION ( 'NONE',  ( 0.000000000000000000, 1.000000000000000000, 0.000000000000000000 ) ) ;
#2379 = ORIENTED_EDGE ( 'NONE', *, *, #2774, .T. ) ;
#2380 = EDGE_CURVE ( 'NONE', #4782, #990, #837, .T. ) ;
#2381 = DIRECTION ( 'NONE',  ( -0.8660254037844281605, -0.000000000000000000, -0.5000000000000180966 ) ) ;
#2382 = DIRECTION ( 'NONE',  ( 0.000000000000000000, 0.000000000000000000, 1.000000000000000000 ) ) ;
#2383 = VECTOR ( 'NONE', #2113, 1000.000000000000114 ) ;
#2384 = VERTEX_POINT ( 'NONE', #2943 ) ;
#2385 = CARTESIAN_POINT ( 'NONE',  ( 12.42271421373331997, 4.169999999999999929, -19.51677218609439990 ) ) ;
#2386 = DIRECTION ( 'NONE',  ( 0.000000000000000000, 0.000000000000000000, -1.000000000000000000 ) ) ;
#2387 = VECTOR ( 'NONE', #2960, 1000.000000000000000 ) ;
#2388 = DIRECTION ( 'NONE',  ( 0.000000000000000000, 1.000000000000000000, 0.000000000000000000 ) ) ;
#2389 = FACE_OUTER_BOUND ( 'NONE', #5132, .T. ) ;
#2390 = CARTESIAN_POINT ( 'NONE',  ( 21.88457823746914954, 4.633722113560348355, 11.79645412677231420 ) ) ;
#2391 = CARTESIAN_POINT ( 'NONE',  ( 13.42357517473902817, 4.169999999999999929, 21.25031422186811625 ) ) ;
#2392 = EDGE_LOOP ( 'NONE', ( #4489, #5257, #4503, #5356 ) ) ;
#2393 = EDGE_CURVE ( 'NONE', #3003, #3935, #452, .T. ) ;
#2394 = DIRECTION ( 'NONE',  ( 0.9802340172108735539, 0.000000000000000000, -0.1978415312886378508 ) ) ;
#2395 = AXIS2_PLACEMENT_3D ( 'NONE', #1226, #3325, #4294 ) ;
#2396 = B_SPLINE_CURVE_WITH_KNOTS ( 'NONE', 3,
 ( #3611, #27, #6795, #3578, #4748, #2137, #5159, #5192 ),
 .UNSPECIFIED., .F., .F.,
 ( 4, 2, 2, 4 ),
 ( 8.673617379884035472E-19, 0.0001436338664260465754, 0.0002872677328520922835, 0.0005745354657041836996 ),
 .UNSPECIFIED. ) ;
#2397 = LINE ( 'NONE', #6053, #3279 ) ;
#2398 = ORIENTED_EDGE ( 'NONE', *, *, #2964, .T. ) ;
#2399 = CYLINDRICAL_SURFACE ( 'NONE', #5431, 1.000000000000094591 ) ;
#2400 = CARTESIAN_POINT ( 'NONE',  ( 16.30967357190285583, 4.169999999999999929, -26.24918328139951029 ) ) ;
#2401 = ORIENTED_EDGE ( 'NONE', *, *, #2221, .T. ) ;
#2402 = EDGE_CURVE ( 'NONE', #2146, #4499, #5343, .T. ) ;
#2403 =( BOUNDED_CURVE ( )  B_SPLINE_CURVE ( 3, ( #2709, #2226, #3222, #4226 ),
 .UNSPECIFIED., .F., .T. ) 
 B_SPLINE_CURVE_WITH_KNOTS ( ( 4, 4 ),
 ( 1.570796326794896558, 3.141592653589793116 ),
 .UNSPECIFIED. ) 
 CURVE ( )  GEOMETRIC_REPRESENTATION_ITEM ( )  RATIONAL_B_SPLINE_CURVE ( ( 1.000000000000000000, 0.8047378541243649375, 0.8047378541243649375, 1.000000000000000000 ) ) 
 REPRESENTATION_ITEM ( '' )  );
#2404 = DIRECTION ( 'NONE',  ( 1.000000000000000000, -0.000000000000000000, 3.378977344427017999E-15 ) ) ;
#2405 = ORIENTED_EDGE ( 'NONE', *, *, #3826, .F. ) ;
#2406 = DIRECTION ( 'NONE',  ( 0.000000000000000000, 0.000000000000000000, 1.000000000000000000 ) ) ;
#2407 = DIRECTION ( 'NONE',  ( -0.8660254037844401509, 0.000000000000000000, 0.4999999999999972800 ) ) ;
#2408 = DIRECTION ( 'NONE',  ( -0.8660254037844440367, 0.000000000000000000, -0.4999999999999906186 ) ) ;
#2409 = EDGE_LOOP ( 'NONE', ( #3601, #3825, #4478, #6329 ) ) ;
#2410 = DIRECTION ( 'NONE',  ( -0.000000000000000000, -1.000000000000000000, -0.000000000000000000 ) ) ;
#2411 = LINE ( 'NONE', #1821, #6732 ) ;
#2412 = EDGE_CURVE ( 'NONE', #3273, #6174, #1970, .T. ) ;
#2413 = VERTEX_POINT ( 'NONE', #6569 ) ;
#2414 = VECTOR ( 'NONE', #2283, 1000.000000000000114 ) ;
#2415 = EDGE_CURVE ( 'NONE', #3139, #3343, #6236, .T. ) ;
#2416 = EDGE_CURVE ( 'NONE', #3134, #326, #2805, .T. ) ;
#2417 = LINE ( 'NONE', #3478, #3758 ) ;
#2418 = CARTESIAN_POINT ( 'NONE',  ( 12.90762276433414790, 0.000000000000000000, -24.35665843275938869 ) ) ;
#2419 = ORIENTED_EDGE ( 'NONE', *, *, #1232, .T. ) ;
#2420 = ORIENTED_EDGE ( 'NONE', *, *, #5535, .F. ) ;
#2421 = VECTOR ( 'NONE', #4230, 1000.000000000000227 ) ;
#2422 = DIRECTION ( 'NONE',  ( -0.3187812165858770475, 0.000000000000000000, 0.9478283262026030442 ) ) ;
#2423 = CARTESIAN_POINT ( 'NONE',  ( -26.59578445530160451, 4.169999999999999929, 17.45353882511000521 ) ) ;
#2424 = DIRECTION ( 'NONE',  ( -0.000000000000000000, -1.000000000000000000, -0.000000000000000000 ) ) ;
#2425 = CYLINDRICAL_SURFACE ( 'NONE', #6433, 16.18118721290257866 ) ;
#2426 = CARTESIAN_POINT ( 'NONE',  ( -0.1058167759897411103, 0.000000000000000000, 0.1832800323074458559 ) ) ;
#2427 = EDGE_LOOP ( 'NONE', ( #547, #4810, #3369, #6272 ) ) ;
#2428 = VECTOR ( 'NONE', #4573, 1000.000000000000000 ) ;
#2429 = LINE ( 'NONE', #6606, #4560 ) ;
#2430 = VECTOR ( 'NONE', #6178, 1000.000000000000000 ) ;
#2431 = DIRECTION ( 'NONE',  ( 0.4999999999999445444, -0.000000000000000000, 0.8660254037844707931 ) ) ;
#2432 = CARTESIAN_POINT ( 'NONE',  ( -21.22220575893806327, 4.457215979362298519, -13.30998914553517309 ) ) ;
#2433 = DIRECTION ( 'NONE',  ( 0.000000000000000000, 1.000000000000000000, -0.000000000000000000 ) ) ;
#2434 = CARTESIAN_POINT ( 'NONE',  ( -13.58106158616571868, 4.670000000000000817, -9.212995909637660574 ) ) ;
#2435 = ORIENTED_EDGE ( 'NONE', *, *, #3833, .F. ) ;
#2436 = CARTESIAN_POINT ( 'NONE',  ( 16.10947718289870423, 4.615696297820560012, 26.37955034849449376 ) ) ;
#2437 = CIRCLE ( 'NONE', #6286, 25.13500000000000512 ) ;
#2438 = VERTEX_POINT ( 'NONE', #3178 ) ;
#2439 = VECTOR ( 'NONE', #4917, 1000.000000000000000 ) ;
#2440 = EDGE_CURVE ( 'NONE', #2520, #6701, #3920, .T. ) ;
#2441 = CARTESIAN_POINT ( 'NONE',  ( 12.24786802263134255, 4.670000000000000817, -20.21392969959588015 ) ) ;
#2442 = CARTESIAN_POINT ( 'NONE',  ( -13.25109542725277834, 4.510106162464408541, -21.20756579381227169 ) ) ;
#2443 = ORIENTED_EDGE ( 'NONE', *, *, #690, .T. ) ;
#2444 = CARTESIAN_POINT ( 'NONE',  ( -26.37959333286462282, 4.615749189755394610, 16.10941082093085086 ) ) ;
#2445 = CARTESIAN_POINT ( 'NONE',  ( 21.58014108603129699, 4.670000000000000817, -11.88194999598063362 ) ) ;
#2446 = ORIENTED_EDGE ( 'NONE', *, *, #2753, .F. ) ;
#2447 = EDGE_CURVE ( 'NONE', #5642, #4592, #5692, .T. ) ;
#2448 = DIRECTION ( 'NONE',  ( 0.000000000000000000, 0.000000000000000000, 1.000000000000000000 ) ) ;
#2449 = VERTEX_POINT ( 'NONE', #5205 ) ;
#2450 = ORIENTED_EDGE ( 'NONE', *, *, #277, .T. ) ;
#2451 = EDGE_CURVE ( 'NONE', #6350, #6356, #2082, .T. ) ;
#2452 = EDGE_CURVE ( 'NONE', #607, #1069, #4725, .T. ) ;
#2453 = CARTESIAN_POINT ( 'NONE',  ( -15.06371434019463784, 4.253892477001962824, -6.462191090617204203 ) ) ;
#2454 = CARTESIAN_POINT ( 'NONE',  ( -13.42357517473899975, 2.669999999999999929, 21.25031422186813046 ) ) ;
#2455 = DIRECTION ( 'NONE',  ( 0.000000000000000000, 0.000000000000000000, 1.000000000000000000 ) ) ;
#2456 = CARTESIAN_POINT ( 'NONE',  ( -26.66221604401671286, 4.359676818103005225, -17.36055357991163106 ) ) ;
#2457 = CARTESIAN_POINT ( 'NONE',  ( 6.664811511291444113, 4.516658559703445874, -14.98996910244079217 ) ) ;
#2458 = DIRECTION ( 'NONE',  ( 0.000000000000000000, 1.000000000000000000, 0.000000000000000000 ) ) ;
#2459 = ORIENTED_EDGE ( 'NONE', *, *, #3251, .F. ) ;
#2460 = AXIS2_PLACEMENT_3D ( 'NONE', #5129, #4199, #1025 ) ;
#2461 = AXIS2_PLACEMENT_3D ( 'NONE', #3131, #6823, #3196 ) ;
#2462 = AXIS2_PLACEMENT_3D ( 'NONE', #3261, #4877, #708 ) ;
#2463 = CARTESIAN_POINT ( 'NONE',  ( 0.000000000000000000, 4.169999999999999929, 0.000000000000000000 ) ) ;
#2464 = EDGE_LOOP ( 'NONE', ( #2957, #3241, #731, #6713 ) ) ;
#2465 = DIRECTION ( 'NONE',  ( 1.064377863494507775E-14, 0.000000000000000000, -1.000000000000000000 ) ) ;
#2466 = CARTESIAN_POINT ( 'NONE',  ( -20.51677218609435016, 0.000000000000000000, 10.69066340616452848 ) ) ;
#2467 = VERTEX_POINT ( 'NONE', #5166 ) ;
#2468 = CARTESIAN_POINT ( 'NONE',  ( 14.51453906012028483, 0.2071067811865476560, -9.534673571903006462 ) ) ;
#2469 = EDGE_LOOP ( 'NONE', ( #3434, #2177, #1082, #4986 ) ) ;
#2470 = CARTESIAN_POINT ( 'NONE',  ( 0.000000000000000000, 0.000000000000000000, 0.000000000000000000 ) ) ;
#2471 = FACE_OUTER_BOUND ( 'NONE', #2735, .T. ) ;
#2472 = PLANE ( 'NONE',  #6243 ) ;
#2473 = ORIENTED_EDGE ( 'NONE', *, *, #3677, .F. ) ;
#2474 = DIRECTION ( 'NONE',  ( 0.000000000000000000, 1.000000000000000000, 0.000000000000000000 ) ) ;
#2475 = CARTESIAN_POINT ( 'NONE',  ( 0.000000000000000000, 4.169999999999999929, -23.13499999999999801 ) ) ;
#2476 = EDGE_CURVE ( 'NONE', #1238, #2006, #1448, .T. ) ;
#2477 = VERTEX_POINT ( 'NONE', #4210 ) ;
#2478 = CIRCLE ( 'NONE', #5231, 20.67695921580875407 ) ;
#2479 = ORIENTED_EDGE ( 'NONE', *, *, #3441, .T. ) ;
#2480 = CARTESIAN_POINT ( 'NONE',  ( 26.72351908742825088, 4.444810388736511797, 17.26870749673200223 ) ) ;
#2481 = ORIENTED_EDGE ( 'NONE', *, *, #757, .T. ) ;
#2482 = EDGE_CURVE ( 'NONE', #6565, #6377, #2172, .T. ) ;
#2483 = ORIENTED_EDGE ( 'NONE', *, *, #1548, .T. ) ;
#2484 = CARTESIAN_POINT ( 'NONE',  ( 17.45353882511009758, 4.169999999999999929, 26.59578445530152990 ) ) ;
#2485 = CARTESIAN_POINT ( 'NONE',  ( -19.51677218609430398, 4.169999999999999929, 12.42271421373348339 ) ) ;
#2486 = CARTESIAN_POINT ( 'NONE',  ( -6.462191090617162459, 4.169999999999999929, 15.06371434019465383 ) ) ;
#2487 = DIRECTION ( 'NONE',  ( 0.9802340172108734428, 0.000000000000000000, -0.1978415312886378230 ) ) ;
#2488 = CARTESIAN_POINT ( 'NONE',  ( -11.98970151184123267, 4.169999999999999929, 19.76677218609431819 ) ) ;
#2489 = ORIENTED_EDGE ( 'NONE', *, *, #1414, .T. ) ;
#2490 = EDGE_CURVE ( 'NONE', #3951, #3566, #629, .T. ) ;
#2491 = B_SPLINE_CURVE_WITH_KNOTS ( 'NONE', 3,
 ( #4711, #3058, #2095, #4193, #6752, #1017, #3127, #5221 ),
 .UNSPECIFIED., .F., .F.,
 ( 4, 2, 2, 4 ),
 ( 0.000000000000000000, 0.0002401996643866270080, 0.0004803993287732540160, 0.0009607986575465003341 ),
 .UNSPECIFIED. ) ;
#2492 = DIRECTION ( 'NONE',  ( 0.000000000000000000, 0.000000000000000000, 1.000000000000000000 ) ) ;
#2493 = CARTESIAN_POINT ( 'NONE',  ( 26.99918328139931845, 4.670000000000000817, -15.01063546622650513 ) ) ;
#2494 = CYLINDRICAL_SURFACE ( 'NONE', #6278, 17.73985401647556870 ) ;
#2495 = CARTESIAN_POINT ( 'NONE',  ( 0.000000000000000000, 4.670000000000000817, 0.000000000000000000 ) ) ;
#2496 = CYLINDRICAL_SURFACE ( 'NONE', #4754, 23.13499999999999801 ) ;
#2497 = VERTEX_POINT ( 'NONE', #4664 ) ;
#2498 = ADVANCED_FACE ( 'NONE', ( #6279 ), #1545, .T. ) ;
#2499 = VECTOR ( 'NONE', #2755, 1000.000000000000114 ) ;
#2500 = DIRECTION ( 'NONE',  ( 0.8660254037844570263, 0.000000000000000000, -0.4999999999999682476 ) ) ;
#2501 = EDGE_LOOP ( 'NONE', ( #3733, #1743, #3710, #3432 ) ) ;
#2502 = DIRECTION ( 'NONE',  ( -0.000000000000000000, -1.000000000000000000, -0.000000000000000000 ) ) ;
#2503 = DIRECTION ( 'NONE',  ( 0.000000000000000000, 0.000000000000000000, 1.000000000000000000 ) ) ;
#2504 = EDGE_LOOP ( 'NONE', ( #1346, #5037, #6215, #5918 ) ) ;
#2505 = CARTESIAN_POINT ( 'NONE',  ( -7.802622764334155470, 4.169999999999999929, -15.51453906012026529 ) ) ;
#2506 = FACE_OUTER_BOUND ( 'NONE', #2501, .T. ) ;
#2507 = DIRECTION ( 'NONE',  ( -0.8660254037844570263, 0.000000000000000000, 0.4999999999999683031 ) ) ;
#2508 = VERTEX_POINT ( 'NONE', #6771 ) ;
#2509 = ORIENTED_EDGE ( 'NONE', *, *, #3530, .T. ) ;
#2510 = EDGE_CURVE ( 'NONE', #2688, #4523, #4479, .T. ) ;
#2511 = FACE_OUTER_BOUND ( 'NONE', #2601, .T. ) ;
#2512 = ORIENTED_EDGE ( 'NONE', *, *, #1129, .F. ) ;
#2513 = VERTEX_POINT ( 'NONE', #1581 ) ;
#2514 = CIRCLE ( 'NONE', #2967, 23.13499999999999446 ) ;
#2515 = DIRECTION ( 'NONE',  ( 0.5000000000000062172, 0.000000000000000000, -0.8660254037844350439 ) ) ;
#2516 = ADVANCED_FACE ( 'NONE', ( #428 ), #3694, .F. ) ;
#2517 = CARTESIAN_POINT ( 'NONE',  ( 23.07319061161677354, 2.669999999999999929, -1.689999999999841851 ) ) ;
#2518 = CARTESIAN_POINT ( 'NONE',  ( 6.462191090617056766, 4.169999999999999929, -15.06371434019470179 ) ) ;
#2519 = DIRECTION ( 'NONE',  ( 0.000000000000000000, 1.000000000000000000, 0.000000000000000000 ) ) ;
#2520 = VERTEX_POINT ( 'NONE', #4627 ) ;
#2521 = CARTESIAN_POINT ( 'NONE',  ( -14.51453906012026884, 4.169999999999999929, -9.534673571903027778 ) ) ;
#2522 = EDGE_CURVE ( 'NONE', #4782, #5705, #3374, .T. ) ;
#2523 = B_SPLINE_CURVE_WITH_KNOTS ( 'NONE', 3,
 ( #523, #4720, #5161, #2104, #6306, #4751, #2176, #1131 ),
 .UNSPECIFIED., .F., .F.,
 ( 4, 2, 2, 4 ),
 ( 0.000000000000000000, 0.0002401996643866226712, 0.0004803993287732453423, 0.0009607986575464919857 ),
 .UNSPECIFIED. ) ;
#2524 = AXIS2_PLACEMENT_3D ( 'NONE', #4562, #5039, #328 ) ;
#2525 = CARTESIAN_POINT ( 'NONE',  ( -19.76677218609432174, 4.169999999999999929, 11.98970151184127353 ) ) ;
#2526 = DIRECTION ( 'NONE',  ( -0.000000000000000000, -1.000000000000000000, -0.000000000000000000 ) ) ;
#2527 = DIRECTION ( 'NONE',  ( -0.000000000000000000, -1.000000000000000000, 0.000000000000000000 ) ) ;
#2528 = CARTESIAN_POINT ( 'NONE',  ( 26.61430750865053341, 4.255571474540566612, -17.42104205565966524 ) ) ;
#2529 = ORIENTED_EDGE ( 'NONE', *, *, #2125, .F. ) ;
#2530 = DIRECTION ( 'NONE',  ( 0.000000000000000000, 1.000000000000000000, 0.000000000000000000 ) ) ;
#2531 = ORIENTED_EDGE ( 'NONE', *, *, #3092, .F. ) ;
#2532 = CIRCLE ( 'NONE', #4409, 17.73985401647556870 ) ;
#2533 = EDGE_CURVE ( 'NONE', #1544, #6265, #3379, .T. ) ;
#2534 = CARTESIAN_POINT ( 'NONE',  ( -6.651801747168282652, 4.514523367302391677, -14.98782478122747364 ) ) ;
#2535 = CARTESIAN_POINT ( 'NONE',  ( -0.4330127018921958726, 4.169999999999999929, -0.2499999999999859002 ) ) ;
#2536 = ADVANCED_FACE ( 'NONE', ( #1608 ), #6241, .F. ) ;
#2537 = DIRECTION ( 'NONE',  ( 8.881784197001252323E-16, 0.000000000000000000, 1.000000000000000000 ) ) ;
#2538 = ORIENTED_EDGE ( 'NONE', *, *, #6239, .F. ) ;
#2539 = CARTESIAN_POINT ( 'NONE',  ( -22.25031422186815888, 4.169999999999999929, 11.69152436717009280 ) ) ;
#2540 = CARTESIAN_POINT ( 'NONE',  ( 17.21105046170164954, 4.493547649768471430, -26.76710631880894553 ) ) ;
#2541 = AXIS2_PLACEMENT_3D ( 'NONE', #1378, #3475, #6557 ) ;
#2542 = CARTESIAN_POINT ( 'NONE',  ( 7.802622764334147476, 4.169999999999999929, 15.51453906012027062 ) ) ;
#2543 = EDGE_LOOP ( 'NONE', ( #6181, #1625, #2138, #2168 ) ) ;
#2544 = LINE ( 'NONE', #30, #80 ) ;
#2545 = AXIS2_PLACEMENT_3D ( 'NONE', #6375, #3370, #3305 ) ;
#2546 = ORIENTED_EDGE ( 'NONE', *, *, #1981, .T. ) ;
#2547 = ORIENTED_EDGE ( 'NONE', *, *, #11, .F. ) ;
#2548 = EDGE_CURVE ( 'NONE', #817, #2674, #6240, .T. ) ;
#2549 = AXIS2_PLACEMENT_3D ( 'NONE', #879, #4639, #373 ) ;
#2550 = LINE ( 'NONE', #4561, #4553 ) ;
#2551 = CARTESIAN_POINT ( 'NONE',  ( -6.770714512688049247, 4.593312937155116238, 14.92827634559596106 ) ) ;
#2552 = DIRECTION ( 'NONE',  ( 0.000000000000000000, 0.000000000000000000, -1.000000000000000000 ) ) ;
#2553 = LINE ( 'NONE', #4111, #612 ) ;
#2554 = CARTESIAN_POINT ( 'NONE',  ( 9.216711472603771327, 4.670000000000000817, 13.56265230077034012 ) ) ;
#2555 = ORIENTED_EDGE ( 'NONE', *, *, #3048, .T. ) ;
#2556 = CARTESIAN_POINT ( 'NONE',  ( -17.11411476945210453, 4.169999999999999929, 25.65515099297905266 ) ) ;
#2557 = EDGE_CURVE ( 'NONE', #6139, #4189, #1701, .T. ) ;
#2558 = AXIS2_PLACEMENT_3D ( 'NONE', #6599, #3971, #6366 ) ;
#2559 = CARTESIAN_POINT ( 'NONE',  ( -10.71913207290627490, 4.329481505472350555, -20.52507508630802491 ) ) ;
#2560 = ORIENTED_EDGE ( 'NONE', *, *, #2202, .T. ) ;
#2561 = AXIS2_PLACEMENT_3D ( 'NONE', #1157, #5421, #3704 ) ;
#2562 = DIRECTION ( 'NONE',  ( 0.000000000000000000, 0.000000000000000000, -1.000000000000000000 ) ) ;
#2563 = CARTESIAN_POINT ( 'NONE',  ( 26.72263130296595079, 4.434784009374096669, -17.23115860494460705 ) ) ;
#2564 = VERTEX_POINT ( 'NONE', #6271 ) ;
#2565 = B_SPLINE_CURVE_WITH_KNOTS ( 'NONE', 3,
 ( #2262, #6332, #5281, #2667, #4326, #3837, #1081, #2126 ),
 .UNSPECIFIED., .F., .F.,
 ( 4, 2, 2, 4 ),
 ( -4.472647173594167441E-06, 0.0004764861553983034152, 0.0007169655566842519359, 0.0009574449579702005650 ),
 .UNSPECIFIED. ) ;
#2566 = CARTESIAN_POINT ( 'NONE',  ( 0.2500000000015592527, 4.169999999999999929, 0.4330127018950454265 ) ) ;
#2567 = EDGE_CURVE ( 'NONE', #6172, #2729, #1095, .T. ) ;
#2568 = ORIENTED_EDGE ( 'NONE', *, *, #3366, .F. ) ;
#2569 = VECTOR ( 'NONE', #4533, 1000.000000000000000 ) ;
#2570 = CARTESIAN_POINT ( 'NONE',  ( -6.462191090616950184, 4.253842935203489439, -15.06371434019473554 ) ) ;
#2571 = CARTESIAN_POINT ( 'NONE',  ( 12.41567047854937123, 4.329480679083139272, -19.54557791501436625 ) ) ;
#2572 = CARTESIAN_POINT ( 'NONE',  ( -26.59578445530160451, 4.169999999999999929, 17.45353882511000521 ) ) ;
#2573 = ORIENTED_EDGE ( 'NONE', *, *, #881, .T. ) ;
#2574 = DIRECTION ( 'NONE',  ( 0.000000000000000000, 0.000000000000000000, 1.000000000000000000 ) ) ;
#2575 = CARTESIAN_POINT ( 'NONE',  ( 6.462191090617060318, 4.670000000000000817, 15.06371434019469113 ) ) ;
#2576 = FACE_OUTER_BOUND ( 'NONE', #1961, .T. ) ;
#2577 = EDGE_CURVE ( 'NONE', #726, #4610, #2544, .T. ) ;
#2578 = ORIENTED_EDGE ( 'NONE', *, *, #3649, .T. ) ;
#2579 = B_SPLINE_CURVE_WITH_KNOTS ( 'NONE', 3,
 ( #3357, #4385, #6044, #3387, #256, #4934, #1867, #4779 ),
 .UNSPECIFIED., .F., .F.,
 ( 4, 2, 2, 4 ),
 ( -4.472608283821376152E-06, 0.0004676253585635927129, 0.0007036743419872995347, 0.0009397233254110065733 ),
 .UNSPECIFIED. ) ;
#2580 = ADVANCED_FACE ( 'NONE', ( #3715 ), #3648, .T. ) ;
#2581 = CARTESIAN_POINT ( 'NONE',  ( -7.942841814093024588, 4.669999999999999929, -15.34319201611856087 ) ) ;
#2582 = CARTESIAN_POINT ( 'NONE',  ( -19.51677218609426490, 4.670000000000000817, -12.42271421373352958 ) ) ;
#2583 = EDGE_LOOP ( 'NONE', ( #5827, #4225, #6074, #3900 ) ) ;
#2584 = EDGE_CURVE ( 'NONE', #3206, #4654, #168, .T. ) ;
#2585 = EDGE_CURVE ( 'NONE', #4828, #491, #960, .T. ) ;
#2586 = VERTEX_POINT ( 'NONE', #5194 ) ;
#2587 = AXIS2_PLACEMENT_3D ( 'NONE', #2724, #3650, #5196 ) ;
#2588 = CARTESIAN_POINT ( 'NONE',  ( 10.69066340616454092, 4.670000000000000817, 20.51677218609433950 ) ) ;
#2589 = DIRECTION ( 'NONE',  ( 0.000000000000000000, 0.000000000000000000, 1.000000000000000000 ) ) ;
#2590 = CARTESIAN_POINT ( 'NONE',  ( 14.79184113604506479, 4.616058170209369926, -28.18553966518114251 ) ) ;
#2591 = CARTESIAN_POINT ( 'NONE',  ( 28.40237101414474452, 4.258248879948075327, 14.32879372798201700 ) ) ;
#2592 = EDGE_LOOP ( 'NONE', ( #2961, #75, #1269, #6270 ) ) ;
#2593 = DIRECTION ( 'NONE',  ( 0.000000000000000000, 0.000000000000000000, -1.000000000000000000 ) ) ;
#2594 = PLANE ( 'NONE',  #2813 ) ;
#2595 = DIRECTION ( 'NONE',  ( 0.000000000000000000, 1.000000000000000000, 0.000000000000000000 ) ) ;
#2596 = EDGE_CURVE ( 'NONE', #3392, #3537, #2682, .T. ) ;
#2597 = LINE ( 'NONE', #2627, #3897 ) ;
#2598 = DIRECTION ( 'NONE',  ( -0.000000000000000000, -1.000000000000000000, -0.000000000000000000 ) ) ;
#2599 = ORIENTED_EDGE ( 'NONE', *, *, #1522, .T. ) ;
#2600 = DIRECTION ( 'NONE',  ( 0.000000000000000000, 0.000000000000000000, 1.000000000000000000 ) ) ;
#2601 = EDGE_LOOP ( 'NONE', ( #684, #112, #235, #386 ) ) ;
#2602 = LINE ( 'NONE', #2634, #6754 ) ;
#2603 = DIRECTION ( 'NONE',  ( 0.000000000000000000, 0.000000000000000000, -1.000000000000000000 ) ) ;
#2604 = CARTESIAN_POINT ( 'NONE',  ( -14.30585555931284780, 4.216781941140261836, -28.41310023613286972 ) ) ;
#2605 = ORIENTED_EDGE ( 'NONE', *, *, #6207, .T. ) ;
#2606 = EDGE_CURVE ( 'NONE', #6005, #5423, #516, .T. ) ;
#2607 = AXIS2_PLACEMENT_3D ( 'NONE', #1928, #886, #1337 ) ;
#2608 = DIRECTION ( 'NONE',  ( -0.000000000000000000, -1.000000000000000000, -0.000000000000000000 ) ) ;
#2609 = CARTESIAN_POINT ( 'NONE',  ( -13.54569414015306705, 4.670000000000000817, 9.278213373140038911 ) ) ;
#2610 = CARTESIAN_POINT ( 'NONE',  ( 16.30967357190291622, 4.670000000000000817, 26.24918328139949608 ) ) ;
#2611 = ORIENTED_EDGE ( 'NONE', *, *, #6616, .T. ) ;
#2612 = CARTESIAN_POINT ( 'NONE',  ( 27.64883365011742811, 4.169999999999999929, -13.66095511311952748 ) ) ;
#2613 = EDGE_CURVE ( 'NONE', #4521, #3881, #3930, .T. ) ;
#2614 = ORIENTED_EDGE ( 'NONE', *, *, #4057, .T. ) ;
#2615 = ORIENTED_EDGE ( 'NONE', *, *, #2087, .T. ) ;
#2616 = CARTESIAN_POINT ( 'NONE',  ( 27.02108929809663707, 4.670000000000000817, -15.02328291086357481 ) ) ;
#2617 = DIRECTION ( 'NONE',  ( -0.000000000000000000, -1.000000000000000000, -0.000000000000000000 ) ) ;
#2618 = EDGE_CURVE ( 'NONE', #1314, #61, #4043, .T. ) ;
#2619 = CARTESIAN_POINT ( 'NONE',  ( 19.78081797506029105, 0.000000000000000000, -11.99781085188174856 ) ) ;
#2620 = DIRECTION ( 'NONE',  ( -0.000000000000000000, -1.000000000000000000, -0.000000000000000000 ) ) ;
#2621 = ORIENTED_EDGE ( 'NONE', *, *, #419, .T. ) ;
#2622 = DIRECTION ( 'NONE',  ( 0.000000000000000000, 1.000000000000000000, 0.000000000000000000 ) ) ;
#2623 = AXIS2_PLACEMENT_3D ( 'NONE', #6618, #173, #2273 ) ;
#2624 = VECTOR ( 'NONE', #2313, 1000.000000000000000 ) ;
#2625 = CARTESIAN_POINT ( 'NONE',  ( -14.51453906012035233, 2.669999999999999929, 9.534673571902905209 ) ) ;
#2626 = CARTESIAN_POINT ( 'NONE',  ( -14.50490254310712324, 4.445641932799136775, 28.32265293739662937 ) ) ;
#2627 = CARTESIAN_POINT ( 'NONE',  ( -1.689999999999918012, 0.000000000000000000, -24.35665843275939579 ) ) ;
#2628 = DIRECTION ( 'NONE',  ( -0.3187812165858923685, 0.000000000000000000, -0.9478283262025979372 ) ) ;
#2629 = ORIENTED_EDGE ( 'NONE', *, *, #4860, .F. ) ;
#2630 = B_SPLINE_CURVE_WITH_KNOTS ( 'NONE', 3,
 ( #5590, #6145, #2975, #5072, #362, #2456, #1419, #6706, #4072, #137 ),
 .UNSPECIFIED., .F., .F.,
 ( 4, 2, 2, 2, 4 ),
 ( 0.000000000000000000, 0.0005397884019412690351, 0.0008096826029119061005, 0.0009446297033972279400, 0.001079576803882549780 ),
 .UNSPECIFIED. ) ;
#2631 = CARTESIAN_POINT ( 'NONE',  ( 0.4330127018930912119, 4.169999999999999929, -0.2500000000004822254 ) ) ;
#2632 = VERTEX_POINT ( 'NONE', #5856 ) ;
#2633 = TOROIDAL_SURFACE ( 'NONE', #1208, 24.63500000000000512, 0.5000000000000000000 ) ;
#2634 = CARTESIAN_POINT ( 'NONE',  ( 11.69152436717008570, 4.670000000000000817, 22.25031422186815533 ) ) ;
#2635 = DIRECTION ( 'NONE',  ( 0.000000000000000000, 0.000000000000000000, 1.000000000000000000 ) ) ;
#2636 = CARTESIAN_POINT ( 'NONE',  ( -14.51048812218058615, 4.444138615043476292, -28.31426555175046289 ) ) ;
#2637 = ORIENTED_EDGE ( 'NONE', *, *, #2073, .T. ) ;
#2638 = LINE ( 'NONE', #1090, #6319 ) ;
#2639 = DIRECTION ( 'NONE',  ( -0.000000000000000000, -1.000000000000000000, -0.000000000000000000 ) ) ;
#2640 = DIRECTION ( 'NONE',  ( 0.8660254037845012132, 0.000000000000000000, -0.4999999999998914202 ) ) ;
#2641 = ORIENTED_EDGE ( 'NONE', *, *, #1805, .F. ) ;
#2642 = EDGE_CURVE ( 'NONE', #4841, #845, #2523, .T. ) ;
#2643 = APPLICATION_CONTEXT ( 'automotive_design' ) ;
#2644 = AXIS2_PLACEMENT_3D ( 'NONE', #4529, #429, #4012 ) ;
#2645 = DIRECTION ( 'NONE',  ( 0.000000000000000000, 0.000000000000000000, -1.000000000000000000 ) ) ;
#2646 = FACE_OUTER_BOUND ( 'NONE', #6057, .T. ) ;
#2647 = VERTEX_POINT ( 'NONE', #1273 ) ;
#2648 = ORIENTED_EDGE ( 'NONE', *, *, #4604, .T. ) ;
#2649 = VERTEX_POINT ( 'NONE', #1167 ) ;
#2650 = ADVANCED_FACE ( 'NONE', ( #5398 ), #4823, .T. ) ;
#2651 = CARTESIAN_POINT ( 'NONE',  ( 0.000000000000000000, 0.000000000000000000, 0.000000000000000000 ) ) ;
#2652 = DIRECTION ( 'NONE',  ( 0.000000000000000000, 1.000000000000000000, 0.000000000000000000 ) ) ;
#2653 = VECTOR ( 'NONE', #1282, 1000.000000000000114 ) ;
#2654 = PLANE ( 'NONE',  #2989 ) ;
#2655 = CARTESIAN_POINT ( 'NONE',  ( 28.01258677318488211, 4.670000000000000817, 15.11618144103512229 ) ) ;
#2656 = DIRECTION ( 'NONE',  ( 0.000000000000000000, 0.000000000000000000, 1.000000000000000000 ) ) ;
#2657 = ADVANCED_FACE ( 'NONE', ( #3851 ), #2274, .T. ) ;
#2658 = EDGE_CURVE ( 'NONE', #587, #5171, #3336, .T. ) ;
#2659 = CIRCLE ( 'NONE', #1234, 25.13500000000000512 ) ;
#2660 = CARTESIAN_POINT ( 'NONE',  ( -22.25031422186802743, 4.670000000000000817, -11.69152436717032728 ) ) ;
#2661 = DIRECTION ( 'NONE',  ( 0.000000000000000000, 0.000000000000000000, -1.000000000000000000 ) ) ;
#2662 = CYLINDRICAL_SURFACE ( 'NONE', #2801, 1.000000000000000888 ) ;
#2663 = DIRECTION ( 'NONE',  ( 0.000000000000000000, 0.000000000000000000, 1.000000000000000000 ) ) ;
#2664 = VERTEX_POINT ( 'NONE', #3372 ) ;
#2665 = VECTOR ( 'NONE', #5592, 999.9999999999998863 ) ;
#2666 = AXIS2_PLACEMENT_3D ( 'NONE', #4174, #1617, #5865 ) ;
#2667 = CARTESIAN_POINT ( 'NONE',  ( -20.56910278219169186, 4.512344096653365888, 10.87118342902618906 ) ) ;
#2668 = VERTEX_POINT ( 'NONE', #5365 ) ;
#2669 = EDGE_CURVE ( 'NONE', #3323, #660, #5956, .T. ) ;
#2670 = VECTOR ( 'NONE', #5831, 1000.000000000000114 ) ;
#2671 = CARTESIAN_POINT ( 'NONE',  ( 25.07812044392481354, 2.669999999999999929, 1.690000000000169145 ) ) ;
#2672 = DIRECTION ( 'NONE',  ( 0.000000000000000000, 0.000000000000000000, 1.000000000000000000 ) ) ;
#2673 = CARTESIAN_POINT ( 'NONE',  ( 21.25031422186818020, 4.169999999999999929, 13.42357517473893225 ) ) ;
#2674 = VERTEX_POINT ( 'NONE', #622 ) ;
#2675 = CARTESIAN_POINT ( 'NONE',  ( 0.000000000000000000, 2.669999999999999929, 0.000000000000000000 ) ) ;
#2676 = CARTESIAN_POINT ( 'NONE',  ( 11.38184261884700277, 4.670000000000000817, 20.71392969959581976 ) ) ;
#2677 = EDGE_LOOP ( 'NONE', ( #5931, #3846, #37, #623 ) ) ;
#2678 = PRODUCT_RELATED_PRODUCT_CATEGORY ( 'part', '', ( #920 ) ) ;
#2679 = VECTOR ( 'NONE', #1657, 1000.000000000000114 ) ;
#2680 = EDGE_LOOP ( 'NONE', ( #4278, #5792, #119, #755 ) ) ;
#2681 = AXIS2_PLACEMENT_3D ( 'NONE', #3265, #2781, #1264 ) ;
#2682 = LINE ( 'NONE', #3686, #4266 ) ;
#2683 = ORIENTED_EDGE ( 'NONE', *, *, #3546, .F. ) ;
#2684 = AXIS2_PLACEMENT_3D ( 'NONE', #4672, #6778, #4701 ) ;
#2685 = DIRECTION ( 'NONE',  ( -0.000000000000000000, -1.000000000000000000, -0.000000000000000000 ) ) ;
#2686 = CARTESIAN_POINT ( 'NONE',  ( -26.52108929809337212, 4.670000000000000817, 15.88930831464518612 ) ) ;
#2687 = ADVANCED_FACE ( 'NONE', ( #3888 ), #5994, .T. ) ;
#2688 = VERTEX_POINT ( 'NONE', #5467 ) ;
#2689 = ORIENTED_EDGE ( 'NONE', *, *, #3782, .F. ) ;
#2690 = TOROIDAL_SURFACE ( 'NONE', #5993, 1.499999999999996891, 0.5000000000000000000 ) ;
#2691 = ORIENTED_EDGE ( 'NONE', *, *, #5814, .T. ) ;
#2692 = DIRECTION ( 'NONE',  ( 0.000000000000000000, 0.000000000000000000, 1.000000000000000000 ) ) ;
#2693 = ORIENTED_EDGE ( 'NONE', *, *, #2800, .T. ) ;
#2694 = AXIS2_PLACEMENT_3D ( 'NONE', #1218, #2702, #4806 ) ;
#2695 = AXIS2_PLACEMENT_3D ( 'NONE', #6081, #2358, #1355 ) ;
#2696 = ADVANCED_FACE ( 'NONE', ( #4920 ), #5925, .T. ) ;
#2697 = LINE ( 'NONE', #2214, #4420 ) ;
#2698 = DIRECTION ( 'NONE',  ( 0.000000000000000000, 1.000000000000000000, 0.000000000000000000 ) ) ;
#2699 = EDGE_LOOP ( 'NONE', ( #3345, #3646, #6515, #5952 ) ) ;
#2700 = CARTESIAN_POINT ( 'NONE',  ( 12.74797539976497696, 4.670000000000000817, -21.08014108603135384 ) ) ;
#2701 = AXIS2_PLACEMENT_3D ( 'NONE', #2305, #4344, #1169 ) ;
#2702 = DIRECTION ( 'NONE',  ( -0.000000000000000000, -1.000000000000000000, -0.000000000000000000 ) ) ;
#2703 = CYLINDRICAL_SURFACE ( 'NONE', #4516, 0.5000000000000000000 ) ;
#2704 = ADVANCED_FACE ( 'NONE', ( #103 ), #6554, .T. ) ;
#2705 = VECTOR ( 'NONE', #5544, 1000.000000000000000 ) ;
#2706 = CARTESIAN_POINT ( 'NONE',  ( 20.51677218609433595, 0.000000000000000000, 10.69066340616454625 ) ) ;
#2707 = CARTESIAN_POINT ( 'NONE',  ( 22.25031422186815533, 4.670000000000000817, -11.69152436717009103 ) ) ;
#2708 = ORIENTED_EDGE ( 'NONE', *, *, #772, .F. ) ;
#2709 = CARTESIAN_POINT ( 'NONE',  ( 14.85990020836380232, 4.670000000000000817, -7.424666847050658269 ) ) ;
#2710 = LINE ( 'NONE', #3772, #223 ) ;
#2711 = CARTESIAN_POINT ( 'NONE',  ( 13.12827881868120095, 4.169999999999999929, -9.814463748652007880 ) ) ;
#2712 = EDGE_LOOP ( 'NONE', ( #5962, #3962, #2868, #1487 ) ) ;
#2713 = EDGE_CURVE ( 'NONE', #3951, #56, #6412, .T. ) ;
#2714 = EDGE_CURVE ( 'NONE', #994, #98, #4405, .T. ) ;
#2715 = DIRECTION ( 'NONE',  ( -0.1978415312886077360, 0.000000000000000000, -0.9802340172108795491 ) ) ;
#2716 = CARTESIAN_POINT ( 'NONE',  ( -3.735411355654368215, 4.670000000000000817, -11.10645329366210099 ) ) ;
#2717 = ORIENTED_EDGE ( 'NONE', *, *, #3570, .T. ) ;
#2718 = AXIS2_PLACEMENT_3D ( 'NONE', #5271, #3655, #6317 ) ;
#2719 = ORIENTED_EDGE ( 'NONE', *, *, #6334, .F. ) ;
#2720 = CARTESIAN_POINT ( 'NONE',  ( -12.42271421373343188, 4.251499961375348136, -19.51677218609433595 ) ) ;
#2721 = AXIS2_PLACEMENT_3D ( 'NONE', #4168, #5787, #2645 ) ;
#2722 = DIRECTION ( 'NONE',  ( 0.1978415312886145916, 0.000000000000000000, -0.9802340172108782168 ) ) ;
#2723 = ORIENTED_EDGE ( 'NONE', *, *, #3866, .T. ) ;
#2724 = CARTESIAN_POINT ( 'NONE',  ( -17.11411476945176346, 4.169999999999999929, -25.65515099297929780 ) ) ;
#2725 = LINE ( 'NONE', #4826, #1998 ) ;
#2726 = ORIENTED_EDGE ( 'NONE', *, *, #3649, .F. ) ;
#2727 = ORIENTED_EDGE ( 'NONE', *, *, #5249, .F. ) ;
#2728 = TOROIDAL_SURFACE ( 'NONE', #313, 1.500000000000001110, 0.5000000000000000000 ) ;
#2729 = VERTEX_POINT ( 'NONE', #5432 ) ;
#2730 = EDGE_CURVE ( 'NONE', #131, #5375, #4485, .T. ) ;
#2731 = CARTESIAN_POINT ( 'NONE',  ( 0.000000000000000000, 4.670000000000000817, 0.000000000000000000 ) ) ;
#2732 = ORIENTED_EDGE ( 'NONE', *, *, #4916, .T. ) ;
#2733 = CARTESIAN_POINT ( 'NONE',  ( 10.69066340616454092, 4.670000000000000817, -20.51677218609433950 ) ) ;
#2734 = FACE_OUTER_BOUND ( 'NONE', #1478, .T. ) ;
#2735 = EDGE_LOOP ( 'NONE', ( #1357, #4280, #508, #3020 ) ) ;
#2736 = CARTESIAN_POINT ( 'NONE',  ( 0.000000000000000000, 4.169999999999999929, 0.000000000000000000 ) ) ;
#2737 = EDGE_CURVE ( 'NONE', #20, #213, #2855, .T. ) ;
#2738 = FACE_OUTER_BOUND ( 'NONE', #1750, .T. ) ;
#2739 = CARTESIAN_POINT ( 'NONE',  ( -27.08097159395432740, 4.669999999999963514, 14.90757710307721773 ) ) ;
#2740 = CARTESIAN_POINT ( 'NONE',  ( -11.69913432861251756, 4.326912768932365871, 22.22404932505325448 ) ) ;
#2741 = LINE ( 'NONE', #1079, #3543 ) ;
#2742 = ORIENTED_EDGE ( 'NONE', *, *, #1089, .T. ) ;
#2743 = DIRECTION ( 'NONE',  ( -0.000000000000000000, -1.000000000000000000, -0.000000000000000000 ) ) ;
#2744 = EDGE_CURVE ( 'NONE', #559, #443, #3684, .T. ) ;
#2745 = DIRECTION ( 'NONE',  ( 0.4999999999998785971, 0.000000000000000000, 0.8660254037845087627 ) ) ;
#2746 = CARTESIAN_POINT ( 'NONE',  ( 13.12827881868120450, 4.254888474495750472, -9.814463748652007880 ) ) ;
#2747 = ORIENTED_EDGE ( 'NONE', *, *, #266, .F. ) ;
#2748 = CARTESIAN_POINT ( 'NONE',  ( -9.007166899749345035, 4.670000000000000817, -14.60087070261894304 ) ) ;
#2749 = CARTESIAN_POINT ( 'NONE',  ( 15.06371434019466626, 4.169999999999999929, -6.462191090617107392 ) ) ;
#2750 = ORIENTED_EDGE ( 'NONE', *, *, #4077, .T. ) ;
#2751 = ORIENTED_EDGE ( 'NONE', *, *, #813, .F. ) ;
#2752 = EDGE_CURVE ( 'NONE', #897, #5054, #4441, .T. ) ;
#2753 = EDGE_CURVE ( 'NONE', #3953, #20, #687, .T. ) ;
#2754 = CARTESIAN_POINT ( 'NONE',  ( -21.25031422186811270, 2.669999999999999929, 13.42357517473902817 ) ) ;
#2755 = DIRECTION ( 'NONE',  ( -0.9802340172108805483, 0.000000000000000000, -0.1978415312886023236 ) ) ;
#2756 = ORIENTED_EDGE ( 'NONE', *, *, #5183, .T. ) ;
#2757 = CARTESIAN_POINT ( 'NONE',  ( 9.350178359487061996, 4.660526306310334377, 13.46978456928932921 ) ) ;
#2758 = CARTESIAN_POINT ( 'NONE',  ( -1.725477202014698008, 4.670000000000000817, -2.988614181191272756 ) ) ;
#2759 = ORIENTED_EDGE ( 'NONE', *, *, #5677, .F. ) ;
#2760 = ORIENTED_EDGE ( 'NONE', *, *, #387, .T. ) ;
#2761 = ORIENTED_EDGE ( 'NONE', *, *, #2606, .F. ) ;
#2762 = AXIS2_PLACEMENT_3D ( 'NONE', #4460, #154, #219 ) ;
#2763 = CARTESIAN_POINT ( 'NONE',  ( -27.64883365011752758, 4.169999999999999929, 15.16095511311941380 ) ) ;
#2764 = CARTESIAN_POINT ( 'NONE',  ( -28.02460773401641347, 4.670000000000000817, -15.11312378027578873 ) ) ;
#2765 = VERTEX_POINT ( 'NONE', #4341 ) ;
#2766 = CIRCLE ( 'NONE', #3644, 12.97090984906004785 ) ;
#2767 = EDGE_CURVE ( 'NONE', #1480, #558, #1451, .T. ) ;
#2768 = DIRECTION ( 'NONE',  ( 0.4999999999999683031, -0.000000000000000000, 0.8660254037844570263 ) ) ;
#2769 = CARTESIAN_POINT ( 'NONE',  ( -15.10087070261873521, 4.670000000000000817, -8.141141495965243280 ) ) ;
#2770 = CARTESIAN_POINT ( 'NONE',  ( -9.814463748651876429, 0.000000000000000000, -13.12827881868129687 ) ) ;
#2771 = CARTESIAN_POINT ( 'NONE',  ( 309.4133863775437021, 4.670000000000000817, -178.6399019159095189 ) ) ;
#2772 = ORIENTED_EDGE ( 'NONE', *, *, #3022, .F. ) ;
#2773 = CIRCLE ( 'NONE', #4536, 25.13500000000000512 ) ;
#2774 = EDGE_CURVE ( 'NONE', #2826, #5901, #6162, .T. ) ;
#2775 = CARTESIAN_POINT ( 'NONE',  ( 12.74797539976516170, 4.670000000000000817, 21.08014108603124015 ) ) ;
#2776 = B_SPLINE_CURVE_WITH_KNOTS ( 'NONE', 3,
 ( #3876, #4365, #1262, #4880, #162, #2844, #3225, #5456, #2746, #2711 ),
 .UNSPECIFIED., .F., .F.,
 ( 4, 2, 2, 2, 4 ),
 ( 0.000000000000000000, 0.0002485047995000277911, 0.0004970095990000555821, 0.0007455143985000833732, 0.0009940191980001111642 ),
 .UNSPECIFIED. ) ;
#2777 = CARTESIAN_POINT ( 'NONE',  ( 14.83714660797423157, 4.660547667101916147, 7.004930243867964812 ) ) ;
#2778 = CIRCLE ( 'NONE', #2998, 1.000000000000094591 ) ;
#2779 = CARTESIAN_POINT ( 'NONE',  ( 14.62613208313609015, 4.431292217824027269, -27.22477132445034798 ) ) ;
#2780 = ORIENTED_EDGE ( 'NONE', *, *, #2714, .F. ) ;
#2781 = DIRECTION ( 'NONE',  ( 0.8660254037844289376, -0.000000000000000000, 0.5000000000000166533 ) ) ;
#2782 = CARTESIAN_POINT ( 'NONE',  ( -9.353279450544206952, 4.670000000000000817, 13.46265963069560101 ) ) ;
#2783 = ORIENTED_EDGE ( 'NONE', *, *, #1855, .T. ) ;
#2784 = ADVANCED_FACE ( 'NONE', ( #382 ), #6658, .T. ) ;
#2785 = EDGE_LOOP ( 'NONE', ( #5720, #3332, #1565, #5721 ) ) ;
#2786 = AXIS2_PLACEMENT_3D ( 'NONE', #2771, #1558, #2663 ) ;
#2787 = AXIS2_PLACEMENT_3D ( 'NONE', #4524, #1386, #6703 ) ;
#2788 = DIRECTION ( 'NONE',  ( 0.000000000000000000, 0.000000000000000000, 1.000000000000000000 ) ) ;
#2789 = DIRECTION ( 'NONE',  ( 0.8660254037844385966, 0.000000000000000000, -0.5000000000000000000 ) ) ;
#2790 = ORIENTED_EDGE ( 'NONE', *, *, #3946, .T. ) ;
#2791 = DIRECTION ( 'NONE',  ( 0.000000000000000000, 1.000000000000000000, 0.000000000000000000 ) ) ;
#2792 = PLANE ( 'NONE',  #234 ) ;
#2793 = AXIS2_PLACEMENT_3D ( 'NONE', #5305, #5341, #2153 ) ;
#2794 = ADVANCED_FACE ( 'NONE', ( #3472 ), #2889, .T. ) ;
#2795 = AXIS2_PLACEMENT_3D ( 'NONE', #2897, #5963, #3347 ) ;
#2796 = ORIENTED_EDGE ( 'NONE', *, *, #1606, .F. ) ;
#2797 = ORIENTED_EDGE ( 'NONE', *, *, #772, .T. ) ;
#2798 = AXIS2_PLACEMENT_3D ( 'NONE', #4149, #5211, #1006 ) ;
#2799 = DIRECTION ( 'NONE',  ( -0.4999999999999931166, 0.000000000000000000, 0.8660254037844425934 ) ) ;
#2800 = EDGE_CURVE ( 'NONE', #845, #4660, #5136, .T. ) ;
#2801 = AXIS2_PLACEMENT_3D ( 'NONE', #4223, #4770, #1047 ) ;
#2802 = DIRECTION ( 'NONE',  ( -0.8660254037844273833, 0.000000000000000000, -0.5000000000000195399 ) ) ;
#2803 = CARTESIAN_POINT ( 'NONE',  ( 19.51677218609430042, 0.3679114441889234088, -12.42271421373347451 ) ) ;
#2804 = ORIENTED_EDGE ( 'NONE', *, *, #2982, .F. ) ;
#2805 = B_SPLINE_CURVE_WITH_KNOTS ( 'NONE', 3,
 ( #6078, #1515, #942, #3552, #2551, #2046, #1035, #4175, #6805, #531 ),
 .UNSPECIFIED., .F., .F.,
 ( 4, 2, 2, 2, 4 ),
 ( 0.000000000000000000, 0.0002415981974526902522, 0.0004831963949053805045, 0.0007247945923580707567, 0.0009663927898107610090 ),
 .UNSPECIFIED. ) ;
#2806 = ORIENTED_EDGE ( 'NONE', *, *, #5105, .F. ) ;
#2807 = LINE ( 'NONE', #2671, #5198 ) ;
#2808 = CARTESIAN_POINT ( 'NONE',  ( 28.41310023613412383, 4.670000000000000817, 14.30585555931132369 ) ) ;
#2809 = CARTESIAN_POINT ( 'NONE',  ( 27.64883365011742811, 4.169999999999999929, -13.66095511311952748 ) ) ;
#2810 = LINE ( 'NONE', #3218, #6539 ) ;
#2811 = LINE ( 'NONE', #6573, #2124 ) ;
#2812 = ORIENTED_EDGE ( 'NONE', *, *, #4586, .T. ) ;
#2813 = AXIS2_PLACEMENT_3D ( 'NONE', #2088, #6743, #4185 ) ;
#2814 = DIRECTION ( 'NONE',  ( 0.000000000000000000, 0.000000000000000000, 1.000000000000000000 ) ) ;
#2815 = ADVANCED_FACE ( 'NONE', ( #5500 ), #1853, .T. ) ;
#2816 = DIRECTION ( 'NONE',  ( 0.000000000000000000, 0.000000000000000000, -1.000000000000000000 ) ) ;
#2817 = ORIENTED_EDGE ( 'NONE', *, *, #6711, .F. ) ;
#2818 = DIRECTION ( 'NONE',  ( 0.000000000000000000, 0.000000000000000000, 1.000000000000000000 ) ) ;
#2819 = DIRECTION ( 'NONE',  ( -0.000000000000000000, -1.000000000000000000, -0.000000000000000000 ) ) ;
#2820 = VERTEX_POINT ( 'NONE', #1435 ) ;
#2821 = ORIENTED_EDGE ( 'NONE', *, *, #2584, .T. ) ;
#2822 = EDGE_CURVE ( 'NONE', #2477, #4739, #194, .T. ) ;
#2823 = DIRECTION ( 'NONE',  ( -0.1978415312886077360, 0.000000000000000000, -0.9802340172108795491 ) ) ;
#2824 = LINE ( 'NONE', #4372, #1741 ) ;
#2825 = CARTESIAN_POINT ( 'NONE',  ( 14.79069255729953980, 4.615749189755436355, 27.14095567736225334 ) ) ;
#2826 = VERTEX_POINT ( 'NONE', #2931 ) ;
#2827 = CARTESIAN_POINT ( 'NONE',  ( 0.000000000000000000, 2.669999999999999929, -23.13499999999999801 ) ) ;
#2828 = LINE ( 'NONE', #1678, #3748 ) ;
#2829 = ORIENTED_EDGE ( 'NONE', *, *, #6254, .T. ) ;
#2830 = ORIENTED_EDGE ( 'NONE', *, *, #160, .T. ) ;
#2831 = ADVANCED_FACE ( 'NONE', ( #3536 ), #2472, .F. ) ;
#2832 = CARTESIAN_POINT ( 'NONE',  ( 20.51677218609433950, 0.000000000000000000, -10.69066340616453914 ) ) ;
#2833 = LINE ( 'NONE', #4353, #4176 ) ;
#2834 = EDGE_LOOP ( 'NONE', ( #3948, #2345, #6664, #3037 ) ) ;
#2835 = VERTEX_POINT ( 'NONE', #821 ) ;
#2836 = EDGE_CURVE ( 'NONE', #5126, #3618, #1955, .T. ) ;
#2837 = CARTESIAN_POINT ( 'NONE',  ( -26.24918328139936463, 4.169999999999999929, -16.30967357190309741 ) ) ;
#2838 = DIRECTION ( 'NONE',  ( -0.000000000000000000, -1.000000000000000000, -0.000000000000000000 ) ) ;
#2839 = DIRECTION ( 'NONE',  ( -0.8660254037844372643, 0.000000000000000000, 0.5000000000000026645 ) ) ;
#2840 = DIRECTION ( 'NONE',  ( -0.9478283262025962719, 0.000000000000000000, 0.3187812165858973090 ) ) ;
#2841 = CARTESIAN_POINT ( 'NONE',  ( -26.52108929809672233, 4.670000000000000817, -15.88930831464797144 ) ) ;
#2842 = ORIENTED_EDGE ( 'NONE', *, *, #1148, .F. ) ;
#2843 = CARTESIAN_POINT ( 'NONE',  ( 13.25109339843875667, 4.510107860417508441, -21.20756528851687150 ) ) ;
#2844 = CARTESIAN_POINT ( 'NONE',  ( 13.26253318848681140, 4.516075319424689205, -9.650756767741015096 ) ) ;
#2845 = ORIENTED_EDGE ( 'NONE', *, *, #984, .T. ) ;
#2846 = DIRECTION ( 'NONE',  ( 0.000000000000000000, 0.000000000000000000, -1.000000000000000000 ) ) ;
#2847 = CARTESIAN_POINT ( 'NONE',  ( 19.54557822481135787, 4.329481505472347891, -12.41567040287274359 ) ) ;
#2848 = VERTEX_POINT ( 'NONE', #6723 ) ;
#2849 = CIRCLE ( 'NONE', #1628, 1.000000000000000888 ) ;
#2850 = FACE_OUTER_BOUND ( 'NONE', #376, .T. ) ;
#2851 = EDGE_LOOP ( 'NONE', ( #860, #1309, #3679, #2955, #4946, #534, #2726, #1518, #2719, #6030, #3438, #1468, #6718, #796, #5585, #2279, #851, #6826, #673, #662, #679, #745, #2751, #5581, #108, #6300, #6123, #4707, #6648, #2103 ) ) ;
#2852 = VECTOR ( 'NONE', #5992, 1000.000000000000114 ) ;
#2853 = LINE ( 'NONE', #1130, #5403 ) ;
#2854 = CARTESIAN_POINT ( 'NONE',  ( -28.41310023613407765, 4.670000000000000817, -14.30585555931155461 ) ) ;
#2855 = LINE ( 'NONE', #4952, #1503 ) ;
#2856 = EDGE_LOOP ( 'NONE', ( #936, #135, #3641, #2370, #2829, #883 ) ) ;
#2857 = CARTESIAN_POINT ( 'NONE',  ( -28.17874069313190333, 4.615532800701929617, 14.79408005272541793 ) ) ;
#2858 = CARTESIAN_POINT ( 'NONE',  ( -11.69152436717025090, 2.669999999999999929, 22.25031422186807006 ) ) ;
#2859 = CIRCLE ( 'NONE', #5490, 1.000000000000000888 ) ;
#2860 = EDGE_CURVE ( 'NONE', #3307, #4521, #1994, .T. ) ;
#2861 = ORIENTED_EDGE ( 'NONE', *, *, #5031, .T. ) ;
#2862 = VERTEX_POINT ( 'NONE', #3404 ) ;
#2863 = DIRECTION ( 'NONE',  ( 0.000000000000000000, 0.000000000000000000, 1.000000000000000000 ) ) ;
#2864 = CARTESIAN_POINT ( 'NONE',  ( -9.814463748651876429, 4.670000000000000817, -13.12827881868129687 ) ) ;
#2865 = ORIENTED_EDGE ( 'NONE', *, *, #1360, .T. ) ;
#2866 = EDGE_CURVE ( 'NONE', #1126, #3307, #783, .T. ) ;
#2867 = FACE_OUTER_BOUND ( 'NONE', #3097, .T. ) ;
#2868 = ORIENTED_EDGE ( 'NONE', *, *, #5219, .T. ) ;
#2869 = DIRECTION ( 'NONE',  ( 0.8660254037844273833, -0.000000000000000000, 0.5000000000000195399 ) ) ;
#2870 = VECTOR ( 'NONE', #1276, 1000.000000000000000 ) ;
#2871 = DIRECTION ( 'NONE',  ( -0.000000000000000000, -1.000000000000000000, -0.000000000000000000 ) ) ;
#2872 = CARTESIAN_POINT ( 'NONE',  ( 11.07161490660914360, 4.633969980009440270, -20.62661248948515436 ) ) ;
#2873 = DIRECTION ( 'NONE',  ( 0.000000000000000000, 1.000000000000000000, 0.000000000000000000 ) ) ;
#2874 = CARTESIAN_POINT ( 'NONE',  ( 0.000000000000000000, 4.670000000000000817, -23.13499999999999801 ) ) ;
#2875 = ORIENTED_EDGE ( 'NONE', *, *, #4604, .F. ) ;
#2876 = ADVANCED_FACE ( 'NONE', ( #281 ), #2376, .T. ) ;
#2877 = EDGE_CURVE ( 'NONE', #2078, #1544, #3049, .T. ) ;
#2878 = CARTESIAN_POINT ( 'NONE',  ( 26.24918328139943213, 4.169999999999999929, -16.30967357190300149 ) ) ;
#2879 = AXIS2_PLACEMENT_3D ( 'NONE', #1308, #1931, #5503 ) ;
#2880 = FACE_OUTER_BOUND ( 'NONE', #1755, .T. ) ;
#2881 = VERTEX_POINT ( 'NONE', #1889 ) ;
#2882 = DIRECTION ( 'NONE',  ( -0.000000000000000000, -1.000000000000000000, -0.000000000000000000 ) ) ;
#2883 = DIRECTION ( 'NONE',  ( -0.000000000000000000, -1.000000000000000000, -0.000000000000000000 ) ) ;
#2884 = VERTEX_POINT ( 'NONE', #3992 ) ;
#2885 = EDGE_CURVE ( 'NONE', #1949, #6350, #1375, .T. ) ;
#2886 = ORIENTED_EDGE ( 'NONE', *, *, #1469, .F. ) ;
#2887 = CARTESIAN_POINT ( 'NONE',  ( -13.12827881868112456, 4.670000000000000817, -9.814463748652098474 ) ) ;
#2888 = DIRECTION ( 'NONE',  ( -0.000000000000000000, -1.000000000000000000, -0.000000000000000000 ) ) ;
#2889 = CYLINDRICAL_SURFACE ( 'NONE', #422, 0.5000000000000000000 ) ;
#2890 = ORIENTED_EDGE ( 'NONE', *, *, #6505, .F. ) ;
#2891 = CARTESIAN_POINT ( 'NONE',  ( 12.42271421373348161, 0.000000000000000000, 19.51677218609430042 ) ) ;
#2892 = CARTESIAN_POINT ( 'NONE',  ( 15.51453906012024220, 4.169999999999999929, 7.802622764334208760 ) ) ;
#2893 = AXIS2_PLACEMENT_3D ( 'NONE', #432, #1976, #3623 ) ;
#2894 = EDGE_LOOP ( 'NONE', ( #456, #4069, #1635, #4583, #864, #4885, #3169 ) ) ;
#2895 = AXIS2_PLACEMENT_3D ( 'NONE', #956, #5776, #987 ) ;
#2896 = PRODUCT_DEFINITION ( 'UNKNOWN', '', #47, #6758 ) ;
#2897 = CARTESIAN_POINT ( 'NONE',  ( 0.000000000000000000, 4.169999999999999929, 0.000000000000000000 ) ) ;
#2898 = EDGE_CURVE ( 'NONE', #1966, #31, #1213, .T. ) ;
#2899 = VECTOR ( 'NONE', #6260, 1000.000000000000114 ) ;
#2900 = DIRECTION ( 'NONE',  ( -0.5000000000000082157, 0.000000000000000000, 0.8660254037844339337 ) ) ;
#2901 = CARTESIAN_POINT ( 'NONE',  ( 19.51677218609430042, 0.5000000000000004441, -12.42271421373347096 ) ) ;
#2902 = ORIENTED_EDGE ( 'NONE', *, *, #2642, .T. ) ;
#2903 = AXIS2_PLACEMENT_3D ( 'NONE', #1450, #3555, #5664 ) ;
#2904 = PRODUCT_CONTEXT ( 'NONE', #3175, 'mechanical' ) ;
#2905 = EDGE_LOOP ( 'NONE', ( #2037, #4397, #3054, #2459 ) ) ;
#2906 = AXIS2_PLACEMENT_3D ( 'NONE', #5307, #1585, #602 ) ;
#2907 = CARTESIAN_POINT ( 'NONE',  ( -14.76453906012027772, 4.169999999999999929, -9.101660870010812587 ) ) ;
#2908 = CARTESIAN_POINT ( 'NONE',  ( 9.534673571902963829, 4.462893218813452911, 14.51453906012032213 ) ) ;
#2909 = EDGE_CURVE ( 'NONE', #5651, #5126, #958, .T. ) ;
#2910 = DIRECTION ( 'NONE',  ( 1.156482317317798164E-15, 0.000000000000000000, 1.000000000000000000 ) ) ;
#2911 = CARTESIAN_POINT ( 'NONE',  ( 1.690000000000072555, 2.669999999999999929, -23.07319061161675933 ) ) ;
#2912 = CARTESIAN_POINT ( 'NONE',  ( -0.1058167759897411103, 2.669999999999999929, 0.1832800323074458559 ) ) ;
#2913 = CARTESIAN_POINT ( 'NONE',  ( -6.462191090616950184, 4.670000000000000817, -15.06371434019473554 ) ) ;
#2914 = ORIENTED_EDGE ( 'NONE', *, *, #5265, .F. ) ;
#2915 = B_SPLINE_CURVE_WITH_KNOTS ( 'NONE', 3,
 ( #1499, #413, #21, #478, #5184, #1992, #6335, #1598, #5808, #4088, #3023, #5123 ),
 .UNSPECIFIED., .F., .F.,
 ( 4, 2, 2, 2, 2, 4 ),
 ( 0.000000000000000000, 0.0005621150438073882396, 0.0008431725657110823594, 0.0009837013266629293651, 0.001053965707138855741, 0.001124230087614781900 ),
 .UNSPECIFIED. ) ;
#2916 = CARTESIAN_POINT ( 'NONE',  ( 13.42357517473885942, 4.249933565621200948, -21.25031422186822283 ) ) ;
#2917 = AXIS2_PLACEMENT_3D ( 'NONE', #3949, #6186, #5568 ) ;
#2918 = EDGE_CURVE ( 'NONE', #4380, #5861, #73, .T. ) ;
#2919 = CARTESIAN_POINT ( 'NONE',  ( 20.56910327435843300, 4.512345469905871376, 10.87118513549161669 ) ) ;
#2920 = ORIENTED_EDGE ( 'NONE', *, *, #448, .T. ) ;
#2921 = AXIS2_PLACEMENT_3D ( 'NONE', #3629, #5669, #5767 ) ;
#2922 = CARTESIAN_POINT ( 'NONE',  ( -28.18590977752203486, 4.616088238457413340, -14.79171751668559587 ) ) ;
#2923 = DIRECTION ( 'NONE',  ( 0.000000000000000000, 0.000000000000000000, -1.000000000000000000 ) ) ;
#2924 = ORIENTED_EDGE ( 'NONE', *, *, #4724, .F. ) ;
#2925 = CARTESIAN_POINT ( 'NONE',  ( 16.26427753762798645, 4.431292217823971313, 26.27898760532771760 ) ) ;
#2926 = ORIENTED_EDGE ( 'NONE', *, *, #6151, .T. ) ;
#2927 = AXIS2_PLACEMENT_3D ( 'NONE', #5296, #1610, #5790 ) ;
#2928 = EDGE_CURVE ( 'NONE', #5453, #3881, #3106, .T. ) ;
#2929 = CARTESIAN_POINT ( 'NONE',  ( 12.42271421373347984, 4.169999999999999929, 19.51677218609430398 ) ) ;
#2930 = CARTESIAN_POINT ( 'NONE',  ( 15.06371434019467692, 4.670000000000000817, 6.462191090617110056 ) ) ;
#2931 = CARTESIAN_POINT ( 'NONE',  ( 21.25031422186811980, 4.169999999999999929, -13.42357517473902107 ) ) ;
#2932 = ORIENTED_EDGE ( 'NONE', *, *, #1441, .T. ) ;
#2933 = DIRECTION ( 'NONE',  ( 0.4999999999999996669, -0.000000000000000000, 0.8660254037844388186 ) ) ;
#2934 = CARTESIAN_POINT ( 'NONE',  ( 0.000000000000000000, 4.169999999999999929, 0.000000000000000000 ) ) ;
#2935 = VECTOR ( 'NONE', #5682, 999.9999999999998863 ) ;
#2936 = ORIENTED_EDGE ( 'NONE', *, *, #4358, .T. ) ;
#2937 = CARTESIAN_POINT ( 'NONE',  ( -15.88930831464755578, 4.670000000000000817, -26.52108929809690352 ) ) ;
#2938 = DIRECTION ( 'NONE',  ( 0.000000000000000000, 1.000000000000000000, 0.000000000000000000 ) ) ;
#2939 = ORIENTED_EDGE ( 'NONE', *, *, #1895, .F. ) ;
#2940 = ORIENTED_EDGE ( 'NONE', *, *, #4309, .T. ) ;
#2941 = ADVANCED_FACE ( 'NONE', ( #6821 ), #5155, .F. ) ;
#2942 = CARTESIAN_POINT ( 'NONE',  ( -15.88930831464829474, 4.670000000000000817, 26.52108929809734050 ) ) ;
#2943 = CARTESIAN_POINT ( 'NONE',  ( 15.51453906012023332, 4.169999999999999929, -7.802622764334209648 ) ) ;
#2944 = DIRECTION ( 'NONE',  ( 0.5000000000000230926, -0.000000000000000000, 0.8660254037844253849 ) ) ;
#2945 = DIRECTION ( 'NONE',  ( 0.000000000000000000, 1.000000000000000000, 0.000000000000000000 ) ) ;
#2946 = CARTESIAN_POINT ( 'NONE',  ( 17.11411476945192689, 4.169999999999999929, -25.65515099297916990 ) ) ;
#2947 = CARTESIAN_POINT ( 'NONE',  ( 12.74797539976516170, 4.670000000000000817, 21.08014108603124015 ) ) ;
#2948 = VERTEX_POINT ( 'NONE', #6299 ) ;
#2949 = DIRECTION ( 'NONE',  ( 0.000000000000000000, 0.000000000000000000, 1.000000000000000000 ) ) ;
#2950 = EDGE_CURVE ( 'NONE', #5336, #3134, #3574, .T. ) ;
#2951 = CARTESIAN_POINT ( 'NONE',  ( 20.51677218609434306, 4.169999999999999929, 10.69066340616454802 ) ) ;
#2952 = ORIENTED_EDGE ( 'NONE', *, *, #2918, .F. ) ;
#2953 = CARTESIAN_POINT ( 'NONE',  ( -27.24918328139926516, 4.670000000000000817, -14.57762276433443560 ) ) ;
#2954 = CARTESIAN_POINT ( 'NONE',  ( -13.38683433919757704, 4.633574727193286336, -9.481378148119175009 ) ) ;
#2955 = ORIENTED_EDGE ( 'NONE', *, *, #5031, .F. ) ;
#2956 = EDGE_CURVE ( 'NONE', #5337, #2335, #2067, .T. ) ;
#2957 = ORIENTED_EDGE ( 'NONE', *, *, #5219, .F. ) ;
#2958 = DIRECTION ( 'NONE',  ( 0.5000000000000062172, 0.000000000000000000, -0.8660254037844350439 ) ) ;
#2959 = CARTESIAN_POINT ( 'NONE',  ( 0.4330127018917190318, 4.169999999999999929, -0.2499999999996980471 ) ) ;
#2960 = DIRECTION ( 'NONE',  ( -0.000000000000000000, -1.000000000000000000, -0.000000000000000000 ) ) ;
#2961 = ORIENTED_EDGE ( 'NONE', *, *, #2371, .F. ) ;
#2962 = CARTESIAN_POINT ( 'NONE',  ( -15.06371434019463784, 0.000000000000000000, -6.462191090617205091 ) ) ;
#2963 = CARTESIAN_POINT ( 'NONE',  ( 1.689999999999740155, 2.669999999999999929, 25.07812044392484196 ) ) ;
#2964 = EDGE_CURVE ( 'NONE', #2352, #6520, #4095, .T. ) ;
#2965 = EDGE_LOOP ( 'NONE', ( #3310, #1691, #4023, #4640 ) ) ;
#2966 = ADVANCED_FACE ( 'NONE', ( #2030 ), #1532, .F. ) ;
#2967 = AXIS2_PLACEMENT_3D ( 'NONE', #6131, #3089, #5154 ) ;
#2968 = B_SPLINE_CURVE_WITH_KNOTS ( 'NONE', 3,
 ( #450, #4198, #3610, #1505, #5746, #3682 ),
 .UNSPECIFIED., .F., .F.,
 ( 4, 2, 4 ),
 ( 0.000000000000000000, 0.0003907179323894552554, 0.0007814358647789105107 ),
 .UNSPECIFIED. ) ;
#2969 = CARTESIAN_POINT ( 'NONE',  ( 26.64325343207288554, 4.328076893724014163, 17.38529633803607055 ) ) ;
#2970 = ORIENTED_EDGE ( 'NONE', *, *, #645, .T. ) ;
#2971 = ORIENTED_EDGE ( 'NONE', *, *, #2416, .T. ) ;
#2972 = CARTESIAN_POINT ( 'NONE',  ( -14.76921929579110504, 4.670000000000000817, -7.155046389161858755 ) ) ;
#2973 = LINE ( 'NONE', #4041, #1100 ) ;
#2974 = CARTESIAN_POINT ( 'NONE',  ( 0.000000000000000000, 4.670000000000000817, 0.000000000000000000 ) ) ;
#2975 = CARTESIAN_POINT ( 'NONE',  ( -26.90294536878638709, 4.616105774188349997, -17.01387644110038622 ) ) ;
#2976 = LINE ( 'NONE', #6214, #2665 ) ;
#2977 = ORIENTED_EDGE ( 'NONE', *, *, #3884, .F. ) ;
#2978 = AXIS2_PLACEMENT_3D ( 'NONE', #5347, #4838, #116 ) ;
#2979 = CARTESIAN_POINT ( 'NONE',  ( -14.90648051375224270, 4.669999999999980389, -27.08153912196005564 ) ) ;
#2980 = LINE ( 'NONE', #911, #4574 ) ;
#2981 = DIRECTION ( 'NONE',  ( 0.000000000000000000, 0.000000000000000000, 1.000000000000000000 ) ) ;
#2982 = EDGE_CURVE ( 'NONE', #1544, #665, #6232, .T. ) ;
#2983 = DIRECTION ( 'NONE',  ( -0.000000000000000000, -1.000000000000000000, -0.000000000000000000 ) ) ;
#2984 = CARTESIAN_POINT ( 'NONE',  ( -6.462191090616951961, 4.670000000000000817, -15.06371434019473554 ) ) ;
#2985 = ORIENTED_EDGE ( 'NONE', *, *, #5524, .F. ) ;
#2986 = CARTESIAN_POINT ( 'NONE',  ( 16.30967357190291978, 4.302122217144055405, 26.24918328139949608 ) ) ;
#2987 = VECTOR ( 'NONE', #4884, 1000.000000000000000 ) ;
#2988 = ORIENTED_EDGE ( 'NONE', *, *, #1991, .T. ) ;
#2989 = AXIS2_PLACEMENT_3D ( 'NONE', #6460, #182, #1722 ) ;
#2990 = DIRECTION ( 'NONE',  ( -0.000000000000000000, -1.000000000000000000, -0.000000000000000000 ) ) ;
#2991 = CARTESIAN_POINT ( 'NONE',  ( -12.39296186723051463, 4.460165735794748620, 19.63782088549202953 ) ) ;
#2992 = DIRECTION ( 'NONE',  ( 0.000000000000000000, 0.000000000000000000, 1.000000000000000000 ) ) ;
#2993 = ORIENTED_EDGE ( 'NONE', *, *, #4625, .F. ) ;
#2994 = EDGE_CURVE ( 'NONE', #3278, #1605, #989, .T. ) ;
#2995 = CARTESIAN_POINT ( 'NONE',  ( 0.000000000000000000, 4.169999999999999929, 0.000000000000000000 ) ) ;
#2996 = FACE_OUTER_BOUND ( 'NONE', #6632, .T. ) ;
#2997 = VERTEX_POINT ( 'NONE', #6790 ) ;
#2998 = AXIS2_PLACEMENT_3D ( 'NONE', #4706, #915, #3017 ) ;
#2999 = ADVANCED_FACE ( 'NONE', ( #3640 ), #5982, .T. ) ;
#3000 = AXIS2_PLACEMENT_3D ( 'NONE', #6708, #5696, #4668 ) ;
#3001 = CARTESIAN_POINT ( 'NONE',  ( 12.42271421373331997, 0.000000000000000000, -19.51677218609439990 ) ) ;
#3002 = ORIENTED_EDGE ( 'NONE', *, *, #3191, .T. ) ;
#3003 = VERTEX_POINT ( 'NONE', #5917 ) ;
#3004 = VECTOR ( 'NONE', #57, 1000.000000000000114 ) ;
#3005 = CARTESIAN_POINT ( 'NONE',  ( 14.79753995681425494, 4.614697707672048566, 28.16811870249878069 ) ) ;
#3006 = CARTESIAN_POINT ( 'NONE',  ( 0.000000000000000000, 0.000000000000000000, 0.000000000000000000 ) ) ;
#3007 = ADVANCED_FACE ( 'NONE', ( #4330 ), #3602, .T. ) ;
#3008 = CARTESIAN_POINT ( 'NONE',  ( 0.000000000000000000, 4.670000000000000817, 0.000000000000000000 ) ) ;
#3009 = DIRECTION ( 'NONE',  ( 0.000000000000000000, 0.000000000000000000, 1.000000000000000000 ) ) ;
#3010 = AXIS2_PLACEMENT_3D ( 'NONE', #5521, #3906, #1420 ) ;
#3011 = DIRECTION ( 'NONE',  ( 0.000000000000000000, 0.000000000000000000, -1.000000000000000000 ) ) ;
#3012 = DIRECTION ( 'NONE',  ( -0.000000000000000000, -1.000000000000000000, -0.000000000000000000 ) ) ;
#3013 = ORIENTED_EDGE ( 'NONE', *, *, #5150, .T. ) ;
#3014 = AXIS2_PLACEMENT_3D ( 'NONE', #1431, #3056, #4641 ) ;
#3015 = DIRECTION ( 'NONE',  ( -0.000000000000000000, -1.000000000000000000, -0.000000000000000000 ) ) ;
#3016 = FACE_OUTER_BOUND ( 'NONE', #6346, .T. ) ;
#3017 = DIRECTION ( 'NONE',  ( 0.000000000000000000, 0.000000000000000000, 1.000000000000000000 ) ) ;
#3018 = ORIENTED_EDGE ( 'NONE', *, *, #5890, .F. ) ;
#3019 = DIRECTION ( 'NONE',  ( 0.000000000000000000, 1.000000000000000000, 0.000000000000000000 ) ) ;
#3020 = ORIENTED_EDGE ( 'NONE', *, *, #1441, .F. ) ;
#3021 = AXIS2_PLACEMENT_3D ( 'NONE', #4355, #3727, #3286 ) ;
#3022 = EDGE_CURVE ( 'NONE', #5051, #3847, #4816, .T. ) ;
#3023 = CARTESIAN_POINT ( 'NONE',  ( 28.41310023613267433, 4.194051307391704064, -14.30585555931312136 ) ) ;
#3024 = CARTESIAN_POINT ( 'NONE',  ( 25.65515099297910950, 4.169999999999999929, 17.11411476945201571 ) ) ;
#3025 = AXIS2_PLACEMENT_3D ( 'NONE', #2625, #4151, #13 ) ;
#3026 = CARTESIAN_POINT ( 'NONE',  ( -13.30998914553507184, 4.457215979362294966, -21.22220575893812011 ) ) ;
#3027 = VERTEX_POINT ( 'NONE', #228 ) ;
#3028 = CARTESIAN_POINT ( 'NONE',  ( -24.35665843275925013, 0.000000000000000000, -12.90762276433440370 ) ) ;
#3029 = CARTESIAN_POINT ( 'NONE',  ( -9.666967627480337555, 2.669999999999999929, 5.581226361975702766 ) ) ;
#3030 = CARTESIAN_POINT ( 'NONE',  ( -6.462191090616951961, 0.000000000000000000, -15.06371434019473554 ) ) ;
#3031 = VERTEX_POINT ( 'NONE', #709 ) ;
#3032 = VECTOR ( 'NONE', #5448, 1000.000000000000000 ) ;
#3033 = EDGE_CURVE ( 'NONE', #5054, #1238, #2776, .T. ) ;
#3034 = ORIENTED_EDGE ( 'NONE', *, *, #5913, .F. ) ;
#3035 = CARTESIAN_POINT ( 'NONE',  ( -27.64883365011752758, 4.169999999999999929, 13.66095511311933741 ) ) ;
#3036 = ORIENTED_EDGE ( 'NONE', *, *, #3154, .F. ) ;
#3037 = ORIENTED_EDGE ( 'NONE', *, *, #1566, .F. ) ;
#3038 = EDGE_CURVE ( 'NONE', #2668, #4608, #741, .T. ) ;
#3039 = LINE ( 'NONE', #6636, #1903 ) ;
#3040 = DIRECTION ( 'NONE',  ( 0.000000000000000000, 0.000000000000000000, 1.000000000000000000 ) ) ;
#3041 = CARTESIAN_POINT ( 'NONE',  ( -27.64883365011752758, 4.169999999999999929, 13.66095511311933741 ) ) ;
#3042 = VECTOR ( 'NONE', #2617, 1000.000000000000000 ) ;
#3043 = CARTESIAN_POINT ( 'NONE',  ( 15.11325962399935996, 4.670000000000000817, -28.02408237786726275 ) ) ;
#3044 = DIRECTION ( 'NONE',  ( -0.4999999999999803491, 0.000000000000000000, -0.8660254037844500319 ) ) ;
#3045 = EDGE_LOOP ( 'NONE', ( #3229, #6238, #5020, #2071 ) ) ;
#3046 = DIRECTION ( 'NONE',  ( 0.000000000000000000, 0.000000000000000000, 1.000000000000000000 ) ) ;
#3047 = ADVANCED_FACE ( 'NONE', ( #5388 ), #1736, .F. ) ;
#3048 = EDGE_CURVE ( 'NONE', #1215, #2826, #321, .T. ) ;
#3049 = CIRCLE ( 'NONE', #1177, 1.000000000000049516 ) ;
#3050 = DIRECTION ( 'NONE',  ( 0.000000000000000000, 1.000000000000000000, 0.000000000000000000 ) ) ;
#3051 = LINE ( 'NONE', #4080, #2428 ) ;
#3052 = CARTESIAN_POINT ( 'NONE',  ( -14.60087070261891107, 4.670000000000000817, 9.007166899749398326 ) ) ;
#3053 = LINE ( 'NONE', #1429, #4543 ) ;
#3054 = ORIENTED_EDGE ( 'NONE', *, *, #5495, .F. ) ;
#3055 = AXIS2_PLACEMENT_3D ( 'NONE', #4942, #3840, #4264 ) ;
#3056 = DIRECTION ( 'NONE',  ( 0.000000000000000000, 1.000000000000000000, 0.000000000000000000 ) ) ;
#3057 = ORIENTED_EDGE ( 'NONE', *, *, #4569, .T. ) ;
#3058 = CARTESIAN_POINT ( 'NONE',  ( 19.51677218609436437, 4.251499961375350800, 12.42271421373338569 ) ) ;
#3059 = CARTESIAN_POINT ( 'NONE',  ( 0.000000000000000000, 0.000000000000000000, 0.000000000000000000 ) ) ;
#3060 = CARTESIAN_POINT ( 'NONE',  ( 12.37777340091434830, 4.512345469905870488, 19.69927413375869563 ) ) ;
#3061 = EDGE_LOOP ( 'NONE', ( #4643, #4162, #5898, #1168, #324, #5849, #1957, #4483, #6558 ) ) ;
#3062 = CARTESIAN_POINT ( 'NONE',  ( 17.11411476945194821, 4.169999999999999929, 25.65515099297918056 ) ) ;
#3063 = CARTESIAN_POINT ( 'NONE',  ( -20.51677218609435016, 4.169999999999999929, 10.69066340616452848 ) ) ;
#3064 = CARTESIAN_POINT ( 'NONE',  ( -12.74797539976511729, 4.670000000000000817, 21.08014108603126857 ) ) ;
#3065 = VERTEX_POINT ( 'NONE', #2197 ) ;
#3066 = EDGE_CURVE ( 'NONE', #5894, #4474, #5358, .T. ) ;
#3067 = ORIENTED_EDGE ( 'NONE', *, *, #6686, .F. ) ;
#3068 = ORIENTED_EDGE ( 'NONE', *, *, #5232, .F. ) ;
#3069 = CARTESIAN_POINT ( 'NONE',  ( 14.38344294529402845, 4.327603931056302144, 28.37524573383176829 ) ) ;
#3070 = CARTESIAN_POINT ( 'NONE',  ( 0.000000000000000000, 2.669999999999999929, 0.000000000000000000 ) ) ;
#3071 = DIRECTION ( 'NONE',  ( 0.8660254037844405950, -0.000000000000000000, 0.4999999999999967248 ) ) ;
#3072 = EDGE_CURVE ( 'NONE', #2820, #4827, #5885, .T. ) ;
#3073 = DIRECTION ( 'NONE',  ( -0.3187812165858832647, 0.000000000000000000, -0.9478283262026009348 ) ) ;
#3074 = CARTESIAN_POINT ( 'NONE',  ( 20.21392969959578423, 4.670000000000000817, -12.24786802263150420 ) ) ;
#3075 = ORIENTED_EDGE ( 'NONE', *, *, #6182, .T. ) ;
#3076 = FACE_OUTER_BOUND ( 'NONE', #1103, .T. ) ;
#3077 = B_SPLINE_CURVE_WITH_KNOTS ( 'NONE', 3,
 ( #340, #5049, #6683, #2366, #4021, #1398, #5080, #2922, #4575, #1952 ),
 .UNSPECIFIED., .F., .F.,
 ( 4, 2, 2, 2, 4 ),
 ( 1.734723475976806902E-18, 0.0001365222221502419462, 0.0002730444443004821577, 0.0005460888886009623638, 0.001092177777201923860 ),
 .UNSPECIFIED. ) ;
#3078 = VECTOR ( 'NONE', #6400, 1000.000000000000114 ) ;
#3079 = CARTESIAN_POINT ( 'NONE',  ( 13.42357517473902817, 4.169999999999999929, 21.25031422186811625 ) ) ;
#3080 = LINE ( 'NONE', #3494, #4184 ) ;
#3081 = EDGE_CURVE ( 'NONE', #6419, #1110, #1182, .T. ) ;
#3082 = ADVANCED_FACE ( 'NONE', ( #5422 ), #1665, .F. ) ;
#3083 = DIRECTION ( 'NONE',  ( -0.8660254037844185016, 0.000000000000000000, -0.5000000000000348610 ) ) ;
#3084 = DIRECTION ( 'NONE',  ( 0.9802340172108793270, -0.000000000000000000, 0.1978415312886091793 ) ) ;
#3085 = ORIENTED_EDGE ( 'NONE', *, *, #4749, .T. ) ;
#3086 = CARTESIAN_POINT ( 'NONE',  ( -1.689999999999918012, 2.669999999999999929, -24.35665843275939579 ) ) ;
#3087 = ORIENTED_EDGE ( 'NONE', *, *, #1360, .F. ) ;
#3088 = CARTESIAN_POINT ( 'NONE',  ( 0.4330127018917420689, 4.670000000000000817, -0.2499999999997398470 ) ) ;
#3089 = DIRECTION ( 'NONE',  ( -0.000000000000000000, -1.000000000000000000, -0.000000000000000000 ) ) ;
#3090 = CARTESIAN_POINT ( 'NONE',  ( 14.63967357190292340, 0.000000000000000000, 23.35665843275945974 ) ) ;
#3091 = ORIENTED_EDGE ( 'NONE', *, *, #4569, .F. ) ;
#3092 = EDGE_CURVE ( 'NONE', #2586, #4064, #4346, .T. ) ;
#3093 = CARTESIAN_POINT ( 'NONE',  ( -26.27899918359957709, 4.431339364532016489, -16.26425990897069340 ) ) ;
#3094 = LINE ( 'NONE', #6794, #6177 ) ;
#3095 = VECTOR ( 'NONE', #839, 1000.000000000000000 ) ;
#3096 = FACE_OUTER_BOUND ( 'NONE', #789, .T. ) ;
#3097 = EDGE_LOOP ( 'NONE', ( #6597, #1601, #5245, #2181 ) ) ;
#3098 = VECTOR ( 'NONE', #6033, 1000.000000000000000 ) ;
#3099 = CARTESIAN_POINT ( 'NONE',  ( 27.64883365011744587, 4.169999999999999929, 15.16095511311953459 ) ) ;
#3100 = ORIENTED_EDGE ( 'NONE', *, *, #5301, .F. ) ;
#3101 = ORIENTED_EDGE ( 'NONE', *, *, #4932, .T. ) ;
#3102 = VECTOR ( 'NONE', #341, 1000.000000000000114 ) ;
#3103 = ORIENTED_EDGE ( 'NONE', *, *, #721, .F. ) ;
#3104 =( BOUNDED_CURVE ( )  B_SPLINE_CURVE ( 3, ( #2542, #2036, #5783, #6237 ),
 .UNSPECIFIED., .F., .T. ) 
 B_SPLINE_CURVE_WITH_KNOTS ( ( 4, 4 ),
 ( 0.000000000000000000, 1.570796326794897002 ),
 .UNSPECIFIED. ) 
 CURVE ( )  GEOMETRIC_REPRESENTATION_ITEM ( )  RATIONAL_B_SPLINE_CURVE ( ( 1.000000000000000000, 0.8047378541243649375, 0.8047378541243649375, 1.000000000000000000 ) ) 
 REPRESENTATION_ITEM ( '' )  );
#3105 = ORIENTED_EDGE ( 'NONE', *, *, #4670, .T. ) ;
#3106 = B_SPLINE_CURVE_WITH_KNOTS ( 'NONE', 3,
 ( #2132, #4781, #1467, #4713, #3060, #60, #2167, #481 ),
 .UNSPECIFIED., .F., .F.,
 ( 4, 2, 2, 4 ),
 ( 0.000000000000000000, 0.0002401996643866195541, 0.0004803993287732391082, 0.0009607986575464892752 ),
 .UNSPECIFIED. ) ;
#3107 = EDGE_CURVE ( 'NONE', #4948, #4054, #3812, .T. ) ;
#3108 = DIRECTION ( 'NONE',  ( -0.000000000000000000, -1.000000000000000000, -0.000000000000000000 ) ) ;
#3109 = DIRECTION ( 'NONE',  ( -3.378977344427017605E-15, 0.000000000000000000, 1.000000000000000000 ) ) ;
#3110 = CARTESIAN_POINT ( 'NONE',  ( 14.30585555931122776, 4.216279151784313228, -28.41310023613420910 ) ) ;
#3111 = PLANE ( 'NONE',  #5637 ) ;
#3112 = VERTEX_POINT ( 'NONE', #1425 ) ;
#3113 = AXIS2_PLACEMENT_3D ( 'NONE', #6470, #3871, #5976 ) ;
#3114 = CIRCLE ( 'NONE', #4760, 14.99267480351038451 ) ;
#3115 = ADVANCED_FACE ( 'NONE', ( #6647 ), #3947, .F. ) ;
#3116 = LINE ( 'NONE', #503, #1934 ) ;
#3117 = EDGE_LOOP ( 'NONE', ( #2435, #2689, #6822, #5936 ) ) ;
#3118 = VECTOR ( 'NONE', #6593, 1000.000000000000000 ) ;
#3119 = DIRECTION ( 'NONE',  ( -0.000000000000000000, -1.000000000000000000, -0.000000000000000000 ) ) ;
#3120 = CARTESIAN_POINT ( 'NONE',  ( 26.59578445530140911, 4.194113219668985870, -17.45353882511039245 ) ) ;
#3121 = ORIENTED_EDGE ( 'NONE', *, *, #1476, .T. ) ;
#3122 = CARTESIAN_POINT ( 'NONE',  ( 0.000000000000000000, 0.000000000000000000, 0.000000000000000000 ) ) ;
#3123 = ORIENTED_EDGE ( 'NONE', *, *, #138, .F. ) ;
#3124 = AXIS2_PLACEMENT_3D ( 'NONE', #147, #5340, #632 ) ;
#3125 = ADVANCED_FACE ( 'NONE', ( #1916 ), #2072, .T. ) ;
#3126 = VECTOR ( 'NONE', #2743, 1000.000000000000000 ) ;
#3127 = CARTESIAN_POINT ( 'NONE',  ( 20.05882151463842789, 4.670000000000001705, 12.28766986436253106 ) ) ;
#3128 = CARTESIAN_POINT ( 'NONE',  ( 0.000000000000000000, 4.169999999999999929, 0.000000000000000000 ) ) ;
#3129 = CARTESIAN_POINT ( 'NONE',  ( -26.66279256278919263, 4.359187207402082542, 17.35746648741174525 ) ) ;
#3130 = ORIENTED_EDGE ( 'NONE', *, *, #6827, .F. ) ;
#3131 = CARTESIAN_POINT ( 'NONE',  ( -27.64883365011752758, 2.669999999999999929, 13.66095511311933741 ) ) ;
#3132 = DIRECTION ( 'NONE',  ( 0.9478283262025932743, 0.000000000000000000, 0.3187812165859060798 ) ) ;
#3133 = CYLINDRICAL_SURFACE ( 'NONE', #3667, 0.5000000000000000000 ) ;
#3134 = VERTEX_POINT ( 'NONE', #303 ) ;
#3135 = EDGE_CURVE ( 'NONE', #3461, #239, #6577, .T. ) ;
#3136 = CARTESIAN_POINT ( 'NONE',  ( -27.02108929809659443, 4.670000000000000817, -15.02328291086373291 ) ) ;
#3137 = CYLINDRICAL_SURFACE ( 'NONE', #5446, 25.13500000000000512 ) ;
#3138 = AXIS2_PLACEMENT_3D ( 'NONE', #4935, #6570, #1321 ) ;
#3139 = VERTEX_POINT ( 'NONE', #6541 ) ;
#3140 = ORIENTED_EDGE ( 'NONE', *, *, #2585, .T. ) ;
#3141 = VECTOR ( 'NONE', #3308, 999.9999999999998863 ) ;
#3142 = FACE_OUTER_BOUND ( 'NONE', #5862, .T. ) ;
#3143 = DIRECTION ( 'NONE',  ( 0.000000000000000000, 1.000000000000000000, 0.000000000000000000 ) ) ;
#3144 = PLANE ( 'NONE',  #3890 ) ;
#3145 = DIRECTION ( 'NONE',  ( -0.000000000000000000, -1.000000000000000000, -0.000000000000000000 ) ) ;
#3146 = EDGE_LOOP ( 'NONE', ( #3156, #872, #6163, #2123 ) ) ;
#3147 = VECTOR ( 'NONE', #4745, 1000.000000000000000 ) ;
#3148 = DIRECTION ( 'NONE',  ( 0.000000000000000000, 0.000000000000000000, -1.000000000000000000 ) ) ;
#3149 = CARTESIAN_POINT ( 'NONE',  ( 1.689999999999761249, 2.669999999999999929, 23.07319061161678064 ) ) ;
#3150 = CARTESIAN_POINT ( 'NONE',  ( -27.14095567736271519, 4.615749189755374182, 14.79069255729956645 ) ) ;
#3151 = CARTESIAN_POINT ( 'NONE',  ( -22.13789024080314150, 4.457217567313234596, -11.72397513115168977 ) ) ;
#3152 = FACE_OUTER_BOUND ( 'NONE', #4401, .T. ) ;
#3153 = ORIENTED_EDGE ( 'NONE', *, *, #1342, .F. ) ;
#3154 = EDGE_CURVE ( 'NONE', #2438, #726, #5693, .T. ) ;
#3155 = DIRECTION ( 'NONE',  ( -1.000000000000000000, 0.000000000000000000, -3.306126646384376889E-15 ) ) ;
#3156 = ORIENTED_EDGE ( 'NONE', *, *, #6284, .F. ) ;
#3157 =( BOUNDED_CURVE ( )  B_SPLINE_CURVE ( 3, ( #4267, #4651, #165, #2748 ),
 .UNSPECIFIED., .F., .T. ) 
 B_SPLINE_CURVE_WITH_KNOTS ( ( 4, 4 ),
 ( 3.141592653589793116, 4.712388980384689674 ),
 .UNSPECIFIED. ) 
 CURVE ( )  GEOMETRIC_REPRESENTATION_ITEM ( )  RATIONAL_B_SPLINE_CURVE ( ( 1.000000000000000000, 0.8047378541243649375, 0.8047378541243649375, 1.000000000000000000 ) ) 
 REPRESENTATION_ITEM ( '' )  );
#3158 = LINE ( 'NONE', #6230, #908 ) ;
#3159 = DIRECTION ( 'NONE',  ( -0.5000000000000000000, 0.000000000000000000, 0.8660254037844385966 ) ) ;
#3160 = CARTESIAN_POINT ( 'NONE',  ( 27.64883365011742811, 4.670000000000000817, -14.66095511311957722 ) ) ;
#3161 = EDGE_LOOP ( 'NONE', ( #5926, #2339, #5428, #3756 ) ) ;
#3162 = AXIS2_PLACEMENT_3D ( 'NONE', #586, #5749, #995 ) ;
#3163 = DIRECTION ( 'NONE',  ( 1.776356839400250465E-15, 0.000000000000000000, 1.000000000000000000 ) ) ;
#3164 = DIRECTION ( 'NONE',  ( -0.3187812165859061353, 0.000000000000000000, 0.9478283262025933853 ) ) ;
#3165 = ADVANCED_FACE ( 'NONE', ( #3525 ), #2728, .T. ) ;
#3166 = CARTESIAN_POINT ( 'NONE',  ( 12.42271421373348339, 4.670000000000000817, 19.51677218609430398 ) ) ;
#3167 = EDGE_LOOP ( 'NONE', ( #2198, #4637, #2183, #4301, #5000, #2936 ) ) ;
#3168 = DIRECTION ( 'NONE',  ( -0.9802340172108734428, -0.000000000000000000, 0.1978415312886378508 ) ) ;
#3169 = ORIENTED_EDGE ( 'NONE', *, *, #113, .T. ) ;
#3170 = DIRECTION ( 'NONE',  ( -0.9478283262025959388, 0.000000000000000000, 0.3187812165858981972 ) ) ;
#3171 = EDGE_CURVE ( 'NONE', #5861, #795, #2397, .T. ) ;
#3172 = EDGE_CURVE ( 'NONE', #1296, #2688, #1156, .T. ) ;
#3173 = ORIENTED_EDGE ( 'NONE', *, *, #318, .F. ) ;
#3174 = ORIENTED_EDGE ( 'NONE', *, *, #1845, .T. ) ;
#3175 = APPLICATION_CONTEXT ( 'automotive_design' ) ;
#3176 = EDGE_LOOP ( 'NONE', ( #5567, #925, #2614, #4342 ) ) ;
#3177 = DIRECTION ( 'NONE',  ( 0.000000000000000000, 1.000000000000000000, 0.000000000000000000 ) ) ;
#3178 = CARTESIAN_POINT ( 'NONE',  ( -20.51677218609422937, 4.169999999999999929, -10.69066340616475230 ) ) ;
#3179 = DIRECTION ( 'NONE',  ( 0.1978415312886095956, -0.000000000000000000, 0.9802340172108791050 ) ) ;
#3180 = CARTESIAN_POINT ( 'NONE',  ( 13.42357517473902817, 0.000000000000000000, 21.25031422186811625 ) ) ;
#3181 = DIRECTION ( 'NONE',  ( 0.000000000000000000, 1.000000000000000000, 0.000000000000000000 ) ) ;
#3182 = DIRECTION ( 'NONE',  ( 0.8660254037844246078, 0.000000000000000000, -0.5000000000000242029 ) ) ;
#3183 = LINE ( 'NONE', #1696, #773 ) ;
#3184 = CARTESIAN_POINT ( 'NONE',  ( -21.88457452484571775, 4.633723619367146718, -11.79645518226632106 ) ) ;
#3185 = DIRECTION ( 'NONE',  ( 0.8660254037845012132, 0.000000000000000000, -0.4999999999998913647 ) ) ;
#3186 = EDGE_LOOP ( 'NONE', ( #3692, #3386, #242, #5102 ) ) ;
#3187 = VECTOR ( 'NONE', #392, 1000.000000000000000 ) ;
#3188 = CARTESIAN_POINT ( 'NONE',  ( -26.24918328139955292, 4.169999999999999929, 16.30967357190281319 ) ) ;
#3189 = ORIENTED_EDGE ( 'NONE', *, *, #5455, .F. ) ;
#3190 = CIRCLE ( 'NONE', #1983, 16.18118721290257866 ) ;
#3191 = EDGE_CURVE ( 'NONE', #5058, #1480, #5629, .T. ) ;
#3192 = CARTESIAN_POINT ( 'NONE',  ( 19.51677218609436437, 4.169999999999999929, 12.42271421373338747 ) ) ;
#3193 = CARTESIAN_POINT ( 'NONE',  ( 26.49918328139942503, 4.670000000000000817, 15.87666087001075788 ) ) ;
#3194 = CARTESIAN_POINT ( 'NONE',  ( 21.22220575893814853, 4.457215979362295855, 13.30998914553502210 ) ) ;
#3195 = ORIENTED_EDGE ( 'NONE', *, *, #1776, .T. ) ;
#3196 = DIRECTION ( 'NONE',  ( 0.000000000000000000, 0.000000000000000000, -1.000000000000000000 ) ) ;
#3197 = DIRECTION ( 'NONE',  ( -0.9478283262025962719, -0.000000000000000000, 0.3187812165858973090 ) ) ;
#3198 = ORIENTED_EDGE ( 'NONE', *, *, #6616, .F. ) ;
#3199 = EDGE_CURVE ( 'NONE', #2438, #6831, #2980, .T. ) ;
#3200 = CARTESIAN_POINT ( 'NONE',  ( 20.26677218609434661, 4.169999999999999929, 11.12367610805676854 ) ) ;
#3201 = ORIENTED_EDGE ( 'NONE', *, *, #4429, .F. ) ;
#3202 = DIRECTION ( 'NONE',  ( -0.000000000000000000, -1.000000000000000000, -0.000000000000000000 ) ) ;
#3203 = CYLINDRICAL_SURFACE ( 'NONE', #4635, 25.13500000000000512 ) ;
#3204 = ORIENTED_EDGE ( 'NONE', *, *, #3802, .F. ) ;
#3205 = ORIENTED_EDGE ( 'NONE', *, *, #6324, .T. ) ;
#3206 = VERTEX_POINT ( 'NONE', #5078 ) ;
#3207 = EDGE_CURVE ( 'NONE', #5852, #1646, #502, .T. ) ;
#3208 = B_SPLINE_CURVE_WITH_KNOTS ( 'NONE', 3,
 ( #6757, #3643, #1438, #6267, #1535, #3539, #5645, #927, #418, #6198 ),
 .UNSPECIFIED., .F., .F.,
 ( 4, 2, 2, 2, 4 ),
 ( 1.734723475976807094E-18, 0.0001376575940285462826, 0.0002753151880570908305, 0.0005506303761141861063, 0.001101260752228383055 ),
 .UNSPECIFIED. ) ;
#3209 = CYLINDRICAL_SURFACE ( 'NONE', #5420, 23.13499999999999801 ) ;
#3210 = LINE ( 'NONE', #5304, #4864 ) ;
#3211 = DIRECTION ( 'NONE',  ( 0.8660254037844707931, 0.000000000000000000, -0.4999999999999445444 ) ) ;
#3212 = VERTEX_POINT ( 'NONE', #3427 ) ;
#3213 = CARTESIAN_POINT ( 'NONE',  ( -19.69927413375868852, 4.512345469905870488, 12.37777340091434830 ) ) ;
#3214 = B_SPLINE_CURVE_WITH_KNOTS ( 'NONE', 3,
 ( #6285, #2979, #2015, #4568, #6811, #3661 ),
 .UNSPECIFIED., .F., .F.,
 ( 4, 2, 4 ),
 ( -1.477143756511258290E-05, 0.0003797396612298784458, 0.0007742507600248694100 ),
 .UNSPECIFIED. ) ;
#3215 = EDGE_CURVE ( 'NONE', #1811, #5819, #3353, .T. ) ;
#3216 = DIRECTION ( 'NONE',  ( 0.000000000000000000, 1.000000000000000000, 0.000000000000000000 ) ) ;
#3217 = FACE_OUTER_BOUND ( 'NONE', #3167, .T. ) ;
#3218 = CARTESIAN_POINT ( 'NONE',  ( 21.25031422186817665, 4.169999999999999929, 13.42357517473893047 ) ) ;
#3219 = DIRECTION ( 'NONE',  ( -0.8660254037844706820, 0.000000000000000000, 0.4999999999999445444 ) ) ;
#3220 = ORIENTED_EDGE ( 'NONE', *, *, #3038, .F. ) ;
#3221 = AXIS2_PLACEMENT_3D ( 'NONE', #3556, #4630, #4599 ) ;
#3222 = CARTESIAN_POINT ( 'NONE',  ( 15.51453906012022976, 4.462893218813452911, -7.802622764334209648 ) ) ;
#3223 = DIRECTION ( 'NONE',  ( 0.000000000000000000, 0.000000000000000000, 1.000000000000000000 ) ) ;
#3224 = VECTOR ( 'NONE', #6653, 1000.000000000000114 ) ;
#3225 = CARTESIAN_POINT ( 'NONE',  ( 13.21912692527616073, 4.465367149682651693, -9.704313981725254834 ) ) ;
#3226 = ORIENTED_EDGE ( 'NONE', *, *, #1951, .T. ) ;
#3227 = CARTESIAN_POINT ( 'NONE',  ( -1.690000000000259739, 0.000000000000000000, 25.07812044392480644 ) ) ;
#3228 = CARTESIAN_POINT ( 'NONE',  ( 21.25031422186818020, 0.000000000000000000, 13.42357517473893225 ) ) ;
#3229 = ORIENTED_EDGE ( 'NONE', *, *, #4941, .F. ) ;
#3230 = AXIS2_PLACEMENT_3D ( 'NONE', #117, #2222, #4322 ) ;
#3231 = DIRECTION ( 'NONE',  ( -0.000000000000000000, -1.000000000000000000, -0.000000000000000000 ) ) ;
#3232 = ADVANCED_FACE ( 'NONE', ( #6122 ), #5438, .T. ) ;
#3233 = VERTEX_POINT ( 'NONE', #6152 ) ;
#3234 = AXIS2_PLACEMENT_3D ( 'NONE', #808, #3393, #5486 ) ;
#3235 = CARTESIAN_POINT ( 'NONE',  ( -17.11411476945210453, 4.169999999999999929, 25.65515099297905266 ) ) ;
#3236 = CARTESIAN_POINT ( 'NONE',  ( 14.57762276433416027, 4.302146110896766018, 27.24918328139940016 ) ) ;
#3237 = VERTEX_POINT ( 'NONE', #5115 ) ;
#3238 = AXIS2_PLACEMENT_3D ( 'NONE', #2118, #114, #3148 ) ;
#3239 = CARTESIAN_POINT ( 'NONE',  ( 11.69152436717008570, 4.169999999999999929, 22.25031422186815533 ) ) ;
#3240 = LINE ( 'NONE', #4793, #1653 ) ;
#3241 = ORIENTED_EDGE ( 'NONE', *, *, #1895, .T. ) ;
#3242 = EDGE_CURVE ( 'NONE', #2145, #3836, #3493, .T. ) ;
#3243 = ORIENTED_EDGE ( 'NONE', *, *, #3997, .T. ) ;
#3244 = VECTOR ( 'NONE', #743, 1000.000000000000114 ) ;
#3245 = ORIENTED_EDGE ( 'NONE', *, *, #4692, .T. ) ;
#3246 = LINE ( 'NONE', #5270, #4101 ) ;
#3247 = CIRCLE ( 'NONE', #4127, 25.13500000000000512 ) ;
#3248 = DIRECTION ( 'NONE',  ( -0.000000000000000000, -1.000000000000000000, -0.000000000000000000 ) ) ;
#3249 = DIRECTION ( 'NONE',  ( -0.8660254037844444808, 0.000000000000000000, -0.4999999999999898970 ) ) ;
#3250 = ORIENTED_EDGE ( 'NONE', *, *, #2373, .T. ) ;
#3251 = EDGE_CURVE ( 'NONE', #5453, #5599, #716, .T. ) ;
#3252 = CARTESIAN_POINT ( 'NONE',  ( -19.63782088549201177, 4.460165735794747732, 12.39296186723054660 ) ) ;
#3253 = CIRCLE ( 'NONE', #2927, 23.13500000000000156 ) ;
#3254 = CARTESIAN_POINT ( 'NONE',  ( 14.51453906012028128, 4.670000000000000817, 9.534673571902997580 ) ) ;
#3255 = CARTESIAN_POINT ( 'NONE',  ( 11.69913432861236835, 4.326912768932364095, -22.22404932505332908 ) ) ;
#3256 = AXIS2_PLACEMENT_3D ( 'NONE', #5059, #350, #4548 ) ;
#3257 = PLANE ( 'NONE',  #5327 ) ;
#3258 = CARTESIAN_POINT ( 'NONE',  ( -21.58014108603116554, 4.670000000000000817, -11.88194999598088053 ) ) ;
#3259 = ORIENTED_EDGE ( 'NONE', *, *, #3909, .F. ) ;
#3260 = ADVANCED_FACE ( 'NONE', ( #2880 ), #6219, .F. ) ;
#3261 = CARTESIAN_POINT ( 'NONE',  ( 3.043171204642130423, 4.670000000000000817, 1.756975714190222693 ) ) ;
#3262 = CARTESIAN_POINT ( 'NONE',  ( -17.11411476945176346, 0.000000000000000000, -25.65515099297929780 ) ) ;
#3263 = CARTESIAN_POINT ( 'NONE',  ( 15.02328291086344869, 4.670000000000000817, -27.02108929809675075 ) ) ;
#3264 = ORIENTED_EDGE ( 'NONE', *, *, #1158, .T. ) ;
#3265 = CARTESIAN_POINT ( 'NONE',  ( 0.2500000000002514100, 4.169999999999999929, -0.4330127018926355209 ) ) ;
#3266 = CARTESIAN_POINT ( 'NONE',  ( -16.00006059632291056, 4.670000000000002593, -26.45016036690741501 ) ) ;
#3267 = ORIENTED_EDGE ( 'NONE', *, *, #5427, .T. ) ;
#3268 = AXIS2_PLACEMENT_3D ( 'NONE', #3099, #6764, #6828 ) ;
#3269 = ORIENTED_EDGE ( 'NONE', *, *, #5419, .F. ) ;
#3270 = CYLINDRICAL_SURFACE ( 'NONE', #2545, 0.5000000000000008882 ) ;
#3271 = AXIS2_PLACEMENT_3D ( 'NONE', #3200, #5263, #4274 ) ;
#3272 = CARTESIAN_POINT ( 'NONE',  ( -8.235635466226375101, 4.169999999999999929, -15.26453906012026529 ) ) ;
#3273 = VERTEX_POINT ( 'NONE', #3597 ) ;
#3274 = CARTESIAN_POINT ( 'NONE',  ( -13.12827881868126845, 4.169999999999999929, 9.814463748651917285 ) ) ;
#3275 = DIRECTION ( 'NONE',  ( -0.8660254037844308250, -0.000000000000000000, 0.5000000000000134337 ) ) ;
#3276 = B_SPLINE_CURVE_WITH_KNOTS ( 'NONE', 3,
 ( #722, #1239, #2857, #6032, #3821, #240, #4922, #785, #4955, #3406 ),
 .UNSPECIFIED., .F., .F.,
 ( 4, 2, 2, 2, 4 ),
 ( 0.000000000000000000, 0.0005422446373896001870, 0.0008133669560843982205, 0.0009489281154317989178, 0.001084489274779199723 ),
 .UNSPECIFIED. ) ;
#3277 = ORIENTED_EDGE ( 'NONE', *, *, #6069, .F. ) ;
#3278 = VERTEX_POINT ( 'NONE', #1075 ) ;
#3279 = VECTOR ( 'NONE', #6609, 1000.000000000000000 ) ;
#3280 = ORIENTED_EDGE ( 'NONE', *, *, #2669, .F. ) ;
#3281 = PLANE ( 'NONE',  #1570 ) ;
#3282 = EDGE_CURVE ( 'NONE', #4589, #5126, #5213, .T. ) ;
#3283 = DIRECTION ( 'NONE',  ( 0.4999999999999957256, 0.000000000000000000, -0.8660254037844411501 ) ) ;
#3284 = DIRECTION ( 'NONE',  ( -0.000000000000000000, -1.000000000000000000, -0.000000000000000000 ) ) ;
#3285 = ORIENTED_EDGE ( 'NONE', *, *, #6125, .T. ) ;
#3286 = DIRECTION ( 'NONE',  ( -0.9802340172108805483, 0.000000000000000000, -0.1978415312886023236 ) ) ;
#3287 = EDGE_CURVE ( 'NONE', #600, #5846, #5730, .T. ) ;
#3288 = LINE ( 'NONE', #2660, #6671 ) ;
#3289 = LINE ( 'NONE', #801, #2430 ) ;
#3290 = DIRECTION ( 'NONE',  ( 0.9478283262025962719, 0.000000000000000000, -0.3187812165858973090 ) ) ;
#3291 = DIRECTION ( 'NONE',  ( -0.5000000000000027756, 0.000000000000000000, 0.8660254037844371533 ) ) ;
#3292 = VERTEX_POINT ( 'NONE', #1008 ) ;
#3293 = DIRECTION ( 'NONE',  ( -0.8660254037844387076, -0.000000000000000000, 0.4999999999999998335 ) ) ;
#3294 = ADVANCED_FACE ( 'NONE', ( #6812 ), #6287, .T. ) ;
#3295 = PLANE ( 'NONE',  #2524 ) ;
#3296 = EDGE_CURVE ( 'NONE', #6265, #2649, #3116, .T. ) ;
#3297 = B_SPLINE_CURVE_WITH_KNOTS ( 'NONE', 3,
 ( #1099, #72, #2243, #1611, #4377, #1203, #4893, #4923 ),
 .UNSPECIFIED., .F., .F.,
 ( 4, 2, 2, 4 ),
 ( 0.000000000000000000, 0.0002401996643866258696, 0.0004803993287732517391, 0.0009607986575464944794 ),
 .UNSPECIFIED. ) ;
#3298 = ORIENTED_EDGE ( 'NONE', *, *, #6473, .T. ) ;
#3299 = CARTESIAN_POINT ( 'NONE',  ( 26.24918328139943213, 4.169999999999999929, 16.30967357190298017 ) ) ;
#3300 = CARTESIAN_POINT ( 'NONE',  ( 17.45353882510843846, 4.169999999999999929, -26.59578445530216229 ) ) ;
#3301 = ORIENTED_EDGE ( 'NONE', *, *, #2877, .T. ) ;
#3302 = CARTESIAN_POINT ( 'NONE',  ( 0.000000000000000000, 4.670000000000000817, 0.000000000000000000 ) ) ;
#3303 = ORIENTED_EDGE ( 'NONE', *, *, #1542, .T. ) ;
#3304 = EDGE_CURVE ( 'NONE', #3323, #3392, #435, .T. ) ;
#3305 = DIRECTION ( 'NONE',  ( -0.5000000000000134337, 0.000000000000000000, -0.8660254037844308250 ) ) ;
#3306 = CARTESIAN_POINT ( 'NONE',  ( 14.90757710307750017, 4.670000000000007034, 27.08097159395438069 ) ) ;
#3307 = VERTEX_POINT ( 'NONE', #1984 ) ;
#3308 = DIRECTION ( 'NONE',  ( 0.1978415312886096233, -0.000000000000000000, 0.9802340172108792160 ) ) ;
#3309 = FACE_OUTER_BOUND ( 'NONE', #65, .T. ) ;
#3310 = ORIENTED_EDGE ( 'NONE', *, *, #5979, .T. ) ;
#3311 = B_SPLINE_CURVE_WITH_KNOTS ( 'NONE', 3,
 ( #581, #5391, #1229, #4268, #681, #649, #2782, #4236 ),
 .UNSPECIFIED., .F., .F.,
 ( 4, 2, 2, 4 ),
 ( 0.000000000000000000, 0.0002428775495587753169, 0.0004857550991175506338, 0.0009715101982351025687 ),
 .UNSPECIFIED. ) ;
#3312 = EDGE_LOOP ( 'NONE', ( #1402, #3968, #5027, #3269 ) ) ;
#3313 = CARTESIAN_POINT ( 'NONE',  ( -1.690000000000259739, 2.669999999999999929, 25.07812044392480644 ) ) ;
#3314 = CARTESIAN_POINT ( 'NONE',  ( -26.24918328139975543, 4.169999999999999929, 16.30967357190247924 ) ) ;
#3315 = AXIS2_PLACEMENT_3D ( 'NONE', #3029, #6726, #2033 ) ;
#3316 = VERTEX_POINT ( 'NONE', #2119 ) ;
#3317 = ADVANCED_FACE ( 'NONE', ( #6255 ), #2594, .F. ) ;
#3318 = VECTOR ( 'NONE', #6003, 999.9999999999998863 ) ;
#3319 = FACE_OUTER_BOUND ( 'NONE', #167, .T. ) ;
#3320 = CARTESIAN_POINT ( 'NONE',  ( -27.64883365011752758, 4.670000000000000817, 13.66095511311933741 ) ) ;
#3321 = CARTESIAN_POINT ( 'NONE',  ( 7.802622764334153693, 4.670000000000000817, -15.51453906012027062 ) ) ;
#3322 = CARTESIAN_POINT ( 'NONE',  ( -7.802622764334260275, 0.000000000000000000, 15.51453906012021733 ) ) ;
#3323 = VERTEX_POINT ( 'NONE', #6184 ) ;
#3324 = ADVANCED_FACE ( 'NONE', ( #1588 ), #3665, .F. ) ;
#3325 = DIRECTION ( 'NONE',  ( -0.000000000000000000, -1.000000000000000000, 0.000000000000000000 ) ) ;
#3326 = ORIENTED_EDGE ( 'NONE', *, *, #5064, .F. ) ;
#3327 = CARTESIAN_POINT ( 'NONE',  ( 26.37955034849471048, 4.615696297820639948, 16.10947718289879660 ) ) ;
#3328 = LINE ( 'NONE', #549, #2218 ) ;
#3329 = EDGE_LOOP ( 'NONE', ( #5754, #3807, #6620, #5199 ) ) ;
#3330 = CIRCLE ( 'NONE', #367, 1.000000000000000888 ) ;
#3331 = ADVANCED_FACE ( 'NONE', ( #3699 ), #5174, .F. ) ;
#3332 = ORIENTED_EDGE ( 'NONE', *, *, #5595, .T. ) ;
#3333 = CIRCLE ( 'NONE', #6751, 23.63499999999999801 ) ;
#3334 = CARTESIAN_POINT ( 'NONE',  ( 1.690000000000084324, 2.669999999999999929, -25.07812044392481710 ) ) ;
#3335 = CARTESIAN_POINT ( 'NONE',  ( 27.64883365011744587, 0.000000000000000000, 13.66095511311953281 ) ) ;
#3336 = LINE ( 'NONE', #203, #3595 ) ;
#3337 = ORIENTED_EDGE ( 'NONE', *, *, #4096, .F. ) ;
#3338 = VECTOR ( 'NONE', #6707, 1000.000000000000000 ) ;
#3339 = DIRECTION ( 'NONE',  ( 0.000000000000000000, 0.000000000000000000, 1.000000000000000000 ) ) ;
#3340 = PLANE ( 'NONE',  #3524 ) ;
#3341 = VECTOR ( 'NONE', #4165, 1000.000000000000000 ) ;
#3342 = EDGE_CURVE ( 'NONE', #3746, #1829, #6148, .T. ) ;
#3343 = VERTEX_POINT ( 'NONE', #4602 ) ;
#3344 = EDGE_CURVE ( 'NONE', #5369, #5852, #5223, .T. ) ;
#3345 = ORIENTED_EDGE ( 'NONE', *, *, #835, .T. ) ;
#3346 = VECTOR ( 'NONE', #5698, 1000.000000000000000 ) ;
#3347 = DIRECTION ( 'NONE',  ( 0.000000000000000000, 0.000000000000000000, 1.000000000000000000 ) ) ;
#3348 = AXIS2_PLACEMENT_3D ( 'NONE', #4817, #96, #2818 ) ;
#3349 = DIRECTION ( 'NONE',  ( -0.000000000000000000, -1.000000000000000000, -0.000000000000000000 ) ) ;
#3350 = CARTESIAN_POINT ( 'NONE',  ( -15.06371434019471600, 4.254655144284040347, 6.462191090617004363 ) ) ;
#3351 = EDGE_LOOP ( 'NONE', ( #447, #2750, #3449, #1393, #6702 ) ) ;
#3352 = AXIS2_PLACEMENT_3D ( 'NONE', #1830, #290, #6631 ) ;
#3353 = B_SPLINE_CURVE_WITH_KNOTS ( 'NONE', 3,
 ( #2951, #5047, #4534, #811, #2919, #5014, #1878, #3981 ),
 .UNSPECIFIED., .F., .F.,
 ( 4, 2, 2, 4 ),
 ( 0.000000000000000000, 0.0002401996643866223188, 0.0004803993287732446376, 0.0009607986575464910100 ),
 .UNSPECIFIED. ) ;
#3354 = ORIENTED_EDGE ( 'NONE', *, *, #5899, .T. ) ;
#3355 = AXIS2_PLACEMENT_3D ( 'NONE', #2525, #5800, #4079 ) ;
#3356 = CIRCLE ( 'NONE', #391, 1.000000000000070166 ) ;
#3357 = CARTESIAN_POINT ( 'NONE',  ( -11.88194999598066559, 4.670000000000000817, -21.58014108603127568 ) ) ;
#3358 = CARTESIAN_POINT ( 'NONE',  ( 1.690000000000072555, 2.669999999999999929, -23.07319061161675933 ) ) ;
#3359 = DIRECTION ( 'NONE',  ( 0.000000000000000000, 0.000000000000000000, -1.000000000000000000 ) ) ;
#3360 = CARTESIAN_POINT ( 'NONE',  ( -11.74074301624510674, 4.510106162464410318, 22.07956816487876139 ) ) ;
#3361 = PLANE ( 'NONE',  #4758 ) ;
#3362 = VERTEX_POINT ( 'NONE', #4116 ) ;
#3363 = FACE_OUTER_BOUND ( 'NONE', #2427, .T. ) ;
#3364 = DIRECTION ( 'NONE',  ( 0.000000000000000000, 1.000000000000000000, 0.000000000000000000 ) ) ;
#3365 = ORIENTED_EDGE ( 'NONE', *, *, #4926, .T. ) ;
#3366 = EDGE_CURVE ( 'NONE', #4064, #6035, #1489, .T. ) ;
#3367 = FACE_OUTER_BOUND ( 'NONE', #3468, .T. ) ;
#3368 = VERTEX_POINT ( 'NONE', #3079 ) ;
#3369 = ORIENTED_EDGE ( 'NONE', *, *, #1626, .F. ) ;
#3370 = DIRECTION ( 'NONE',  ( 0.8660254037844309360, 0.000000000000000000, -0.5000000000000135447 ) ) ;
#3371 = CYLINDRICAL_SURFACE ( 'NONE', #983, 1.000000000000025091 ) ;
#3372 = CARTESIAN_POINT ( 'NONE',  ( 26.59578445530148016, 0.000000000000000000, -17.45353882511019350 ) ) ;
#3373 = ORIENTED_EDGE ( 'NONE', *, *, #4350, .F. ) ;
#3374 = B_SPLINE_CURVE_WITH_KNOTS ( 'NONE', 3,
 ( #562, #6735, #2009, #3749, #2039, #5818 ),
 .UNSPECIFIED., .F., .F.,
 ( 4, 2, 4 ),
 ( 0.000000000000000000, 0.0003908072650538893327, 0.0007816145301077786654 ),
 .UNSPECIFIED. ) ;
#3375 = ADVANCED_FACE ( 'NONE', ( #2054 ), #536, .F. ) ;
#3376 = DIRECTION ( 'NONE',  ( 0.000000000000000000, 1.000000000000000000, 0.000000000000000000 ) ) ;
#3377 = ORIENTED_EDGE ( 'NONE', *, *, #1814, .T. ) ;
#3378 = VERTEX_POINT ( 'NONE', #5276 ) ;
#3379 = CIRCLE ( 'NONE', #1496, 1.000000000000049516 ) ;
#3380 = DIRECTION ( 'NONE',  ( 0.000000000000000000, 1.000000000000000000, 0.000000000000000000 ) ) ;
#3381 = EDGE_CURVE ( 'NONE', #6139, #1250, #4904, .T. ) ;
#3382 = ADVANCED_FACE ( 'NONE', ( #3728 ), #2156, .F. ) ;
#3383 = CARTESIAN_POINT ( 'NONE',  ( -1.690000000000249969, 0.000000000000000000, 23.07319061161674512 ) ) ;
#3384 = CARTESIAN_POINT ( 'NONE',  ( 19.64423143347715239, 0.05413208118194647728, -12.22051211360502521 ) ) ;
#3385 = EDGE_LOOP ( 'NONE', ( #4819, #1705, #2107, #4881 ) ) ;
#3386 = ORIENTED_EDGE ( 'NONE', *, *, #4049, .F. ) ;
#3387 = CARTESIAN_POINT ( 'NONE',  ( -11.74074301624496997, 4.510106162464415647, -22.07956816487882179 ) ) ;
#3388 = CARTESIAN_POINT ( 'NONE',  ( 11.98970151184127175, 4.169999999999999929, 19.76677218609431463 ) ) ;
#3389 = CARTESIAN_POINT ( 'NONE',  ( -10.69066340616468302, 2.669999999999999929, 20.51677218609426490 ) ) ;
#3390 = CARTESIAN_POINT ( 'NONE',  ( 22.13789160359755925, 4.457215979362297631, 11.72397473881330043 ) ) ;
#3391 = DIRECTION ( 'NONE',  ( 0.000000000000000000, 0.000000000000000000, 1.000000000000000000 ) ) ;
#3392 = VERTEX_POINT ( 'NONE', #153 ) ;
#3393 = DIRECTION ( 'NONE',  ( -0.000000000000000000, -1.000000000000000000, -0.000000000000000000 ) ) ;
#3394 = CARTESIAN_POINT ( 'NONE',  ( -12.99056247284673482, 4.670000000000000817, -21.50031422186812335 ) ) ;
#3395 = EDGE_LOOP ( 'NONE', ( #6574, #252, #1990, #2621 ) ) ;
#3396 = CARTESIAN_POINT ( 'NONE',  ( 309.4133863775437021, 4.670000000000000817, -178.6399019159095189 ) ) ;
#3397 = CARTESIAN_POINT ( 'NONE',  ( 9.224864364556331964, 4.670000000000000817, 5.325977924111742645 ) ) ;
#3398 = ORIENTED_EDGE ( 'NONE', *, *, #3342, .F. ) ;
#3399 = DIRECTION ( 'NONE',  ( 0.4999999999999986677, 0.000000000000000000, -0.8660254037844394848 ) ) ;
#3400 = ORIENTED_EDGE ( 'NONE', *, *, #711, .F. ) ;
#3401 = EDGE_CURVE ( 'NONE', #5156, #3507, #1695, .T. ) ;
#3402 = CARTESIAN_POINT ( 'NONE',  ( 27.02108929809669746, 4.670000000000000817, 15.02328291086354639 ) ) ;
#3403 = LINE ( 'NONE', #279, #4394 ) ;
#3404 = CARTESIAN_POINT ( 'NONE',  ( -26.59578445530160451, 0.000000000000000000, 17.45353882511000521 ) ) ;
#3405 = ORIENTED_EDGE ( 'NONE', *, *, #2188, .F. ) ;
#3406 = CARTESIAN_POINT ( 'NONE',  ( -28.41310023613304026, 4.169999999999999929, 14.30585555931276787 ) ) ;
#3407 = CARTESIAN_POINT ( 'NONE',  ( -23.07319061161676288, 2.669999999999999929, 1.690000000000002833 ) ) ;
#3408 = VERTEX_POINT ( 'NONE', #1183 ) ;
#3409 = B_SPLINE_CURVE_WITH_KNOTS ( 'NONE', 3,
 ( #5390, #6477, #3327, #125, #2297, #3299 ),
 .UNSPECIFIED., .F., .F.,
 ( 4, 2, 4 ),
 ( -1.477143756509632325E-05, 0.0003797396612299743434, 0.0007742507600250449424 ),
 .UNSPECIFIED. ) ;
#3410 = ORIENTED_EDGE ( 'NONE', *, *, #1232, .F. ) ;
#3411 = EDGE_CURVE ( 'NONE', #4247, #5977, #3288, .T. ) ;
#3412 = CARTESIAN_POINT ( 'NONE',  ( -14.77365619027803589, 4.670000000000000817, 7.168238553744167518 ) ) ;
#3413 = ORIENTED_EDGE ( 'NONE', *, *, #1971, .F. ) ;
#3414 = SHAPE_DEFINITION_REPRESENTATION ( #6205, #4450 ) ;
#3415 = AXIS2_PLACEMENT_3D ( 'NONE', #2809, #670, #4905 ) ;
#3416 = ORIENTED_EDGE ( 'NONE', *, *, #5023, .F. ) ;
#3417 = EDGE_CURVE ( 'NONE', #2229, #6489, #6567, .T. ) ;
#3418 = FACE_OUTER_BOUND ( 'NONE', #4624, .T. ) ;
#3419 = CARTESIAN_POINT ( 'NONE',  ( 15.01291434168869188, 4.463930452017904393, 6.590238627958672879 ) ) ;
#3420 = DIRECTION ( 'NONE',  ( 0.000000000000000000, 1.000000000000000000, 0.000000000000000000 ) ) ;
#3421 = CARTESIAN_POINT ( 'NONE',  ( 10.69066340616454092, 4.169999999999999929, -20.51677218609433595 ) ) ;
#3422 = CARTESIAN_POINT ( 'NONE',  ( -13.12827881868112634, 4.169999999999999929, -9.814463748652093145 ) ) ;
#3423 = LINE ( 'NONE', #2291, #2236 ) ;
#3424 = ORIENTED_EDGE ( 'NONE', *, *, #1566, .T. ) ;
#3425 = CARTESIAN_POINT ( 'NONE',  ( -25.07812044392482420, 0.000000000000000000, 1.690000000000002833 ) ) ;
#3426 = EDGE_CURVE ( 'NONE', #1539, #3575, #5008, .T. ) ;
#3427 = CARTESIAN_POINT ( 'NONE',  ( 11.69152436717008925, 0.000000000000000000, -22.25031422186815178 ) ) ;
#3428 = ORIENTED_EDGE ( 'NONE', *, *, #5822, .F. ) ;
#3429 = AXIS2_PLACEMENT_3D ( 'NONE', #3235, #172, #2788 ) ;
#3430 = CARTESIAN_POINT ( 'NONE',  ( -9.814463748651876429, 4.253837235467060829, -13.12827881868129687 ) ) ;
#3431 = DIRECTION ( 'NONE',  ( 0.000000000000000000, 0.000000000000000000, 1.000000000000000000 ) ) ;
#3432 = ORIENTED_EDGE ( 'NONE', *, *, #763, .T. ) ;
#3433 = CARTESIAN_POINT ( 'NONE',  ( 1.690000000000081881, 2.669999999999999929, -24.35665843275937803 ) ) ;
#3434 = ORIENTED_EDGE ( 'NONE', *, *, #5786, .T. ) ;
#3435 = DIRECTION ( 'NONE',  ( -0.1978415312886145638, 0.000000000000000000, 0.9802340172108781058 ) ) ;
#3436 = DIRECTION ( 'NONE',  ( 0.8660254037844196118, 0.000000000000000000, -0.5000000000000328626 ) ) ;
#3437 = DIRECTION ( 'NONE',  ( -0.000000000000000000, -1.000000000000000000, -0.000000000000000000 ) ) ;
#3438 = ORIENTED_EDGE ( 'NONE', *, *, #1734, .F. ) ;
#3439 = DIRECTION ( 'NONE',  ( 0.000000000000000000, 1.000000000000000000, 0.000000000000000000 ) ) ;
#3440 = CARTESIAN_POINT ( 'NONE',  ( 14.57762276433416027, 4.169999999999999929, 27.24918328139940016 ) ) ;
#3441 = EDGE_CURVE ( 'NONE', #5880, #99, #295, .T. ) ;
#3442 = AXIS2_PLACEMENT_3D ( 'NONE', #1154, #16, #2192 ) ;
#3443 = ORIENTED_EDGE ( 'NONE', *, *, #2073, .F. ) ;
#3444 = VECTOR ( 'NONE', #2515, 999.9999999999998863 ) ;
#3445 = ADVANCED_FACE ( 'NONE', ( #2738 ), #5114, .T. ) ;
#3446 = DIRECTION ( 'NONE',  ( 0.000000000000000000, 1.000000000000000000, 0.000000000000000000 ) ) ;
#3447 = DIRECTION ( 'NONE',  ( 0.000000000000000000, 0.000000000000000000, 1.000000000000000000 ) ) ;
#3448 = AXIS2_PLACEMENT_3D ( 'NONE', #5623, #2873, #870 ) ;
#3449 = ORIENTED_EDGE ( 'NONE', *, *, #3884, .T. ) ;
#3450 = CARTESIAN_POINT ( 'NONE',  ( 14.30585555931270569, 4.169999999999999929, 28.41310023613298341 ) ) ;
#3451 = DIRECTION ( 'NONE',  ( -0.000000000000000000, -1.000000000000000000, -0.000000000000000000 ) ) ;
#3452 = FACE_OUTER_BOUND ( 'NONE', #6698, .T. ) ;
#3453 = CYLINDRICAL_SURFACE ( 'NONE', #998, 0.4999999999999999445 ) ;
#3454 = EDGE_CURVE ( 'NONE', #6489, #4915, #6001, .T. ) ;
#3455 = LINE ( 'NONE', #5560, #595 ) ;
#3456 = DIRECTION ( 'NONE',  ( 0.000000000000000000, 0.000000000000000000, 1.000000000000000000 ) ) ;
#3457 = ORIENTED_EDGE ( 'NONE', *, *, #2163, .F. ) ;
#3458 = CARTESIAN_POINT ( 'NONE',  ( 13.05436989839710726, 4.633723619367146718, -21.15831712487000260 ) ) ;
#3459 = CIRCLE ( 'NONE', #1577, 23.13499999999999801 ) ;
#3460 = DIRECTION ( 'NONE',  ( -3.306126646384361112E-15, -0.000000000000000000, 1.000000000000000000 ) ) ;
#3461 = VERTEX_POINT ( 'NONE', #86 ) ;
#3462 = EDGE_CURVE ( 'NONE', #946, #5058, #3689, .T. ) ;
#3463 = ADVANCED_FACE ( 'NONE', ( #603 ), #5973, .F. ) ;
#3464 = FACE_OUTER_BOUND ( 'NONE', #583, .T. ) ;
#3465 = CARTESIAN_POINT ( 'NONE',  ( 17.11411476945192689, 4.169999999999999929, -26.65515099297919477 ) ) ;
#3466 = ORIENTED_EDGE ( 'NONE', *, *, #921, .T. ) ;
#3467 = CARTESIAN_POINT ( 'NONE',  ( -14.51453906012026884, 4.169999999999999929, -9.534673571903027778 ) ) ;
#3468 = EDGE_LOOP ( 'NONE', ( #4931, #3529, #1430, #393, #1123, #3243 ) ) ;
#3469 = B_SPLINE_CURVE_WITH_KNOTS ( 'NONE', 3,
 ( #5352, #4260, #6364, #54, #574, #91 ),
 .UNSPECIFIED., .F., .F.,
 ( 4, 2, 4 ),
 ( -1.477143756511340621E-05, 0.0003797396612298971482, 0.0007742507600249076824 ),
 .UNSPECIFIED. ) ;
#3470 = CARTESIAN_POINT ( 'NONE',  ( -8.141141495965193542, 4.670000000000000817, 15.10087070261876718 ) ) ;
#3471 = CARTESIAN_POINT ( 'NONE',  ( -20.71392969959570607, 4.670000000000000817, -11.38184261884722126 ) ) ;
#3472 = FACE_OUTER_BOUND ( 'NONE', #2111, .T. ) ;
#3473 = ORIENTED_EDGE ( 'NONE', *, *, #5724, .T. ) ;
#3474 = CARTESIAN_POINT ( 'NONE',  ( 6.491969021626345260, 4.331550412367622727, 15.05138281189974592 ) ) ;
#3475 = DIRECTION ( 'NONE',  ( 0.000000000000000000, 1.000000000000000000, 0.000000000000000000 ) ) ;
#3476 = VERTEX_POINT ( 'NONE', #4869 ) ;
#3477 = EDGE_CURVE ( 'NONE', #239, #3789, #4897, .T. ) ;
#3478 = CARTESIAN_POINT ( 'NONE',  ( 23.35665843275940290, 0.000000000000000000, 14.63967357190298557 ) ) ;
#3479 = LINE ( 'NONE', #2418, #4726 ) ;
#3480 = VERTEX_POINT ( 'NONE', #2189 ) ;
#3481 = ORIENTED_EDGE ( 'NONE', *, *, #2221, .F. ) ;
#3482 = EDGE_CURVE ( 'NONE', #6224, #593, #6559, .T. ) ;
#3483 = CARTESIAN_POINT ( 'NONE',  ( 17.11411476945194821, 4.169999999999999929, 25.65515099297918056 ) ) ;
#3484 = DIRECTION ( 'NONE',  ( 0.000000000000000000, 1.000000000000000000, 0.000000000000000000 ) ) ;
#3485 = VECTOR ( 'NONE', #5256, 1000.000000000000114 ) ;
#3486 = CARTESIAN_POINT ( 'NONE',  ( -15.10087070261873521, 4.670000000000000817, -8.141141495965243280 ) ) ;
#3487 = FACE_OUTER_BOUND ( 'NONE', #2543, .T. ) ;
#3488 = LINE ( 'NONE', #400, #919 ) ;
#3489 = DIRECTION ( 'NONE',  ( 0.000000000000000000, -0.000000000000000000, 1.000000000000000000 ) ) ;
#3490 = VERTEX_POINT ( 'NONE', #5875 ) ;
#3491 = DIRECTION ( 'NONE',  ( -0.000000000000000000, -1.000000000000000000, -0.000000000000000000 ) ) ;
#3492 = ADVANCED_FACE ( 'NONE', ( #4320 ), #1151, .T. ) ;
#3493 = LINE ( 'NONE', #2327, #2365 ) ;
#3494 = CARTESIAN_POINT ( 'NONE',  ( -26.59578445530160451, 2.669999999999999929, 17.45353882511000521 ) ) ;
#3495 = CARTESIAN_POINT ( 'NONE',  ( -9.475560680838365002, 4.622801691825981329, -13.38991585464627754 ) ) ;
#3496 = FACE_OUTER_BOUND ( 'NONE', #2905, .T. ) ;
#3497 = ORIENTED_EDGE ( 'NONE', *, *, #6159, .F. ) ;
#3498 = CARTESIAN_POINT ( 'NONE',  ( 14.51453906012028483, 4.462893218813453799, -9.534673571903006462 ) ) ;
#3499 = ORIENTED_EDGE ( 'NONE', *, *, #5953, .T. ) ;
#3500 = ADVANCED_FACE ( 'NONE', ( #6530 ), #5071, .T. ) ;
#3501 = DIRECTION ( 'NONE',  ( 0.000000000000000000, 1.000000000000000000, 0.000000000000000000 ) ) ;
#3502 = CYLINDRICAL_SURFACE ( 'NONE', #3510, 0.5000000000000000000 ) ;
#3503 = DIRECTION ( 'NONE',  ( -5.329070518200752183E-15, 0.000000000000000000, 1.000000000000000000 ) ) ;
#3504 = ORIENTED_EDGE ( 'NONE', *, *, #5339, .F. ) ;
#3505 = CARTESIAN_POINT ( 'NONE',  ( -11.69152436717025090, 4.169999999999999929, 22.25031422186807006 ) ) ;
#3506 = LINE ( 'NONE', #754, #2870 ) ;
#3507 = VERTEX_POINT ( 'NONE', #5481 ) ;
#3508 = EDGE_CURVE ( 'NONE', #76, #1529, #4969, .T. ) ;
#3509 = B_SPLINE_CURVE_WITH_KNOTS ( 'NONE', 3,
 ( #658, #6516, #2757, #4857, #136, #1781, #2242, #6453, #1275, #5400 ),
 .UNSPECIFIED., .F., .F.,
 ( 4, 2, 2, 2, 4 ),
 ( 0.000000000000000000, 0.0002428197108138432719, 0.0004856394216276865437, 0.0007284591324415298427, 0.0009712788432553730875 ),
 .UNSPECIFIED. ) ;
#3510 = AXIS2_PLACEMENT_3D ( 'NONE', #2535, #5056, #988 ) ;
#3511 = LINE ( 'NONE', #935, #3842 ) ;
#3512 = VERTEX_POINT ( 'NONE', #1389 ) ;
#3513 = ORIENTED_EDGE ( 'NONE', *, *, #5724, .F. ) ;
#3514 = LINE ( 'NONE', #4626, #3878 ) ;
#3515 = CARTESIAN_POINT ( 'NONE',  ( 27.02108929809669746, 4.670000000000000817, 15.02328291086354639 ) ) ;
#3516 = FACE_OUTER_BOUND ( 'NONE', #4105, .T. ) ;
#3517 = LINE ( 'NONE', #4144, #6510 ) ;
#3518 = CARTESIAN_POINT ( 'NONE',  ( -7.802622764334155470, 0.000000000000000000, -15.51453906012026529 ) ) ;
#3519 = DIRECTION ( 'NONE',  ( 0.000000000000000000, 1.000000000000000000, 0.000000000000000000 ) ) ;
#3520 = ORIENTED_EDGE ( 'NONE', *, *, #5661, .T. ) ;
#3521 = CIRCLE ( 'NONE', #1327, 1.000000000000000888 ) ;
#3522 = ADVANCED_FACE ( 'NONE', ( #3452 ), #218, .T. ) ;
#3523 = DIRECTION ( 'NONE',  ( -0.000000000000000000, -1.000000000000000000, -0.000000000000000000 ) ) ;
#3524 = AXIS2_PLACEMENT_3D ( 'NONE', #5821, #5332, #5435 ) ;
#3525 = FACE_OUTER_BOUND ( 'NONE', #1641, .T. ) ;
#3526 = CARTESIAN_POINT ( 'NONE',  ( -7.056435552109441289, 0.000000000000000000, 12.22210489659291888 ) ) ;
#3527 = DIRECTION ( 'NONE',  ( -0.8660254037844342667, 0.000000000000000000, -0.5000000000000075495 ) ) ;
#3528 = CARTESIAN_POINT ( 'NONE',  ( -13.02935805303696526, 4.670000000000000817, 9.324346740046477677 ) ) ;
#3529 = ORIENTED_EDGE ( 'NONE', *, *, #3833, .T. ) ;
#3530 = EDGE_CURVE ( 'NONE', #4097, #1461, #5326, .T. ) ;
#3531 = DIRECTION ( 'NONE',  ( 0.000000000000000000, 1.000000000000000000, 0.000000000000000000 ) ) ;
#3532 = EDGE_LOOP ( 'NONE', ( #6149, #822, #6092, #1310, #2648, #6769, #6402, #2182, #738, #4694, #1559, #4914, #5983, #352, #2026, #1005, #1117, #4170, #5280, #1165, #243, #4815, #4541, #4992, #848, #4753, #1067, #831, #880, #4086, #5764, #289, #1243, #2693, #6716, #4829, #5066, #2133, #4700, #315, #4324, #4954, #5750, #3690, #5547, #5269, #1573, #3541, #4279 ) ) ;
#3533 = AXIS2_PLACEMENT_3D ( 'NONE', #4927, #760, #2863 ) ;
#3534 = CARTESIAN_POINT ( 'NONE',  ( 27.22477132445028403, 4.431292217824030821, 14.62613208313619673 ) ) ;
#3535 = CYLINDRICAL_SURFACE ( 'NONE', #4395, 0.5000000000000000000 ) ;
#3536 = FACE_OUTER_BOUND ( 'NONE', #5553, .T. ) ;
#3537 = VERTEX_POINT ( 'NONE', #2319 ) ;
#3538 = CARTESIAN_POINT ( 'NONE',  ( 25.07812044392481354, 2.669999999999999929, 1.690000000000169145 ) ) ;
#3539 = CARTESIAN_POINT ( 'NONE',  ( -17.26610946477137176, 4.443691293505962925, -26.72325940939720823 ) ) ;
#3540 = EDGE_CURVE ( 'NONE', #3754, #3716, #3247, .T. ) ;
#3541 = ORIENTED_EDGE ( 'NONE', *, *, #6318, .T. ) ;
#3542 = ORIENTED_EDGE ( 'NONE', *, *, #2371, .T. ) ;
#3543 = VECTOR ( 'NONE', #3185, 1000.000000000000227 ) ;
#3544 = EDGE_CURVE ( 'NONE', #715, #1966, #1043, .T. ) ;
#3545 = AXIS2_PLACEMENT_3D ( 'NONE', #3483, #4663, #5587 ) ;
#3546 = EDGE_CURVE ( 'NONE', #239, #4592, #838, .T. ) ;
#3547 = DIRECTION ( 'NONE',  ( -0.1978415312886077360, -0.000000000000000000, -0.9802340172108795491 ) ) ;
#3548 = ORIENTED_EDGE ( 'NONE', *, *, #292, .F. ) ;
#3549 = ORIENTED_EDGE ( 'NONE', *, *, #5292, .F. ) ;
#3550 = AXIS2_PLACEMENT_3D ( 'NONE', #2566, #6190, #5121 ) ;
#3551 = CARTESIAN_POINT ( 'NONE',  ( 14.51198687832640921, 4.443594717933725846, 28.31187575583719607 ) ) ;
#3552 = CARTESIAN_POINT ( 'NONE',  ( -6.841143550895979253, 4.622389748749159644, 14.89627928475519525 ) ) ;
#3553 = CARTESIAN_POINT ( 'NONE',  ( 13.12827881868119384, 4.169999999999999929, 9.814463748652000774 ) ) ;
#3554 = VECTOR ( 'NONE', #1623, 1000.000000000000114 ) ;
#3555 = DIRECTION ( 'NONE',  ( -0.000000000000000000, -1.000000000000000000, -0.000000000000000000 ) ) ;
#3556 = CARTESIAN_POINT ( 'NONE',  ( 0.000000000000000000, 4.169999999999999929, 0.000000000000000000 ) ) ;
#3557 = ORIENTED_EDGE ( 'NONE', *, *, #5052, .F. ) ;
#3558 = CIRCLE ( 'NONE', #5653, 0.5000000000000004441 ) ;
#3559 = DIRECTION ( 'NONE',  ( 0.8660254037844440367, -0.000000000000000000, 0.4999999999999906186 ) ) ;
#3560 = AXIS2_PLACEMENT_3D ( 'NONE', #2134, #3711, #580 ) ;
#3561 = ADVANCED_FACE ( 'NONE', ( #5006 ), #5897, .T. ) ;
#3562 = DIRECTION ( 'NONE',  ( 0.000000000000000000, 1.000000000000000000, 0.000000000000000000 ) ) ;
#3563 = CARTESIAN_POINT ( 'NONE',  ( -21.11932092462057753, 4.670000000000000817, -12.90038643502434468 ) ) ;
#3564 = DIRECTION ( 'NONE',  ( 0.3187812165858939228, -0.000000000000000000, -0.9478283262025973821 ) ) ;
#3565 = CARTESIAN_POINT ( 'NONE',  ( 9.814463748651968800, 4.169999999999999929, 13.12827881868123470 ) ) ;
#3566 = VERTEX_POINT ( 'NONE', #1798 ) ;
#3567 = VECTOR ( 'NONE', #3083, 1000.000000000000114 ) ;
#3568 = DIRECTION ( 'NONE',  ( 0.000000000000000000, 1.000000000000000000, 0.000000000000000000 ) ) ;
#3569 = ORIENTED_EDGE ( 'NONE', *, *, #5690, .F. ) ;
#3570 = EDGE_CURVE ( 'NONE', #3031, #2765, #6337, .T. ) ;
#3571 = CARTESIAN_POINT ( 'NONE',  ( -15.51453906012027062, 4.462893218813453799, 7.802622764334151029 ) ) ;
#3572 = DIRECTION ( 'NONE',  ( 0.000000000000000000, -0.000000000000000000, 1.000000000000000000 ) ) ;
#3573 = CIRCLE ( 'NONE', #4767, 1.000000000000075495 ) ;
#3574 = LINE ( 'NONE', #5779, #5032 ) ;
#3575 = VERTEX_POINT ( 'NONE', #3486 ) ;
#3576 = LINE ( 'NONE', #823, #4689 ) ;
#3577 = CARTESIAN_POINT ( 'NONE',  ( 9.207162634049897321, 4.670000000000000817, -13.60996338006891371 ) ) ;
#3578 = CARTESIAN_POINT ( 'NONE',  ( 17.37717236657703879, 4.333274416536222695, 26.64726836388994968 ) ) ;
#3579 = ORIENTED_EDGE ( 'NONE', *, *, #2994, .F. ) ;
#3580 = VECTOR ( 'NONE', #6415, 1000.000000000000227 ) ;
#3581 = ADVANCED_FACE ( 'NONE', ( #734 ), #258, .T. ) ;
#3582 = CARTESIAN_POINT ( 'NONE',  ( 13.42357517473902817, 4.670000000000000817, 21.25031422186811625 ) ) ;
#3583 = ORIENTED_EDGE ( 'NONE', *, *, #2510, .F. ) ;
#3584 = ORIENTED_EDGE ( 'NONE', *, *, #129, .T. ) ;
#3585 = ADVANCED_FACE ( 'NONE', ( #6638 ), #6114, .F. ) ;
#3586 = EDGE_CURVE ( 'NONE', #4796, #6419, #4244, .T. ) ;
#3587 = DIRECTION ( 'NONE',  ( -3.552713678800500929E-15, 0.000000000000000000, 1.000000000000000000 ) ) ;
#3588 = CYLINDRICAL_SURFACE ( 'NONE', #676, 25.13500000000000867 ) ;
#3589 = VECTOR ( 'NONE', #6176, 1000.000000000000000 ) ;
#3590 = DIRECTION ( 'NONE',  ( 0.8660254037844472563, 0.000000000000000000, -0.4999999999999851785 ) ) ;
#3591 = CARTESIAN_POINT ( 'NONE',  ( -20.21392969959574870, 4.670000000000000817, -12.24786802263156460 ) ) ;
#3592 = VERTEX_POINT ( 'NONE', #1287 ) ;
#3593 =( NAMED_UNIT ( * ) PLANE_ANGLE_UNIT ( ) SI_UNIT ( $, .RADIAN. ) );
#3594 = ADVANCED_FACE ( 'NONE', ( #6079 ), #2356, .T. ) ;
#3595 = VECTOR ( 'NONE', #1779, 1000.000000000000000 ) ;
#3596 = EDGE_CURVE ( 'NONE', #4247, #3206, #4459, .T. ) ;
#3597 = CARTESIAN_POINT ( 'NONE',  ( 9.534673571902963829, 4.169999999999999929, 14.51453906012032036 ) ) ;
#3598 = DIRECTION ( 'NONE',  ( 0.000000000000000000, 0.000000000000000000, 1.000000000000000000 ) ) ;
#3599 = LINE ( 'NONE', #571, #3680 ) ;
#3600 = DIRECTION ( 'NONE',  ( 0.000000000000000000, 0.000000000000000000, 1.000000000000000000 ) ) ;
#3601 = ORIENTED_EDGE ( 'NONE', *, *, #5969, .F. ) ;
#3602 = TOROIDAL_SURFACE ( 'NONE', #5033, 24.63500000000000512, 0.5000000000000000000 ) ;
#3603 = CARTESIAN_POINT ( 'NONE',  ( -26.49918328139936463, 4.670000000000000817, -15.87666087001088044 ) ) ;
#3604 = ORIENTED_EDGE ( 'NONE', *, *, #1381, .F. ) ;
#3605 = FACE_OUTER_BOUND ( 'NONE', #2680, .T. ) ;
#3606 = CARTESIAN_POINT ( 'NONE',  ( -12.24786802263148289, 4.670000000000000817, 20.21392969959580199 ) ) ;
#3607 = CARTESIAN_POINT ( 'NONE',  ( -27.64883365011735350, 4.670000000000000817, -13.66095511311972466 ) ) ;
#3608 = VERTEX_POINT ( 'NONE', #3974 ) ;
#3609 = FACE_OUTER_BOUND ( 'NONE', #4680, .T. ) ;
#3610 = CARTESIAN_POINT ( 'NONE',  ( 20.56376182236457595, 4.431290602403763934, -10.71779288531427987 ) ) ;
#3611 = CARTESIAN_POINT ( 'NONE',  ( 17.45353882511009758, 4.169999999999999929, 26.59578445530152990 ) ) ;
#3612 = EDGE_CURVE ( 'NONE', #4785, #5252, #5040, .T. ) ;
#3613 = ORIENTED_EDGE ( 'NONE', *, *, #2744, .F. ) ;
#3614 = CARTESIAN_POINT ( 'NONE',  ( -9.534673571903029554, 4.169999999999999929, 14.51453906012026707 ) ) ;
#3615 = ORIENTED_EDGE ( 'NONE', *, *, #4932, .F. ) ;
#3616 = ORIENTED_EDGE ( 'NONE', *, *, #1709, .T. ) ;
#3617 = ADVANCED_FACE ( 'NONE', ( #588 ), #6221, .T. ) ;
#3618 = VERTEX_POINT ( 'NONE', #4691 ) ;
#3619 = DIRECTION ( 'NONE',  ( 0.000000000000000000, 0.000000000000000000, 1.000000000000000000 ) ) ;
#3620 = CARTESIAN_POINT ( 'NONE',  ( 10.69066340616454092, 4.670000000000000817, -20.51677218609433595 ) ) ;
#3621 = AXIS2_PLACEMENT_3D ( 'NONE', #1723, #288, #2382 ) ;
#3622 = CYLINDRICAL_SURFACE ( 'NONE', #1479, 0.4999999999999998335 ) ;
#3623 = DIRECTION ( 'NONE',  ( 0.8660254037844338226, 0.000000000000000000, 0.5000000000000083267 ) ) ;
#3624 = ORIENTED_EDGE ( 'NONE', *, *, #2380, .T. ) ;
#3625 = EDGE_CURVE ( 'NONE', #4610, #249, #5751, .T. ) ;
#3626 = FACE_OUTER_BOUND ( 'NONE', #5922, .T. ) ;
#3627 = AXIS2_PLACEMENT_3D ( 'NONE', #6367, #3738, #2635 ) ;
#3628 = AXIS2_PLACEMENT_3D ( 'NONE', #1159, #5777, #1120 ) ;
#3629 = CARTESIAN_POINT ( 'NONE',  ( 23.07319061161677354, 2.669999999999999929, -1.689999999999841851 ) ) ;
#3630 = DIRECTION ( 'NONE',  ( -0.000000000000000000, -1.000000000000000000, -0.000000000000000000 ) ) ;
#3631 = CARTESIAN_POINT ( 'NONE',  ( -11.88194999598079171, 4.670000000000000817, 21.58014108603120818 ) ) ;
#3632 = CARTESIAN_POINT ( 'NONE',  ( -17.43139209695610958, 4.264455741616600015, 26.61181269830263574 ) ) ;
#3633 = ORIENTED_EDGE ( 'NONE', *, *, #2024, .T. ) ;
#3634 = ADVANCED_FACE ( 'NONE', ( #3516 ), #3137, .T. ) ;
#3635 = DIRECTION ( 'NONE',  ( 0.000000000000000000, 0.000000000000000000, 1.000000000000000000 ) ) ;
#3636 = ORIENTED_EDGE ( 'NONE', *, *, #6239, .T. ) ;
#3637 =( BOUNDED_CURVE ( )  B_SPLINE_CURVE ( 3, ( #5536, #2468, #5461, #1332 ),
 .UNSPECIFIED., .F., .T. ) 
 B_SPLINE_CURVE_WITH_KNOTS ( ( 4, 4 ),
 ( 3.141592653589793116, 4.712388980384691450 ),
 .UNSPECIFIED. ) 
 CURVE ( )  GEOMETRIC_REPRESENTATION_ITEM ( )  RATIONAL_B_SPLINE_CURVE ( ( 1.000000000000000000, 0.8047378541243646044, 0.8047378541243646044, 1.000000000000000000 ) ) 
 REPRESENTATION_ITEM ( '' )  );
#3638 = CARTESIAN_POINT ( 'NONE',  ( -15.51453906012026884, 4.169999999999999929, 7.802622764334148364 ) ) ;
#3639 = DIRECTION ( 'NONE',  ( -1.000000000000000000, 0.000000000000000000, 0.000000000000000000 ) ) ;
#3640 = FACE_OUTER_BOUND ( 'NONE', #5300, .T. ) ;
#3641 = ORIENTED_EDGE ( 'NONE', *, *, #2440, .F. ) ;
#3642 = CARTESIAN_POINT ( 'NONE',  ( 17.11411476945194821, 4.169999999999999929, 25.65515099297918056 ) ) ;
#3643 = CARTESIAN_POINT ( 'NONE',  ( -17.45353882510991994, 4.216665748597042906, -26.59578445530166135 ) ) ;
#3644 = AXIS2_PLACEMENT_3D ( 'NONE', #2758, #2306, #6348 ) ;
#3645 = CARTESIAN_POINT ( 'NONE',  ( -17.11411476945210453, 2.669999999999999929, 25.65515099297905266 ) ) ;
#3646 = ORIENTED_EDGE ( 'NONE', *, *, #2108, .F. ) ;
#3647 = VECTOR ( 'NONE', #2639, 1000.000000000000000 ) ;
#3648 = CYLINDRICAL_SURFACE ( 'NONE', #3271, 0.5000000000000001110 ) ;
#3649 = EDGE_CURVE ( 'NONE', #5149, #348, #6378, .T. ) ;
#3650 = DIRECTION ( 'NONE',  ( 0.000000000000000000, 1.000000000000000000, 0.000000000000000000 ) ) ;
#3651 = ORIENTED_EDGE ( 'NONE', *, *, #5061, .T. ) ;
#3652 = ORIENTED_EDGE ( 'NONE', *, *, #4801, .F. ) ;
#3653 = CIRCLE ( 'NONE', #1241, 1.000000000000032196 ) ;
#3654 = CARTESIAN_POINT ( 'NONE',  ( -21.25031422186811625, 4.249933565621197396, 13.42357517473902817 ) ) ;
#3655 = DIRECTION ( 'NONE',  ( -0.5000000000000002220, 0.000000000000000000, -0.8660254037844385966 ) ) ;
#3656 = EDGE_CURVE ( 'NONE', #1056, #1069, #3253, .T. ) ;
#3657 = CARTESIAN_POINT ( 'NONE',  ( 14.57571433125682603, 4.493701553442406293, -28.28864387627996990 ) ) ;
#3658 = DIRECTION ( 'NONE',  ( 0.000000000000000000, 0.000000000000000000, 1.000000000000000000 ) ) ;
#3659 = ORIENTED_EDGE ( 'NONE', *, *, #2482, .T. ) ;
#3660 = AXIS2_PLACEMENT_3D ( 'NONE', #2470, #3501, #4580 ) ;
#3661 = CARTESIAN_POINT ( 'NONE',  ( -14.57762276433404480, 4.169999999999999929, -27.24918328139946411 ) ) ;
#3662 = AXIS2_PLACEMENT_3D ( 'NONE', #2012, #2458, #5726 ) ;
#3663 = TOROIDAL_SURFACE ( 'NONE', #3545, 1.500000000000001110, 0.5000000000000000000 ) ;
#3664 = EDGE_CURVE ( 'NONE', #4939, #5336, #493, .T. ) ;
#3665 = CYLINDRICAL_SURFACE ( 'NONE', #5892, 1.000000000000000888 ) ;
#3666 = CARTESIAN_POINT ( 'NONE',  ( -14.30585555931143560, 4.216211826414318686, 28.41310023613410252 ) ) ;
#3667 = AXIS2_PLACEMENT_3D ( 'NONE', #5362, #130, #3745 ) ;
#3668 = CARTESIAN_POINT ( 'NONE',  ( 12.90762276433416211, 0.000000000000000000, 24.35665843275938158 ) ) ;
#3669 = ORIENTED_EDGE ( 'NONE', *, *, #6382, .F. ) ;
#3670 = CARTESIAN_POINT ( 'NONE',  ( -15.04062489701896688, 4.670000000000000817, 7.962013372627087193 ) ) ;
#3671 = ORIENTED_EDGE ( 'NONE', *, *, #5258, .F. ) ;
#3672 = CIRCLE ( 'NONE', #6768, 1.000000000000000888 ) ;
#3673 = VECTOR ( 'NONE', #1423, 1000.000000000000114 ) ;
#3674 = EDGE_CURVE ( 'NONE', #1, #5083, #1642, .T. ) ;
#3675 = CARTESIAN_POINT ( 'NONE',  ( -6.851967422215429870, 4.633567868766276021, -14.90433930716126198 ) ) ;
#3676 = LINE ( 'NONE', #4742, #2421 ) ;
#3677 = EDGE_CURVE ( 'NONE', #69, #6803, #71, .T. ) ;
#3678 = DIRECTION ( 'NONE',  ( 0.000000000000000000, 0.000000000000000000, -1.000000000000000000 ) ) ;
#3679 = ORIENTED_EDGE ( 'NONE', *, *, #2079, .F. ) ;
#3680 = VECTOR ( 'NONE', #5250, 1000.000000000000000 ) ;
#3681 = DIRECTION ( 'NONE',  ( 0.000000000000000000, 1.000000000000000000, 0.000000000000000000 ) ) ;
#3682 = CARTESIAN_POINT ( 'NONE',  ( 20.95018138672613972, 4.670000000000000817, -10.94089232481856122 ) ) ;
#3683 = CARTESIAN_POINT ( 'NONE',  ( -23.35665843275950593, 0.000000000000000000, 14.63967357190283458 ) ) ;
#3684 = B_SPLINE_CURVE_WITH_KNOTS ( 'NONE', 3,
 ( #719, #3236, #3784, #2825, #3306, #2304 ),
 .UNSPECIFIED., .F., .F.,
 ( 4, 2, 4 ),
 ( 0.000000000000000000, 0.0003908072650539789420, 0.0007816145301079578840 ),
 .UNSPECIFIED. ) ;
#3685 = ORIENTED_EDGE ( 'NONE', *, *, #5603, .T. ) ;
#3686 = CARTESIAN_POINT ( 'NONE',  ( 1.689999999999747704, 0.000000000000000000, 24.35665843275940645 ) ) ;
#3687 = ORIENTED_EDGE ( 'NONE', *, *, #1432, .T. ) ;
#3688 = DIRECTION ( 'NONE',  ( 0.000000000000000000, 0.000000000000000000, 1.000000000000000000 ) ) ;
#3689 = CIRCLE ( 'NONE', #1808, 1.500000000000001332 ) ;
#3690 = ORIENTED_EDGE ( 'NONE', *, *, #2034, .F. ) ;
#3691 = VERTEX_POINT ( 'NONE', #4825 ) ;
#3692 = ORIENTED_EDGE ( 'NONE', *, *, #3092, .T. ) ;
#3693 = CARTESIAN_POINT ( 'NONE',  ( -21.24377210742675004, 4.326913764429920484, 13.39702377693213364 ) ) ;
#3694 = CYLINDRICAL_SURFACE ( 'NONE', #6353, 1.000000000000000888 ) ;
#3695 = CARTESIAN_POINT ( 'NONE',  ( -12.90762276433431666, 2.669999999999999929, 24.35665843275929632 ) ) ;
#3696 = CARTESIAN_POINT ( 'NONE',  ( -15.51453906012018891, 4.169999999999999929, -7.802622764334316230 ) ) ;
#3697 = FACE_OUTER_BOUND ( 'NONE', #2260, .T. ) ;
#3698 = EDGE_CURVE ( 'NONE', #6831, #3233, #1030, .T. ) ;
#3699 = FACE_OUTER_BOUND ( 'NONE', #3395, .T. ) ;
#3700 = CARTESIAN_POINT ( 'NONE',  ( 22.13789160359755925, 4.457215979362297631, -11.72397473881330932 ) ) ;
#3701 = CARTESIAN_POINT ( 'NONE',  ( -14.51453906012035411, 4.462893218813452023, 9.534673571902905209 ) ) ;
#3702 = CARTESIAN_POINT ( 'NONE',  ( 26.97713803096557683, 4.670000000000002593, -16.78613638606397274 ) ) ;
#3703 = ORIENTED_EDGE ( 'NONE', *, *, #4248, .F. ) ;
#3704 = DIRECTION ( 'NONE',  ( 0.000000000000000000, 0.000000000000000000, 1.000000000000000000 ) ) ;
#3705 = EDGE_CURVE ( 'NONE', #4447, #784, #5654, .T. ) ;
#3706 = ORIENTED_EDGE ( 'NONE', *, *, #6414, .F. ) ;
#3707 = FACE_OUTER_BOUND ( 'NONE', #5529, .T. ) ;
#3708 = LINE ( 'NONE', #2227, #6274 ) ;
#3709 = CARTESIAN_POINT ( 'NONE',  ( 13.66095511311944222, 4.670000000000000817, 27.64883365011748140 ) ) ;
#3710 = ORIENTED_EDGE ( 'NONE', *, *, #560, .T. ) ;
#3711 = DIRECTION ( 'NONE',  ( -0.000000000000000000, -1.000000000000000000, 0.000000000000000000 ) ) ;
#3712 = DIRECTION ( 'NONE',  ( -0.000000000000000000, -1.000000000000000000, -0.000000000000000000 ) ) ;
#3713 = EDGE_CURVE ( 'NONE', #5846, #1022, #3910, .T. ) ;
#3714 = VERTEX_POINT ( 'NONE', #3239 ) ;
#3715 = FACE_OUTER_BOUND ( 'NONE', #1400, .T. ) ;
#3716 = VERTEX_POINT ( 'NONE', #4276 ) ;
#3717 = CARTESIAN_POINT ( 'NONE',  ( 9.649717904323704687, 4.516296496869230737, -13.26652844816463528 ) ) ;
#3718 = CARTESIAN_POINT ( 'NONE',  ( 14.51453906012028128, 4.169999999999999929, 9.534673571902997580 ) ) ;
#3719 = ORIENTED_EDGE ( 'NONE', *, *, #1822, .T. ) ;
#3720 = EDGE_CURVE ( 'NONE', #4447, #3924, #2076, .T. ) ;
#3721 = ORIENTED_EDGE ( 'NONE', *, *, #5913, .T. ) ;
#3722 = B_SPLINE_CURVE_WITH_KNOTS ( 'NONE', 3,
 ( #1265, #3986, #4502, #713 ),
 .UNSPECIFIED., .F., .F.,
 ( 4, 4 ),
 ( 0.0005745354657041836996, 0.001104069500382152003 ),
 .UNSPECIFIED. ) ;
#3723 = ORIENTED_EDGE ( 'NONE', *, *, #2658, .T. ) ;
#3724 = DIRECTION ( 'NONE',  ( -0.000000000000000000, -1.000000000000000000, -0.000000000000000000 ) ) ;
#3725 = CARTESIAN_POINT ( 'NONE',  ( 7.962013372627101404, 4.169999999999999929, -15.04062489701897221 ) ) ;
#3726 = CARTESIAN_POINT ( 'NONE',  ( 28.28336860875745984, 4.492651629845343386, 14.57835342420617764 ) ) ;
#3727 = DIRECTION ( 'NONE',  ( 0.1978415312886023514, 0.000000000000000000, -0.9802340172108806593 ) ) ;
#3728 = FACE_OUTER_BOUND ( 'NONE', #2851, .T. ) ;
#3729 = CARTESIAN_POINT ( 'NONE',  ( 21.73172283367748747, 4.670000000000001705, -11.83967521388562538 ) ) ;
#3730 = EDGE_CURVE ( 'NONE', #1676, #4054, #4794, .T. ) ;
#3731 = CARTESIAN_POINT ( 'NONE',  ( -11.88194999598079171, 4.670000000000000817, 21.58014108603120818 ) ) ;
#3732 = CARTESIAN_POINT ( 'NONE',  ( 23.07319061161677354, 0.000000000000000000, -1.689999999999841851 ) ) ;
#3733 = ORIENTED_EDGE ( 'NONE', *, *, #448, .F. ) ;
#3734 = AXIS2_PLACEMENT_3D ( 'NONE', #3024, #5124, #6722 ) ;
#3735 = AXIS2_PLACEMENT_3D ( 'NONE', #424, #2938, #4520 ) ;
#3736 = CARTESIAN_POINT ( 'NONE',  ( -13.42357517473899975, 4.169999999999999929, 21.25031422186813046 ) ) ;
#3737 = DIRECTION ( 'NONE',  ( -0.000000000000000000, -1.000000000000000000, -0.000000000000000000 ) ) ;
#3738 = DIRECTION ( 'NONE',  ( 0.000000000000000000, 1.000000000000000000, 0.000000000000000000 ) ) ;
#3739 = CARTESIAN_POINT ( 'NONE',  ( 21.24377219339154266, 4.326912768932364095, -13.39702412614846949 ) ) ;
#3740 = ORIENTED_EDGE ( 'NONE', *, *, #2001, .F. ) ;
#3741 = EDGE_CURVE ( 'NONE', #1164, #6520, #2478, .T. ) ;
#3742 = LINE ( 'NONE', #1567, #5101 ) ;
#3743 = CARTESIAN_POINT ( 'NONE',  ( 0.000000000000000000, 2.669999999999999929, -25.13500000000000512 ) ) ;
#3744 = VERTEX_POINT ( 'NONE', #1541 ) ;
#3745 = DIRECTION ( 'NONE',  ( -0.8660254037844185016, 0.000000000000000000, 0.5000000000000350830 ) ) ;
#3746 = VERTEX_POINT ( 'NONE', #6830 ) ;
#3747 = CARTESIAN_POINT ( 'NONE',  ( -12.24786802263147401, 4.670000000000000817, -20.21392969959579844 ) ) ;
#3748 = VECTOR ( 'NONE', #5401, 1000.000000000000114 ) ;
#3749 = CARTESIAN_POINT ( 'NONE',  ( -16.10941082093372856, 4.615749189755383952, 26.37959333286818264 ) ) ;
#3750 = ORIENTED_EDGE ( 'NONE', *, *, #4338, .F. ) ;
#3751 = ADVANCED_FACE ( 'NONE', ( #902 ), #2264, .T. ) ;
#3752 = CARTESIAN_POINT ( 'NONE',  ( -9.666967627480337555, 4.670000000000000817, 5.581226361975702766 ) ) ;
#3753 = CARTESIAN_POINT ( 'NONE',  ( 0.000000000000000000, 2.669999999999999929, 0.000000000000000000 ) ) ;
#3754 = VERTEX_POINT ( 'NONE', #5235 ) ;
#3755 = ORIENTED_EDGE ( 'NONE', *, *, #4077, .F. ) ;
#3756 = ORIENTED_EDGE ( 'NONE', *, *, #4005, .T. ) ;
#3757 = CARTESIAN_POINT ( 'NONE',  ( 17.11411476945194821, 4.169999999999999929, 26.65515099297918056 ) ) ;
#3758 = VECTOR ( 'NONE', #4486, 1000.000000000000114 ) ;
#3759 = ADVANCED_FACE ( 'NONE', ( #2646 ), #1677, .F. ) ;
#3760 = EDGE_CURVE ( 'NONE', #3592, #1126, #6810, .T. ) ;
#3761 = CARTESIAN_POINT ( 'NONE',  ( 3.043171204642130423, 0.000000000000000000, 1.756975714190222693 ) ) ;
#3762 = PLANE ( 'NONE',  #5308 ) ;
#3763 = DIRECTION ( 'NONE',  ( 0.5000000000000026645, 0.000000000000000000, -0.8660254037844370423 ) ) ;
#3764 = CARTESIAN_POINT ( 'NONE',  ( 26.24918328139943213, 4.169999999999999929, -16.30967357190300149 ) ) ;
#3765 = DIRECTION ( 'NONE',  ( 0.000000000000000000, 0.000000000000000000, 1.000000000000000000 ) ) ;
#3766 = CARTESIAN_POINT ( 'NONE',  ( 16.30967357190285583, 4.302146110896742037, -26.24918328139950674 ) ) ;
#3767 = LINE ( 'NONE', #3668, #4216 ) ;
#3768 = VERTEX_POINT ( 'NONE', #1820 ) ;
#3769 = CIRCLE ( 'NONE', #3662, 25.13500000000000512 ) ;
#3770 = VECTOR ( 'NONE', #4071, 1000.000000000000000 ) ;
#3771 = DIRECTION ( 'NONE',  ( 0.9802340172108804373, 0.000000000000000000, -0.1978415312886027955 ) ) ;
#3772 = CARTESIAN_POINT ( 'NONE',  ( -1.689999999999922231, 2.669999999999999929, -23.07319061161676998 ) ) ;
#3773 = CIRCLE ( 'NONE', #2561, 23.13499999999999446 ) ;
#3774 = CARTESIAN_POINT ( 'NONE',  ( -17.11411476945176346, 4.670000000000000817, -25.65515099297929780 ) ) ;
#3775 = ORIENTED_EDGE ( 'NONE', *, *, #84, .F. ) ;
#3776 = FACE_OUTER_BOUND ( 'NONE', #616, .T. ) ;
#3777 = DIRECTION ( 'NONE',  ( 0.000000000000000000, 1.000000000000000000, -0.000000000000000000 ) ) ;
#3778 = ORIENTED_EDGE ( 'NONE', *, *, #6318, .F. ) ;
#3779 = CIRCLE ( 'NONE', #6099, 0.5000000000000004441 ) ;
#3780 = ORIENTED_EDGE ( 'NONE', *, *, #1333, .F. ) ;
#3781 = AXIS2_PLACEMENT_3D ( 'NONE', #2736, #2622, #83 ) ;
#3782 = EDGE_CURVE ( 'NONE', #6174, #1452, #1307, .T. ) ;
#3783 = FACE_OUTER_BOUND ( 'NONE', #5457, .T. ) ;
#3784 = CARTESIAN_POINT ( 'NONE',  ( 14.62615092454263888, 4.431339364532040470, 27.22476184672134991 ) ) ;
#3785 = VERTEX_POINT ( 'NONE', #3274 ) ;
#3786 = CIRCLE ( 'NONE', #5663, 23.31046236190299936 ) ;
#3787 = DIRECTION ( 'NONE',  ( 0.000000000000000000, 0.000000000000000000, 1.000000000000000000 ) ) ;
#3788 = FACE_OUTER_BOUND ( 'NONE', #2504, .T. ) ;
#3789 = VERTEX_POINT ( 'NONE', #2827 ) ;
#3790 = ORIENTED_EDGE ( 'NONE', *, *, #1734, .T. ) ;
#3791 = AXIS2_PLACEMENT_3D ( 'NONE', #776, #2882, #4982 ) ;
#3792 = ORIENTED_EDGE ( 'NONE', *, *, #5310, .F. ) ;
#3793 = EDGE_CURVE ( 'NONE', #3343, #707, #5671, .T. ) ;
#3794 = CARTESIAN_POINT ( 'NONE',  ( 4.417525414551752405, 4.670000000000000817, -2.550459487243502910 ) ) ;
#3795 = AXIS2_PLACEMENT_3D ( 'NONE', #1523, #3050, #5247 ) ;
#3796 = LINE ( 'NONE', #2282, #18 ) ;
#3797 = CARTESIAN_POINT ( 'NONE',  ( -16.30967357190272438, 4.670000000000000817, -26.24918328139960622 ) ) ;
#3798 = ORIENTED_EDGE ( 'NONE', *, *, #3625, .F. ) ;
#3799 = DIRECTION ( 'NONE',  ( -0.000000000000000000, -1.000000000000000000, -0.000000000000000000 ) ) ;
#3800 = EDGE_CURVE ( 'NONE', #1164, #269, #3276, .T. ) ;
#3801 = AXIS2_PLACEMENT_3D ( 'NONE', #2276, #3376, #1377 ) ;
#3802 = EDGE_CURVE ( 'NONE', #6005, #3978, #2340, .T. ) ;
#3803 = CARTESIAN_POINT ( 'NONE',  ( 9.316173154054665062, 4.669999999999999929, -14.55029879730516029 ) ) ;
#3804 = DIRECTION ( 'NONE',  ( 0.000000000000000000, 0.000000000000000000, 1.000000000000000000 ) ) ;
#3805 = LINE ( 'NONE', #5910, #1793 ) ;
#3806 = DIRECTION ( 'NONE',  ( 9.251858538542535193E-15, 0.000000000000000000, 1.000000000000000000 ) ) ;
#3807 = ORIENTED_EDGE ( 'NONE', *, *, #2752, .F. ) ;
#3808 = DIRECTION ( 'NONE',  ( -0.1978415312886145916, -0.000000000000000000, 0.9802340172108782168 ) ) ;
#3809 = EDGE_CURVE ( 'NONE', #2109, #1299, #1202, .T. ) ;
#3810 = EDGE_CURVE ( 'NONE', #6508, #1890, #205, .T. ) ;
#3811 = DIRECTION ( 'NONE',  ( 0.000000000000000000, 1.000000000000000000, 0.000000000000000000 ) ) ;
#3812 = LINE ( 'NONE', #1191, #635 ) ;
#3813 = ORIENTED_EDGE ( 'NONE', *, *, #4035, .F. ) ;
#3814 = CARTESIAN_POINT ( 'NONE',  ( -22.25031422186802743, 4.169999999999999929, -11.69152436717032728 ) ) ;
#3815 = DIRECTION ( 'NONE',  ( -0.9478283262026123701, 0.000000000000000000, -0.3187812165858493474 ) ) ;
#3816 = ORIENTED_EDGE ( 'NONE', *, *, #4183, .F. ) ;
#3817 = EDGE_LOOP ( 'NONE', ( #6000, #1206, #6277, #6417, #5967, #1285, #66, #812, #5175 ) ) ;
#3818 = LINE ( 'NONE', #1166, #6076 ) ;
#3819 = DIRECTION ( 'NONE',  ( -0.000000000000000000, -1.000000000000000000, -0.000000000000000000 ) ) ;
#3820 = ORIENTED_EDGE ( 'NONE', *, *, #5785, .F. ) ;
#3821 = CARTESIAN_POINT ( 'NONE',  ( -28.31760342743045200, 4.444986300354583975, 14.50846092329834569 ) ) ;
#3822 = DIRECTION ( 'NONE',  ( 0.000000000000000000, 0.000000000000000000, -1.000000000000000000 ) ) ;
#3823 = ADVANCED_FACE ( 'NONE', ( #1747 ), #614, .T. ) ;
#3824 = ORIENTED_EDGE ( 'NONE', *, *, #5822, .T. ) ;
#3825 = ORIENTED_EDGE ( 'NONE', *, *, #703, .T. ) ;
#3826 = EDGE_CURVE ( 'NONE', #955, #5051, #5895, .T. ) ;
#3827 = DIRECTION ( 'NONE',  ( -0.000000000000000000, -1.000000000000000000, -0.000000000000000000 ) ) ;
#3828 = CARTESIAN_POINT ( 'NONE',  ( 15.06371434019466626, 4.254903668735718902, -6.462191090617110945 ) ) ;
#3829 = ORIENTED_EDGE ( 'NONE', *, *, #2928, .F. ) ;
#3830 = ORIENTED_EDGE ( 'NONE', *, *, #4254, .T. ) ;
#3831 = CARTESIAN_POINT ( 'NONE',  ( 0.000000000000000000, 4.169999999999999929, 0.000000000000000000 ) ) ;
#3832 = CARTESIAN_POINT ( 'NONE',  ( -0.4330127018922835802, 4.169999999999999929, 0.2500000000000388023 ) ) ;
#3833 = EDGE_CURVE ( 'NONE', #1452, #1104, #3509, .T. ) ;
#3834 = CARTESIAN_POINT ( 'NONE',  ( 1.690000000000072555, 0.000000000000000000, -23.07319061161675933 ) ) ;
#3835 = CARTESIAN_POINT ( 'NONE',  ( 15.06371434019466804, 4.169999999999999929, -6.462191090617108280 ) ) ;
#3836 = VERTEX_POINT ( 'NONE', #4892 ) ;
#3837 = CARTESIAN_POINT ( 'NONE',  ( -20.52507499694749882, 4.329480679083138384, 10.71913176677573176 ) ) ;
#3838 = VECTOR ( 'NONE', #5025, 1000.000000000000000 ) ;
#3839 = B_SPLINE_CURVE_WITH_KNOTS ( 'NONE', 3,
 ( #6065, #316, #5090, #2444, #384, #1891 ),
 .UNSPECIFIED., .F., .F.,
 ( 4, 2, 4 ),
 ( 0.000000000000000000, 0.0003908072650539830620, 0.0007816145301079661240 ),
 .UNSPECIFIED. ) ;
#3840 = DIRECTION ( 'NONE',  ( -0.8660254037844500319, 0.000000000000000000, 0.4999999999999803491 ) ) ;
#3841 = ORIENTED_EDGE ( 'NONE', *, *, #4511, .T. ) ;
#3842 = VECTOR ( 'NONE', #3547, 1000.000000000000114 ) ;
#3843 = ADVANCED_FACE ( 'NONE', ( #3853 ), #5334, .T. ) ;
#3844 = DIRECTION ( 'NONE',  ( 0.000000000000000000, 0.000000000000000000, -1.000000000000000000 ) ) ;
#3845 = CARTESIAN_POINT ( 'NONE',  ( 25.65515099297910950, 4.670000000000000817, 17.11411476945201571 ) ) ;
#3846 = ORIENTED_EDGE ( 'NONE', *, *, #2800, .F. ) ;
#3847 = VERTEX_POINT ( 'NONE', #176 ) ;
#3848 = CIRCLE ( 'NONE', #875, 1.000000000000052847 ) ;
#3849 = CARTESIAN_POINT ( 'NONE',  ( -12.42271421373346207, 4.169999999999999929, 19.51677218609431108 ) ) ;
#3850 = CARTESIAN_POINT ( 'NONE',  ( -20.51677218609422937, 4.169999999999999929, -10.69066340616475230 ) ) ;
#3851 = FACE_OUTER_BOUND ( 'NONE', #965, .T. ) ;
#3852 = ORIENTED_EDGE ( 'NONE', *, *, #3135, .T. ) ;
#3853 = FACE_OUTER_BOUND ( 'NONE', #887, .T. ) ;
#3854 = DIRECTION ( 'NONE',  ( 0.000000000000000000, 0.000000000000000000, -1.000000000000000000 ) ) ;
#3855 = ORIENTED_EDGE ( 'NONE', *, *, #3171, .F. ) ;
#3856 = ORIENTED_EDGE ( 'NONE', *, *, #4692, .F. ) ;
#3857 = AXIS2_PLACEMENT_3D ( 'NONE', #4110, #2945, #3009 ) ;
#3858 =( BOUNDED_CURVE ( )  B_SPLINE_CURVE ( 3, ( #6316, #530, #2184, #4250 ),
 .UNSPECIFIED., .F., .T. ) 
 B_SPLINE_CURVE_WITH_KNOTS ( ( 4, 4 ),
 ( 0.000000000000000000, 1.570796326794893449 ),
 .UNSPECIFIED. ) 
 CURVE ( )  GEOMETRIC_REPRESENTATION_ITEM ( )  RATIONAL_B_SPLINE_CURVE ( ( 1.000000000000000000, 0.8047378541243658256, 0.8047378541243658256, 1.000000000000000000 ) ) 
 REPRESENTATION_ITEM ( '' )  );
#3859 = CARTESIAN_POINT ( 'NONE',  ( -1.689999999999914015, 0.000000000000000000, -25.07812044392483131 ) ) ;
#3860 = DIRECTION ( 'NONE',  ( -0.000000000000000000, -1.000000000000000000, -0.000000000000000000 ) ) ;
#3861 = ORIENTED_EDGE ( 'NONE', *, *, #1129, .T. ) ;
#3862 = AXIS2_PLACEMENT_3D ( 'NONE', #4616, #992, #5714 ) ;
#3863 =( NAMED_UNIT ( * ) PLANE_ANGLE_UNIT ( ) SI_UNIT ( $, .RADIAN. ) );
#3864 = VERTEX_POINT ( 'NONE', #3505 ) ;
#3865 = VECTOR ( 'NONE', #247, 1000.000000000000000 ) ;
#3866 = EDGE_CURVE ( 'NONE', #6786, #4310, #3576, .T. ) ;
#3867 = DIRECTION ( 'NONE',  ( 0.5000000000000202061, 0.000000000000000000, -0.8660254037844270503 ) ) ;
#3868 = DIRECTION ( 'NONE',  ( 0.000000000000000000, 0.000000000000000000, 1.000000000000000000 ) ) ;
#3869 = DIRECTION ( 'NONE',  ( 0.9478283262026124811, -0.000000000000000000, 0.3187812165858494029 ) ) ;
#3870 = PLANE ( 'NONE',  #937 ) ;
#3871 = DIRECTION ( 'NONE',  ( 0.5000000000000027756, 0.000000000000000000, -0.8660254037844371533 ) ) ;
#3872 = VERTEX_POINT ( 'NONE', #2962 ) ;
#3873 = DIRECTION ( 'NONE',  ( -0.000000000000000000, -1.000000000000000000, -0.000000000000000000 ) ) ;
#3874 = EDGE_CURVE ( 'NONE', #4796, #5489, #2372, .T. ) ;
#3875 = CIRCLE ( 'NONE', #2786, 325.5254822644255341 ) ;
#3876 = CARTESIAN_POINT ( 'NONE',  ( 13.59914968310600436, 4.670000000000000817, -9.209345172432076509 ) ) ;
#3877 = VERTEX_POINT ( 'NONE', #5127 ) ;
#3878 = VECTOR ( 'NONE', #2422, 1000.000000000000114 ) ;
#3879 = LINE ( 'NONE', #6506, #4122 ) ;
#3880 = CARTESIAN_POINT ( 'NONE',  ( 13.66095511311944222, 4.169999999999999929, 27.64883365011748140 ) ) ;
#3881 = VERTEX_POINT ( 'NONE', #4480 ) ;
#3882 = CARTESIAN_POINT ( 'NONE',  ( -14.60087070261881514, 4.670000000000000817, -9.007166899749515565 ) ) ;
#3883 = ORIENTED_EDGE ( 'NONE', *, *, #4655, .T. ) ;
#3884 = EDGE_CURVE ( 'NONE', #5816, #5689, #178, .T. ) ;
#3885 = VECTOR ( 'NONE', #4125, 1000.000000000000000 ) ;
#3886 = DIRECTION ( 'NONE',  ( 0.000000000000000000, 1.000000000000000000, 0.000000000000000000 ) ) ;
#3887 = CARTESIAN_POINT ( 'NONE',  ( -12.42271421373343188, 4.169999999999999929, -19.51677218609432884 ) ) ;
#3888 = FACE_OUTER_BOUND ( 'NONE', #3944, .T. ) ;
#3889 = VERTEX_POINT ( 'NONE', #6660 ) ;
#3890 = AXIS2_PLACEMENT_3D ( 'NONE', #3695, #1003, #973 ) ;
#3891 = CIRCLE ( 'NONE', #807, 23.13499999999999801 ) ;
#3892 = ORIENTED_EDGE ( 'NONE', *, *, #6466, .T. ) ;
#3893 = ORIENTED_EDGE ( 'NONE', *, *, #1673, .F. ) ;
#3894 = VECTOR ( 'NONE', #1809, 1000.000000000000000 ) ;
#3895 = AXIS2_PLACEMENT_3D ( 'NONE', #1488, #404, #2492 ) ;
#3896 = CARTESIAN_POINT ( 'NONE',  ( 20.95018138672613972, 4.670000000000000817, -10.94089232481856122 ) ) ;
#3897 = VECTOR ( 'NONE', #5672, 1000.000000000000000 ) ;
#3898 = CARTESIAN_POINT ( 'NONE',  ( -0.4330127018922242388, 4.670000000000000817, 0.2500000000000029421 ) ) ;
#3899 = CARTESIAN_POINT ( 'NONE',  ( -14.98893587415668094, 4.515419319486067451, 6.657891068573893456 ) ) ;
#3900 = ORIENTED_EDGE ( 'NONE', *, *, #4182, .T. ) ;
#3901 = DIRECTION ( 'NONE',  ( 0.000000000000000000, 1.000000000000000000, 0.000000000000000000 ) ) ;
#3902 = ORIENTED_EDGE ( 'NONE', *, *, #2166, .T. ) ;
#3903 = CARTESIAN_POINT ( 'NONE',  ( -7.802622764334260275, 0.000000000000000000, 15.51453906012021733 ) ) ;
#3904 = CARTESIAN_POINT ( 'NONE',  ( -23.07319061161676288, 2.669999999999999929, -1.689999999999996838 ) ) ;
#3905 = CARTESIAN_POINT ( 'NONE',  ( 15.04062489701894378, 4.169999999999999929, 7.962013372627157359 ) ) ;
#3906 = DIRECTION ( 'NONE',  ( 0.000000000000000000, 1.000000000000000000, 0.000000000000000000 ) ) ;
#3907 = LINE ( 'NONE', #6604, #5752 ) ;
#3908 = ORIENTED_EDGE ( 'NONE', *, *, #5786, .F. ) ;
#3909 = EDGE_CURVE ( 'NONE', #5423, #1829, #4512, .T. ) ;
#3910 = CIRCLE ( 'NONE', #505, 1.500000000000048184 ) ;
#3911 = DIRECTION ( 'NONE',  ( -0.1978415312886384614, 0.000000000000000000, -0.9802340172108734428 ) ) ;
#3912 = CARTESIAN_POINT ( 'NONE',  ( 0.000000000000000000, 4.169999999999999929, 0.000000000000000000 ) ) ;
#3913 = VERTEX_POINT ( 'NONE', #1408 ) ;
#3914 = FACE_OUTER_BOUND ( 'NONE', #4619, .T. ) ;
#3915 = CARTESIAN_POINT ( 'NONE',  ( -13.12827881868112456, 4.169999999999999929, -9.814463748652098474 ) ) ;
#3916 = ORIENTED_EDGE ( 'NONE', *, *, #5272, .F. ) ;
#3917 = EDGE_CURVE ( 'NONE', #5712, #5977, #1437, .T. ) ;
#3918 = CARTESIAN_POINT ( 'NONE',  ( 16.00006059632325162, 4.669999999999969731, 26.45016036690733685 ) ) ;
#3919 = EDGE_LOOP ( 'NONE', ( #2446, #3226, #6002, #4275 ) ) ;
#3920 = CIRCLE ( 'NONE', #5240, 21.18552803699880371 ) ;
#3921 = DIRECTION ( 'NONE',  ( 0.8660254037844450359, 0.000000000000000000, -0.4999999999999888978 ) ) ;
#3922 = CARTESIAN_POINT ( 'NONE',  ( -20.67079483668161544, 4.670000000000001705, -11.22743445466728396 ) ) ;
#3923 = DIRECTION ( 'NONE',  ( -0.9802340172108806593, 0.000000000000000000, 0.1978415312886028510 ) ) ;
#3924 = VERTEX_POINT ( 'NONE', #926 ) ;
#3925 = DIRECTION ( 'NONE',  ( 0.1978415312886053767, -0.000000000000000000, -0.9802340172108799932 ) ) ;
#3926 = LINE ( 'NONE', #2858, #2326 ) ;
#3927 = EDGE_CURVE ( 'NONE', #6209, #107, #5609, .T. ) ;
#3928 = ORIENTED_EDGE ( 'NONE', *, *, #6069, .T. ) ;
#3929 = EDGE_LOOP ( 'NONE', ( #2708, #1682, #1028, #4577, #6307 ) ) ;
#3930 = CIRCLE ( 'NONE', #5582, 23.63500000000000156 ) ;
#3931 = EDGE_CURVE ( 'NONE', #3746, #6005, #1996, .T. ) ;
#3932 = AXIS2_PLACEMENT_3D ( 'NONE', #4467, #4977, #4498 ) ;
#3933 = CARTESIAN_POINT ( 'NONE',  ( 12.24786802263134255, 4.670000000000000817, -20.21392969959588015 ) ) ;
#3934 = CARTESIAN_POINT ( 'NONE',  ( -22.22404897964074877, 4.326913764429927589, 11.69913442877277809 ) ) ;
#3935 = VERTEX_POINT ( 'NONE', #5157 ) ;
#3936 = CARTESIAN_POINT ( 'NONE',  ( -19.51677218609426490, 0.000000000000000000, -12.42271421373352958 ) ) ;
#3937 = ORIENTED_EDGE ( 'NONE', *, *, #2354, .F. ) ;
#3938 = DIRECTION ( 'NONE',  ( -6.921832167980895041E-15, 0.000000000000000000, 1.000000000000000000 ) ) ;
#3939 = DIRECTION ( 'NONE',  ( 0.000000000000000000, -0.000000000000000000, 1.000000000000000000 ) ) ;
#3940 = CARTESIAN_POINT ( 'NONE',  ( -27.24918328139926516, 4.169999999999999929, -14.57762276433443560 ) ) ;
#3941 = DIRECTION ( 'NONE',  ( 0.3187812165858947555, -0.000000000000000000, 0.9478283262025972711 ) ) ;
#3942 = DIRECTION ( 'NONE',  ( -0.8660254037844440367, 0.000000000000000000, -0.4999999999999906186 ) ) ;
#3943 = DIRECTION ( 'NONE',  ( 0.000000000000000000, 1.000000000000000000, 0.000000000000000000 ) ) ;
#3944 = EDGE_LOOP ( 'NONE', ( #2004, #5399, #5743, #6733 ) ) ;
#3945 = CARTESIAN_POINT ( 'NONE',  ( -27.09781831826671450, 4.670000000000000817, 16.70337033729496667 ) ) ;
#3946 = EDGE_CURVE ( 'NONE', #805, #4684, #5450, .T. ) ;
#3947 = CYLINDRICAL_SURFACE ( 'NONE', #3932, 23.13500000000000156 ) ;
#3948 = ORIENTED_EDGE ( 'NONE', *, *, #6159, .T. ) ;
#3949 = CARTESIAN_POINT ( 'NONE',  ( 17.11411476945192689, 0.000000000000000000, -25.65515099297916990 ) ) ;
#3950 = DIRECTION ( 'NONE',  ( -0.000000000000000000, -1.000000000000000000, -0.000000000000000000 ) ) ;
#3951 = VERTEX_POINT ( 'NONE', #3538 ) ;
#3952 = PLANE ( 'NONE',  #1251 ) ;
#3953 = VERTEX_POINT ( 'NONE', #1856 ) ;
#3954 = EDGE_CURVE ( 'NONE', #4375, #3754, #888, .T. ) ;
#3955 = FACE_OUTER_BOUND ( 'NONE', #5597, .T. ) ;
#3956 = LINE ( 'NONE', #855, #210 ) ;
#3957 = DIRECTION ( 'NONE',  ( 0.4999999999999906186, 0.000000000000000000, -0.8660254037844440367 ) ) ;
#3958 = ORIENTED_EDGE ( 'NONE', *, *, #1060, .F. ) ;
#3959 = DIRECTION ( 'NONE',  ( 0.000000000000000000, 0.000000000000000000, 1.000000000000000000 ) ) ;
#3960 = LINE ( 'NONE', #5545, #4965 ) ;
#3961 = VECTOR ( 'NONE', #2064, 999.9999999999998863 ) ;
#3962 = ORIENTED_EDGE ( 'NONE', *, *, #3963, .T. ) ;
#3963 = EDGE_CURVE ( 'NONE', #2316, #5236, #5789, .T. ) ;
#3964 = CARTESIAN_POINT ( 'NONE',  ( -7.802622764334260275, 4.169999999999999929, 15.51453906012021733 ) ) ;
#3965 = CARTESIAN_POINT ( 'NONE',  ( 11.10645329366210454, 4.670000000000000817, -3.735411355654335352 ) ) ;
#3966 = DIRECTION ( 'NONE',  ( -0.000000000000000000, -1.000000000000000000, -0.000000000000000000 ) ) ;
#3967 = ORIENTED_EDGE ( 'NONE', *, *, #5386, .T. ) ;
#3968 = ORIENTED_EDGE ( 'NONE', *, *, #6075, .F. ) ;
#3969 = EDGE_CURVE ( 'NONE', #1316, #6504, #4138, .T. ) ;
#3970 = EDGE_CURVE ( 'NONE', #6340, #528, #3839, .T. ) ;
#3971 = DIRECTION ( 'NONE',  ( 0.4999999999999851785, -0.000000000000000000, 0.8660254037844472563 ) ) ;
#3972 = DIRECTION ( 'NONE',  ( 0.000000000000000000, 0.000000000000000000, 1.000000000000000000 ) ) ;
#3973 = AXIS2_PLACEMENT_3D ( 'NONE', #6736, #3071, #1974 ) ;
#3974 = CARTESIAN_POINT ( 'NONE',  ( -21.58014108603133252, 4.670000000000000817, 11.88194999598057677 ) ) ;
#3975 = DIRECTION ( 'NONE',  ( 0.000000000000000000, 0.000000000000000000, 1.000000000000000000 ) ) ;
#3976 = CARTESIAN_POINT ( 'NONE',  ( 7.029073353183203920, 4.660564863133978442, -14.84499664064232860 ) ) ;
#3977 = CARTESIAN_POINT ( 'NONE',  ( 0.000000000000000000, 4.670000000000000817, 0.000000000000000000 ) ) ;
#3978 = VERTEX_POINT ( 'NONE', #5644 ) ;
#3979 = DIRECTION ( 'NONE',  ( -0.000000000000000000, -1.000000000000000000, -0.000000000000000000 ) ) ;
#3980 = VECTOR ( 'NONE', #4685, 1000.000000000000227 ) ;
#3981 = CARTESIAN_POINT ( 'NONE',  ( 20.71392969959582331, 4.670000000000000817, 11.38184261884700454 ) ) ;
#3982 = EDGE_LOOP ( 'NONE', ( #6542, #2285, #229, #5824 ) ) ;
#3983 = CIRCLE ( 'NONE', #1893, 23.13499999999999446 ) ;
#3984 = B_SPLINE_CURVE_WITH_KNOTS ( 'NONE', 3,
 ( #6055, #6154, #4501, #3495, #3985, #846, #6126, #5531, #3430, #372 ),
 .UNSPECIFIED., .F., .F.,
 ( 4, 2, 2, 2, 4 ),
 ( 0.000000000000000000, 0.0002455034198643808361, 0.0004910068397287616722, 0.0007365102595931424540, 0.0009820136794575233443 ),
 .UNSPECIFIED. ) ;
#3985 = CARTESIAN_POINT ( 'NONE',  ( -9.538661792296238673, 4.594051585209284028, -13.34254371646561665 ) ) ;
#3986 = CARTESIAN_POINT ( 'NONE',  ( 16.98348280056085713, 4.618866039815422653, 26.90684065434801298 ) ) ;
#3987 = EDGE_LOOP ( 'NONE', ( #1365, #762, #4155, #2845 ) ) ;
#3988 = CARTESIAN_POINT ( 'NONE',  ( 14.60087070261883824, 4.670000000000000817, -9.007166899749499578 ) ) ;
#3989 = VERTEX_POINT ( 'NONE', #3994 ) ;
#3990 = DIRECTION ( 'NONE',  ( 0.000000000000000000, 0.000000000000000000, 1.000000000000000000 ) ) ;
#3991 = CARTESIAN_POINT ( 'NONE',  ( -20.51677218609422226, 4.251499517985664944, -10.69066340616474697 ) ) ;
#3992 = CARTESIAN_POINT ( 'NONE',  ( 25.07812044392481354, 0.000000000000000000, 1.690000000000169145 ) ) ;
#3993 = EDGE_LOOP ( 'NONE', ( #3123, #1533, #1596, #4390 ) ) ;
#3994 = CARTESIAN_POINT ( 'NONE',  ( -21.25031422186811270, 4.169999999999999929, 13.42357517473902817 ) ) ;
#3995 = LINE ( 'NONE', #1782, #12 ) ;
#3996 = AXIS2_PLACEMENT_3D ( 'NONE', #4288, #4323, #2122 ) ;
#3997 = EDGE_CURVE ( 'NONE', #6605, #727, #5076, .T. ) ;
#3998 = ORIENTED_EDGE ( 'NONE', *, *, #4350, .T. ) ;
#3999 = AXIS2_PLACEMENT_3D ( 'NONE', #1286, #217, #1252 ) ;
#4000 = VECTOR ( 'NONE', #5274, 1000.000000000000000 ) ;
#4001 = TOROIDAL_SURFACE ( 'NONE', #1911, 24.63500000000000512, 0.5000000000000000000 ) ;
#4002 = CARTESIAN_POINT ( 'NONE',  ( 0.4330127018921966497, 4.670000000000000817, 0.2499999999999847067 ) ) ;
#4003 = CARTESIAN_POINT ( 'NONE',  ( 0.000000000000000000, 0.000000000000000000, 0.000000000000000000 ) ) ;
#4004 = ORIENTED_EDGE ( 'NONE', *, *, #802, .F. ) ;
#4005 = EDGE_CURVE ( 'NONE', #2664, #6816, #6228, .T. ) ;
#4006 = CIRCLE ( 'NONE', #5980, 1.500000000000032641 ) ;
#4007 = EDGE_LOOP ( 'NONE', ( #5506, #1647, #7, #3354 ) ) ;
#4008 = CIRCLE ( 'NONE', #928, 1.000000000000000888 ) ;
#4009 = LINE ( 'NONE', #5555, #5866 ) ;
#4010 = CARTESIAN_POINT ( 'NONE',  ( 15.06371434019467870, 4.253871733960763457, 6.462191090617110056 ) ) ;
#4011 = DIRECTION ( 'NONE',  ( 0.000000000000000000, 1.000000000000000000, 0.000000000000000000 ) ) ;
#4012 = DIRECTION ( 'NONE',  ( 0.000000000000000000, 0.000000000000000000, 1.000000000000000000 ) ) ;
#4013 = FACE_OUTER_BOUND ( 'NONE', #594, .T. ) ;
#4014 = DIRECTION ( 'NONE',  ( 0.000000000000000000, 1.000000000000000000, 0.000000000000000000 ) ) ;
#4015 = ORIENTED_EDGE ( 'NONE', *, *, #1971, .T. ) ;
#4016 = EDGE_CURVE ( 'NONE', #6489, #6816, #2032, .T. ) ;
#4017 = CYLINDRICAL_SURFACE ( 'NONE', #4228, 23.13499999999999446 ) ;
#4018 = DIRECTION ( 'NONE',  ( 0.000000000000000000, 0.000000000000000000, 1.000000000000000000 ) ) ;
#4019 = VERTEX_POINT ( 'NONE', #4197 ) ;
#4020 = AXIS2_PLACEMENT_3D ( 'NONE', #6325, #3562, #1554 ) ;
#4021 = CARTESIAN_POINT ( 'NONE',  ( -28.36571080924039734, 4.359820886459835343, -14.41004754143095745 ) ) ;
#4022 = DIRECTION ( 'NONE',  ( 0.000000000000000000, 0.000000000000000000, -1.000000000000000000 ) ) ;
#4023 = ORIENTED_EDGE ( 'NONE', *, *, #4844, .F. ) ;
#4024 = ADVANCED_FACE ( 'NONE', ( #483 ), #4715, .F. ) ;
#4025 = CARTESIAN_POINT ( 'NONE',  ( 15.88930831464778493, 4.670000000000000817, 26.52108929809684668 ) ) ;
#4026 = ORIENTED_EDGE ( 'NONE', *, *, #3296, .F. ) ;
#4027 = AXIS2_PLACEMENT_3D ( 'NONE', #3062, #3439, #417 ) ;
#4028 = CARTESIAN_POINT ( 'NONE',  ( 27.08153912195973589, 4.670000000000013252, 14.90648051375244521 ) ) ;
#4029 = PLANE ( 'NONE',  #4620 ) ;
#4030 = DIRECTION ( 'NONE',  ( -0.4999999999999899525, 0.000000000000000000, 0.8660254037844445918 ) ) ;
#4031 = ORIENTED_EDGE ( 'NONE', *, *, #1845, .F. ) ;
#4032 = CARTESIAN_POINT ( 'NONE',  ( -16.71611508416008007, 4.670000000000000817, 27.10138619186879438 ) ) ;
#4033 = CARTESIAN_POINT ( 'NONE',  ( -12.42271421373345142, 2.669999999999999929, 19.51677218609431463 ) ) ;
#4034 = ORIENTED_EDGE ( 'NONE', *, *, #50, .F. ) ;
#4035 = EDGE_CURVE ( 'NONE', #1949, #107, #5715, .T. ) ;
#4036 = B_SPLINE_CURVE_WITH_KNOTS ( 'NONE', 3,
 ( #5382, #191, #261, #1731, #4495, #1324, #5010, #5043 ),
 .UNSPECIFIED., .F., .F.,
 ( 4, 2, 2, 4 ),
 ( -4.472608283822307888E-06, 0.0004676253585635921708, 0.0007036743419872945474, 0.0009397233254109969239 ),
 .UNSPECIFIED. ) ;
#4037 = DIRECTION ( 'NONE',  ( 0.000000000000000000, 0.000000000000000000, -1.000000000000000000 ) ) ;
#4038 = ORIENTED_EDGE ( 'NONE', *, *, #4526, .T. ) ;
#4039 = ORIENTED_EDGE ( 'NONE', *, *, #6679, .F. ) ;
#4040 = LINE ( 'NONE', #6672, #2344 ) ;
#4041 = CARTESIAN_POINT ( 'NONE',  ( 15.51453906012023332, 4.670000000000000817, -7.802622764334209648 ) ) ;
#4042 = ADVANCED_FACE ( 'NONE', ( #3609 ), #2051, .T. ) ;
#4043 = CIRCLE ( 'NONE', #2721, 1.000000000000084155 ) ;
#4044 = DIRECTION ( 'NONE',  ( 0.000000000000000000, 0.000000000000000000, 1.000000000000000000 ) ) ;
#4045 = DIRECTION ( 'NONE',  ( 0.000000000000000000, 1.000000000000000000, 0.000000000000000000 ) ) ;
#4046 = DIRECTION ( 'NONE',  ( -0.000000000000000000, -1.000000000000000000, -0.000000000000000000 ) ) ;
#4047 = FACE_OUTER_BOUND ( 'NONE', #6413, .T. ) ;
#4048 = VERTEX_POINT ( 'NONE', #6793 ) ;
#4049 = EDGE_CURVE ( 'NONE', #4532, #4064, #1124, .T. ) ;
#4050 = DIRECTION ( 'NONE',  ( 0.000000000000000000, 0.000000000000000000, 1.000000000000000000 ) ) ;
#4051 = CARTESIAN_POINT ( 'NONE',  ( -27.64883365011735350, 0.000000000000000000, -13.66095511311972466 ) ) ;
#4052 = CARTESIAN_POINT ( 'NONE',  ( -4.259940106989818176, 4.670000000000000817, -7.378432702499878815 ) ) ;
#4053 = CARTESIAN_POINT ( 'NONE',  ( -17.25488210192938610, 4.463240959384922490, 26.73761833482786088 ) ) ;
#4054 = VERTEX_POINT ( 'NONE', #3227 ) ;
#4055 = FACE_OUTER_BOUND ( 'NONE', #2834, .T. ) ;
#4056 = ORIENTED_EDGE ( 'NONE', *, *, #224, .T. ) ;
#4057 = EDGE_CURVE ( 'NONE', #5656, #1316, #4906, .T. ) ;
#4058 = DIRECTION ( 'NONE',  ( -0.9802340172108782168, 0.000000000000000000, -0.1978415312886145916 ) ) ;
#4059 = FACE_OUTER_BOUND ( 'NONE', #383, .T. ) ;
#4060 = CARTESIAN_POINT ( 'NONE',  ( 0.7047147867036782642, 0.000000000000000000, 1.220601815415767843 ) ) ;
#4061 = EDGE_LOOP ( 'NONE', ( #5648, #4510, #4894, #4304, #1632, #192, #3337, #3775, #865, #3615, #1825, #2993, #997, #5986, #2512, #857, #4265, #1331, #1440, #529, #1757, #3579, #2796, #3583, #2013, #4436, #747, #742 ) ) ;
#4062 = CARTESIAN_POINT ( 'NONE',  ( 6.840265628005349541, 4.633433839433886092, 14.90108317639360358 ) ) ;
#4063 = CARTESIAN_POINT ( 'NONE',  ( -13.49690041550551101, 4.660558602901121006, 9.344342569907915674 ) ) ;
#4064 = VERTEX_POINT ( 'NONE', #4235 ) ;
#4065 = VECTOR ( 'NONE', #3966, 1000.000000000000000 ) ;
#4066 = ORIENTED_EDGE ( 'NONE', *, *, #2767, .T. ) ;
#4067 = VECTOR ( 'NONE', #5185, 1000.000000000000000 ) ;
#4068 = CARTESIAN_POINT ( 'NONE',  ( -11.38184261884701165, 4.670000000000000817, -20.71392969959581976 ) ) ;
#4069 = ORIENTED_EDGE ( 'NONE', *, *, #3874, .T. ) ;
#4070 = ORIENTED_EDGE ( 'NONE', *, *, #3540, .T. ) ;
#4071 = DIRECTION ( 'NONE',  ( -0.000000000000000000, -1.000000000000000000, -0.000000000000000000 ) ) ;
#4072 = CARTESIAN_POINT ( 'NONE',  ( -26.59578445530218715, 4.216365035214941770, -17.45353882510828569 ) ) ;
#4073 = LINE ( 'NONE', #462, #1141 ) ;
#4074 = CARTESIAN_POINT ( 'NONE',  ( -20.51677218609435016, 2.669999999999999929, 10.69066340616452848 ) ) ;
#4075 = ORIENTED_EDGE ( 'NONE', *, *, #5106, .F. ) ;
#4076 = SURFACE_STYLE_FILL_AREA ( #6251 ) ;
#4077 = EDGE_CURVE ( 'NONE', #35, #5816, #3672, .T. ) ;
#4078 =( BOUNDED_CURVE ( )  B_SPLINE_CURVE ( 3, ( #5024, #4544, #3571, #3638 ),
 .UNSPECIFIED., .F., .T. ) 
 B_SPLINE_CURVE_WITH_KNOTS ( ( 4, 4 ),
 ( 1.570796326794893671, 3.141592653589793116 ),
 .UNSPECIFIED. ) 
 CURVE ( )  GEOMETRIC_REPRESENTATION_ITEM ( )  RATIONAL_B_SPLINE_CURVE ( ( 1.000000000000000000, 0.8047378541243643824, 0.8047378541243643824, 1.000000000000000000 ) ) 
 REPRESENTATION_ITEM ( '' )  );
#4079 = DIRECTION ( 'NONE',  ( -0.5000000000000350830, 0.000000000000000000, -0.8660254037844185016 ) ) ;
#4080 = CARTESIAN_POINT ( 'NONE',  ( 11.69152436717008925, 4.670000000000000817, -22.25031422186815178 ) ) ;
#4081 = DIRECTION ( 'NONE',  ( 0.000000000000000000, 1.000000000000000000, 0.000000000000000000 ) ) ;
#4082 = DIRECTION ( 'NONE',  ( 0.000000000000000000, 0.000000000000000000, 1.000000000000000000 ) ) ;
#4083 = ORIENTED_EDGE ( 'NONE', *, *, #6760, .T. ) ;
#4084 = CARTESIAN_POINT ( 'NONE',  ( 26.59578445530213386, 4.670000000000000817, 17.45353882510844912 ) ) ;
#4085 = EDGE_CURVE ( 'NONE', #2826, #6489, #3742, .T. ) ;
#4086 = ORIENTED_EDGE ( 'NONE', *, *, #3782, .T. ) ;
#4087 = VECTOR ( 'NONE', #2381, 1000.000000000000227 ) ;
#4088 = CARTESIAN_POINT ( 'NONE',  ( 28.40769462039108362, 4.216698786067318849, -14.31509860812453816 ) ) ;
#4089 = CARTESIAN_POINT ( 'NONE',  ( -4.121320747478347535, 4.670000000000000817, 2.379445642973405217 ) ) ;
#4090 = DIRECTION ( 'NONE',  ( 0.1978415312886053767, 0.000000000000000000, -0.9802340172108799932 ) ) ;
#4091 = EDGE_LOOP ( 'NONE', ( #4239, #5471, #1874, #5262 ) ) ;
#4092 = CARTESIAN_POINT ( 'NONE',  ( -11.69152436717010168, 4.169999999999999929, -22.25031422186815178 ) ) ;
#4093 = CARTESIAN_POINT ( 'NONE',  ( -15.02328291086336698, 4.670000000000000817, -27.02108929809683602 ) ) ;
#4094 = CARTESIAN_POINT ( 'NONE',  ( -13.05436989839725115, 4.633723619367148494, 21.15831712486992444 ) ) ;
#4095 = B_SPLINE_CURVE_WITH_KNOTS ( 'NONE', 3,
 ( #2572, #4231, #1055, #546, #3129, #4649, #6755, #1021, #6264, #2097 ),
 .UNSPECIFIED., .F., .F.,
 ( 4, 2, 2, 2, 4 ),
 ( 0.000000000000000000, 0.0001371340820511235100, 0.0002742681641022470199, 0.0005485363282044991356, 0.001097072656409000656 ),
 .UNSPECIFIED. ) ;
#4096 = EDGE_CURVE ( 'NONE', #4245, #2109, #1688, .T. ) ;
#4097 = VERTEX_POINT ( 'NONE', #1057 ) ;
#4098 = ADVANCED_FACE ( 'NONE', ( #5322 ), #6266, .F. ) ;
#4099 = VECTOR ( 'NONE', #1847, 1000.000000000000000 ) ;
#4100 = CIRCLE ( 'NONE', #1349, 25.13500000000000512 ) ;
#4101 = VECTOR ( 'NONE', #4209, 1000.000000000000000 ) ;
#4102 = CARTESIAN_POINT ( 'NONE',  ( 26.99872179132647787, 4.670000000000001705, 16.85638507389530005 ) ) ;
#4103 = ORIENTED_EDGE ( 'NONE', *, *, #302, .T. ) ;
#4104 = EDGE_CURVE ( 'NONE', #2649, #4785, #4777, .T. ) ;
#4105 = EDGE_LOOP ( 'NONE', ( #1924, #2489, #149, #5440 ) ) ;
#4106 = VECTOR ( 'NONE', #1145, 999.9999999999998863 ) ;
#4107 = TOROIDAL_SURFACE ( 'NONE', #4555, 1.500000000000085487, 0.5000000000000000000 ) ;
#4108 = DIRECTION ( 'NONE',  ( -0.000000000000000000, -1.000000000000000000, -0.000000000000000000 ) ) ;
#4109 = DIRECTION ( 'NONE',  ( 0.000000000000000000, 0.000000000000000000, 1.000000000000000000 ) ) ;
#4110 = CARTESIAN_POINT ( 'NONE',  ( -17.11411476945210453, 4.169999999999999929, 25.65515099297905266 ) ) ;
#4111 = CARTESIAN_POINT ( 'NONE',  ( -22.25031422186820507, 4.169999999999999929, 11.69152436717002352 ) ) ;
#4112 = FACE_OUTER_BOUND ( 'NONE', #3312, .T. ) ;
#4113 = ORIENTED_EDGE ( 'NONE', *, *, #6125, .F. ) ;
#4114 = AXIS2_PLACEMENT_3D ( 'NONE', #4253, #4215, #6463 ) ;
#4115 = CARTESIAN_POINT ( 'NONE',  ( -2.318265519250010342, 4.670000000000000817, -11.48617637608427344 ) ) ;
#4116 = CARTESIAN_POINT ( 'NONE',  ( -17.11411476945176346, 4.169999999999999929, -26.65515099297929780 ) ) ;
#4117 = VERTEX_POINT ( 'NONE', #5259 ) ;
#4118 = EDGE_CURVE ( 'NONE', #892, #657, #1571, .T. ) ;
#4119 = CARTESIAN_POINT ( 'NONE',  ( -27.64883365011752758, 0.000000000000000000, 13.66095511311933741 ) ) ;
#4120 = CARTESIAN_POINT ( 'NONE',  ( 27.07182525767015591, 4.670000000000000817, -16.62112995451137110 ) ) ;
#4121 = ORIENTED_EDGE ( 'NONE', *, *, #2753, .T. ) ;
#4122 = VECTOR ( 'NONE', #1771, 1000.000000000000114 ) ;
#4123 = FACE_OUTER_BOUND ( 'NONE', #1173, .T. ) ;
#4124 = VERTEX_POINT ( 'NONE', #2539 ) ;
#4125 = DIRECTION ( 'NONE',  ( 0.3187812165858939784, -0.000000000000000000, -0.9478283262025973821 ) ) ;
#4126 = DIRECTION ( 'NONE',  ( 0.000000000000000000, 0.000000000000000000, 1.000000000000000000 ) ) ;
#4127 = AXIS2_PLACEMENT_3D ( 'NONE', #765, #5558, #4044 ) ;
#4128 = DIRECTION ( 'NONE',  ( 0.000000000000000000, 0.000000000000000000, -1.000000000000000000 ) ) ;
#4129 = EDGE_LOOP ( 'NONE', ( #4172, #3036, #6695, #2216 ) ) ;
#4130 = EDGE_CURVE ( 'NONE', #5860, #1397, #2638, .T. ) ;
#4131 = DIRECTION ( 'NONE',  ( -0.000000000000000000, -1.000000000000000000, -0.000000000000000000 ) ) ;
#4132 = CARTESIAN_POINT ( 'NONE',  ( -12.42271421373343188, 0.000000000000000000, -19.51677218609432884 ) ) ;
#4133 = LINE ( 'NONE', #5747, #3341 ) ;
#4134 = ORIENTED_EDGE ( 'NONE', *, *, #5202, .F. ) ;
#4135 = VECTOR ( 'NONE', #1098, 1000.000000000000114 ) ;
#4136 = DIRECTION ( 'NONE',  ( 0.000000000000000000, 0.000000000000000000, 1.000000000000000000 ) ) ;
#4137 = EDGE_CURVE ( 'NONE', #2647, #4019, #5987, .T. ) ;
#4138 = CIRCLE ( 'NONE', #4249, 1.500000000000084599 ) ;
#4139 = ORIENTED_EDGE ( 'NONE', *, *, #1693, .T. ) ;
#4140 = ORIENTED_EDGE ( 'NONE', *, *, #1673, .T. ) ;
#4141 = DIRECTION ( 'NONE',  ( -0.000000000000000000, -1.000000000000000000, -0.000000000000000000 ) ) ;
#4142 = DIRECTION ( 'NONE',  ( -0.000000000000000000, -1.000000000000000000, -0.000000000000000000 ) ) ;
#4143 = EDGE_CURVE ( 'NONE', #3953, #198, #3157, .T. ) ;
#4144 = CARTESIAN_POINT ( 'NONE',  ( 15.06371434019467692, 0.000000000000000000, 6.462191090617110056 ) ) ;
#4145 = VECTOR ( 'NONE', #3168, 1000.000000000000114 ) ;
#4146 = DIRECTION ( 'NONE',  ( -0.000000000000000000, -1.000000000000000000, -0.000000000000000000 ) ) ;
#4147 = DIRECTION ( 'NONE',  ( 0.1978415312886096233, -0.000000000000000000, 0.9802340172108792160 ) ) ;
#4148 = VERTEX_POINT ( 'NONE', #2169 ) ;
#4149 = CARTESIAN_POINT ( 'NONE',  ( -25.65515099297923740, 0.000000000000000000, 17.11411476945184873 ) ) ;
#4150 = AXIS2_PLACEMENT_3D ( 'NONE', #2338, #4374, #6451 ) ;
#4151 = DIRECTION ( 'NONE',  ( 0.1978415312886091793, 0.000000000000000000, -0.9802340172108793270 ) ) ;
#4152 = CARTESIAN_POINT ( 'NONE',  ( -21.08014108603121883, 4.670000000000000817, -12.74797539976519900 ) ) ;
#4153 = CARTESIAN_POINT ( 'NONE',  ( 21.50031422186811270, 4.670000000000000817, -12.99056247284679344 ) ) ;
#4154 = LINE ( 'NONE', #1492, #473 ) ;
#4155 = ORIENTED_EDGE ( 'NONE', *, *, #4719, .T. ) ;
#4156 = VECTOR ( 'NONE', #3460, 1000.000000000000000 ) ;
#4157 = LINE ( 'NONE', #6225, #5872 ) ;
#4158 = EDGE_LOOP ( 'NONE', ( #2555, #2349, #5082, #3652 ) ) ;
#4159 = CARTESIAN_POINT ( 'NONE',  ( -7.003358473776136961, 4.670000000000000817, -14.83834026519626015 ) ) ;
#4160 = DIRECTION ( 'NONE',  ( 0.000000000000000000, 1.000000000000000000, 0.000000000000000000 ) ) ;
#4161 = CARTESIAN_POINT ( 'NONE',  ( -15.11789568002105000, 4.670000000000000817, -28.00565879569467498 ) ) ;
#4162 = ORIENTED_EDGE ( 'NONE', *, *, #5292, .T. ) ;
#4163 = CARTESIAN_POINT ( 'NONE',  ( -26.24918328139936818, 4.302146110896752695, -16.30967357190309741 ) ) ;
#4164 = CARTESIAN_POINT ( 'NONE',  ( -13.15108374726994001, 4.335245730191942037, 9.786939640701724841 ) ) ;
#4165 = DIRECTION ( 'NONE',  ( -0.000000000000000000, -1.000000000000000000, -0.000000000000000000 ) ) ;
#4166 = ORIENTED_EDGE ( 'NONE', *, *, #1396, .F. ) ;
#4167 = ADVANCED_FACE ( 'NONE', ( #3776 ), #4848, .T. ) ;
#4168 = CARTESIAN_POINT ( 'NONE',  ( -25.65515099297898871, 0.000000000000000000, -17.11411476945219334 ) ) ;
#4169 = CARTESIAN_POINT ( 'NONE',  ( 9.814463748651954589, 4.670000000000000817, -13.12827881868123114 ) ) ;
#4170 = ORIENTED_EDGE ( 'NONE', *, *, #2752, .T. ) ;
#4171 = CIRCLE ( 'NONE', #1415, 23.13499999999999446 ) ;
#4172 = ORIENTED_EDGE ( 'NONE', *, *, #6414, .T. ) ;
#4173 = ADVANCED_FACE ( 'NONE', ( #3367 ), #4944, .F. ) ;
#4174 = CARTESIAN_POINT ( 'NONE',  ( 27.64883365011742811, 4.670000000000000817, -13.66095511311952748 ) ) ;
#4175 = CARTESIAN_POINT ( 'NONE',  ( -6.491588064369856248, 4.331593047874041424, 15.05120501634637975 ) ) ;
#4176 = VECTOR ( 'NONE', #212, 1000.000000000000000 ) ;
#4177 = DIRECTION ( 'NONE',  ( 0.000000000000000000, 0.000000000000000000, 1.000000000000000000 ) ) ;
#4178 = CARTESIAN_POINT ( 'NONE',  ( 28.09730437028810357, 4.669999999999999929, 14.95360558704495269 ) ) ;
#4179 = ORIENTED_EDGE ( 'NONE', *, *, #5023, .T. ) ;
#4180 = CARTESIAN_POINT ( 'NONE',  ( 20.51677218609434306, 4.169999999999999929, 10.69066340616454802 ) ) ;
#4181 = AXIS2_PLACEMENT_3D ( 'NONE', #5809, #4845, #2165 ) ;
#4182 = EDGE_CURVE ( 'NONE', #3877, #4191, #4296, .T. ) ;
#4183 = EDGE_CURVE ( 'NONE', #4124, #3889, #5887, .T. ) ;
#4184 = VECTOR ( 'NONE', #2526, 1000.000000000000000 ) ;
#4185 = DIRECTION ( 'NONE',  ( -0.8660254037845012132, 0.000000000000000000, 0.4999999999998913647 ) ) ;
#4186 = CARTESIAN_POINT ( 'NONE',  ( 9.534673571902946065, 4.169999999999999929, -14.51453906012031503 ) ) ;
#4187 = CARTESIAN_POINT ( 'NONE',  ( -14.57762276433433968, 4.169999999999999929, 27.24918328139931845 ) ) ;
#4188 = DIRECTION ( 'NONE',  ( 0.000000000000000000, 1.000000000000000000, 0.000000000000000000 ) ) ;
#4189 = VERTEX_POINT ( 'NONE', #5984 ) ;
#4190 = CARTESIAN_POINT ( 'NONE',  ( 11.38184261884700632, 4.670000000000000817, -20.71392969959582331 ) ) ;
#4191 = VERTEX_POINT ( 'NONE', #5424 ) ;
#4192 = CIRCLE ( 'NONE', #5172, 1.500000000000001332 ) ;
#4193 = CARTESIAN_POINT ( 'NONE',  ( 19.63782088549207572, 4.460165735794749509, 12.39296186723045068 ) ) ;
#4194 = DIRECTION ( 'NONE',  ( -0.000000000000000000, -1.000000000000000000, -0.000000000000000000 ) ) ;
#4195 = CARTESIAN_POINT ( 'NONE',  ( 21.20756579381230011, 4.510106162464411206, 13.25109542725272682 ) ) ;
#4196 = ORIENTED_EDGE ( 'NONE', *, *, #4526, .F. ) ;
#4197 = CARTESIAN_POINT ( 'NONE',  ( -14.30585555931274300, 0.000000000000000000, -28.41310023613296565 ) ) ;
#4198 = CARTESIAN_POINT ( 'NONE',  ( 20.51677218609433595, 4.302115208749006214, -10.69066340616453914 ) ) ;
#4199 = DIRECTION ( 'NONE',  ( -0.000000000000000000, -1.000000000000000000, -0.000000000000000000 ) ) ;
#4200 = VERTEX_POINT ( 'NONE', #6404 ) ;
#4201 = CIRCLE ( 'NONE', #5291, 1.000000000000000888 ) ;
#4202 = DIRECTION ( 'NONE',  ( 0.8660254037844387076, 0.000000000000000000, -0.4999999999999998335 ) ) ;
#4203 = DIRECTION ( 'NONE',  ( -0.000000000000000000, -1.000000000000000000, -0.000000000000000000 ) ) ;
#4204 = ADVANCED_FACE ( 'NONE', ( #4883 ), #2690, .T. ) ;
#4205 = ORIENTED_EDGE ( 'NONE', *, *, #6038, .T. ) ;
#4206 = TOROIDAL_SURFACE ( 'NONE', #2549, 23.63500000000000156, 0.5000000000000000000 ) ;
#4207 = ORIENTED_EDGE ( 'NONE', *, *, #6538, .T. ) ;
#4208 = ORIENTED_EDGE ( 'NONE', *, *, #2362, .T. ) ;
#4209 = DIRECTION ( 'NONE',  ( -0.000000000000000000, -1.000000000000000000, -0.000000000000000000 ) ) ;
#4210 = CARTESIAN_POINT ( 'NONE',  ( 9.814463748651968800, 0.000000000000000000, 13.12827881868123470 ) ) ;
#4211 = EDGE_CURVE ( 'NONE', #4948, #660, #5217, .T. ) ;
#4212 = LINE ( 'NONE', #6248, #3338 ) ;
#4213 = CARTESIAN_POINT ( 'NONE',  ( -17.11411476945210453, 4.169999999999999929, 27.15515099297912371 ) ) ;
#4214 = CIRCLE ( 'NONE', #3660, 25.13500000000000867 ) ;
#4215 = DIRECTION ( 'NONE',  ( 0.000000000000000000, 1.000000000000000000, 0.000000000000000000 ) ) ;
#4216 = VECTOR ( 'NONE', #539, 1000.000000000000227 ) ;
#4217 = AXIS2_PLACEMENT_3D ( 'NONE', #293, #4262, #2355 ) ;
#4218 = VECTOR ( 'NONE', #6395, 1000.000000000000000 ) ;
#4219 = DIRECTION ( 'NONE',  ( -0.000000000000000000, -1.000000000000000000, -0.000000000000000000 ) ) ;
#4220 = CARTESIAN_POINT ( 'NONE',  ( 0.000000000000000000, 0.000000000000000000, 0.000000000000000000 ) ) ;
#4221 = ADVANCED_FACE ( 'NONE', ( #3914 ), #680, .F. ) ;
#4222 = VECTOR ( 'NONE', #4679, 1000.000000000000000 ) ;
#4223 = CARTESIAN_POINT ( 'NONE',  ( -27.64883365011735350, 4.670000000000000817, -13.66095511311972466 ) ) ;
#4224 = DIRECTION ( 'NONE',  ( 0.000000000000000000, 0.000000000000000000, -1.000000000000000000 ) ) ;
#4225 = ORIENTED_EDGE ( 'NONE', *, *, #3508, .F. ) ;
#4226 = CARTESIAN_POINT ( 'NONE',  ( 15.51453906012023332, 4.169999999999999929, -7.802622764334209648 ) ) ;
#4227 = ORIENTED_EDGE ( 'NONE', *, *, #3477, .T. ) ;
#4228 = AXIS2_PLACEMENT_3D ( 'NONE', #193, #2325, #2293 ) ;
#4229 = CARTESIAN_POINT ( 'NONE',  ( 0.000000000000000000, 4.169999999999999929, 0.000000000000000000 ) ) ;
#4230 = DIRECTION ( 'NONE',  ( -0.8660254037844402619, 0.000000000000000000, 0.4999999999999973355 ) ) ;
#4231 = CARTESIAN_POINT ( 'NONE',  ( -26.59578445530160806, 4.216481964754176914, 17.45353882511001231 ) ) ;
#4232 = ORIENTED_EDGE ( 'NONE', *, *, #4422, .F. ) ;
#4233 = ADVANCED_FACE ( 'NONE', ( #5458 ), #1228, .F. ) ;
#4234 = VECTOR ( 'NONE', #2465, 1000.000000000000000 ) ;
#4235 = CARTESIAN_POINT ( 'NONE',  ( 14.57762276433414961, 4.169999999999999929, -27.24918328139941792 ) ) ;
#4236 = CARTESIAN_POINT ( 'NONE',  ( -9.218331398995744053, 4.670000000000000817, 13.55462614496579832 ) ) ;
#4237 = AXIS2_PLACEMENT_3D ( 'NONE', #6357, #6323, #1726 ) ;
#4238 = CARTESIAN_POINT ( 'NONE',  ( -7.802622764334155470, 4.169999999999999929, -15.51453906012026529 ) ) ;
#4239 = ORIENTED_EDGE ( 'NONE', *, *, #2557, .T. ) ;
#4240 = CIRCLE ( 'NONE', #5439, 1.500000000000001332 ) ;
#4241 = CARTESIAN_POINT ( 'NONE',  ( -9.007166899749522671, 4.670000000000000817, 14.60087070261881870 ) ) ;
#4242 = ORIENTED_EDGE ( 'NONE', *, *, #5613, .F. ) ;
#4243 = CARTESIAN_POINT ( 'NONE',  ( 9.476470909657470187, 4.633726839861759039, -13.40657629762435832 ) ) ;
#4244 = CIRCLE ( 'NONE', #1935, 17.73985401647557225 ) ;
#4245 = VERTEX_POINT ( 'NONE', #648 ) ;
#4246 = ORIENTED_EDGE ( 'NONE', *, *, #608, .T. ) ;
#4247 = VERTEX_POINT ( 'NONE', #3814 ) ;
#4248 = EDGE_CURVE ( 'NONE', #2006, #587, #1194, .T. ) ;
#4249 = AXIS2_PLACEMENT_3D ( 'NONE', #1962, #2410, #3959 ) ;
#4250 = CARTESIAN_POINT ( 'NONE',  ( 14.60087070261883113, 4.670000000000000817, 9.007166899749492472 ) ) ;
#4251 = DIRECTION ( 'NONE',  ( 0.1978415312886053767, 0.000000000000000000, -0.9802340172108799932 ) ) ;
#4252 = FACE_OUTER_BOUND ( 'NONE', #410, .T. ) ;
#4253 = CARTESIAN_POINT ( 'NONE',  ( 0.000000000000000000, 0.000000000000000000, 0.000000000000000000 ) ) ;
#4254 = EDGE_CURVE ( 'NONE', #1858, #2765, #3409, .T. ) ;
#4255 = DIRECTION ( 'NONE',  ( -0.000000000000000000, -1.000000000000000000, -0.000000000000000000 ) ) ;
#4256 = CARTESIAN_POINT ( 'NONE',  ( 8.141141495965088737, 4.670000000000000817, -15.10087070261882225 ) ) ;
#4257 = FACE_OUTER_BOUND ( 'NONE', #3045, .T. ) ;
#4258 = LINE ( 'NONE', #1624, #1671 ) ;
#4259 = ORIENTED_EDGE ( 'NONE', *, *, #100, .F. ) ;
#4260 = CARTESIAN_POINT ( 'NONE',  ( 27.08153912195943391, 4.669999999999990159, -14.90648051375226224 ) ) ;
#4261 = ADVANCED_FACE ( 'NONE', ( #2231 ), #6444, .T. ) ;
#4262 = DIRECTION ( 'NONE',  ( 0.1978415312886077637, -0.000000000000000000, 0.9802340172108796601 ) ) ;
#4263 = LINE ( 'NONE', #5884, #5497 ) ;
#4264 = DIRECTION ( 'NONE',  ( 0.4999999999999803491, 0.000000000000000000, 0.8660254037844500319 ) ) ;
#4265 = ORIENTED_EDGE ( 'NONE', *, *, #1932, .F. ) ;
#4266 = VECTOR ( 'NONE', #5233, 1000.000000000000000 ) ;
#4267 = CARTESIAN_POINT ( 'NONE',  ( -9.534673571902855471, 4.169999999999999929, -14.51453906012038431 ) ) ;
#4268 = CARTESIAN_POINT ( 'NONE',  ( -9.709857663197258404, 4.461355451119801252, 13.20616994825918944 ) ) ;
#4269 = ORIENTED_EDGE ( 'NONE', *, *, #1302, .F. ) ;
#4270 = ORIENTED_EDGE ( 'NONE', *, *, #853, .F. ) ;
#4271 = EDGE_CURVE ( 'NONE', #4454, #3237, #6772, .T. ) ;
#4272 = EDGE_CURVE ( 'NONE', #4474, #3507, #388, .T. ) ;
#4273 = CARTESIAN_POINT ( 'NONE',  ( 19.51677218609430042, 0.5000000000000004441, -12.42271421373347096 ) ) ;
#4274 = DIRECTION ( 'NONE',  ( 0.4999999999999933942, 0.000000000000000000, -0.8660254037844425934 ) ) ;
#4275 = ORIENTED_EDGE ( 'NONE', *, *, #711, .T. ) ;
#4276 = CARTESIAN_POINT ( 'NONE',  ( 0.000000000000000000, 4.169999999999999929, -25.13500000000000512 ) ) ;
#4277 = CARTESIAN_POINT ( 'NONE',  ( 15.02328291086361745, 4.670000000000000817, 27.02108929809701365 ) ) ;
#4278 = ORIENTED_EDGE ( 'NONE', *, *, #1432, .F. ) ;
#4279 = ORIENTED_EDGE ( 'NONE', *, *, #1644, .T. ) ;
#4280 = ORIENTED_EDGE ( 'NONE', *, *, #3954, .F. ) ;
#4281 = DIRECTION ( 'NONE',  ( 0.000000000000000000, 0.000000000000000000, 1.000000000000000000 ) ) ;
#4282 = DIRECTION ( 'NONE',  ( 0.000000000000000000, 0.000000000000000000, 1.000000000000000000 ) ) ;
#4283 = PLANE ( 'NONE',  #5996 ) ;
#4284 = VECTOR ( 'NONE', #1211, 1000.000000000000114 ) ;
#4285 = DIRECTION ( 'NONE',  ( 0.000000000000000000, -0.000000000000000000, 1.000000000000000000 ) ) ;
#4286 = CARTESIAN_POINT ( 'NONE',  ( -14.30585555931143382, 4.169999999999999929, 28.41310023613409186 ) ) ;
#4287 = CARTESIAN_POINT ( 'NONE',  ( 9.814463748651954589, 4.169999999999999929, -13.12827881868122937 ) ) ;
#4288 = CARTESIAN_POINT ( 'NONE',  ( 17.11411476945192689, 4.169999999999999929, -25.65515099297916990 ) ) ;
#4289 = ORIENTED_EDGE ( 'NONE', *, *, #3199, .F. ) ;
#4290 = B_SPLINE_CURVE_WITH_KNOTS ( 'NONE', 3,
 ( #6303, #963, #520, #1537, #451, #4094, #4717, #3064 ),
 .UNSPECIFIED., .F., .F.,
 ( 4, 2, 2, 4 ),
 ( 0.000000000000000000, 0.0002357216731230805105, 0.0004714433462461610209, 0.0009428866924923276797 ),
 .UNSPECIFIED. ) ;
#4291 = EDGE_CURVE ( 'NONE', #3233, #3872, #3879, .T. ) ;
#4292 = CARTESIAN_POINT ( 'NONE',  ( -12.42271421373342832, 4.169999999999999929, -19.51677218609433240 ) ) ;
#4293 = CARTESIAN_POINT ( 'NONE',  ( 17.11411476945192689, 4.670000000000000817, -25.65515099297916990 ) ) ;
#4294 = DIRECTION ( 'NONE',  ( 0.000000000000000000, 0.000000000000000000, -1.000000000000000000 ) ) ;
#4295 = EDGE_LOOP ( 'NONE', ( #1839, #1132, #6583, #1910 ) ) ;
#4296 = LINE ( 'NONE', #5948, #3894 ) ;
#4297 = DIRECTION ( 'NONE',  ( -0.4999999999999967804, 0.000000000000000000, 0.8660254037844405950 ) ) ;
#4298 = ORIENTED_EDGE ( 'NONE', *, *, #4590, .T. ) ;
#4299 = ADVANCED_FACE ( 'NONE', ( #3016 ), #408, .T. ) ;
#4300 = AXIS2_PLACEMENT_3D ( 'NONE', #2320, #5482, #3359 ) ;
#4301 = ORIENTED_EDGE ( 'NONE', *, *, #787, .T. ) ;
#4302 = CARTESIAN_POINT ( 'NONE',  ( -12.42271421373346207, 2.669999999999999929, 19.51677218609431108 ) ) ;
#4303 = DIRECTION ( 'NONE',  ( 0.4999999999999996669, -0.000000000000000000, 0.8660254037844388186 ) ) ;
#4304 = ORIENTED_EDGE ( 'NONE', *, *, #2822, .F. ) ;
#4305 =( BOUNDED_CURVE ( )  B_SPLINE_CURVE ( 3, ( #5176, #3701, #5769, #3052 ),
 .UNSPECIFIED., .F., .T. ) 
 B_SPLINE_CURVE_WITH_KNOTS ( ( 4, 4 ),
 ( 3.141592653589793116, 4.712388980384686121 ),
 .UNSPECIFIED. ) 
 CURVE ( )  GEOMETRIC_REPRESENTATION_ITEM ( )  RATIONAL_B_SPLINE_CURVE ( ( 1.000000000000000000, 0.8047378541243658256, 0.8047378541243658256, 1.000000000000000000 ) ) 
 REPRESENTATION_ITEM ( '' )  );
#4306 = DIRECTION ( 'NONE',  ( 0.000000000000000000, 1.000000000000000000, 0.000000000000000000 ) ) ;
#4307 = FACE_OUTER_BOUND ( 'NONE', #3061, .T. ) ;
#4308 = EDGE_CURVE ( 'NONE', #3512, #5989, #3984, .T. ) ;
#4309 = EDGE_CURVE ( 'NONE', #99, #5617, #1918, .T. ) ;
#4310 = VERTEX_POINT ( 'NONE', #815 ) ;
#4311 = ORIENTED_EDGE ( 'NONE', *, *, #3072, .F. ) ;
#4312 = ORIENTED_EDGE ( 'NONE', *, *, #5719, .F. ) ;
#4313 = FACE_OUTER_BOUND ( 'NONE', #416, .T. ) ;
#4314 = AXIS2_PLACEMENT_3D ( 'NONE', #64, #6371, #1634 ) ;
#4315 = ADVANCED_FACE ( 'NONE', ( #3464 ), #1428, .F. ) ;
#4316 = DIRECTION ( 'NONE',  ( 0.4999999999999960032, -0.000000000000000000, -0.8660254037844410391 ) ) ;
#4317 = DIRECTION ( 'NONE',  ( -0.4999999999999898970, 0.000000000000000000, 0.8660254037844444808 ) ) ;
#4318 = ORIENTED_EDGE ( 'NONE', *, *, #5045, .T. ) ;
#4319 = DIRECTION ( 'NONE',  ( -1.000000000000000000, 0.000000000000000000, 0.000000000000000000 ) ) ;
#4320 = FACE_OUTER_BOUND ( 'NONE', #4695, .T. ) ;
#4321 = CARTESIAN_POINT ( 'NONE',  ( -19.51677218609426490, 4.169999999999999929, -12.42271421373352958 ) ) ;
#4322 = DIRECTION ( 'NONE',  ( 0.000000000000000000, 0.000000000000000000, 1.000000000000000000 ) ) ;
#4323 = DIRECTION ( 'NONE',  ( 0.000000000000000000, 1.000000000000000000, 0.000000000000000000 ) ) ;
#4324 = ORIENTED_EDGE ( 'NONE', *, *, #6487, .T. ) ;
#4325 = AXIS2_PLACEMENT_3D ( 'NONE', #5315, #1048, #6362 ) ;
#4326 = CARTESIAN_POINT ( 'NONE',  ( -20.55152990548352676, 4.460164429271618047, 10.81036964520624366 ) ) ;
#4327 = EDGE_CURVE ( 'NONE', #4054, #5051, #5632, .T. ) ;
#4328 = DIRECTION ( 'NONE',  ( -0.000000000000000000, -1.000000000000000000, -0.000000000000000000 ) ) ;
#4329 = AXIS2_PLACEMENT_3D ( 'NONE', #4738, #4364, #6439 ) ;
#4330 = FACE_OUTER_BOUND ( 'NONE', #185, .T. ) ;
#4331 = ORIENTED_EDGE ( 'NONE', *, *, #4821, .F. ) ;
#4332 = DIRECTION ( 'NONE',  ( -0.000000000000000000, -1.000000000000000000, -0.000000000000000000 ) ) ;
#4333 = CARTESIAN_POINT ( 'NONE',  ( 0.000000000000000000, 2.669999999999999929, 0.000000000000000000 ) ) ;
#4334 = ORIENTED_EDGE ( 'NONE', *, *, #5478, .F. ) ;
#4335 = CIRCLE ( 'NONE', #5874, 25.13500000000000512 ) ;
#4336 = EDGE_LOOP ( 'NONE', ( #5030, #4400, #3908, #2538 ) ) ;
#4337 = CIRCLE ( 'NONE', #6322, 1.500000000000075939 ) ;
#4338 = EDGE_CURVE ( 'NONE', #3065, #1765, #3077, .T. ) ;
#4339 = DIRECTION ( 'NONE',  ( -0.000000000000000000, -1.000000000000000000, -0.000000000000000000 ) ) ;
#4340 = AXIS2_PLACEMENT_3D ( 'NONE', #5847, #2608, #3163 ) ;
#4341 = CARTESIAN_POINT ( 'NONE',  ( 26.24918328139943213, 4.169999999999999929, 16.30967357190298017 ) ) ;
#4342 = ORIENTED_EDGE ( 'NONE', *, *, #6324, .F. ) ;
#4343 = TOROIDAL_SURFACE ( 'NONE', #276, 1.500000000000095479, 0.5000000000000000000 ) ;
#4344 = DIRECTION ( 'NONE',  ( -0.000000000000000000, -1.000000000000000000, -0.000000000000000000 ) ) ;
#4345 = LINE ( 'NONE', #206, #565 ) ;
#4346 = B_SPLINE_CURVE_WITH_KNOTS ( 'NONE', 3,
 ( #3263, #5355, #2295, #2779, #2228, #4396 ),
 .UNSPECIFIED., .F., .F.,
 ( 4, 2, 4 ),
 ( -1.477143756511225933E-05, 0.0003797396612299366674, 0.0007742507600249855281 ),
 .UNSPECIFIED. ) ;
#4347 = ORIENTED_EDGE ( 'NONE', *, *, #2533, .T. ) ;
#4348 = ORIENTED_EDGE ( 'NONE', *, *, #1381, .T. ) ;
#4349 = EDGE_LOOP ( 'NONE', ( #1413, #5657, #1899, #4578 ) ) ;
#4350 = EDGE_CURVE ( 'NONE', #6350, #710, #3459, .T. ) ;
#4351 = AXIS2_PLACEMENT_3D ( 'NONE', #188, #2288, #6467 ) ;
#4352 = DIRECTION ( 'NONE',  ( 0.000000000000000000, 0.000000000000000000, 1.000000000000000000 ) ) ;
#4353 = CARTESIAN_POINT ( 'NONE',  ( 14.51453906012028128, 4.670000000000000817, 9.534673571902997580 ) ) ;
#4354 = ORIENTED_EDGE ( 'NONE', *, *, #2393, .T. ) ;
#4355 = CARTESIAN_POINT ( 'NONE',  ( 14.51453906012028305, 4.670000000000000817, -9.534673571903006462 ) ) ;
#4356 = ORIENTED_EDGE ( 'NONE', *, *, #813, .T. ) ;
#4357 = AXIS2_PLACEMENT_3D ( 'NONE', #283, #4376, #3339 ) ;
#4358 = EDGE_CURVE ( 'NONE', #307, #3691, #1150, .T. ) ;
#4359 = ADVANCED_FACE ( 'NONE', ( #4537 ), #2399, .F. ) ;
#4360 = DIRECTION ( 'NONE',  ( -0.000000000000000000, -1.000000000000000000, -0.000000000000000000 ) ) ;
#4361 = FACE_OUTER_BOUND ( 'NONE', #1172, .T. ) ;
#4362 = CARTESIAN_POINT ( 'NONE',  ( 0.000000000000000000, 4.670000000000000817, 0.000000000000000000 ) ) ;
#4363 = EDGE_LOOP ( 'NONE', ( #5807, #4539, #5577, #1865 ) ) ;
#4364 = DIRECTION ( 'NONE',  ( 0.8660254037844309360, 0.000000000000000000, -0.5000000000000135447 ) ) ;
#4365 = CARTESIAN_POINT ( 'NONE',  ( 13.54981216616208428, 4.670000000000000817, -9.277374353940642138 ) ) ;
#4366 = EDGE_LOOP ( 'NONE', ( #453, #4802, #4431, #5220 ) ) ;
#4367 = DIRECTION ( 'NONE',  ( 0.000000000000000000, 0.000000000000000000, -1.000000000000000000 ) ) ;
#4368 = CARTESIAN_POINT ( 'NONE',  ( -16.26427753762775197, 4.431292217824013058, -26.27898760532780642 ) ) ;
#4369 = ORIENTED_EDGE ( 'NONE', *, *, #4702, .T. ) ;
#4370 = EDGE_LOOP ( 'NONE', ( #1613, #2615, #6545, #3057 ) ) ;
#4371 = CARTESIAN_POINT ( 'NONE',  ( -12.32736295660697046, 4.633969980009439382, -19.90160601478454083 ) ) ;
#4372 = CARTESIAN_POINT ( 'NONE',  ( -26.99918328139946766, 4.670000000000000817, 15.01063546622628841 ) ) ;
#4373 = VECTOR ( 'NONE', #5711, 1000.000000000000000 ) ;
#4374 = DIRECTION ( 'NONE',  ( -0.8660254037844393737, 0.000000000000000000, -0.4999999999999986122 ) ) ;
#4375 = VERTEX_POINT ( 'NONE', #1846 ) ;
#4376 = DIRECTION ( 'NONE',  ( 0.000000000000000000, 1.000000000000000000, 0.000000000000000000 ) ) ;
#4377 = CARTESIAN_POINT ( 'NONE',  ( -19.69927413375865655, 4.512345469905872264, -12.37777340091439271 ) ) ;
#4378 = EDGE_CURVE ( 'NONE', #5160, #1385, #6553, .T. ) ;
#4379 = EDGE_LOOP ( 'NONE', ( #4207, #573, #752, #28, #272, #1716 ) ) ;
#4380 = VERTEX_POINT ( 'NONE', #1329 ) ;
#4381 = CYLINDRICAL_SURFACE ( 'NONE', #893, 0.5000000000000005551 ) ;
#4382 = LINE ( 'NONE', #6492, #6042 ) ;
#4383 = EDGE_CURVE ( 'NONE', #98, #5630, #1927, .T. ) ;
#4384 = ORIENTED_EDGE ( 'NONE', *, *, #437, .T. ) ;
#4385 = CARTESIAN_POINT ( 'NONE',  ( -11.83967521388542821, 4.670000000000002593, -21.73172283367740931 ) ) ;
#4386 = CARTESIAN_POINT ( 'NONE',  ( 0.000000000000000000, 0.000000000000000000, 0.000000000000000000 ) ) ;
#4387 = DIRECTION ( 'NONE',  ( 0.4999999999999992228, 0.000000000000000000, -0.8660254037844391517 ) ) ;
#4388 = CARTESIAN_POINT ( 'NONE',  ( 20.51677218609433950, 4.169999999999999929, -10.69066340616453914 ) ) ;
#4389 = DIRECTION ( 'NONE',  ( -0.5000000000000054401, -0.000000000000000000, 0.8660254037844353769 ) ) ;
#4390 = ORIENTED_EDGE ( 'NONE', *, *, #2567, .T. ) ;
#4391 = ADVANCED_FACE ( 'NONE', ( #1459 ), #5491, .T. ) ;
#4392 = ADVANCED_FACE ( 'NONE', ( #270 ), #6611, .F. ) ;
#4393 = CARTESIAN_POINT ( 'NONE',  ( 20.51677218609434306, 4.670000000000000817, 10.69066340616454802 ) ) ;
#4394 = VECTOR ( 'NONE', #3436, 1000.000000000000114 ) ;
#4395 = AXIS2_PLACEMENT_3D ( 'NONE', #2959, #923, #5709 ) ;
#4396 = CARTESIAN_POINT ( 'NONE',  ( 14.57762276433414961, 4.169999999999999929, -27.24918328139941792 ) ) ;
#4397 = ORIENTED_EDGE ( 'NONE', *, *, #2613, .F. ) ;
#4398 = CARTESIAN_POINT ( 'NONE',  ( 9.814463748651954589, 4.670000000000000817, -13.12827881868122937 ) ) ;
#4399 = CARTESIAN_POINT ( 'NONE',  ( 19.63782088549200466, 4.460165735794746844, -12.39296186723053594 ) ) ;
#4400 = ORIENTED_EDGE ( 'NONE', *, *, #2860, .F. ) ;
#4401 = EDGE_LOOP ( 'NONE', ( #1407, #6104, #1576, #6494 ) ) ;
#4402 = VECTOR ( 'NONE', #5222, 1000.000000000000227 ) ;
#4403 = CARTESIAN_POINT ( 'NONE',  ( -27.24918328139942147, 4.169999999999999929, 14.57762276433412474 ) ) ;
#4404 = FACE_OUTER_BOUND ( 'NONE', #2592, .T. ) ;
#4405 = LINE ( 'NONE', #1237, #1293 ) ;
#4406 = ORIENTED_EDGE ( 'NONE', *, *, #4804, .T. ) ;
#4407 = CARTESIAN_POINT ( 'NONE',  ( 13.21361467198523876, 4.463794414316891057, 9.706647230867087472 ) ) ;
#4408 = LINE ( 'NONE', #4994, #3098 ) ;
#4409 = AXIS2_PLACEMENT_3D ( 'NONE', #3526, #337, #3598 ) ;
#4410 = ORIENTED_EDGE ( 'NONE', *, *, #2307, .T. ) ;
#4411 = ORIENTED_EDGE ( 'NONE', *, *, #4414, .T. ) ;
#4412 = CIRCLE ( 'NONE', #4740, 24.63500000000000512 ) ;
#4413 = CYLINDRICAL_SURFACE ( 'NONE', #6655, 0.5000000000000000000 ) ;
#4414 = EDGE_CURVE ( 'NONE', #628, #2564, #3599, .T. ) ;
#4415 = CARTESIAN_POINT ( 'NONE',  ( 15.51453906012024220, 0.000000000000000000, 7.802622764334208760 ) ) ;
#4416 = CARTESIAN_POINT ( 'NONE',  ( -15.05151636371480173, 4.334259341492229467, 6.495079341528401606 ) ) ;
#4417 = ORIENTED_EDGE ( 'NONE', *, *, #2271, .T. ) ;
#4418 = CIRCLE ( 'NONE', #5738, 1.500000000000029088 ) ;
#4419 = EDGE_LOOP ( 'NONE', ( #1026, #5062, #5666, #5100 ) ) ;
#4420 = VECTOR ( 'NONE', #4316, 1000.000000000000114 ) ;
#4421 = CARTESIAN_POINT ( 'NONE',  ( 0.7047147867036782642, 4.670000000000000817, 1.220601815415767843 ) ) ;
#4422 = EDGE_CURVE ( 'NONE', #491, #4958, #2597, .T. ) ;
#4423 = DIRECTION ( 'NONE',  ( -0.000000000000000000, -1.000000000000000000, -0.000000000000000000 ) ) ;
#4424 = CARTESIAN_POINT ( 'NONE',  ( 0.000000000000000000, 0.000000000000000000, 0.000000000000000000 ) ) ;
#4425 = LINE ( 'NONE', #2706, #3554 ) ;
#4426 = DIRECTION ( 'NONE',  ( 0.8660254037844372643, 0.000000000000000000, -0.5000000000000026645 ) ) ;
#4427 = VERTEX_POINT ( 'NONE', #3631 ) ;
#4428 = CARTESIAN_POINT ( 'NONE',  ( -19.51677218609430398, 2.669999999999999929, 12.42271421373348339 ) ) ;
#4429 = EDGE_CURVE ( 'NONE', #4247, #1230, #948, .T. ) ;
#4430 = DIRECTION ( 'NONE',  ( 0.000000000000000000, 0.000000000000000000, 1.000000000000000000 ) ) ;
#4431 = ORIENTED_EDGE ( 'NONE', *, *, #1620, .T. ) ;
#4432 = AXIS2_PLACEMENT_3D ( 'NONE', #2907, #2869, #3867 ) ;
#4433 = CARTESIAN_POINT ( 'NONE',  ( -22.25031422186815888, 2.669999999999999929, 11.69152436717009280 ) ) ;
#4434 = CARTESIAN_POINT ( 'NONE',  ( 17.11411476945194821, 4.670000000000000817, 25.65515099297918056 ) ) ;
#4435 = ORIENTED_EDGE ( 'NONE', *, *, #1388, .F. ) ;
#4436 = ORIENTED_EDGE ( 'NONE', *, *, #1176, .F. ) ;
#4437 = VECTOR ( 'NONE', #5737, 1000.000000000000000 ) ;
#4438 = ADVANCED_FACE ( 'NONE', ( #2090 ), #5802, .T. ) ;
#4439 = CARTESIAN_POINT ( 'NONE',  ( -14.63967357190306373, 0.000000000000000000, 23.35665843275935671 ) ) ;
#4440 = CARTESIAN_POINT ( 'NONE',  ( -20.52507499694738513, 4.329480679083140160, -10.71913176677594848 ) ) ;
#4441 = LINE ( 'NONE', #5329, #2499 ) ;
#4442 = EDGE_LOOP ( 'NONE', ( #4714, #5930, #5961, #3861, #4242, #5075, #6761, #457 ) ) ;
#4443 = VECTOR ( 'NONE', #88, 1000.000000000000000 ) ;
#4444 = CARTESIAN_POINT ( 'NONE',  ( -6.462191090616951961, 4.169999999999999929, -15.06371434019473554 ) ) ;
#4445 = CARTESIAN_POINT ( 'NONE',  ( 15.10087070261879383, 4.670000000000000817, 8.141141495965145580 ) ) ;
#4446 = VECTOR ( 'NONE', #3559, 1000.000000000000114 ) ;
#4447 = VERTEX_POINT ( 'NONE', #5703 ) ;
#4448 = ORIENTED_EDGE ( 'NONE', *, *, #1311, .F. ) ;
#4449 = B_SPLINE_CURVE_WITH_KNOTS ( 'NONE', 3,
 ( #6657, #5741, #2029, #2991, #5087, #1531, #1926, #3606 ),
 .UNSPECIFIED., .F., .F.,
 ( 4, 2, 2, 4 ),
 ( 0.000000000000000000, 0.0002401996643866263033, 0.0004803993287732526065, 0.0009607986575465137782 ),
 .UNSPECIFIED. ) ;
#4450 = ADVANCED_BREP_SHAPE_REPRESENTATION ( 'Front Mesh Piece', ( #6645, #3352 ), #2148 ) ;
#4451 = CARTESIAN_POINT ( 'NONE',  ( 27.24918328139936463, 4.670000000000000817, 14.57762276433424908 ) ) ;
#4452 = CARTESIAN_POINT ( 'NONE',  ( -11.69152436717025090, 0.000000000000000000, 22.25031422186807006 ) ) ;
#4453 = ORIENTED_EDGE ( 'NONE', *, *, #5945, .T. ) ;
#4454 = VERTEX_POINT ( 'NONE', #4187 ) ;
#4455 = ADVANCED_FACE ( 'NONE', ( #439 ), #2662, .F. ) ;
#4456 = AXIS2_PLACEMENT_3D ( 'NONE', #3254, #5346, #637 ) ;
#4457 = AXIS2_PLACEMENT_3D ( 'NONE', #2733, #1618, #2254 ) ;
#4458 = LINE ( 'NONE', #3903, #913 ) ;
#4459 = LINE ( 'NONE', #3940, #4579 ) ;
#4460 = CARTESIAN_POINT ( 'NONE',  ( 25.65515099297911661, 4.670000000000000817, -17.11411476945202992 ) ) ;
#4461 = CARTESIAN_POINT ( 'NONE',  ( -16.30967357190301925, 4.169999999999999929, 26.24918328139941082 ) ) ;
#4462 = CARTESIAN_POINT ( 'NONE',  ( -26.24918328139936463, 0.000000000000000000, -16.30967357190309741 ) ) ;
#4463 = ORIENTED_EDGE ( 'NONE', *, *, #964, .F. ) ;
#4464 = AXIS2_PLACEMENT_3D ( 'NONE', #5997, #2791, #3787 ) ;
#4465 = DIRECTION ( 'NONE',  ( 0.000000000000000000, 1.000000000000000000, 0.000000000000000000 ) ) ;
#4466 = EDGE_CURVE ( 'NONE', #4191, #1529, #6327, .T. ) ;
#4467 = CARTESIAN_POINT ( 'NONE',  ( 0.000000000000000000, 4.670000000000000817, 0.000000000000000000 ) ) ;
#4468 = ORIENTED_EDGE ( 'NONE', *, *, #5478, .T. ) ;
#4469 = DIRECTION ( 'NONE',  ( -0.000000000000000000, -1.000000000000000000, -0.000000000000000000 ) ) ;
#4470 = CARTESIAN_POINT ( 'NONE',  ( -27.24918328139942147, 0.000000000000000000, 14.57762276433412474 ) ) ;
#4471 = ORIENTED_EDGE ( 'NONE', *, *, #2596, .T. ) ;
#4472 = LINE ( 'NONE', #1849, #3224 ) ;
#4473 = EDGE_CURVE ( 'NONE', #124, #6629, #51, .T. ) ;
#4474 = VERTEX_POINT ( 'NONE', #4735 ) ;
#4475 = CARTESIAN_POINT ( 'NONE',  ( -9.534673571902855471, 4.670000000000000817, -14.51453906012038431 ) ) ;
#4476 = CYLINDRICAL_SURFACE ( 'NONE', #4836, 25.13500000000000512 ) ;
#4477 = DIRECTION ( 'NONE',  ( 0.8660254037844393737, -0.000000000000000000, 0.4999999999999988898 ) ) ;
#4478 = ORIENTED_EDGE ( 'NONE', *, *, #181, .T. ) ;
#4479 = CIRCLE ( 'NONE', #1395, 25.55648399467294851 ) ;
#4480 = CARTESIAN_POINT ( 'NONE',  ( 12.24786802263152197, 4.670000000000000817, 20.21392969959578423 ) ) ;
#4481 = DIRECTION ( 'NONE',  ( -0.000000000000000000, -1.000000000000000000, -0.000000000000000000 ) ) ;
#4482 = EDGE_CURVE ( 'NONE', #707, #2586, #4240, .T. ) ;
#4483 = ORIENTED_EDGE ( 'NONE', *, *, #1650, .T. ) ;
#4484 = ADVANCED_FACE ( 'NONE', ( #4257 ), #4571, .T. ) ;
#4485 = CIRCLE ( 'NONE', #5915, 23.13499999999999446 ) ;
#4486 = DIRECTION ( 'NONE',  ( 0.8660254037844394848, 0.000000000000000000, 0.4999999999999985567 ) ) ;
#4487 = DIRECTION ( 'NONE',  ( 0.000000000000000000, 1.000000000000000000, 0.000000000000000000 ) ) ;
#4488 = ORIENTED_EDGE ( 'NONE', *, *, #277, .F. ) ;
#4489 = ORIENTED_EDGE ( 'NONE', *, *, #519, .T. ) ;
#4490 = FACE_OUTER_BOUND ( 'NONE', #4593, .T. ) ;
#4491 = DIRECTION ( 'NONE',  ( 0.000000000000000000, 0.000000000000000000, 1.000000000000000000 ) ) ;
#4492 = DIRECTION ( 'NONE',  ( 0.8660254037844261621, 0.000000000000000000, -0.5000000000000217604 ) ) ;
#4493 = CYLINDRICAL_SURFACE ( 'NONE', #668, 0.5000000000000000000 ) ;
#4494 = CARTESIAN_POINT ( 'NONE',  ( 21.73172283367739510, 4.670000000000000817, 11.83967521388528787 ) ) ;
#4495 = CARTESIAN_POINT ( 'NONE',  ( 11.72397473881331287, 4.457215979362300295, 22.13789160359756281 ) ) ;
#4496 = ORIENTED_EDGE ( 'NONE', *, *, #3242, .F. ) ;
#4497 = CARTESIAN_POINT ( 'NONE',  ( 12.74797539976497696, 4.670000000000000817, -21.08014108603135384 ) ) ;
#4498 = DIRECTION ( 'NONE',  ( 0.000000000000000000, 0.000000000000000000, -1.000000000000000000 ) ) ;
#4499 = VERTEX_POINT ( 'NONE', #6222 ) ;
#4500 = EDGE_CURVE ( 'NONE', #6670, #5230, #6361, .T. ) ;
#4501 = CARTESIAN_POINT ( 'NONE',  ( -9.346995703723129267, 4.660547057262764525, -13.48448604393185946 ) ) ;
#4502 = CARTESIAN_POINT ( 'NONE',  ( 16.83859417366917910, 4.670000000000001705, 26.99973703456138452 ) ) ;
#4503 = ORIENTED_EDGE ( 'NONE', *, *, #5690, .T. ) ;
#4504 = CIRCLE ( 'NONE', #2623, 23.13499999999999801 ) ;
#4505 = ORIENTED_EDGE ( 'NONE', *, *, #6403, .T. ) ;
#4506 = AXIS2_PLACEMENT_3D ( 'NONE', #5935, #4487, #3447 ) ;
#4507 = CARTESIAN_POINT ( 'NONE',  ( 6.462191090617060318, 4.169999999999999929, 15.06371434019469113 ) ) ;
#4508 = LINE ( 'NONE', #3887, #2852 ) ;
#4509 = CARTESIAN_POINT ( 'NONE',  ( 27.64883365011742811, 4.169999999999999929, -13.66095511311952748 ) ) ;
#4510 = ORIENTED_EDGE ( 'NONE', *, *, #3866, .F. ) ;
#4511 = EDGE_CURVE ( 'NONE', #5238, #4600, #4305, .T. ) ;
#4512 = LINE ( 'NONE', #1470, #403 ) ;
#4513 = LINE ( 'NONE', #317, #4747 ) ;
#4514 = VECTOR ( 'NONE', #2745, 1000.000000000000000 ) ;
#4515 = ORIENTED_EDGE ( 'NONE', *, *, #2885, .F. ) ;
#4516 = AXIS2_PLACEMENT_3D ( 'NONE', #3832, #702, #2839 ) ;
#4517 = EDGE_CURVE ( 'NONE', #990, #2043, #3356, .T. ) ;
#4518 = EDGE_CURVE ( 'NONE', #930, #2835, #3573, .T. ) ;
#4519 = LINE ( 'NONE', #5583, #5406 ) ;
#4520 = DIRECTION ( 'NONE',  ( 0.000000000000000000, 0.000000000000000000, 1.000000000000000000 ) ) ;
#4521 = VERTEX_POINT ( 'NONE', #4675 ) ;
#4522 = CIRCLE ( 'NONE', #1105, 25.13500000000000512 ) ;
#4523 = VERTEX_POINT ( 'NONE', #6784 ) ;
#4524 = CARTESIAN_POINT ( 'NONE',  ( 27.64883365011744587, 4.169999999999999929, 13.66095511311953281 ) ) ;
#4525 = CARTESIAN_POINT ( 'NONE',  ( 14.90115481157713795, 4.622811013901034549, 6.858652628463434375 ) ) ;
#4526 = EDGE_CURVE ( 'NONE', #2229, #1215, #4638, .T. ) ;
#4527 = VECTOR ( 'NONE', #1484, 1000.000000000000000 ) ;
#4528 = CARTESIAN_POINT ( 'NONE',  ( 27.24918328139936108, 4.169999999999999929, 14.57762276433424731 ) ) ;
#4529 = CARTESIAN_POINT ( 'NONE',  ( -27.64883365011752758, 4.169999999999999929, 13.66095511311933741 ) ) ;
#4530 = CARTESIAN_POINT ( 'NONE',  ( 7.105492864710123868, 4.669999999999999929, -14.81259682262527377 ) ) ;
#4531 = DIRECTION ( 'NONE',  ( -0.000000000000000000, -1.000000000000000000, -0.000000000000000000 ) ) ;
#4532 = VERTEX_POINT ( 'NONE', #2258 ) ;
#4533 = DIRECTION ( 'NONE',  ( -0.000000000000000000, -1.000000000000000000, -0.000000000000000000 ) ) ;
#4534 = CARTESIAN_POINT ( 'NONE',  ( 20.52507508630802846, 4.329481505472350555, 10.71913207290627490 ) ) ;
#4535 = ORIENTED_EDGE ( 'NONE', *, *, #1636, .F. ) ;
#4536 = AXIS2_PLACEMENT_3D ( 'NONE', #1925, #6551, #3990 ) ;
#4537 = FACE_OUTER_BOUND ( 'NONE', #1227, .T. ) ;
#4538 = CARTESIAN_POINT ( 'NONE',  ( 19.51677218609430398, 4.251499961375350800, -12.42271421373347096 ) ) ;
#4539 = ORIENTED_EDGE ( 'NONE', *, *, #6527, .F. ) ;
#4540 = CARTESIAN_POINT ( 'NONE',  ( 14.55029879730513187, 4.670000000000000817, -9.316173154054725458 ) ) ;
#4541 = ORIENTED_EDGE ( 'NONE', *, *, #4724, .T. ) ;
#4542 = EDGE_CURVE ( 'NONE', #2765, #5861, #2810, .T. ) ;
#4543 = VECTOR ( 'NONE', #4576, 1000.000000000000000 ) ;
#4544 = CARTESIAN_POINT ( 'NONE',  ( -15.34319201611856442, 4.670000000000000817, 7.942841814093021036 ) ) ;
#4545 = LINE ( 'NONE', #4647, #3961 ) ;
#4546 = CARTESIAN_POINT ( 'NONE',  ( -13.42357517473897310, 4.169999999999999929, -21.25031422186815178 ) ) ;
#4547 = ORIENTED_EDGE ( 'NONE', *, *, #4835, .T. ) ;
#4548 = DIRECTION ( 'NONE',  ( 0.000000000000000000, 0.000000000000000000, 1.000000000000000000 ) ) ;
#4549 = FACE_OUTER_BOUND ( 'NONE', #6588, .T. ) ;
#4550 = VECTOR ( 'NONE', #1958, 1000.000000000000000 ) ;
#4551 = AXIS2_PLACEMENT_3D ( 'NONE', #157, #5879, #3219 ) ;
#4552 = ORIENTED_EDGE ( 'NONE', *, *, #1636, .T. ) ;
#4553 = VECTOR ( 'NONE', #4108, 1000.000000000000000 ) ;
#4554 = ADVANCED_FACE ( 'NONE', ( #4361 ), #3257, .F. ) ;
#4555 = AXIS2_PLACEMENT_3D ( 'NONE', #541, #3531, #2600 ) ;
#4556 = CARTESIAN_POINT ( 'NONE',  ( 26.59578445530213386, 4.169999999999999929, 17.45353882510844912 ) ) ;
#4557 = ORIENTED_EDGE ( 'NONE', *, *, #5613, .T. ) ;
#4558 = ORIENTED_EDGE ( 'NONE', *, *, #2836, .T. ) ;
#4559 = ADVANCED_FACE ( 'NONE', ( #736 ), #3870, .T. ) ;
#4560 = VECTOR ( 'NONE', #5454, 1000.000000000000227 ) ;
#4561 = CARTESIAN_POINT ( 'NONE',  ( 13.12827881868119384, 4.670000000000000817, 9.814463748652000774 ) ) ;
#4562 = CARTESIAN_POINT ( 'NONE',  ( -7.802622764334155470, 4.670000000000000817, -15.51453906012026529 ) ) ;
#4563 = DIRECTION ( 'NONE',  ( 0.9478283262026033773, 0.000000000000000000, 0.3187812165858762703 ) ) ;
#4564 = DIRECTION ( 'NONE',  ( -0.000000000000000000, -1.000000000000000000, -0.000000000000000000 ) ) ;
#4565 = CARTESIAN_POINT ( 'NONE',  ( 6.599338937227450685, 4.466177145749655075, -15.01426974707650253 ) ) ;
#4566 = CARTESIAN_POINT ( 'NONE',  ( -25.65515099297923740, 4.169999999999999929, 17.11411476945184873 ) ) ;
#4567 = ORIENTED_EDGE ( 'NONE', *, *, #1759, .T. ) ;
#4568 = CARTESIAN_POINT ( 'NONE',  ( -14.62613208313598889, 4.431292217823987301, -27.22477132445042258 ) ) ;
#4569 = EDGE_CURVE ( 'NONE', #4427, #3864, #4648, .T. ) ;
#4570 = VECTOR ( 'NONE', #115, 999.9999999999998863 ) ;
#4571 = TOROIDAL_SURFACE ( 'NONE', #6331, 1.500000000000075495, 0.5000000000000000000 ) ;
#4572 = DIRECTION ( 'NONE',  ( 0.000000000000000000, 1.000000000000000000, 0.000000000000000000 ) ) ;
#4573 = DIRECTION ( 'NONE',  ( -0.000000000000000000, -1.000000000000000000, -0.000000000000000000 ) ) ;
#4574 = VECTOR ( 'NONE', #5528, 1000.000000000000000 ) ;
#4575 = CARTESIAN_POINT ( 'NONE',  ( -28.10767396552306963, 4.669999999999999041, -14.95081868345336851 ) ) ;
#4576 = DIRECTION ( 'NONE',  ( 3.378977344427008533E-15, -0.000000000000000000, -1.000000000000000000 ) ) ;
#4577 = ORIENTED_EDGE ( 'NONE', *, *, #835, .F. ) ;
#4578 = ORIENTED_EDGE ( 'NONE', *, *, #1768, .T. ) ;
#4579 = VECTOR ( 'NONE', #1870, 1000.000000000000000 ) ;
#4580 = DIRECTION ( 'NONE',  ( 0.000000000000000000, 0.000000000000000000, 1.000000000000000000 ) ) ;
#4581 = CARTESIAN_POINT ( 'NONE',  ( 12.28771621764929378, 4.670000000000000817, -20.05864087540738083 ) ) ;
#4582 = CARTESIAN_POINT ( 'NONE',  ( -12.74797539976511551, 4.670000000000000817, -21.08014108603127212 ) ) ;
#4583 = ORIENTED_EDGE ( 'NONE', *, *, #4860, .T. ) ;
#4584 = DIRECTION ( 'NONE',  ( 0.000000000000000000, 0.000000000000000000, 1.000000000000000000 ) ) ;
#4585 = CARTESIAN_POINT ( 'NONE',  ( 14.51453906012028305, 0.5000000000000004441, -9.534673571903006462 ) ) ;
#4586 = EDGE_CURVE ( 'NONE', #443, #5369, #4006, .T. ) ;
#4587 = ORIENTED_EDGE ( 'NONE', *, *, #2062, .F. ) ;
#4588 = CARTESIAN_POINT ( 'NONE',  ( -11.69152436717009458, 4.670000000000000817, -22.25031422186815178 ) ) ;
#4589 = VERTEX_POINT ( 'NONE', #4388 ) ;
#4590 = EDGE_CURVE ( 'NONE', #994, #3139, #5293, .T. ) ;
#4591 = LINE ( 'NONE', #3582, #3187 ) ;
#4592 = VERTEX_POINT ( 'NONE', #3834 ) ;
#4593 = EDGE_LOOP ( 'NONE', ( #4384, #959, #6291, #769 ) ) ;
#4594 = DIRECTION ( 'NONE',  ( -0.8660254037844360431, 0.000000000000000000, -0.5000000000000045519 ) ) ;
#4595 = CARTESIAN_POINT ( 'NONE',  ( -15.02328291086361567, 4.670000000000000817, 27.02108929809660864 ) ) ;
#4596 = DIRECTION ( 'NONE',  ( -0.5000000000000063283, 0.000000000000000000, 0.8660254037844350439 ) ) ;
#4597 = EDGE_CURVE ( 'NONE', #1127, #3566, #1115, .T. ) ;
#4598 = DIRECTION ( 'NONE',  ( 0.000000000000000000, 0.000000000000000000, 1.000000000000000000 ) ) ;
#4599 = DIRECTION ( 'NONE',  ( 0.000000000000000000, 0.000000000000000000, 1.000000000000000000 ) ) ;
#4600 = VERTEX_POINT ( 'NONE', #4937 ) ;
#4601 = LINE ( 'NONE', #4180, #4446 ) ;
#4602 = CARTESIAN_POINT ( 'NONE',  ( 16.71293744498066758, 4.670000000000000817, -27.10050795730672135 ) ) ;
#4603 = CARTESIAN_POINT ( 'NONE',  ( -21.24377219339151424, 4.326912768932366760, -13.39702412614852456 ) ) ;
#4604 = EDGE_CURVE ( 'NONE', #5201, #198, #705, .T. ) ;
#4605 = EDGE_CURVE ( 'NONE', #3362, #3744, #5668, .T. ) ;
#4606 = DIRECTION ( 'NONE',  ( -0.000000000000000000, -1.000000000000000000, -0.000000000000000000 ) ) ;
#4607 = CARTESIAN_POINT ( 'NONE',  ( 0.000000000000000000, 4.670000000000000817, 0.000000000000000000 ) ) ;
#4608 = VERTEX_POINT ( 'NONE', #1763 ) ;
#4609 = FACE_OUTER_BOUND ( 'NONE', #5462, .T. ) ;
#4610 = VERTEX_POINT ( 'NONE', #2322 ) ;
#4611 = CARTESIAN_POINT ( 'NONE',  ( 0.000000000000000000, 4.169999999999999929, 0.000000000000000000 ) ) ;
#4612 = CARTESIAN_POINT ( 'NONE',  ( 0.000000000000000000, 4.169999999999999929, 0.000000000000000000 ) ) ;
#4613 = DIRECTION ( 'NONE',  ( -0.000000000000000000, -1.000000000000000000, -0.000000000000000000 ) ) ;
#4614 = ORIENTED_EDGE ( 'NONE', *, *, #5357, .F. ) ;
#4615 = CARTESIAN_POINT ( 'NONE',  ( 6.988989104375607830, 4.669999999999999929, 14.83365191399031779 ) ) ;
#4616 = CARTESIAN_POINT ( 'NONE',  ( 0.000000000000000000, 2.669999999999999929, 0.000000000000000000 ) ) ;
#4617 = UNCERTAINTY_MEASURE_WITH_UNIT (LENGTH_MEASURE( 1.000000000000000082E-05 ), #215, 'distance_accuracy_value', 'NONE');
#4618 = CARTESIAN_POINT ( 'NONE',  ( -9.814463748651876429, 4.169999999999999929, -13.12827881868129687 ) ) ;
#4619 = EDGE_LOOP ( 'NONE', ( #3153, #4468, #554, #6791, #2269, #938 ) ) ;
#4620 = AXIS2_PLACEMENT_3D ( 'NONE', #3059, #4160, #3572 ) ;
#4621 = EDGE_LOOP ( 'NONE', ( #5839, #6809, #1376, #1710, #4718 ) ) ;
#4622 = CARTESIAN_POINT ( 'NONE',  ( 26.52108929809703142, 4.670000000000000817, 15.88930831464799276 ) ) ;
#4623 = EDGE_LOOP ( 'NONE', ( #4797, #2249, #4488, #4515 ) ) ;
#4624 = EDGE_LOOP ( 'NONE', ( #1188, #1954, #1222, #3671 ) ) ;
#4625 = EDGE_CURVE ( 'NONE', #3935, #5083, #4425, .T. ) ;
#4626 = CARTESIAN_POINT ( 'NONE',  ( -15.06371434019471423, 0.000000000000000000, 6.462191090617002587 ) ) ;
#4627 = CARTESIAN_POINT ( 'NONE',  ( 27.09729052274362715, 4.670000000000000817, 16.70152105077628235 ) ) ;
#4628 = CARTESIAN_POINT ( 'NONE',  ( 6.462191090617056766, 0.000000000000000000, -15.06371434019470179 ) ) ;
#4629 = FACE_OUTER_BOUND ( 'NONE', #5437, .T. ) ;
#4630 = DIRECTION ( 'NONE',  ( -0.000000000000000000, -1.000000000000000000, -0.000000000000000000 ) ) ;
#4631 = ORIENTED_EDGE ( 'NONE', *, *, #2982, .T. ) ;
#4632 = AXIS2_PLACEMENT_3D ( 'NONE', #604, #570, #2661 ) ;
#4633 = FACE_OUTER_BOUND ( 'NONE', #6455, .T. ) ;
#4634 = EDGE_CURVE ( 'NONE', #4790, #1056, #4839, .T. ) ;
#4635 = AXIS2_PLACEMENT_3D ( 'NONE', #3753, #723, #3822 ) ;
#4636 = CARTESIAN_POINT ( 'NONE',  ( 20.51677218609433950, 4.670000000000000817, -10.69066340616453914 ) ) ;
#4637 = ORIENTED_EDGE ( 'NONE', *, *, #4821, .T. ) ;
#4638 = LINE ( 'NONE', #4153, #1464 ) ;
#4639 = DIRECTION ( 'NONE',  ( 0.000000000000000000, 1.000000000000000000, 0.000000000000000000 ) ) ;
#4640 = ORIENTED_EDGE ( 'NONE', *, *, #703, .F. ) ;
#4641 = DIRECTION ( 'NONE',  ( 0.000000000000000000, -0.000000000000000000, 1.000000000000000000 ) ) ;
#4642 = VECTOR ( 'NONE', #484, 999.9999999999998863 ) ;
#4643 = ORIENTED_EDGE ( 'NONE', *, *, #5479, .F. ) ;
#4644 = EDGE_CURVE ( 'NONE', #99, #4447, #2191, .T. ) ;
#4645 = AXIS2_PLACEMENT_3D ( 'NONE', #5549, #3446, #829 ) ;
#4646 = DIRECTION ( 'NONE',  ( -0.000000000000000000, -1.000000000000000000, -0.000000000000000000 ) ) ;
#4647 = CARTESIAN_POINT ( 'NONE',  ( -16.30967357190272438, 4.169999999999999929, -26.24918328139960622 ) ) ;
#4648 = B_SPLINE_CURVE_WITH_KNOTS ( 'NONE', 3,
 ( #3731, #1256, #1697, #3360, #671, #2740, #220, #6469 ),
 .UNSPECIFIED., .F., .F.,
 ( 4, 2, 2, 4 ),
 ( -4.472608283822388356E-06, 0.0004676253585635911409, 0.0007036743419872979084, 0.0009397233254110047302 ),
 .UNSPECIFIED. ) ;
#4649 = CARTESIAN_POINT ( 'NONE',  ( -26.72315513370284989, 4.444515316846240793, 17.27002986833523934 ) ) ;
#4650 = ORIENTED_EDGE ( 'NONE', *, *, #3810, .T. ) ;
#4651 = CARTESIAN_POINT ( 'NONE',  ( -9.534673571902851918, 4.462893218813452911, -14.51453906012038253 ) ) ;
#4652 = CARTESIAN_POINT ( 'NONE',  ( 17.27377744265749726, 4.445861586286564027, -26.72335834561582146 ) ) ;
#4653 = LINE ( 'NONE', #3683, #4879 ) ;
#4654 = VERTEX_POINT ( 'NONE', #5878 ) ;
#4655 = EDGE_CURVE ( 'NONE', #76, #607, #2350, .T. ) ;
#4656 = DIRECTION ( 'NONE',  ( -0.8660254037844353769, 0.000000000000000000, -0.5000000000000056621 ) ) ;
#4657 = AXIS2_PLACEMENT_3D ( 'NONE', #2707, #89, #6437 ) ;
#4658 = AXIS2_PLACEMENT_3D ( 'NONE', #2651, #5722, #4759 ) ;
#4659 = ORIENTED_EDGE ( 'NONE', *, *, #5988, .T. ) ;
#4660 = VERTEX_POINT ( 'NONE', #6436 ) ;
#4661 = VECTOR ( 'NONE', #3284, 1000.000000000000000 ) ;
#4662 = AXIS2_PLACEMENT_3D ( 'NONE', #3166, #1999, #5646 ) ;
#4663 = DIRECTION ( 'NONE',  ( 0.000000000000000000, 1.000000000000000000, 0.000000000000000000 ) ) ;
#4664 = CARTESIAN_POINT ( 'NONE',  ( -13.59470478306858610, 4.670000000000000817, 9.210242290685789257 ) ) ;
#4665 = CARTESIAN_POINT ( 'NONE',  ( 0.4330127018922239612, 4.169999999999999929, 0.2500000000000068279 ) ) ;
#4666 = AXIS2_PLACEMENT_3D ( 'NONE', #5725, #498, #4177 ) ;
#4667 = CARTESIAN_POINT ( 'NONE',  ( 6.497372378559713724, 4.336601117982334053, -15.05134326883513829 ) ) ;
#4668 = DIRECTION ( 'NONE',  ( 0.000000000000000000, 0.000000000000000000, 1.000000000000000000 ) ) ;
#4669 = ORIENTED_EDGE ( 'NONE', *, *, #4693, .T. ) ;
#4670 = EDGE_CURVE ( 'NONE', #3316, #1949, #3805, .T. ) ;
#4671 = CIRCLE ( 'NONE', #45, 10.60655127071745341 ) ;
#4672 = CARTESIAN_POINT ( 'NONE',  ( 0.2500000000003609890, 4.169999999999999929, 0.4330127018928167093 ) ) ;
#4673 = CARTESIAN_POINT ( 'NONE',  ( -11.22761406947329377, 4.670000000000000817, -20.67084501317416567 ) ) ;
#4674 = CARTESIAN_POINT ( 'NONE',  ( -21.20756579381220774, 4.510106162464414759, -13.25109542725286893 ) ) ;
#4675 = CARTESIAN_POINT ( 'NONE',  ( 20.21392969959584818, 4.670000000000000817, 12.24786802263141183 ) ) ;
#4676 = DIRECTION ( 'NONE',  ( -0.9478283262026123701, 0.000000000000000000, -0.3187812165858493474 ) ) ;
#4677 = EDGE_LOOP ( 'NONE', ( #4856, #4978, #4369, #412 ) ) ;
#4678 = ADVANCED_FACE ( 'NONE', ( #5381 ), #55, .T. ) ;
#4679 = DIRECTION ( 'NONE',  ( -0.000000000000000000, -1.000000000000000000, -0.000000000000000000 ) ) ;
#4680 = EDGE_LOOP ( 'NONE', ( #6018, #2842, #5551, #5869 ) ) ;
#4681 = FACE_OUTER_BOUND ( 'NONE', #2677, .T. ) ;
#4682 = CARTESIAN_POINT ( 'NONE',  ( 6.462191090617056766, 4.670000000000000817, -15.06371434019470179 ) ) ;
#4683 = DIRECTION ( 'NONE',  ( -0.4999999999999284461, 0.000000000000000000, -0.8660254037844798969 ) ) ;
#4684 = VERTEX_POINT ( 'NONE', #1837 ) ;
#4685 = DIRECTION ( 'NONE',  ( 0.9478283262025931633, 0.000000000000000000, 0.3187812165859063018 ) ) ;
#4686 = ADVANCED_FACE ( 'NONE', ( #1391 ), #5096, .T. ) ;
#4687 = CARTESIAN_POINT ( 'NONE',  ( -7.942841814093130282, 4.670000000000000817, 15.34319201611851291 ) ) ;
#4688 = EDGE_LOOP ( 'NONE', ( #2509, #4850, #6242, #2419, #1885, #5048 ) ) ;
#4689 = VECTOR ( 'NONE', #1339, 999.9999999999998863 ) ;
#4690 = CARTESIAN_POINT ( 'NONE',  ( -7.802622764334155470, 4.169999999999999929, -15.51453906012026529 ) ) ;
#4691 = CARTESIAN_POINT ( 'NONE',  ( 23.07319061161677354, 0.000000000000000000, -1.689999999999841851 ) ) ;
#4692 = EDGE_CURVE ( 'NONE', #6051, #180, #840, .T. ) ;
#4693 = EDGE_CURVE ( 'NONE', #1811, #4589, #377, .T. ) ;
#4694 = ORIENTED_EDGE ( 'NONE', *, *, #4896, .T. ) ;
#4695 = EDGE_LOOP ( 'NONE', ( #3018, #3636, #4140, #486 ) ) ;
#4696 = ORIENTED_EDGE ( 'NONE', *, *, #1497, .T. ) ;
#4697 = CARTESIAN_POINT ( 'NONE',  ( 1.690000000000081881, 0.000000000000000000, -24.35665843275937803 ) ) ;
#4698 = DIRECTION ( 'NONE',  ( -0.4999999999999851785, 0.000000000000000000, -0.8660254037844473674 ) ) ;
#4699 = LINE ( 'NONE', #4832, #2670 ) ;
#4700 = ORIENTED_EDGE ( 'NONE', *, *, #1457, .T. ) ;
#4701 = DIRECTION ( 'NONE',  ( 0.5000000000000242029, 0.000000000000000000, 0.8660254037844247188 ) ) ;
#4702 = EDGE_CURVE ( 'NONE', #3237, #5113, #3488, .T. ) ;
#4703 = DIRECTION ( 'NONE',  ( -0.000000000000000000, -1.000000000000000000, -0.000000000000000000 ) ) ;
#4704 = DIRECTION ( 'NONE',  ( 0.000000000000000000, 1.000000000000000000, 0.000000000000000000 ) ) ;
#4705 = CARTESIAN_POINT ( 'NONE',  ( -22.25031422186803098, 4.249933565621200948, -11.69152436717032906 ) ) ;
#4706 = CARTESIAN_POINT ( 'NONE',  ( -13.66095511311924149, 4.169999999999999929, -27.64883365011757377 ) ) ;
#4707 = ORIENTED_EDGE ( 'NONE', *, *, #2909, .F. ) ;
#4708 = DIRECTION ( 'NONE',  ( -0.8660254037844393737, 0.000000000000000000, -0.4999999999999988898 ) ) ;
#4709 = ORIENTED_EDGE ( 'NONE', *, *, #5854, .T. ) ;
#4710 = EDGE_CURVE ( 'NONE', #3847, #1301, #904, .T. ) ;
#4711 = CARTESIAN_POINT ( 'NONE',  ( 19.51677218609436437, 4.169999999999999929, 12.42271421373338747 ) ) ;
#4712 = CARTESIAN_POINT ( 'NONE',  ( -12.42271421373346207, 0.000000000000000000, 19.51677218609431108 ) ) ;
#4713 = CARTESIAN_POINT ( 'NONE',  ( 12.39296186723054838, 4.460165735794746844, 19.63782088549201532 ) ) ;
#4714 = ORIENTED_EDGE ( 'NONE', *, *, #4719, .F. ) ;
#4715 = CYLINDRICAL_SURFACE ( 'NONE', #5902, 12.87150456288244449 ) ;
#4716 = LINE ( 'NONE', #5782, #4642 ) ;
#4717 = CARTESIAN_POINT ( 'NONE',  ( -12.90017509879624136, 4.670000000000002593, 21.11926659706324116 ) ) ;
#4718 = ORIENTED_EDGE ( 'NONE', *, *, #1225, .F. ) ;
#4719 = EDGE_CURVE ( 'NONE', #2649, #4943, #3455, .T. ) ;
#4720 = CARTESIAN_POINT ( 'NONE',  ( 10.69066340616454269, 4.251499961375349912, 20.51677218609433595 ) ) ;
#4721 = DIRECTION ( 'NONE',  ( 0.5000000000000057732, -0.000000000000000000, -0.8660254037844353769 ) ) ;
#4722 = EDGE_LOOP ( 'NONE', ( #2691, #53, #4901, #2266 ) ) ;
#4723 = ORIENTED_EDGE ( 'NONE', *, *, #318, .T. ) ;
#4724 = EDGE_CURVE ( 'NONE', #5819, #3913, #6117, .T. ) ;
#4725 = LINE ( 'NONE', #971, #3589 ) ;
#4726 = VECTOR ( 'NONE', #1477, 1000.000000000000000 ) ;
#4727 = B_SPLINE_CURVE_WITH_KNOTS ( 'NONE', 3,
 ( #2048, #3110, #944, #1549, #532, #6737, #3657, #2590, #6213, #3043 ),
 .UNSPECIFIED., .F., .F.,
 ( 4, 2, 2, 2, 4 ),
 ( 1.734723475976807094E-18, 0.0001365539762244896520, 0.0002731079524489775693, 0.0005462159048979584996, 0.001092431809795921553 ),
 .UNSPECIFIED. ) ;
#4728 = LINE ( 'NONE', #1072, #4788 ) ;
#4729 = LINE ( 'NONE', #1619, #4000 ) ;
#4730 = ORIENTED_EDGE ( 'NONE', *, *, #4182, .F. ) ;
#4731 = CARTESIAN_POINT ( 'NONE',  ( -20.05882151463841367, 4.670000000000002593, 12.28766986436284370 ) ) ;
#4732 = EDGE_CURVE ( 'NONE', #5181, #4785, #460, .T. ) ;
#4733 = CARTESIAN_POINT ( 'NONE',  ( -13.66095511311962518, 2.669999999999999929, 27.64883365011740324 ) ) ;
#4734 = CARTESIAN_POINT ( 'NONE',  ( -14.79108743229972589, 4.616240194772885275, 28.18778655771972907 ) ) ;
#4735 = CARTESIAN_POINT ( 'NONE',  ( 26.59578445530215873, 0.000000000000000000, 17.45353882510845978 ) ) ;
#4736 = CYLINDRICAL_SURFACE ( 'NONE', #3442, 0.5000000000000000000 ) ;
#4737 = EDGE_LOOP ( 'NONE', ( #3855, #3365, #6210, #5342 ) ) ;
#4738 = CARTESIAN_POINT ( 'NONE',  ( 19.76677218609431108, 0.5000000000000004441, -11.98970151184125932 ) ) ;
#4739 = VERTEX_POINT ( 'NONE', #260 ) ;
#4740 = AXIS2_PLACEMENT_3D ( 'NONE', #6639, #4045, #6773 ) ;
#4741 = CARTESIAN_POINT ( 'NONE',  ( 15.51453906012023332, 0.000000000000000000, -7.802622764334209648 ) ) ;
#4742 = CARTESIAN_POINT ( 'NONE',  ( -24.35665843275942066, 0.000000000000000000, 12.90762276433406797 ) ) ;
#4743 = CARTESIAN_POINT ( 'NONE',  ( 21.15831806709720553, 4.633722113560347466, 13.05437364137016232 ) ) ;
#4744 = ORIENTED_EDGE ( 'NONE', *, *, #2476, .T. ) ;
#4745 = DIRECTION ( 'NONE',  ( -0.000000000000000000, -1.000000000000000000, -0.000000000000000000 ) ) ;
#4746 = CARTESIAN_POINT ( 'NONE',  ( -16.30967357190272438, 4.302122217144075833, -26.24918328139960266 ) ) ;
#4747 = VECTOR ( 'NONE', #4956, 999.9999999999998863 ) ;
#4748 = CARTESIAN_POINT ( 'NONE',  ( 17.34721808183504876, 4.364216864301543097, 26.66735438536570513 ) ) ;
#4749 = EDGE_CURVE ( 'NONE', #906, #994, #5311, .T. ) ;
#4750 = EDGE_LOOP ( 'NONE', ( #5216, #6349, #3829, #2299 ) ) ;
#4751 = CARTESIAN_POINT ( 'NONE',  ( 11.07161490660913650, 4.633969980009441159, 20.62661248948515080 ) ) ;
#4752 = DIRECTION ( 'NONE',  ( 0.3187812165858771030, 0.000000000000000000, -0.9478283262026030442 ) ) ;
#4753 = ORIENTED_EDGE ( 'NONE', *, *, #2866, .T. ) ;
#4754 = AXIS2_PLACEMENT_3D ( 'NONE', #4607, #6715, #1987 ) ;
#4755 = ADVANCED_FACE ( 'NONE', ( #5042 ), #331, .T. ) ;
#4756 = ORIENTED_EDGE ( 'NONE', *, *, #5823, .F. ) ;
#4757 = VERTEX_POINT ( 'NONE', #803 ) ;
#4758 = AXIS2_PLACEMENT_3D ( 'NONE', #737, #4426, #6533 ) ;
#4759 = DIRECTION ( 'NONE',  ( 0.000000000000000000, 0.000000000000000000, 1.000000000000000000 ) ) ;
#4760 = AXIS2_PLACEMENT_3D ( 'NONE', #4421, #1797, #700 ) ;
#4761 = DIRECTION ( 'NONE',  ( -0.000000000000000000, -1.000000000000000000, -0.000000000000000000 ) ) ;
#4762 = LINE ( 'NONE', #44, #5601 ) ;
#4763 = EDGE_CURVE ( 'NONE', #6654, #300, #5009, .T. ) ;
#4764 = CARTESIAN_POINT ( 'NONE',  ( 26.24918328139943213, 4.670000000000000817, 16.30967357190298017 ) ) ;
#4765 = AXIS2_PLACEMENT_3D ( 'NONE', #905, #3012, #2049 ) ;
#4766 = CIRCLE ( 'NONE', #2020, 1.000000000000000888 ) ;
#4767 = AXIS2_PLACEMENT_3D ( 'NONE', #4119, #2527, #2562 ) ;
#4768 = CARTESIAN_POINT ( 'NONE',  ( 26.52108929809674720, 4.670000000000000817, -15.88930831464784355 ) ) ;
#4769 = CARTESIAN_POINT ( 'NONE',  ( 16.30967357190285583, 0.000000000000000000, -26.24918328139951029 ) ) ;
#4770 = DIRECTION ( 'NONE',  ( -0.000000000000000000, -1.000000000000000000, -0.000000000000000000 ) ) ;
#4771 = CYLINDRICAL_SURFACE ( 'NONE', #4551, 0.4999999999999999445 ) ;
#4772 = VERTEX_POINT ( 'NONE', #3518 ) ;
#4773 = B_SPLINE_CURVE_WITH_KNOTS ( 'NONE', 3,
 ( #6824, #2609, #4063, #5128, #5191, #6694, #518, #4164, #1024, #1058 ),
 .UNSPECIFIED., .F., .F.,
 ( 4, 2, 2, 2, 4 ),
 ( 0.000000000000000000, 0.0002478012868771084618, 0.0004956025737542169235, 0.0007434038606313254395, 0.0009912051475084338471 ),
 .UNSPECIFIED. ) ;
#4774 = ADVANCED_FACE ( 'NONE', ( #4013 ), #2425, .F. ) ;
#4775 = LINE ( 'NONE', #1223, #155 ) ;
#4776 = ORIENTED_EDGE ( 'NONE', *, *, #3586, .T. ) ;
#4777 = CIRCLE ( 'NONE', #4340, 25.13500000000000512 ) ;
#4778 = AXIS2_PLACEMENT_3D ( 'NONE', #6740, #947, #5626 ) ;
#4779 = CARTESIAN_POINT ( 'NONE',  ( -11.69152436717009458, 4.169999999999999929, -22.25031422186815178 ) ) ;
#4780 = DIRECTION ( 'NONE',  ( -0.000000000000000000, -1.000000000000000000, 0.000000000000000000 ) ) ;
#4781 = CARTESIAN_POINT ( 'NONE',  ( 12.42271421373348339, 4.251499961375350800, 19.51677218609430753 ) ) ;
#4782 = VERTEX_POINT ( 'NONE', #4461 ) ;
#4783 = DIRECTION ( 'NONE',  ( 0.000000000000000000, 0.000000000000000000, 1.000000000000000000 ) ) ;
#4784 = LINE ( 'NONE', #1195, #466 ) ;
#4785 = VERTEX_POINT ( 'NONE', #5111 ) ;
#4786 = ORIENTED_EDGE ( 'NONE', *, *, #5969, .T. ) ;
#4787 = AXIS2_PLACEMENT_3D ( 'NONE', #6434, #3216, #6496 ) ;
#4788 = VECTOR ( 'NONE', #3073, 1000.000000000000114 ) ;
#4789 = DIRECTION ( 'NONE',  ( -0.000000000000000000, -1.000000000000000000, -0.000000000000000000 ) ) ;
#4790 = VERTEX_POINT ( 'NONE', #6603 ) ;
#4791 = EDGE_CURVE ( 'NONE', #898, #3316, #6293, .T. ) ;
#4792 = CARTESIAN_POINT ( 'NONE',  ( -8.235635466226478130, 4.670000000000000817, 15.26453906012021200 ) ) ;
#4793 = CARTESIAN_POINT ( 'NONE',  ( -0.2499999999998581968, 4.670000000000000817, -0.4330127018919581183 ) ) ;
#4794 = CIRCLE ( 'NONE', #1586, 25.13500000000000512 ) ;
#4795 = ORIENTED_EDGE ( 'NONE', *, *, #5677, .T. ) ;
#4796 = VERTEX_POINT ( 'NONE', #6280 ) ;
#4797 = ORIENTED_EDGE ( 'NONE', *, *, #4035, .T. ) ;
#4798 = ADVANCED_FACE ( 'NONE', ( #5140 ), #3622, .T. ) ;
#4799 = FACE_OUTER_BOUND ( 'NONE', #5330, .T. ) ;
#4801 = EDGE_CURVE ( 'NONE', #1215, #6744, #6560, .T. ) ;
#4800 = LINE ( 'NONE', #1652, #4106 ) ;
#4802 = ORIENTED_EDGE ( 'NONE', *, *, #941, .T. ) ;
#4803 = DIRECTION ( 'NONE',  ( -0.5000000000000054401, -0.000000000000000000, 0.8660254037844354880 ) ) ;
#4804 = EDGE_CURVE ( 'NONE', #5195, #4124, #2553, .T. ) ;
#4805 = VECTOR ( 'NONE', #3109, 1000.000000000000000 ) ;
#4806 = DIRECTION ( 'NONE',  ( 0.000000000000000000, 0.000000000000000000, -1.000000000000000000 ) ) ;
#4807 = CARTESIAN_POINT ( 'NONE',  ( -27.24918328139941792, 4.302146110896724274, 14.57762276433412474 ) ) ;
#4808 = CARTESIAN_POINT ( 'NONE',  ( -20.51677218609434306, 0.000000000000000000, 10.69066340616454269 ) ) ;
#4809 = FACE_OUTER_BOUND ( 'NONE', #6188, .T. ) ;
#4810 = ORIENTED_EDGE ( 'NONE', *, *, #4971, .F. ) ;
#4811 = CARTESIAN_POINT ( 'NONE',  ( 13.12827881868119384, 4.670000000000000817, 9.814463748652000774 ) ) ;
#4812 = ADVANCED_FACE ( 'NONE', ( #5243 ), #3144, .F. ) ;
#4813 = DIRECTION ( 'NONE',  ( 0.9802340172108806593, -0.000000000000000000, 0.1978415312886023514 ) ) ;
#4814 = CARTESIAN_POINT ( 'NONE',  ( -13.66095511311962518, 4.670000000000000817, 27.64883365011740324 ) ) ;
#4815 = ORIENTED_EDGE ( 'NONE', *, *, #643, .T. ) ;
#4816 = CIRCLE ( 'NONE', #6028, 23.13499999999999446 ) ;
#4817 = CARTESIAN_POINT ( 'NONE',  ( -13.66095511311962518, 4.169999999999999929, 27.64883365011740324 ) ) ;
#4818 = CYLINDRICAL_SURFACE ( 'NONE', #5187, 0.4999999999999995559 ) ;
#4819 = ORIENTED_EDGE ( 'NONE', *, *, #2522, .T. ) ;
#4820 = EDGE_LOOP ( 'NONE', ( #2211, #5193, #2044, #1033 ) ) ;
#4821 = EDGE_CURVE ( 'NONE', #5209, #707, #4727, .T. ) ;
#4822 = CARTESIAN_POINT ( 'NONE',  ( -12.41567040287270984, 4.329481505472348779, -19.54557822481138629 ) ) ;
#4823 = CYLINDRICAL_SURFACE ( 'NONE', #1614, 0.4999999999999991673 ) ;
#4824 = ORIENTED_EDGE ( 'NONE', *, *, #1140, .F. ) ;
#4825 = CARTESIAN_POINT ( 'NONE',  ( 14.30585555931123487, 0.000000000000000000, -28.41310023613419133 ) ) ;
#4826 = CARTESIAN_POINT ( 'NONE',  ( 11.69152436717008392, 4.169999999999999929, 22.25031422186815178 ) ) ;
#4827 = VERTEX_POINT ( 'NONE', #2619 ) ;
#4828 = VERTEX_POINT ( 'NONE', #5796 ) ;
#4829 = ORIENTED_EDGE ( 'NONE', *, *, #3664, .T. ) ;
#4830 = CARTESIAN_POINT ( 'NONE',  ( 20.71392969959582331, 4.670000000000000817, 11.38184261884700454 ) ) ;
#4831 = CARTESIAN_POINT ( 'NONE',  ( -7.154068017591502127, 4.670000000000000817, -14.76889024202609946 ) ) ;
#4832 = CARTESIAN_POINT ( 'NONE',  ( 14.51453906012028305, 0.5000000000000004441, -9.534673571903006462 ) ) ;
#4833 = ORIENTED_EDGE ( 'NONE', *, *, #1317, .T. ) ;
#4834 = CARTESIAN_POINT ( 'NONE',  ( -19.54557822481135432, 4.329481505472348779, 12.41567040287275603 ) ) ;
#4835 = EDGE_CURVE ( 'NONE', #5131, #1539, #4728, .T. ) ;
#4836 = AXIS2_PLACEMENT_3D ( 'NONE', #5430, #5575, #6513 ) ;
#4837 = CARTESIAN_POINT ( 'NONE',  ( -9.814463748652045183, 4.169999999999999929, 13.12827881868115831 ) ) ;
#4838 = DIRECTION ( 'NONE',  ( -0.000000000000000000, -1.000000000000000000, -0.000000000000000000 ) ) ;
#4839 = LINE ( 'NONE', #4808, #4443 ) ;
#4840 = DIRECTION ( 'NONE',  ( -0.000000000000000000, -1.000000000000000000, -0.000000000000000000 ) ) ;
#4841 = VERTEX_POINT ( 'NONE', #1485 ) ;
#4842 = AXIS2_PLACEMENT_3D ( 'NONE', #1663, #577, #3159 ) ;
#4843 = CARTESIAN_POINT ( 'NONE',  ( -11.48617637608389863, 4.670000000000000817, -2.318265519249651962 ) ) ;
#4844 = EDGE_CURVE ( 'NONE', #131, #4939, #1594, .T. ) ;
#4845 = DIRECTION ( 'NONE',  ( -0.000000000000000000, -1.000000000000000000, 0.000000000000000000 ) ) ;
#4846 = CARTESIAN_POINT ( 'NONE',  ( 13.42357517473885586, 4.670000000000000817, -21.25031422186822283 ) ) ;
#4847 = ORIENTED_EDGE ( 'NONE', *, *, #6424, .F. ) ;
#4848 = CYLINDRICAL_SURFACE ( 'NONE', #2681, 0.5000000000000000000 ) ;
#4849 = LINE ( 'NONE', #5813, #3647 ) ;
#4850 = ORIENTED_EDGE ( 'NONE', *, *, #5766, .T. ) ;
#4851 = ADVANCED_FACE ( 'NONE', ( #4629 ), #5762, .T. ) ;
#4852 = EDGE_LOOP ( 'NONE', ( #579, #5433, #6598, #2985, #1139 ) ) ;
#4853 = CARTESIAN_POINT ( 'NONE',  ( -13.66095511311962518, 0.000000000000000000, 27.64883365011740324 ) ) ;
#4854 = VECTOR ( 'NONE', #399, 1000.000000000000000 ) ;
#4855 = DIRECTION ( 'NONE',  ( -0.9802340172108781058, 0.000000000000000000, -0.1978415312886143973 ) ) ;
#4856 = ORIENTED_EDGE ( 'NONE', *, *, #5135, .F. ) ;
#4857 = CARTESIAN_POINT ( 'NONE',  ( 9.478574580320762166, 4.622527583665942075, 13.37814691498531161 ) ) ;
#4858 = CARTESIAN_POINT ( 'NONE',  ( -20.21392969959577712, 4.670000000000000817, 12.24786802263152552 ) ) ;
#4859 = VERTEX_POINT ( 'NONE', #2114 ) ;
#4860 = EDGE_CURVE ( 'NONE', #6565, #2043, #4073, .T. ) ;
#4861 = ORIENTED_EDGE ( 'NONE', *, *, #1725, .F. ) ;
#4862 = CIRCLE ( 'NONE', #6630, 23.13499999999999446 ) ;
#4863 = ORIENTED_EDGE ( 'NONE', *, *, #6334, .T. ) ;
#4864 = VECTOR ( 'NONE', #598, 1000.000000000000114 ) ;
#4865 = CARTESIAN_POINT ( 'NONE',  ( 22.25031422186815533, 0.000000000000000000, -11.69152436717009103 ) ) ;
#4866 = LINE ( 'NONE', #148, #2414 ) ;
#4867 = CARTESIAN_POINT ( 'NONE',  ( 7.802622764334147476, 0.000000000000000000, 15.51453906012027062 ) ) ;
#4868 = VECTOR ( 'NONE', #5017, 1000.000000000000000 ) ;
#4869 = CARTESIAN_POINT ( 'NONE',  ( -27.64883365011752758, 4.169999999999999929, 14.66095511311941380 ) ) ;
#4870 = FACE_OUTER_BOUND ( 'NONE', #4852, .T. ) ;
#4871 = EDGE_CURVE ( 'NONE', #35, #3278, #4212, .T. ) ;
#4872 = CARTESIAN_POINT ( 'NONE',  ( 16.10941082093309262, 4.615749189755399051, -26.37959333286761066 ) ) ;
#4873 = LINE ( 'NONE', #3732, #477 ) ;
#4874 = EDGE_LOOP ( 'NONE', ( #6511, #1666, #1575, #3377 ) ) ;
#4875 = CIRCLE ( 'NONE', #3000, 325.5254822644254773 ) ;
#4876 = AXIS2_PLACEMENT_3D ( 'NONE', #1904, #1482, #836 ) ;
#4877 = DIRECTION ( 'NONE',  ( -0.000000000000000000, -1.000000000000000000, -0.000000000000000000 ) ) ;
#4878 = DIRECTION ( 'NONE',  ( 0.000000000000000000, 0.000000000000000000, 1.000000000000000000 ) ) ;
#4879 = VECTOR ( 'NONE', #2640, 1000.000000000000114 ) ;
#4880 = CARTESIAN_POINT ( 'NONE',  ( 13.40292280468944952, 4.623063768471133983, -9.472319863727994615 ) ) ;
#4881 = ORIENTED_EDGE ( 'NONE', *, *, #608, .F. ) ;
#4882 = EDGE_CURVE ( 'NONE', #3537, #6196, #4335, .T. ) ;
#4883 = FACE_OUTER_BOUND ( 'NONE', #1561, .T. ) ;
#4884 = DIRECTION ( 'NONE',  ( -0.000000000000000000, -1.000000000000000000, -0.000000000000000000 ) ) ;
#4885 = ORIENTED_EDGE ( 'NONE', *, *, #4702, .F. ) ;
#4886 = ORIENTED_EDGE ( 'NONE', *, *, #139, .F. ) ;
#4887 = CIRCLE ( 'NONE', #3895, 23.63499999999999801 ) ;
#4888 = DIRECTION ( 'NONE',  ( -0.000000000000000000, -1.000000000000000000, -0.000000000000000000 ) ) ;
#4889 = DIRECTION ( 'NONE',  ( 0.4999999999999992784, 0.000000000000000000, -0.8660254037844390407 ) ) ;
#4890 = CARTESIAN_POINT ( 'NONE',  ( 9.044556563297524221, 4.169999999999999929, 14.41561829447601895 ) ) ;
#4891 = ADVANCED_FACE ( 'NONE', ( #6320 ), #1583, .F. ) ;
#4892 = CARTESIAN_POINT ( 'NONE',  ( -27.64883365011735350, 0.000000000000000000, -14.66095511311972466 ) ) ;
#4893 = CARTESIAN_POINT ( 'NONE',  ( -20.05882151463838170, 4.669999999999999041, -12.28766986436291475 ) ) ;
#4894 = ORIENTED_EDGE ( 'NONE', *, *, #763, .F. ) ;
#4895 = ORIENTED_EDGE ( 'NONE', *, *, #6792, .T. ) ;
#4896 = EDGE_CURVE ( 'NONE', #1829, #6209, #2250, .T. ) ;
#4897 = CIRCLE ( 'NONE', #4351, 23.13499999999999801 ) ;
#4898 = ADVANCED_FACE ( 'NONE', ( #110 ), #6427, .T. ) ;
#4899 = CARTESIAN_POINT ( 'NONE',  ( 13.66095511311943511, 0.000000000000000000, -27.64883365011749561 ) ) ;
#4900 = DIRECTION ( 'NONE',  ( 0.3187812165858832647, -0.000000000000000000, 0.9478283262026009348 ) ) ;
#4901 = ORIENTED_EDGE ( 'NONE', *, *, #3970, .F. ) ;
#4902 = ORIENTED_EDGE ( 'NONE', *, *, #5013, .T. ) ;
#4903 = DIRECTION ( 'NONE',  ( 1.000000000000000000, 0.000000000000000000, 6.921832167980895041E-15 ) ) ;
#4904 = LINE ( 'NONE', #4837, #4570 ) ;
#4905 = DIRECTION ( 'NONE',  ( 0.000000000000000000, 0.000000000000000000, 1.000000000000000000 ) ) ;
#4906 = B_SPLINE_CURVE_WITH_KNOTS ( 'NONE', 3,
 ( #2099, #4163, #3093, #517, #6370, #5190 ),
 .UNSPECIFIED., .F., .F.,
 ( 4, 2, 4 ),
 ( 0.000000000000000000, 0.0003908072650539398565, 0.0007816145301078797130 ),
 .UNSPECIFIED. ) ;
#4907 = DIRECTION ( 'NONE',  ( -0.8660254037844393737, -0.000000000000000000, -0.4999999999999986122 ) ) ;
#4908 = CARTESIAN_POINT ( 'NONE',  ( 0.000000000000000000, 4.670000000000000817, 0.000000000000000000 ) ) ;
#4909 = EDGE_LOOP ( 'NONE', ( #5142, #5793, #1473, #4557 ) ) ;
#4910 = LINE ( 'NONE', #226, #492 ) ;
#4911 = DIRECTION ( 'NONE',  ( 0.000000000000000000, 0.000000000000000000, 1.000000000000000000 ) ) ;
#4912 = CARTESIAN_POINT ( 'NONE',  ( 9.224864364556331964, 0.000000000000000000, 5.325977924111742645 ) ) ;
#4913 = CARTESIAN_POINT ( 'NONE',  ( 20.21392969959578423, 4.670000000000000817, -12.24786802263150420 ) ) ;
#4914 = ORIENTED_EDGE ( 'NONE', *, *, #827, .T. ) ;
#4915 = VERTEX_POINT ( 'NONE', #1651 ) ;
#4916 = EDGE_CURVE ( 'NONE', #4608, #98, #5965, .T. ) ;
#4917 = DIRECTION ( 'NONE',  ( -0.000000000000000000, -1.000000000000000000, -0.000000000000000000 ) ) ;
#4918 = DIRECTION ( 'NONE',  ( 0.8660254037844290487, 0.000000000000000000, 0.5000000000000167644 ) ) ;
#4919 = AXIS2_PLACEMENT_3D ( 'NONE', #6132, #4613, #3503 ) ;
#4920 = FACE_OUTER_BOUND ( 'NONE', #5472, .T. ) ;
#4921 = ORIENTED_EDGE ( 'NONE', *, *, #3917, .T. ) ;
#4922 = CARTESIAN_POINT ( 'NONE',  ( -28.37807185327414672, 4.328159397827627153, 14.38077490976945327 ) ) ;
#4923 = CARTESIAN_POINT ( 'NONE',  ( -20.21392969959574870, 4.670000000000000817, -12.24786802263156460 ) ) ;
#4924 = ORIENTED_EDGE ( 'NONE', *, *, #827, .F. ) ;
#4925 = ORIENTED_EDGE ( 'NONE', *, *, #873, .F. ) ;
#4926 = EDGE_CURVE ( 'NONE', #5861, #3368, #2136, .T. ) ;
#4927 = CARTESIAN_POINT ( 'NONE',  ( -11.75100665499373420, 4.670000000000000817, -6.784446855506382157 ) ) ;
#4928 = CARTESIAN_POINT ( 'NONE',  ( 15.88930831464778493, 4.670000000000000817, 26.52108929809684668 ) ) ;
#4929 = ORIENTED_EDGE ( 'NONE', *, *, #5095, .F. ) ;
#4930 = DIRECTION ( 'NONE',  ( 0.000000000000000000, 0.000000000000000000, 1.000000000000000000 ) ) ;
#4931 = ORIENTED_EDGE ( 'NONE', *, *, #5548, .T. ) ;
#4932 = EDGE_CURVE ( 'NONE', #4757, #2513, #6763, .T. ) ;
#4933 = AXIS2_PLACEMENT_3D ( 'NONE', #5099, #1444, #4037 ) ;
#4934 = CARTESIAN_POINT ( 'NONE',  ( -11.69913432861238256, 4.326912768932365871, -22.22404932505332908 ) ) ;
#4935 = CARTESIAN_POINT ( 'NONE',  ( -20.26677218609434306, 4.169999999999999929, 11.12367610805676144 ) ) ;
#4936 = DIRECTION ( 'NONE',  ( 0.9478283262025974931, 0.000000000000000000, -0.3187812165858939228 ) ) ;
#4937 = CARTESIAN_POINT ( 'NONE',  ( -14.60087070261891107, 4.670000000000000817, 9.007166899749398326 ) ) ;
#4938 = CARTESIAN_POINT ( 'NONE',  ( -26.59578445530214807, 4.169999999999999929, -17.45353882510841714 ) ) ;
#4939 = VERTEX_POINT ( 'NONE', #6491 ) ;
#4940 = CARTESIAN_POINT ( 'NONE',  ( -9.814463748652045183, 0.000000000000000000, 13.12827881868116009 ) ) ;
#4941 = EDGE_CURVE ( 'NONE', #593, #3476, #3779, .T. ) ;
#4942 = CARTESIAN_POINT ( 'NONE',  ( -11.69152436717009991, 4.670000000000000817, -22.25031422186814822 ) ) ;
#4943 = VERTEX_POINT ( 'NONE', #4865 ) ;
#4944 = CYLINDRICAL_SURFACE ( 'NONE', #6546, 14.99267480351038628 ) ;
#4945 = CARTESIAN_POINT ( 'NONE',  ( 14.51453906012028305, 4.670000000000000817, -9.534673571903006462 ) ) ;
#4946 = ORIENTED_EDGE ( 'NONE', *, *, #1814, .F. ) ;
#4947 = PLANE ( 'NONE',  #6535 ) ;
#4948 = VERTEX_POINT ( 'NONE', #3313 ) ;
#4949 = CIRCLE ( 'NONE', #3627, 1.000000000000000888 ) ;
#4950 = CARTESIAN_POINT ( 'NONE',  ( -8.141141495965083408, 4.670000000000000817, -15.10087070261880449 ) ) ;
#4951 = CARTESIAN_POINT ( 'NONE',  ( -20.55152990548342018, 4.460164429271617159, -10.81036964520646038 ) ) ;
#4952 = CARTESIAN_POINT ( 'NONE',  ( -9.534673571902855471, 0.000000000000000000, -14.51453906012038431 ) ) ;
#4953 = B_SPLINE_CURVE_WITH_KNOTS ( 'NONE', 3,
 ( #5633, #6746, #4053, #2091, #5735, #3632, #5081, #6155 ),
 .UNSPECIFIED., .F., .F.,
 ( 4, 2, 2, 4 ),
 ( 0.0004944462805459710593, 0.0007863661969561790534, 0.0009323261551612863031, 0.001078286113366393661 ),
 .UNSPECIFIED. ) ;
#4954 = ORIENTED_EDGE ( 'NONE', *, *, #1333, .T. ) ;
#4955 = CARTESIAN_POINT ( 'NONE',  ( -28.41310023613313618, 4.216588310615366098, 14.30585555931255826 ) ) ;
#4956 = DIRECTION ( 'NONE',  ( 0.5000000000000027756, -0.000000000000000000, -0.8660254037844371533 ) ) ;
#4957 = EDGE_CURVE ( 'NONE', #3746, #4828, #5867, .T. ) ;
#4958 = VERTEX_POINT ( 'NONE', #3859 ) ;
#4959 = ORIENTED_EDGE ( 'NONE', *, *, #2440, .T. ) ;
#4960 = AXIS2_PLACEMENT_3D ( 'NONE', #2277, #1748, #5859 ) ;
#4961 = ADVANCED_FACE ( 'NONE', ( #4799 ), #5443, .T. ) ;
#4962 = FACE_OUTER_BOUND ( 'NONE', #5615, .T. ) ;
#4963 = LINE ( 'NONE', #6596, #4065 ) ;
#4964 = ORIENTED_EDGE ( 'NONE', *, *, #5237, .F. ) ;
#4965 = VECTOR ( 'NONE', #6066, 1000.000000000000000 ) ;
#4966 = EDGE_LOOP ( 'NONE', ( #3893, #5093, #6170, #3267 ) ) ;
#4967 = VECTOR ( 'NONE', #6512, 1000.000000000000000 ) ;
#4968 = CARTESIAN_POINT ( 'NONE',  ( 17.11411476945192689, 0.000000000000000000, -26.65515099297921253 ) ) ;
#4969 = LINE ( 'NONE', #3904, #6111 ) ;
#4970 = LINE ( 'NONE', #189, #5616 ) ;
#4971 = EDGE_CURVE ( 'NONE', #6701, #817, #152, .T. ) ;
#4972 = DIRECTION ( 'NONE',  ( 0.000000000000000000, 1.000000000000000000, 0.000000000000000000 ) ) ;
#4973 = DIRECTION ( 'NONE',  ( -0.000000000000000000, -1.000000000000000000, -0.000000000000000000 ) ) ;
#4974 = EDGE_LOOP ( 'NONE', ( #6555, #5748, #2077, #3790, #2727, #6256 ) ) ;
#4975 = CARTESIAN_POINT ( 'NONE',  ( -25.65515099297898871, 4.169999999999999929, -17.11411476945219334 ) ) ;
#4976 = VECTOR ( 'NONE', #6738, 1000.000000000000000 ) ;
#4977 = DIRECTION ( 'NONE',  ( -0.000000000000000000, -1.000000000000000000, -0.000000000000000000 ) ) ;
#4978 = ORIENTED_EDGE ( 'NONE', *, *, #4271, .T. ) ;
#4979 = EDGE_CURVE ( 'NONE', #3691, #6035, #4201, .T. ) ;
#4980 = CIRCLE ( 'NONE', #4658, 23.13499999999999446 ) ;
#4981 = ADVANCED_FACE ( 'NONE', ( #2152 ), #2654, .T. ) ;
#4982 = DIRECTION ( 'NONE',  ( 0.000000000000000000, 0.000000000000000000, -1.000000000000000000 ) ) ;
#4983 = LINE ( 'NONE', #271, #3102 ) ;
#4984 = VERTEX_POINT ( 'NONE', #4831 ) ;
#4985 = FACE_OUTER_BOUND ( 'NONE', #4419, .T. ) ;
#4986 = ORIENTED_EDGE ( 'NONE', *, *, #309, .F. ) ;
#4987 = CIRCLE ( 'NONE', #806, 11.67924603423417551 ) ;
#4988 = AXIS2_PLACEMENT_3D ( 'NONE', #442, #2530, #6748 ) ;
#4989 = DIRECTION ( 'NONE',  ( 0.000000000000000000, 1.000000000000000000, 0.000000000000000000 ) ) ;
#4990 = CARTESIAN_POINT ( 'NONE',  ( -20.56910278219157817, 4.512344096653366776, -10.87118342902640578 ) ) ;
#4991 = CARTESIAN_POINT ( 'NONE',  ( 2.318265519249508522, 4.670000000000000817, 11.48617637608389863 ) ) ;
#4992 = ORIENTED_EDGE ( 'NONE', *, *, #5064, .T. ) ;
#4993 = CARTESIAN_POINT ( 'NONE',  ( 13.14942338491211515, 4.333077446092013396, 9.788094217504301753 ) ) ;
#4994 = CARTESIAN_POINT ( 'NONE',  ( -1.689999999999914015, 2.669999999999999929, -25.07812044392483131 ) ) ;
#4995 = TOROIDAL_SURFACE ( 'NONE', #267, 1.500000000000069500, 0.5000000000000000000 ) ;
#4996 = B_SPLINE_CURVE_WITH_KNOTS ( 'NONE', 3,
 ( #2157, #4807, #87, #3150, #2739, #1555 ),
 .UNSPECIFIED., .F., .F.,
 ( 4, 2, 4 ),
 ( 0.000000000000000000, 0.0003908072650538767017, 0.0007816145301077534035 ),
 .UNSPECIFIED. ) ;
#4997 = ORIENTED_EDGE ( 'NONE', *, *, #3454, .F. ) ;
#4998 = DIRECTION ( 'NONE',  ( -0.000000000000000000, -1.000000000000000000, -0.000000000000000000 ) ) ;
#4999 = DIRECTION ( 'NONE',  ( 0.8660254037844273833, -0.000000000000000000, 0.5000000000000195399 ) ) ;
#5000 = ORIENTED_EDGE ( 'NONE', *, *, #5202, .T. ) ;
#5001 = ORIENTED_EDGE ( 'NONE', *, *, #42, .F. ) ;
#5002 = ADVANCED_FACE ( 'NONE', ( #43 ), #1689, .T. ) ;
#5003 = AXIS2_PLACEMENT_3D ( 'NONE', #2463, #6087, #4050 ) ;
#5004 = FACE_OUTER_BOUND ( 'NONE', #6201, .T. ) ;
#5005 = CARTESIAN_POINT ( 'NONE',  ( -14.79062215075756193, 4.615696297820567118, 27.14099165632319099 ) ) ;
#5006 = FACE_OUTER_BOUND ( 'NONE', #4621, .T. ) ;
#5007 = FACE_OUTER_BOUND ( 'NONE', #1724, .T. ) ;
#5008 =( BOUNDED_CURVE ( )  B_SPLINE_CURVE ( 3, ( #669, #701, #5908, #2769 ),
 .UNSPECIFIED., .F., .T. ) 
 B_SPLINE_CURVE_WITH_KNOTS ( ( 4, 4 ),
 ( 0.000000000000000000, 1.570796326794899223 ),
 .UNSPECIFIED. ) 
 CURVE ( )  GEOMETRIC_REPRESENTATION_ITEM ( )  RATIONAL_B_SPLINE_CURVE ( ( 1.000000000000000000, 0.8047378541243643824, 0.8047378541243643824, 1.000000000000000000 ) ) 
 REPRESENTATION_ITEM ( '' )  );
#5009 = LINE ( 'NONE', #3422, #2027 ) ;
#5010 = CARTESIAN_POINT ( 'NONE',  ( 11.69152436717008747, 4.249933037358192500, 22.25031422186816243 ) ) ;
#5011 = ORIENTED_EDGE ( 'NONE', *, *, #2950, .F. ) ;
#5012 = CARTESIAN_POINT ( 'NONE',  ( 27.64883365011744587, 4.169999999999999929, 13.66095511311953281 ) ) ;
#5013 = EDGE_CURVE ( 'NONE', #1299, #2477, #3796, .T. ) ;
#5014 = CARTESIAN_POINT ( 'NONE',  ( 20.62661248948515436, 4.633969980009440270, 11.07161490660914005 ) ) ;
#5015 = ORIENTED_EDGE ( 'NONE', *, *, #6550, .F. ) ;
#5016 = CARTESIAN_POINT ( 'NONE',  ( 0.000000000000000000, 4.169999999999999929, 0.000000000000000000 ) ) ;
#5017 = DIRECTION ( 'NONE',  ( 1.051949387485938019E-14, -0.000000000000000000, -1.000000000000000000 ) ) ;
#5018 = ORIENTED_EDGE ( 'NONE', *, *, #5378, .T. ) ;
#5019 = B_SPLINE_CURVE_WITH_KNOTS ( 'NONE', 3,
 ( #4595, #1973, #5005, #677, #6704, #1417 ),
 .UNSPECIFIED., .F., .F.,
 ( 4, 2, 4 ),
 ( -1.477143756511875607E-05, 0.0003797396612298610443, 0.0007742507600248407871 ),
 .UNSPECIFIED. ) ;
#5020 = ORIENTED_EDGE ( 'NONE', *, *, #101, .F. ) ;
#5021 = AXIS2_PLACEMENT_3D ( 'NONE', #901, #5916, #4878 ) ;
#5022 = ADVANCED_FACE ( 'NONE', ( #6354 ), #4381, .T. ) ;
#5023 = EDGE_CURVE ( 'NONE', #4859, #2647, #3210, .T. ) ;
#5024 = CARTESIAN_POINT ( 'NONE',  ( -15.10087070261881337, 4.670000000000000817, 8.141141495965079855 ) ) ;
#5025 = DIRECTION ( 'NONE',  ( -0.000000000000000000, -1.000000000000000000, -0.000000000000000000 ) ) ;
#5026 = CARTESIAN_POINT ( 'NONE',  ( 0.000000000000000000, 0.000000000000000000, 0.000000000000000000 ) ) ;
#5027 = ORIENTED_EDGE ( 'NONE', *, *, #3970, .T. ) ;
#5028 = DIRECTION ( 'NONE',  ( 0.4999999999999803491, -0.000000000000000000, 0.8660254037844500319 ) ) ;
#5029 = CARTESIAN_POINT ( 'NONE',  ( 15.34319201611854488, 4.669999999999999929, 7.942841814093084096 ) ) ;
#5030 = ORIENTED_EDGE ( 'NONE', *, *, #5495, .T. ) ;
#5031 = EDGE_CURVE ( 'NONE', #5617, #1882, #2697, .T. ) ;
#5032 = VECTOR ( 'NONE', #6339, 1000.000000000000000 ) ;
#5033 = AXIS2_PLACEMENT_3D ( 'NONE', #6441, #3364, #6401 ) ;
#5034 = LINE ( 'NONE', #4451, #6518 ) ;
#5035 = DIRECTION ( 'NONE',  ( 0.000000000000000000, 1.000000000000000000, 0.000000000000000000 ) ) ;
#5036 = EDGE_LOOP ( 'NONE', ( #4861, #4311, #2212, #6615 ) ) ;
#5037 = ORIENTED_EDGE ( 'NONE', *, *, #4605, .T. ) ;
#5038 = LINE ( 'NONE', #397, #3770 ) ;
#5039 = DIRECTION ( 'NONE',  ( 0.8660254037844388186, 0.000000000000000000, -0.4999999999999996669 ) ) ;
#5040 = LINE ( 'NONE', #4528, #1382 ) ;
#5041 = CARTESIAN_POINT ( 'NONE',  ( 0.000000000000000000, 2.669999999999999929, 0.000000000000000000 ) ) ;
#5042 = FACE_OUTER_BOUND ( 'NONE', #3919, .T. ) ;
#5043 = CARTESIAN_POINT ( 'NONE',  ( 11.69152436717008570, 4.169999999999999929, 22.25031422186815533 ) ) ;
#5044 = EDGE_LOOP ( 'NONE', ( #3820, #969, #3613, #6493 ) ) ;
#5045 = EDGE_CURVE ( 'NONE', #795, #5894, #2417, .T. ) ;
#5046 = CARTESIAN_POINT ( 'NONE',  ( -9.814463748652045183, 2.669999999999999929, 13.12827881868116009 ) ) ;
#5047 = CARTESIAN_POINT ( 'NONE',  ( 20.51677218609434661, 4.251499961375350800, 10.69066340616454802 ) ) ;
#5048 = ORIENTED_EDGE ( 'NONE', *, *, #1007, .T. ) ;
#5049 = CARTESIAN_POINT ( 'NONE',  ( -28.41310023613404567, 4.216268071758781488, -14.30585555931152797 ) ) ;
#5050 = CARTESIAN_POINT ( 'NONE',  ( -13.48511782075991228, 4.670000000000000817, -9.348519877282132740 ) ) ;
#5051 = VERTEX_POINT ( 'NONE', #3383 ) ;
#5052 = EDGE_CURVE ( 'NONE', #5880, #5160, #1790, .T. ) ;
#5053 = DIRECTION ( 'NONE',  ( 3.378977344427017999E-15, 0.000000000000000000, -1.000000000000000000 ) ) ;
#5054 = VERTEX_POINT ( 'NONE', #287 ) ;
#5055 = DIRECTION ( 'NONE',  ( 0.000000000000000000, 0.000000000000000000, 1.000000000000000000 ) ) ;
#5056 = DIRECTION ( 'NONE',  ( 0.4999999999999991673, 0.000000000000000000, -0.8660254037844390407 ) ) ;
#5057 = CARTESIAN_POINT ( 'NONE',  ( 0.4330127018923637938, 4.169999999999999929, 0.2500000000000766609 ) ) ;
#5058 = VERTEX_POINT ( 'NONE', #2937 ) ;
#5059 = CARTESIAN_POINT ( 'NONE',  ( 25.65515099297911661, 0.000000000000000000, -17.11411476945202992 ) ) ;
#5060 = CARTESIAN_POINT ( 'NONE',  ( 27.64883365011742811, 0.000000000000000000, -14.66095511311958077 ) ) ;
#5061 = EDGE_CURVE ( 'NONE', #2729, #6803, #6595, .T. ) ;
#5062 = ORIENTED_EDGE ( 'NONE', *, *, #4104, .F. ) ;
#5063 = AXIS2_PLACEMENT_3D ( 'NONE', #504, #4704, #3765 ) ;
#5064 = EDGE_CURVE ( 'NONE', #3913, #3490, #1863, .T. ) ;
#5065 = CARTESIAN_POINT ( 'NONE',  ( 26.61019076166164510, 4.257934903740276944, 17.43291248170757157 ) ) ;
#5066 = ORIENTED_EDGE ( 'NONE', *, *, #2950, .T. ) ;
#5067 = ORIENTED_EDGE ( 'NONE', *, *, #6594, .T. ) ;
#5068 = CARTESIAN_POINT ( 'NONE',  ( -14.83724752211702835, 4.660548028758753958, -7.005243148281337540 ) ) ;
#5069 = CARTESIAN_POINT ( 'NONE',  ( 14.93209027587175086, 4.594068723090837914, 6.786023993619880734 ) ) ;
#5070 = CIRCLE ( 'NONE', #1442, 12.90862149930206293 ) ;
#5071 = PLANE ( 'NONE',  #1380 ) ;
#5072 = CARTESIAN_POINT ( 'NONE',  ( -26.76712113102696478, 4.493594777831583009, -17.21131784819732502 ) ) ;
#5073 = CARTESIAN_POINT ( 'NONE',  ( -12.42271421373343188, 4.670000000000000817, -19.51677218609432884 ) ) ;
#5074 = CARTESIAN_POINT ( 'NONE',  ( -9.044556563297589946, 4.670000000000000817, 14.41561829447596033 ) ) ;
#5075 = ORIENTED_EDGE ( 'NONE', *, *, #2490, .T. ) ;
#5076 = B_SPLINE_CURVE_WITH_KNOTS ( 'NONE', 3,
 ( #6197, #6100, #3474, #6693, #5578, #4062, #4615, #858 ),
 .UNSPECIFIED., .F., .F.,
 ( 4, 2, 2, 4 ),
 ( 0.000000000000000000, 0.0002441089400449481753, 0.0004882178800898963507, 0.0009764357601797905330 ),
 .UNSPECIFIED. ) ;
#5077 = DIRECTION ( 'NONE',  ( -0.000000000000000000, -1.000000000000000000, -0.000000000000000000 ) ) ;
#5078 = CARTESIAN_POINT ( 'NONE',  ( -27.24918328139926516, 4.169999999999999929, -14.57762276433443560 ) ) ;
#5079 = CARTESIAN_POINT ( 'NONE',  ( -14.30585555931274122, 4.169999999999999929, -28.41310023613296210 ) ) ;
#5080 = CARTESIAN_POINT ( 'NONE',  ( -28.28888341715572352, 4.493748160386493495, -14.57559258440122107 ) ) ;
#5081 = CARTESIAN_POINT ( 'NONE',  ( -17.45353882510863386, 4.220145418395397030, 26.59578445530208413 ) ) ;
#5082 = ORIENTED_EDGE ( 'NONE', *, *, #6505, .T. ) ;
#5083 = VERTEX_POINT ( 'NONE', #4415 ) ;
#5084 = AXIS2_PLACEMENT_3D ( 'NONE', #2159, #118, #2628 ) ;
#5085 = EDGE_CURVE ( 'NONE', #3273, #1299, #1897, .T. ) ;
#5086 = DIRECTION ( 'NONE',  ( 0.000000000000000000, 0.000000000000000000, 1.000000000000000000 ) ) ;
#5087 = CARTESIAN_POINT ( 'NONE',  ( -12.37777340091431633, 4.512345469905874040, 19.69927413375871694 ) ) ;
#5088 = DIRECTION ( 'NONE',  ( -0.000000000000000000, -1.000000000000000000, -0.000000000000000000 ) ) ;
#5089 = ORIENTED_EDGE ( 'NONE', *, *, #6116, .T. ) ;
#5090 = CARTESIAN_POINT ( 'NONE',  ( -26.27899918359684506, 4.431339364531995173, 16.26425990896827756 ) ) ;
#5091 = CYLINDRICAL_SURFACE ( 'NONE', #3315, 20.67695921580875407 ) ;
#5092 = VECTOR ( 'NONE', #841, 1000.000000000000000 ) ;
#5093 = ORIENTED_EDGE ( 'NONE', *, *, #309, .T. ) ;
#5094 = VECTOR ( 'NONE', #1580, 1000.000000000000000 ) ;
#5095 = EDGE_CURVE ( 'NONE', #6744, #3139, #729, .T. ) ;
#5096 = TOROIDAL_SURFACE ( 'NONE', #3448, 24.63500000000000512, 0.5000000000000000000 ) ;
#5097 = ORIENTED_EDGE ( 'NONE', *, *, #5150, .F. ) ;
#5098 = AXIS2_PLACEMENT_3D ( 'NONE', #2025, #3019, #3635 ) ;
#5099 = CARTESIAN_POINT ( 'NONE',  ( 4.417525414551752405, 4.670000000000000817, -2.550459487243502910 ) ) ;
#5100 = ORIENTED_EDGE ( 'NONE', *, *, #1752, .F. ) ;
#5101 = VECTOR ( 'NONE', #5288, 1000.000000000000000 ) ;
#5102 = ORIENTED_EDGE ( 'NONE', *, *, #1542, .F. ) ;
#5103 = VECTOR ( 'NONE', #3293, 1000.000000000000000 ) ;
#5104 = B_SPLINE_CURVE_WITH_KNOTS ( 'NONE', 3,
 ( #5765, #666, #4834, #3252, #3213, #2154, #4731, #5907 ),
 .UNSPECIFIED., .F., .F.,
 ( 4, 2, 2, 4 ),
 ( 0.000000000000000000, 0.0002401996643866244872, 0.0004803993287732489744, 0.0009607986575464893837 ),
 .UNSPECIFIED. ) ;
#5105 = EDGE_CURVE ( 'NONE', #5252, #124, #5034, .T. ) ;
#5106 = EDGE_CURVE ( 'NONE', #2948, #845, #862, .T. ) ;
#5107 = CARTESIAN_POINT ( 'NONE',  ( -14.90122735996143177, 4.622816595023753194, -6.858908486273841199 ) ) ;
#5108 = DIRECTION ( 'NONE',  ( -0.8660254037844449249, -0.000000000000000000, 0.4999999999999888423 ) ) ;
#5109 = LINE ( 'NONE', #1907, #4527 ) ;
#5110 = AXIS2_PLACEMENT_3D ( 'NONE', #2351, #3901, #1756 ) ;
#5111 = CARTESIAN_POINT ( 'NONE',  ( 22.25031422186815533, 4.169999999999999929, 11.69152436717008570 ) ) ;
#5112 = FACE_OUTER_BOUND ( 'NONE', #1569, .T. ) ;
#5113 = VERTEX_POINT ( 'NONE', #5475 ) ;
#5114 = TOROIDAL_SURFACE ( 'NONE', #2151, 23.63499999999999801, 0.5000000000000000000 ) ;
#5115 = CARTESIAN_POINT ( 'NONE',  ( -14.30585555931143382, 4.169999999999999929, 28.41310023613409186 ) ) ;
#5116 = CARTESIAN_POINT ( 'NONE',  ( 23.07319061161675577, 2.669999999999999929, 1.690000000000158042 ) ) ;
#5117 = AXIS2_PLACEMENT_3D ( 'NONE', #524, #555, #2106 ) ;
#5118 = CARTESIAN_POINT ( 'NONE',  ( -13.66095511311924149, 4.670000000000000817, -27.64883365011757377 ) ) ;
#5119 = DIRECTION ( 'NONE',  ( 0.3187812165858493474, 0.000000000000000000, -0.9478283262026123701 ) ) ;
#5120 = ORIENTED_EDGE ( 'NONE', *, *, #5999, .T. ) ;
#5121 = DIRECTION ( 'NONE',  ( 0.4999999999998913647, 0.000000000000000000, 0.8660254037845013242 ) ) ;
#5122 = ORIENTED_EDGE ( 'NONE', *, *, #6699, .F. ) ;
#5123 = CARTESIAN_POINT ( 'NONE',  ( 28.41310023613297275, 4.169999999999999929, -14.30585555931277142 ) ) ;
#5124 = DIRECTION ( 'NONE',  ( 0.000000000000000000, 1.000000000000000000, 0.000000000000000000 ) ) ;
#5125 = DIRECTION ( 'NONE',  ( -1.064377863494507932E-14, 0.000000000000000000, 1.000000000000000000 ) ) ;
#5126 = VERTEX_POINT ( 'NONE', #2832 ) ;
#5127 = CARTESIAN_POINT ( 'NONE',  ( -25.07812044392482775, 2.669999999999999929, -1.689999999999997060 ) ) ;
#5128 = CARTESIAN_POINT ( 'NONE',  ( -13.39988801521391260, 4.623006405394905372, 9.473067621374298142 ) ) ;
#5129 = CARTESIAN_POINT ( 'NONE',  ( 2.924091636693207708, 4.670000000000000817, -5.064675280739946217 ) ) ;
#5130 = ADVANCED_FACE ( 'NONE', ( #6071 ), #2329, .T. ) ;
#5131 = VERTEX_POINT ( 'NONE', #322 ) ;
#5132 = EDGE_LOOP ( 'NONE', ( #3301, #4631, #4410, #698 ) ) ;
#5133 = DIRECTION ( 'NONE',  ( 0.000000000000000000, 0.000000000000000000, 1.000000000000000000 ) ) ;
#5134 = ORIENTED_EDGE ( 'NONE', *, *, #2618, .F. ) ;
#5135 = EDGE_CURVE ( 'NONE', #4454, #1929, #4519, .T. ) ;
#5136 = CIRCLE ( 'NONE', #4919, 23.63499999999999801 ) ;
#5137 = ORIENTED_EDGE ( 'NONE', *, *, #1914, .F. ) ;
#5138 = CARTESIAN_POINT ( 'NONE',  ( -14.80393694213707079, 4.669999999999999041, -7.079577077550711195 ) ) ;
#5139 = CARTESIAN_POINT ( 'NONE',  ( -13.12827881868112456, 4.169999999999999929, -9.814463748652098474 ) ) ;
#5140 = FACE_OUTER_BOUND ( 'NONE', #4091, .T. ) ;
#5141 = CARTESIAN_POINT ( 'NONE',  ( -12.74797539976511551, 4.670000000000000817, -21.08014108603127212 ) ) ;
#5142 = ORIENTED_EDGE ( 'NONE', *, *, #1795, .T. ) ;
#5143 = EDGE_CURVE ( 'NONE', #607, #2848, #6107, .T. ) ;
#5144 = CARTESIAN_POINT ( 'NONE',  ( 22.25031422186815533, 0.000000000000000000, 11.69152436717008570 ) ) ;
#5145 = DIRECTION ( 'NONE',  ( -0.8660254037844246078, -0.000000000000000000, 0.5000000000000242029 ) ) ;
#5146 = ORIENTED_EDGE ( 'NONE', *, *, #3033, .T. ) ;
#5147 = DIRECTION ( 'NONE',  ( 0.000000000000000000, 0.000000000000000000, -1.000000000000000000 ) ) ;
#5148 = CARTESIAN_POINT ( 'NONE',  ( 26.59578445530147306, 4.169999999999999929, -17.45353882511041377 ) ) ;
#5149 = VERTEX_POINT ( 'NONE', #1383 ) ;
#5150 = EDGE_CURVE ( 'NONE', #6504, #1765, #685, .T. ) ;
#5151 = PLANE ( 'NONE',  #4988 ) ;
#5152 = ORIENTED_EDGE ( 'NONE', *, *, #4466, .F. ) ;
#5153 = CARTESIAN_POINT ( 'NONE',  ( -20.51677218609434306, 2.669999999999999929, 10.69066340616454269 ) ) ;
#5154 = DIRECTION ( 'NONE',  ( 0.000000000000000000, 0.000000000000000000, 1.000000000000000000 ) ) ;
#5155 = CYLINDRICAL_SURFACE ( 'NONE', #1401, 1.000000000000000888 ) ;
#5156 = VERTEX_POINT ( 'NONE', #1827 ) ;
#5157 = CARTESIAN_POINT ( 'NONE',  ( 20.51677218609434306, 0.000000000000000000, 10.69066340616454802 ) ) ;
#5158 = CARTESIAN_POINT ( 'NONE',  ( 17.01349291263841224, 4.616076455305447190, -26.90286819469230295 ) ) ;
#5159 = CARTESIAN_POINT ( 'NONE',  ( 17.18498150715686279, 4.500873463579732281, 26.77516488070074629 ) ) ;
#5160 = VERTEX_POINT ( 'NONE', #3933 ) ;
#5161 = CARTESIAN_POINT ( 'NONE',  ( 10.71913207290626602, 4.329481505472351444, 20.52507508630802846 ) ) ;
#5162 = ADVANCED_FACE ( 'NONE', ( #4962 ), #793, .T. ) ;
#5163 = ORIENTED_EDGE ( 'NONE', *, *, #4926, .F. ) ;
#5164 = ORIENTED_EDGE ( 'NONE', *, *, #5842, .F. ) ;
#5165 = CARTESIAN_POINT ( 'NONE',  ( 14.32991980598825954, 4.258079877851684181, 28.40140743578816185 ) ) ;
#5166 = CARTESIAN_POINT ( 'NONE',  ( -16.30967357190272438, 0.000000000000000000, -26.24918328139960622 ) ) ;
#5167 = EDGE_CURVE ( 'NONE', #95, #3480, #1660, .T. ) ;
#5168 = CARTESIAN_POINT ( 'NONE',  ( -27.24918328139926516, 4.670000000000000817, -14.57762276433443560 ) ) ;
#5169 = CARTESIAN_POINT ( 'NONE',  ( -10.87118513549175525, 4.512345469905873152, 20.56910327435835839 ) ) ;
#5170 = LINE ( 'NONE', #4074, #4976 ) ;
#5171 = VERTEX_POINT ( 'NONE', #4273 ) ;
#5172 = AXIS2_PLACEMENT_3D ( 'NONE', #2289, #6009, #5380 ) ;
#5173 = ADVANCED_FACE ( 'NONE', ( #1674 ), #1639, .F. ) ;
#5174 = PLANE ( 'NONE',  #2921 ) ;
#5175 = ORIENTED_EDGE ( 'NONE', *, *, #3022, .T. ) ;
#5176 = CARTESIAN_POINT ( 'NONE',  ( -14.51453906012035233, 4.169999999999999929, 9.534673571902905209 ) ) ;
#5177 = CARTESIAN_POINT ( 'NONE',  ( -15.02328291086361567, 4.670000000000000817, 27.02108929809660864 ) ) ;
#5178 = ORIENTED_EDGE ( 'NONE', *, *, #1497, .F. ) ;
#5179 = CARTESIAN_POINT ( 'NONE',  ( 14.51453906012028128, 4.169999999999999929, 9.534673571902997580 ) ) ;
#5180 = CIRCLE ( 'NONE', #3862, 23.13499999999999801 ) ;
#5181 = VERTEX_POINT ( 'NONE', #749 ) ;
#5182 = VECTOR ( 'NONE', #201, 999.9999999999998863 ) ;
#5183 = EDGE_CURVE ( 'NONE', #1949, #5149, #5328, .T. ) ;
#5184 = CARTESIAN_POINT ( 'NONE',  ( 28.28397579339507928, 4.434725036022658884, -14.52683141103565312 ) ) ;
#5185 = DIRECTION ( 'NONE',  ( -0.000000000000000000, -1.000000000000000000, -0.000000000000000000 ) ) ;
#5186 = ADVANCED_FACE ( 'NONE', ( #3783 ), #3270, .T. ) ;
#5187 = AXIS2_PLACEMENT_3D ( 'NONE', #1125, #4297, #1668 ) ;
#5188 = CARTESIAN_POINT ( 'NONE',  ( 21.25031422186818020, 4.249933037358190724, 13.42357517473893402 ) ) ;
#5189 = ORIENTED_EDGE ( 'NONE', *, *, #171, .T. ) ;
#5190 = CARTESIAN_POINT ( 'NONE',  ( -26.52108929809672233, 4.670000000000000817, -15.88930831464797144 ) ) ;
#5191 = CARTESIAN_POINT ( 'NONE',  ( -13.35117117957929267, 4.594433461197050761, 9.536260907669589670 ) ) ;
#5192 = CARTESIAN_POINT ( 'NONE',  ( 17.11411476945194821, 4.542371243354500265, 26.82147501673482637 ) ) ;
#5193 = ORIENTED_EDGE ( 'NONE', *, *, #552, .T. ) ;
#5194 = CARTESIAN_POINT ( 'NONE',  ( 15.02328291086344869, 4.670000000000000817, -27.02108929809675075 ) ) ;
#5195 = VERTEX_POINT ( 'NONE', #4403 ) ;
#5196 = DIRECTION ( 'NONE',  ( 0.000000000000000000, 0.000000000000000000, 1.000000000000000000 ) ) ;
#5197 = CIRCLE ( 'NONE', #3996, 1.000000000000025091 ) ;
#5198 = VECTOR ( 'NONE', #3737, 1000.000000000000000 ) ;
#5199 = ORIENTED_EDGE ( 'NONE', *, *, #2476, .F. ) ;
#5200 = ORIENTED_EDGE ( 'NONE', *, *, #4085, .F. ) ;
#5201 = VERTEX_POINT ( 'NONE', #3747 ) ;
#5202 = EDGE_CURVE ( 'NONE', #3408, #307, #6449, .T. ) ;
#5203 = VECTOR ( 'NONE', #1209, 1000.000000000000000 ) ;
#5204 = DIRECTION ( 'NONE',  ( 0.000000000000000000, 1.000000000000000000, 0.000000000000000000 ) ) ;
#5205 = CARTESIAN_POINT ( 'NONE',  ( 28.41310023613296920, 0.000000000000000000, -14.30585555931276964 ) ) ;
#5206 = AXIS2_PLACEMENT_3D ( 'NONE', #5073, #6572, #363 ) ;
#5207 = DIRECTION ( 'NONE',  ( 0.9802340172108788829, 0.000000000000000000, -0.1978415312886110666 ) ) ;
#5208 = DIRECTION ( 'NONE',  ( 0.000000000000000000, -0.000000000000000000, 1.000000000000000000 ) ) ;
#5209 = VERTEX_POINT ( 'NONE', #6481 ) ;
#5210 = AXIS2_PLACEMENT_3D ( 'NONE', #6084, #334, #301 ) ;
#5211 = DIRECTION ( 'NONE',  ( -0.000000000000000000, -1.000000000000000000, -0.000000000000000000 ) ) ;
#5212 = EDGE_CURVE ( 'NONE', #5131, #3872, #2853, .T. ) ;
#5213 = LINE ( 'NONE', #4636, #5778 ) ;
#5214 = CARTESIAN_POINT ( 'NONE',  ( -14.57497331074199742, 4.493982802991537184, 28.29009677546370938 ) ) ;
#5215 = CARTESIAN_POINT ( 'NONE',  ( 26.60101022685788763, 4.216443835041441268, -17.44436947243161029 ) ) ;
#5216 = ORIENTED_EDGE ( 'NONE', *, *, #2412, .T. ) ;
#5217 = CIRCLE ( 'NONE', #6443, 25.13500000000000512 ) ;
#5218 = CARTESIAN_POINT ( 'NONE',  ( -27.02108929809747551, 4.670000000000000817, 15.02328291086375422 ) ) ;
#5219 = EDGE_CURVE ( 'NONE', #5236, #2146, #67, .T. ) ;
#5220 = ORIENTED_EDGE ( 'NONE', *, *, #3172, .T. ) ;
#5221 = CARTESIAN_POINT ( 'NONE',  ( 20.21392969959584818, 4.670000000000000817, 12.24786802263141183 ) ) ;
#5222 = DIRECTION ( 'NONE',  ( 0.8660254037844393737, -0.000000000000000000, 0.4999999999999986122 ) ) ;
#5223 = CIRCLE ( 'NONE', #3795, 25.55648399467292364 ) ;
#5224 = CARTESIAN_POINT ( 'NONE',  ( 20.51677218609433950, 0.000000000000000000, -10.69066340616454092 ) ) ;
#5225 = ORIENTED_EDGE ( 'NONE', *, *, #1294, .T. ) ;
#5226 = DIRECTION ( 'NONE',  ( 0.000000000000000000, 0.000000000000000000, 1.000000000000000000 ) ) ;
#5227 = LINE ( 'NONE', #6165, #3980 ) ;
#5228 = PLANE ( 'NONE',  #4662 ) ;
#5229 = ADVANCED_FACE ( 'NONE', ( #5954 ), #6409, .T. ) ;
#5230 = VERTEX_POINT ( 'NONE', #2272 ) ;
#5231 = AXIS2_PLACEMENT_3D ( 'NONE', #3752, #4306, #624 ) ;
#5232 = EDGE_CURVE ( 'NONE', #6383, #5201, #1427, .T. ) ;
#5233 = DIRECTION ( 'NONE',  ( -1.051949387485943067E-14, 0.000000000000000000, 1.000000000000000000 ) ) ;
#5234 = ORIENTED_EDGE ( 'NONE', *, *, #4291, .T. ) ;
#5235 = CARTESIAN_POINT ( 'NONE',  ( -11.69152436717009458, 4.169999999999999929, -22.25031422186815178 ) ) ;
#5236 = VERTEX_POINT ( 'NONE', #3849 ) ;
#5237 = EDGE_CURVE ( 'NONE', #4841, #1372, #5364, .T. ) ;
#5238 = VERTEX_POINT ( 'NONE', #1235 ) ;
#5239 = ORIENTED_EDGE ( 'NONE', *, *, #5095, .T. ) ;
#5240 = AXIS2_PLACEMENT_3D ( 'NONE', #41, #3143, #4109 ) ;
#5241 = CARTESIAN_POINT ( 'NONE',  ( 13.66095511311944222, 4.169999999999999929, 27.64883365011748140 ) ) ;
#5242 = DIRECTION ( 'NONE',  ( 0.000000000000000000, 0.000000000000000000, 1.000000000000000000 ) ) ;
#5243 = FACE_OUTER_BOUND ( 'NONE', #1338, .T. ) ;
#5244 = FACE_OUTER_BOUND ( 'NONE', #1848, .T. ) ;
#5245 = ORIENTED_EDGE ( 'NONE', *, *, #2898, .F. ) ;
#5246 = CARTESIAN_POINT ( 'NONE',  ( 17.11411476945194821, 4.169999999999999929, 27.15515099297918056 ) ) ;
#5247 = DIRECTION ( 'NONE',  ( 0.000000000000000000, 0.000000000000000000, 1.000000000000000000 ) ) ;
#5248 = CARTESIAN_POINT ( 'NONE',  ( -23.07319061161676643, 2.669999999999999929, -1.689999999999997282 ) ) ;
#5249 = EDGE_CURVE ( 'NONE', #3461, #5642, #2238, .T. ) ;
#5250 = DIRECTION ( 'NONE',  ( -0.000000000000000000, -1.000000000000000000, -0.000000000000000000 ) ) ;
#5251 = CARTESIAN_POINT ( 'NONE',  ( 27.07182525767015591, 4.670000000000000817, -16.62112995451137110 ) ) ;
#5252 = VERTEX_POINT ( 'NONE', #717 ) ;
#5253 = ORIENTED_EDGE ( 'NONE', *, *, #2062, .T. ) ;
#5254 = DIRECTION ( 'NONE',  ( -0.000000000000000000, -1.000000000000000000, -0.000000000000000000 ) ) ;
#5255 = FACE_OUTER_BOUND ( 'NONE', #127, .T. ) ;
#5256 = DIRECTION ( 'NONE',  ( 0.8660254037844448138, -0.000000000000000000, -0.4999999999999890643 ) ) ;
#5257 = ORIENTED_EDGE ( 'NONE', *, *, #320, .T. ) ;
#5258 = EDGE_CURVE ( 'NONE', #784, #5880, #3818, .T. ) ;
#5259 = CARTESIAN_POINT ( 'NONE',  ( -13.42357517473899975, 0.000000000000000000, 21.25031422186813046 ) ) ;
#5260 = DIRECTION ( 'NONE',  ( 0.000000000000000000, 0.000000000000000000, 1.000000000000000000 ) ) ;
#5261 = DIRECTION ( 'NONE',  ( 0.000000000000000000, 1.000000000000000000, 0.000000000000000000 ) ) ;
#5262 = ORIENTED_EDGE ( 'NONE', *, *, #3381, .F. ) ;
#5263 = DIRECTION ( 'NONE',  ( 0.8660254037844441477, -0.000000000000000000, 0.4999999999999906741 ) ) ;
#5264 = ORIENTED_EDGE ( 'NONE', *, *, #6141, .T. ) ;
#5265 = EDGE_CURVE ( 'NONE', #3989, #4048, #654, .T. ) ;
#5266 = DIRECTION ( 'NONE',  ( 0.000000000000000000, 0.000000000000000000, 1.000000000000000000 ) ) ;
#5267 = ORIENTED_EDGE ( 'NONE', *, *, #3135, .F. ) ;
#5268 = ORIENTED_EDGE ( 'NONE', *, *, #1107, .F. ) ;
#5269 = ORIENTED_EDGE ( 'NONE', *, *, #6382, .T. ) ;
#5270 = CARTESIAN_POINT ( 'NONE',  ( 19.51677218609436437, 4.670000000000000817, 12.42271421373338747 ) ) ;
#5271 = CARTESIAN_POINT ( 'NONE',  ( 8.235635466226366219, 4.169999999999999929, 15.26453906012027062 ) ) ;
#5272 = EDGE_CURVE ( 'NONE', #5113, #1929, #1553, .T. ) ;
#5273 = CARTESIAN_POINT ( 'NONE',  ( -11.22761406947349450, 4.670000000000000817, 20.67084501317384948 ) ) ;
#5274 = DIRECTION ( 'NONE',  ( -0.000000000000000000, -1.000000000000000000, -0.000000000000000000 ) ) ;
#5275 = CYLINDRICAL_SURFACE ( 'NONE', #2906, 23.13499999999999446 ) ;
#5276 = CARTESIAN_POINT ( 'NONE',  ( -16.30967357190272438, 4.169999999999999929, -26.24918328139960622 ) ) ;
#5277 = DIRECTION ( 'NONE',  ( -0.000000000000000000, -1.000000000000000000, -0.000000000000000000 ) ) ;
#5278 = CARTESIAN_POINT ( 'NONE',  ( -21.58014108603116554, 4.670000000000000817, -11.88194999598088053 ) ) ;
#5279 = CARTESIAN_POINT ( 'NONE',  ( 13.12827881868120095, 4.169999999999999929, -9.814463748652007880 ) ) ;
#5280 = ORIENTED_EDGE ( 'NONE', *, *, #5945, .F. ) ;
#5281 = CARTESIAN_POINT ( 'NONE',  ( -20.62661159659271704, 4.633968756409499790, 11.07161177707653543 ) ) ;
#5282 = ORIENTED_EDGE ( 'NONE', *, *, #6106, .T. ) ;
#5283 = EDGE_CURVE ( 'NONE', #6383, #69, #3983, .T. ) ;
#5284 = CARTESIAN_POINT ( 'NONE',  ( 9.534673571902946065, 0.000000000000000000, -14.51453906012031503 ) ) ;
#5285 = CARTESIAN_POINT ( 'NONE',  ( -14.63967357190275287, 0.000000000000000000, -23.35665843275955922 ) ) ;
#5286 = CARTESIAN_POINT ( 'NONE',  ( -14.30585555931274122, 4.169999999999999929, -28.41310023613296210 ) ) ;
#5287 = ORIENTED_EDGE ( 'NONE', *, *, #814, .T. ) ;
#5288 = DIRECTION ( 'NONE',  ( 0.8660254037844472563, -0.000000000000000000, -0.4999999999999851785 ) ) ;
#5289 = CARTESIAN_POINT ( 'NONE',  ( -16.10947718289841291, 4.615696297820607086, -26.37955034849458613 ) ) ;
#5290 = ORIENTED_EDGE ( 'NONE', *, *, #5524, .T. ) ;
#5291 = AXIS2_PLACEMENT_3D ( 'NONE', #4899, #4761, #4352 ) ;
#5292 = EDGE_CURVE ( 'NONE', #3714, #3292, #2773, .T. ) ;
#5293 = B_SPLINE_CURVE_WITH_KNOTS ( 'NONE', 3,
 ( #5415, #3766, #156, #4872, #1730, #1153 ),
 .UNSPECIFIED., .F., .F.,
 ( 4, 2, 4 ),
 ( 0.000000000000000000, 0.0003908072650539148657, 0.0007816145301078297313 ),
 .UNSPECIFIED. ) ;
#5294 = CARTESIAN_POINT ( 'NONE',  ( -27.14095567736187320, 4.615749189755438131, -14.79069255729967836 ) ) ;
#5295 = ORIENTED_EDGE ( 'NONE', *, *, #5514, .T. ) ;
#5296 = CARTESIAN_POINT ( 'NONE',  ( 0.000000000000000000, 0.000000000000000000, 0.000000000000000000 ) ) ;
#5297 = CARTESIAN_POINT ( 'NONE',  ( -19.51677218609430398, 2.669999999999999929, 12.42271421373348339 ) ) ;
#5298 = ORIENTED_EDGE ( 'NONE', *, *, #458, .T. ) ;
#5299 = ORIENTED_EDGE ( 'NONE', *, *, #3612, .F. ) ;
#5300 = EDGE_LOOP ( 'NONE', ( #4004, #5512, #5707, #5295 ) ) ;
#5301 = EDGE_CURVE ( 'NONE', #2368, #5252, #454, .T. ) ;
#5302 = AXIS2_PLACEMENT_3D ( 'NONE', #6050, #1290, #3391 ) ;
#5303 = AXIS2_PLACEMENT_3D ( 'NONE', #1083, #1629, #5843 ) ;
#5304 = CARTESIAN_POINT ( 'NONE',  ( -12.90762276433398625, 0.000000000000000000, -24.35665843275946330 ) ) ;
#5305 = CARTESIAN_POINT ( 'NONE',  ( 0.000000000000000000, 4.169999999999999929, 0.000000000000000000 ) ) ;
#5306 = ORIENTED_EDGE ( 'NONE', *, *, #6426, .F. ) ;
#5307 = CARTESIAN_POINT ( 'NONE',  ( 0.000000000000000000, 4.670000000000000817, 0.000000000000000000 ) ) ;
#5308 = AXIS2_PLACEMENT_3D ( 'NONE', #2215, #3249, #4317 ) ;
#5309 = ADVANCED_FACE ( 'NONE', ( #3955 ), #5574, .T. ) ;
#5310 = EDGE_CURVE ( 'NONE', #4117, #990, #1404, .T. ) ;
#5311 = CIRCLE ( 'NONE', #6203, 1.000000000000025091 ) ;
#5312 = CARTESIAN_POINT ( 'NONE',  ( -17.11411476945176346, 4.670000000000000817, -25.65515099297929780 ) ) ;
#5313 = FACE_OUTER_BOUND ( 'NONE', #3982, .T. ) ;
#5314 = DIRECTION ( 'NONE',  ( -0.3187812165858973090, 0.000000000000000000, -0.9478283262025962719 ) ) ;
#5315 = CARTESIAN_POINT ( 'NONE',  ( 0.2500000000001624256, 4.169999999999999929, -0.4330127018925085669 ) ) ;
#5316 = ORIENTED_EDGE ( 'NONE', *, *, #4655, .F. ) ;
#5317 = FACE_OUTER_BOUND ( 'NONE', #4966, .T. ) ;
#5318 = AXIS2_PLACEMENT_3D ( 'NONE', #2068, #6341, #1602 ) ;
#5319 = FACE_OUTER_BOUND ( 'NONE', #4336, .T. ) ;
#5320 = CARTESIAN_POINT ( 'NONE',  ( 21.22220575893810235, 4.457215979362297631, -13.30998914553511092 ) ) ;
#5321 = ORIENTED_EDGE ( 'NONE', *, *, #5085, .T. ) ;
#5322 = FACE_OUTER_BOUND ( 'NONE', #6624, .T. ) ;
#5323 = CYLINDRICAL_SURFACE ( 'NONE', #4314, 23.13500000000000156 ) ;
#5324 = ORIENTED_EDGE ( 'NONE', *, *, #6246, .F. ) ;
#5325 = ORIENTED_EDGE ( 'NONE', *, *, #4271, .F. ) ;
#5326 = CIRCLE ( 'NONE', #826, 12.87150456288244449 ) ;
#5327 = AXIS2_PLACEMENT_3D ( 'NONE', #190, #5975, #2290 ) ;
#5328 = LINE ( 'NONE', #133, #1443 ) ;
#5329 = CARTESIAN_POINT ( 'NONE',  ( 2.318265519249503637, 4.670000000000000817, -11.48617637608390396 ) ) ;
#5330 = EDGE_LOOP ( 'NONE', ( #5923, #2278, #1284, #4103 ) ) ;
#5331 = DIRECTION ( 'NONE',  ( 0.000000000000000000, 0.000000000000000000, -1.000000000000000000 ) ) ;
#5332 = DIRECTION ( 'NONE',  ( -0.9478283262026010458, 0.000000000000000000, 0.3187812165858833202 ) ) ;
#5333 = EDGE_CURVE ( 'NONE', #6471, #3889, #4214, .T. ) ;
#5334 = TOROIDAL_SURFACE ( 'NONE', #3801, 23.63499999999999801, 0.5000000000000000000 ) ;
#5335 = ORIENTED_EDGE ( 'NONE', *, *, #2577, .F. ) ;
#5336 = VERTEX_POINT ( 'NONE', #3470 ) ;
#5337 = VERTEX_POINT ( 'NONE', #6160 ) ;
#5338 = CARTESIAN_POINT ( 'NONE',  ( 0.000000000000000000, 4.169999999999999929, 0.000000000000000000 ) ) ;
#5339 = EDGE_CURVE ( 'NONE', #1110, #4427, #6689, .T. ) ;
#5340 = DIRECTION ( 'NONE',  ( 0.9478283262025971601, 0.000000000000000000, -0.3187812165858947555 ) ) ;
#5341 = DIRECTION ( 'NONE',  ( -0.000000000000000000, -1.000000000000000000, -0.000000000000000000 ) ) ;
#5342 = ORIENTED_EDGE ( 'NONE', *, *, #6705, .T. ) ;
#5343 = CIRCLE ( 'NONE', #70, 23.13499999999999801 ) ;
#5344 = LINE ( 'NONE', #1692, #6105 ) ;
#5345 = AXIS2_PLACEMENT_3D ( 'NONE', #6376, #4656, #1510 ) ;
#5346 = DIRECTION ( 'NONE',  ( -0.4999999999999988898, 0.000000000000000000, 0.8660254037844393737 ) ) ;
#5347 = CARTESIAN_POINT ( 'NONE',  ( 6.728925952921328779, 4.670000000000000817, -11.65484163083434233 ) ) ;
#5348 = EDGE_CURVE ( 'NONE', #300, #6172, #854, .T. ) ;
#5349 = DIRECTION ( 'NONE',  ( 0.000000000000000000, 0.000000000000000000, 1.000000000000000000 ) ) ;
#5350 = FACE_OUTER_BOUND ( 'NONE', #3176, .T. ) ;
#5351 = ORIENTED_EDGE ( 'NONE', *, *, #4291, .F. ) ;
#5352 = CARTESIAN_POINT ( 'NONE',  ( 27.02108929809663707, 4.670000000000000817, -15.02328291086357481 ) ) ;
#5353 = VECTOR ( 'NONE', #2239, 1000.000000000000000 ) ;
#5354 = CARTESIAN_POINT ( 'NONE',  ( 17.11411476945192689, 4.670000000000000817, -26.65515099297919477 ) ) ;
#5355 = CARTESIAN_POINT ( 'NONE',  ( 14.90648051375233329, 4.670000000000012363, -27.08153912195977142 ) ) ;
#5356 = ORIENTED_EDGE ( 'NONE', *, *, #2271, .F. ) ;
#5357 = EDGE_CURVE ( 'NONE', #1372, #6605, #819, .T. ) ;
#5358 = CIRCLE ( 'NONE', #2395, 1.000000000000056399 ) ;
#5359 = DIRECTION ( 'NONE',  ( -0.000000000000000000, -1.000000000000000000, -0.000000000000000000 ) ) ;
#5360 = CARTESIAN_POINT ( 'NONE',  ( 11.88194999598064605, 4.670000000000000817, -21.58014108603128633 ) ) ;
#5361 = ORIENTED_EDGE ( 'NONE', *, *, #419, .F. ) ;
#5362 = CARTESIAN_POINT ( 'NONE',  ( -11.98970151184122201, 4.169999999999999929, -19.76677218609434661 ) ) ;
#5363 = ORIENTED_EDGE ( 'NONE', *, *, #2034, .T. ) ;
#5364 = LINE ( 'NONE', #5991, #5182 ) ;
#5365 = CARTESIAN_POINT ( 'NONE',  ( 13.42357517473885586, 4.169999999999999929, -21.25031422186822283 ) ) ;
#5366 = ORIENTED_EDGE ( 'NONE', *, *, #4118, .T. ) ;
#5367 = DIRECTION ( 'NONE',  ( -0.000000000000000000, -1.000000000000000000, -0.000000000000000000 ) ) ;
#5368 = PLANE ( 'NONE',  #6173 ) ;
#5369 = VERTEX_POINT ( 'NONE', #1887 ) ;
#5370 = EDGE_LOOP ( 'NONE', ( #4471, #1138, #3280, #1014 ) ) ;
#5371 = EDGE_LOOP ( 'NONE', ( #2568, #2560, #6457, #5570 ) ) ;
#5372 = CIRCLE ( 'NONE', #5600, 11.67924603423417551 ) ;
#5373 = DIRECTION ( 'NONE',  ( 0.000000000000000000, 0.000000000000000000, -1.000000000000000000 ) ) ;
#5374 = CARTESIAN_POINT ( 'NONE',  ( 28.41310023613415581, 4.216521185564822360, 14.30585555931134323 ) ) ;
#5375 = VERTEX_POINT ( 'NONE', #6026 ) ;
#5376 = DIRECTION ( 'NONE',  ( -0.000000000000000000, -1.000000000000000000, -0.000000000000000000 ) ) ;
#5377 = VECTOR ( 'NONE', #6072, 1000.000000000000227 ) ;
#5378 = EDGE_CURVE ( 'NONE', #4200, #443, #6095, .T. ) ;
#5379 = CARTESIAN_POINT ( 'NONE',  ( 26.24918328139943569, 4.302122217144071392, -16.30967357190300149 ) ) ;
#5380 = DIRECTION ( 'NONE',  ( 0.000000000000000000, 0.000000000000000000, 1.000000000000000000 ) ) ;
#5381 = FACE_OUTER_BOUND ( 'NONE', #6476, .T. ) ;
#5382 = CARTESIAN_POINT ( 'NONE',  ( 11.88194999598063895, 4.670000000000000817, 21.58014108603128989 ) ) ;
#5383 = ORIENTED_EDGE ( 'NONE', *, *, #6038, .F. ) ;
#5384 = AXIS2_PLACEMENT_3D ( 'NONE', #4293, #6820, #6298 ) ;
#5385 = CARTESIAN_POINT ( 'NONE',  ( 10.69066340616454092, 4.169999999999999929, -20.51677218609433595 ) ) ;
#5386 = EDGE_CURVE ( 'NONE', #3206, #2145, #3330, .T. ) ;
#5387 = CARTESIAN_POINT ( 'NONE',  ( 14.80382363307409754, 4.669999999999999929, 7.079236612150271668 ) ) ;
#5388 = FACE_OUTER_BOUND ( 'NONE', #1031, .T. ) ;
#5389 = ORIENTED_EDGE ( 'NONE', *, *, #3954, .T. ) ;
#5390 = CARTESIAN_POINT ( 'NONE',  ( 26.52108929809703142, 4.670000000000000817, 15.88930831464799276 ) ) ;
#5391 = CARTESIAN_POINT ( 'NONE',  ( -9.814463748652045183, 4.252460939818345054, 13.12827881868116009 ) ) ;
#5392 = ORIENTED_EDGE ( 'NONE', *, *, #1140, .T. ) ;
#5393 = CYLINDRICAL_SURFACE ( 'NONE', #1789, 25.13500000000000512 ) ;
#5394 = ORIENTED_EDGE ( 'NONE', *, *, #4693, .F. ) ;
#5395 = EDGE_CURVE ( 'NONE', #5989, #3953, #781, .T. ) ;
#5396 = ADVANCED_FACE ( 'NONE', ( #6130 ), #922, .T. ) ;
#5397 = CARTESIAN_POINT ( 'NONE',  ( 0.000000000000000000, 4.169999999999999929, 0.000000000000000000 ) ) ;
#5398 = FACE_OUTER_BOUND ( 'NONE', #3117, .T. ) ;
#5399 = ORIENTED_EDGE ( 'NONE', *, *, #4542, .F. ) ;
#5400 = CARTESIAN_POINT ( 'NONE',  ( 9.814463748651968800, 4.169999999999999929, 13.12827881868123470 ) ) ;
#5401 = DIRECTION ( 'NONE',  ( -0.4999999999999967248, 0.000000000000000000, 0.8660254037844405950 ) ) ;
#5402 = B_SPLINE_CURVE_WITH_KNOTS ( 'NONE', 3,
 ( #638, #6813, #6288, #1114, #2190, #3255, #2089, #49 ),
 .UNSPECIFIED., .F., .F.,
 ( 4, 2, 2, 4 ),
 ( -4.472608283824251828E-06, 0.0004676253585635874004, 0.0007036743419872890180, 0.0009397233254109906356 ),
 .UNSPECIFIED. ) ;
#5403 = VECTOR ( 'NONE', #4888, 1000.000000000000000 ) ;
#5404 = EDGE_LOOP ( 'NONE', ( #3967, #1080, #1231, #5755 ) ) ;
#5405 = ORIENTED_EDGE ( 'NONE', *, *, #5699, .F. ) ;
#5406 = VECTOR ( 'NONE', #6563, 1000.000000000000000 ) ;
#5407 = CARTESIAN_POINT ( 'NONE',  ( -14.51453906012026884, 4.670000000000000817, -9.534673571903027778 ) ) ;
#5408 = CARTESIAN_POINT ( 'NONE',  ( 15.06371434019466804, 4.169999999999999929, -6.462191090617108280 ) ) ;
#5409 = ORIENTED_EDGE ( 'NONE', *, *, #3802, .T. ) ;
#5410 =( NAMED_UNIT ( * ) SI_UNIT ( $, .STERADIAN. ) SOLID_ANGLE_UNIT ( ) );
#5411 = ORIENTED_EDGE ( 'NONE', *, *, #3381, .T. ) ;
#5412 = DIRECTION ( 'NONE',  ( -0.000000000000000000, -1.000000000000000000, -0.000000000000000000 ) ) ;
#5413 = DIRECTION ( 'NONE',  ( -0.000000000000000000, -1.000000000000000000, -0.000000000000000000 ) ) ;
#5414 = LINE ( 'NONE', #3389, #1648 ) ;
#5415 = CARTESIAN_POINT ( 'NONE',  ( 16.30967357190285583, 4.169999999999999929, -26.24918328139951029 ) ) ;
#5416 = LINE ( 'NONE', #2874, #5092 ) ;
#5417 = ORIENTED_EDGE ( 'NONE', *, *, #5212, .F. ) ;
#5418 = AXIS2_PLACEMENT_3D ( 'NONE', #6684, #981, #4082 ) ;
#5419 = EDGE_CURVE ( 'NONE', #6520, #528, #1672, .T. ) ;
#5420 = AXIS2_PLACEMENT_3D ( 'NONE', #6804, #3108, #496 ) ;
#5421 = DIRECTION ( 'NONE',  ( -0.000000000000000000, -1.000000000000000000, -0.000000000000000000 ) ) ;
#5422 = FACE_OUTER_BOUND ( 'NONE', #2392, .T. ) ;
#5423 = VERTEX_POINT ( 'NONE', #4950 ) ;
#5424 = CARTESIAN_POINT ( 'NONE',  ( -25.07812044392482420, 0.000000000000000000, -1.689999999999996838 ) ) ;
#5425 = CARTESIAN_POINT ( 'NONE',  ( 19.69927413375869918, 4.512345469905872264, -12.37777340091434297 ) ) ;
#5426 = ORIENTED_EDGE ( 'NONE', *, *, #3417, .F. ) ;
#5427 = EDGE_CURVE ( 'NONE', #2513, #4148, #2336, .T. ) ;
#5428 = ORIENTED_EDGE ( 'NONE', *, *, #6767, .T. ) ;
#5429 = DIRECTION ( 'NONE',  ( -0.000000000000000000, -1.000000000000000000, -0.000000000000000000 ) ) ;
#5430 = CARTESIAN_POINT ( 'NONE',  ( 0.000000000000000000, 2.669999999999999929, 0.000000000000000000 ) ) ;
#5431 = AXIS2_PLACEMENT_3D ( 'NONE', #5118, #878, #6714 ) ;
#5432 = CARTESIAN_POINT ( 'NONE',  ( -14.51453906012026884, 0.000000000000000000, -9.534673571903027778 ) ) ;
#5433 = ORIENTED_EDGE ( 'NONE', *, *, #2533, .F. ) ;
#5434 = CARTESIAN_POINT ( 'NONE',  ( 13.12827881868119384, 4.169999999999999929, 9.814463748652000774 ) ) ;
#5435 = DIRECTION ( 'NONE',  ( 0.3187812165858832647, 0.000000000000000000, 0.9478283262026009348 ) ) ;
#5436 = ADVANCED_FACE ( 'NONE', ( #1373 ), #236, .F. ) ;
#5437 = EDGE_LOOP ( 'NONE', ( #1920, #5200, #2160, #4196 ) ) ;
#5438 = TOROIDAL_SURFACE ( 'NONE', #5003, 23.63500000000000156, 0.5000000000000000000 ) ;
#5439 = AXIS2_PLACEMENT_3D ( 'NONE', #6289, #6745, #1557 ) ;
#5440 = ORIENTED_EDGE ( 'NONE', *, *, #1388, .T. ) ;
#5441 = VECTOR ( 'NONE', #4752, 1000.000000000000000 ) ;
#5442 = EDGE_CURVE ( 'NONE', #3027, #4610, #4078, .T. ) ;
#5443 = PLANE ( 'NONE',  #3124 ) ;
#5444 = CARTESIAN_POINT ( 'NONE',  ( -14.90715345650944101, 4.633657098667460339, 6.861862869656904174 ) ) ;
#5445 = EDGE_LOOP ( 'NONE', ( #3998, #2246, #285, #6420, #4863, #1306 ) ) ;
#5446 = AXIS2_PLACEMENT_3D ( 'NONE', #3008, #4203, #5331 ) ;
#5447 = CYLINDRICAL_SURFACE ( 'NONE', #4432, 0.5000000000000011102 ) ;
#5448 = DIRECTION ( 'NONE',  ( -0.000000000000000000, -1.000000000000000000, -0.000000000000000000 ) ) ;
#5449 = DIRECTION ( 'NONE',  ( -0.000000000000000000, -1.000000000000000000, -0.000000000000000000 ) ) ;
#5450 = CIRCLE ( 'NONE', #1278, 24.63500000000000512 ) ;
#5451 = DIRECTION ( 'NONE',  ( 3.469446951953538853E-15, 0.000000000000000000, 1.000000000000000000 ) ) ;
#5452 = CARTESIAN_POINT ( 'NONE',  ( 14.30585555931270569, 4.169999999999999929, 28.41310023613298341 ) ) ;
#5453 = VERTEX_POINT ( 'NONE', #2929 ) ;
#5454 = DIRECTION ( 'NONE',  ( -0.8660254037844289376, 0.000000000000000000, -0.5000000000000166533 ) ) ;
#5455 = EDGE_CURVE ( 'NONE', #1325, #3480, #3158, .T. ) ;
#5456 = CARTESIAN_POINT ( 'NONE',  ( 13.15150792288681991, 4.335642792052645689, -9.786713547591302742 ) ) ;
#5457 = EDGE_LOOP ( 'NONE', ( #3075, #780, #6796, #3703 ) ) ;
#5458 = FACE_OUTER_BOUND ( 'NONE', #1174, .T. ) ;
#5459 = DIRECTION ( 'NONE',  ( 0.8660254037844369313, 0.000000000000000000, -0.5000000000000029976 ) ) ;
#5460 = ORIENTED_EDGE ( 'NONE', *, *, #610, .F. ) ;
#5461 = CARTESIAN_POINT ( 'NONE',  ( 14.82145908815899027, -3.279839202225030289E-17, -9.472727620972747786 ) ) ;
#5462 = EDGE_LOOP ( 'NONE', ( #6073, #5460, #5468, #1645 ) ) ;
#5463 = ADVANCED_FACE ( 'NONE', ( #3605 ), #6819, .F. ) ;
#5464 = CARTESIAN_POINT ( 'NONE',  ( 4.417525414551752405, 0.000000000000000000, -2.550459487243502910 ) ) ;
#5465 = DIRECTION ( 'NONE',  ( -0.8660254037844590247, 0.000000000000000000, 0.4999999999999646394 ) ) ;
#5466 = AXIS2_PLACEMENT_3D ( 'NONE', #238, #2722, #4855 ) ;
#5467 = CARTESIAN_POINT ( 'NONE',  ( 14.30585555931272523, 0.000000000000000000, 28.41310023613300473 ) ) ;
#5468 = ORIENTED_EDGE ( 'NONE', *, *, #1089, .F. ) ;
#5469 = CARTESIAN_POINT ( 'NONE',  ( 11.48617637608389863, 4.670000000000000817, 2.318265519249539164 ) ) ;
#5470 = DIRECTION ( 'NONE',  ( -0.000000000000000000, -1.000000000000000000, -0.000000000000000000 ) ) ;
#5471 = ORIENTED_EDGE ( 'NONE', *, *, #1457, .F. ) ;
#5472 = EDGE_LOOP ( 'NONE', ( #319, #5306, #6083, #426 ) ) ;
#5473 = EDGE_CURVE ( 'NONE', #3881, #6174, #1465, .T. ) ;
#5474 = DIRECTION ( 'NONE',  ( 0.000000000000000000, 0.000000000000000000, 1.000000000000000000 ) ) ;
#5475 = CARTESIAN_POINT ( 'NONE',  ( -14.30585555931143382, 0.000000000000000000, 28.41310023613409186 ) ) ;
#5476 = LINE ( 'NONE', #2864, #2624 ) ;
#5477 = ORIENTED_EDGE ( 'NONE', *, *, #1725, .T. ) ;
#5478 = EDGE_CURVE ( 'NONE', #3978, #4984, #1101, .T. ) ;
#5479 = EDGE_CURVE ( 'NONE', #3714, #6196, #2602, .T. ) ;
#5480 = DIRECTION ( 'NONE',  ( 0.3187812165858947000, -0.000000000000000000, 0.9478283262025970490 ) ) ;
#5481 = CARTESIAN_POINT ( 'NONE',  ( 28.41310023613414515, 0.000000000000000000, 14.30585555931133612 ) ) ;
#5482 = DIRECTION ( 'NONE',  ( -0.000000000000000000, -1.000000000000000000, -0.000000000000000000 ) ) ;
#5483 = CARTESIAN_POINT ( 'NONE',  ( -10.69066340616468302, 0.000000000000000000, 20.51677218609426490 ) ) ;
#5484 = CARTESIAN_POINT ( 'NONE',  ( 14.57762276433416027, 0.000000000000000000, 27.24918328139940016 ) ) ;
#5485 = ORIENTED_EDGE ( 'NONE', *, *, #4327, .T. ) ;
#5486 = DIRECTION ( 'NONE',  ( 0.000000000000000000, 0.000000000000000000, -1.000000000000000000 ) ) ;
#5487 = CIRCLE ( 'NONE', #1085, 25.13500000000000512 ) ;
#5488 = DIRECTION ( 'NONE',  ( 0.000000000000000000, 1.000000000000000000, 0.000000000000000000 ) ) ;
#5489 = VERTEX_POINT ( 'NONE', #5740 ) ;
#5490 = AXIS2_PLACEMENT_3D ( 'NONE', #896, #5614, #5133 ) ;
#5491 = CYLINDRICAL_SURFACE ( 'NONE', #3791, 25.13500000000000512 ) ;
#5492 = CARTESIAN_POINT ( 'NONE',  ( 19.51677218609430042, 4.169999999999999929, -12.42271421373347096 ) ) ;
#5493 = ORIENTED_EDGE ( 'NONE', *, *, #3081, .T. ) ;
#5494 = DIRECTION ( 'NONE',  ( -0.8660254037844394848, 0.000000000000000000, -0.4999999999999986677 ) ) ;
#5495 = EDGE_CURVE ( 'NONE', #5599, #4521, #2491, .T. ) ;
#5496 = ORIENTED_EDGE ( 'NONE', *, *, #1051, .F. ) ;
#5497 = VECTOR ( 'NONE', #545, 1000.000000000000000 ) ;
#5498 = DIRECTION ( 'NONE',  ( -0.5000000000000026645, 0.000000000000000000, 0.8660254037844371533 ) ) ;
#5499 = FACE_OUTER_BOUND ( 'NONE', #4295, .T. ) ;
#5500 = FACE_OUTER_BOUND ( 'NONE', #6682, .T. ) ;
#5501 = EDGE_LOOP ( 'NONE', ( #3220, #3520, #2379, #6304 ) ) ;
#5502 = CARTESIAN_POINT ( 'NONE',  ( 13.48479446745772314, 4.669999999999999929, 9.348587621511219581 ) ) ;
#5503 = DIRECTION ( 'NONE',  ( -0.1978415312886096233, 0.000000000000000000, -0.9802340172108792160 ) ) ;
#5504 = AXIS2_PLACEMENT_3D ( 'NONE', #1729, #3869, #1871 ) ;
#5505 = ADVANCED_FACE ( 'NONE', ( #3707 ), #2017, .T. ) ;
#5506 = ORIENTED_EDGE ( 'NONE', *, *, #653, .F. ) ;
#5507 = EDGE_LOOP ( 'NONE', ( #6534, #661, #4121, #2275 ) ) ;
#5508 = ADVANCED_FACE ( 'NONE', ( #512 ), #6721, .F. ) ;
#5509 = TOROIDAL_SURFACE ( 'NONE', #2541, 1.500000000000000444, 0.5000000000000000000 ) ;
#5510 = DIRECTION ( 'NONE',  ( -0.8660254037844339337, 0.000000000000000000, -0.5000000000000084377 ) ) ;
#5511 = CARTESIAN_POINT ( 'NONE',  ( 15.01377686329393768, 4.465427375069169535, -6.595865494693569531 ) ) ;
#5512 = ORIENTED_EDGE ( 'NONE', *, *, #852, .T. ) ;
#5513 = AXIS2_PLACEMENT_3D ( 'NONE', #5888, #3777, #1163 ) ;
#5514 = EDGE_CURVE ( 'NONE', #3480, #5651, #2028, .T. ) ;
#5515 = ORIENTED_EDGE ( 'NONE', *, *, #4137, .T. ) ;
#5516 = AXIS2_PLACEMENT_3D ( 'NONE', #5464, #5855, #2302 ) ;
#5517 = CARTESIAN_POINT ( 'NONE',  ( 23.07319061161675577, 2.669999999999999929, 1.690000000000158042 ) ) ;
#5518 = DIRECTION ( 'NONE',  ( -0.000000000000000000, -1.000000000000000000, -0.000000000000000000 ) ) ;
#5519 = CARTESIAN_POINT ( 'NONE',  ( -3.075684002619826440, 4.670000000000000817, -1.775746986854781939 ) ) ;
#5520 = CARTESIAN_POINT ( 'NONE',  ( 11.38184261884700632, 4.670000000000000817, -20.71392969959582331 ) ) ;
#5521 = CARTESIAN_POINT ( 'NONE',  ( 0.000000000000000000, 4.169999999999999929, 0.000000000000000000 ) ) ;
#5522 = CARTESIAN_POINT ( 'NONE',  ( 13.25109542725282097, 4.510106162464412094, 21.20756579381223617 ) ) ;
#5523 = EDGE_LOOP ( 'NONE', ( #1794, #2193, #5572, #3719 ) ) ;
#5524 = EDGE_CURVE ( 'NONE', #1022, #2078, #2915, .T. ) ;
#5525 = ADVANCED_FACE ( 'NONE', ( #4681 ), #6089, .T. ) ;
#5526 = CARTESIAN_POINT ( 'NONE',  ( -27.10065299126542726, 4.670000000000000817, -16.71346033861413005 ) ) ;
#5527 = AXIS2_PLACEMENT_3D ( 'NONE', #2426, #1838, #3456 ) ;
#5528 = DIRECTION ( 'NONE',  ( -0.000000000000000000, -1.000000000000000000, -0.000000000000000000 ) ) ;
#5529 = EDGE_LOOP ( 'NONE', ( #4066, #6043, #6818, #5804 ) ) ;
#5530 = CIRCLE ( 'NONE', #6649, 0.5000000000000004441 ) ;
#5531 = CARTESIAN_POINT ( 'NONE',  ( -9.787677972865907350, 4.333924488437149947, -13.14972079296667395 ) ) ;
#5532 = DIRECTION ( 'NONE',  ( 0.000000000000000000, 1.000000000000000000, 0.000000000000000000 ) ) ;
#5533 = ORIENTED_EDGE ( 'NONE', *, *, #3482, .T. ) ;
#5534 = ADVANCED_FACE ( 'NONE', ( #6788 ), #6495, .T. ) ;
#5535 = EDGE_CURVE ( 'NONE', #4684, #3754, #2579, .T. ) ;
#5536 = CARTESIAN_POINT ( 'NONE',  ( 14.51453906012028305, 0.5000000000000004441, -9.534673571903006462 ) ) ;
#5537 = ORIENTED_EDGE ( 'NONE', *, *, #6458, .F. ) ;
#5538 = CIRCLE ( 'NONE', #6431, 0.5000000000000004441 ) ;
#5539 = TOROIDAL_SURFACE ( 'NONE', #5098, 1.499999999999999778, 0.5000000000000000000 ) ;
#5540 = CARTESIAN_POINT ( 'NONE',  ( 14.51453906012028128, 0.000000000000000000, 9.534673571902997580 ) ) ;
#5541 = FACE_OUTER_BOUND ( 'NONE', #4623, .T. ) ;
#5542 = CARTESIAN_POINT ( 'NONE',  ( 9.534673571902963829, 4.670000000000000817, 14.51453906012032036 ) ) ;
#5543 = ORIENTED_EDGE ( 'NONE', *, *, #3730, .F. ) ;
#5544 = DIRECTION ( 'NONE',  ( -0.4999999999999992784, -0.000000000000000000, 0.8660254037844390407 ) ) ;
#5545 = CARTESIAN_POINT ( 'NONE',  ( 10.69066340616454092, 0.000000000000000000, -20.51677218609433950 ) ) ;
#5546 = PRESENTATION_LAYER_ASSIGNMENT (  '', '', ( #1800 ) ) ;
#5547 = ORIENTED_EDGE ( 'NONE', *, *, #6246, .T. ) ;
#5548 = EDGE_CURVE ( 'NONE', #727, #1452, #3114, .T. ) ;
#5549 = CARTESIAN_POINT ( 'NONE',  ( -13.66095511311962518, 4.169999999999999929, 27.64883365011740324 ) ) ;
#5550 = DIRECTION ( 'NONE',  ( -1.000000000000000000, -0.000000000000000000, -6.921832167980893463E-15 ) ) ;
#5551 = ORIENTED_EDGE ( 'NONE', *, *, #437, .F. ) ;
#5552 = CARTESIAN_POINT ( 'NONE',  ( -13.66095511311924149, 4.169999999999999929, -27.64883365011757377 ) ) ;
#5553 = EDGE_LOOP ( 'NONE', ( #5485, #2405, #1854, #208 ) ) ;
#5554 = VECTOR ( 'NONE', #569, 1000.000000000000000 ) ;
#5555 = CARTESIAN_POINT ( 'NONE',  ( 17.45353882511009758, 4.670000000000000817, 26.59578445530152990 ) ) ;
#5556 = CARTESIAN_POINT ( 'NONE',  ( -12.24786802263148289, 4.670000000000000817, 20.21392969959580199 ) ) ;
#5557 = ADVANCED_FACE ( 'NONE', ( #3418 ), #187, .T. ) ;
#5558 = DIRECTION ( 'NONE',  ( -0.000000000000000000, -1.000000000000000000, -0.000000000000000000 ) ) ;
#5559 = CARTESIAN_POINT ( 'NONE',  ( -17.45353882510994126, 4.670000000000000817, -26.59578445530170399 ) ) ;
#5560 = CARTESIAN_POINT ( 'NONE',  ( 22.25031422186815178, 4.670000000000000817, -11.69152436717009635 ) ) ;
#5561 = CARTESIAN_POINT ( 'NONE',  ( 13.39702412614847660, 4.326912768932364983, 21.24377219339152489 ) ) ;
#5562 = ORIENTED_EDGE ( 'NONE', *, *, #683, .F. ) ;
#5563 = AXIS2_PLACEMENT_3D ( 'NONE', #361, #1906, #2455 ) ;
#5564 = DIRECTION ( 'NONE',  ( 0.000000000000000000, 0.000000000000000000, 1.000000000000000000 ) ) ;
#5565 = EDGE_CURVE ( 'NONE', #5656, #628, #6529, .T. ) ;
#5566 = DIRECTION ( 'NONE',  ( 0.000000000000000000, 1.000000000000000000, 0.000000000000000000 ) ) ;
#5567 = ORIENTED_EDGE ( 'NONE', *, *, #63, .T. ) ;
#5568 = DIRECTION ( 'NONE',  ( 0.000000000000000000, 0.000000000000000000, -1.000000000000000000 ) ) ;
#5569 = CARTESIAN_POINT ( 'NONE',  ( -13.25494141922989932, 4.514586901031886867, -9.653791410749304802 ) ) ;
#5570 = ORIENTED_EDGE ( 'NONE', *, *, #4979, .T. ) ;
#5571 = DIRECTION ( 'NONE',  ( 0.000000000000000000, 0.000000000000000000, 1.000000000000000000 ) ) ;
#5572 = ORIENTED_EDGE ( 'NONE', *, *, #3366, .T. ) ;
#5573 = EDGE_CURVE ( 'NONE', #2413, #1, #5971, .T. ) ;
#5574 = PLANE ( 'NONE',  #6421 ) ;
#5575 = DIRECTION ( 'NONE',  ( -0.000000000000000000, -1.000000000000000000, -0.000000000000000000 ) ) ;
#5576 = CARTESIAN_POINT ( 'NONE',  ( 10.69066340616454092, 4.169999999999999929, -20.51677218609433950 ) ) ;
#5577 = ORIENTED_EDGE ( 'NONE', *, *, #5143, .F. ) ;
#5578 = CARTESIAN_POINT ( 'NONE',  ( 6.644650212805942147, 4.513392374711076904, 14.98659357246551593 ) ) ;
#5579 = DIRECTION ( 'NONE',  ( 0.000000000000000000, 0.000000000000000000, 1.000000000000000000 ) ) ;
#5580 = UNCERTAINTY_MEASURE_WITH_UNIT (LENGTH_MEASURE( 1.000000000000000082E-05 ), #6150, 'distance_accuracy_value', 'NONE');
#5581 = ORIENTED_EDGE ( 'NONE', *, *, #984, .F. ) ;
#5582 = AXIS2_PLACEMENT_3D ( 'NONE', #1640, #4789, #68 ) ;
#5583 = CARTESIAN_POINT ( 'NONE',  ( -14.57762276433433968, 2.669999999999999929, 27.24918328139931845 ) ) ;
#5584 = DIRECTION ( 'NONE',  ( 0.000000000000000000, 0.000000000000000000, 1.000000000000000000 ) ) ;
#5585 = ORIENTED_EDGE ( 'NONE', *, *, #458, .F. ) ;
#5586 = ORIENTED_EDGE ( 'NONE', *, *, #3207, .F. ) ;
#5587 = DIRECTION ( 'NONE',  ( 0.000000000000000000, 0.000000000000000000, 1.000000000000000000 ) ) ;
#5588 = FACE_OUTER_BOUND ( 'NONE', #4363, .T. ) ;
#5589 = CARTESIAN_POINT ( 'NONE',  ( -13.12827881868112634, 4.670000000000000817, -9.814463748652093145 ) ) ;
#5590 = CARTESIAN_POINT ( 'NONE',  ( -27.10065299126542726, 4.670000000000000817, -16.71346033861413005 ) ) ;
#5591 = DIRECTION ( 'NONE',  ( 0.000000000000000000, 0.000000000000000000, 1.000000000000000000 ) ) ;
#5592 = DIRECTION ( 'NONE',  ( -0.5000000000000062172, -0.000000000000000000, 0.8660254037844350439 ) ) ;
#5593 = ORIENTED_EDGE ( 'NONE', *, *, #2557, .F. ) ;
#5594 = CARTESIAN_POINT ( 'NONE',  ( 13.30998776915140347, 4.457217567313236373, -21.22220541731585186 ) ) ;
#5595 = EDGE_CURVE ( 'NONE', #4660, #5375, #5530, .T. ) ;
#5596 = DIRECTION ( 'NONE',  ( -0.000000000000000000, -1.000000000000000000, -0.000000000000000000 ) ) ;
#5597 = EDGE_LOOP ( 'NONE', ( #6250, #1612, #1780, #2203, #1433, #950 ) ) ;
#5598 = CARTESIAN_POINT ( 'NONE',  ( 9.534673571902946065, 4.670000000000000817, -14.51453906012031503 ) ) ;
#5599 = VERTEX_POINT ( 'NONE', #3192 ) ;
#5600 = AXIS2_PLACEMENT_3D ( 'NONE', #4089, #5639, #6753 ) ;
#5601 = VECTOR ( 'NONE', #4900, 1000.000000000000114 ) ;
#5602 = DIRECTION ( 'NONE',  ( 0.000000000000000000, 1.000000000000000000, 0.000000000000000000 ) ) ;
#5603 = EDGE_CURVE ( 'NONE', #1301, #2997, #4458, .T. ) ;
#5604 = VERTEX_POINT ( 'NONE', #2385 ) ;
#5605 = CARTESIAN_POINT ( 'NONE',  ( 27.24918328139936463, 4.169999999999999929, 14.57762276433424908 ) ) ;
#5606 = LINE ( 'NONE', #885, #4067 ) ;
#5607 = CARTESIAN_POINT ( 'NONE',  ( 21.25031422186811980, 4.670000000000000817, -13.42357517473902107 ) ) ;
#5608 = ORIENTED_EDGE ( 'NONE', *, *, #4957, .T. ) ;
#5609 = LINE ( 'NONE', #6725, #2705 ) ;
#5610 = DIRECTION ( 'NONE',  ( 0.8660254037844354880, -0.000000000000000000, 0.5000000000000054401 ) ) ;
#5611 = ADVANCED_FACE ( 'NONE', ( #4490 ), #5447, .T. ) ;
#5612 = EDGE_LOOP ( 'NONE', ( #1946, #2683, #5267, #1065 ) ) ;
#5613 = EDGE_CURVE ( 'NONE', #3951, #2884, #2807, .T. ) ;
#5614 = DIRECTION ( 'NONE',  ( -0.000000000000000000, -1.000000000000000000, -0.000000000000000000 ) ) ;
#5615 = EDGE_LOOP ( 'NONE', ( #6800, #3778, #5957, #2127 ) ) ;
#5616 = VECTOR ( 'NONE', #6080, 1000.000000000000000 ) ;
#5617 = VERTEX_POINT ( 'NONE', #5284 ) ;
#5618 = CARTESIAN_POINT ( 'NONE',  ( -15.01293066084642547, 4.463960650192946744, -6.590354703028468819 ) ) ;
#5619 = CARTESIAN_POINT ( 'NONE',  ( -16.30967357190301925, 2.669999999999999929, 26.24918328139941082 ) ) ;
#5620 = VECTOR ( 'NONE', #126, 1000.000000000000114 ) ;
#5621 = CARTESIAN_POINT ( 'NONE',  ( 15.51453906012024220, 4.670000000000000817, 7.802622764334208760 ) ) ;
#5622 = DIRECTION ( 'NONE',  ( -0.9802340172108804373, 0.000000000000000000, 0.1978415312886027955 ) ) ;
#5623 = CARTESIAN_POINT ( 'NONE',  ( 0.000000000000000000, 4.169999999999999929, 0.000000000000000000 ) ) ;
#5624 = CYLINDRICAL_SURFACE ( 'NONE', #4765, 25.13500000000000512 ) ;
#5625 = ORIENTED_EDGE ( 'NONE', *, *, #4016, .T. ) ;
#5626 = DIRECTION ( 'NONE',  ( 0.8660254037844402619, 0.000000000000000000, -0.4999999999999972800 ) ) ;
#5627 = VECTOR ( 'NONE', #211, 1000.000000000000114 ) ;
#5628 = VECTOR ( 'NONE', #2883, 1000.000000000000000 ) ;
#5629 = LINE ( 'NONE', #3394, #712 ) ;
#5630 = VERTEX_POINT ( 'NONE', #4968 ) ;
#5631 = ADVANCED_FACE ( 'NONE', ( #6568 ), #1832, .F. ) ;
#5632 = LINE ( 'NONE', #6090, #4234 ) ;
#5633 = CARTESIAN_POINT ( 'NONE',  ( -17.11411476943970200, 4.554312603826698336, 26.83530130556338733 ) ) ;
#5634 = EDGE_LOOP ( 'NONE', ( #3604, #1543, #2377, #3100 ) ) ;
#5635 = FACE_OUTER_BOUND ( 'NONE', #6479, .T. ) ;
#5636 = EDGE_LOOP ( 'NONE', ( #4833, #5163, #2952, #4756 ) ) ;
#5637 = AXIS2_PLACEMENT_3D ( 'NONE', #1945, #2519, #5208 ) ;
#5638 = CARTESIAN_POINT ( 'NONE',  ( 15.01063546622637723, 4.670000000000000817, 26.99918328139939661 ) ) ;
#5639 = DIRECTION ( 'NONE',  ( 0.000000000000000000, 1.000000000000000000, 0.000000000000000000 ) ) ;
#5640 = VECTOR ( 'NONE', #866, 999.9999999999998863 ) ;
#5641 = CARTESIAN_POINT ( 'NONE',  ( -1.690000000000251967, 2.669999999999999929, 24.35665843275937092 ) ) ;
#5642 = VERTEX_POINT ( 'NONE', #798 ) ;
#5643 = ADVANCED_FACE ( 'NONE', ( #5004 ), #1319, .F. ) ;
#5644 = CARTESIAN_POINT ( 'NONE',  ( -6.462191090616950184, 4.169999999999999929, -15.06371434019473554 ) ) ;
#5645 = CARTESIAN_POINT ( 'NONE',  ( -17.20138009169007987, 4.491987957746317761, -26.76665763180518098 ) ) ;
#5646 = DIRECTION ( 'NONE',  ( -0.5000000000000229816, 0.000000000000000000, -0.8660254037844252739 ) ) ;
#5647 = CIRCLE ( 'NONE', #2793, 25.13500000000000867 ) ;
#5648 = ORIENTED_EDGE ( 'NONE', *, *, #5906, .F. ) ;
#5649 = TOROIDAL_SURFACE ( 'NONE', #1680, 24.63500000000000512, 0.5000000000000000000 ) ;
#5650 = VECTOR ( 'NONE', #1944, 1000.000000000000114 ) ;
#5651 = VERTEX_POINT ( 'NONE', #733 ) ;
#5652 = ADVANCED_FACE ( 'NONE', ( #3319 ), #576, .T. ) ;
#5653 = AXIS2_PLACEMENT_3D ( 'NONE', #5246, #4319, #1147 ) ;
#5654 = B_SPLINE_CURVE_WITH_KNOTS ( 'NONE', 3,
 ( #1133, #5858, #32, #104, #3717, #4243, #6799, #6347 ),
 .UNSPECIFIED., .F., .F.,
 ( 4, 2, 2, 4 ),
 ( 0.000000000000000000, 0.0002515347429375552608, 0.0005030694858751105216, 0.001006138971750221043 ),
 .UNSPECIFIED. ) ;
#5655 = CARTESIAN_POINT ( 'NONE',  ( 20.51677218609434306, 4.169999999999999929, 10.69066340616454802 ) ) ;
#5656 = VERTEX_POINT ( 'NONE', #2837 ) ;
#5657 = ORIENTED_EDGE ( 'NONE', *, *, #3931, .T. ) ;
#5658 = MECHANICAL_DESIGN_GEOMETRIC_PRESENTATION_REPRESENTATION (  '', ( #1800 ), #2251 ) ;
#5659 = CARTESIAN_POINT ( 'NONE',  ( 14.95634525295768213, 4.669999999999999929, 28.08613804526498825 ) ) ;
#5660 = CARTESIAN_POINT ( 'NONE',  ( 3.133803367899199888, 0.000000000000000000, 5.427906654126693375 ) ) ;
#5661 = EDGE_CURVE ( 'NONE', #2668, #2826, #1785, .T. ) ;
#5662 = FACE_OUTER_BOUND ( 'NONE', #6462, .T. ) ;
#5663 = AXIS2_PLACEMENT_3D ( 'NONE', #1074, #3181, #2656 ) ;
#5664 = DIRECTION ( 'NONE',  ( 0.000000000000000000, 0.000000000000000000, -1.000000000000000000 ) ) ;
#5665 = LINE ( 'NONE', #945, #5970 ) ;
#5666 = ORIENTED_EDGE ( 'NONE', *, *, #129, .F. ) ;
#5667 = CYLINDRICAL_SURFACE ( 'NONE', #2684, 0.5000000000000000000 ) ;
#5668 = CIRCLE ( 'NONE', #6218, 1.000000000000000888 ) ;
#5669 = DIRECTION ( 'NONE',  ( 6.921832167980895041E-15, 0.000000000000000000, -1.000000000000000000 ) ) ;
#5670 = CARTESIAN_POINT ( 'NONE',  ( -21.15831806709711671, 4.633722113560350131, -13.05437364137030265 ) ) ;
#5671 = CIRCLE ( 'NONE', #4357, 18.39154951988265196 ) ;
#5672 = DIRECTION ( 'NONE',  ( 3.306126646384376495E-15, 0.000000000000000000, -1.000000000000000000 ) ) ;
#5673 = CARTESIAN_POINT ( 'NONE',  ( 26.62239759261635541, 4.273036654419867908, -17.40685148481270517 ) ) ;
#5674 = ORIENTED_EDGE ( 'NONE', *, *, #4482, .T. ) ;
#5675 = DIRECTION ( 'NONE',  ( 0.4999999999999683031, -0.000000000000000000, 0.8660254037844570263 ) ) ;
#5676 = ORIENTED_EDGE ( 'NONE', *, *, #4896, .F. ) ;
#5677 = EDGE_CURVE ( 'NONE', #249, #2881, #5038, .T. ) ;
#5678 = CARTESIAN_POINT ( 'NONE',  ( -6.462191090616950184, 4.169999999999999929, -15.06371434019473554 ) ) ;
#5679 = FACE_OUTER_BOUND ( 'NONE', #3186, .T. ) ;
#5680 = CARTESIAN_POINT ( 'NONE',  ( 21.24377219339159240, 4.326912768932363207, 13.39702412614837712 ) ) ;
#5681 = ORIENTED_EDGE ( 'NONE', *, *, #3462, .T. ) ;
#5682 = DIRECTION ( 'NONE',  ( 0.8660254037844331565, 0.000000000000000000, 0.5000000000000097700 ) ) ;
#5683 = CARTESIAN_POINT ( 'NONE',  ( 16.71293744498066758, 4.670000000000000817, -27.10050795730672135 ) ) ;
#5684 = DIRECTION ( 'NONE',  ( -0.000000000000000000, -1.000000000000000000, -0.000000000000000000 ) ) ;
#5685 = ORIENTED_EDGE ( 'NONE', *, *, #939, .F. ) ;
#5686 = EDGE_CURVE ( 'NONE', #5689, #4523, #4009, .T. ) ;
#5687 = VERTEX_POINT ( 'NONE', #1447 ) ;
#5688 = VECTOR ( 'NONE', #1713, 1000.000000000000000 ) ;
#5689 = VERTEX_POINT ( 'NONE', #2484 ) ;
#5690 = EDGE_CURVE ( 'NONE', #3768, #2467, #5753, .T. ) ;
#5691 = DIRECTION ( 'NONE',  ( -0.000000000000000000, -1.000000000000000000, -0.000000000000000000 ) ) ;
#5692 = LINE ( 'NONE', #4697, #4805 ) ;
#5693 = CIRCLE ( 'NONE', #1509, 23.13500000000000156 ) ;
#5694 = DIRECTION ( 'NONE',  ( 0.000000000000000000, 1.000000000000000000, 0.000000000000000000 ) ) ;
#5695 = CARTESIAN_POINT ( 'NONE',  ( -9.044556563297589946, 4.169999999999999929, 14.41561829447596033 ) ) ;
#5696 = DIRECTION ( 'NONE',  ( -0.000000000000000000, -1.000000000000000000, -0.000000000000000000 ) ) ;
#5697 = ORIENTED_EDGE ( 'NONE', *, *, #567, .T. ) ;
#5698 = DIRECTION ( 'NONE',  ( -0.000000000000000000, -1.000000000000000000, -0.000000000000000000 ) ) ;
#5699 = EDGE_CURVE ( 'NONE', #2564, #1314, #3039, .T. ) ;
#5700 = B_SPLINE_CURVE_WITH_KNOTS ( 'NONE', 3,
 ( #5492, #4538, #2847, #4399, #5425, #2367, #6507, #4913 ),
 .UNSPECIFIED., .F., .F.,
 ( 4, 2, 2, 4 ),
 ( 0.000000000000000000, 0.0002401996643866212075, 0.0004803993287732424150, 0.0009607986575464938289 ),
 .UNSPECIFIED. ) ;
#5701 = CARTESIAN_POINT ( 'NONE',  ( -11.07161490660914360, 4.633969980009439382, -20.62661248948514725 ) ) ;
#5702 = CARTESIAN_POINT ( 'NONE',  ( 15.51453906012024220, 4.169999999999999929, 7.802622764334208760 ) ) ;
#5703 = CARTESIAN_POINT ( 'NONE',  ( 9.814463748651954589, 4.169999999999999929, -13.12827881868123114 ) ) ;
#5704 = CARTESIAN_POINT ( 'NONE',  ( 26.66592180365280029, 4.351383165533563968, -17.33053351123066221 ) ) ;
#5705 = VERTEX_POINT ( 'NONE', #2942 ) ;
#5706 = DIRECTION ( 'NONE',  ( -0.000000000000000000, -1.000000000000000000, -0.000000000000000000 ) ) ;
#5707 = ORIENTED_EDGE ( 'NONE', *, *, #5455, .T. ) ;
#5708 = DIRECTION ( 'NONE',  ( 0.000000000000000000, 0.000000000000000000, 1.000000000000000000 ) ) ;
#5709 = DIRECTION ( 'NONE',  ( 0.8660254037844500319, 0.000000000000000000, -0.4999999999999802935 ) ) ;
#5710 = AXIS2_PLACEMENT_3D ( 'NONE', #1336, #4889, #820 ) ;
#5711 = DIRECTION ( 'NONE',  ( -0.000000000000000000, -1.000000000000000000, -0.000000000000000000 ) ) ;
#5712 = VERTEX_POINT ( 'NONE', #6770 ) ;
#5713 = CARTESIAN_POINT ( 'NONE',  ( 14.57762276433414783, 4.169999999999999929, -27.24918328139941437 ) ) ;
#5714 = DIRECTION ( 'NONE',  ( 0.000000000000000000, 0.000000000000000000, 1.000000000000000000 ) ) ;
#5715 =( BOUNDED_CURVE ( )  B_SPLINE_CURVE ( 3, ( #1504, #6301, #5781, #5812 ),
 .UNSPECIFIED., .F., .T. ) 
 B_SPLINE_CURVE_WITH_KNOTS ( ( 4, 4 ),
 ( 3.141592653589793116, 4.712388980384692339 ),
 .UNSPECIFIED. ) 
 CURVE ( )  GEOMETRIC_REPRESENTATION_ITEM ( )  RATIONAL_B_SPLINE_CURVE ( ( 1.000000000000000000, 0.8047378541243643824, 0.8047378541243643824, 1.000000000000000000 ) ) 
 REPRESENTATION_ITEM ( '' )  );
#5716 = FACE_OUTER_BOUND ( 'NONE', #1831, .T. ) ;
#5717 = ORIENTED_EDGE ( 'NONE', *, *, #610, .T. ) ;
#5718 = CARTESIAN_POINT ( 'NONE',  ( -14.51453906012026884, 0.000000000000000000, -9.534673571903027778 ) ) ;
#5719 = EDGE_CURVE ( 'NONE', #1929, #1676, #427, .T. ) ;
#5720 = ORIENTED_EDGE ( 'NONE', *, *, #6591, .F. ) ;
#5721 = ORIENTED_EDGE ( 'NONE', *, *, #4844, .T. ) ;
#5722 = DIRECTION ( 'NONE',  ( -0.000000000000000000, -1.000000000000000000, -0.000000000000000000 ) ) ;
#5723 = CARTESIAN_POINT ( 'NONE',  ( -17.11411476945210453, 4.169999999999999929, 25.65515099297905266 ) ) ;
#5724 = EDGE_CURVE ( 'NONE', #2881, #4790, #3514, .T. ) ;
#5725 = CARTESIAN_POINT ( 'NONE',  ( 0.000000000000000000, 4.670000000000000817, 0.000000000000000000 ) ) ;
#5726 = DIRECTION ( 'NONE',  ( 0.000000000000000000, 0.000000000000000000, 1.000000000000000000 ) ) ;
#5727 = ORIENTED_EDGE ( 'NONE', *, *, #2737, .F. ) ;
#5728 = AXIS2_PLACEMENT_3D ( 'NONE', #877, #3015, #2019 ) ;
#5729 = VECTOR ( 'NONE', #1240, 1000.000000000000000 ) ;
#5730 = LINE ( 'NONE', #2493, #6217 ) ;
#5731 = EDGE_LOOP ( 'NONE', ( #4289, #5811, #3687, #6167, #1463, #5316, #1894, #4056 ) ) ;
#5732 = ADVANCED_FACE ( 'NONE', ( #358 ), #6311, .T. ) ;
#5733 = ADVANCED_FACE ( 'NONE', ( #6112 ), #3663, .T. ) ;
#5734 = CARTESIAN_POINT ( 'NONE',  ( -21.73151264735627919, 4.669999999999999929, -11.83973383295440129 ) ) ;
#5735 = CARTESIAN_POINT ( 'NONE',  ( -17.38019460970568986, 4.339564358147010026, 26.64858793462897424 ) ) ;
#5736 = ORIENTED_EDGE ( 'NONE', *, *, #5442, .F. ) ;
#5737 = DIRECTION ( 'NONE',  ( -0.3187812165858771030, -0.000000000000000000, 0.9478283262026030442 ) ) ;
#5738 = AXIS2_PLACEMENT_3D ( 'NONE', #3845, #3712, #1707 ) ;
#5739 = ORIENTED_EDGE ( 'NONE', *, *, #5301, .T. ) ;
#5740 = CARTESIAN_POINT ( 'NONE',  ( -17.11411476943970200, 4.554312603826698336, 26.83530130556338733 ) ) ;
#5741 = CARTESIAN_POINT ( 'NONE',  ( -12.42271421373346030, 4.251499961375355241, 19.51677218609431463 ) ) ;
#5742 = CARTESIAN_POINT ( 'NONE',  ( -14.57964835179251040, 4.491821260036651609, -28.28029323399567119 ) ) ;
#5743 = ORIENTED_EDGE ( 'NONE', *, *, #4254, .F. ) ;
#5744 = EDGE_CURVE ( 'NONE', #3592, #2513, #2550, .T. ) ;
#5745 = DIRECTION ( 'NONE',  ( 0.000000000000000000, 0.000000000000000000, -1.000000000000000000 ) ) ;
#5746 = CARTESIAN_POINT ( 'NONE',  ( 20.83576920529999299, 4.670000000000000817, -10.87483642107360282 ) ) ;
#5747 = CARTESIAN_POINT ( 'NONE',  ( -6.462191090617162459, 2.669999999999999929, 15.06371434019465383 ) ) ;
#5748 = ORIENTED_EDGE ( 'NONE', *, *, #6060, .T. ) ;
#5749 = DIRECTION ( 'NONE',  ( -0.000000000000000000, -1.000000000000000000, -0.000000000000000000 ) ) ;
#5750 = ORIENTED_EDGE ( 'NONE', *, *, #1020, .T. ) ;
#5751 = LINE ( 'NONE', #2144, #5441 ) ;
#5752 = VECTOR ( 'NONE', #4389, 1000.000000000000114 ) ;
#5753 = CIRCLE ( 'NONE', #4876, 1.000000000000000888 ) ;
#5754 = ORIENTED_EDGE ( 'NONE', *, *, #3033, .F. ) ;
#5755 = ORIENTED_EDGE ( 'NONE', *, *, #387, .F. ) ;
#5756 = ORIENTED_EDGE ( 'NONE', *, *, #3287, .F. ) ;
#5757 = CIRCLE ( 'NONE', #1454, 25.13500000000000512 ) ;
#5758 = EDGE_CURVE ( 'NONE', #3785, #5238, #6077, .T. ) ;
#5759 = VECTOR ( 'NONE', #1956, 1000.000000000000000 ) ;
#5760 = CARTESIAN_POINT ( 'NONE',  ( -21.08014108603121528, 4.670000000000000817, 12.74797539976520078 ) ) ;
#5761 = DIRECTION ( 'NONE',  ( 0.000000000000000000, 1.000000000000000000, 0.000000000000000000 ) ) ;
#5762 = CYLINDRICAL_SURFACE ( 'NONE', #1684, 0.5000000000000000000 ) ;
#5763 = CARTESIAN_POINT ( 'NONE',  ( 17.11411476945194821, 0.000000000000000000, 25.65515099297918056 ) ) ;
#5764 = ORIENTED_EDGE ( 'NONE', *, *, #5548, .F. ) ;
#5765 = CARTESIAN_POINT ( 'NONE',  ( -19.51677218609430398, 4.169999999999999929, 12.42271421373348339 ) ) ;
#5766 = EDGE_CURVE ( 'NONE', #1461, #5131, #6777, .T. ) ;
#5767 = DIRECTION ( 'NONE',  ( -1.000000000000000000, 0.000000000000000000, -6.921832167980895041E-15 ) ) ;
#5768 = CARTESIAN_POINT ( 'NONE',  ( -21.25031422186807362, 4.169999999999999929, -13.42357517473909390 ) ) ;
#5769 = CARTESIAN_POINT ( 'NONE',  ( -14.55029879730520115, 4.669999999999999041, 9.316173154054625982 ) ) ;
#5770 = DIRECTION ( 'NONE',  ( 0.000000000000000000, 0.000000000000000000, 1.000000000000000000 ) ) ;
#5771 = ORIENTED_EDGE ( 'NONE', *, *, #4625, .T. ) ;
#5772 = AXIS2_PLACEMENT_3D ( 'NONE', #2056, #15, #1078 ) ;
#5773 = CYLINDRICAL_SURFACE ( 'NONE', #6432, 0.5000000000000000000 ) ;
#5774 = ORIENTED_EDGE ( 'NONE', *, *, #2669, .T. ) ;
#5775 = EDGE_CURVE ( 'NONE', #5209, #3691, #4040, .T. ) ;
#5776 = DIRECTION ( 'NONE',  ( -0.000000000000000000, -1.000000000000000000, -0.000000000000000000 ) ) ;
#5777 = DIRECTION ( 'NONE',  ( -0.000000000000000000, -1.000000000000000000, -0.000000000000000000 ) ) ;
#5778 = VECTOR ( 'NONE', #468, 1000.000000000000000 ) ;
#5779 = CARTESIAN_POINT ( 'NONE',  ( -6.621581698910107505, 4.670000000000000817, 14.58980017709335719 ) ) ;
#5780 = ORIENTED_EDGE ( 'NONE', *, *, #3963, .F. ) ;
#5781 = CARTESIAN_POINT ( 'NONE',  ( 7.942841814093026365, 4.670000000000001705, -15.34319201611857153 ) ) ;
#5782 = CARTESIAN_POINT ( 'NONE',  ( -10.69066340616468302, 4.169999999999999929, 20.51677218609426490 ) ) ;
#5783 = CARTESIAN_POINT ( 'NONE',  ( 7.942841814093017483, 4.670000000000000817, 15.34319201611856620 ) ) ;
#5784 = ORIENTED_EDGE ( 'NONE', *, *, #3344, .F. ) ;
#5785 = EDGE_CURVE ( 'NONE', #5369, #1343, #1498, .T. ) ;
#5786 = EDGE_CURVE ( 'NONE', #527, #3307, #3858, .T. ) ;
#5787 = DIRECTION ( 'NONE',  ( -0.000000000000000000, -1.000000000000000000, 0.000000000000000000 ) ) ;
#5788 = VERTEX_POINT ( 'NONE', #1351 ) ;
#5789 = CIRCLE ( 'NONE', #6121, 23.13499999999999801 ) ;
#5790 = DIRECTION ( 'NONE',  ( 0.000000000000000000, 0.000000000000000000, 1.000000000000000000 ) ) ;
#5791 = ORIENTED_EDGE ( 'NONE', *, *, #909, .F. ) ;
#5792 = ORIENTED_EDGE ( 'NONE', *, *, #2577, .T. ) ;
#5793 = ORIENTED_EDGE ( 'NONE', *, *, #6792, .F. ) ;
#5794 = CARTESIAN_POINT ( 'NONE',  ( -21.20756528851676137, 4.510107860417497783, 13.25109339843895029 ) ) ;
#5795 = CARTESIAN_POINT ( 'NONE',  ( 13.66095511311943511, 4.670000000000000817, -27.64883365011749561 ) ) ;
#5796 = CARTESIAN_POINT ( 'NONE',  ( -10.69066340616454625, 0.000000000000000000, -20.51677218609433595 ) ) ;
#5797 = LINE ( 'NONE', #1038, #1358 ) ;
#5798 = LINE ( 'NONE', #150, #5883 ) ;
#5799 = VECTOR ( 'NONE', #4477, 999.9999999999998863 ) ;
#5800 = DIRECTION ( 'NONE',  ( 0.8660254037844197228, 0.000000000000000000, -0.5000000000000329736 ) ) ;
#5801 = CARTESIAN_POINT ( 'NONE',  ( 22.25031422186815178, 4.249933037358188059, -11.69152436717009458 ) ) ;
#5802 = PLANE ( 'NONE',  #5772 ) ;
#5803 = CARTESIAN_POINT ( 'NONE',  ( -3.075684002619826440, 0.000000000000000000, -1.775746986854781939 ) ) ;
#5804 = ORIENTED_EDGE ( 'NONE', *, *, #1347, .F. ) ;
#5805 = ADVANCED_FACE ( 'NONE', ( #1649 ), #3209, .F. ) ;
#5806 = LINE ( 'NONE', #4843, #6103 ) ;
#5807 = ORIENTED_EDGE ( 'NONE', *, *, #6424, .T. ) ;
#5808 = CARTESIAN_POINT ( 'NONE',  ( 28.39420426493364502, 4.255582135360229223, -14.33817013313801780 ) ) ;
#5809 = CARTESIAN_POINT ( 'NONE',  ( 2.924091636693207708, 0.000000000000000000, -5.064675280739946217 ) ) ;
#5810 = CARTESIAN_POINT ( 'NONE',  ( -14.95495334619723238, 4.669999999999998153, -28.09142993203804295 ) ) ;
#5811 = ORIENTED_EDGE ( 'NONE', *, *, #3154, .T. ) ;
#5812 = CARTESIAN_POINT ( 'NONE',  ( 8.141141495965088737, 4.670000000000000817, -15.10087070261882225 ) ) ;
#5813 = CARTESIAN_POINT ( 'NONE',  ( 15.51453906012023332, 4.670000000000000817, -7.802622764334209648 ) ) ;
#5814 = EDGE_CURVE ( 'NONE', #3989, #2632, #5853, .T. ) ;
#5815 = CARTESIAN_POINT ( 'NONE',  ( 14.30585555931270569, 4.670000000000000817, 28.41310023613298341 ) ) ;
#5816 = VERTEX_POINT ( 'NONE', #3757 ) ;
#5817 = AXIS2_PLACEMENT_3D ( 'NONE', #237, #2375, #4918 ) ;
#5818 = CARTESIAN_POINT ( 'NONE',  ( -15.88930831464829474, 4.670000000000000817, 26.52108929809734050 ) ) ;
#5819 = VERTEX_POINT ( 'NONE', #4830 ) ;
#5820 = CARTESIAN_POINT ( 'NONE',  ( 7.802622764334153693, 0.000000000000000000, -15.51453906012027062 ) ) ;
#5821 = CARTESIAN_POINT ( 'NONE',  ( -15.51453906012018891, 4.670000000000000817, -7.802622764334316230 ) ) ;
#5822 = EDGE_CURVE ( 'NONE', #710, #3746, #1563, .T. ) ;
#5823 = EDGE_CURVE ( 'NONE', #6372, #4380, #6194, .T. ) ;
#5824 = ORIENTED_EDGE ( 'NONE', *, *, #5378, .F. ) ;
#5825 = CIRCLE ( 'NONE', #3621, 25.13500000000000512 ) ;
#5826 = ORIENTED_EDGE ( 'NONE', *, *, #1267, .T. ) ;
#5827 = ORIENTED_EDGE ( 'NONE', *, *, #4466, .T. ) ;
#5828 = CARTESIAN_POINT ( 'NONE',  ( 9.007166899749440958, 4.670000000000000817, -14.60087070261886488 ) ) ;
#5829 = AXIS2_PLACEMENT_3D ( 'NONE', #3035, #1411, #5584 ) ;
#5830 = CARTESIAN_POINT ( 'NONE',  ( 0.000000000000000000, 4.670000000000000817, 0.000000000000000000 ) ) ;
#5831 = DIRECTION ( 'NONE',  ( -0.8660254037844308250, 0.000000000000000000, 0.5000000000000134337 ) ) ;
#5832 = ORIENTED_EDGE ( 'NONE', *, *, #3251, .T. ) ;
#5833 = FACE_OUTER_BOUND ( 'NONE', #222, .T. ) ;
#5834 = VECTOR ( 'NONE', #6143, 1000.000000000000000 ) ;
#5835 = CARTESIAN_POINT ( 'NONE',  ( 26.45016036690704553, 4.669999999999996376, -16.00006059632309530 ) ) ;
#5836 = CARTESIAN_POINT ( 'NONE',  ( 22.22404932505332553, 4.326912768932364095, -11.69913432861236657 ) ) ;
#5837 = DIRECTION ( 'NONE',  ( -0.000000000000000000, -1.000000000000000000, -0.000000000000000000 ) ) ;
#5838 = CARTESIAN_POINT ( 'NONE',  ( -9.814463748652045183, 4.169999999999999929, 13.12827881868116009 ) ) ;
#5839 = ORIENTED_EDGE ( 'NONE', *, *, #787, .F. ) ;
#5840 = CYLINDRICAL_SURFACE ( 'NONE', #4329, 0.5000000000000008882 ) ;
#5841 = CIRCLE ( 'NONE', #1111, 1.000000000000000888 ) ;
#5842 = EDGE_CURVE ( 'NONE', #4841, #4310, #109, .T. ) ;
#5843 = DIRECTION ( 'NONE',  ( 0.9478283262025974931, 0.000000000000000000, 0.3187812165858939228 ) ) ;
#5844 = DIRECTION ( 'NONE',  ( -0.000000000000000000, -1.000000000000000000, -0.000000000000000000 ) ) ;
#5845 = CARTESIAN_POINT ( 'NONE',  ( 21.25031422186812335, 4.249933037358192500, -13.42357517473902107 ) ) ;
#5846 = VERTEX_POINT ( 'NONE', #2616 ) ;
#5847 = CARTESIAN_POINT ( 'NONE',  ( 0.000000000000000000, 4.169999999999999929, 0.000000000000000000 ) ) ;
#5848 = FACE_OUTER_BOUND ( 'NONE', #441, .T. ) ;
#5849 = ORIENTED_EDGE ( 'NONE', *, *, #3107, .F. ) ;
#5850 = AXIS2_PLACEMENT_3D ( 'NONE', #618, #97, #1739 ) ;
#5851 = DIRECTION ( 'NONE',  ( 0.000000000000000000, 0.000000000000000000, -1.000000000000000000 ) ) ;
#5852 = VERTEX_POINT ( 'NONE', #6247 ) ;
#5853 = B_SPLINE_CURVE_WITH_KNOTS ( 'NONE', 3,
 ( #1143, #3654, #3693, #2081, #5794, #597, #6385, #5760 ),
 .UNSPECIFIED., .F., .F.,
 ( 4, 2, 2, 4 ),
 ( 0.000000000000000000, 0.0002357216731230712405, 0.0004714433462461424811, 0.0009428866924922834443 ),
 .UNSPECIFIED. ) ;
#5854 = EDGE_CURVE ( 'NONE', #4654, #1230, #3, .T. ) ;
#5855 = DIRECTION ( 'NONE',  ( -0.000000000000000000, -1.000000000000000000, 0.000000000000000000 ) ) ;
#5856 = CARTESIAN_POINT ( 'NONE',  ( -21.08014108603121528, 4.670000000000000817, 12.74797539976520078 ) ) ;
#5857 = EDGE_LOOP ( 'NONE', ( #842, #6110, #17, #5780 ) ) ;
#5858 = CARTESIAN_POINT ( 'NONE',  ( 9.814463748651954589, 4.255512433941633255, -13.12827881868122937 ) ) ;
#5859 = DIRECTION ( 'NONE',  ( 0.000000000000000000, 0.000000000000000000, -1.000000000000000000 ) ) ;
#5860 = VERTEX_POINT ( 'NONE', #79 ) ;
#5861 = VERTEX_POINT ( 'NONE', #1514 ) ;
#5862 = EDGE_LOOP ( 'NONE', ( #2804, #4347, #2605, #4356 ) ) ;
#5863 = ADVANCED_FACE ( 'NONE', ( #3142 ), #1034, .F. ) ;
#5864 = VECTOR ( 'NONE', #4147, 999.9999999999998863 ) ;
#5865 = DIRECTION ( 'NONE',  ( 0.000000000000000000, 0.000000000000000000, -1.000000000000000000 ) ) ;
#5866 = VECTOR ( 'NONE', #5691, 1000.000000000000000 ) ;
#5867 = LINE ( 'NONE', #1210, #809 ) ;
#5868 = CARTESIAN_POINT ( 'NONE',  ( 12.42271421373331997, 4.670000000000000817, -19.51677218609439990 ) ) ;
#5869 = ORIENTED_EDGE ( 'NONE', *, *, #5283, .F. ) ;
#5870 = CARTESIAN_POINT ( 'NONE',  ( 0.000000000000000000, 4.670000000000000817, 24.63500000000000867 ) ) ;
#5871 = AXIS2_PLACEMENT_3D ( 'NONE', #6428, #6281, #2186 ) ;
#5872 = VECTOR ( 'NONE', #1494, 1000.000000000000114 ) ;
#5873 = ADVANCED_FACE ( 'NONE', ( #2149 ), #585, .T. ) ;
#5874 = AXIS2_PLACEMENT_3D ( 'NONE', #6807, #1516, #4598 ) ;
#5875 = CARTESIAN_POINT ( 'NONE',  ( 14.76909577243501737, 4.670000000000000817, 7.154679118664633464 ) ) ;
#5876 = CARTESIAN_POINT ( 'NONE',  ( -14.95018620752216520, 4.670000000000000817, 28.10997081596839919 ) ) ;
#5877 = CIRCLE ( 'NONE', #3781, 23.13499999999999446 ) ;
#5878 = CARTESIAN_POINT ( 'NONE',  ( -27.02108929809659443, 4.670000000000000817, -15.02328291086373291 ) ) ;
#5879 = DIRECTION ( 'NONE',  ( -0.4999999999999444888, 0.000000000000000000, -0.8660254037844706820 ) ) ;
#5880 = VERTEX_POINT ( 'NONE', #5828 ) ;
#5881 = CYLINDRICAL_SURFACE ( 'NONE', #2462, 12.90862149930206293 ) ;
#5882 = VECTOR ( 'NONE', #5498, 1000.000000000000000 ) ;
#5883 = VECTOR ( 'NONE', #2256, 1000.000000000000000 ) ;
#5884 = CARTESIAN_POINT ( 'NONE',  ( -9.534673571903029554, 2.669999999999999929, 14.51453906012026707 ) ) ;
#5885 = LINE ( 'NONE', #615, #966 ) ;
#5886 = ORIENTED_EDGE ( 'NONE', *, *, #2294, .T. ) ;
#5887 = LINE ( 'NONE', #4433, #2253 ) ;
#5888 = CARTESIAN_POINT ( 'NONE',  ( -4.259940106989818176, 0.000000000000000000, -7.378432702499878815 ) ) ;
#5889 = VERTEX_POINT ( 'NONE', #2112 ) ;
#5890 = EDGE_CURVE ( 'NONE', #5599, #4245, #3246, .T. ) ;
#5891 = ORIENTED_EDGE ( 'NONE', *, *, #6634, .F. ) ;
#5892 = AXIS2_PLACEMENT_3D ( 'NONE', #4733, #4703, #2018 ) ;
#5893 = CARTESIAN_POINT ( 'NONE',  ( -12.24786802263147401, 4.670000000000000817, -20.21392969959579844 ) ) ;
#5894 = VERTEX_POINT ( 'NONE', #561 ) ;
#5895 = LINE ( 'NONE', #753, #1481 ) ;
#5896 = CYLINDRICAL_SURFACE ( 'NONE', #4960, 1.000000000000000888 ) ;
#5897 = TOROIDAL_SURFACE ( 'NONE', #5563, 1.500000000000026645, 0.5000000000000000000 ) ;
#5898 = ORIENTED_EDGE ( 'NONE', *, *, #655, .T. ) ;
#5899 = EDGE_CURVE ( 'NONE', #6803, #620, #4980, .T. ) ;
#5900 = ORIENTED_EDGE ( 'NONE', *, *, #1768, .F. ) ;
#5901 = VERTEX_POINT ( 'NONE', #40 ) ;
#5902 = AXIS2_PLACEMENT_3D ( 'NONE', #6234, #4131, #5745 ) ;
#5903 = CARTESIAN_POINT ( 'NONE',  ( -17.45353882510991639, 0.000000000000000000, -26.59578445530166846 ) ) ;
#5904 = DIRECTION ( 'NONE',  ( -2.312964634635740689E-15, 0.000000000000000000, 1.000000000000000000 ) ) ;
#5905 = CARTESIAN_POINT ( 'NONE',  ( -4.121320747478347535, 0.000000000000000000, 2.379445642973405217 ) ) ;
#5906 = EDGE_CURVE ( 'NONE', #4310, #3392, #3891, .T. ) ;
#5907 = CARTESIAN_POINT ( 'NONE',  ( -20.21392969959577712, 4.670000000000000817, 12.24786802263152552 ) ) ;
#5908 = CARTESIAN_POINT ( 'NONE',  ( -15.34319201611848449, 4.670000000000000817, -7.942841814093184460 ) ) ;
#5909 = CARTESIAN_POINT ( 'NONE',  ( 19.51677218609436437, 0.000000000000000000, 12.42271421373338747 ) ) ;
#5910 = CARTESIAN_POINT ( 'NONE',  ( 7.802622764334153693, 4.169999999999999929, -15.51453906012027062 ) ) ;
#5911 = LINE ( 'NONE', #1187, #6310 ) ;
#5912 = VERTEX_POINT ( 'NONE', #5903 ) ;
#5913 = EDGE_CURVE ( 'NONE', #5453, #2109, #1720, .T. ) ;
#5914 = DIRECTION ( 'NONE',  ( -0.8660254037844348218, 0.000000000000000000, -0.5000000000000066613 ) ) ;
#5915 = AXIS2_PLACEMENT_3D ( 'NONE', #656, #174, #6029 ) ;
#5916 = DIRECTION ( 'NONE',  ( -0.000000000000000000, -1.000000000000000000, -0.000000000000000000 ) ) ;
#5917 = CARTESIAN_POINT ( 'NONE',  ( 23.07319061161675577, 0.000000000000000000, 1.690000000000158042 ) ) ;
#5918 = ORIENTED_EDGE ( 'NONE', *, *, #2230, .T. ) ;
#5919 = AXIS2_PLACEMENT_3D ( 'NONE', #2363, #268, #4018 ) ;
#5920 = CARTESIAN_POINT ( 'NONE',  ( 0.000000000000000000, 2.669999999999999929, 0.000000000000000000 ) ) ;
#5921 = LINE ( 'NONE', #6405, #2987 ) ;
#5922 = EDGE_LOOP ( 'NONE', ( #4587, #4406, #1708, #2401 ) ) ;
#5923 = ORIENTED_EDGE ( 'NONE', *, *, #2014, .F. ) ;
#5924 = DIRECTION ( 'NONE',  ( 0.000000000000000000, 0.000000000000000000, 1.000000000000000000 ) ) ;
#5925 = CYLINDRICAL_SURFACE ( 'NONE', #5466, 0.5000000000000002220 ) ;
#5926 = ORIENTED_EDGE ( 'NONE', *, *, #4016, .F. ) ;
#5927 = ADVANCED_FACE ( 'NONE', ( #1826 ), #590, .T. ) ;
#5928 = DIRECTION ( 'NONE',  ( 0.9478283262026123701, -0.000000000000000000, 0.3187812165858493474 ) ) ;
#5929 = DIRECTION ( 'NONE',  ( -0.5000000000000329736, 0.000000000000000000, -0.8660254037844197228 ) ) ;
#5930 = ORIENTED_EDGE ( 'NONE', *, *, #4104, .T. ) ;
#5931 = ORIENTED_EDGE ( 'NONE', *, *, #5595, .F. ) ;
#5932 = ADVANCED_FACE ( 'NONE', ( #1175 ), #3281, .F. ) ;
#5933 = CIRCLE ( 'NONE', #1862, 24.63500000000000867 ) ;
#5934 = DIRECTION ( 'NONE',  ( 8.881784197001253901E-15, 0.000000000000000000, 1.000000000000000000 ) ) ;
#5935 = CARTESIAN_POINT ( 'NONE',  ( 0.000000000000000000, 4.670000000000000817, 0.000000000000000000 ) ) ;
#5936 = ORIENTED_EDGE ( 'NONE', *, *, #225, .F. ) ;
#5937 = ADVANCED_FACE ( 'NONE', ( #4313 ), #4413, .T. ) ;
#5938 = CARTESIAN_POINT ( 'NONE',  ( 26.37955034849441915, 4.615696297820598204, -16.10947718289870778 ) ) ;
#5939 = DIRECTION ( 'NONE',  ( -0.000000000000000000, -1.000000000000000000, -0.000000000000000000 ) ) ;
#5940 = CARTESIAN_POINT ( 'NONE',  ( -17.11411476945176346, 4.169999999999999929, -25.65515099297929780 ) ) ;
#5941 = DIRECTION ( 'NONE',  ( 0.000000000000000000, 0.000000000000000000, 1.000000000000000000 ) ) ;
#5942 = VERTEX_POINT ( 'NONE', #3896 ) ;
#5943 = CARTESIAN_POINT ( 'NONE',  ( -15.11243137785124802, 4.670000000000000817, 28.02727341140145967 ) ) ;
#5944 = B_SPLINE_CURVE_WITH_KNOTS ( 'NONE', 3,
 ( #6108, #4102, #323, #863, #2480, #830, #2969, #5065, #355, #4556 ),
 .UNSPECIFIED., .F., .F.,
 ( 4, 2, 2, 2, 4 ),
 ( 0.000000000000000000, 0.0005426953810996127444, 0.0008140430716494219355, 0.0009497169169243199717, 0.001085390762199218116 ),
 .UNSPECIFIED. ) ;
#5945 = EDGE_CURVE ( 'NONE', #6670, #5054, #1027, .T. ) ;
#5946 = CARTESIAN_POINT ( 'NONE',  ( 21.25031422186811980, 4.169999999999999929, -13.42357517473902107 ) ) ;
#5947 = ORIENTED_EDGE ( 'NONE', *, *, #5386, .F. ) ;
#5948 = CARTESIAN_POINT ( 'NONE',  ( -25.07812044392482420, 2.669999999999999929, -1.689999999999996838 ) ) ;
#5949 = LINE ( 'NONE', #2716, #2110 ) ;
#5950 = ORIENTED_EDGE ( 'NONE', *, *, #3741, .T. ) ;
#5951 = VECTOR ( 'NONE', #6497, 1000.000000000000000 ) ;
#5952 = ORIENTED_EDGE ( 'NONE', *, *, #3191, .F. ) ;
#5953 = EDGE_CURVE ( 'NONE', #3754, #4859, #244, .T. ) ;
#5954 = FACE_OUTER_BOUND ( 'NONE', #6128, .T. ) ;
#5955 = CARTESIAN_POINT ( 'NONE',  ( -14.57762276433433968, 0.000000000000000000, 27.24918328139931845 ) ) ;
#5956 = LINE ( 'NONE', #1200, #6474 ) ;
#5957 = ORIENTED_EDGE ( 'NONE', *, *, #1901, .T. ) ;
#5958 = CARTESIAN_POINT ( 'NONE',  ( 13.25479131540016020, 4.514563080170342246, 9.653845722317619504 ) ) ;
#5959 = DIRECTION ( 'NONE',  ( 0.000000000000000000, 0.000000000000000000, 1.000000000000000000 ) ) ;
#5960 = AXIS2_PLACEMENT_3D ( 'NONE', #81, #1178, #5904 ) ;
#5961 = ORIENTED_EDGE ( 'NONE', *, *, #354, .T. ) ;
#5962 = ORIENTED_EDGE ( 'NONE', *, *, #6582, .F. ) ;
#5963 = DIRECTION ( 'NONE',  ( 0.000000000000000000, 1.000000000000000000, 0.000000000000000000 ) ) ;
#5964 = AXIS2_PLACEMENT_3D ( 'NONE', #2984, #5119, #4676 ) ;
#5965 = LINE ( 'NONE', #1144, #1249 ) ;
#5966 = CARTESIAN_POINT ( 'NONE',  ( 19.78081797506029105, 0.000000000000000000, -11.99781085188174856 ) ) ;
#5967 = ORIENTED_EDGE ( 'NONE', *, *, #5906, .T. ) ;
#5968 = ORIENTED_EDGE ( 'NONE', *, *, #5719, .T. ) ;
#5969 = EDGE_CURVE ( 'NONE', #2508, #1301, #1859, .T. ) ;
#5970 = VECTOR ( 'NONE', #3044, 1000.000000000000114 ) ;
#5971 = LINE ( 'NONE', #2317, #797 ) ;
#5972 = VECTOR ( 'NONE', #6617, 1000.000000000000114 ) ;
#5973 = CYLINDRICAL_SURFACE ( 'NONE', #2694, 1.000000000000084155 ) ;
#5974 = CARTESIAN_POINT ( 'NONE',  ( -28.41310023613304026, 4.169999999999999929, 14.30585555931276787 ) ) ;
#5975 = DIRECTION ( 'NONE',  ( -0.3187812165858919244, 0.000000000000000000, -0.9478283262025980482 ) ) ;
#5976 = DIRECTION ( 'NONE',  ( -0.8660254037844371533, 0.000000000000000000, -0.5000000000000027756 ) ) ;
#5977 = VERTEX_POINT ( 'NONE', #1965 ) ;
#5978 = CARTESIAN_POINT ( 'NONE',  ( -25.07812044392482420, 2.669999999999999929, 1.690000000000002833 ) ) ;
#5979 = EDGE_CURVE ( 'NONE', #2508, #5336, #6411, .T. ) ;
#5980 = AXIS2_PLACEMENT_3D ( 'NONE', #639, #5837, #5451 ) ;
#5981 = AXIS2_PLACEMENT_3D ( 'NONE', #2610, #2507, #6268 ) ;
#5982 = PLANE ( 'NONE',  #740 ) ;
#5983 = ORIENTED_EDGE ( 'NONE', *, *, #6538, .F. ) ;
#5984 = CARTESIAN_POINT ( 'NONE',  ( -9.007166899749522671, 4.670000000000000817, 14.60087070261881870 ) ) ;
#5985 = LINE ( 'NONE', #6056, #4868 ) ;
#5986 = ORIENTED_EDGE ( 'NONE', *, *, #1795, .F. ) ;
#5987 = CIRCLE ( 'NONE', #3560, 1.000000000000091038 ) ;
#5988 = EDGE_CURVE ( 'NONE', #1784, #4048, #4653, .T. ) ;
#5989 = VERTEX_POINT ( 'NONE', #4618 ) ;
#5990 = CIRCLE ( 'NONE', #5210, 23.63499999999999801 ) ;
#5991 = CARTESIAN_POINT ( 'NONE',  ( 7.802622764334147476, 4.169999999999999929, 15.51453906012027062 ) ) ;
#5992 = DIRECTION ( 'NONE',  ( -0.5000000000000333067, 0.000000000000000000, -0.8660254037844193897 ) ) ;
#5993 = AXIS2_PLACEMENT_3D ( 'NONE', #6543, #1738, #2267 ) ;
#5994 = CYLINDRICAL_SURFACE ( 'NONE', #4150, 0.5000000000000000000 ) ;
#5995 = ORIENTED_EDGE ( 'NONE', *, *, #4791, .F. ) ;
#5996 = AXIS2_PLACEMENT_3D ( 'NONE', #1041, #9, #3763 ) ;
#5997 = CARTESIAN_POINT ( 'NONE',  ( 0.000000000000000000, 4.169999999999999929, 0.000000000000000000 ) ) ;
#5998 = CARTESIAN_POINT ( 'NONE',  ( 19.51677218609430042, 4.169999999999999929, -12.42271421373347096 ) ) ;
#5999 = EDGE_CURVE ( 'NONE', #5689, #3112, #2396, .T. ) ;
#6000 = ORIENTED_EDGE ( 'NONE', *, *, #181, .F. ) ;
#6001 = CIRCLE ( 'NONE', #4787, 0.9999999999999974465 ) ;
#6002 = ORIENTED_EDGE ( 'NONE', *, *, #653, .T. ) ;
#6003 = DIRECTION ( 'NONE',  ( 0.5000000000000002220, -0.000000000000000000, 0.8660254037844385966 ) ) ;
#6004 = CARTESIAN_POINT ( 'NONE',  ( 14.90801986940285850, 4.633679859935362799, -6.864870684657614852 ) ) ;
#6005 = VERTEX_POINT ( 'NONE', #4238 ) ;
#6006 = ORIENTED_EDGE ( 'NONE', *, *, #3931, .F. ) ;
#6007 = CARTESIAN_POINT ( 'NONE',  ( -21.25031422186808783, 4.169999999999999929, -13.42357517473907791 ) ) ;
#6008 = CARTESIAN_POINT ( 'NONE',  ( -14.58980017709341226, 4.169999999999999929, 6.621581698909940528 ) ) ;
#6009 = DIRECTION ( 'NONE',  ( -0.000000000000000000, -1.000000000000000000, -0.000000000000000000 ) ) ;
#6010 = ADVANCED_FACE ( 'NONE', ( #6343 ), #929, .F. ) ;
#6011 = AXIS2_PLACEMENT_3D ( 'NONE', #6600, #1868, #3972 ) ;
#6012 = DIRECTION ( 'NONE',  ( -0.000000000000000000, -1.000000000000000000, -0.000000000000000000 ) ) ;
#6013 = FACE_OUTER_BOUND ( 'NONE', #3385, .T. ) ;
#6014 = ORIENTED_EDGE ( 'NONE', *, *, #2885, .T. ) ;
#6015 = AXIS2_PLACEMENT_3D ( 'NONE', #4475, #4058, #3435 ) ;
#6016 = CARTESIAN_POINT ( 'NONE',  ( -27.64883365011752758, 4.670000000000000817, 13.66095511311933741 ) ) ;
#6017 = CARTESIAN_POINT ( 'NONE',  ( 1.690000000000081881, 2.669999999999999929, -24.35665843275937803 ) ) ;
#6018 = ORIENTED_EDGE ( 'NONE', *, *, #5232, .T. ) ;
#6019 = ADVANCED_FACE ( 'NONE', ( #5716 ), #2101, .F. ) ;
#6020 = CARTESIAN_POINT ( 'NONE',  ( 19.51677218609430398, 4.169999999999999929, -12.42271421373347451 ) ) ;
#6021 = CARTESIAN_POINT ( 'NONE',  ( -13.14945629045321596, 4.333109536613292789, -9.788077101349097475 ) ) ;
#6022 = ORIENTED_EDGE ( 'NONE', *, *, #721, .T. ) ;
#6023 = AXIS2_PLACEMENT_3D ( 'NONE', #6587, #3957, #2408 ) ;
#6024 = CARTESIAN_POINT ( 'NONE',  ( 14.51453906012028305, 4.169999999999999929, -9.534673571903006462 ) ) ;
#6025 = ORIENTED_EDGE ( 'NONE', *, *, #3969, .T. ) ;
#6026 = CARTESIAN_POINT ( 'NONE',  ( 0.000000000000000000, 4.169999999999999929, 23.13499999999999446 ) ) ;
#6027 = CARTESIAN_POINT ( 'NONE',  ( -20.62661159659261045, 4.633968756409499790, -11.07161177707674860 ) ) ;
#6028 = AXIS2_PLACEMENT_3D ( 'NONE', #94, #1704, #4911 ) ;
#6029 = DIRECTION ( 'NONE',  ( 0.000000000000000000, 0.000000000000000000, 1.000000000000000000 ) ) ;
#6030 = ORIENTED_EDGE ( 'NONE', *, *, #2447, .F. ) ;
#6031 = ADVANCED_FACE ( 'NONE', ( #2070 ), #5228, .T. ) ;
#6032 = CARTESIAN_POINT ( 'NONE',  ( -28.28435535119341537, 4.492663175784939789, 14.57766787762159133 ) ) ;
#6033 = DIRECTION ( 'NONE',  ( -0.000000000000000000, -1.000000000000000000, -0.000000000000000000 ) ) ;
#6034 = ORIENTED_EDGE ( 'NONE', *, *, #4710, .F. ) ;
#6035 = VERTEX_POINT ( 'NONE', #1472 ) ;
#6036 = CARTESIAN_POINT ( 'NONE',  ( 12.42271421373347984, 4.670000000000000817, 19.51677218609430398 ) ) ;
#6037 = EDGE_CURVE ( 'NONE', #6446, #1410, #4290, .T. ) ;
#6038 = EDGE_CURVE ( 'NONE', #326, #2997, #4133, .T. ) ;
#6039 = DIRECTION ( 'NONE',  ( -0.3187812165858947000, 0.000000000000000000, -0.9478283262025970490 ) ) ;
#6040 = CARTESIAN_POINT ( 'NONE',  ( -21.58014108603133252, 4.670000000000000817, 11.88194999598057677 ) ) ;
#6041 = VERTEX_POINT ( 'NONE', #3030 ) ;
#6042 = VECTOR ( 'NONE', #3860, 1000.000000000000000 ) ;
#6043 = ORIENTED_EDGE ( 'NONE', *, *, #1414, .F. ) ;
#6044 = CARTESIAN_POINT ( 'NONE',  ( -11.79645412677234795, 4.633722113560351907, -21.88457823746913178 ) ) ;
#6045 = CARTESIAN_POINT ( 'NONE',  ( -24.35665843275938869, 2.669999999999999929, 1.690000000000002833 ) ) ;
#6046 = ADVANCED_FACE ( 'NONE', ( #3096 ), #485, .F. ) ;
#6047 = DIRECTION ( 'NONE',  ( -0.3187812165858770475, 0.000000000000000000, 0.9478283262026030442 ) ) ;
#6048 = CARTESIAN_POINT ( 'NONE',  ( -15.06371434019471423, 4.169999999999999929, 6.462191090617002587 ) ) ;
#6049 = DIRECTION ( 'NONE',  ( -0.000000000000000000, -1.000000000000000000, -0.000000000000000000 ) ) ;
#6050 = CARTESIAN_POINT ( 'NONE',  ( 27.64883365011744587, 4.670000000000000817, 13.66095511311953281 ) ) ;
#6051 = VERTEX_POINT ( 'NONE', #6200 ) ;
#6052 = DIRECTION ( 'NONE',  ( 0.000000000000000000, 1.000000000000000000, 0.000000000000000000 ) ) ;
#6053 = CARTESIAN_POINT ( 'NONE',  ( 21.25031422186818020, 4.670000000000000817, 13.42357517473893225 ) ) ;
#6054 = ORIENTED_EDGE ( 'NONE', *, *, #4670, .F. ) ;
#6055 = CARTESIAN_POINT ( 'NONE',  ( -9.213200126502751885, 4.670000000000000817, -13.58004976464921221 ) ) ;
#6056 = CARTESIAN_POINT ( 'NONE',  ( -1.690000000000251967, 2.669999999999999929, 24.35665843275937092 ) ) ;
#6057 = EDGE_LOOP ( 'NONE', ( #5363, #6022, #3195, #6776, #2759, #3616 ) ) ;
#6058 = DIRECTION ( 'NONE',  ( 0.000000000000000000, 0.000000000000000000, 1.000000000000000000 ) ) ;
#6059 = ORIENTED_EDGE ( 'NONE', *, *, #5237, .T. ) ;
#6060 = EDGE_CURVE ( 'NONE', #3716, #4532, #1458, .T. ) ;
#6061 = CARTESIAN_POINT ( 'NONE',  ( -15.06371434019471423, 2.669999999999999929, 6.462191090617002587 ) ) ;
#6062 = CARTESIAN_POINT ( 'NONE',  ( 0.000000000000000000, 0.000000000000000000, 0.000000000000000000 ) ) ;
#6063 = CARTESIAN_POINT ( 'NONE',  ( -12.90038643502429316, 4.670000000000000817, -21.11932092462050647 ) ) ;
#6064 = ORIENTED_EDGE ( 'NONE', *, *, #6594, .F. ) ;
#6065 = CARTESIAN_POINT ( 'NONE',  ( -26.24918328139955292, 4.169999999999999929, 16.30967357190281319 ) ) ;
#6066 = DIRECTION ( 'NONE',  ( -0.4999999999999992784, 0.000000000000000000, 0.8660254037844390407 ) ) ;
#6067 = CIRCLE ( 'NONE', #1538, 23.13499999999999801 ) ;
#6068 = ORIENTED_EDGE ( 'NONE', *, *, #2714, .T. ) ;
#6069 = EDGE_CURVE ( 'NONE', #1372, #2948, #3104, .T. ) ;
#6070 = CIRCLE ( 'NONE', #3857, 1.000000000000070166 ) ;
#6071 = FACE_OUTER_BOUND ( 'NONE', #24, .T. ) ;
#6072 = DIRECTION ( 'NONE',  ( -0.8660254037845012132, -0.000000000000000000, 0.4999999999998913647 ) ) ;
#6073 = ORIENTED_EDGE ( 'NONE', *, *, #4422, .T. ) ;
#6074 = ORIENTED_EDGE ( 'NONE', *, *, #881, .F. ) ;
#6075 = EDGE_CURVE ( 'NONE', #6340, #2352, #4766, .T. ) ;
#6076 = VECTOR ( 'NONE', #2823, 1000.000000000000114 ) ;
#6077 = LINE ( 'NONE', #6175, #5640 ) ;
#6078 = CARTESIAN_POINT ( 'NONE',  ( -7.129484880843363293, 4.670000000000000817, 14.76062224451690774 ) ) ;
#6079 = FACE_OUTER_BOUND ( 'NONE', #4750, .T. ) ;
#6080 = DIRECTION ( 'NONE',  ( -0.1978415312886053767, 0.000000000000000000, 0.9802340172108799932 ) ) ;
#6081 = CARTESIAN_POINT ( 'NONE',  ( 0.000000000000000000, 4.169999999999999929, 0.000000000000000000 ) ) ;
#6082 = CARTESIAN_POINT ( 'NONE',  ( 13.05437364137026179, 4.633722113560348355, 21.15831806709713447 ) ) ;
#6083 = ORIENTED_EDGE ( 'NONE', *, *, #4143, .F. ) ;
#6084 = CARTESIAN_POINT ( 'NONE',  ( 0.000000000000000000, 4.670000000000000817, 0.000000000000000000 ) ) ;
#6085 = ADVANCED_FACE ( 'NONE', ( #2576 ), #3133, .T. ) ;
#6086 = AXIS2_PLACEMENT_3D ( 'NONE', #3977, #3943, #1257 ) ;
#6087 = DIRECTION ( 'NONE',  ( 0.000000000000000000, 1.000000000000000000, 0.000000000000000000 ) ) ;
#6088 = ORIENTED_EDGE ( 'NONE', *, *, #2053, .T. ) ;
#6089 = TOROIDAL_SURFACE ( 'NONE', #2237, 23.63499999999999801, 0.5000000000000000000 ) ;
#6090 = CARTESIAN_POINT ( 'NONE',  ( -1.690000000000251967, 0.000000000000000000, 24.35665843275937092 ) ) ;
#6091 = CARTESIAN_POINT ( 'NONE',  ( 0.000000000000000000, 2.669999999999999929, 0.000000000000000000 ) ) ;
#6092 = ORIENTED_EDGE ( 'NONE', *, *, #4130, .T. ) ;
#6093 = ORIENTED_EDGE ( 'NONE', *, *, #3997, .F. ) ;
#6094 = VECTOR ( 'NONE', #4708, 999.9999999999998863 ) ;
#6095 = LINE ( 'NONE', #5638, #143 ) ;
#6096 = LINE ( 'NONE', #2930, #3838 ) ;
#6097 = DIRECTION ( 'NONE',  ( 0.000000000000000000, 1.000000000000000000, 0.000000000000000000 ) ) ;
#6098 = EDGE_LOOP ( 'NONE', ( #3067, #1012, #2977 ) ) ;
#6099 = AXIS2_PLACEMENT_3D ( 'NONE', #2763, #2185, #4281 ) ;
#6100 = CARTESIAN_POINT ( 'NONE',  ( 6.462191090617060318, 4.252893438167024698, 15.06371434019468936 ) ) ;
#6101 = PLANE ( 'NONE',  #2879 ) ;
#6102 = ADVANCED_FACE ( 'NONE', ( #6509 ), #5393, .T. ) ;
#6103 = VECTOR ( 'NONE', #3808, 999.9999999999998863 ) ;
#6104 = ORIENTED_EDGE ( 'NONE', *, *, #1644, .F. ) ;
#6105 = VECTOR ( 'NONE', #3799, 1000.000000000000000 ) ;
#6106 = EDGE_CURVE ( 'NONE', #1343, #2688, #2234, .T. ) ;
#6107 = LINE ( 'NONE', #6627, #1546 ) ;
#6108 = CARTESIAN_POINT ( 'NONE',  ( 27.09729052274362715, 4.670000000000000817, 16.70152105077628235 ) ) ;
#6109 = ORIENTED_EDGE ( 'NONE', *, *, #852, .F. ) ;
#6110 = ORIENTED_EDGE ( 'NONE', *, *, #6487, .F. ) ;
#6111 = VECTOR ( 'NONE', #2838, 1000.000000000000000 ) ;
#6112 = FACE_OUTER_BOUND ( 'NONE', #6098, .T. ) ;
#6113 = CARTESIAN_POINT ( 'NONE',  ( 15.06371434019467692, 4.169999999999999929, 6.462191090617110056 ) ) ;
#6114 = CYLINDRICAL_SURFACE ( 'NONE', #286, 23.13499999999999446 ) ;
#6115 = FACE_OUTER_BOUND ( 'NONE', #6314, .T. ) ;
#6116 = EDGE_CURVE ( 'NONE', #6654, #5860, #1040, .T. ) ;
#6117 = LINE ( 'NONE', #6146, #38 ) ;
#6118 = CARTESIAN_POINT ( 'NONE',  ( -14.76921929579110504, 4.670000000000000817, -7.155046389161858755 ) ) ;
#6119 = ORIENTED_EDGE ( 'NONE', *, *, #5854, .F. ) ;
#6120 = LINE ( 'NONE', #4393, #2569 ) ;
#6121 = AXIS2_PLACEMENT_3D ( 'NONE', #2995, #961, #4584 ) ;
#6122 = FACE_OUTER_BOUND ( 'NONE', #4129, .T. ) ;
#6123 = ORIENTED_EDGE ( 'NONE', *, *, #2836, .F. ) ;
#6124 = ADVANCED_FACE ( 'NONE', ( #1268 ), #3952, .F. ) ;
#6125 = EDGE_CURVE ( 'NONE', #5238, #2316, #4472, .T. ) ;
#6126 = CARTESIAN_POINT ( 'NONE',  ( -9.706518947589986013, 4.463880146591668208, -13.21359053816951956 ) ) ;
#6127 = LINE ( 'NONE', #4945, #4099 ) ;
#6128 = EDGE_LOOP ( 'NONE', ( #4535, #825, #2058, #2240, #3173 ) ) ;
#6129 = ORIENTED_EDGE ( 'NONE', *, *, #1359, .F. ) ;
#6130 = FACE_OUTER_BOUND ( 'NONE', #5507, .T. ) ;
#6131 = CARTESIAN_POINT ( 'NONE',  ( 0.000000000000000000, 0.000000000000000000, 0.000000000000000000 ) ) ;
#6132 = CARTESIAN_POINT ( 'NONE',  ( 0.000000000000000000, 4.670000000000000817, 0.000000000000000000 ) ) ;
#6133 = ORIENTED_EDGE ( 'NONE', *, *, #4482, .F. ) ;
#6134 = CARTESIAN_POINT ( 'NONE',  ( -16.99152107116474397, 4.624536028915298580, 26.91967764984893918 ) ) ;
#6135 = DIRECTION ( 'NONE',  ( 0.5000000000000054401, 0.000000000000000000, -0.8660254037844354880 ) ) ;
#6136 = ORIENTED_EDGE ( 'NONE', *, *, #2014, .T. ) ;
#6137 = VECTOR ( 'NONE', #4683, 1000.000000000000114 ) ;
#6138 = LINE ( 'NONE', #1236, #325 ) ;
#6139 = VERTEX_POINT ( 'NONE', #2334 ) ;
#6140 = ORIENTED_EDGE ( 'NONE', *, *, #4801, .T. ) ;
#6141 = EDGE_CURVE ( 'NONE', #682, #2820, #3637, .T. ) ;
#6142 = DIRECTION ( 'NONE',  ( -0.000000000000000000, -1.000000000000000000, -0.000000000000000000 ) ) ;
#6143 = DIRECTION ( 'NONE',  ( -0.000000000000000000, -1.000000000000000000, -0.000000000000000000 ) ) ;
#6144 = CARTESIAN_POINT ( 'NONE',  ( -13.66095511311924149, 4.670000000000000817, -27.64883365011757377 ) ) ;
#6145 = CARTESIAN_POINT ( 'NONE',  ( -27.00148374874491353, 4.670000000000000817, -16.86676990987372449 ) ) ;
#6146 = CARTESIAN_POINT ( 'NONE',  ( 0.2499999999998688827, 4.670000000000000817, -0.4330127018920030268 ) ) ;
#6147 = DIRECTION ( 'NONE',  ( 0.000000000000000000, 0.000000000000000000, 1.000000000000000000 ) ) ;
#6148 = B_SPLINE_CURVE_WITH_KNOTS ( 'NONE', 3,
 ( #1455, #406, #2559, #949, #6712, #5701, #4673, #1044 ),
 .UNSPECIFIED., .F., .F.,
 ( 4, 2, 2, 4 ),
 ( 0.000000000000000000, 0.0002401996643866257612, 0.0004803993287732515223, 0.0009607986575465004425 ),
 .UNSPECIFIED. ) ;
#6149 = ORIENTED_EDGE ( 'NONE', *, *, #3530, .F. ) ;
#6150 =( LENGTH_UNIT ( ) NAMED_UNIT ( * ) SI_UNIT ( .MILLI., .METRE. ) );
#6151 = EDGE_CURVE ( 'NONE', #61, #5889, #699, .T. ) ;
#6152 = CARTESIAN_POINT ( 'NONE',  ( -15.51453906012018891, 0.000000000000000000, -7.802622764334316230 ) ) ;
#6153 = DIRECTION ( 'NONE',  ( -0.000000000000000000, -1.000000000000000000, -0.000000000000000000 ) ) ;
#6154 = CARTESIAN_POINT ( 'NONE',  ( -9.280989028677785413, 4.670000000000000817, -13.53212571197077985 ) ) ;
#6155 = CARTESIAN_POINT ( 'NONE',  ( -17.45353882510847399, 4.169999999999999929, 26.59578445530220847 ) ) ;
#6156 = ORIENTED_EDGE ( 'NONE', *, *, #3698, .F. ) ;
#6157 = CARTESIAN_POINT ( 'NONE',  ( 27.24918328139932555, 4.670000000000000817, -14.57762276433428994 ) ) ;
#6158 = ORIENTED_EDGE ( 'NONE', *, *, #5442, .T. ) ;
#6159 = EDGE_CURVE ( 'NONE', #1646, #35, #2247, .T. ) ;
#6160 = CARTESIAN_POINT ( 'NONE',  ( -20.71392969959582331, 4.670000000000000817, 11.38184261884700632 ) ) ;
#6161 = CARTESIAN_POINT ( 'NONE',  ( 12.42271421373348339, 0.000000000000000000, 19.51677218609430398 ) ) ;
#6162 = LINE ( 'NONE', #5607, #2387 ) ;
#6163 = ORIENTED_EDGE ( 'NONE', *, *, #11, .T. ) ;
#6164 = DIRECTION ( 'NONE',  ( -0.4999999999999996669, 0.000000000000000000, -0.8660254037844388186 ) ) ;
#6165 = CARTESIAN_POINT ( 'NONE',  ( 6.462191090617061207, 0.000000000000000000, 15.06371434019469113 ) ) ;
#6166 = AXIS2_PLACEMENT_3D ( 'NONE', #6673, #3451, #2386 ) ;
#6167 = ORIENTED_EDGE ( 'NONE', *, *, #3656, .T. ) ;
#6168 = ADVANCED_FACE ( 'NONE', ( #1371 ), #4001, .T. ) ;
#6169 = CIRCLE ( 'NONE', #5728, 25.13500000000000512 ) ;
#6170 = ORIENTED_EDGE ( 'NONE', *, *, #5744, .T. ) ;
#6171 = CARTESIAN_POINT ( 'NONE',  ( -26.24918328139955292, 0.000000000000000000, 16.30967357190281319 ) ) ;
#6172 = VERTEX_POINT ( 'NONE', #1922 ) ;
#6173 = AXIS2_PLACEMENT_3D ( 'NONE', #659, #1715, #6416 ) ;
#6174 = VERTEX_POINT ( 'NONE', #1300 ) ;
#6175 = CARTESIAN_POINT ( 'NONE',  ( -14.51453906012035233, 4.169999999999999929, 9.534673571902905209 ) ) ;
#6176 = DIRECTION ( 'NONE',  ( -0.000000000000000000, -1.000000000000000000, -0.000000000000000000 ) ) ;
#6177 = VECTOR ( 'NONE', #6302, 1000.000000000000114 ) ;
#6178 = DIRECTION ( 'NONE',  ( -0.9478283262025980482, 0.000000000000000000, 0.3187812165858919244 ) ) ;
#6179 = CARTESIAN_POINT ( 'NONE',  ( -10.71913207290641701, 4.329481505472351444, 20.52507508630795030 ) ) ;
#6180 = CARTESIAN_POINT ( 'NONE',  ( -9.218331398995744053, 4.670000000000000817, 13.55462614496579832 ) ) ;
#6181 = ORIENTED_EDGE ( 'NONE', *, *, #6465, .F. ) ;
#6182 = EDGE_CURVE ( 'NONE', #2006, #897, #6429, .T. ) ;
#6183 = VECTOR ( 'NONE', #1199, 1000.000000000000000 ) ;
#6184 = CARTESIAN_POINT ( 'NONE',  ( 1.689999999999761027, 2.669999999999999929, 23.07319061161677709 ) ) ;
#6185 = ORIENTED_EDGE ( 'NONE', *, *, #2166, .F. ) ;
#6186 = DIRECTION ( 'NONE',  ( -0.000000000000000000, -1.000000000000000000, 0.000000000000000000 ) ) ;
#6187 = DIRECTION ( 'NONE',  ( -0.000000000000000000, -1.000000000000000000, -0.000000000000000000 ) ) ;
#6188 = EDGE_LOOP ( 'NONE', ( #1446, #5011, #650, #3548 ) ) ;
#6189 = ADVANCED_FACE ( 'NONE', ( #4985 ), #5649, .T. ) ;
#6190 = DIRECTION ( 'NONE',  ( -0.8660254037845014352, 0.000000000000000000, 0.4999999999998914757 ) ) ;
#6191 = ORIENTED_EDGE ( 'NONE', *, *, #6060, .F. ) ;
#6192 = DIRECTION ( 'NONE',  ( 0.000000000000000000, 1.000000000000000000, 0.000000000000000000 ) ) ;
#6193 = CARTESIAN_POINT ( 'NONE',  ( -27.24918328139942147, 2.669999999999999929, 14.57762276433412474 ) ) ;
#6194 = CIRCLE ( 'NONE', #480, 24.63500000000000512 ) ;
#6195 = DIRECTION ( 'NONE',  ( -0.000000000000000000, -1.000000000000000000, -0.000000000000000000 ) ) ;
#6196 = VERTEX_POINT ( 'NONE', #1774 ) ;
#6197 = CARTESIAN_POINT ( 'NONE',  ( 6.462191090617059430, 4.169999999999999929, 15.06371434019469113 ) ) ;
#6198 = CARTESIAN_POINT ( 'NONE',  ( -16.69466412678011835, 4.670000000000000817, -27.09531110850893754 ) ) ;
#6199 = ADVANCED_FACE ( 'NONE', ( #2850 ), #4947, .F. ) ;
#6200 = CARTESIAN_POINT ( 'NONE',  ( -14.51453906012035233, 0.000000000000000000, 9.534673571902905209 ) ) ;
#6201 = EDGE_LOOP ( 'NONE', ( #1248, #342, #5625, #2988 ) ) ;
#6202 = VECTOR ( 'NONE', #5706, 1000.000000000000000 ) ;
#6203 = AXIS2_PLACEMENT_3D ( 'NONE', #2946, #4972, #5591 ) ;
#6204 = ORIENTED_EDGE ( 'NONE', *, *, #5419, .T. ) ;
#6205 = PRODUCT_DEFINITION_SHAPE ( 'NONE', 'NONE',  #2896 ) ;
#6206 = ADVANCED_FACE ( 'NONE', ( #274 ), #1528, .T. ) ;
#6207 = EDGE_CURVE ( 'NONE', #6265, #1096, #510, .T. ) ;
#6208 = CARTESIAN_POINT ( 'NONE',  ( -9.534673571903029554, 0.000000000000000000, 14.51453906012026707 ) ) ;
#6209 = VERTEX_POINT ( 'NONE', #4190 ) ;
#6210 = ORIENTED_EDGE ( 'NONE', *, *, #1805, .T. ) ;
#6211 = CARTESIAN_POINT ( 'NONE',  ( 14.58113408188576443, 4.491302763840568701, 28.27739294938573877 ) ) ;
#6212 = DIRECTION ( 'NONE',  ( -0.3187812165858947000, -0.000000000000000000, -0.9478283262025970490 ) ) ;
#6213 = CARTESIAN_POINT ( 'NONE',  ( 14.95094271317734957, 4.670000000000001705, -28.10722118447545625 ) ) ;
#6214 = CARTESIAN_POINT ( 'NONE',  ( -14.57762276433434678, 4.169999999999999929, 27.24918328139932200 ) ) ;
#6215 = ORIENTED_EDGE ( 'NONE', *, *, #405, .T. ) ;
#6216 = PRESENTATION_STYLE_ASSIGNMENT (( #1947 ) ) ;
#6217 = VECTOR ( 'NONE', #3182, 1000.000000000000114 ) ;
#6218 = AXIS2_PLACEMENT_3D ( 'NONE', #5940, #1220, #5349 ) ;
#6219 = PLANE ( 'NONE',  #4020 ) ;
#6220 = ORIENTED_EDGE ( 'NONE', *, *, #3698, .T. ) ;
#6221 = TOROIDAL_SURFACE ( 'NONE', #2587, 1.500000000000000666, 0.5000000000000000000 ) ;
#6222 = CARTESIAN_POINT ( 'NONE',  ( -19.51677218609430398, 0.000000000000000000, 12.42271421373348339 ) ) ;
#6223 = FACE_OUTER_BOUND ( 'NONE', #262, .T. ) ;
#6224 = VERTEX_POINT ( 'NONE', #5218 ) ;
#6225 = CARTESIAN_POINT ( 'NONE',  ( -0.2499999999999961697, 4.670000000000000817, 0.4330127018922029780 ) ) ;
#6226 = ORIENTED_EDGE ( 'NONE', *, *, #489, .T. ) ;
#6227 = B_SPLINE_CURVE_WITH_KNOTS ( 'NONE', 3,
 ( #6360, #3729, #1656, #2220, #3700, #5836, #5801, #1076 ),
 .UNSPECIFIED., .F., .F.,
 ( 4, 2, 2, 4 ),
 ( -4.472608283819512679E-06, 0.0004676253585635832262, 0.0007036743419872888011, 0.0009397233254109943219 ),
 .UNSPECIFIED. ) ;
#6228 = CIRCLE ( 'NONE', #3256, 0.9999999999999974465 ) ;
#6229 = ADVANCED_FACE ( 'NONE', ( #4123 ), #5539, .T. ) ;
#6230 = CARTESIAN_POINT ( 'NONE',  ( 15.06371434019466804, 4.670000000000000817, -6.462191090617108280 ) ) ;
#6231 = CARTESIAN_POINT ( 'NONE',  ( 12.32736374810562729, 4.633968756409501566, -19.90160285808367391 ) ) ;
#6232 = LINE ( 'NONE', #3160, #4373 ) ;
#6233 = ORIENTED_EDGE ( 'NONE', *, *, #5823, .T. ) ;
#6234 = CARTESIAN_POINT ( 'NONE',  ( -3.075684002619826440, 4.670000000000000817, -1.775746986854781939 ) ) ;
#6235 = DIRECTION ( 'NONE',  ( 0.5000000000000333067, 0.000000000000000000, 0.8660254037844193897 ) ) ;
#6236 = CIRCLE ( 'NONE', #6011, 1.500000000000025535 ) ;
#6237 = CARTESIAN_POINT ( 'NONE',  ( 8.141141495965079855, 4.670000000000000817, 15.10087070261882225 ) ) ;
#6238 = ORIENTED_EDGE ( 'NONE', *, *, #3482, .F. ) ;
#6239 = EDGE_CURVE ( 'NONE', #5599, #527, #474, .T. ) ;
#6240 = CIRCLE ( 'NONE', #3268, 0.5000000000000004441 ) ;
#6241 = PLANE ( 'NONE',  #5345 ) ;
#6242 = ORIENTED_EDGE ( 'NONE', *, *, #5212, .T. ) ;
#6243 = AXIS2_PLACEMENT_3D ( 'NONE', #5641, #924, #5125 ) ;
#6244 = ORIENTED_EDGE ( 'NONE', *, *, #2994, .T. ) ;
#6245 = ADVANCED_FACE ( 'NONE', ( #1989 ), #4107, .T. ) ;
#6246 = EDGE_CURVE ( 'NONE', #551, #3027, #6717, .T. ) ;
#6247 = CARTESIAN_POINT ( 'NONE',  ( 16.68865214663075847, 4.670000000000000817, 27.09354647287409534 ) ) ;
#6248 = CARTESIAN_POINT ( 'NONE',  ( 16.30967357190291622, 4.670000000000000817, 26.24918328139949608 ) ) ;
#6249 = DIRECTION ( 'NONE',  ( -0.5000000000000055511, 0.000000000000000000, 0.8660254037844355990 ) ) ;
#6250 = ORIENTED_EDGE ( 'NONE', *, *, #2346, .T. ) ;
#6251 = FILL_AREA_STYLE ('',( #434 ) ) ;
#6252 = B_SPLINE_CURVE_WITH_KNOTS ( 'NONE', 3,
 ( #166, #3266, #5289, #4368, #4746, #2170 ),
 .UNSPECIFIED., .F., .F.,
 ( 4, 2, 4 ),
 ( -1.477143756511471064E-05, 0.0003797396612299174228, 0.0007742507600249495326 ),
 .UNSPECIFIED. ) ;
#6253 = ADVANCED_FACE ( 'NONE', ( #985, #5635 ), #917, .T. ) ;
#6254 = EDGE_CURVE ( 'NONE', #3031, #4474, #411, .T. ) ;
#6255 = FACE_OUTER_BOUND ( 'NONE', #6351, .T. ) ;
#6256 = ORIENTED_EDGE ( 'NONE', *, *, #78, .T. ) ;
#6257 = DIRECTION ( 'NONE',  ( -0.8660254037844472563, 0.000000000000000000, 0.4999999999999851785 ) ) ;
#6258 = FACE_OUTER_BOUND ( 'NONE', #1988, .T. ) ;
#6259 = ORIENTED_EDGE ( 'NONE', *, *, #1693, .F. ) ;
#6260 = DIRECTION ( 'NONE',  ( -0.8660254037844425934, 0.000000000000000000, -0.4999999999999931166 ) ) ;
#6261 = ORIENTED_EDGE ( 'NONE', *, *, #3596, .T. ) ;
#6262 = DIRECTION ( 'NONE',  ( 0.8660254037844387076, 0.000000000000000000, -0.4999999999999998335 ) ) ;
#6263 = CARTESIAN_POINT ( 'NONE',  ( -27.64883365011735350, 4.169999999999999929, -14.66095511311972466 ) ) ;
#6264 = CARTESIAN_POINT ( 'NONE',  ( -26.99929124622104837, 4.669999999999999041, 16.85778397243937121 ) ) ;
#6265 = VERTEX_POINT ( 'NONE', #1013 ) ;
#6266 = CYLINDRICAL_SURFACE ( 'NONE', #2461, 1.000000000000075495 ) ;
#6267 = CARTESIAN_POINT ( 'NONE',  ( -17.38306512002999327, 4.328423962758319199, -26.64400103275821508 ) ) ;
#6268 = DIRECTION ( 'NONE',  ( 0.4999999999999682476, 0.000000000000000000, 0.8660254037844569153 ) ) ;
#6269 = ADVANCED_FACE ( 'NONE', ( #4055 ), #5773, .T. ) ;
#6270 = ORIENTED_EDGE ( 'NONE', *, *, #100, .T. ) ;
#6271 = CARTESIAN_POINT ( 'NONE',  ( -21.25031422186808427, 0.000000000000000000, -13.42357517473907613 ) ) ;
#6272 = ORIENTED_EDGE ( 'NONE', *, *, #6466, .F. ) ;
#6273 = CARTESIAN_POINT ( 'NONE',  ( 0.000000000000000000, 0.000000000000000000, 0.000000000000000000 ) ) ;
#6274 = VECTOR ( 'NONE', #4328, 1000.000000000000000 ) ;
#6275 = ORIENTED_EDGE ( 'NONE', *, *, #2618, .T. ) ;
#6276 = ADVANCED_FACE ( 'NONE', ( #4609 ), #6294, .F. ) ;
#6277 = ORIENTED_EDGE ( 'NONE', *, *, #6734, .T. ) ;
#6278 = AXIS2_PLACEMENT_3D ( 'NONE', #1456, #469, #2055 ) ;
#6279 = FACE_OUTER_BOUND ( 'NONE', #6344, .T. ) ;
#6280 = CARTESIAN_POINT ( 'NONE',  ( -16.71611508416008007, 4.670000000000000817, 27.10138619186879438 ) ) ;
#6281 = DIRECTION ( 'NONE',  ( 0.8660254037844402619, 0.000000000000000000, -0.4999999999999973355 ) ) ;
#6282 = ORIENTED_EDGE ( 'NONE', *, *, #567, .F. ) ;
#6283 = AXIS2_PLACEMENT_3D ( 'NONE', #3041, #5694, #972 ) ;
#6284 = EDGE_CURVE ( 'NONE', #6340, #1784, #6817, .T. ) ;
#6285 = CARTESIAN_POINT ( 'NONE',  ( -15.02328291086336698, 4.670000000000000817, -27.02108929809683602 ) ) ;
#6286 = AXIS2_PLACEMENT_3D ( 'NONE', #2934, #6622, #5579 ) ;
#6287 = CYLINDRICAL_SURFACE ( 'NONE', #3355, 0.5000000000000000000 ) ;
#6288 = CARTESIAN_POINT ( 'NONE',  ( 11.79645412677232663, 4.633722113560350131, -21.88457823746914954 ) ) ;
#6289 = CARTESIAN_POINT ( 'NONE',  ( 13.66095511311943511, 4.670000000000000817, -27.64883365011749561 ) ) ;
#6290 = CARTESIAN_POINT ( 'NONE',  ( 26.64751940166216215, 4.322171342454935505, -17.36279498497607676 ) ) ;
#6291 = ORIENTED_EDGE ( 'NONE', *, *, #6116, .F. ) ;
#6292 = ADVANCED_FACE ( 'NONE', ( #1050 ), #2093, .F. ) ;
#6293 = B_SPLINE_CURVE_WITH_KNOTS ( 'NONE', 3,
 ( #1289, #4530, #3976, #6640, #1908, #2457, #4565, #4667, #2083, #2518 ),
 .UNSPECIFIED., .F., .F.,
 ( 4, 2, 2, 2, 4 ),
 ( 0.000000000000000000, 0.0002502288356763152739, 0.0005004576713526305478, 0.0007506865070289458217, 0.001000915342705261096 ),
 .UNSPECIFIED. ) ;
#6294 = PLANE ( 'NONE',  #39 ) ;
#6295 = AXIS2_PLACEMENT_3D ( 'NONE', #284, #2378, #1340 ) ;
#6296 = ORIENTED_EDGE ( 'NONE', *, *, #6440, .F. ) ;
#6297 = CARTESIAN_POINT ( 'NONE',  ( -6.493626010267594673, 4.333024042169507872, -15.05144724807546019 ) ) ;
#6298 = DIRECTION ( 'NONE',  ( 0.000000000000000000, 0.000000000000000000, -1.000000000000000000 ) ) ;
#6299 = CARTESIAN_POINT ( 'NONE',  ( 8.141141495965079855, 4.670000000000000817, 15.10087070261882225 ) ) ;
#6300 = ORIENTED_EDGE ( 'NONE', *, *, #1171, .F. ) ;
#6301 = CARTESIAN_POINT ( 'NONE',  ( 7.802622764334154581, 4.462893218813453799, -15.51453906012027240 ) ) ;
#6302 = DIRECTION ( 'NONE',  ( 0.5000000000000229816, -0.000000000000000000, 0.8660254037844252739 ) ) ;
#6303 = CARTESIAN_POINT ( 'NONE',  ( -13.42357517473899975, 4.169999999999999929, 21.25031422186813046 ) ) ;
#6304 = ORIENTED_EDGE ( 'NONE', *, *, #1556, .T. ) ;
#6305 = VECTOR ( 'NONE', #2958, 999.9999999999998863 ) ;
#6306 = CARTESIAN_POINT ( 'NONE',  ( 10.87118513549161136, 4.512345469905871376, 20.56910327435843655 ) ) ;
#6307 = ORIENTED_EDGE ( 'NONE', *, *, #3462, .F. ) ;
#6308 = ADVANCED_FACE ( 'NONE', ( #954 ), #5151, .F. ) ;
#6309 = DIRECTION ( 'NONE',  ( -0.000000000000000000, -1.000000000000000000, -0.000000000000000000 ) ) ;
#6310 = VECTOR ( 'NONE', #3291, 999.9999999999998863 ) ;
#6311 = TOROIDAL_SURFACE ( 'NONE', #2787, 1.500000000000001110, 0.5000000000000000000 ) ;
#6312 = ORIENTED_EDGE ( 'NONE', *, *, #4763, .F. ) ;
#6313 = ORIENTED_EDGE ( 'NONE', *, *, #1950, .F. ) ;
#6314 = EDGE_LOOP ( 'NONE', ( #3250, #2886, #3091, #3504 ) ) ;
#6315 = VECTOR ( 'NONE', #1092, 1000.000000000000000 ) ;
#6316 = CARTESIAN_POINT ( 'NONE',  ( 14.51453906012028128, 4.169999999999999929, 9.534673571902997580 ) ) ;
#6317 = DIRECTION ( 'NONE',  ( -0.8660254037844385966, 0.000000000000000000, 0.5000000000000000000 ) ) ;
#6318 = EDGE_CURVE ( 'NONE', #2335, #3575, #4157, .T. ) ;
#6319 = VECTOR ( 'NONE', #25, 1000.000000000000000 ) ;
#6320 = FACE_OUTER_BOUND ( 'NONE', #3161, .T. ) ;
#6321 = DIRECTION ( 'NONE',  ( -1.000000000000000000, 0.000000000000000000, 0.000000000000000000 ) ) ;
#6322 = AXIS2_PLACEMENT_3D ( 'NONE', #6016, #3873, #2949 ) ;
#6323 = DIRECTION ( 'NONE',  ( -0.000000000000000000, -1.000000000000000000, -0.000000000000000000 ) ) ;
#6324 = EDGE_CURVE ( 'NONE', #641, #1316, #1560, .T. ) ;
#6325 = CARTESIAN_POINT ( 'NONE',  ( 0.000000000000000000, 2.669999999999999929, 0.000000000000000000 ) ) ;
#6326 = CYLINDRICAL_SURFACE ( 'NONE', #2978, 18.39154951988265196 ) ;
#6327 = LINE ( 'NONE', #1491, #1806 ) ;
#6328 = CARTESIAN_POINT ( 'NONE',  ( 21.08014108603125081, 4.670000000000000817, -12.74797539976514216 ) ) ;
#6329 = ORIENTED_EDGE ( 'NONE', *, *, #4710, .T. ) ;
#6330 = AXIS2_PLACEMENT_3D ( 'NONE', #6681, #5596, #1948 ) ;
#6331 = AXIS2_PLACEMENT_3D ( 'NONE', #2158, #470, #506 ) ;
#6332 = CARTESIAN_POINT ( 'NONE',  ( -20.67079483668171491, 4.670000000000001705, 11.22743445466707080 ) ) ;
#6333 = ORIENTED_EDGE ( 'NONE', *, *, #3809, .T. ) ;
#6334 = EDGE_CURVE ( 'NONE', #4592, #6356, #3773, .T. ) ;
#6335 = CARTESIAN_POINT ( 'NONE',  ( 28.36045094450776460, 4.322071051845257195, -14.39591196033831366 ) ) ;
#6336 = CARTESIAN_POINT ( 'NONE',  ( 26.52108929809674720, 4.670000000000000817, -15.88930831464784355 ) ) ;
#6337 = CIRCLE ( 'NONE', #396, 1.000000000000028644 ) ;
#6338 = EDGE_CURVE ( 'NONE', #5846, #6265, #3469, .T. ) ;
#6339 = DIRECTION ( 'NONE',  ( 0.9478283262025980482, -0.000000000000000000, -0.3187812165858919244 ) ) ;
#6340 = VERTEX_POINT ( 'NONE', #3188 ) ;
#6341 = DIRECTION ( 'NONE',  ( -0.000000000000000000, -1.000000000000000000, -0.000000000000000000 ) ) ;
#6342 = LINE ( 'NONE', #2749, #5620 ) ;
#6343 = FACE_OUTER_BOUND ( 'NONE', #4379, .T. ) ;
#6344 = EDGE_LOOP ( 'NONE', ( #2902, #4075, #3277, #4964 ) ) ;
#6345 = CARTESIAN_POINT ( 'NONE',  ( -27.24918328139926516, 4.169999999999999929, -14.57762276433443560 ) ) ;
#6346 = EDGE_LOOP ( 'NONE', ( #1093, #2797, #6408, #2333, #6592, #140 ) ) ;
#6347 = CARTESIAN_POINT ( 'NONE',  ( 9.207162634049897321, 4.670000000000000817, -13.60996338006891371 ) ) ;
#6348 = DIRECTION ( 'NONE',  ( 0.000000000000000000, 0.000000000000000000, 1.000000000000000000 ) ) ;
#6349 = ORIENTED_EDGE ( 'NONE', *, *, #5473, .F. ) ;
#6350 = VERTEX_POINT ( 'NONE', #5385 ) ;
#6351 = EDGE_LOOP ( 'NONE', ( #2914, #1274, #1197, #4659 ) ) ;
#6352 = CARTESIAN_POINT ( 'NONE',  ( 0.000000000000000000, 0.000000000000000000, 0.000000000000000000 ) ) ;
#6353 = AXIS2_PLACEMENT_3D ( 'NONE', #5795, #4142, #1071 ) ;
#6354 = FACE_OUTER_BOUND ( 'NONE', #310, .T. ) ;
#6355 = CARTESIAN_POINT ( 'NONE',  ( 14.57762276433416027, 4.670000000000000817, 27.24918328139940016 ) ) ;
#6356 = VERTEX_POINT ( 'NONE', #1595 ) ;
#6357 = CARTESIAN_POINT ( 'NONE',  ( 27.64883365011744587, 4.670000000000000817, 13.66095511311953281 ) ) ;
#6358 = ADVANCED_FACE ( 'NONE', ( #159 ), #5840, .T. ) ;
#6359 = DIRECTION ( 'NONE',  ( 0.000000000000000000, 1.000000000000000000, 0.000000000000000000 ) ) ;
#6360 = CARTESIAN_POINT ( 'NONE',  ( 21.58014108603129699, 4.670000000000000817, -11.88194999598063362 ) ) ;
#6361 = LINE ( 'NONE', #2021, #1582 ) ;
#6362 = DIRECTION ( 'NONE',  ( 0.4999999999999930611, 0.000000000000000000, -0.8660254037844427044 ) ) ;
#6363 = ORIENTED_EDGE ( 'NONE', *, *, #6827, .T. ) ;
#6364 = CARTESIAN_POINT ( 'NONE',  ( 27.14099165632320165, 4.615696297820590210, -14.79062215075754949 ) ) ;
#6365 = ADVANCED_FACE ( 'NONE', ( #642 ), #611, .T. ) ;
#6366 = DIRECTION ( 'NONE',  ( 0.8660254037844472563, 0.000000000000000000, -0.4999999999999851785 ) ) ;
#6367 = CARTESIAN_POINT ( 'NONE',  ( 13.66095511311943511, 4.169999999999999929, -27.64883365011749561 ) ) ;
#6368 = CARTESIAN_POINT ( 'NONE',  ( 21.15831806709715224, 4.633722113560349243, -13.05437364137025291 ) ) ;
#6369 = ORIENTED_EDGE ( 'NONE', *, *, #2053, .F. ) ;
#6370 = CARTESIAN_POINT ( 'NONE',  ( -26.45082627711649081, 4.669999999999988383, -15.99902080799003912 ) ) ;
#6371 = DIRECTION ( 'NONE',  ( -0.000000000000000000, -1.000000000000000000, -0.000000000000000000 ) ) ;
#6372 = VERTEX_POINT ( 'NONE', #2775 ) ;
#6373 = ADVANCED_FACE ( 'NONE', ( #5317 ), #6472, .T. ) ;
#6374 = EDGE_LOOP ( 'NONE', ( #464, #475, #627, #5537 ) ) ;
#6375 = CARTESIAN_POINT ( 'NONE',  ( 19.76677218609431108, 4.169999999999999929, -11.98970151184125932 ) ) ;
#6376 = CARTESIAN_POINT ( 'NONE',  ( -10.69066340616468302, 2.669999999999999929, 20.51677218609426490 ) ) ;
#6377 = VERTEX_POINT ( 'NONE', #1119 ) ;
#6378 = LINE ( 'NONE', #5820, #59 ) ;
#6379 = CARTESIAN_POINT ( 'NONE',  ( -14.77365619027803589, 4.670000000000000817, 7.168238553744167518 ) ) ;
#6380 = EDGE_LOOP ( 'NONE', ( #3034, #5832, #6548, #433 ) ) ;
#6381 = CIRCLE ( 'NONE', #1204, 0.5000000000000004441 ) ;
#6382 = EDGE_CURVE ( 'NONE', #3027, #5337, #1661, .T. ) ;
#6383 = VERTEX_POINT ( 'NONE', #4292 ) ;
#6384 = EDGE_LOOP ( 'NONE', ( #2806, #2783, #3892, #692, #619 ) ) ;
#6385 = CARTESIAN_POINT ( 'NONE',  ( -21.11926659706293918, 4.670000000000000817, 12.90017509879639057 ) ) ;
#6386 = AXIS2_PLACEMENT_3D ( 'NONE', #6700, #2005, #6628 ) ;
#6387 = DIRECTION ( 'NONE',  ( 1.776356839400250465E-15, 0.000000000000000000, 1.000000000000000000 ) ) ;
#6388 = DIRECTION ( 'NONE',  ( -0.4999999999999991673, 0.000000000000000000, 0.8660254037844390407 ) ) ;
#6389 = CARTESIAN_POINT ( 'NONE',  ( 28.01258677318488211, 4.670000000000000817, 15.11618144103512229 ) ) ;
#6390 = VECTOR ( 'NONE', #5518, 1000.000000000000000 ) ;
#6391 = TOROIDAL_SURFACE ( 'NONE', #3415, 1.500000000000049072, 0.5000000000000000000 ) ;
#6392 = CARTESIAN_POINT ( 'NONE',  ( 26.27898760532763589, 4.431292217824007729, -16.26427753762803263 ) ) ;
#6393 = CARTESIAN_POINT ( 'NONE',  ( -14.37933424580845809, 4.329483962298692923, 28.38002508913206512 ) ) ;
#6394 = ADVANCED_FACE ( 'NONE', ( #674 ), #5881, .F. ) ;
#6395 = DIRECTION ( 'NONE',  ( 1.000000000000000000, 0.000000000000000000, 6.921832167980893463E-15 ) ) ;
#6396 = DIRECTION ( 'NONE',  ( 1.000000000000000000, 0.000000000000000000, 6.921832167980893463E-15 ) ) ;
#6397 = EDGE_LOOP ( 'NONE', ( #2529, #3105, #2756, #2578 ) ) ;
#6398 = CARTESIAN_POINT ( 'NONE',  ( -11.12367610805690177, 4.169999999999999929, 20.26677218609426134 ) ) ;
#6399 = AXIS2_PLACEMENT_3D ( 'NONE', #297, #6531, #4387 ) ;
#6400 = DIRECTION ( 'NONE',  ( -0.4999999999999898970, -0.000000000000000000, 0.8660254037844444808 ) ) ;
#6401 = DIRECTION ( 'NONE',  ( 0.000000000000000000, 0.000000000000000000, 1.000000000000000000 ) ) ;
#6402 = ORIENTED_EDGE ( 'NONE', *, *, #526, .F. ) ;
#6403 = EDGE_CURVE ( 'NONE', #1539, #3233, #2161, .T. ) ;
#6404 = CARTESIAN_POINT ( 'NONE',  ( 11.88194999598063895, 4.670000000000000817, 21.58014108603128989 ) ) ;
#6405 = CARTESIAN_POINT ( 'NONE',  ( -28.41310023613304026, 2.669999999999999929, 14.30585555931276787 ) ) ;
#6406 = ORIENTED_EDGE ( 'NONE', *, *, #6473, .F. ) ;
#6407 = CIRCLE ( 'NONE', #5850, 1.000000000000052847 ) ;
#6408 = ORIENTED_EDGE ( 'NONE', *, *, #6798, .F. ) ;
#6409 = TOROIDAL_SURFACE ( 'NONE', #3429, 1.500000000000069500, 0.5000000000000000000 ) ;
#6410 = CARTESIAN_POINT ( 'NONE',  ( -12.28766986436293607, 4.669999999999999929, -20.05882151463846341 ) ) ;
#6411 =( BOUNDED_CURVE ( )  B_SPLINE_CURVE ( 3, ( #3964, #550, #4687, #6759 ),
 .UNSPECIFIED., .F., .T. ) 
 B_SPLINE_CURVE_WITH_KNOTS ( ( 4, 4 ),
 ( 3.141592653589793116, 4.712388980384689674 ),
 .UNSPECIFIED. ) 
 CURVE ( )  GEOMETRIC_REPRESENTATION_ITEM ( )  RATIONAL_B_SPLINE_CURVE ( ( 1.000000000000000000, 0.8047378541243649375, 0.8047378541243649375, 1.000000000000000000 ) ) 
 REPRESENTATION_ITEM ( '' )  );
#6412 = LINE ( 'NONE', #751, #5688 ) ;
#6413 = EDGE_LOOP ( 'NONE', ( #6613, #4567, #2301, #6220 ) ) ;
#6414 = EDGE_CURVE ( 'NONE', #5337, #726, #2565, .T. ) ;
#6415 = DIRECTION ( 'NONE',  ( -0.5000000000000229816, 0.000000000000000000, -0.8660254037844252739 ) ) ;
#6416 = DIRECTION ( 'NONE',  ( 1.051949387485943067E-14, 0.000000000000000000, -1.000000000000000000 ) ) ;
#6417 = ORIENTED_EDGE ( 'NONE', *, *, #5842, .T. ) ;
#6418 = VECTOR ( 'NONE', #3084, 999.9999999999998863 ) ;
#6419 = VERTEX_POINT ( 'NONE', #5943 ) ;
#6420 = ORIENTED_EDGE ( 'NONE', *, *, #3546, .T. ) ;
#6421 = AXIS2_PLACEMENT_3D ( 'NONE', #380, #6656, #3921 ) ;
#6422 = CIRCLE ( 'NONE', #2128, 1.500000000000070610 ) ;
#6423 = CARTESIAN_POINT ( 'NONE',  ( -0.2499999999999771294, 4.169999999999999929, 0.4330127018921709481 ) ) ;
#6424 = EDGE_CURVE ( 'NONE', #1069, #6471, #4775, .T. ) ;
#6425 = AXIS2_PLACEMENT_3D ( 'NONE', #5338, #630, #1000 ) ;
#6426 = EDGE_CURVE ( 'NONE', #198, #3512, #5806, .T. ) ;
#6427 = PLANE ( 'NONE',  #4457 ) ;
#6428 = CARTESIAN_POINT ( 'NONE',  ( -0.2499999999999989175, 4.169999999999999929, -0.4330127018922205751 ) ) ;
#6429 =( BOUNDED_CURVE ( )  B_SPLINE_CURVE ( 3, ( #6024, #3498, #4540, #3988 ),
 .UNSPECIFIED., .F., .T. ) 
 B_SPLINE_CURVE_WITH_KNOTS ( ( 4, 4 ),
 ( 0.000000000000000000, 1.570796326794899223 ),
 .UNSPECIFIED. ) 
 CURVE ( )  GEOMETRIC_REPRESENTATION_ITEM ( )  RATIONAL_B_SPLINE_CURVE ( ( 1.000000000000000000, 0.8047378541243643824, 0.8047378541243643824, 1.000000000000000000 ) ) 
 REPRESENTATION_ITEM ( '' )  );
#6430 = LINE ( 'NONE', #535, #596 ) ;
#6431 = AXIS2_PLACEMENT_3D ( 'NONE', #4213, #6321, #3658 ) ;
#6432 = AXIS2_PLACEMENT_3D ( 'NONE', #2631, #5675, #2500 ) ;
#6433 = AXIS2_PLACEMENT_3D ( 'NONE', #2912, #6012, #3011 ) ;
#6434 = CARTESIAN_POINT ( 'NONE',  ( 25.65515099297911661, 4.169999999999999929, -17.11411476945202992 ) ) ;
#6435 = CARTESIAN_POINT ( 'NONE',  ( -10.69066340616468302, 4.169999999999999929, 20.51677218609426490 ) ) ;
#6436 = CARTESIAN_POINT ( 'NONE',  ( 0.000000000000000000, 4.670000000000000817, 23.63499999999999801 ) ) ;
#6437 = DIRECTION ( 'NONE',  ( -0.8660254037844246078, 0.000000000000000000, 0.5000000000000242029 ) ) ;
#6438 = ORIENTED_EDGE ( 'NONE', *, *, #224, .F. ) ;
#6439 = DIRECTION ( 'NONE',  ( -0.5000000000000134337, 0.000000000000000000, -0.8660254037844308250 ) ) ;
#6440 = EDGE_CURVE ( 'NONE', #5230, #2384, #2403, .T. ) ;
#6441 = CARTESIAN_POINT ( 'NONE',  ( 0.000000000000000000, 4.169999999999999929, 0.000000000000000000 ) ) ;
#6442 = EDGE_LOOP ( 'NONE', ( #5015, #4669, #2147, #4558, #5361, #5562, #4895, #4354 ) ) ;
#6443 = AXIS2_PLACEMENT_3D ( 'NONE', #5920, #1162, #1297 ) ;
#6444 = PLANE ( 'NONE',  #6665 ) ;
#6445 = CARTESIAN_POINT ( 'NONE',  ( 17.45353882510827148, 4.216376580718939060, -26.59578445530221558 ) ) ;
#6446 = VERTEX_POINT ( 'NONE', #3736 ) ;
#6447 = ORIENTED_EDGE ( 'NONE', *, *, #601, .F. ) ;
#6448 = ADVANCED_FACE ( 'NONE', ( #121 ), #1700, .T. ) ;
#6449 = LINE ( 'NONE', #1712, #4967 ) ;
#6450 = ADVANCED_FACE ( 'NONE', ( #3363 ), #6765, .T. ) ;
#6451 = DIRECTION ( 'NONE',  ( -0.4999999999999988343, 0.000000000000000000, 0.8660254037844394848 ) ) ;
#6452 = ORIENTED_EDGE ( 'NONE', *, *, #996, .T. ) ;
#6453 = CARTESIAN_POINT ( 'NONE',  ( 9.788539816190313658, 4.332333999458142237, 13.14817224489892666 ) ) ;
#6454 = DIRECTION ( 'NONE',  ( -0.000000000000000000, -1.000000000000000000, -0.000000000000000000 ) ) ;
#6455 = EDGE_LOOP ( 'NONE', ( #3584, #4026, #204, #5756 ) ) ;
#6456 = EDGE_LOOP ( 'NONE', ( #1161, #6739, #5298, #4134 ) ) ;
#6457 = ORIENTED_EDGE ( 'NONE', *, *, #5775, .T. ) ;
#6458 = EDGE_CURVE ( 'NONE', #1348, #5656, #1255, .T. ) ;
#6459 = VECTOR ( 'NONE', #5028, 1000.000000000000114 ) ;
#6460 = CARTESIAN_POINT ( 'NONE',  ( 19.51677218609430398, 4.670000000000000817, -12.42271421373347451 ) ) ;
#6461 = CARTESIAN_POINT ( 'NONE',  ( -22.13789024080331558, 4.457217567313239037, 11.72397513115138246 ) ) ;
#6462 = EDGE_LOOP ( 'NONE', ( #3816, #1511, #1879, #2970, #4730, #2224, #6668, #365 ) ) ;
#6463 = DIRECTION ( 'NONE',  ( 0.000000000000000000, 0.000000000000000000, 1.000000000000000000 ) ) ;
#6464 = EDGE_LOOP ( 'NONE', ( #1368, #1659, #4411, #209 ) ) ;
#6465 = EDGE_CURVE ( 'NONE', #593, #1164, #4337, .T. ) ;
#6466 = EDGE_CURVE ( 'NONE', #2674, #5156, #4008, .T. ) ;
#6467 = DIRECTION ( 'NONE',  ( 0.000000000000000000, 0.000000000000000000, 1.000000000000000000 ) ) ;
#6468 = FACE_OUTER_BOUND ( 'NONE', #179, .T. ) ;
#6469 = CARTESIAN_POINT ( 'NONE',  ( -11.69152436717025090, 4.169999999999999929, 22.25031422186807006 ) ) ;
#6470 = CARTESIAN_POINT ( 'NONE',  ( -0.4330127018921873794, 4.169999999999999929, -0.2499999999999833744 ) ) ;
#6471 = VERTEX_POINT ( 'NONE', #3425 ) ;
#6472 = PLANE ( 'NONE',  #487 ) ;
#6473 = EDGE_CURVE ( 'NONE', #1250, #6508, #1876, .T. ) ;
#6474 = VECTOR ( 'NONE', #1818, 1000.000000000000000 ) ;
#6475 = DIRECTION ( 'NONE',  ( -0.000000000000000000, -1.000000000000000000, -0.000000000000000000 ) ) ;
#6476 = EDGE_LOOP ( 'NONE', ( #1609, #3549, #2023, #4269 ) ) ;
#6477 = CARTESIAN_POINT ( 'NONE',  ( 26.45016036690752870, 4.670000000000023022, 16.00006059632325872 ) ) ;
#6478 = CARTESIAN_POINT ( 'NONE',  ( 17.43407606937166321, 4.257942166474991019, -26.60976239596753601 ) ) ;
#6479 = EDGE_LOOP ( 'NONE', ( #3205, #6025, #3013, #2085, #4709, #2171, #2000, #5533, #720, #5950, #6204, #1815, #4696, #1146, #6561, #4776, #5493, #6678, #494, #1803, #5018, #2812, #1737, #1445, #3424, #6233, #5886, #5287, #4959, #1968, #4348, #1732, #1502, #2094, #1933, #3264, #2830, #4038, #6140, #5239, #275, #2141, #5674, #3303, #2790, #2932, #1727, #6501, #5681, #3002, #1475 ) ) ;
#6480 = ORIENTED_EDGE ( 'NONE', *, *, #5686, .F. ) ;
#6481 = CARTESIAN_POINT ( 'NONE',  ( 14.30585555931125086, 4.169999999999999929, -28.41310023613422686 ) ) ;
#6482 = DIRECTION ( 'NONE',  ( 0.000000000000000000, 0.000000000000000000, 1.000000000000000000 ) ) ;
#6483 = DIRECTION ( 'NONE',  ( -0.1978415312886053767, 0.000000000000000000, 0.9802340172108799932 ) ) ;
#6484 = ORIENTED_EDGE ( 'NONE', *, *, #4804, .F. ) ;
#6485 = CARTESIAN_POINT ( 'NONE',  ( 13.38657647456365929, 4.633572164718605890, 9.481443672064635564 ) ) ;
#6486 = DIRECTION ( 'NONE',  ( 0.000000000000000000, 1.000000000000000000, 0.000000000000000000 ) ) ;
#6487 = EDGE_CURVE ( 'NONE', #2343, #542, #5990, .T. ) ;
#6488 = ORIENTED_EDGE ( 'NONE', *, *, #3917, .F. ) ;
#6489 = VERTEX_POINT ( 'NONE', #2878 ) ;
#6490 = ADVANCED_FACE ( 'NONE', ( #739 ), #1292, .T. ) ;
#6491 = CARTESIAN_POINT ( 'NONE',  ( -11.38184261884714843, 4.670000000000000817, 20.71392969959574160 ) ) ;
#6492 = CARTESIAN_POINT ( 'NONE',  ( -13.12827881868126845, 2.669999999999999929, 9.814463748651917285 ) ) ;
#6493 = ORIENTED_EDGE ( 'NONE', *, *, #941, .F. ) ;
#6494 = ORIENTED_EDGE ( 'NONE', *, *, #4835, .F. ) ;
#6495 = CYLINDRICAL_SURFACE ( 'NONE', #3999, 0.4999999999999995004 ) ;
#6496 = DIRECTION ( 'NONE',  ( 0.000000000000000000, 0.000000000000000000, 1.000000000000000000 ) ) ;
#6497 = DIRECTION ( 'NONE',  ( -0.000000000000000000, -1.000000000000000000, -0.000000000000000000 ) ) ;
#6498 = EDGE_CURVE ( 'NONE', #2368, #5181, #2429, .T. ) ;
#6499 = CARTESIAN_POINT ( 'NONE',  ( -0.4330127018914545212, 4.670000000000000817, 0.2499999999995805855 ) ) ;
#6500 = CYLINDRICAL_SURFACE ( 'NONE', #3113, 0.5000000000000000000 ) ;
#6501 = ORIENTED_EDGE ( 'NONE', *, *, #6798, .T. ) ;
#6502 = DIRECTION ( 'NONE',  ( -0.000000000000000000, -1.000000000000000000, -0.000000000000000000 ) ) ;
#6503 = CARTESIAN_POINT ( 'NONE',  ( 15.06371434019466626, 4.670000000000000817, -6.462191090617107392 ) ) ;
#6504 = VERTEX_POINT ( 'NONE', #5526 ) ;
#6505 = EDGE_CURVE ( 'NONE', #2668, #6744, #1913, .T. ) ;
#6506 = CARTESIAN_POINT ( 'NONE',  ( -15.51453906012018891, 0.000000000000000000, -7.802622764334316230 ) ) ;
#6507 = CARTESIAN_POINT ( 'NONE',  ( 20.05882151463840302, 4.670000000000000817, -12.28766986436279574 ) ) ;
#6508 = VERTEX_POINT ( 'NONE', #4940 ) ;
#6509 = FACE_OUTER_BOUND ( 'NONE', #4442, .T. ) ;
#6510 = VECTOR ( 'NONE', #6212, 1000.000000000000114 ) ;
#6511 = ORIENTED_EDGE ( 'NONE', *, *, #4309, .F. ) ;
#6512 = DIRECTION ( 'NONE',  ( -0.000000000000000000, -1.000000000000000000, -0.000000000000000000 ) ) ;
#6513 = DIRECTION ( 'NONE',  ( 0.000000000000000000, 0.000000000000000000, -1.000000000000000000 ) ) ;
#6514 = DIRECTION ( 'NONE',  ( 0.9802340172108802152, 0.000000000000000000, 0.1978415312886044053 ) ) ;
#6515 = ORIENTED_EDGE ( 'NONE', *, *, #2767, .F. ) ;
#6516 = CARTESIAN_POINT ( 'NONE',  ( 9.284302649969799148, 4.669999999999999929, 13.51603639376052435 ) ) ;
#6517 = CARTESIAN_POINT ( 'NONE',  ( -21.25031422186807362, 4.169999999999999929, -13.42357517473909390 ) ) ;
#6518 = VECTOR ( 'NONE', #4998, 1000.000000000000000 ) ;
#6519 = ORIENTED_EDGE ( 'NONE', *, *, #4248, .T. ) ;
#6520 = VERTEX_POINT ( 'NONE', #3945 ) ;
#6521 = DIRECTION ( 'NONE',  ( -0.8660254037844342667, 0.000000000000000000, -0.5000000000000075495 ) ) ;
#6522 = CARTESIAN_POINT ( 'NONE',  ( 15.87666087001063708, 4.670000000000000817, -26.49918328139951029 ) ) ;
#6523 = LINE ( 'NONE', #3314, #5377 ) ;
#6524 = ORIENTED_EDGE ( 'NONE', *, *, #3342, .T. ) ;
#6525 = EDGE_LOOP ( 'NONE', ( #3928, #833, #6093, #4614 ) ) ;
#6526 = AXIS2_PLACEMENT_3D ( 'NONE', #1421, #3519, #6775 ) ;
#6527 = EDGE_CURVE ( 'NONE', #2848, #6471, #1841, .T. ) ;
#6528 = VECTOR ( 'NONE', #444, 1000.000000000000114 ) ;
#6529 = LINE ( 'NONE', #6007, #3004 ) ;
#6530 = FACE_OUTER_BOUND ( 'NONE', #3993, .T. ) ;
#6531 = DIRECTION ( 'NONE',  ( 0.8660254037844391517, -0.000000000000000000, 0.4999999999999992228 ) ) ;
#6532 = CARTESIAN_POINT ( 'NONE',  ( 22.22404932505332553, 4.326912768932364095, 11.69913432861236302 ) ) ;
#6533 = DIRECTION ( 'NONE',  ( -0.5000000000000026645, 0.000000000000000000, -0.8660254037844372643 ) ) ;
#6534 = ORIENTED_EDGE ( 'NONE', *, *, #1685, .F. ) ;
#6535 = AXIS2_PLACEMENT_3D ( 'NONE', #233, #3399, #5494 ) ;
#6536 = B_SPLINE_CURVE_WITH_KNOTS ( 'NONE', 3,
 ( #183, #3350, #4416, #1791, #3899, #5444, #2348, #3412 ),
 .UNSPECIFIED., .F., .F.,
 ( 4, 2, 2, 4 ),
 ( 0.000000000000000000, 0.0002491101079899775070, 0.0004982202159799550140, 0.0009964404319599117626 ),
 .UNSPECIFIED. ) ;
#6537 = DIRECTION ( 'NONE',  ( 0.000000000000000000, 1.000000000000000000, 0.000000000000000000 ) ) ;
#6538 = EDGE_CURVE ( 'NONE', #784, #898, #4671, .T. ) ;
#6539 = VECTOR ( 'NONE', #4907, 1000.000000000000227 ) ;
#6540 = CIRCLE ( 'NONE', #2798, 1.000000000000000888 ) ;
#6541 = CARTESIAN_POINT ( 'NONE',  ( 15.88930831464762505, 4.670000000000000817, -26.52108929809668680 ) ) ;
#6542 = ORIENTED_EDGE ( 'NONE', *, *, #1281, .T. ) ;
#6543 = CARTESIAN_POINT ( 'NONE',  ( 25.65515099297911661, 4.169999999999999929, -17.11411476945202992 ) ) ;
#6544 = DIRECTION ( 'NONE',  ( 0.000000000000000000, 1.000000000000000000, 0.000000000000000000 ) ) ;
#6545 = ORIENTED_EDGE ( 'NONE', *, *, #395, .F. ) ;
#6546 = AXIS2_PLACEMENT_3D ( 'NONE', #230, #2331, #3844 ) ;
#6547 = DIRECTION ( 'NONE',  ( 0.000000000000000000, 1.000000000000000000, 0.000000000000000000 ) ) ;
#6548 = ORIENTED_EDGE ( 'NONE', *, *, #5890, .T. ) ;
#6549 = EDGE_CURVE ( 'NONE', #3566, #5687, #4910, .T. ) ;
#6550 = EDGE_CURVE ( 'NONE', #1811, #3935, #6120, .T. ) ;
#6551 = DIRECTION ( 'NONE',  ( -0.000000000000000000, -1.000000000000000000, -0.000000000000000000 ) ) ;
#6552 = DIRECTION ( 'NONE',  ( 0.000000000000000000, 0.000000000000000000, 1.000000000000000000 ) ) ;
#6553 = CIRCLE ( 'NONE', #280, 23.63499999999999801 ) ;
#6554 = CYLINDRICAL_SURFACE ( 'NONE', #1834, 0.5000000000000008882 ) ;
#6555 = ORIENTED_EDGE ( 'NONE', *, *, #1548, .F. ) ;
#6556 = CARTESIAN_POINT ( 'NONE',  ( -9.534673571903029554, 0.000000000000000000, 14.51453906012026707 ) ) ;
#6557 = DIRECTION ( 'NONE',  ( 0.000000000000000000, 0.000000000000000000, 1.000000000000000000 ) ) ;
#6558 = ORIENTED_EDGE ( 'NONE', *, *, #4882, .T. ) ;
#6559 = CIRCLE ( 'NONE', #609, 1.500000000000075939 ) ;
#6560 = CIRCLE ( 'NONE', #4666, 24.63500000000000512 ) ;
#6561 = ORIENTED_EDGE ( 'NONE', *, *, #1185, .T. ) ;
#6562 = VECTOR ( 'NONE', #5928, 1000.000000000000114 ) ;
#6563 = DIRECTION ( 'NONE',  ( -0.000000000000000000, -1.000000000000000000, -0.000000000000000000 ) ) ;
#6564 = CARTESIAN_POINT ( 'NONE',  ( 15.05153013955469277, 4.334667316485930399, -6.495557463048296398 ) ) ;
#6565 = VERTEX_POINT ( 'NONE', #6643 ) ;
#6566 = VECTOR ( 'NONE', #2933, 1000.000000000000000 ) ;
#6567 = B_SPLINE_CURVE_WITH_KNOTS ( 'NONE', 3,
 ( #4768, #5835, #5938, #6392, #5379, #3764 ),
 .UNSPECIFIED., .F., .F.,
 ( 4, 2, 4 ),
 ( -1.477143756511426341E-05, 0.0003797396612299050087, 0.0007742507600249242707 ),
 .UNSPECIFIED. ) ;
#6568 = FACE_OUTER_BOUND ( 'NONE', #4909, .T. ) ;
#6569 = CARTESIAN_POINT ( 'NONE',  ( 15.06371434019467692, 4.169999999999999929, 6.462191090617110056 ) ) ;
#6570 = DIRECTION ( 'NONE',  ( -0.8660254037844387076, 0.000000000000000000, 0.4999999999999998335 ) ) ;
#6571 = PLANE ( 'NONE',  #6399 ) ;
#6572 = DIRECTION ( 'NONE',  ( -0.8660254037844193897, 0.000000000000000000, 0.5000000000000333067 ) ) ;
#6573 = CARTESIAN_POINT ( 'NONE',  ( -14.76453906012036832, 4.670000000000000817, 9.101660870010697124 ) ) ;
#6574 = ORIENTED_EDGE ( 'NONE', *, *, #1171, .T. ) ;
#6575 = ADVANCED_FACE ( 'NONE', ( #1912 ), #4017, .F. ) ;
#6576 = CARTESIAN_POINT ( 'NONE',  ( 13.42357517473885586, 4.169999999999999929, -21.25031422186822283 ) ) ;
#6577 = LINE ( 'NONE', #6017, #4156 ) ;
#6578 = ORIENTED_EDGE ( 'NONE', *, *, #2001, .T. ) ;
#6579 = DIRECTION ( 'NONE',  ( 0.000000000000000000, 0.000000000000000000, 1.000000000000000000 ) ) ;
#6580 = CARTESIAN_POINT ( 'NONE',  ( -16.69466412678011835, 4.670000000000000817, -27.09531110850893754 ) ) ;
#6581 = ORIENTED_EDGE ( 'NONE', *, *, #636, .T. ) ;
#6582 = EDGE_CURVE ( 'NONE', #2316, #4499, #1260, .T. ) ;
#6583 = ORIENTED_EDGE ( 'NONE', *, *, #5105, .T. ) ;
#6584 = CARTESIAN_POINT ( 'NONE',  ( -25.65515099297923740, 4.670000000000000817, 17.11411476945184873 ) ) ;
#6585 = DIRECTION ( 'NONE',  ( -0.000000000000000000, -1.000000000000000000, -0.000000000000000000 ) ) ;
#6586 = AXIS2_PLACEMENT_3D ( 'NONE', #4814, #678, #646 ) ;
#6587 = CARTESIAN_POINT ( 'NONE',  ( 20.51677218609434306, 4.670000000000000817, 10.69066340616454802 ) ) ;
#6588 = EDGE_LOOP ( 'NONE', ( #3457, #5411, #3298, #4650 ) ) ;
#6589 = DIRECTION ( 'NONE',  ( 0.000000000000000000, 0.000000000000000000, 1.000000000000000000 ) ) ;
#6590 = CARTESIAN_POINT ( 'NONE',  ( 15.51453906012024575, 4.462893218813452911, 7.802622764334212313 ) ) ;
#6591 = EDGE_CURVE ( 'NONE', #4660, #4939, #4887, .T. ) ;
#6592 = ORIENTED_EDGE ( 'NONE', *, *, #1060, .T. ) ;
#6593 = DIRECTION ( 'NONE',  ( -0.000000000000000000, -1.000000000000000000, -0.000000000000000000 ) ) ;
#6594 = EDGE_CURVE ( 'NONE', #1, #1811, #4601, .T. ) ;
#6595 = LINE ( 'NONE', #2312, #4087 ) ;
#6596 = CARTESIAN_POINT ( 'NONE',  ( 1.689999999999740155, 2.669999999999999929, 25.07812044392484196 ) ) ;
#6597 = ORIENTED_EDGE ( 'NONE', *, *, #6607, .T. ) ;
#6598 = ORIENTED_EDGE ( 'NONE', *, *, #2877, .F. ) ;
#6599 = CARTESIAN_POINT ( 'NONE',  ( 26.24918328139943213, 4.670000000000000817, -16.30967357190300149 ) ) ;
#6600 = CARTESIAN_POINT ( 'NONE',  ( 17.11411476945192689, 4.670000000000000817, -25.65515099297916990 ) ) ;
#6601 = DIRECTION ( 'NONE',  ( 0.000000000000000000, 0.000000000000000000, 1.000000000000000000 ) ) ;
#6602 = CARTESIAN_POINT ( 'NONE',  ( -13.12827881868126845, 0.000000000000000000, 9.814463748651917285 ) ) ;
#6603 = CARTESIAN_POINT ( 'NONE',  ( -15.51453906012026884, 0.000000000000000000, 7.802622764334148364 ) ) ;
#6604 = CARTESIAN_POINT ( 'NONE',  ( -12.42271421373345142, 0.000000000000000000, 19.51677218609431463 ) ) ;
#6605 = VERTEX_POINT ( 'NONE', #501 ) ;
#6606 = CARTESIAN_POINT ( 'NONE',  ( 22.00031422186814467, 4.670000000000000817, 12.12453706906229911 ) ) ;
#6607 = EDGE_CURVE ( 'NONE', #715, #4375, #3214, .T. ) ;
#6608 = AXIS2_PLACEMENT_3D ( 'NONE', #1599, #4813, #644 ) ;
#6609 = DIRECTION ( 'NONE',  ( -0.000000000000000000, -1.000000000000000000, -0.000000000000000000 ) ) ;
#6610 = EDGE_LOOP ( 'NONE', ( #3750, #3130, #5947, #2821, #714 ) ) ;
#6611 = CYLINDRICAL_SURFACE ( 'NONE', #1921, 1.000000000000000888 ) ;
#6612 = FACE_OUTER_BOUND ( 'NONE', #2785, .T. ) ;
#6613 = ORIENTED_EDGE ( 'NONE', *, *, #6403, .F. ) ;
#6614 = CARTESIAN_POINT ( 'NONE',  ( 16.30967357190291622, 4.169999999999999929, 26.24918328139949608 ) ) ;
#6615 = ORIENTED_EDGE ( 'NONE', *, *, #1520, .F. ) ;
#6616 = EDGE_CURVE ( 'NONE', #5238, #6051, #1519, .T. ) ;
#6617 = DIRECTION ( 'NONE',  ( -0.9478283262025932743, 0.000000000000000000, -0.3187812165859060798 ) ) ;
#6618 = CARTESIAN_POINT ( 'NONE',  ( 0.000000000000000000, 2.669999999999999929, 0.000000000000000000 ) ) ;
#6619 = DIRECTION ( 'NONE',  ( 0.000000000000000000, 0.000000000000000000, 1.000000000000000000 ) ) ;
#6620 = ORIENTED_EDGE ( 'NONE', *, *, #6182, .F. ) ;
#6621 = CARTESIAN_POINT ( 'NONE',  ( 0.000000000000000000, 4.670000000000000817, 0.000000000000000000 ) ) ;
#6622 = DIRECTION ( 'NONE',  ( -0.000000000000000000, -1.000000000000000000, -0.000000000000000000 ) ) ;
#6623 = VECTOR ( 'NONE', #4360, 1000.000000000000000 ) ;
#6624 = EDGE_LOOP ( 'NONE', ( #4925, #1718, #1844, #5253, #2324 ) ) ;
#6625 = VECTOR ( 'NONE', #5622, 1000.000000000000227 ) ;
#6626 = ADVANCED_FACE ( 'NONE', ( #3626 ), #977, .F. ) ;
#6627 = CARTESIAN_POINT ( 'NONE',  ( -24.35665843275938869, 2.669999999999999929, 1.690000000000002833 ) ) ;
#6628 = DIRECTION ( 'NONE',  ( 0.000000000000000000, -0.000000000000000000, 1.000000000000000000 ) ) ;
#6629 = VERTEX_POINT ( 'NONE', #5144 ) ;
#6630 = AXIS2_PLACEMENT_3D ( 'NONE', #4333, #26, #1603 ) ;
#6631 = DIRECTION ( 'NONE',  ( 1.000000000000000000, 0.000000000000000000, 0.000000000000000000 ) ) ;
#6632 = EDGE_LOOP ( 'NONE', ( #1775, #472, #691, #1196, #2547, #2398 ) ) ;
#6633 = VECTOR ( 'NONE', #6039, 1000.000000000000227 ) ;
#6634 = EDGE_CURVE ( 'NONE', #4097, #5860, #2086, .T. ) ;
#6635 = ADVANCED_FACE ( 'NONE', ( #6680 ), #874, .F. ) ;
#6636 = CARTESIAN_POINT ( 'NONE',  ( -23.35665843275930342, 0.000000000000000000, -14.63967357190314722 ) ) ;
#6637 = PLANE ( 'NONE',  #770 ) ;
#6638 = FACE_OUTER_BOUND ( 'NONE', #291, .T. ) ;
#6639 = CARTESIAN_POINT ( 'NONE',  ( 0.000000000000000000, 4.670000000000000817, 0.000000000000000000 ) ) ;
#6640 = CARTESIAN_POINT ( 'NONE',  ( 6.878423752982184780, 4.623194152036669280, -14.90687108806696415 ) ) ;
#6641 = CARTESIAN_POINT ( 'NONE',  ( 0.000000000000000000, 2.669999999999999929, 0.000000000000000000 ) ) ;
#6642 = ORIENTED_EDGE ( 'NONE', *, *, #582, .T. ) ;
#6643 = CARTESIAN_POINT ( 'NONE',  ( -17.45353882510847399, 4.169999999999999929, 26.59578445530220847 ) ) ;
#6644 = AXIS2_PLACEMENT_3D ( 'NONE', #2022, #6187, #471 ) ;
#6645 = MANIFOLD_SOLID_BREP ( 'Fillet1', #1877 ) ;
#6646 = CIRCLE ( 'NONE', #1128, 12.87150456288244449 ) ;
#6647 = FACE_OUTER_BOUND ( 'NONE', #6380, .T. ) ;
#6648 = ORIENTED_EDGE ( 'NONE', *, *, #5514, .F. ) ;
#6649 = AXIS2_PLACEMENT_3D ( 'NONE', #2164, #764, #2287 ) ;
#6650 = DIRECTION ( 'NONE',  ( 0.000000000000000000, 0.000000000000000000, -1.000000000000000000 ) ) ;
#6651 = DIRECTION ( 'NONE',  ( 0.000000000000000000, 0.000000000000000000, 1.000000000000000000 ) ) ;
#6652 = ORIENTED_EDGE ( 'NONE', *, *, #4383, .T. ) ;
#6653 = DIRECTION ( 'NONE',  ( -0.8660254037844196118, 0.000000000000000000, 0.5000000000000328626 ) ) ;
#6654 = VERTEX_POINT ( 'NONE', #2521 ) ;
#6655 = AXIS2_PLACEMENT_3D ( 'NONE', #6423, #6521, #1788 ) ;
#6656 = DIRECTION ( 'NONE',  ( 0.4999999999999888978, -0.000000000000000000, 0.8660254037844450359 ) ) ;
#6657 = CARTESIAN_POINT ( 'NONE',  ( -12.42271421373346207, 4.169999999999999929, 19.51677218609431108 ) ) ;
#6658 = CYLINDRICAL_SURFACE ( 'NONE', #2607, 0.5000000000000002220 ) ;
#6659 = ORIENTED_EDGE ( 'NONE', *, *, #909, .T. ) ;
#6660 = CARTESIAN_POINT ( 'NONE',  ( -22.25031422186815888, 0.000000000000000000, 11.69152436717009280 ) ) ;
#6661 = CARTESIAN_POINT ( 'NONE',  ( -13.42357517473897310, 4.169999999999999929, -21.25031422186815178 ) ) ;
#6662 = AXIS2_PLACEMENT_3D ( 'NONE', #4975, #4465, #1326 ) ;
#6663 = ADVANCED_FACE ( 'NONE', ( #3076 ), #4995, .T. ) ;
#6664 = ORIENTED_EDGE ( 'NONE', *, *, #1317, .F. ) ;
#6665 = AXIS2_PLACEMENT_3D ( 'NONE', #4398, #617, #2715 ) ;
#6666 = CIRCLE ( 'NONE', #5110, 1.000000000000000888 ) ;
#6667 = CARTESIAN_POINT ( 'NONE',  ( -13.42357517473897310, 0.000000000000000000, -21.25031422186815178 ) ) ;
#6668 = ORIENTED_EDGE ( 'NONE', *, *, #6527, .T. ) ;
#6669 = ADVANCED_FACE ( 'NONE', ( #4633 ), #5667, .T. ) ;
#6670 = VERTEX_POINT ( 'NONE', #2052 ) ;
#6671 = VECTOR ( 'NONE', #4255, 1000.000000000000000 ) ;
#6672 = CARTESIAN_POINT ( 'NONE',  ( 14.30585555931125086, 4.670000000000000817, -28.41310023613422686 ) ) ;
#6673 = CARTESIAN_POINT ( 'NONE',  ( 0.000000000000000000, 4.670000000000000817, 0.000000000000000000 ) ) ;
#6674 = DIRECTION ( 'NONE',  ( 0.000000000000000000, 0.000000000000000000, -1.000000000000000000 ) ) ;
#6675 = CARTESIAN_POINT ( 'NONE',  ( 17.45353882510843135, 0.000000000000000000, -26.59578445530214452 ) ) ;
#6676 = CARTESIAN_POINT ( 'NONE',  ( -14.51453906012035233, 0.000000000000000000, 9.534673571902905209 ) ) ;
#6677 = LINE ( 'NONE', #1004, #2342 ) ;
#6678 = ORIENTED_EDGE ( 'NONE', *, *, #5339, .T. ) ;
#6679 = EDGE_CURVE ( 'NONE', #2862, #1784, #6540, .T. ) ;
#6680 = FACE_OUTER_BOUND ( 'NONE', #1379, .T. ) ;
#6681 = CARTESIAN_POINT ( 'NONE',  ( 17.11411476945194821, 4.670000000000000817, 25.65515099297918056 ) ) ;
#6682 = EDGE_LOOP ( 'NONE', ( #4166, #6709, #5321, #4902 ) ) ;
#6683 = CARTESIAN_POINT ( 'NONE',  ( -28.40324754256186779, 4.258120773181048868, -14.32769832250167852 ) ) ;
#6684 = CARTESIAN_POINT ( 'NONE',  ( -9.666967627480337555, 0.000000000000000000, 5.581226361975702766 ) ) ;
#6685 = EDGE_LOOP ( 'NONE', ( #6724, #1977, #2611, #3245 ) ) ;
#6686 = EDGE_CURVE ( 'NONE', #3112, #5816, #3558, .T. ) ;
#6687 = DIRECTION ( 'NONE',  ( 0.000000000000000000, -0.000000000000000000, 1.000000000000000000 ) ) ;
#6688 = ORIENTED_EDGE ( 'NONE', *, *, #5758, .F. ) ;
#6689 = LINE ( 'NONE', #1434, #6305 ) ;
#6690 = CARTESIAN_POINT ( 'NONE',  ( 12.42271421373331997, 4.169999999999999929, -19.51677218609439990 ) ) ;
#6691 = CARTESIAN_POINT ( 'NONE',  ( -13.39702412614842331, 4.326912768932363207, -21.24377219339157108 ) ) ;
#6692 = EDGE_LOOP ( 'NONE', ( #2742, #169, #1746, #3852, #4227, #3633 ) ) ;
#6693 = CARTESIAN_POINT ( 'NONE',  ( 6.584397878351386346, 4.462116538694856693, 15.01234359425301434 ) ) ;
#6694 = CARTESIAN_POINT ( 'NONE',  ( -13.26075924554700336, 4.515827822802151559, 9.651364761882994969 ) ) ;
#6695 = ORIENTED_EDGE ( 'NONE', *, *, #1901, .F. ) ;
#6696 = VECTOR ( 'NONE', #347, 1000.000000000000000 ) ;
#6697 = DIRECTION ( 'NONE',  ( -0.000000000000000000, -1.000000000000000000, -0.000000000000000000 ) ) ;
#6698 = EDGE_LOOP ( 'NONE', ( #6158, #5335, #3706, #3669 ) ) ;
#6699 = EDGE_CURVE ( 'NONE', #4189, #2343, #6430, .T. ) ;
#6700 = CARTESIAN_POINT ( 'NONE',  ( 0.000000000000000000, 2.669999999999999929, 0.000000000000000000 ) ) ;
#6701 = VERTEX_POINT ( 'NONE', #6389 ) ;
#6702 = ORIENTED_EDGE ( 'NONE', *, *, #1606, .T. ) ;
#6703 = DIRECTION ( 'NONE',  ( 0.000000000000000000, 0.000000000000000000, 1.000000000000000000 ) ) ;
#6704 = CARTESIAN_POINT ( 'NONE',  ( -14.57762276433433790, 4.302122217144057181, 27.24918328139931489 ) ) ;
#6705 = EDGE_CURVE ( 'NONE', #1605, #795, #2353, .T. ) ;
#6706 = CARTESIAN_POINT ( 'NONE',  ( -26.60974316971532971, 4.257941308849898299, -17.43412756242542017 ) ) ;
#6707 = DIRECTION ( 'NONE',  ( -0.000000000000000000, -1.000000000000000000, -0.000000000000000000 ) ) ;
#6708 = CARTESIAN_POINT ( 'NONE',  ( 309.4133863775437021, 0.000000000000000000, -178.6399019159095189 ) ) ;
#6709 = ORIENTED_EDGE ( 'NONE', *, *, #225, .T. ) ;
#6710 = CARTESIAN_POINT ( 'NONE',  ( 25.65515099297910950, 4.670000000000000817, 17.11411476945201571 ) ) ;
#6711 = EDGE_CURVE ( 'NONE', #2765, #5894, #634, .T. ) ;
#6712 = CARTESIAN_POINT ( 'NONE',  ( -10.87118513549162202, 4.512345469905874040, -20.56910327435844010 ) ) ;
#6713 = ORIENTED_EDGE ( 'NONE', *, *, #1359, .T. ) ;
#6714 = DIRECTION ( 'NONE',  ( 0.000000000000000000, 0.000000000000000000, -1.000000000000000000 ) ) ;
#6715 = DIRECTION ( 'NONE',  ( -0.000000000000000000, -1.000000000000000000, -0.000000000000000000 ) ) ;
#6716 = ORIENTED_EDGE ( 'NONE', *, *, #6591, .T. ) ;
#6717 = LINE ( 'NONE', #3670, #4437 ) ;
#6718 = ORIENTED_EDGE ( 'NONE', *, *, #4979, .F. ) ;
#6719 = CIRCLE ( 'NONE', #3735, 1.000000000000000888 ) ;
#6720 = ADVANCED_FACE ( 'NONE', ( #2187 ), #5275, .F. ) ;
#6721 = CYLINDRICAL_SURFACE ( 'NONE', #2895, 23.13499999999999801 ) ;
#6722 = DIRECTION ( 'NONE',  ( 0.000000000000000000, 0.000000000000000000, 1.000000000000000000 ) ) ;
#6723 = CARTESIAN_POINT ( 'NONE',  ( -25.07812044392482420, 2.669999999999999929, 1.690000000000002833 ) ) ;
#6724 = ORIENTED_EDGE ( 'NONE', *, *, #1776, .F. ) ;
#6725 = CARTESIAN_POINT ( 'NONE',  ( -0.4330127018922026449, 4.670000000000000817, -0.2499999999999898692 ) ) ;
#6726 = DIRECTION ( 'NONE',  ( -0.000000000000000000, -1.000000000000000000, -0.000000000000000000 ) ) ;
#6727 = CIRCLE ( 'NONE', #556, 1.000000000000000888 ) ;
#6728 = ORIENTED_EDGE ( 'NONE', *, *, #6458, .T. ) ;
#6729 = CIRCLE ( 'NONE', #2762, 1.499999999999997780 ) ;
#6730 = PLANE ( 'NONE',  #6386 ) ;
#6731 = ORIENTED_EDGE ( 'NONE', *, *, #814, .F. ) ;
#6732 = VECTOR ( 'NONE', #4481, 1000.000000000000000 ) ;
#6733 = ORIENTED_EDGE ( 'NONE', *, *, #2294, .F. ) ;
#6734 = EDGE_CURVE ( 'NONE', #5375, #4841, #5877, .T. ) ;
#6735 = CARTESIAN_POINT ( 'NONE',  ( -16.30967357190301925, 4.302146110896730491, 26.24918328139940371 ) ) ;
#6736 = CARTESIAN_POINT ( 'NONE',  ( 9.534673571902946065, 4.670000000000000817, -14.51453906012031503 ) ) ;
#6737 = CARTESIAN_POINT ( 'NONE',  ( 14.50565433729382114, 4.445369076532341701, -28.32147023224846905 ) ) ;
#6738 = DIRECTION ( 'NONE',  ( -0.000000000000000000, -1.000000000000000000, -0.000000000000000000 ) ) ;
#6739 = ORIENTED_EDGE ( 'NONE', *, *, #2188, .T. ) ;
#6740 = CARTESIAN_POINT ( 'NONE',  ( -24.35665843275942066, 2.669999999999999929, 12.90762276433406797 ) ) ;
#6741 = EDGE_CURVE ( 'NONE', #2316, #542, #5104, .T. ) ;
#6742 = ADVANCED_FACE ( 'NONE', ( #5833 ), #1112, .T. ) ;
#6743 = DIRECTION ( 'NONE',  ( -0.4999999999998914202, 0.000000000000000000, -0.8660254037845013242 ) ) ;
#6744 = VERTEX_POINT ( 'NONE', #2700 ) ;
#6745 = DIRECTION ( 'NONE',  ( -0.000000000000000000, -1.000000000000000000, -0.000000000000000000 ) ) ;
#6746 = CARTESIAN_POINT ( 'NONE',  ( -17.18649379939888888, 4.512852859485479762, 26.78548571115008414 ) ) ;
#6747 = ORIENTED_EDGE ( 'NONE', *, *, #2510, .T. ) ;
#6748 = DIRECTION ( 'NONE',  ( 0.000000000000000000, -0.000000000000000000, 1.000000000000000000 ) ) ;
#6749 = ADVANCED_FACE ( 'NONE', ( #1621 ), #1181, .F. ) ;
#6750 = ORIENTED_EDGE ( 'NONE', *, *, #3540, .F. ) ;
#6751 = AXIS2_PLACEMENT_3D ( 'NONE', #4362, #572, #5770 ) ;
#6752 = CARTESIAN_POINT ( 'NONE',  ( 19.69927413375875602, 4.512345469905873152, 12.37777340091424527 ) ) ;
#6753 = DIRECTION ( 'NONE',  ( 0.000000000000000000, 0.000000000000000000, 1.000000000000000000 ) ) ;
#6754 = VECTOR ( 'NONE', #4646, 1000.000000000000000 ) ;
#6755 = CARTESIAN_POINT ( 'NONE',  ( -26.76697085918899788, 4.492825930128351075, 17.20589664950425401 ) ) ;
#6756 = ORIENTED_EDGE ( 'NONE', *, *, #4338, .T. ) ;
#6757 = CARTESIAN_POINT ( 'NONE',  ( -17.45353882510994126, 4.169999999999999929, -26.59578445530170399 ) ) ;
#6758 = PRODUCT_DEFINITION_CONTEXT ( 'detailed design', #2643, 'design' ) ;
#6759 = CARTESIAN_POINT ( 'NONE',  ( -8.141141495965193542, 4.670000000000000817, 15.10087070261876718 ) ) ;
#6760 = EDGE_CURVE ( 'NONE', #3368, #35, #2217, .T. ) ;
#6761 = ORIENTED_EDGE ( 'NONE', *, *, #6549, .T. ) ;
#6762 = ADVANCED_FACE ( 'NONE', ( #566 ), #4283, .F. ) ;
#6763 = CIRCLE ( 'NONE', #1362, 12.90862149930206293 ) ;
#6764 = DIRECTION ( 'NONE',  ( -1.000000000000000000, 0.000000000000000000, 0.000000000000000000 ) ) ;
#6765 = TOROIDAL_SURFACE ( 'NONE', #810, 1.500000000000001110, 0.5000000000000000000 ) ;
#6766 = VERTEX_POINT ( 'NONE', #5870 ) ;
#6767 = EDGE_CURVE ( 'NONE', #4915, #2664, #5344, .T. ) ;
#6768 = AXIS2_PLACEMENT_3D ( 'NONE', #3642, #1633, #2574 ) ;
#6769 = ORIENTED_EDGE ( 'NONE', *, *, #6426, .T. ) ;
#6770 = CARTESIAN_POINT ( 'NONE',  ( -27.24918328139926516, 0.000000000000000000, -14.57762276433443560 ) ) ;
#6771 = CARTESIAN_POINT ( 'NONE',  ( -7.802622764334260275, 4.169999999999999929, 15.51453906012021733 ) ) ;
#6772 = CIRCLE ( 'NONE', #3348, 1.000000000000000888 ) ;
#6773 = DIRECTION ( 'NONE',  ( 0.000000000000000000, 0.000000000000000000, 1.000000000000000000 ) ) ;
#6774 = DIRECTION ( 'NONE',  ( 0.8660254037844401509, -0.000000000000000000, -0.4999999999999972800 ) ) ;
#6775 = DIRECTION ( 'NONE',  ( 0.000000000000000000, 0.000000000000000000, 1.000000000000000000 ) ) ;
#6776 = ORIENTED_EDGE ( 'NONE', *, *, #1607, .T. ) ;
#6777 = B_SPLINE_CURVE_WITH_KNOTS ( 'NONE', 3,
 ( #2972, #5138, #5068, #5107, #1940, #900, #5618, #2008, #2453, #1972 ),
 .UNSPECIFIED., .F., .F.,
 ( 4, 2, 2, 2, 4 ),
 ( 0.000000000000000000, 0.0002456609905573305260, 0.0004913219811146610520, 0.0007369829716719915238, 0.0009826439622293221040 ),
 .UNSPECIFIED. ) ;
#6778 = DIRECTION ( 'NONE',  ( -0.8660254037844247188, 0.000000000000000000, 0.5000000000000242029 ) ) ;
#6779 = AXIS2_PLACEMENT_3D ( 'NONE', #844, #369, #876 ) ;
#6780 = DIRECTION ( 'NONE',  ( -0.000000000000000000, -1.000000000000000000, -0.000000000000000000 ) ) ;
#6781 = ORIENTED_EDGE ( 'NONE', *, *, #5333, .F. ) ;
#6782 = ADVANCED_FACE ( 'NONE', ( #3697 ), #46, .T. ) ;
#6783 = VECTOR ( 'NONE', #3925, 1000.000000000000000 ) ;
#6784 = CARTESIAN_POINT ( 'NONE',  ( 17.45353882511010823, 0.000000000000000000, 26.59578445530155122 ) ) ;
#6785 = LINE ( 'NONE', #3528, #6418 ) ;
#6786 = VERTEX_POINT ( 'NONE', #4867 ) ;
#6787 = ORIENTED_EDGE ( 'NONE', *, *, #6767, .F. ) ;
#6788 = FACE_OUTER_BOUND ( 'NONE', #916, .T. ) ;
#6789 = DIRECTION ( 'NONE',  ( -0.000000000000000000, -1.000000000000000000, -0.000000000000000000 ) ) ;
#6790 = CARTESIAN_POINT ( 'NONE',  ( -6.462191090617162459, 0.000000000000000000, 15.06371434019465383 ) ) ;
#6791 = ORIENTED_EDGE ( 'NONE', *, *, #4308, .T. ) ;
#6792 = EDGE_CURVE ( 'NONE', #56, #3003, #5798, .T. ) ;
#6793 = CARTESIAN_POINT ( 'NONE',  ( -21.25031422186811270, 0.000000000000000000, 13.42357517473902817 ) ) ;
#6794 = CARTESIAN_POINT ( 'NONE',  ( 12.42271421373348339, 4.169999999999999929, 19.51677218609430398 ) ) ;
#6795 = CARTESIAN_POINT ( 'NONE',  ( 17.42957889067082533, 4.261553970127171631, 26.61199676922929314 ) ) ;
#6796 = ORIENTED_EDGE ( 'NONE', *, *, #921, .F. ) ;
#6797 = CARTESIAN_POINT ( 'NONE',  ( -7.802622764334156358, 4.462893218813452911, -15.51453906012026707 ) ) ;
#6798 = EDGE_CURVE ( 'NONE', #1966, #946, #3786, .T. ) ;
#6799 = CARTESIAN_POINT ( 'NONE',  ( 9.343420535170052332, 4.670000000000000817, -13.50977739959202673 ) ) ;
#6800 = ORIENTED_EDGE ( 'NONE', *, *, #3426, .T. ) ;
#6801 = ORIENTED_EDGE ( 'NONE', *, *, #5988, .F. ) ;
#6802 = AXIS2_PLACEMENT_3D ( 'NONE', #5542, #856, #4090 ) ;
#6803 = VERTEX_POINT ( 'NONE', #3936 ) ;
#6804 = CARTESIAN_POINT ( 'NONE',  ( 0.000000000000000000, 4.670000000000000817, 0.000000000000000000 ) ) ;
#6805 = CARTESIAN_POINT ( 'NONE',  ( -6.462191090617158018, 4.252466148110497279, 15.06371434019465383 ) ) ;
#6806 = ADVANCED_FACE ( 'NONE', ( #2867 ), #4343, .T. ) ;
#6807 = CARTESIAN_POINT ( 'NONE',  ( 0.000000000000000000, 0.000000000000000000, 0.000000000000000000 ) ) ;
#6808 = CARTESIAN_POINT ( 'NONE',  ( 28.36297245686800750, 4.359064110452266050, 14.41226847059407845 ) ) ;
#6809 = ORIENTED_EDGE ( 'NONE', *, *, #2415, .F. ) ;
#6810 = B_SPLINE_CURVE_WITH_KNOTS ( 'NONE', 3,
 ( #5434, #688, #4993, #4407, #5958, #6485, #5502, #1714 ),
 .UNSPECIFIED., .F., .F.,
 ( 4, 2, 2, 4 ),
 ( 0.000000000000000000, 0.0002469061585964670924, 0.0004938123171929341849, 0.0009876246343858657677 ),
 .UNSPECIFIED. ) ;
#6811 = CARTESIAN_POINT ( 'NONE',  ( -14.57762276433404480, 4.302122217144061622, -27.24918328139946766 ) ) ;
#6812 = FACE_OUTER_BOUND ( 'NONE', #1102, .T. ) ;
#6813 = CARTESIAN_POINT ( 'NONE',  ( 11.83967521388550637, 4.669999999999999929, -21.73172283367744839 ) ) ;
#6814 = CARTESIAN_POINT ( 'NONE',  ( -22.22404897964058534, 4.326913764429925813, -11.69913442877309073 ) ) ;
#6815 = FACE_OUTER_BOUND ( 'NONE', #5445, .T. ) ;
#6816 = VERTEX_POINT ( 'NONE', #697 ) ;
#6817 = LINE ( 'NONE', #1462, #6202 ) ;
#6818 = ORIENTED_EDGE ( 'NONE', *, *, #63, .F. ) ;
#6819 = PLANE ( 'NONE',  #1453 ) ;
#6820 = DIRECTION ( 'NONE',  ( -0.000000000000000000, -1.000000000000000000, -0.000000000000000000 ) ) ;
#6821 = FACE_OUTER_BOUND ( 'NONE', #5404, .T. ) ;
#6822 = ORIENTED_EDGE ( 'NONE', *, *, #2412, .F. ) ;
#6823 = DIRECTION ( 'NONE',  ( -0.000000000000000000, -1.000000000000000000, -0.000000000000000000 ) ) ;
#6824 = CARTESIAN_POINT ( 'NONE',  ( -13.59470478306858610, 4.670000000000000817, 9.210242290685789257 ) ) ;
#6825 = CARTESIAN_POINT ( 'NONE',  ( 0.000000000000000000, 4.169999999999999929, 0.000000000000000000 ) ) ;
#6826 = ORIENTED_EDGE ( 'NONE', *, *, #1556, .F. ) ;
#6827 = EDGE_CURVE ( 'NONE', #2145, #3065, #6666, .T. ) ;
#6828 = DIRECTION ( 'NONE',  ( 0.000000000000000000, 0.000000000000000000, 1.000000000000000000 ) ) ;
#6829 = ORIENTED_EDGE ( 'NONE', *, *, #4500, .F. ) ;
#6830 = CARTESIAN_POINT ( 'NONE',  ( -10.69066340616454625, 4.169999999999999929, -20.51677218609433595 ) ) ;
#6831 = VERTEX_POINT ( 'NONE', #1212 ) ;
ENDSEC;
END-ISO-10303-21;
